{
    "link": "https://fitgirl-repacks.site/100-percent-orange-juice/",
    "title": "100% Orange Juice: All Stars Collection \u2013 v3.7 + 31 DLCs",
    "first_img": "https://i2.imageban.ru/out/2021/07/18/2579c6b89885f27501dbfe2675631ed2.jpg",
    "second_img": "https://s01.riotpixels.net/data/4e/e4/4ee4b71e-af5c-49d5-81a1-6c1f367d91b0.jpg.240p.jpg",
    "body": "<div ><h2>100% Orange Juice: All Stars Collection \u2013 v3.7 + 31 DLCs</h2><p ><div><a target=\"_blank\" href=\"https://en.riotpixels.com/games/100-orange-juice/\" rel=\"noopener\"><img class=\"alignleft\" width=\"150\" src=\"https://i2.imageban.ru/out/2021/07/18/2579c6b89885f27501dbfe2675631ed2.jpg\"></a></div><br>Genres/Tags: <strong>Board game, Card game, 2D</strong><br>Companies: <strong>Orange_Juice, Fruitbat Factory</strong><br>Languages: <strong>RUS/ENG/MULTI9</strong><br>Original Size: <strong>3.1 GB</strong><br>Repack Size: <strong>1.6 GB</strong></p>&nbsp;<div>&nbsp;</div><h3>Download Mirrors</h3><ul><li><a href=\"https://1337x.to/torrent/4923956/100-Orange-Juice-All-Stars-Collection-v3-7-31-DLCs-MULTi9-FitGirl-Repack/\" target=\"_blank\" rel=\"noopener\">1337x</a> | [<a href=\"magnet:?xt=urn:btih:B7C892EAECD7E39B769DA7138E5DCE957ACF197C&amp;dn=100%25+Orange+Juice%3A+All+Stars+Collection+%28v3.7+%2B+31+DLCs%2C+MULTi9%29+%5BFitGirl+Repack%5D&amp;tr=udp%3A%2F%2F46.148.18.250%3A2710&amp;tr=udp%3A%2F%2Fopentor.org%3A2710&amp;tr=udp%3A%2F%2Ftracker.coppersurfer.tk%3A6969%2Fannounce&amp;tr=udp%3A%2F%2Ftracker.opentrackr.org%3A1337%2Fannounce&amp;tr=http%3A%2F%2Ftracker.dler.org%3A6969%2Fannounce&amp;tr=udp%3A%2F%2Ftracker.leechers-paradise.org%3A6969%2Fannounce&amp;tr=udp%3A%2F%2F9.rarbg.me%3A2730%2Fannounce&amp;tr=udp%3A%2F%2F9.rarbg.to%3A2770%2Fannounce&amp;tr=udp%3A%2F%2Ftracker.pirateparty.gr%3A6969%2Fannounce&amp;tr=http%3A%2F%2Fretracker.local%2Fannounce&amp;tr=http%3A%2F%2Fretracker.ip.ncnet.ru%2Fannounce&amp;tr=udp%3A%2F%2Fexodus.desync.com%3A6969%2Fannounce&amp;tr=udp%3A%2F%2Fipv4.tracker.harry.lu%3A80%2Fannounce&amp;tr=udp%3A%2F%2Fopen.stealth.si%3A80%2Fannounce&amp;tr=udp%3A%2F%2Ftracker.zer0day.to%3A1337%2Fannounce&amp;tr=udp%3A%2F%2Ftracker.leechers-paradise.org%3A6969%2Fannounce&amp;tr=udp%3A%2F%2Fcoppersurfer.tk%3A6969%2Fannounce\">magnet</a>] [<a href=\"https://pastefg.hermietkreeft.site/?466060f21dc26057#6FqS8RXWD9132qEzuYkUtjUYz8cCHqZNDyiU32zGkzjN\" target=\"_blank\" rel=\"noopener\">.torrent file only</a>] <br><img src=\"https://torrent-stats.info/a713/2f3363d57.png\" style=\"display:block;clear:both\"></li><li><a href=\"http://rutor.info/torrent/825756/100-orange-juice-all-stars-collection-v-3.7-dlcs-2013-pc-repack-ot-fitgirl\" target=\"_blank\" rel=\"noopener\">RuTor</a> [<a href=\"magnet:?xt=urn:btih:b7c892eaecd7e39b769da7138e5dce957acf197c&amp;dn=rutor.info_100%25+Orange+Juice%3A+All+Stars+Collection+%5Bv+3.7+%2B+DLCs%5D+%282013%29+PC+%7C+RePack+%D0%BE%D1%82+FitGirl&amp;tr=udp://opentor.org:2710&amp;tr=udp://opentor.org:2710&amp;tr=http://retracker.local/announce\">magnet</a>]</li><li><a href=\"https://tapochek.net/viewtopic.php?p=2789646\" target=\"_blank\" rel=\"noopener\">Tapochek.net</a></li><li><a href=\"https://pastefg.hermietkreeft.site/?46341f6278f2c479#9bRG1mHabzhnWuFjBQ95Yqxor97qKjowvSoCwcbLjLHd\" target=\"_blank\" rel=\"noopener\">Filehoster: MultiUpload</a> (10+ hosters, interchangeable) [Use <a href=\"http://jdownloader.org/jdownloader2\" target=\"_blank\" rel=\"noopener\">JDownloader2</a>]</li><li><a href=\"https://pastefg.hermietkreeft.site/?320f0257f02366c0#CuebxGoyEoctefpsu9w163BeP3jEDW8fFXHqfQbsje4j\" target=\"_blank\" rel=\"noopener\">Filehoster: PixelDrain</a></li><li><a href=\"https://pastefg.hermietkreeft.site/?6a9550db4e0b6162#31gUwAt8eYbuxEGC6eoN2JtwoTt9edoGwGSRutjxqFWU\" target=\"_blank\" rel=\"noopener\">Filehoster: ZippyShare</a></li><li><a href=\"https://pastefg.hermietkreeft.site/?02b7e3ab2520862a#5e6BEnLMQaEJguukdnqQx6aJrzELPmcE7atuxbaf6iKj\" target=\"_blank\" rel=\"noopener\">Filehoster: LetsUpload</a> [Use <a href=\"http://jdownloader.org/jdownloader2\" target=\"_blank\" rel=\"noopener\">JDownloader2</a>]</li><li><a href=\"https://crackhub.site/100-orange-juice-all-stars-collection-v3-7-31-dlcs-fitgirl-repack/\" target=\"_blank\" rel=\"noopener\">Filehosters: Google Drive, OneDrive + others</a> (Uploaded by crackhub213)</li><li><a href=\"https://pastefg.hermietkreeft.site/?ccac005663c037ab#7hgeNJY3n21JXeLv6L8dFyMw9jqrZuetnPBqDPAewpZg\" target=\"_blank\" rel=\"noopener\">Filehoster: OneDrive</a> (Uploaded by DyR0 t(-_-t), NOT compatible with other mirrors)</li></ul><p><a href=\"https://cs.rin.ru/forum/viewtopic.php?f=10&amp;t=64936\" target=\"_blank\" rel=\"noopener\">Discussion and (possible) future updates on CS.RIN.RU thread</a></p><h3>Screenshots (Click to enlarge)</h3><p><a target=\"_blank\" href=\"https://en.riotpixels.com/games/100-orange-juice/screenshots/21/?utm_source=emb-gfx-html&amp;utm_medium=image&amp;utm_campaign=rp-mass\" rel=\"noopener\"><img loading=\"lazy\" width=\"178\" height=\"100\" border=\"0\" src=\"https://s01.riotpixels.net/data/4e/e4/4ee4b71e-af5c-49d5-81a1-6c1f367d91b0.jpg.240p.jpg\"></a><a target=\"_blank\" href=\"https://en.riotpixels.com/games/100-orange-juice/screenshots/19/?utm_source=emb-gfx-html&amp;utm_medium=image&amp;utm_campaign=rp-mass\" rel=\"noopener\"><img loading=\"lazy\" width=\"178\" height=\"100\" border=\"0\" src=\"https://s01.riotpixels.net/data/e0/76/e076f404-8c0f-4581-bd80-53a97ee7e67e.png.240p.jpg\"></a><a target=\"_blank\" href=\"https://en.riotpixels.com/games/100-orange-juice/screenshots/13/?utm_source=emb-gfx-html&amp;utm_medium=image&amp;utm_campaign=rp-mass\" rel=\"noopener\"><img loading=\"lazy\" width=\"178\" height=\"100\" border=\"0\" src=\"https://s01.riotpixels.net/data/1b/4e/1b4ea307-e608-4528-a84b-7797127520bf.jpg.240p.jpg\"></a><br><a target=\"_blank\" href=\"https://en.riotpixels.com/games/100-orange-juice/screenshots/11/?utm_source=emb-gfx-html&amp;utm_medium=image&amp;utm_campaign=rp-mass\" rel=\"noopener\"><img loading=\"lazy\" width=\"178\" height=\"100\" border=\"0\" src=\"https://s01.riotpixels.net/data/04/1c/041c81a4-ee3f-45cf-9dec-b760785cc558.jpg.240p.jpg\"></a><a target=\"_blank\" href=\"https://en.riotpixels.com/games/100-orange-juice/screenshots/9/?utm_source=emb-gfx-html&amp;utm_medium=image&amp;utm_campaign=rp-mass\" rel=\"noopener\"><img loading=\"lazy\" width=\"178\" height=\"100\" border=\"0\" src=\"https://s01.riotpixels.net/data/ee/12/ee126cd6-b302-453e-bcaa-c752cc311598.jpg.240p.jpg\"></a><a target=\"_blank\" href=\"https://en.riotpixels.com/games/100-orange-juice/screenshots/8/?utm_source=emb-gfx-html&amp;utm_medium=image&amp;utm_campaign=rp-mass\" rel=\"noopener\"><img loading=\"lazy\" width=\"178\" height=\"100\" border=\"0\" src=\"https://s01.riotpixels.net/data/5e/36/5e367609-1cfb-4e8e-a62e-93554b2b64a8.jpg.240p.jpg\"></a></p><h3>Repack Features</h3><ul><li>Based on 100.Percent.Orange.Juice.Railway.Runners.Pack-PLAZA ISO release: plaza-100.percent.orange.juice.railway.runners.pack.iso (3,298,951,168 bytes)</li><li>Game version: v3.7; 31 DLCs are included and activated</li><li>100% Lossless &amp; MD5 Perfect: all files are identical to originals after installation</li><li>NOTHING ripped, NOTHING re-encoded</li><li>Significantly smaller archive size (compressed from 3.1 to 1.6 GB)</li><li>Installation takes 5-8 minutes (depending on your system)</li><li>After-install integrity check so you could make sure that everything installed properly</li><li>HDD space after installation: 2.7 GB (9.6 GB during installation)</li><li>Language can be changed in game settings</li><li>Repack uses XTool library by Razor12911</li><li>At least 2 GB of free RAM (inc. virtual) required for installing this repack</li></ul><div ><div><h2>Game Description</h2></div><div >100% Orange Juice is a digital single/multiplayer board game populated by developer Orange Juice\u2019s all-star cast. Characters from Flying Red Barrel, QP Shooting, Suguri and Sora come together with all-new characters to duke it out\u2026 with dice.<p>This is a world where dogs, people and machines fly through the air. In that world, a small patch of darkness was born. Infinitesimal at first, it gradually began to envelop everything\u2026</p><p>A youth named Kai, led by the mysterious life form known as Marie Poppo, begins a journey that will span worlds. The black, bottomless darkness of desire slowly eats away at both Kai and the world itself\u2026</p><p>Let Marie Poppo lead you into a mysterious world to play. Grab your deck of cards and let the games begin!</p><p><b><h3>Game Features</h3></b></p><ul><li>Dice, cards, stars, battles and pudding</li><li>4 Single-player campaigns</li><li>Playable by up to 4 players online</li><li>Countless battle combinations</li><li>Utilize each character\u2019s unique combat attributes</li><li>More than 50 different cards to collect</li><li>Character abilities in the form of Hyper Cards</li><li>Full HD support</li><li>Redesigned multiplayer experience using Steam\u2019s lobby system</li><li>Spectator mode</li><li>Avatar customization</li><li>New character skins to unlock</li><li>VAC enabled</li><li>Custom language support</li></ul><p><b>Included DLCs</b></p><ul><li>Syura &amp; Nanako Character Pack</li><li>Saki &amp; Kyousuke Character Pack</li><li>Mixed Booster Pack</li><li>Krila &amp; Kae Character Pack</li><li>Alte &amp; Kyoko Character Pack</li><li>Sham &amp; Sherry Character Pack</li><li>Breaker Pack</li><li>Acceleration Pack</li><li>Nath &amp; Tomato+Mimyuu Character Pack</li><li>Suguri &amp; Hime Winter Costumes</li><li>Kiriko &amp; NoName Pack</li><li>Starter Character Voice Pack</li><li>Witch Pack</li><li>Core Voice Pack 1</li><li>Yuki &amp; Tomomo Renewal Pack</li><li>Core Voice Pack 2</li><li>Tsih &amp; Tequila Character Pack</li><li>Mei &amp; Natsumi Character Pack</li><li>Toy Store Pack</li><li>Iru &amp; Mira Character Pack</li><li>Sora &amp; Sham (Cuties) Character Pack</li><li>Character Song Pack: Ultimate Weapon Girl</li><li>Yuuki &amp; Islay Character Pack</li><li>Pudding Pack</li><li>Old Guardian Pack</li><li>Wanderer Pack</li><li>Alicianrone &amp; Teotoratta Character Pack</li><li>Arnelle &amp; Maynie Character Pack</li><li>Chris &amp; Kyupita Character Pack</li><li>Halena &amp; Cook Character Pack</li><li>Railway Runners Pack</li></ul></div></div>             </div>"
}