{
    "link": "https://fitgirl-repacks.site/890b/",
    "title": "890B \u2013 v1.2.3",
    "first_img": "https://i7.imageban.ru/out/2021/11/11/bfd2c7fd3550a6d1821cb7b1b1d557d8.jpg",
    "second_img": "https://s01.riotpixels.net/data/fb/39/fb39b6cc-8473-4667-9e66-945b168bb6cb.jpg.240p.jpg",
    "body": "<div ><h2>890B \u2013 v1.2.3</h2><p ><div><a target=\"_blank\" href=\"https://en.riotpixels.com/games/890b/\" rel=\"noopener\"><img class=\"alignleft\" width=\"150\" src=\"https://i7.imageban.ru/out/2021/11/11/bfd2c7fd3550a6d1821cb7b1b1d557d8.jpg\"></a></div><br>Genres/Tags: <strong>Adventure, Isometric, 3D</strong><br>Companies: <strong>Nerd Games, Artax Games, Eastasiasoft Limited</strong><br>Languages: <strong>ENG/MULTI6</strong><br>Original Size: <strong>697 MB</strong><br>Repack Size: <strong>376 MB</strong></p>&nbsp;<div>&nbsp;</div><h3>Download Mirrors</h3><ul><li><a href=\"https://1337x.to/torrent/5047266/890B-v1-2-3-MULTi6-FitGirl-Repack/\" target=\"_blank\" rel=\"noopener\">1337x</a> | [<a href=\"magnet:?xt=urn:btih:F0709FD8EAE878CD135E4B2D9DCC28E6D0ECF1E0&amp;dn=890B+%28v1.2.3%2C+MULTi6%29+%5BFitGirl+Repack%5D&amp;tr=udp%3A%2F%2F46.148.18.250%3A2710&amp;tr=udp%3A%2F%2Fopentor.org%3A2710&amp;tr=udp%3A%2F%2Ftracker.coppersurfer.tk%3A6969%2Fannounce&amp;tr=udp%3A%2F%2Ftracker.opentrackr.org%3A1337%2Fannounce&amp;tr=http%3A%2F%2Ftracker.dler.org%3A6969%2Fannounce&amp;tr=udp%3A%2F%2Ftracker.leechers-paradise.org%3A6969%2Fannounce&amp;tr=udp%3A%2F%2F9.rarbg.me%3A2730%2Fannounce&amp;tr=udp%3A%2F%2F9.rarbg.to%3A2770%2Fannounce&amp;tr=udp%3A%2F%2Ftracker.pirateparty.gr%3A6969%2Fannounce&amp;tr=http%3A%2F%2Fretracker.local%2Fannounce&amp;tr=http%3A%2F%2Fretracker.ip.ncnet.ru%2Fannounce&amp;tr=udp%3A%2F%2Fexodus.desync.com%3A6969%2Fannounce&amp;tr=udp%3A%2F%2Fipv4.tracker.harry.lu%3A80%2Fannounce&amp;tr=udp%3A%2F%2Fopen.stealth.si%3A80%2Fannounce&amp;tr=udp%3A%2F%2Ftracker.zer0day.to%3A1337%2Fannounce&amp;tr=udp%3A%2F%2Ftracker.leechers-paradise.org%3A6969%2Fannounce&amp;tr=udp%3A%2F%2Fcoppersurfer.tk%3A6969%2Fannounce\">magnet</a>] [<a href=\"https://pastefg.hermietkreeft.site/?337f4be5e1b36cc5#AEuvddi6rTKo9daqw7JN3PJhUYpJ4CNBDFUioL1hvuTC\" target=\"_blank\" rel=\"noopener\">.torrent file only</a>] <br><img src=\"https://torrent-stats.info/4b2d/15daf6109.png\" style=\"display:block;clear:both\"></li><li><a href=\"https://tapochek.net/viewtopic.php?p=2811265\" target=\"_blank\" rel=\"noopener\">Tapochek.net</a></li><li><a href=\"https://pastefg.hermietkreeft.site/?83b9209d626ad6bd#3uNcCBdADwhuyFbXJqBLfCSTkuQtppCcXf76QryjuexY\" target=\"_blank\" rel=\"noopener\">Filehoster: MultiUpload</a> (10+ hosters, interchangeable) [Use <a href=\"http://jdownloader.org/jdownloader2\" target=\"_blank\" rel=\"noopener\">JDownloader2</a>]</li><li><a href=\"https://pastefg.hermietkreeft.site/?212440211ed6478a#GEhjPoiRczo1QQqXYAcGax4TwsyjHiMobppmwMUt6yHy\" target=\"_blank\" rel=\"noopener\">Filehoster: ZippyShare</a></li><li><a href=\"https://pastefg.hermietkreeft.site/?1bfebaa806f190c7#9JhUn6zbvoQx4LLa5s4U1KTsNTfdQfE9wjva3F4yTj1j\" target=\"_blank\" rel=\"noopener\">Filehoster: BayFiles</a></li><li><a href=\"https://pastefg.hermietkreeft.site/?7e343f9577456245#8TnUJGqhr1WpFxhtHYFTpnShv6PJhYDKmGWdrHpB6oGo\" target=\"_blank\" rel=\"noopener\">Filehoster: LetsUpload</a> [Use <a href=\"http://jdownloader.org/jdownloader2\" target=\"_blank\" rel=\"noopener\">JDownloader2</a>]</li><li><a href=\"https://pastefg.hermietkreeft.site/?fdeaf8de6cf5d3ba#CA7MHtKCXZMiW8i8TaeV7FnX1YuzPyP9YtbpBaGtLgB1\" target=\"_blank\" rel=\"noopener\">Filehoster: OneDrive</a> (Uploaded by DyR0 t(-_-t), NOT compatible with other mirrors)</li><p><!--  <li><a href=\"\" target=\"_blank\" rel=\"noopener\">Filehosters: Google Drive, OneDrive + others</a> (Uploaded by crackhub213)</li>  --></p></ul><p><a href=\"https://cs.rin.ru/forum/viewtopic.php?f=10&amp;t=117165\" target=\"_blank\" rel=\"noopener\">Discussion and (possible) future updates on CS.RIN.RU thread</a></p><h3>Screenshots (Click to enlarge)</h3><p><a target=\"_blank\" href=\"https://en.riotpixels.com/games/890b/screenshots/9/?utm_source=emb-gfx-html&amp;utm_medium=image&amp;utm_campaign=rp-mass\" rel=\"noopener\"><img loading=\"lazy\" width=\"178\" height=\"100\" border=\"0\" src=\"https://s01.riotpixels.net/data/fb/39/fb39b6cc-8473-4667-9e66-945b168bb6cb.jpg.240p.jpg\"></a><a target=\"_blank\" href=\"https://en.riotpixels.com/games/890b/screenshots/8/?utm_source=emb-gfx-html&amp;utm_medium=image&amp;utm_campaign=rp-mass\" rel=\"noopener\"><img loading=\"lazy\" width=\"178\" height=\"100\" border=\"0\" src=\"https://s01.riotpixels.net/data/d4/49/d44987d2-f24b-457d-8bbe-33012df0a9f6.jpg.240p.jpg\"></a><a target=\"_blank\" href=\"https://en.riotpixels.com/games/890b/screenshots/6/?utm_source=emb-gfx-html&amp;utm_medium=image&amp;utm_campaign=rp-mass\" rel=\"noopener\"><img loading=\"lazy\" width=\"178\" height=\"100\" border=\"0\" src=\"https://s01.riotpixels.net/data/69/b1/69b18884-ba6e-401f-b30a-b11752b2302b.jpg.240p.jpg\"></a><br><a target=\"_blank\" href=\"https://en.riotpixels.com/games/890b/screenshots/5/?utm_source=emb-gfx-html&amp;utm_medium=image&amp;utm_campaign=rp-mass\" rel=\"noopener\"><img loading=\"lazy\" width=\"178\" height=\"100\" border=\"0\" src=\"https://s01.riotpixels.net/data/25/1b/251bc7fe-f7d5-499a-b461-eb4882057538.jpg.240p.jpg\"></a><a target=\"_blank\" href=\"https://en.riotpixels.com/games/890b/screenshots/4/?utm_source=emb-gfx-html&amp;utm_medium=image&amp;utm_campaign=rp-mass\" rel=\"noopener\"><img loading=\"lazy\" width=\"178\" height=\"100\" border=\"0\" src=\"https://s01.riotpixels.net/data/38/6e/386ea041-a423-4cba-95bb-116e7cb1d5b6.jpg.240p.jpg\"></a><a target=\"_blank\" href=\"https://en.riotpixels.com/games/890b/screenshots/1/?utm_source=emb-gfx-html&amp;utm_medium=image&amp;utm_campaign=rp-mass\" rel=\"noopener\"><img loading=\"lazy\" width=\"178\" height=\"100\" border=\"0\" src=\"https://s01.riotpixels.net/data/38/de/38ded512-1cae-40f9-9d15-0980da5ef680.jpg.240p.jpg\"></a></p><h3>Repack Features</h3><ul><li>Based on 890B-DARKSiDERS ISO release: ds-890b.iso (730,933,248 bytes)</li><li>100% Lossless &amp; MD5 Perfect: all files are identical to originals after installation</li><li>NOTHING ripped, NOTHING re-encoded</li><li>Significantly smaller archive size (compressed from 697 to 376 MB)</li><li>Installation takes 30 seconds</li><li>After-install integrity check so you could make sure that everything installed properly</li><li>HDD space after installation: 2.1 GB</li><li>Language can be changed in game settings</li><li>At least 2 GB of free RAM (inc. virtual) required for installing this repack</li></ul><div ><div><h2>Game Description</h2></div><div ><b>Against the threat of extinction, can you find a way to preserve humanity?</b><br>In the near future, severe pollution has rendered Earth uninhabitable, and now it falls to you to discover a solution. Take the role of Noah, a scientist tasked with locating a new planet with similar specifications to our own. Explore a research lab, find useful items, solve a variety of puzzles and make key choices that will determine your fate and that of mankind.<p>890B is a top-down 3D adventure game that features a minimalistic yet thought-provoking and impactful storytelling style, one that is largely dictated by player actions. The task at hand is daunting, and there are multiple endings that can result from your successes and failures. Will you guide humanity forward or leave them to extinction?</p><p><b><h3>Game Features</h3></b></p><ul><li>Search for a new planet humanity can call home.</li><li>Explore a 3D laboratory from a top-down perspective.</li><li>Solve puzzles and find key items in classic adventure style.</li><li>Make key decisions that affect the story and ending!</li></ul></div></div>             </div>"
}