{
    "link": "https://fitgirl-repacks.site/99vidas/",
    "title": "99Vidas: The Definitive Edition \u2013 v2.0.0",
    "first_img": "https://i7.imageban.ru/out/2021/08/01/031914b02fc475c44379a3697d2293c1.jpg",
    "second_img": "https://s01.riotpixels.net/data/b2/41/b241b59b-4e6a-4d02-a5f0-3a0b31f428cf.jpg.240p.jpg",
    "body": "<div ><h2>99Vidas: The Definitive Edition \u2013 v2.0.0</h2><p ><div><a target=\"_blank\" href=\"https://en.riotpixels.com/games/99vidas/\" rel=\"noopener\"><img class=\"alignleft\" width=\"150\" src=\"https://i7.imageban.ru/out/2021/08/01/031914b02fc475c44379a3697d2293c1.jpg\"></a></div><br>Genres/Tags: <strong>Arcade, Beat \u2019em up (Brawler), Side, 2D</strong><br>Company: <strong>QUByte Interactive</strong><br>Languages: <strong>ENG/BRA</strong><br>Original Size: <strong>728 MB</strong><br>Repack Size: <strong>153 MB</strong></p>&nbsp;<div>&nbsp;</div><h3>Download Mirrors</h3><ul><li><a href=\"https://1337x.to/torrent/4938471/99Vidas-The-Definitive-Edition-v2-0-0-x64-x86-ENG-BRA-FitGirl-Repack/\" target=\"_blank\" rel=\"noopener\">1337x</a> | [<a href=\"magnet:?xt=urn:btih:DD55C6213CC54D277907D8851AA38519C39A1694&amp;dn=99Vidas%3A+The+Definitive+Edition+%28v2.0.0%2C+x64%2Fx86%2C+ENG%2FBRA%29+%5BFitGirl+Repack%5D&amp;tr=udp%3A%2F%2F46.148.18.250%3A2710&amp;tr=udp%3A%2F%2Fopentor.org%3A2710&amp;tr=udp%3A%2F%2Ftracker.coppersurfer.tk%3A6969%2Fannounce&amp;tr=udp%3A%2F%2Ftracker.opentrackr.org%3A1337%2Fannounce&amp;tr=http%3A%2F%2Ftracker.dler.org%3A6969%2Fannounce&amp;tr=udp%3A%2F%2Ftracker.leechers-paradise.org%3A6969%2Fannounce&amp;tr=udp%3A%2F%2F9.rarbg.me%3A2730%2Fannounce&amp;tr=udp%3A%2F%2F9.rarbg.to%3A2770%2Fannounce&amp;tr=udp%3A%2F%2Ftracker.pirateparty.gr%3A6969%2Fannounce&amp;tr=http%3A%2F%2Fretracker.local%2Fannounce&amp;tr=http%3A%2F%2Fretracker.ip.ncnet.ru%2Fannounce&amp;tr=udp%3A%2F%2Fexodus.desync.com%3A6969%2Fannounce&amp;tr=udp%3A%2F%2Fipv4.tracker.harry.lu%3A80%2Fannounce&amp;tr=udp%3A%2F%2Fopen.stealth.si%3A80%2Fannounce&amp;tr=udp%3A%2F%2Ftracker.zer0day.to%3A1337%2Fannounce&amp;tr=udp%3A%2F%2Ftracker.leechers-paradise.org%3A6969%2Fannounce&amp;tr=udp%3A%2F%2Fcoppersurfer.tk%3A6969%2Fannounce\">magnet</a>] [<a href=\"https://pastefg.hermietkreeft.site/?b622c2cf8984143b#BvNG8FkTLSukyjJu5956xH4xo6Ko9fETKjw4b1Y2CoR9\" target=\"_blank\" rel=\"noopener\">.torrent file only</a>] <br><img src=\"https://torrent-stats.info/d885/3d59b36f8.png\" style=\"display:block;clear:both\"></li><li><a href=\"https://tapochek.net/viewtopic.php?p=2792011\" target=\"_blank\" rel=\"noopener\">Tapochek.net</a></li><li><a href=\"https://pastefg.hermietkreeft.site/?a6c62efb4d94a507#C1WYNhGsXYdt4nrixWAKvk8b1kpJdhdfJnszB9AEgkkU\" target=\"_blank\" rel=\"noopener\">Filehoster: MultiUpload</a> (10+ hosters, interchangeable) [Use <a href=\"http://jdownloader.org/jdownloader2\" target=\"_blank\" rel=\"noopener\">JDownloader2</a>]</li><li><a href=\"https://pastefg.hermietkreeft.site/?9f9adf79c78b591d#Fohz5ehx8zAvdsmurBNqfTnqLsSp1NQyhk9yULHYwj9d\" target=\"_blank\" rel=\"noopener\">Filehoster: PixelDrain</a></li><li><a href=\"https://pastefg.hermietkreeft.site/?0e836bc710eb4976#7gkv1PjA4eBW5VnfMU7NNjJKS8DEXuixfetc5ti1Pjjb\" target=\"_blank\" rel=\"noopener\">Filehoster: ZippyShare</a></li><li><a href=\"https://pastefg.hermietkreeft.site/?0b61ba1bf4cbb679#BuCEBSXD2Bfj4UDXYgc7PwKA7FTKtbjfmaZBSw5Vc1Xz\" target=\"_blank\" rel=\"noopener\">Filehoster: LetsUpload</a> [Use <a href=\"http://jdownloader.org/jdownloader2\" target=\"_blank\" rel=\"noopener\">JDownloader2</a>]</li><li><a href=\"https://crackhub.site/99vidas-the-definitive-edition-v2-0-0-fitgirl-repack/\" target=\"_blank\" rel=\"noopener\">Filehosters: Google Drive, OneDrive + others</a> (Uploaded by crackhub213)</li><li><a href=\"https://pastefg.hermietkreeft.site/?1a40183fc5982a1a#5Fp1CxsqJ6yyE18tu4px65GzMkC8RvSBLAfqAXY7Juh7\" target=\"_blank\" rel=\"noopener\">Filehoster: OneDrive</a> (Uploaded by DyR0 t(-_-t), NOT compatible with other mirrors)</li></ul><p><a href=\"https://cs.rin.ru/forum/viewtopic.php?f=10&amp;t=75848\" target=\"_blank\" rel=\"noopener\">Discussion and (possible) future updates on CS.RIN.RU thread</a></p><h3>Screenshots (Click to enlarge)</h3><p><a target=\"_blank\" href=\"https://en.riotpixels.com/games/99vidas/screenshots/10/?utm_source=emb-gfx-html&amp;utm_medium=image&amp;utm_campaign=rp-mass\" rel=\"noopener\"><img loading=\"lazy\" width=\"178\" height=\"100\" border=\"0\" src=\"https://s01.riotpixels.net/data/b2/41/b241b59b-4e6a-4d02-a5f0-3a0b31f428cf.jpg.240p.jpg\"></a><a target=\"_blank\" href=\"https://en.riotpixels.com/games/99vidas/screenshots/9/?utm_source=emb-gfx-html&amp;utm_medium=image&amp;utm_campaign=rp-mass\" rel=\"noopener\"><img loading=\"lazy\" width=\"178\" height=\"100\" border=\"0\" src=\"https://s01.riotpixels.net/data/60/d5/60d5d6f5-a7d4-411b-9786-95c6fce64bc8.jpg.240p.jpg\"></a><a target=\"_blank\" href=\"https://en.riotpixels.com/games/99vidas/screenshots/8/?utm_source=emb-gfx-html&amp;utm_medium=image&amp;utm_campaign=rp-mass\" rel=\"noopener\"><img loading=\"lazy\" width=\"178\" height=\"100\" border=\"0\" src=\"https://s01.riotpixels.net/data/be/5b/be5b8956-3f53-4200-9d4f-e07c24ca31ee.jpg.240p.jpg\"></a><br><a target=\"_blank\" href=\"https://en.riotpixels.com/games/99vidas/screenshots/6/?utm_source=emb-gfx-html&amp;utm_medium=image&amp;utm_campaign=rp-mass\" rel=\"noopener\"><img loading=\"lazy\" width=\"178\" height=\"100\" border=\"0\" src=\"https://s01.riotpixels.net/data/58/bc/58bcc84f-9b28-4c4b-a806-9a68e3f21958.jpg.240p.jpg\"></a><a target=\"_blank\" href=\"https://en.riotpixels.com/games/99vidas/screenshots/2/?utm_source=emb-gfx-html&amp;utm_medium=image&amp;utm_campaign=rp-mass\" rel=\"noopener\"><img loading=\"lazy\" width=\"178\" height=\"100\" border=\"0\" src=\"https://s01.riotpixels.net/data/95/e5/95e56d09-44a6-473e-97f9-7dac15f90db9.jpg.240p.jpg\"></a><a target=\"_blank\" href=\"https://en.riotpixels.com/games/99vidas/screenshots/1/?utm_source=emb-gfx-html&amp;utm_medium=image&amp;utm_campaign=rp-mass\" rel=\"noopener\"><img loading=\"lazy\" width=\"178\" height=\"100\" border=\"0\" src=\"https://s01.riotpixels.net/data/be/fa/befa851b-e8bc-4881-be42-96db0a9ef7e0.jpg.240p.jpg\"></a></p><h3>Repack Features</h3><ul><li>Based on 99Vidas.Definitive.Edition-PLAZA ISO release: plaza-99vidas.definitive.edition.iso (763,396,096 bytes)</li><li>100% Lossless &amp; MD5 Perfect: all files are identical to originals after installation</li><li>NOTHING ripped, NOTHING re-encoded</li><li>You can install either x86 or x64 version of the game</li><li>Significantly smaller archive size (compressed from 728 to 153 MB)</li><li>Installation takes 2-3 minutes</li><li>After-install integrity check so you could make sure that everything installed properly</li><li>HDD space after installation: 400 MB (745 MB during installation)</li><li>Language can be changed in game settings</li><li>Repack uses XTool library by Razor12911</li><li>At least 2 GB of free RAM (inc. virtual) required for installing this repack</li></ul><div ><div><h2>Game Description</h2></div><div ><b>Every gaming generation had its hallmark \u2014 and \u201c99Vidas\u201d recaptures them all!</b><p>Final Fight, Double Dragon, Battletoads, Streets of Rage\u2026 What do all of these games have in common? They all represent the glory of the \u201cbeat \u2019em up\u201d genre, a staple of gaming in the 80\u2019s and 90\u2019s. Developer QUByte Interactive took inspiration from all of the the unforgetable notes from that game style to proudly bring you \u201c99Vidas\u201d.</p><p>\u201c99Vidas\u201d is a brawler set in a contemporary world, but that pays tribute to both the classic and the new in the gaming industry. Brought to you in 16-bit pixelated glory, chock-full of references to not only gaming but also 80\u2019s and 90\u2019s pop culture. \u201c99Vidas\u201d takes full advantage modern era gameplay mechanics, making it the best of both worlds.</p><p>6 stages (with more to come) will take you on a journey to different parts of the world to face hordes of fierce enemies and relentless bosses, but you don\u2019t have to do it alone: you can face this challenge with up to 3 other players in co-op play, both local and online.</p><p>This <b>Definitive Edition</b> brings more stages, a whole of gameplay visuals for the game, exciting features and a lot of new stuff that you can find in this new version of the game.</p><ul><li>All new Arcade Mode \u2013 Double the size of the regular campaign with no dialogs to interrupt the flow \u2013 No Talk, All Action!</li><li>All new Remix Mode \u2013 Every new play is a different experience! This new mode mix things up by shuffling stages and enemies every time you start a new game.</li><li>New Enemies</li><li>New Stages</li><li>Different visuals that you can customize it in the gameplay.</li></ul><p><b><h3>Game Features</h3></b></p><ul><li>11 Playable Characters</li><li>6 Epic Boss Fights</li><li>Versus mode</li><li>Upgradeable Combos (up to 3 levels each)</li><li>Story mode with 6 stages and 2 bonus stages</li><li>Enemies can block, evade and coordinate attacks</li></ul></div></div>             </div>"
}