{
    "link": "https://fitgirl-repacks.site/a-jugglers-tale/",
    "title": "A Juggler\u2019s Tale",
    "first_img": "https://i5.imageban.ru/out/2021/09/30/c53ca4fee1db942938010f0f91a90108.jpg",
    "second_img": "https://s01.riotpixels.net/data/c0/ef/c0ef5244-9431-4f45-a3ed-6363e1812b56.jpg.240p.jpg",
    "body": "<div ><h2>A Juggler\u2019s Tale</h2><p ><div><a target=\"_blank\" href=\"https://en.riotpixels.com/games/jugglers-tale/\" rel=\"noopener\"><img class=\"alignleft\" width=\"150\" src=\"https://i5.imageban.ru/out/2021/09/30/c53ca4fee1db942938010f0f91a90108.jpg\"></a></div><br>Genres/Tags: <strong>Arcade, Platform adventure, Side, 3D</strong><br>Companies: <strong>kaleidoscube, Mixtvision</strong><br>Languages: <strong>RUS/ENG/MULTI10</strong><br>Original Size: <strong>1.4 GB</strong><br>Repack Size: <strong>722 MB</strong></p>&nbsp;<div>&nbsp;</div><h3>Download Mirrors</h3><ul><li><a href=\"https://1337x.to/torrent/5001587/A-Juggler-s-Tale-MULTi10-FitGirl-Repack/\" target=\"_blank\" rel=\"noopener\">1337x</a> | [<a href=\"magnet:?xt=urn:btih:FDDF6DCA363098330840C28D52DAD1F168CC36E1&amp;dn=A+Juggler%26%23039%3Bs+Tale+%28MULTi10%29+%5BFitGirl+Repack%5D&amp;tr=udp%3A%2F%2F46.148.18.250%3A2710&amp;tr=udp%3A%2F%2Fopentor.org%3A2710&amp;tr=udp%3A%2F%2Ftracker.coppersurfer.tk%3A6969%2Fannounce&amp;tr=udp%3A%2F%2Ftracker.opentrackr.org%3A1337%2Fannounce&amp;tr=http%3A%2F%2Ftracker.dler.org%3A6969%2Fannounce&amp;tr=udp%3A%2F%2Ftracker.leechers-paradise.org%3A6969%2Fannounce&amp;tr=udp%3A%2F%2F9.rarbg.me%3A2730%2Fannounce&amp;tr=udp%3A%2F%2F9.rarbg.to%3A2770%2Fannounce&amp;tr=udp%3A%2F%2Ftracker.pirateparty.gr%3A6969%2Fannounce&amp;tr=http%3A%2F%2Fretracker.local%2Fannounce&amp;tr=http%3A%2F%2Fretracker.ip.ncnet.ru%2Fannounce&amp;tr=udp%3A%2F%2Fexodus.desync.com%3A6969%2Fannounce&amp;tr=udp%3A%2F%2Fipv4.tracker.harry.lu%3A80%2Fannounce&amp;tr=udp%3A%2F%2Fopen.stealth.si%3A80%2Fannounce&amp;tr=udp%3A%2F%2Ftracker.zer0day.to%3A1337%2Fannounce&amp;tr=udp%3A%2F%2Ftracker.leechers-paradise.org%3A6969%2Fannounce&amp;tr=udp%3A%2F%2Fcoppersurfer.tk%3A6969%2Fannounce\">magnet</a>] [<a href=\"https://pastefg.hermietkreeft.site/?8813a086baecdeb3#C5z9LUsNqKb2sRCrXtSwtwj7eyAGoVrSa5EdfVBV7yti\" target=\"_blank\" rel=\"noopener\">.torrent file only</a>] <br><img src=\"https://torrent-stats.info/c28d/37de3cbf2.png\" style=\"display:block;clear:both\"></li><li><a href=\"http://rutor.info/torrent/837208/a-jugglers-tale-2021-pc-repack-ot-fitgirl\" target=\"_blank\" rel=\"noopener\">RuTor</a> [<a href=\"magnet:?xt=urn:btih:fddf6dca363098330840c28d52dad1f168cc36e1&amp;dn=rutor.info_A+Juggler%27s+Tale+%282021%29+PC+%7C+RePack+%D0%BE%D1%82+FitGirl&amp;tr=udp://opentor.net:6969&amp;tr=udp://opentor.org:2710&amp;tr=http://retracker.local/announce\">magnet</a>]</li><li><a href=\"https://tapochek.net/viewtopic.php?p=2803444\" target=\"_blank\" rel=\"noopener\">Tapochek.net</a></li><li><a href=\"https://pastefg.hermietkreeft.site/?a22acb68171572ad#AvG4EvF7odCiXSJN2oYtyV8BfNFJM6SHBiNARLJVFmxo\" target=\"_blank\" rel=\"noopener\">Filehoster: MultiUpload</a> (10+ hosters, interchangeable) [Use <a href=\"http://jdownloader.org/jdownloader2\" target=\"_blank\" rel=\"noopener\">JDownloader2</a>]</li><li><a href=\"https://pastefg.hermietkreeft.site/?ef6c4f0b0839aa9a#7MdpNfhPwoSBQVxgEencmRYC8x2mYuAcYR9ZZmR9gLat\" target=\"_blank\" rel=\"noopener\">Filehoster: PixelDrain</a></li><li><a href=\"https://pastefg.hermietkreeft.site/?ef654468852c3a5d#FZ8tQKryQRVwpcFPNqjH5txysdHnWhzDB8k3SfzBwka8\" target=\"_blank\" rel=\"noopener\">Filehoster: ZippyShare</a></li><li><a href=\"https://pastefg.hermietkreeft.site/?da78120c42e6cbf5#8aoPZA8e84mpbsPkYN4p7k6k865zykQvgQLYyv7hy16W\" target=\"_blank\" rel=\"noopener\">Filehoster: LetsUpload</a> [Use <a href=\"http://jdownloader.org/jdownloader2\" target=\"_blank\" rel=\"noopener\">JDownloader2</a>]</li></ul><p><a href=\"https://cs.rin.ru/forum/viewtopic.php?f=10&amp;t=104273\" target=\"_blank\" rel=\"noopener\">Discussion and (possible) future updates on CS.RIN.RU thread</a></p><h3>Screenshots (Click to enlarge)</h3><p><a target=\"_blank\" href=\"https://en.riotpixels.com/games/jugglers-tale/screenshots/20/?utm_source=emb-gfx-html&amp;utm_medium=image&amp;utm_campaign=rp-mass\" rel=\"noopener\"><img loading=\"lazy\" width=\"178\" height=\"100\" border=\"0\" src=\"https://s01.riotpixels.net/data/c0/ef/c0ef5244-9431-4f45-a3ed-6363e1812b56.jpg.240p.jpg\"></a><a target=\"_blank\" href=\"https://en.riotpixels.com/games/jugglers-tale/screenshots/18/?utm_source=emb-gfx-html&amp;utm_medium=image&amp;utm_campaign=rp-mass\" rel=\"noopener\"><img loading=\"lazy\" width=\"178\" height=\"100\" border=\"0\" src=\"https://s01.riotpixels.net/data/73/bd/73bd7e2f-5ac3-4b3d-8b1e-5d3f725d60cb.jpg.240p.jpg\"></a><a target=\"_blank\" href=\"https://en.riotpixels.com/games/jugglers-tale/screenshots/16/?utm_source=emb-gfx-html&amp;utm_medium=image&amp;utm_campaign=rp-mass\" rel=\"noopener\"><img loading=\"lazy\" width=\"178\" height=\"100\" border=\"0\" src=\"https://s01.riotpixels.net/data/6a/ff/6aff8442-47ab-488d-b546-f400abbb4f28.jpg.240p.jpg\"></a><br><a target=\"_blank\" href=\"https://en.riotpixels.com/games/jugglers-tale/screenshots/12/?utm_source=emb-gfx-html&amp;utm_medium=image&amp;utm_campaign=rp-mass\" rel=\"noopener\"><img loading=\"lazy\" width=\"178\" height=\"100\" border=\"0\" src=\"https://s01.riotpixels.net/data/4f/71/4f71e428-00a1-4d42-ac3e-57d6d6b3636b.jpg.240p.jpg\"></a><a target=\"_blank\" href=\"https://en.riotpixels.com/games/jugglers-tale/screenshots/9/?utm_source=emb-gfx-html&amp;utm_medium=image&amp;utm_campaign=rp-mass\" rel=\"noopener\"><img loading=\"lazy\" width=\"178\" height=\"100\" border=\"0\" src=\"https://s01.riotpixels.net/data/1a/c7/1ac716aa-4749-4d33-9751-1b06ccc9cb73.jpg.240p.jpg\"></a><a target=\"_blank\" href=\"https://en.riotpixels.com/games/jugglers-tale/screenshots/7/?utm_source=emb-gfx-html&amp;utm_medium=image&amp;utm_campaign=rp-mass\" rel=\"noopener\"><img loading=\"lazy\" width=\"178\" height=\"100\" border=\"0\" src=\"https://s01.riotpixels.net/data/07/20/0720a068-141c-4995-a274-55e5fdd835c7.jpg.240p.jpg\"></a></p><h3>Repack Features</h3><ul><li>Based on A_Jugglers_Tale-FLT ISO release: flt-a_jugglers_tale.iso (1,525,125,120 bytes)</li><li>100% Lossless &amp; MD5 Perfect: all files are identical to originals after installation</li><li>NOTHING ripped, NOTHING re-encoded</li><li>Significantly smaller archive size (compressed from 1.4 GB to 722 MB)</li><li>Installation takes 1-2 minutes (depending on your system)</li><li>After-install integrity check so you could make sure that everything installed properly</li><li>HDD space after installation: 1.5 GB</li><li>Language can be changed in game settings</li><li>Repack uses XTool library by Razor12911</li><li>At least 2 GB of free RAM (inc. virtual) required for installing this repack</li></ul><div ><div><h2>Game Description</h2></div><div ><b>STORY</b><br>\u201cLadies and Gentlemen! Come in, come in! In the mood for a story, are we?\u201d<p>Abby is an artiste held captive at a circus: She spends her days entertaining the audience and her nights in a cage, longing for freedom. One day, she escapes the circus and gets to explore a mystical world.</p><p>Alas, freedom comes at a cost and Abby soon finds herself dragged into the dangers this world has to offer: In a war-torn, medieval fairytale, surrounded by ravaged, starving citizens and hunted by the relentless cut-throat Tonda, Abby has to cross raging rivers, make it through bandit camps and around traps.</p><p>Her adventure is always accompanied by the lyrical rhymes of puppet master Jack, who is telling her story while holding the strings of his puppets firmly in his ever-helpful hands.</p><p>Who can Abby trust? Can she find a way to truly break free? Despite dangling from her threads, will Abby learn that she can still influence her destiny?</p><p>\u201cAbby, Abby\u2026 Don\u2019t you see, the threads holding you up \u2013 also hold you back.\u201d</p><p><b><h3>Game Features</h3></b></p><ul><li>Make use of the puppet\u2019s strings in unique puzzles, find your way around obstacles, cross raging rivers, sneak through bandit camps and make it past dangerous traps to find freedom.</li><li>Explore a beautiful and grim world, inspired by the tone and mood of traditional fairy tales.</li><li>Live through an intense story of hope and empowerment.</li><li>Find out what it takes to truly break free from all strings attached.</li></ul></div></div>             </div>"
}