{
    "link": "https://fitgirl-repacks.site/a-little-golf-journey/",
    "title": "A Little Golf Journey \u2013 v1.0.71",
    "first_img": "https://i6.imageban.ru/out/2021/10/18/09b19d7b125de5c7cb582c9723629909.jpg",
    "second_img": "https://s01.riotpixels.net/data/d3/2f/d32f921a-d2ac-4437-a030-16d7734d07cc.jpg.240p.jpg",
    "body": "<div ><h2>A Little Golf Journey \u2013 v1.0.71</h2><p ><div><a target=\"_blank\" href=\"https://en.riotpixels.com/games/little-golf-journey/\" rel=\"noopener\"><img class=\"alignleft\" width=\"150\" src=\"https://i6.imageban.ru/out/2021/10/18/09b19d7b125de5c7cb582c9723629909.jpg\"></a></div><br>Genres/Tags: <strong>Arcade, 3D</strong><br>Companies: <strong>Okidokico, Playtonic Friends</strong><br>Languages: <strong>ENG/MULTI8</strong><br>Original Size: <strong>705 MB</strong><br>Repack Size: <strong>432 MB</strong></p>&nbsp;<div>&nbsp;</div><h3>Download Mirrors</h3><ul><li><a href=\"https://1337x.to/torrent/5022002/A-Little-Golf-Journey-v1-0-71-MULTi8-FitGirl-Repack/\" target=\"_blank\" rel=\"noopener\">1337x</a> | [<a href=\"magnet:?xt=urn:btih:7A17B9EB411688B8676F123059D44F6ABFC39F25&amp;dn=A+Little+Golf+Journey+%28v1.0.71%2C+MULTi8%29+%5BFitGirl+Repack%5D&amp;tr=udp%3A%2F%2F46.148.18.250%3A2710&amp;tr=udp%3A%2F%2Fopentor.org%3A2710&amp;tr=udp%3A%2F%2Ftracker.coppersurfer.tk%3A6969%2Fannounce&amp;tr=udp%3A%2F%2Ftracker.opentrackr.org%3A1337%2Fannounce&amp;tr=http%3A%2F%2Ftracker.dler.org%3A6969%2Fannounce&amp;tr=udp%3A%2F%2Ftracker.leechers-paradise.org%3A6969%2Fannounce&amp;tr=udp%3A%2F%2F9.rarbg.me%3A2730%2Fannounce&amp;tr=udp%3A%2F%2F9.rarbg.to%3A2770%2Fannounce&amp;tr=udp%3A%2F%2Ftracker.pirateparty.gr%3A6969%2Fannounce&amp;tr=http%3A%2F%2Fretracker.local%2Fannounce&amp;tr=http%3A%2F%2Fretracker.ip.ncnet.ru%2Fannounce&amp;tr=udp%3A%2F%2Fexodus.desync.com%3A6969%2Fannounce&amp;tr=udp%3A%2F%2Fipv4.tracker.harry.lu%3A80%2Fannounce&amp;tr=udp%3A%2F%2Fopen.stealth.si%3A80%2Fannounce&amp;tr=udp%3A%2F%2Ftracker.zer0day.to%3A1337%2Fannounce&amp;tr=udp%3A%2F%2Ftracker.leechers-paradise.org%3A6969%2Fannounce&amp;tr=udp%3A%2F%2Fcoppersurfer.tk%3A6969%2Fannounce\">magnet</a>] [<a href=\"https://pastefg.hermietkreeft.site/?73be74ba55a3a2eb#6WHGRDySeBQLZuKHJK5uggtfYcWPgzrC9gKzWa5Fekmu\" target=\"_blank\" rel=\"noopener\">.torrent file only</a>] <br><img src=\"https://torrent-stats.info/1230/53fcae10.png\" style=\"display:block;clear:both\"></li><li><a href=\"https://tapochek.net/viewtopic.php?p=2806418\" target=\"_blank\" rel=\"noopener\">Tapochek.net</a></li><li><a href=\"https://pastefg.hermietkreeft.site/?cacf4901687a44ff#x7Q1JnUpvVNuv5aPyo1NrPNS9f34RmzaZJ73x1w6FTT\" target=\"_blank\" rel=\"noopener\">Filehoster: MultiUpload</a> (10+ hosters, interchangeable) [Use <a href=\"http://jdownloader.org/jdownloader2\" target=\"_blank\" rel=\"noopener\">JDownloader2</a>]</li><li><a href=\"https://pastefg.hermietkreeft.site/?1e9e1d9438ac5f44#5yqJJqf7J7tCRTqfHcUyUGjuqpnPx184uYnJ4ujc1G1K\" target=\"_blank\" rel=\"noopener\">Filehoster: PixelDrain</a></li><li><a href=\"https://pastefg.hermietkreeft.site/?07abb79ec83dedb8#8aMkS6ad2qEJ8REWHtarkeYNj3217DHEHL7JzeChes3b\" target=\"_blank\" rel=\"noopener\">Filehoster: ZippyShare</a></li><li><a href=\"https://pastefg.hermietkreeft.site/?5caa326a1b350cd8#GV2jbKWs5E99b4RM1rqmp6hSMMJpJdeZx62fj2h7kMwT\" target=\"_blank\" rel=\"noopener\">Filehoster: LetsUpload</a> [Use <a href=\"http://jdownloader.org/jdownloader2\" target=\"_blank\" rel=\"noopener\">JDownloader2</a>]</li><li><a href=\"https://pastefg.hermietkreeft.site/?98a4d78593a21541#6Bi3htrZWHTY7L4FYD3W1asyMqgSQQgn9JM2JHcrN9g2\" target=\"_blank\" rel=\"noopener\">Filehoster: OneDrive</a> (Uploaded by DyR0 t(-_-t), NOT compatible with other mirrors)</li><li><a href=\"https://crackhub.site/a-little-golf-journey-v1-0-71-fitgirl-repack/\" target=\"_blank\" rel=\"noopener\">Filehosters: Google Drive, OneDrive + others</a> (Uploaded by crackhub213)</li></ul><p><a href=\"https://cs.rin.ru/forum/viewtopic.php?f=10&amp;t=104824\" target=\"_blank\" rel=\"noopener\">Discussion and (possible) future updates on CS.RIN.RU thread</a></p><h3>Screenshots (Click to enlarge)</h3><p><a target=\"_blank\" href=\"https://en.riotpixels.com/games/little-golf-journey/screenshots/10/?utm_source=emb-gfx-html&amp;utm_medium=image&amp;utm_campaign=rp-mass\" rel=\"noopener\"><img loading=\"lazy\" width=\"178\" height=\"100\" border=\"0\" src=\"https://s01.riotpixels.net/data/d3/2f/d32f921a-d2ac-4437-a030-16d7734d07cc.jpg.240p.jpg\"></a><a target=\"_blank\" href=\"https://en.riotpixels.com/games/little-golf-journey/screenshots/8/?utm_source=emb-gfx-html&amp;utm_medium=image&amp;utm_campaign=rp-mass\" rel=\"noopener\"><img loading=\"lazy\" width=\"178\" height=\"100\" border=\"0\" src=\"https://s01.riotpixels.net/data/91/7c/917cccd5-f445-4798-ad61-027763afb497.jpg.240p.jpg\"></a><a target=\"_blank\" href=\"https://en.riotpixels.com/games/little-golf-journey/screenshots/7/?utm_source=emb-gfx-html&amp;utm_medium=image&amp;utm_campaign=rp-mass\" rel=\"noopener\"><img loading=\"lazy\" width=\"178\" height=\"100\" border=\"0\" src=\"https://s01.riotpixels.net/data/09/da/09dabaa9-19d0-4354-96fa-f141c40842e5.jpg.240p.jpg\"></a><br><a target=\"_blank\" href=\"https://en.riotpixels.com/games/little-golf-journey/screenshots/5/?utm_source=emb-gfx-html&amp;utm_medium=image&amp;utm_campaign=rp-mass\" rel=\"noopener\"><img loading=\"lazy\" width=\"178\" height=\"100\" border=\"0\" src=\"https://s01.riotpixels.net/data/49/ba/49babd5a-6529-4991-9658-15c5c095d6d3.jpg.240p.jpg\"></a><a target=\"_blank\" href=\"https://en.riotpixels.com/games/little-golf-journey/screenshots/4/?utm_source=emb-gfx-html&amp;utm_medium=image&amp;utm_campaign=rp-mass\" rel=\"noopener\"><img loading=\"lazy\" width=\"178\" height=\"100\" border=\"0\" src=\"https://s01.riotpixels.net/data/78/72/78724e5f-10b6-4763-95f8-afe3092470b7.jpg.240p.jpg\"></a><a target=\"_blank\" href=\"https://en.riotpixels.com/games/little-golf-journey/screenshots/1/?utm_source=emb-gfx-html&amp;utm_medium=image&amp;utm_campaign=rp-mass\" rel=\"noopener\"><img loading=\"lazy\" width=\"178\" height=\"100\" border=\"0\" src=\"https://s01.riotpixels.net/data/4c/ef/4cef8327-3510-443b-94b3-b318c38c775c.jpg.240p.jpg\"></a></p><h3>Repack Features</h3><ul><li>Based on GOG release: setup_a_little_golf_journey_0.0.106_(64bit)_(50656).exe, 738,972,808 bytes</li><li>100% Lossless &amp; MD5 Perfect: all files are identical to originals after installation</li><li>NOTHING ripped, NOTHING re-encoded</li><li>Significantly smaller archive size (compressed from 705 to 432 MB)</li><li>Installation takes one minute</li><li>After-install integrity check so you could make sure that everything installed properly</li><li>HDD space after installation: 1.4 GB</li><li>Language can be changed in game settings</li><li>Repack uses XTool library by Razor12911</li><li>At least 2 GB of free RAM (inc. virtual) required for installing this repack</li></ul><div ><div><h2>Game Description</h2></div><div ><b>Embark on your adventure</b> and bring colour back to the world as you complete golfing challenges across multiple destinations. With over 100 holes split across 10 stunning courses, you\u2019ll be able to unlock secrets and discover mysteries along the way.<p>Who knows what awaits you on your journey.</p><p><b>Discoveries that go beyond</b>. Begin your golfing journey and discover a friendship that takes you across serene locations, all the way to the moon.</p><p><b>No Caddie required</b>. Just you, the ball and the soothing zen soundtrack as your companion. Play a quick round or stay for a while and immerse yourself in beautiful destinations.</p><p><b>Looking for a par-ticular challenge?</b><br>A Little Golf Journey has an abundance of secrets \u2013 and collectables \u2013 waiting to be unlocked, but hold on to your golf clubs, you\u2019ll need to complete some challenges along the way.</p><p>Prepare to Tee-off for your next adventure!</p><p><b><h3>Game Features</h3></b></p><ul><li>Explore the expansive world map with over 100 holes, set in 10 stunning destinations.</li><li>Bring colour back to the world by completing challenges.</li><li>Discover secret holes, off-path mysteries and collectables.</li><li>Original soundtrack.</li><li>Simple, approachable controls \u2013 Aim, pull and release to shoot the ball and find the best route to the next hole. Easy to learn, but hard to put(t) down.</li></ul></div></div>             </div>"
}