{
    "link": "https://fitgirl-repacks.site/accident/",
    "title": "Accident \u2013 v1.63",
    "first_img": "https://i3.imageban.ru/out/2021/09/22/3a724f02d2d5c5f01930721106b4b797.jpg",
    "second_img": "https://s01.riotpixels.net/data/b6/17/b6178f04-acf0-48b3-9983-1561319ab95e.jpg.240p.jpg",
    "body": "<div ><h2>Accident \u2013 v1.63</h2><p ><div><a target=\"_blank\" href=\"https://en.riotpixels.com/games/accident/\" rel=\"noopener\"><img class=\"alignleft\" width=\"150\" src=\"https://i3.imageban.ru/out/2021/09/22/3a724f02d2d5c5f01930721106b4b797.jpg\"></a></div><br>Genres/Tags: <strong>Driving, Lifestyle, First-person, 3D</strong><br>Companies: <strong>Duality Games, Glob Games Studio, PlayWay S.A., HeartBeat Games</strong><br>Languages: <strong>RUS/ENG/MULTI8</strong><br>Original Size: <strong>8.2 GB</strong><br>Repack Size: <strong>5.4 GB</strong></p>&nbsp;<div>&nbsp;</div><h3>Download Mirrors</h3><ul><li><a href=\"https://1337x.to/torrent/4991164/Accident-v1-63-MULTi8-FitGirl-Repack/\" target=\"_blank\" rel=\"noopener\">1337x</a> | [<a href=\"magnet:?xt=urn:btih:53D6FC9DBE878FEEDCF56C7402555C29A1B768E6&amp;dn=Accident+%28v1.63%2C+MULTi8%29+%5BFitGirl+Repack%5D&amp;tr=udp%3A%2F%2F46.148.18.250%3A2710&amp;tr=udp%3A%2F%2Fopentor.org%3A2710&amp;tr=udp%3A%2F%2Ftracker.coppersurfer.tk%3A6969%2Fannounce&amp;tr=udp%3A%2F%2Ftracker.opentrackr.org%3A1337%2Fannounce&amp;tr=http%3A%2F%2Ftracker.dler.org%3A6969%2Fannounce&amp;tr=udp%3A%2F%2Ftracker.leechers-paradise.org%3A6969%2Fannounce&amp;tr=udp%3A%2F%2F9.rarbg.me%3A2730%2Fannounce&amp;tr=udp%3A%2F%2F9.rarbg.to%3A2770%2Fannounce&amp;tr=udp%3A%2F%2Ftracker.pirateparty.gr%3A6969%2Fannounce&amp;tr=http%3A%2F%2Fretracker.local%2Fannounce&amp;tr=http%3A%2F%2Fretracker.ip.ncnet.ru%2Fannounce&amp;tr=udp%3A%2F%2Fexodus.desync.com%3A6969%2Fannounce&amp;tr=udp%3A%2F%2Fipv4.tracker.harry.lu%3A80%2Fannounce&amp;tr=udp%3A%2F%2Fopen.stealth.si%3A80%2Fannounce&amp;tr=udp%3A%2F%2Ftracker.zer0day.to%3A1337%2Fannounce&amp;tr=udp%3A%2F%2Ftracker.leechers-paradise.org%3A6969%2Fannounce&amp;tr=udp%3A%2F%2Fcoppersurfer.tk%3A6969%2Fannounce\">magnet</a>] [<a href=\"https://pastefg.hermietkreeft.site/?69c4de143c11b473#E5QupKXgpDHEocP8sm7RSZiMexQNJg8WQUnrqpiTa2jb\" target=\"_blank\" rel=\"noopener\">.torrent file only</a>] <br><img src=\"https://torrent-stats.info/6c74/1f13c3204.png\" style=\"display:block;clear:both\"></li><li><a href=\"http://rutor.info/torrent/835668/accident-v-1.63-2021-pc-repack-ot-fitgirl\" target=\"_blank\" rel=\"noopener\">RuTor</a> [<a href=\"magnet:?xt=urn:btih:53d6fc9dbe878feedcf56c7402555c29a1b768e6&amp;dn=rutor.info_Accident+%5Bv+1.63%5D+%282021%29+PC+%7C+RePack+%D0%BE%D1%82+FitGirl&amp;tr=udp://opentor.net:6969&amp;tr=udp://opentor.org:2710&amp;tr=http://retracker.local/announce\">magnet</a>]</li><li><a href=\"https://tapochek.net/viewtopic.php?p=2801557\" target=\"_blank\" rel=\"noopener\">Tapochek.net</a></li><li><a href=\"https://pastefg.hermietkreeft.site/?35c63a7b123f7a50#3HDVu9s4mFp7aNjTzQ5atDbmhXm4U5V4BNZxAv4z6E4y\" target=\"_blank\" rel=\"noopener\">Filehoster: MultiUpload</a> (10+ hosters, interchangeable) [Use <a href=\"http://jdownloader.org/jdownloader2\" target=\"_blank\" rel=\"noopener\">JDownloader2</a>]</li><li><a href=\"https://pastefg.hermietkreeft.site/?a98dc31ca7cba6f7#62LmU6dCkeoqnt9RyoQmQwhC7eWpyUanjziN6WnqB7qH\" target=\"_blank\" rel=\"noopener\">Filehoster: PixelDrain</a></li><li><a href=\"https://pastefg.hermietkreeft.site/?98f79aa7c5b01a1e#ETScnSwmuPsFDiTDwn98ShoCkj91gHeVPWc2zuzoSVpi\" target=\"_blank\" rel=\"noopener\">Filehoster: ZippyShare</a></li><li><a href=\"https://pastefg.hermietkreeft.site/?bc2af5b541fd63e2#At5jKLx2WiuPfTg6wgSxpmyG1cpjpEwtyvn9RxLpGDwj\" target=\"_blank\" rel=\"noopener\">Filehoster: LetsUpload</a> [Use <a href=\"http://jdownloader.org/jdownloader2\" target=\"_blank\" rel=\"noopener\">JDownloader2</a>]</li><li><a href=\"https://pastefg.hermietkreeft.site/?4aa579e6f47842f8#3xQNTcckYEHur1ESHUpijT8gRxRXMYrqBRfQiFGhyrgJ\" target=\"_blank\" rel=\"noopener\">Filehoster: OneDrive</a> (Uploaded by DyR0 t(-_-t), NOT compatible with other mirrors)</li></ul><p><a href=\"https://cs.rin.ru/forum/viewtopic.php?f=10&amp;t=88715\" target=\"_blank\" rel=\"noopener\">Discussion and (possible) future updates on CS.RIN.RU thread</a></p><h3>Screenshots (Click to enlarge)</h3><p><a target=\"_blank\" href=\"https://en.riotpixels.com/games/accident/screenshots/10/?utm_source=emb-gfx-html&amp;utm_medium=image&amp;utm_campaign=rp-mass\" rel=\"noopener\"><img loading=\"lazy\" width=\"178\" height=\"100\" border=\"0\" src=\"https://s01.riotpixels.net/data/b6/17/b6178f04-acf0-48b3-9983-1561319ab95e.jpg.240p.jpg\"></a><a target=\"_blank\" href=\"https://en.riotpixels.com/games/accident/screenshots/9/?utm_source=emb-gfx-html&amp;utm_medium=image&amp;utm_campaign=rp-mass\" rel=\"noopener\"><img loading=\"lazy\" width=\"178\" height=\"100\" border=\"0\" src=\"https://s01.riotpixels.net/data/32/be/32be8381-2de3-46b3-a02d-1baaed67ce75.jpg.240p.jpg\"></a><a target=\"_blank\" href=\"https://en.riotpixels.com/games/accident/screenshots/7/?utm_source=emb-gfx-html&amp;utm_medium=image&amp;utm_campaign=rp-mass\" rel=\"noopener\"><img loading=\"lazy\" width=\"178\" height=\"100\" border=\"0\" src=\"https://s01.riotpixels.net/data/c0/ff/c0ff84e1-e2b5-4bd7-83bc-507c767ebc4f.jpg.240p.jpg\"></a><br><a target=\"_blank\" href=\"https://en.riotpixels.com/games/accident/screenshots/3/?utm_source=emb-gfx-html&amp;utm_medium=image&amp;utm_campaign=rp-mass\" rel=\"noopener\"><img loading=\"lazy\" width=\"178\" height=\"100\" border=\"0\" src=\"https://s01.riotpixels.net/data/08/f7/08f780ec-4f24-47a4-bd21-8c686518a974.jpg.240p.jpg\"></a><a target=\"_blank\" href=\"https://en.riotpixels.com/games/accident/screenshots/2/?utm_source=emb-gfx-html&amp;utm_medium=image&amp;utm_campaign=rp-mass\" rel=\"noopener\"><img loading=\"lazy\" width=\"178\" height=\"100\" border=\"0\" src=\"https://s01.riotpixels.net/data/d4/6d/d46d9342-d49e-4cbe-888e-45e9c277b4e0.jpg.240p.jpg\"></a><a target=\"_blank\" href=\"https://en.riotpixels.com/games/accident/screenshots/1/?utm_source=emb-gfx-html&amp;utm_medium=image&amp;utm_campaign=rp-mass\" rel=\"noopener\"><img loading=\"lazy\" width=\"178\" height=\"100\" border=\"0\" src=\"https://s01.riotpixels.net/data/09/cc/09cc1385-cca8-4d0e-8ec8-8d903c43884c.jpg.240p.jpg\"></a></p><h3>Repack Features</h3><ul><li>Based on Accident-DOGE ISO release: wow-accident.iso (8,774,574,080 bytes)</li><li>100% Lossless &amp; MD5 Perfect: all files are identical to originals after installation</li><li>NOTHING ripped, NOTHING re-encoded</li><li>Significantly smaller archive size (compressed from 8.2 to 5.4 GB)</li><li>Installation takes 2-4 minutes (depending on your system)</li><li>After-install integrity check so you could make sure that everything installed properly</li><li>HDD space after installation: 17.1 GB</li><li>Language can be changed in game settings</li><li>At least 2 GB of free RAM (inc. virtual) required for installing this repack</li></ul><div ><div><h2>Game Description</h2></div><div >Become a journalist who researches old car accident cases. Help victims and perform first aid, obtain evidence and reconstruct the events to discover what really happened. This game contains blood scenes with victims of car accidents.<p><b>Examine the victims</b><br>Evaluate the victims\u2019 condition and get to work! Are they breathing? Do they have any serious wounds? Anything might be crutial to their survival. Provide first aid, control the bleeding, check for pulse and put them in recovery position if you can. Do whatever is necessary depending on nature of the emergency.</p><p><b>Make decisions</b><br>Who to help first? How to do it the best way? By helping the wrong way, you can put other people\u2019s life in danger, or even your own. Think twice but remember \u2013 time\u2019s running out!</p><p><b>Rewind time</b><br>You made a bad choice? Didn\u2019t manage to save all the wounded victims? You have a chance to fix that! Turn back time and try again.</p><p><b>Find the reasons behind accidents</b><br>When you\u2019re helping someone, every second counts, there\u2019s no time for deep examinations on the reasons behind the accident. But at the end of your rescue mission, you\u2019ll be able to analyze the whole situation, pick up the pieces and find out what caused the accident.</p><p><b>Various rescue mission scenarios</b><br>Be a part of different rescue missions: from simple car bumps to serious chain-reaction crashes in various locations, weather conditions and even at different times. Gain experience and learn how to help people in real life situations.</p></div></div>             </div>"
}