{
    "link": "https://fitgirl-repacks.site/ace-combat-7-skies-unknown/",
    "title": "Ace Combat 7: Skies Unknown \u2013 Deluxe Edition \u2013 v1.8.2.8 + All DLCs + Multiplayer (Monkey Repack)",
    "first_img": "https://i6.imageban.ru/out/2021/10/20/4b4dda2464c5301b249a99996e96563a.jpg",
    "second_img": "https://s01.riotpixels.net/data/7e/41/7e41cbe3-76d1-41a3-b87e-ff984b26c0ee.jpg.240p.jpg",
    "body": "<div ><h2>Ace Combat 7: Skies Unknown \u2013 Deluxe Edition \u2013 v1.8.2.8 + All DLCs + Multiplayer (Monkey Repack)</h2><p ><div><a href=\"https://en.riotpixels.com/games/ace-combat-7-skies-unknown/\" target=\"_blank\" rel=\"noopener\"><img class=\"alignleft\" src=\"https://i6.imageban.ru/out/2021/10/20/4b4dda2464c5301b249a99996e96563a.jpg\" width=\"150\"></a></div><br>Genres/Tags: <strong>Action, Third-person, 3D, Combat aircraft</strong><br>Companies: <strong>Bandai Namco Studios, Bandai Namco Entertainment</strong><br>Languages: <strong>RUS/ENG/MULTI13</strong><br>Original Size: <strong>45.6 GB</strong><br>Repack Size: <strong>35.1 GB</strong></p><p>\u00a0</p><h3>Download Mirrors</h3><ul><li><a href=\"https://1337x.to/torrent/5023612/Ace-Combat-7-Skies-Unknown-Deluxe-Edition-v1-8-2-8-All-DLCs-Multiplayer-MULTi13-FitGirl-Monkey-Repack/\" target=\"_blank\" rel=\"noopener\">1337x</a> | [<a href=\"magnet:?xt=urn:btih:3771783C18F72FCD15B5AF41AC5771E318FE393A&amp;dn=Ace+Combat+7%3A+Skies+Unknown+-+Deluxe+Edition+%28v1.8.2.8+%2B+All+DLCs+%2B+Multiplayer%2C+MULTi13%29+%5BFitGirl+Monkey+Repack%5D&amp;tr=udp%3A%2F%2F46.148.18.250%3A2710&amp;tr=udp%3A%2F%2Fopentor.org%3A2710&amp;tr=udp%3A%2F%2Ftracker.coppersurfer.tk%3A6969%2Fannounce&amp;tr=udp%3A%2F%2Ftracker.opentrackr.org%3A1337%2Fannounce&amp;tr=http%3A%2F%2Ftracker.dler.org%3A6969%2Fannounce&amp;tr=udp%3A%2F%2Ftracker.leechers-paradise.org%3A6969%2Fannounce&amp;tr=udp%3A%2F%2F9.rarbg.me%3A2730%2Fannounce&amp;tr=udp%3A%2F%2F9.rarbg.to%3A2770%2Fannounce&amp;tr=udp%3A%2F%2Ftracker.pirateparty.gr%3A6969%2Fannounce&amp;tr=http%3A%2F%2Fretracker.local%2Fannounce&amp;tr=http%3A%2F%2Fretracker.ip.ncnet.ru%2Fannounce&amp;tr=udp%3A%2F%2Fexodus.desync.com%3A6969%2Fannounce&amp;tr=udp%3A%2F%2Fipv4.tracker.harry.lu%3A80%2Fannounce&amp;tr=udp%3A%2F%2Fopen.stealth.si%3A80%2Fannounce&amp;tr=udp%3A%2F%2Ftracker.zer0day.to%3A1337%2Fannounce&amp;tr=udp%3A%2F%2Ftracker.leechers-paradise.org%3A6969%2Fannounce&amp;tr=udp%3A%2F%2Fcoppersurfer.tk%3A6969%2Fannounce\">magnet</a>] [<a href=\"https://pastefg.hermietkreeft.site/?16b8d3392f73ccd7#Fd4jBEPDSPoPbK2kUd5wYMveMKHjByKDcegDbZiTfmzD\" target=\"_blank\" rel=\"noopener\">.torrent file only</a>] <br><img src=\"https://torrent-stats.info/af41/329b65987.png\" style=\"display:block;clear:both\"></li><li><a href=\"http://rutor.info/torrent/840503/ace-combat-7-skies-unknown-deluxe-edition-v-1.8.2.8-dlcs-multiplayer-2019-pc-repack-ot-fitgirl\" target=\"_blank\" rel=\"noopener\">RuTor</a> [<a href=\"magnet:?xt=urn:btih:3771783c18f72fcd15b5af41ac5771e318fe393a&amp;dn=rutor.info_Ace+Combat+7%3A+Skies+Unknown+-+Deluxe+Edition+%5Bv+1.8.2.8+%2B+DLCs+%2B+Multiplayer%5D+%282019%29+PC+%7C+RePack+%D0%BE%D1%82+FitGirl&amp;tr=udp://opentor.net:6969&amp;tr=udp://opentor.org:2710&amp;tr=http://retracker.local/announce\">magnet</a>]</li><li><a href=\"https://tapochek.net/viewtopic.php?p=2806681\" target=\"_blank\" rel=\"noopener\">Tapochek.net</a></li><li><a href=\"https://pastefg.hermietkreeft.site/?3ed392360c3f5820#Fp8Ujg9HaoYWqxWCP5KrTEvWKjfVwX1rcQ3v98Tz7bNK\" target=\"_blank\" rel=\"noopener\">Filehoster: MultiUpload</a> (10+ hosters, interchangeable) [Use <a href=\"http://jdownloader.org/jdownloader2\" target=\"_blank\" rel=\"noopener\">JDownloader2</a>]</li><li><a href=\"https://pastefg.hermietkreeft.site/?65e52c6d92f9ee16#ANQQNd915YFaTaJwcUcXm3ysYfncoicgXvNpkkfAkrRR\" target=\"_blank\" rel=\"noopener\">Filehoster: PixelDrain</a></li><li><a href=\"https://pastefg.hermietkreeft.site/?2e3bd8b3c7e66c78#4guxdcbH8fD9gTiutPPNoscV2HPXe6xj5VmrHAW2ehYU\" target=\"_blank\" rel=\"noopener\">Filehoster: ZippyShare</a></li><li><a href=\"https://pastefg.hermietkreeft.site/?8fd30b46d9315c73#BkRZtusJhbvNbkyoxBrtdaVVGiRzJfjchjbJ5MzKPsJT\" target=\"_blank\" rel=\"noopener\">Filehoster: LetsUpload</a> [Use <a href=\"http://jdownloader.org/jdownloader2\" target=\"_blank\" rel=\"noopener\">JDownloader2</a>]</li><li><a href=\"https://pastefg.hermietkreeft.site/?a6caff482bd7510b#Bmu1mKrB3diPHiBRizAcv6QFCeURKeKTykgAmxwHDada\" target=\"_blank\" rel=\"noopener\">Filehoster: OneDrive</a> (Uploaded by DyR0 t(-_-t), NOT compatible with other mirrors)</li><li><a href=\"https://crackhub.site/ace-combat-7-skies-unknown-deluxe-edition-v1-8-2-8-all-dlcs-multiplayer-monkey-repack-fitgirl-repack/\" target=\"_blank\" rel=\"noopener\">Filehosters: Google Drive, OneDrive + others</a> (Uploaded by crackhub213)</li></ul><p><a href=\"https://cs.rin.ru/forum/viewtopic.php?f=10&amp;t=77036\" target=\"_blank\" rel=\"noopener\">Discussion and (possible) future updates on CS.RIN.RU thread</a></p><h3>Screenshots (Click to enlarge)</h3><p><a href=\"https://en.riotpixels.com/games/ace-combat-7-skies-unknown/screenshots/136/?utm_source=emb-gfx-html&amp;utm_medium=image&amp;utm_campaign=rp-mass\" target=\"_blank\" rel=\"noopener\"><img loading=\"lazy\" src=\"https://s01.riotpixels.net/data/7e/41/7e41cbe3-76d1-41a3-b87e-ff984b26c0ee.jpg.240p.jpg\" width=\"178\" height=\"100\" border=\"0\"></a><a href=\"https://en.riotpixels.com/games/ace-combat-7-skies-unknown/screenshots/96/?utm_source=emb-gfx-html&amp;utm_medium=image&amp;utm_campaign=rp-mass\" target=\"_blank\" rel=\"noopener\"><img loading=\"lazy\" src=\"https://s01.riotpixels.net/data/e0/26/e0260dab-b101-4b42-aa82-0d69d8506ad0.jpg.240p.jpg\" width=\"178\" height=\"100\" border=\"0\"></a><a href=\"https://en.riotpixels.com/games/ace-combat-7-skies-unknown/screenshots/86/?utm_source=emb-gfx-html&amp;utm_medium=image&amp;utm_campaign=rp-mass\" target=\"_blank\" rel=\"noopener\"><img loading=\"lazy\" src=\"https://s01.riotpixels.net/data/d5/1a/d51ad76f-a55e-46fd-8630-9eb4f13939dc.jpg.240p.jpg\" width=\"178\" height=\"100\" border=\"0\"></a><br><a href=\"https://en.riotpixels.com/games/ace-combat-7-skies-unknown/screenshots/62/?utm_source=emb-gfx-html&amp;utm_medium=image&amp;utm_campaign=rp-mass\" target=\"_blank\" rel=\"noopener\"><img loading=\"lazy\" src=\"https://s01.riotpixels.net/data/f5/e1/f5e114f4-d965-4828-8ce8-c2bb24f6a67f.jpg.240p.jpg\" width=\"178\" height=\"100\" border=\"0\"></a><a href=\"https://en.riotpixels.com/games/ace-combat-7-skies-unknown/screenshots/22/?utm_source=emb-gfx-html&amp;utm_medium=image&amp;utm_campaign=rp-mass\" target=\"_blank\" rel=\"noopener\"><img loading=\"lazy\" src=\"https://s01.riotpixels.net/data/ff/dd/ffdd14d2-e7d6-409b-bf40-a1ecdadb77e1.jpg.240p.jpg\" width=\"166\" height=\"100\" border=\"0\"></a><a href=\"https://en.riotpixels.com/games/ace-combat-7-skies-unknown/screenshots/8/?utm_source=emb-gfx-html&amp;utm_medium=image&amp;utm_campaign=rp-mass\" target=\"_blank\" rel=\"noopener\"><img loading=\"lazy\" src=\"https://s01.riotpixels.net/data/f8/b0/f8b01460-6090-4575-be45-a424b8b1fc79.png.240p.jpg\" width=\"178\" height=\"100\" border=\"0\"></a></p><h3>Repack Features</h3><ul><li>Based on Ace.Combat.7.Skies.Unknown.Deluxe.Edition-CODEX ISO release: codex-ace.combat.7.skies.unknown.deluxe.edition.iso (48,961,978,368 bytes)</li><li>Game version: v1.8.2.8; All DLCs are included and activated</li><li>Multiplayer crack for Steam is available in NoDVD folder after installation, thanks to 0xdeadc0de and  kevinpanini; check readme.txt in that folder for instructions</li><li>100% Lossless &amp; MD5 Perfect: all files are identical to originals after installation</li><li>NOTHING ripped, NOTHING re-encoded</li><li>Significantly smaller archive size (compressed from 45.6 to 35.1 GB)</li><li>Installation takes from 16 minutes (on 16-threads CPU) to 45 minutes (on 4-threads CPU)</li><li>After-install integrity check so you could make sure that everything installed properly</li><li>HDD space after installation: 58 GB</li><li>Use \u201cLanguage Changer.bat\u201d in game root to change the game UI language</li><li>Audio &amp; subtitles sanguage can be changed in game settings</li><li>At least 2 GB of free RAM (inc. virtual) required for installing this repack</li></ul><div ><div><h2>Game Description</h2></div><div ><p>Become an ace pilot and soar through photorealistic skies with full 360 degree movement; down enemy aircraft and experience the thrill of engaging in realistic sorties! Aerial combat has never looked or felt better!</p><p>Project Aces aims to revolutionize the sky with this entry in the series, offering an experience so immersive it feels like you\u2019re piloting an actual aircraft! Weather and the environment affect your aircraft and the HUD, adding a sense of extreme realism never felt before in a flight combat game. Epic dogfights await!</p><p><b>Included DLCs:</b></p><ul><li>25th Anniversary DLC \u2013 Experimental Aircraft Series Set</li><li>25th Anniversary DLC \u2013 Original Aircraft Series Set</li><li>25th Anniversary Emblem Set</li><li>25th Anniversary Emblem Set II</li><li>25th Anniversary Skin Set</li><li>25th Anniversary Skin Set II</li><li>8 Popular Squadron Emblems</li><li>ADF-01 FALKEN Set</li><li>ADF-11F Raven Set</li><li>ADFX-01 Morgan Set</li><li>Anchorhead Raid</li><li>ASF-X Shinden II Set</li><li>CFA-44 Nosferatu Set</li><li>F-15 S/MTD Set</li><li>F-16XL Set</li><li>F-4E Phantom II + 3 Skins</li><li>FB-22 Strike Raptor Set</li><li>Music Player Mode</li><li>Season Pass</li><li>Ten Million Relief Plan</li><li>Unexpected Visitor</li><li>XFA-27 Set</li></ul></div></div><p><b>Why this repack is called \u201cMonkey Repack\u201d</b></p><p>Most resources of AC7 are encrypted and proper files (re)compression is not possible at the moment. So only basic compression was applied, and that any monkey can do.</p><p><b>Backwards Compatibility</b></p><p>This repack IS NOT backwards compatible with my previous AC7 repack.</p>             </div>"
}