{
    "link": "https://fitgirl-repacks.site/actraiser-renaissance/",
    "title": "Actraiser Renaissance",
    "first_img": "https://i5.imageban.ru/out/2021/09/25/a155c860d6628f0c7abaf9975ff66b3a.jpg",
    "second_img": "https://s01.riotpixels.net/data/51/2f/512fb216-312d-48ab-a059-a2e65cbf563d.jpg.240p.jpg",
    "body": "<div ><h2>Actraiser Renaissance</h2><p ><div><a target=\"_blank\" href=\"https://en.riotpixels.com/games/actraiser-renaissance/\" rel=\"noopener\"><img class=\"alignleft\" width=\"150\" src=\"https://i5.imageban.ru/out/2021/09/25/a155c860d6628f0c7abaf9975ff66b3a.jpg\"></a></div><br>Genres/Tags: <strong>Action, Platform Adventure, Side, City Builder, 2D</strong><br>Companies: <strong>Sonic Powered, Square Enix</strong><br>Languages: <strong>ENG/MULTI4</strong><br>Original Size: <strong>3.7 GB</strong><br>Repack Size: <strong>from 1.5 GB</strong> [Selective Download]</p>&nbsp;<div>&nbsp;</div><h3>Download Mirrors</h3><ul><li><a href=\"https://1337x.to/torrent/4995849/Actraiser-Renaissance-MULTi4-FitGirl-Repack-Selective-Download-from-1-5-GB/\" target=\"_blank\" rel=\"noopener\">1337x</a> | [<a href=\"magnet:?xt=urn:btih:05A6EED979671220C20D84F09DFA62E0386FC5C5&amp;dn=Actraiser+Renaissance+%28MULTi4%29+%5BFitGirl+Repack%2C+Selective+Download+-+from+1.5+GB%5D&amp;tr=udp%3A%2F%2F46.148.18.250%3A2710&amp;tr=udp%3A%2F%2Fopentor.org%3A2710&amp;tr=udp%3A%2F%2Ftracker.coppersurfer.tk%3A6969%2Fannounce&amp;tr=udp%3A%2F%2Ftracker.opentrackr.org%3A1337%2Fannounce&amp;tr=http%3A%2F%2Ftracker.dler.org%3A6969%2Fannounce&amp;tr=udp%3A%2F%2Ftracker.leechers-paradise.org%3A6969%2Fannounce&amp;tr=udp%3A%2F%2F9.rarbg.me%3A2730%2Fannounce&amp;tr=udp%3A%2F%2F9.rarbg.to%3A2770%2Fannounce&amp;tr=udp%3A%2F%2Ftracker.pirateparty.gr%3A6969%2Fannounce&amp;tr=http%3A%2F%2Fretracker.local%2Fannounce&amp;tr=http%3A%2F%2Fretracker.ip.ncnet.ru%2Fannounce&amp;tr=udp%3A%2F%2Fexodus.desync.com%3A6969%2Fannounce&amp;tr=udp%3A%2F%2Fipv4.tracker.harry.lu%3A80%2Fannounce&amp;tr=udp%3A%2F%2Fopen.stealth.si%3A80%2Fannounce&amp;tr=udp%3A%2F%2Ftracker.zer0day.to%3A1337%2Fannounce&amp;tr=udp%3A%2F%2Ftracker.leechers-paradise.org%3A6969%2Fannounce&amp;tr=udp%3A%2F%2Fcoppersurfer.tk%3A6969%2Fannounce\">magnet</a>] [<a href=\"https://pastefg.hermietkreeft.site/?8192c5626eefb59a#69MExSGyNDBT2FzLtYZYM8YfapfDqhEwXqoUpGWzJrSo\" target=\"_blank\" rel=\"noopener\">.torrent file only</a>] <br><img src=\"https://torrent-stats.info/84f0/2621a80d0.png\" style=\"display:block;clear:both\"></li><li><a href=\"https://tapochek.net/viewtopic.php?p=2802377\" target=\"_blank\" rel=\"noopener\">Tapochek.net</a></li><li><a href=\"https://pastefg.hermietkreeft.site/?c5ad317b36f5a243#AAwy5XxPdXngjHK4yreAP9kAsEuu5g42n4wGdScqTuA1\" target=\"_blank\" rel=\"noopener\">Filehoster: MultiUpload</a> (10+ hosters, interchangeable) [Use <a href=\"http://jdownloader.org/jdownloader2\" target=\"_blank\" rel=\"noopener\">JDownloader2</a>]</li><li><a href=\"https://pastefg.hermietkreeft.site/?2208118df77acc7b#Ep1RguH8L5LxKc6ZJsVdsA1cRmptNagohTxkZ9vvpsjL\" target=\"_blank\" rel=\"noopener\">Filehoster: PixelDrain</a></li><li><a href=\"https://pastefg.hermietkreeft.site/?77a7d2415cedda9e#FWRypVKEWZn3fz6hittpRxtK2AUrbJEMTFDMmZnyzw2V\" target=\"_blank\" rel=\"noopener\">Filehoster: ZippyShare</a></li><li><a href=\"https://pastefg.hermietkreeft.site/?07a33bda56765ab2#4AeVs2UgoCetccWqVLoiyHFMsVdt6HdvD9nSpoQKyzie\" target=\"_blank\" rel=\"noopener\">Filehoster: LetsUpload</a> [Use <a href=\"http://jdownloader.org/jdownloader2\" target=\"_blank\" rel=\"noopener\">JDownloader2</a>]</li><li><a href=\"https://pastefg.hermietkreeft.site/?94c5dc169eed2091#GxJu6epYCeq8rpKSK6x91AUV5x2cCRzyXeFzA3851fT7\" target=\"_blank\" rel=\"noopener\">Filehoster: OneDrive</a> (Uploaded by DyR0 t(-_-t), NOT compatible with other mirrors)</li></ul><p><a href=\"https://cs.rin.ru/forum/viewtopic.php?f=10&amp;t=116044\" target=\"_blank\" rel=\"noopener\">Discussion and (possible) future updates on CS.RIN.RU thread</a></p><h3>Screenshots (Click to enlarge)</h3><p><a target=\"_blank\" href=\"https://en.riotpixels.com/games/actraiser-renaissance/screenshots/17/?utm_source=emb-gfx-html&amp;utm_medium=image&amp;utm_campaign=rp-mass\" rel=\"noopener\"><img loading=\"lazy\" width=\"178\" height=\"100\" border=\"0\" src=\"https://s01.riotpixels.net/data/51/2f/512fb216-312d-48ab-a059-a2e65cbf563d.jpg.240p.jpg\"></a><a target=\"_blank\" href=\"https://en.riotpixels.com/games/actraiser-renaissance/screenshots/10/?utm_source=emb-gfx-html&amp;utm_medium=image&amp;utm_campaign=rp-mass\" rel=\"noopener\"><img loading=\"lazy\" width=\"178\" height=\"100\" border=\"0\" src=\"https://s01.riotpixels.net/data/5a/c0/5ac0a8f2-0eb9-4be2-835f-dab69d94c23a.jpg.240p.jpg\"></a><a target=\"_blank\" href=\"https://en.riotpixels.com/games/actraiser-renaissance/screenshots/9/?utm_source=emb-gfx-html&amp;utm_medium=image&amp;utm_campaign=rp-mass\" rel=\"noopener\"><img loading=\"lazy\" width=\"178\" height=\"100\" border=\"0\" src=\"https://s01.riotpixels.net/data/47/36/473696ed-8376-4cd9-95de-daf72c033a01.jpg.240p.jpg\"></a><br><a target=\"_blank\" href=\"https://en.riotpixels.com/games/actraiser-renaissance/screenshots/8/?utm_source=emb-gfx-html&amp;utm_medium=image&amp;utm_campaign=rp-mass\" rel=\"noopener\"><img loading=\"lazy\" width=\"178\" height=\"100\" border=\"0\" src=\"https://s01.riotpixels.net/data/24/ce/24cee215-85a3-4ffd-b189-09c442daf3a0.jpg.240p.jpg\"></a><a target=\"_blank\" href=\"https://en.riotpixels.com/games/actraiser-renaissance/screenshots/6/?utm_source=emb-gfx-html&amp;utm_medium=image&amp;utm_campaign=rp-mass\" rel=\"noopener\"><img loading=\"lazy\" width=\"178\" height=\"100\" border=\"0\" src=\"https://s01.riotpixels.net/data/c9/f1/c9f1f0ea-c456-476f-8f1a-ae3210c90306.jpg.240p.jpg\"></a><a target=\"_blank\" href=\"https://en.riotpixels.com/games/actraiser-renaissance/screenshots/5/?utm_source=emb-gfx-html&amp;utm_medium=image&amp;utm_campaign=rp-mass\" rel=\"noopener\"><img loading=\"lazy\" width=\"178\" height=\"100\" border=\"0\" src=\"https://s01.riotpixels.net/data/88/dc/88dc445f-abf3-408e-a6e8-1ce9bfd53906.jpg.240p.jpg\"></a></p><h3>Repack Features</h3><ul><li>Based on Actraiser.Renaissance-CODEX ISO release: codex-actraiser.renaissance.iso (3,995,598,848 bytes)</li><li>100% Lossless &amp; MD5 Perfect: all files are identical to originals after installation (ONLY when installed with credits video)</li><li>NOTHING ripped, NOTHING re-encoded</li><li>Selective Download feature: you may skip downloading and installing of credits video</li><li>Significantly smaller archive size (compressed from 3.7 to 1.5/1.9 GB)</li><li>Installation takes 3-10 minutes (depending on your system)</li><li>After-install integrity check so you could make sure that everything installed properly</li><li>HDD space after installation: 4.1 GB (up to 15.4 GB during installation)</li><li>Language can be changed in game settings</li><li>At least 2 GB of free RAM (inc. virtual) required for installing this repack</li></ul><div ><div><h2>Game Description</h2></div><div >Actraiser combines 2D platforming action (Realm Acts) with a City-building simulation (Realm Management) in the ultimate battle between good and evil!<p>Featuring the soundtrack that sent shockwaves through the gaming world when it was first released, composed by the legendary Yuzo Koshiro \u2013 now remastered!</p><p>Help humanity flourish by playing as the Lord of Light and their loyal angel in a world beset by evil.</p><p><b>Realm Acts:</b><br>Strategically cast powerful fire, ice, and other magic in these 2D action stages. Humans return to reclaim the realm after you conquer these stages, allowing you to begin cultivating your settlements.</p><p>New magic that was not available in the original game has been added along with the ability to dodge. Players can also attack with upward and downward motions for a more dynamic action experience. You will need every new trick in your arsenal to defeat stronger bosses at the end of the new action stages.</p><p><b>Realm Management:</b><br>Help humanity flourish by cultivating your settlements and offering guidance. Use your miraculous powers to summon lightning and trigger earthquakes to remove obstacles such as trees and boulders that impede the growth of your chosen. Play as the Lord of Light\u2019s angel and use your mighty bow and arrows to drive back the evil monsters that prey on your people.</p><p>Protect your settlements from enemy raids in real-time strategic battles. The placement of your forts and timing of your miracles is key to achieving victory in these engagements.</p><p>Experience all-new tales of humanity\u2019s struggles to overcome their flaws and failings as they learn to love one another and together grow stronger. Altogether, these new scenarios amount to more than twice the story present in the original. Explore the vast new realm and enjoy building your settlements for longer than ever before!</p><p>The original Actraiser composer, Yuzo Koshiro, has re-arranged all of the iconic original tracks and added 15 new tracks as well. Players can listen to the original music or switch to the re-arranged versions while playing the game. Tired from protecting and raising your villagers? Then just sit back, relax, and enjoy the tunes.</p><p><b><h3>Game Features</h3></b></p><ul><li>Remastered 2D graphics present the game in beautiful HD</li><li>15 new music tracks, as well as re-arranged original tracks by Actraiser composer Yuzo Koshiro!</li><li>New stories, expanded action and realm management gameplay, additional action stages, an all-new realm, and a new, powerful boss!</li><li>Auto-save and difficulty levels</li></ul></div></div>             </div>"
}