{
    "link": "https://fitgirl-repacks.site/aeon-must-die/",
    "title": "Aeon Must Die! \u2013 v1.14 + Wrathful King Set DLC",
    "first_img": "https://i7.imageban.ru/out/2021/10/15/bfdc60151581d8f1b0b5ea08aa6e6140.jpg",
    "second_img": "https://s01.riotpixels.net/data/1d/45/1d457dc0-9549-4bb3-acb3-309f78fb95be.jpg.240p.jpg",
    "body": "<div ><h2>Aeon Must Die! \u2013 v1.14 + Wrathful King Set DLC</h2><p ><div><a target=\"_blank\" href=\"https://en.riotpixels.com/games/aeon-must-die/\" rel=\"noopener\"><img class=\"alignleft\" width=\"150\" src=\"https://i7.imageban.ru/out/2021/10/15/bfdc60151581d8f1b0b5ea08aa6e6140.jpg\"></a></div><br>Genres/Tags: <strong>Arcade, Beat \u2019em up (Brawler), Side, 3D</strong><br>Companies: <strong>Limestone Games, Focus Home Interactive</strong><br>Languages: <strong>RUS/ENG/MULTI11</strong><br>Original Size: <strong>2.6 GB</strong><br>Repack Size: <strong>1.5 GB</strong></p>&nbsp;<div>&nbsp;</div><h3>Download Mirrors</h3><ul><li><a href=\"https://1337x.to/torrent/5019052/Aeon-Must-Die-v1-14-Wrathful-King-Set-DLC-MULTi11-FitGirl-Repack/\" target=\"_blank\" rel=\"noopener\">1337x</a> | [<a href=\"magnet:?xt=urn:btih:82ED2CFC689A89801363D1CA278C8E4E57EE2B45&amp;dn=Aeon+Must+Die%21+%28v1.14+%2B+Wrathful+King+Set+DLC%2C+MULTi11%29+%5BFitGirl+Repack%5D&amp;tr=udp%3A%2F%2F46.148.18.250%3A2710&amp;tr=udp%3A%2F%2Fopentor.org%3A2710&amp;tr=udp%3A%2F%2Ftracker.coppersurfer.tk%3A6969%2Fannounce&amp;tr=udp%3A%2F%2Ftracker.opentrackr.org%3A1337%2Fannounce&amp;tr=http%3A%2F%2Ftracker.dler.org%3A6969%2Fannounce&amp;tr=udp%3A%2F%2Ftracker.leechers-paradise.org%3A6969%2Fannounce&amp;tr=udp%3A%2F%2F9.rarbg.me%3A2730%2Fannounce&amp;tr=udp%3A%2F%2F9.rarbg.to%3A2770%2Fannounce&amp;tr=udp%3A%2F%2Ftracker.pirateparty.gr%3A6969%2Fannounce&amp;tr=http%3A%2F%2Fretracker.local%2Fannounce&amp;tr=http%3A%2F%2Fretracker.ip.ncnet.ru%2Fannounce&amp;tr=udp%3A%2F%2Fexodus.desync.com%3A6969%2Fannounce&amp;tr=udp%3A%2F%2Fipv4.tracker.harry.lu%3A80%2Fannounce&amp;tr=udp%3A%2F%2Fopen.stealth.si%3A80%2Fannounce&amp;tr=udp%3A%2F%2Ftracker.zer0day.to%3A1337%2Fannounce&amp;tr=udp%3A%2F%2Ftracker.leechers-paradise.org%3A6969%2Fannounce&amp;tr=udp%3A%2F%2Fcoppersurfer.tk%3A6969%2Fannounce\">magnet</a>] [<a href=\"https://pastefg.hermietkreeft.site/?84122d12ab7e97cd#8KFSuujZWWqesjz7y4sJdgzFyP2ZCiQQqvKUifgjDeTJ\" target=\"_blank\" rel=\"noopener\">.torrent file only</a>] <br><img src=\"https://torrent-stats.info/d1ca/3c7e145c8.png\" style=\"display:block;clear:both\"></li><li><a href=\"http://rutor.info/torrent/839629/aeon-must-die!-v-1.14-dlc-2021-pc-repack-ot-fitgirl\" target=\"_blank\" rel=\"noopener\">RuTor</a> [<a href=\"magnet:?xt=urn:btih:82ed2cfc689a89801363d1ca278c8e4e57ee2b45&amp;dn=rutor.info_Aeon+Must+Die%21+%5Bv+1.14+%2B+DLC%5D+%282021%29+PC+%7C+RePack+%D0%BE%D1%82+FitGirl&amp;tr=udp://opentor.net:6969&amp;tr=udp://opentor.org:2710&amp;tr=http://retracker.local/announce\">magnet</a>]</li><li><a href=\"https://tapochek.net/viewtopic.php?p=2805923\" target=\"_blank\" rel=\"noopener\">Tapochek.net</a></li><li><a href=\"https://pastefg.hermietkreeft.site/?2f4e63ab5d1ff444#MrnqHoX7HTv4y87kdC6ZrsizTVdJWuPkEvZ3U5rHbiK\" target=\"_blank\" rel=\"noopener\">Filehoster: MultiUpload</a> (10+ hosters, interchangeable) [Use <a href=\"http://jdownloader.org/jdownloader2\" target=\"_blank\" rel=\"noopener\">JDownloader2</a>]</li><li><a href=\"https://pastefg.hermietkreeft.site/?b028a32b895889b0#3NSGEFMz4zr5h5PLUiwU3shh1uLaWHmVta6M3BJhHXmA\" target=\"_blank\" rel=\"noopener\">Filehoster: PixelDrain</a></li><li><a href=\"https://pastefg.hermietkreeft.site/?37276a5a9db711e5#RwvDEJeu5W8hXGvdrLi7oC9ACc3NCSayUJhhx5h2E84\" target=\"_blank\" rel=\"noopener\">Filehoster: ZippyShare</a></li><li><a href=\"https://pastefg.hermietkreeft.site/?baf6fc2c9d714e09#3AsRQ9qHdViKbvcsbDpgbdZpE3KEhTaU62DoLMpemN62\" target=\"_blank\" rel=\"noopener\">Filehoster: LetsUpload</a> [Use <a href=\"http://jdownloader.org/jdownloader2\" target=\"_blank\" rel=\"noopener\">JDownloader2</a>]</li><li><a href=\"https://pastefg.hermietkreeft.site/?36626ff74edacf91#shCSsXESe6ojnXdt3K3sZ6uYZ4okkE9UAtzEFV7CLVb\" target=\"_blank\" rel=\"noopener\">Filehoster: OneDrive</a> (Uploaded by DyR0 t(-_-t), NOT compatible with other mirrors)</li><li><a href=\"https://crackhub.site/aeon-must-die-v1-14-wrathful-king-set-dlc-fitgirl-repack/\" target=\"_blank\" rel=\"noopener\">Filehosters: Google Drive, OneDrive + others</a> (Uploaded by crackhub213)</li></ul><p><a href=\"https://cs.rin.ru/forum/viewtopic.php?f=10&amp;t=107126\" target=\"_blank\" rel=\"noopener\">Discussion and (possible) future updates on CS.RIN.RU thread</a></p><h3>Screenshots (Click to enlarge)</h3><p><a target=\"_blank\" href=\"https://en.riotpixels.com/games/aeon-must-die/screenshots/20/?utm_source=emb-gfx-html&amp;utm_medium=image&amp;utm_campaign=rp-mass\" rel=\"noopener\"><img loading=\"lazy\" width=\"178\" height=\"100\" border=\"0\" src=\"https://s01.riotpixels.net/data/1d/45/1d457dc0-9549-4bb3-acb3-309f78fb95be.jpg.240p.jpg\"></a><a target=\"_blank\" href=\"https://en.riotpixels.com/games/aeon-must-die/screenshots/17/?utm_source=emb-gfx-html&amp;utm_medium=image&amp;utm_campaign=rp-mass\" rel=\"noopener\"><img loading=\"lazy\" width=\"178\" height=\"100\" border=\"0\" src=\"https://s01.riotpixels.net/data/a9/f0/a9f0dc5d-a51a-44de-968e-63294a5f4e78.jpg.240p.jpg\"></a><a target=\"_blank\" href=\"https://en.riotpixels.com/games/aeon-must-die/screenshots/16/?utm_source=emb-gfx-html&amp;utm_medium=image&amp;utm_campaign=rp-mass\" rel=\"noopener\"><img loading=\"lazy\" width=\"178\" height=\"100\" border=\"0\" src=\"https://s01.riotpixels.net/data/b2/86/b286e321-3662-4f16-aafc-6113d4c2480c.jpg.240p.jpg\"></a><br><a target=\"_blank\" href=\"https://en.riotpixels.com/games/aeon-must-die/screenshots/15/?utm_source=emb-gfx-html&amp;utm_medium=image&amp;utm_campaign=rp-mass\" rel=\"noopener\"><img loading=\"lazy\" width=\"178\" height=\"100\" border=\"0\" src=\"https://s01.riotpixels.net/data/8f/cc/8fcc8583-da50-4f41-93ad-cc7b1e26659d.jpg.240p.jpg\"></a><a target=\"_blank\" href=\"https://en.riotpixels.com/games/aeon-must-die/screenshots/13/?utm_source=emb-gfx-html&amp;utm_medium=image&amp;utm_campaign=rp-mass\" rel=\"noopener\"><img loading=\"lazy\" width=\"178\" height=\"100\" border=\"0\" src=\"https://s01.riotpixels.net/data/be/c1/bec16dbb-c20f-43c5-b61d-436221093c02.jpg.240p.jpg\"></a><a target=\"_blank\" href=\"https://en.riotpixels.com/games/aeon-must-die/screenshots/10/?utm_source=emb-gfx-html&amp;utm_medium=image&amp;utm_campaign=rp-mass\" rel=\"noopener\"><img loading=\"lazy\" width=\"178\" height=\"100\" border=\"0\" src=\"https://s01.riotpixels.net/data/06/f3/06f31b3e-724c-46f3-b5c1-2576b3c74d36.jpg.240p.jpg\"></a></p><h3>Repack Features</h3><ul><li>Based on Aeon.Must.Die-CODEX ISO release: codex-aeon.must.die.iso (2,778,398,720 bytes)</li><li>Game version: v1.14; Wrathful King Set DLC is included, but should be turned on manually in game settings</li><li>100% Lossless &amp; MD5 Perfect: all files are identical to originals after installation</li><li>NOTHING ripped, NOTHING re-encoded</li><li>Significantly smaller archive size (compressed from 2.6 to 1.5 GB)</li><li>Installation takes 1-2 minutes</li><li>After-install integrity check so you could make sure that everything installed properly</li><li>HDD space after installation: 2.5 GB</li><li>Language can be changed in game settings</li><li>Repack uses XTool library by Razor12911</li><li>At least 2 GB of free RAM (inc. virtual) required for installing this repack</li></ul><div ><div><h2>Game Description</h2></div><div ><b>Ignite the galaxy. Aeon Must Die!</b><p>Aeon, the dreaded Emperor of the unstoppable Void Armada, has been betrayed and left for dead by his generals. Weakened and without a body to exact his revenge, he manages to merge with you to survive and bring forth his wrath.</p><p>Travel across the futuristic city of Pantheon to destroy or subdue those who betrayed Aeon, while fighting for your mind, free will, and control of your body.</p><p>Experience a unique beat \u2018em-up introducing breakneck risk-reward gameplay, innovative AI and tactical fighting, all packaged in an incredible art style.</p><p>Will you succumb to Aeon\u2019s will and unleash his awesome power, losing yourself in the process? Or will you choose the hard way and remain free, at the cost of your strength?</p><p><b><h3>Game Features</h3></b></p><ul><li>Spectacular beat\u2019em-up packed with brutal, over-the-top action</li><li>Stunning art and mind-blowing OST</li><li>Stylish, accessible combat featuring proper fighting game mechanics</li><li>Choose who you kill or spare and change the fate of the galaxy</li></ul></div></div>             </div>"
}