{
    "link": "https://fitgirl-repacks.site/aery-calm-mind/",
    "title": "Aery: Calm Mind",
    "first_img": "https://i2.imageban.ru/out/2021/07/26/803e4909a8fddc282ce1642c40fbd0c4.jpg",
    "second_img": "https://s01.riotpixels.net/data/d9/a3/d9a37714-32c7-486d-8410-7af42b52493c.jpg.240p.jpg",
    "body": "<div ><h2>Aery: Calm Mind</h2><p ><div><a target=\"_blank\" href=\"https://en.riotpixels.com/games/aery-calm-mind/\" rel=\"noopener\"><img class=\"alignleft\" width=\"150\" src=\"https://i2.imageban.ru/out/2021/07/26/803e4909a8fddc282ce1642c40fbd0c4.jpg\"></a></div><br>Genres/Tags: <strong>Exploration, Third-person, 3D</strong><br>Company: <strong>EpiXR Games UG</strong><br>Language: <strong>ENG</strong><br>Original Size: <strong>915 MB</strong><br>Repack Size: <strong>363 MB</strong></p>&nbsp;<div>&nbsp;</div><h3>Download Mirrors</h3><ul><li><a href=\"https://1337x.to/torrent/4933031/Aery-Calm-Mind-FitGirl-Repack/\" target=\"_blank\" rel=\"noopener\">1337x</a> | [<a href=\"magnet:?xt=urn:btih:D803131AC312426184EE8A29686A183791D5A07B&amp;dn=Aery%3A+Calm+Mind+%5BFitGirl+Repack%5D&amp;tr=udp%3A%2F%2F46.148.18.250%3A2710&amp;tr=udp%3A%2F%2Fopentor.org%3A2710&amp;tr=udp%3A%2F%2Ftracker.coppersurfer.tk%3A6969%2Fannounce&amp;tr=udp%3A%2F%2Ftracker.opentrackr.org%3A1337%2Fannounce&amp;tr=http%3A%2F%2Ftracker.dler.org%3A6969%2Fannounce&amp;tr=udp%3A%2F%2Ftracker.leechers-paradise.org%3A6969%2Fannounce&amp;tr=udp%3A%2F%2F9.rarbg.me%3A2730%2Fannounce&amp;tr=udp%3A%2F%2F9.rarbg.to%3A2770%2Fannounce&amp;tr=udp%3A%2F%2Ftracker.pirateparty.gr%3A6969%2Fannounce&amp;tr=http%3A%2F%2Fretracker.local%2Fannounce&amp;tr=http%3A%2F%2Fretracker.ip.ncnet.ru%2Fannounce&amp;tr=udp%3A%2F%2Fexodus.desync.com%3A6969%2Fannounce&amp;tr=udp%3A%2F%2Fipv4.tracker.harry.lu%3A80%2Fannounce&amp;tr=udp%3A%2F%2Fopen.stealth.si%3A80%2Fannounce&amp;tr=udp%3A%2F%2Ftracker.zer0day.to%3A1337%2Fannounce&amp;tr=udp%3A%2F%2Ftracker.leechers-paradise.org%3A6969%2Fannounce&amp;tr=udp%3A%2F%2Fcoppersurfer.tk%3A6969%2Fannounce\">magnet</a>] [<a href=\"https://pastefg.hermietkreeft.site/?7b34721e2192eeb8#AuT5FEgfcFQQoSZQXahn2mzMv3CHzWkrZQKm5bbJJDZh\" target=\"_blank\" rel=\"noopener\">.torrent file only</a>] <br><img src=\"https://torrent-stats.info/8a29/27195bf91.png\" style=\"display:block;clear:both\"></li><li><a href=\"https://tapochek.net/viewtopic.php?p=2791083\" target=\"_blank\" rel=\"noopener\">Tapochek.net</a></li><li><a href=\"https://pastefg.hermietkreeft.site/?8cfcc03f07ecebc0#575pBi6Snjvduj2iC4zmxxjARdrQS6RD4aYtbYTcaAZP\" target=\"_blank\" rel=\"noopener\">Filehoster: MultiUpload</a> (10+ hosters, interchangeable) [Use <a href=\"http://jdownloader.org/jdownloader2\" target=\"_blank\" rel=\"noopener\">JDownloader2</a>]</li><li><a href=\"https://pastefg.hermietkreeft.site/?588a5ecb0cdcedb3#735VcQxYGJGyScH8DFvRi5KuMcuyxNgpiuGFcUPfUeyu\" target=\"_blank\" rel=\"noopener\">Filehoster: PixelDrain</a></li><li><a href=\"https://pastefg.hermietkreeft.site/?cb94752c19763ee6#HMzwagjdmLoqqoX8KfCYSGEB7RdZhdG5oTo9Tr56rth3\" target=\"_blank\" rel=\"noopener\">Filehoster: ZippyShare</a></li><li><a href=\"https://pastefg.hermietkreeft.site/?33b7b3be93234929#7Wd33hirUBZmRbEda5RRybtU1AGUaUVeZqZnqFdCNFSx\" target=\"_blank\" rel=\"noopener\">Filehoster: LetsUpload</a> [Use <a href=\"http://jdownloader.org/jdownloader2\" target=\"_blank\" rel=\"noopener\">JDownloader2</a>]</li><li><a href=\"https://crackhub.site/aery-calm-mind-fitgirl-repack/\" target=\"_blank\" rel=\"noopener\">Filehosters: Google Drive, OneDrive + others</a> (Uploaded by crackhub213)</li><li><a href=\"https://pastefg.hermietkreeft.site/?21357b2d5202339b#tPg9npSaTgityDV7e62q41p8gEhJ4LggDsMGxC2vmJt\" target=\"_blank\" rel=\"noopener\">Filehoster: OneDrive</a> (Uploaded by DyR0 t(-_-t), NOT compatible with other mirrors)</li></ul><p><a href=\"https://cs.rin.ru/forum/viewtopic.php?f=10&amp;t=113119\" target=\"_blank\" rel=\"noopener\">Discussion and (possible) future updates on CS.RIN.RU thread</a></p><h3>Screenshots (Click to enlarge)</h3><p><a target=\"_blank\" href=\"https://en.riotpixels.com/games/aery-calm-mind/screenshots/9/?utm_source=emb-gfx-html&amp;utm_medium=image&amp;utm_campaign=rp-mass\" rel=\"noopener\"><img loading=\"lazy\" width=\"178\" height=\"100\" border=\"0\" src=\"https://s01.riotpixels.net/data/d9/a3/d9a37714-32c7-486d-8410-7af42b52493c.jpg.240p.jpg\"></a><a target=\"_blank\" href=\"https://en.riotpixels.com/games/aery-calm-mind/screenshots/8/?utm_source=emb-gfx-html&amp;utm_medium=image&amp;utm_campaign=rp-mass\" rel=\"noopener\"><img loading=\"lazy\" width=\"178\" height=\"100\" border=\"0\" src=\"https://s01.riotpixels.net/data/13/c2/13c269fb-fece-43a9-ab10-b2bbcf2d4632.jpg.240p.jpg\"></a><a target=\"_blank\" href=\"https://en.riotpixels.com/games/aery-calm-mind/screenshots/7/?utm_source=emb-gfx-html&amp;utm_medium=image&amp;utm_campaign=rp-mass\" rel=\"noopener\"><img loading=\"lazy\" width=\"178\" height=\"100\" border=\"0\" src=\"https://s01.riotpixels.net/data/80/61/8061f7f9-a485-4cbc-b059-c68b6346af6f.jpg.240p.jpg\"></a><br><a target=\"_blank\" href=\"https://en.riotpixels.com/games/aery-calm-mind/screenshots/6/?utm_source=emb-gfx-html&amp;utm_medium=image&amp;utm_campaign=rp-mass\" rel=\"noopener\"><img loading=\"lazy\" width=\"178\" height=\"100\" border=\"0\" src=\"https://s01.riotpixels.net/data/f9/1d/f91d873e-470a-4fc9-b056-7a3a62521f38.jpg.240p.jpg\"></a><a target=\"_blank\" href=\"https://en.riotpixels.com/games/aery-calm-mind/screenshots/4/?utm_source=emb-gfx-html&amp;utm_medium=image&amp;utm_campaign=rp-mass\" rel=\"noopener\"><img loading=\"lazy\" width=\"178\" height=\"100\" border=\"0\" src=\"https://s01.riotpixels.net/data/00/70/00706a15-32ad-45a8-be77-084d5818d0a5.jpg.240p.jpg\"></a><a target=\"_blank\" href=\"https://en.riotpixels.com/games/aery-calm-mind/screenshots/2/?utm_source=emb-gfx-html&amp;utm_medium=image&amp;utm_campaign=rp-mass\" rel=\"noopener\"><img loading=\"lazy\" width=\"178\" height=\"100\" border=\"0\" src=\"https://s01.riotpixels.net/data/0f/62/0f629c04-c95c-495d-8ead-16cc0fceba0c.jpg.240p.jpg\"></a></p><h3>Repack Features</h3><ul><li>Based on Aery.Calm.Mind-TiNYiSO ISO release: tn-aerycalmmind.iso (959,557,632 bytes)</li><li>100% Lossless &amp; MD5 Perfect: all files are identical to originals after installation</li><li>NOTHING ripped, NOTHING re-encoded</li><li>Significantly smaller archive size (compressed from 915 to 363 MB)</li><li>Installation takes less than a minute</li><li>After-install integrity check so you could make sure that everything installed properly</li><li>HDD space after installation: 2.4 GB</li><li>At least 2 GB of free RAM (inc. virtual) required for installing this repack</li></ul><div ><div><h2>Game Description</h2></div><div >Aery \u2013 Calm Mind is an interactive game experience that is designed to relax your mind and soul. You jump into the role of a little bird, explore beautiful landscapes and collect the missing feathers of your little bird friend.<p>Because there are no enemies or any danger of any kind you will be able to lean back and enjoy the scenery and the sensation of flying. It is a great game for relaxing and calming down after an exhausting day full of hassle.</p><p>Every level has two parts. A first introduction into the overall theme and a second one that gives a little more time to play around and to enjoy the beauty of the area. Of course, you can always select the level that you feel helps most to relax yourself. Most levels can be finished quite quickly so that you can freely choose spend time exploring the environment but you don\u2019t have to stay for too long if you are just looking for a short moment of peace and enjoyment.</p><p><b><h3>Game Features</h3></b></p><ul><li>16 different landscapes</li><li>Unlimited replayability trough randomized level goals</li><li>Beautiful visuals and soundtrack</li><li>The experience of flying</li><li>Intuitive and relaxing gameplay</li><li>A moment of peace and enjoyment in you daily life</li></ul></div></div>             </div>"
}