{
    "link": "https://fitgirl-repacks.site/agatha-christie-hercule-poirot-the-first-cases/",
    "title": "Agatha Christie: Hercule Poirot \u2013 The First Cases",
    "first_img": "https://i1.imageban.ru/out/2021/09/28/dab54e743beb4de636de7fd1214a1542.jpg",
    "second_img": "https://s01.riotpixels.net/data/62/f5/62f546ae-44da-43f5-9ea6-84fc36d50a63.jpg.240p.jpg",
    "body": "<div ><h2>Agatha Christie: Hercule Poirot \u2013 The First Cases</h2><p ><div><a target=\"_blank\" href=\"https://en.riotpixels.com/games/agatha-christie-hercule-poirot-the-first-cases/\" rel=\"noopener\"><img class=\"alignleft\" width=\"150\" src=\"https://i1.imageban.ru/out/2021/09/28/dab54e743beb4de636de7fd1214a1542.jpg\"></a></div><br>Genres/Tags: <strong>Adventure, Point-and-click, Isometric, 3D</strong><br>Companies: <strong>Blazing Griffin, Microids</strong><br>Languages: <strong>RUS/ENG/MULTI12</strong><br>Original Size: <strong>1.9 GB</strong><br>Repack Size: <strong>from 1.1 GB</strong> [Selective Download]</p>&nbsp;<div>&nbsp;</div><h3>Download Mirrors</h3><ul><li><a href=\"https://1337x.to/torrent/4998880/Agatha-Christie-Hercule-Poirot-The-First-Cases-MULTi12-FitGirl-Repack-Selective-Download-from-1-1-GB/\" target=\"_blank\" rel=\"noopener\">1337x</a> | [<a href=\"magnet:?xt=urn:btih:4B07209CC2C9525C2DE630D812C632F3BBAF97C8&amp;dn=Agatha+Christie%3A+Hercule+Poirot+-+The+First+Cases+%28MULTi12%29+%5BFitGirl+Repack%2C+Selective+Download+-+from+1.1+GB%5D&amp;tr=udp%3A%2F%2F46.148.18.250%3A2710&amp;tr=udp%3A%2F%2Fopentor.org%3A2710&amp;tr=udp%3A%2F%2Ftracker.coppersurfer.tk%3A6969%2Fannounce&amp;tr=udp%3A%2F%2Ftracker.opentrackr.org%3A1337%2Fannounce&amp;tr=http%3A%2F%2Ftracker.dler.org%3A6969%2Fannounce&amp;tr=udp%3A%2F%2Ftracker.leechers-paradise.org%3A6969%2Fannounce&amp;tr=udp%3A%2F%2F9.rarbg.me%3A2730%2Fannounce&amp;tr=udp%3A%2F%2F9.rarbg.to%3A2770%2Fannounce&amp;tr=udp%3A%2F%2Ftracker.pirateparty.gr%3A6969%2Fannounce&amp;tr=http%3A%2F%2Fretracker.local%2Fannounce&amp;tr=http%3A%2F%2Fretracker.ip.ncnet.ru%2Fannounce&amp;tr=udp%3A%2F%2Fexodus.desync.com%3A6969%2Fannounce&amp;tr=udp%3A%2F%2Fipv4.tracker.harry.lu%3A80%2Fannounce&amp;tr=udp%3A%2F%2Fopen.stealth.si%3A80%2Fannounce&amp;tr=udp%3A%2F%2Ftracker.zer0day.to%3A1337%2Fannounce&amp;tr=udp%3A%2F%2Ftracker.leechers-paradise.org%3A6969%2Fannounce&amp;tr=udp%3A%2F%2Fcoppersurfer.tk%3A6969%2Fannounce\">magnet</a>] [<a href=\"https://pastefg.hermietkreeft.site/?34cd19d93868ea59#8T5bm7CRmntWhdKGuKgY4VyJ6bunYLLfon3n4M4rvtMw\" target=\"_blank\" rel=\"noopener\">.torrent file only</a>] <br><img src=\"https://torrent-stats.info/30d8/e049bc70.png\" style=\"display:block;clear:both\"></li><li><a href=\"http://rutor.info/torrent/836836/agatha-christie-hercule-poirot-the-first-cases-2021-pc-repack-ot-fitgirl\" target=\"_blank\" rel=\"noopener\">RuTor</a> [<a href=\"magnet:?xt=urn:btih:4b07209cc2c9525c2de630d812c632f3bbaf97c8&amp;dn=rutor.info_Agatha+Christie%3A+Hercule+Poirot+-+The+First+Cases+%282021%29+PC+%7C+RePack+%D0%BE%D1%82+FitGirl&amp;tr=udp://opentor.net:6969&amp;tr=udp://opentor.org:2710&amp;tr=http://retracker.local/announce\">magnet</a>]</li><li><a href=\"https://tapochek.net/viewtopic.php?p=2802933\" target=\"_blank\" rel=\"noopener\">Tapochek.net</a></li><li><a href=\"https://pastefg.hermietkreeft.site/?81c1c930af6f766b#27rnoaQzPbZuf9BQXv799PX2xmHzqs2Acrsmcy3Ytstm\" target=\"_blank\" rel=\"noopener\">Filehoster: MultiUpload</a> (10+ hosters, interchangeable) [Use <a href=\"http://jdownloader.org/jdownloader2\" target=\"_blank\" rel=\"noopener\">JDownloader2</a>]</li><li><a href=\"https://pastefg.hermietkreeft.site/?d0b3a40a6fde30e4#FVCZWHNz54DfxEMxveYB2G2bf5iK2neaEAsRrjhseAwa\" target=\"_blank\" rel=\"noopener\">Filehoster: PixelDrain</a></li><li><a href=\"https://pastefg.hermietkreeft.site/?83d6cf418e2d81f3#Chz5iJEikchbDMdK6gAjeQ4ZGBtF5HGE9W1eR5nvMKGj\" target=\"_blank\" rel=\"noopener\">Filehoster: ZippyShare</a></li><li><a href=\"https://pastefg.hermietkreeft.site/?d2bb90c898bce0ea#T9mu9odHzhXHkee3F3G4d45rXnAMBZwMX8pCxcVdDS4\" target=\"_blank\" rel=\"noopener\">Filehoster: LetsUpload</a> [Use <a href=\"http://jdownloader.org/jdownloader2\" target=\"_blank\" rel=\"noopener\">JDownloader2</a>]</li><li><a href=\"https://pastefg.hermietkreeft.site/?5d78875a20247530#CDaD7WSu1oBjyp9pYPDSUgrGTgdGnKbe91LdQwNFjEy4\" target=\"_blank\" rel=\"noopener\">Filehoster: OneDrive</a> (Uploaded by DyR0 t(-_-t), NOT compatible with other mirrors)</li></ul><p><a href=\"https://cs.rin.ru/forum/viewtopic.php?f=10&amp;t=114561\" target=\"_blank\" rel=\"noopener\">Discussion and (possible) future updates on CS.RIN.RU thread</a></p><h3>Screenshots (Click to enlarge)</h3><p><a target=\"_blank\" href=\"https://en.riotpixels.com/games/agatha-christie-hercule-poirot-the-first-cases/screenshots/13/?utm_source=emb-gfx-html&amp;utm_medium=image&amp;utm_campaign=rp-mass\" rel=\"noopener\"><img loading=\"lazy\" width=\"178\" height=\"100\" border=\"0\" src=\"https://s01.riotpixels.net/data/62/f5/62f546ae-44da-43f5-9ea6-84fc36d50a63.jpg.240p.jpg\"></a><a target=\"_blank\" href=\"https://en.riotpixels.com/games/agatha-christie-hercule-poirot-the-first-cases/screenshots/11/?utm_source=emb-gfx-html&amp;utm_medium=image&amp;utm_campaign=rp-mass\" rel=\"noopener\"><img loading=\"lazy\" width=\"178\" height=\"100\" border=\"0\" src=\"https://s01.riotpixels.net/data/6c/df/6cdfe39d-0052-4b61-bcfa-f50965d18d49.jpg.240p.jpg\"></a><a target=\"_blank\" href=\"https://en.riotpixels.com/games/agatha-christie-hercule-poirot-the-first-cases/screenshots/10/?utm_source=emb-gfx-html&amp;utm_medium=image&amp;utm_campaign=rp-mass\" rel=\"noopener\"><img loading=\"lazy\" width=\"178\" height=\"100\" border=\"0\" src=\"https://s01.riotpixels.net/data/0a/52/0a520d11-d056-42f5-b1a5-5cd020087b3c.jpg.240p.jpg\"></a><br><a target=\"_blank\" href=\"https://en.riotpixels.com/games/agatha-christie-hercule-poirot-the-first-cases/screenshots/9/?utm_source=emb-gfx-html&amp;utm_medium=image&amp;utm_campaign=rp-mass\" rel=\"noopener\"><img loading=\"lazy\" width=\"178\" height=\"100\" border=\"0\" src=\"https://s01.riotpixels.net/data/6c/b6/6cb663a5-12c4-4763-9171-dbd8a6e2ae90.jpg.240p.jpg\"></a><a target=\"_blank\" href=\"https://en.riotpixels.com/games/agatha-christie-hercule-poirot-the-first-cases/screenshots/7/?utm_source=emb-gfx-html&amp;utm_medium=image&amp;utm_campaign=rp-mass\" rel=\"noopener\"><img loading=\"lazy\" width=\"178\" height=\"100\" border=\"0\" src=\"https://s01.riotpixels.net/data/30/97/3097870a-7aa1-4aa0-99e0-22c1b4975d56.jpg.240p.jpg\"></a><a target=\"_blank\" href=\"https://en.riotpixels.com/games/agatha-christie-hercule-poirot-the-first-cases/screenshots/3/?utm_source=emb-gfx-html&amp;utm_medium=image&amp;utm_campaign=rp-mass\" rel=\"noopener\"><img loading=\"lazy\" width=\"178\" height=\"100\" border=\"0\" src=\"https://s01.riotpixels.net/data/6f/55/6f55df92-c6e9-4574-840e-0efc37e0ceec.jpg.240p.jpg\"></a></p><h3>Repack Features</h3><ul><li>Based on Agatha_Christie_Hercule_Poirot_The_First_Cases-FLT ISO release: flt-agatha_christie_hercule_poirot_the_first_cases.iso (2,079,959,040 bytes)</li><li>100% Lossless &amp; MD5 Perfect: all files are identical to originals after installation</li><li>NOTHING ripped, NOTHING re-encoded</li><li>Selective Download feature: you may skip downloading voiceover packs you don\u2019t need</li><li>Smaller archive size (compressed from 1.9 to 1.1~1.4 GB, depending on selected components)</li><li>Installation takes 1-2 minutes (depending on your system)</li><li>After-install integrity check so you could make sure that everything installed properly</li><li>HDD space after installation: up to 4.1 GB</li><li>Language can be changed in game settings</li><li>At least 2 GB of free RAM (inc. virtual) required for installing this repack</li></ul><div ><div><h2>Game Description</h2></div><div >In his early years as a detective, Hercule Poirot is invited to a reception by the influential Van den Bosch family, for the announcement of their daughter\u2019s engagement. But tensions amongst the guests run high as a snowstorm descends on the town, trapping everyone inside the manor. The happy event is soon marred by the murder of one of the guests\u2026<p>In the right place at the right time, Poirot immediately begins to investigate. What buried secrets and deadly rivalries will he uncover?</p><p><b><h3>Game Features</h3></b></p><ul><li>Rediscover the legendary detective in an all-new crime story.</li><li>Play as Hercule Poirot in his early years as a detective, when he still had everything to prove.</li><li>Solve a complex murder case where everyone has something to hide.</li><li>Unveil what hides behind the deceiving appearances of the Van den Bosch family.</li><li>Question all the suspects and glean crucial information from them without their knowing.</li><li>Notice all suspicious behavior as you uncover the dark secrets and rivalries of the upper class.</li><li>Explore a luxurious house full of buried mysteries. There is more to discover than just the murderer\u2026</li><li>Use your talents of deduction to link clues in your mindmap.</li></ul></div></div>             </div>"
}