{
    "link": "https://fitgirl-repacks.site/age-of-empires-2-definitive-edition/",
    "title": "Age of Empires II: Definitive Edition \u2013 v101.101.51737.0.911 + 3 DLCs",
    "first_img": "https://i3.imageban.ru/out/2021/08/11/13d7cd54ad0dfbedf7dbabbc4ae6e6ef.jpg",
    "second_img": "https://s01.riotpixels.net/data/56/26/5626c12b-1ba8-4c33-b741-800160505b5f.jpg.240p.jpg",
    "body": "<div ><h2>Age of Empires II: Definitive Edition \u2013 v101.101.51737.0.911 + 3 DLCs</h2><p ><div><a href=\"http://en.riotpixels.com/games/age-of-empires-2-definitive-edition/\" target=\"_blank\" rel=\"noopener\"><img class=\"alignleft\" src=\"https://i3.imageban.ru/out/2021/08/11/13d7cd54ad0dfbedf7dbabbc4ae6e6ef.jpg\" width=\"150\"></a></div><br>Genres/Tags: <strong>Strategy, RTS, Isometric, 2D</strong><br>Companies: <strong>Forgotten Empires, Tantalus Media, Wicked Witch Software, Xbox Game Studios</strong><br>Languages: <strong>RUS/ENG/MULTI16</strong><br>Original Size: <strong>34.5 GB</strong><br>Repack Size: <strong>from 7.5 GB</strong> [Selective Download]</p><p>\u00a0</p><h3>Download Mirrors</h3><ul><li><a href=\"https://1337x.to/torrent/4949315/Age-of-Empires-II-Definitive-Edition-v101-101-51737-0-911-3-DLCs-MULTi17-FitGirl-Repack-Selective-Download-from-7-5-GB/\" target=\"_blank\" rel=\"noopener\">1337x</a> | [<a href=\"magnet:?xt=urn:btih:407ACA2A2B74CFA38E857FC0830E9F13DF640BD3&amp;dn=Age+of+Empires+II%3A+Definitive+Edition+%28v101.101.51737.0.911+%2B+3+DLCs%2C+MULTi17%29+%5BFitGirl+Repack%2C+Selective+Download+-+from+7.5+GB%5D&amp;tr=udp%3A%2F%2F46.148.18.250%3A2710&amp;tr=udp%3A%2F%2Fopentor.org%3A2710&amp;tr=udp%3A%2F%2Ftracker.coppersurfer.tk%3A6969%2Fannounce&amp;tr=udp%3A%2F%2Ftracker.opentrackr.org%3A1337%2Fannounce&amp;tr=http%3A%2F%2Ftracker.dler.org%3A6969%2Fannounce&amp;tr=udp%3A%2F%2Ftracker.leechers-paradise.org%3A6969%2Fannounce&amp;tr=udp%3A%2F%2F9.rarbg.me%3A2730%2Fannounce&amp;tr=udp%3A%2F%2F9.rarbg.to%3A2770%2Fannounce&amp;tr=udp%3A%2F%2Ftracker.pirateparty.gr%3A6969%2Fannounce&amp;tr=http%3A%2F%2Fretracker.local%2Fannounce&amp;tr=http%3A%2F%2Fretracker.ip.ncnet.ru%2Fannounce&amp;tr=udp%3A%2F%2Fexodus.desync.com%3A6969%2Fannounce&amp;tr=udp%3A%2F%2Fipv4.tracker.harry.lu%3A80%2Fannounce&amp;tr=udp%3A%2F%2Fopen.stealth.si%3A80%2Fannounce&amp;tr=udp%3A%2F%2Ftracker.zer0day.to%3A1337%2Fannounce&amp;tr=udp%3A%2F%2Ftracker.leechers-paradise.org%3A6969%2Fannounce&amp;tr=udp%3A%2F%2Fcoppersurfer.tk%3A6969%2Fannounce\">magnet</a>] [<a href=\"https://pastefg.hermietkreeft.site/?d572d2dfc478fba8#WSPgtBbesD1shQAnv6MKdWpbbBjSeJmGThfEhpz1i1w\" target=\"_blank\" rel=\"noopener\">.torrent file only</a>] <br><img src=\"https://torrent-stats.info/7fc0/2445ebf40.png\" style=\"display:block;clear:both\"></li><li><a href=\"http://rutor.info/torrent/829211/age-of-empires-ii-definitive-edition-v-101.101.51737.0.911-dlcs-2019-pc-repack-ot-fitgirl\" target=\"_blank\" rel=\"noopener\">RuTor</a> [<a href=\"magnet:?xt=urn:btih:407aca2a2b74cfa38e857fc0830e9f13df640bd3&amp;dn=rutor.info_Age+of+Empires+II%3A+Definitive+Edition+%5Bv+101.101.51737.0.911+%2B+DLCs%5D+%282019%29+PC+%7C+RePack+%D0%BE%D1%82+FitGirl&amp;tr=udp://opentor.org:2710&amp;tr=udp://opentor.org:2710&amp;tr=http://retracker.local/announce\">magnet</a>]</li><li><a href=\"https://tapochek.net/viewtopic.php?p=2794126\" target=\"_blank\" rel=\"noopener\">Tapochek.net</a></li><li><a href=\"https://pastefg.hermietkreeft.site/?fc0d5c7c277507a6#CztWwoJaMbHRiATLSCAV4QRwb5SWyo6zRDbbTd3Mf9K6\" target=\"_blank\" rel=\"noopener\">Filehoster: MultiUpload</a> (10+ hosters, interchangeable) [Use <a href=\"http://jdownloader.org/jdownloader2\" target=\"_blank\" rel=\"noopener\">JDownloader2</a>]</li><li><a href=\"https://pastefg.hermietkreeft.site/?4831a620e008f9e2#3L8Cyx87E2a1d94ujozr1SXYK5musCPjM9zcBhzRaodd\" target=\"_blank\" rel=\"noopener\">Filehoster: PixelDrain</a></li><li><a href=\"https://pastefg.hermietkreeft.site/?18f3135c6371b2bb#7LbZpgSxiEh4SFtoeHrQCUAvR3uNhAxduP28jzaypebs\" target=\"_blank\" rel=\"noopener\">Filehoster: LetsUpload</a> [Use <a href=\"http://jdownloader.org/jdownloader2\" target=\"_blank\" rel=\"noopener\">JDownloader2</a>]</li><li><a href=\"https://crackhub.site/age-of-empires-ii-definitive-edition-v101-101-51737-0-911-3-dlcs-fitgirl-repack/\" target=\"_blank\" rel=\"noopener\">Filehosters: Google Drive, OneDrive + others</a> (Uploaded by crackhub213)</li><li><a href=\"https://pastefg.hermietkreeft.site/?11a7bb57de43bb89#FvkVCEN6wbELBZKtkpUYGE7ieMvFVAVNPd7sxqihwqAY\" target=\"_blank\" rel=\"noopener\">Filehoster: OneDrive</a> (Uploaded by DyR0 t(-_-t), NOT compatible with other mirrors)</li></ul><p><a href=\"https://cs.rin.ru/forum/viewtopic.php?f=10&amp;t=97675\" target=\"_blank\" rel=\"noopener\">Discussion and (possible) future updates on CS.RIN.RU thread</a></p><h3>Screenshots (Click to enlarge)</h3><p><a href=\"http://en.riotpixels.com/games/age-of-empires-2-definitive-edition/screenshots/22/?utm_source=emb-gfx-html&amp;utm_medium=image&amp;utm_campaign=rp-mass\" target=\"_blank\" rel=\"noopener\"><img loading=\"lazy\" src=\"https://s01.riotpixels.net/data/56/26/5626c12b-1ba8-4c33-b741-800160505b5f.jpg.240p.jpg\" width=\"178\" height=\"100\" border=\"0\"></a><a href=\"http://en.riotpixels.com/games/age-of-empires-2-definitive-edition/screenshots/20/?utm_source=emb-gfx-html&amp;utm_medium=image&amp;utm_campaign=rp-mass\" target=\"_blank\" rel=\"noopener\"><img loading=\"lazy\" src=\"https://s01.riotpixels.net/data/b7/d0/b7d0bece-bea4-4e45-97b5-1aee788b1c83.jpg.240p.jpg\" width=\"178\" height=\"100\" border=\"0\"></a><a href=\"http://en.riotpixels.com/games/age-of-empires-2-definitive-edition/screenshots/17/?utm_source=emb-gfx-html&amp;utm_medium=image&amp;utm_campaign=rp-mass\" target=\"_blank\" rel=\"noopener\"><img loading=\"lazy\" src=\"https://s01.riotpixels.net/data/9f/a3/9fa35dc3-f37c-4960-908d-868ecccc9b95.jpg.240p.jpg\" width=\"178\" height=\"100\" border=\"0\"></a><br><a href=\"http://en.riotpixels.com/games/age-of-empires-2-definitive-edition/screenshots/6/?utm_source=emb-gfx-html&amp;utm_medium=image&amp;utm_campaign=rp-mass\" target=\"_blank\" rel=\"noopener\"><img loading=\"lazy\" src=\"https://s01.riotpixels.net/data/04/1a/041a3dab-c38b-4edb-9bae-fc358c224c3c.jpg.240p.jpg\" width=\"178\" height=\"100\" border=\"0\"></a><a href=\"http://en.riotpixels.com/games/age-of-empires-2-definitive-edition/screenshots/5/?utm_source=emb-gfx-html&amp;utm_medium=image&amp;utm_campaign=rp-mass\" target=\"_blank\" rel=\"noopener\"><img loading=\"lazy\" src=\"https://s01.riotpixels.net/data/9c/f3/9cf34f98-6566-482a-ba13-ba7e47b7390b.jpg.240p.jpg\" width=\"178\" height=\"100\" border=\"0\"></a><a href=\"http://en.riotpixels.com/games/age-of-empires-2-definitive-edition/screenshots/3/?utm_source=emb-gfx-html&amp;utm_medium=image&amp;utm_campaign=rp-mass\" target=\"_blank\" rel=\"noopener\"><img loading=\"lazy\" src=\"https://s01.riotpixels.net/data/32/eb/32eb4af0-d59b-4c36-aac2-7bec8e34fb12.jpg.240p.jpg\" width=\"178\" height=\"100\" border=\"0\"></a></p><h3>Repack Features</h3><ul><li>Based on Age.of.Empires.II.Definitive.Edition.Dawn.of.the.Dukes-CODEX ISO: codex-age.of.empires.ii.definitive.edition.dawn.of.the.dukes.iso (37,065,850,880 bytes)</li><li>Game version: v101.101.51737.0.911; Lords of the West &amp; Dawn of the Dukes DLCs are included by default; Enhanced Graphics Pack is included and available as an optional download</li><li>100% Lossless &amp; MD5 Perfect: all files are identical to originals after installation</li><li>NOTHING ripped, NOTHING re-encoded</li><li>Selective Download feature: you can skip downloading and installing of Enhanced Graphics Pack and voiceovers you don\u2019t need</li><li>Significantly smaller archive size (compressed from 34.5 to 7.5~24.8 GB, depending on selected components)</li><li>Installation takes (main game without EGP): ~10 minutes on 16-threads CPU; ~15 minutes on 8-threads CPU; ~25 minutes on 4-threads CPU</li><li>Installation with EGP is ~3 times longer</li><li>After-install integrity check so you could make sure that everything installed properly</li><li>HDD space after installation: up to 49.4 GB</li><li>Language can be changed in game settings</li><li>Repack uses XTool library by Razor12911</li><li>At least 2 GB of free RAM (inc. virtual) required for installing this repack</li></ul><div ><div><h2>Game Description</h2></div><div ><p>Age of Empires II: Definitive Edition celebrates the 20th anniversary of one of the most popular strategy games ever with stunning 4K Ultra HD graphics, a new and fully remastered soundtrack, and brand-new content, \u201cThe Last Khans\u201d with 3 new campaigns and 4 new civilizations.</p><p>Explore all the original campaigns like never before as well as the best-selling expansions, spanning over 200 hours of gameplay and 1,000 years of human history. Head online to challenge other players with 35 different civilizations in your quest for world domination throughout the ages.</p><p>Choose your path to greatness with this definitive remaster to one of the most beloved strategy games of all time.</p><p><b>Enhanced Graphics Pack</b></p><p>The Enhanced Graphics Pack increases Age of Empires II: Definitive Edition to ultra-high fidelity resolution. Before you attempt to install, please make sure that your system requirements meet or exceed the minimum specs for this content: 2.4 Ghz i5 or greater or AMD equivalent, 8 GB RAM, Nvidia\u00ae GTX 650 / AMD HD 5850 or better</p></div></div><div ><div Selective Download</div><div ><p>You can skip downloading of Enhanced Graphics Pack and voiceover files or you don\u2019t need. Here is the list of selective/optional files:</p><ul><li>fg-optional-hd-pack.bin + fg-optional-hd-pack-2.bin (Download only if you have an Ultra HD display, otherwise it\u2019s pretty useless)</li><li>fg-selective-english.bin (REQUIRED for all languages withour their own voiceovers)</li><li>fg-selective-all-non-english.bin (REQUIRED for all languages but English)</li><li>fg-selective-chinese.bin</li><li>fg-selective-french.bin</li><li>fg-selective-german.bin</li><li>fg-selective-italian.bin</li><li>fg-selective-korean.bin</li><li>fg-selective-brazilian.bin</li><li>fg-selective-spanish.bin</li><li>fg-selective-mexican.bin</li></ul><p>In example, if you want to launch the game w/p EGP and with Spanish UI/Subtitles/Voiceovers \u2013 skip all \u201cselective/optional\u201d files, but download fg-selective-all-non-english.bin, fg-selective-spanish.bin &amp; all main files (01-11).</p></div></div><p><b>Backwards Compatibility</b></p><p>This repack is HEAVILY backwards compatible with previous AoE2DE repack. You can rehash these files to save up to 18.6 GB of traffic:</p><ul><li>fg-01.bin</li><li>fg-02.bin</li><li>fg-04.bin</li><li>fg-optional-hd-pack.bin</li><li>fg-selective-all-non-english.bin</li></ul><p><span style=\"color: #ff0000;\">BTW, the game works under Windows 7, but is freaking memory hungry. Eats around 5-6 GB of RAM w/o Ultra textures and &gt;10 GB with Ultra textures on a freshly created game map. So if you experience crashes, you should buy more RAM or increase page file at least.</span></p>             </div>"
}