{
    "link": "https://fitgirl-repacks.site/age-of-empires-4/",
    "title": "Age of Empires IV \u2013 v5.0.7274.0 (Steam) + 2 DLCs",
    "first_img": "https://i5.imageban.ru/out/2021/11/06/5d66b073ea3bb814c07ae349ca555d76.jpg",
    "second_img": "https://s01.riotpixels.net/data/fa/42/fa4286c8-0438-40f0-89e4-ecaacdac0e76.jpg.240p.jpg",
    "body": "<div ><h2>Age of Empires IV \u2013 v5.0.7274.0 (Steam) + 2 DLCs</h2><p ><div><a target=\"_blank\" href=\"https://en.riotpixels.com/games/age-of-empires-4/\" rel=\"noopener\"><img class=\"alignleft\" width=\"150\" src=\"https://i5.imageban.ru/out/2021/11/06/5d66b073ea3bb814c07ae349ca555d76.jpg\"></a></div><br>Genres/Tags: <strong>Strategy, RTS, Medieval, Isometric, 3D</strong><br>Companies: <strong>Relic Entertainment, World\u2019s Edge, Xbox Game Studios</strong><br>Languages: <strong>RUS/ENG/MULTI14</strong><br><strong style=\"color:red\">Windows 10/11 is REQUIRED for this game</strong><br>Original Size: <strong>104.7 GB</strong><br>Repack Size: <strong>from 14.6 GB</strong> [Selective Download]</p>&nbsp;<div>&nbsp;</div><h3>Download Mirrors</h3><ul><li><a href=\"https://1337x.to/torrent/5042819/Age-of-Empires-IV-v5-0-7274-0-Steam-2-DLCs-MULTi14-FitGirl-Repack-Selective-Download-from-14-6-GB/\" target=\"_blank\" rel=\"noopener\">1337x</a> | [<a href=\"magnet:?xt=urn:btih:A8D3585F42B31E62501A029B6D46A5ABAC9A5078&amp;dn=Age+of+Empires+IV+%28v5.0.7274.0%2FSteam+%2B+2+DLCs%2C+MULTi14%29+%5BFitGirl+Repack%2C+Selective+Download+-+from+14.6+GB%5D&amp;tr=udp%3A%2F%2F46.148.18.250%3A2710&amp;tr=udp%3A%2F%2Fopentor.org%3A2710&amp;tr=udp%3A%2F%2Ftracker.coppersurfer.tk%3A6969%2Fannounce&amp;tr=udp%3A%2F%2Ftracker.opentrackr.org%3A1337%2Fannounce&amp;tr=http%3A%2F%2Ftracker.dler.org%3A6969%2Fannounce&amp;tr=udp%3A%2F%2Ftracker.leechers-paradise.org%3A6969%2Fannounce&amp;tr=udp%3A%2F%2F9.rarbg.me%3A2730%2Fannounce&amp;tr=udp%3A%2F%2F9.rarbg.to%3A2770%2Fannounce&amp;tr=udp%3A%2F%2Ftracker.pirateparty.gr%3A6969%2Fannounce&amp;tr=http%3A%2F%2Fretracker.local%2Fannounce&amp;tr=http%3A%2F%2Fretracker.ip.ncnet.ru%2Fannounce&amp;tr=udp%3A%2F%2Fexodus.desync.com%3A6969%2Fannounce&amp;tr=udp%3A%2F%2Fipv4.tracker.harry.lu%3A80%2Fannounce&amp;tr=udp%3A%2F%2Fopen.stealth.si%3A80%2Fannounce&amp;tr=udp%3A%2F%2Ftracker.zer0day.to%3A1337%2Fannounce&amp;tr=udp%3A%2F%2Ftracker.leechers-paradise.org%3A6969%2Fannounce&amp;tr=udp%3A%2F%2Fcoppersurfer.tk%3A6969%2Fannounce\">magnet</a>] [<a href=\"https://pastefg.hermietkreeft.site/?18b69aaff8132512#BDEDszYBGtVoq3pdwPAjnsRE2yHn8nY7TjLj6vZGXGLc\" target=\"_blank\" rel=\"noopener\">.torrent file only</a>] <br><img src=\"https://torrent-stats.info/029b/c19f16c.png\" style=\"display:block;clear:both\"></li><li><a href=\"http://rutor.info/torrent/844098/age-of-empires-iv-v-5.0.7274.0/steam-2-dlc-2021-pc-repack-ot-fitgirl\" target=\"_blank\" rel=\"noopener\">RuTor</a> [<a href=\"magnet:?xt=urn:btih:a8d3585f42b31e62501a029b6d46a5abac9a5078&amp;dn=rutor.info_Age+of+Empires+IV+%5Bv+5.0.7274.0%2FSteam+%2B+2+DLC%5D+%282021%29+PC+%7C+Repack+%D0%BE%D1%82+FitGirl&amp;tr=udp://opentor.net:6969&amp;tr=udp://opentor.org:2710&amp;tr=http://retracker.local/announce\">magnet</a>]</li><li><a href=\"https://tapochek.net/viewtopic.php?p=2810249\" target=\"_blank\" rel=\"noopener\">Tapochek.net</a></li><li><a href=\"https://pastefg.hermietkreeft.site/?64f3fd292dce5a74#CJ4MCENmypRJbtwNdDwFSKg8pu7qiaK26Nnjff9WASnv\" target=\"_blank\" rel=\"noopener\">Filehoster: MultiUpload</a> (10+ hosters, interchangeable) [Use <a href=\"http://jdownloader.org/jdownloader2\" target=\"_blank\" rel=\"noopener\">JDownloader2</a>]</li><li><a href=\"https://pastefg.hermietkreeft.site/?5d971ff0e17e89ce#FfMboag2hTzX7cvUwygxg7JdJwst4nUZA3PEWU63g8kn\" target=\"_blank\" rel=\"noopener\">Filehoster: ZippyShare</a></li><li><a href=\"https://pastefg.hermietkreeft.site/?d396a9ffca545067#73t2BHajCYr7HNcF4Y6bauY4Xi6k8DkNgeqzexXDgStS\" target=\"_blank\" rel=\"noopener\">Filehoster: BayFiles</a></li><li><a href=\"https://pastefg.hermietkreeft.site/?55b274c54e914f5f#rPFNQN4PhEWDBXBofaLSSSG3q5ohwNLi5nTmkYjzit7\" target=\"_blank\" rel=\"noopener\">Filehoster: LetsUpload</a> [Use <a href=\"http://jdownloader.org/jdownloader2\" target=\"_blank\" rel=\"noopener\">JDownloader2</a>]</li><li><a href=\"https://pastefg.hermietkreeft.site/?b97470f4cb2da604#BF68VWN936rdiJzw2kWNMGRaV5N3nWCdYkjHyzxWragb\" target=\"_blank\" rel=\"noopener\">Filehoster: OneDrive</a> (Uploaded by DyR0 t(-_-t), compatible with torrent)</li><p><!--  <li><a href=\"\" target=\"_blank\" rel=\"noopener\">Filehosters: Google Drive, OneDrive + others</a> (Uploaded by crackhub213)</li>  --></p></ul><p><a href=\"https://cs.rin.ru/forum/viewtopic.php?f=10&amp;t=82709\" target=\"_blank\" rel=\"noopener\">Discussion and (possible) future updates on CS.RIN.RU thread</a></p><h3>Screenshots (Click to enlarge)</h3><p><a target=\"_blank\" href=\"https://en.riotpixels.com/games/age-of-empires-4/screenshots/32/?utm_source=emb-gfx-html&amp;utm_medium=image&amp;utm_campaign=rp-mass\" rel=\"noopener\"><img loading=\"lazy\" width=\"178\" height=\"100\" border=\"0\" src=\"https://s01.riotpixels.net/data/fa/42/fa4286c8-0438-40f0-89e4-ecaacdac0e76.jpg.240p.jpg\"></a><a target=\"_blank\" href=\"https://en.riotpixels.com/games/age-of-empires-4/screenshots/29/?utm_source=emb-gfx-html&amp;utm_medium=image&amp;utm_campaign=rp-mass\" rel=\"noopener\"><img loading=\"lazy\" width=\"178\" height=\"100\" border=\"0\" src=\"https://s01.riotpixels.net/data/2c/37/2c377528-2987-4b6b-9dc0-558aee81672c.jpg.240p.jpg\"></a><a target=\"_blank\" href=\"https://en.riotpixels.com/games/age-of-empires-4/screenshots/27/?utm_source=emb-gfx-html&amp;utm_medium=image&amp;utm_campaign=rp-mass\" rel=\"noopener\"><img loading=\"lazy\" width=\"178\" height=\"100\" border=\"0\" src=\"https://s01.riotpixels.net/data/f6/98/f6981700-728a-4617-b4a4-2a76c6132187.jpg.240p.jpg\"></a><br><a target=\"_blank\" href=\"https://en.riotpixels.com/games/age-of-empires-4/screenshots/26/?utm_source=emb-gfx-html&amp;utm_medium=image&amp;utm_campaign=rp-mass\" rel=\"noopener\"><img loading=\"lazy\" width=\"178\" height=\"100\" border=\"0\" src=\"https://s01.riotpixels.net/data/0c/9e/0c9ea4cb-6422-4c92-b16f-76f1fffbc437.jpg.240p.jpg\"></a><a target=\"_blank\" href=\"https://en.riotpixels.com/games/age-of-empires-4/screenshots/12/?utm_source=emb-gfx-html&amp;utm_medium=image&amp;utm_campaign=rp-mass\" rel=\"noopener\"><img loading=\"lazy\" width=\"178\" height=\"100\" border=\"0\" src=\"https://s01.riotpixels.net/data/9e/c0/9ec06740-a03b-4938-847e-c16c689bfa1d.jpg.240p.jpg\"></a><a target=\"_blank\" href=\"https://en.riotpixels.com/games/age-of-empires-4/screenshots/8/?utm_source=emb-gfx-html&amp;utm_medium=image&amp;utm_campaign=rp-mass\" rel=\"noopener\"><img loading=\"lazy\" width=\"178\" height=\"100\" border=\"0\" src=\"https://s01.riotpixels.net/data/1f/da/1fda2846-8703-48e7-9b56-c03ee75912f9.jpg.240p.jpg\"></a></p><h3>Repack Features</h3><ul><li>Based on Age.of.Empires.IV-CODEX ISO release: codex-age.of.empires.iv.iso (58,149,142,528 bytes)</li><li>Missing localizations (50.5 GB) added</li><li>100% Lossless &amp; MD5 Perfect: all files are identical to originals after installation; 4K HDR Videos moved to a separate repack</li><li>4K HDR Videos moved to a separate repack, NOTHING re-encoded</li><li>Selective Download feature: you may skip downloading and installing of bonus content (Unit Counters Chart + Banner), \u201cHands on History\u201d documentaries (unlocked during the campaign) and video packs for languages you don\u2019t need. Keep in mind that for proper gaming experience at least one of the videos pack for your language must be downloaded and installed</li><li>Significantly smaller archive size (compressed from cumulative 104.7 to 14.6~52.5 GB, depending on selected components)</li><li>Installation takes 7-20 minutes for any single language</li><li>After-install integrity check so you could make sure that everything installed properly</li><li>HDD space after installation: up to 85.7 GB</li><li>Use \u201cLanguage Selector.exe\u201d in game root to change the game language (if installed with multiple languages)</li><li>Repack uses XTool library by Razor12911</li><li>At least 3 GB of free RAM (inc. virtual) required for installing this repack</li></ul><div ><div><h2>Game Description</h2></div><div >One of the most beloved real-time strategy games returns to glory with Age of Empires IV, putting you at the center of epic historical battles that shaped the world. Featuring both familiar and innovative new ways to expand your empire in vast landscapes with stunning 4K visual fidelity, Age of Empires IV brings an evolved real-time strategy game to a new generation.<p>Return to History \u2013 The past is prologue as you are immersed in a rich historical setting of 8 diverse civilizations across the world from the English to the Chinese to the Delhi Sultanate in your quest for victory. Build cities, manage resources, and lead your troops to battle on land and at sea in 4 distinct campaigns with 35 missions that span across 500 years of history from the Dark Ages up to the Renaissance.</p><p>Choose Your Path to Greatness with Historical Figures \u2013 Live the adventures of Joan of Arc in her quest to defeat the English, or command mighty Mongol troops as Genghis Khan in his conquest across Asia. The choice is yours \u2013 and every decision you make will determine the outcome of history.</p><p>Customize Your Game with Mods \u2013 Available in Early 2022, play how you want with user generated content tools for custom games.</p><p>Challenge the World \u2013 Jump online to compete, cooperate or spectate with up to 7 of your friends in PVP and PVE multiplayer modes.</p><p>An Age for All Players \u2013 Age of Empires IV is an inviting experience for new players with a tutorial system that teaches the essence of real-time strategy and a Campaign Story Mode designed for first time players to help achieve easy setup and success, yet is challenging enough for veteran players with new game mechanics, evolved strategies, and combat techniques.</p><p><b>Digital Deluxe Edition</b><br>The Digital Deluxe Edition includes everything from Age of Empires IV, plus digital bonus content which includes the official Age of Empires IV soundtrack, Unit Counters Chart, art compilation from digital painter Craig Mullins, and exclusive in-game content including a Coat of Arms, Player Profile portrait, and Monument.</p><p><b>Included DLCs:</b></p><ul><li>Digital Deluxe Edition Content (w/o OST)</li><li>CC Gift</li></ul></div></div><div ><div Selective Download</div><div ><p>You can skip downloading of files you don\u2019t need.Here is the list of such files:</p><ul><li>fg-selective-english.bin (REQUIRED for English, Russian, Turkish, Vietnamese languages)</li><li>fg-selective-all-non-english.bin (REQUIRED for all languages but English, Russian, Turkish &amp; Vietnamese)</li><li>fg-selective-brazilian.bin</li><li>fg-selective-chinese.bin</li><li>fg-selective-french.bin</li><li>fg-selective-german.bin</li><li>fg-selective-italian.bin</li><li>fg-selective-japanese.bin</li><li>fg-selective-korean.bin</li><li>fg-selective-spanish.bin</li><li>fg-optional-documentaries.bin (\u201cHands on History\u201d documentaries)</li><li>fg-optional-bonus-content.bin (Unit Counters Chart + Banner)</li></ul><p>In example,  if you want to launch the game with German UI/Subtitles/Voiceovers \u2013 skip all \u201cselective/optional\u201d files, but download fg-selective-all-non-english.bin, fg-selective-german.bin &amp; all main files (01-07).</p></div></div><h3>Age of Empires IV: 4K HDR Video Pack</h3><p>The Age of Empires IV: 4K HDR Video Pack contains videos from the base game\u2019s campaign and rewards that are increased to ultra-high fidelity resolution. Before you attempt to install, please make sure that your system requirements meet or exceed the minimum specs listed for this specific content pack.</p><ul><li><a href=\"https://1337x.to/torrent/5043615/Age-of-Empires-IV-4K-HDR-Video-Pack-MULTi8-FitGirl-Repack-Selective-Download-from-14-7-GB/\" target=\"_blank\" rel=\"noopener\">1337x</a> | [<a href=\"magnet:?xt=urn:btih:9388F8D0A5C91CDA234386E56878DA73597785B7&amp;dn=Age+of+Empires+IV%3A+4K+HDR+Video+Pack+%28MULTi8%29+%5BFitGirl+Repack%2C+Selective+Download+-+from+14.7+GB%5D&amp;tr=http%3A%2F%2Fh4.trakx.nibba.trade%3A80%2Fannounce&amp;tr=http%3A%2F%2Ftracker.grepler.com%3A6969%2Fannounce&amp;tr=udp%3A%2F%2Ftracker.bitsearch.to%3A1337%2Fannounce&amp;tr=udp%3A%2F%2Ftracker.dler.com%3A6969%2Fannounce&amp;tr=udp%3A%2F%2F46.148.18.250%3A2710&amp;tr=udp%3A%2F%2Fopentor.org%3A2710&amp;tr=udp%3A%2F%2Ftracker.coppersurfer.tk%3A6969%2Fannounce&amp;tr=udp%3A%2F%2Ftracker.opentrackr.org%3A1337%2Fannounce&amp;tr=http%3A%2F%2Ftracker.dler.org%3A6969%2Fannounce&amp;tr=udp%3A%2F%2Ftracker.leechers-paradise.org%3A6969%2Fannounce&amp;tr=udp%3A%2F%2F9.rarbg.me%3A2730%2Fannounce&amp;tr=udp%3A%2F%2F9.rarbg.to%3A2770%2Fannounce&amp;tr=udp%3A%2F%2Ftracker.pirateparty.gr%3A6969%2Fannounce&amp;tr=http%3A%2F%2Fretracker.local%2Fannounce&amp;tr=udp%3A%2F%2Ftracker.zer0day.to%3A1337%2Fannounce&amp;tr=udp%3A%2F%2Ftracker.leechers-paradise.org%3A6969%2Fannounce&amp;tr=udp%3A%2F%2Fcoppersurfer.tk%3A6969%2Fannounce\">magnet</a>] [<a href=\"https://pastefg.hermietkreeft.site/?007ac25790566bf6#Atys23HGdXRxLJLpEs8FNaLfB1TvngZj2MBUpSMggyjZ\" target=\"_blank\" rel=\"noopener\">.torrent file only</a>] <br><img src=\"https://torrent-stats.info/86e5/272bceced.png\" style=\"display:block;clear:both\"></li><li><a href=\"http://rutor.info/torrent/844264/age-of-empires-iv-4k-hdr-video-pack-2021-pc-repack-ot-fitgirl\" target=\"_blank\" rel=\"noopener\">RuTor</a> [<a href=\"magnet:?xt=urn:btih:9388f8d0a5c91cda234386e56878da73597785b7&amp;dn=rutor.info_Age+of+Empires+IV%3A+4K+HDR+Video+Pack+%282021%29+PC+%7C+Repack+%D0%BE%D1%82+FitGirl&amp;tr=udp://opentor.net:6969&amp;tr=udp://opentor.org:2710&amp;tr=http://retracker.local/announce\">magnet</a>]</li><li><a href=\"https://tapochek.net/viewtopic.php?p=2810447\" target=\"_blank\" rel=\"noopener\">Tapochek.net</a></li><li><a href=\"https://pastefg.hermietkreeft.site/?d1562a150ef99de2#Ha2LmT6nkrzMW2qnERrsS7JMARtY7zpoBy3MfSw7nTFq\" target=\"_blank\" rel=\"noopener\">Filehoster: OneDrive</a> (Uploaded by DyR0 t(-_-t), NOT compatible with other mirrors)</li></ul><p><b>4K HDR Video Pack Repack Features</b></p><ul><li>Based on 4K HDR Video Pack Steam release with all localizations: 131.7 GB</li><li>This repack can be installed over my repack or any other repack w/o 4K HDR Videos</li><li>100% Lossless &amp; MD5 Perfect: all files are identical to originals after installation</li><li>NOTHING ripped, NOTHING re-encoded</li><li>Selective Download feature: you may skip downloading and installing of 4K \u201cHands on History\u201d documentaries (unlocked during the campaign) and 4K video packs for languages you don\u2019t need. Keep in mind that for proper gaming experience at least one of the videos pack for your language must be downloaded and installed</li><li>Significantly smaller archive size (compressed from 131.7 to 14.7~88.6 GB, depending on selected components)</li><li>Installation takes 5-10 minutes for any single language</li><li>After-install integrity check so you could make sure that everything installed properly</li><li>HDD space after installation: adds up to 131.7 GB to existing installation</li><li>At least 2 GB of free RAM (inc. virtual) required for installing this repack</li></ul><div ><div Selective Download (4K HDR Video Pack)</div><div ><p>You can skip downloading of files you don\u2019t need.Here is the list of such files:</p><ul><li>fg-4k-videos-selective-english.bin (REQUIRED for English, Russian, Turkish, Vietnamese languages)</li><li>fg-4k-videos-selective-all-non-english.bin (REQUIRED for all languages but English, Russian, Turkish &amp; Vietnamese)</li><li>fg-4k-videos-selective-brazilian.bin</li><li>fg-4k-videos-selective-chinese.bin</li><li>fg-4k-videos-selective-french.bin</li><li>fg-4k-videos-selective-german.bin</li><li>fg-4k-videos-selective-italian.bin</li><li>fg-4k-videos-selective-japanese.bin</li><li>fg-4k-videos-selective-korean.bin</li><li>fg-4k-videos-selective-spanish.bin</li><li>fg-4k-videos-optional-documentaries.bin (\u201cHands on History\u201d documentaries in 4K)</li></ul></div></div>             </div>"
}