{
    "link": "https://fitgirl-repacks.site/airplane-racer-2021/",
    "title": "Airplane Racer 2021",
    "first_img": "https://i1.imageban.ru/out/2021/11/07/a238f03d14f61d1fd96022ee02e096ea.jpg",
    "second_img": "https://s01.riotpixels.net/data/79/7c/797c149c-0a19-4187-a2d0-1b31bc292ca0.jpg.240p.jpg",
    "body": "<div ><h2>Airplane Racer 2021</h2><p ><div><a target=\"_blank\" href=\"https://en.riotpixels.com/games/airplane-racer-2021/\" rel=\"noopener\"><img class=\"alignleft\" width=\"150\" src=\"https://i1.imageban.ru/out/2021/11/07/a238f03d14f61d1fd96022ee02e096ea.jpg\"></a></div><br>Genres/Tags: <strong>Arcade, Racing, Third-person, 3D</strong><br>Companies: <strong>\u00d6zg\u00fcn BURSALIO\u011eLU</strong><br>Languages: <strong>ENG/FRA</strong><br>Original Size: <strong>955 MB</strong><br>Repack Size: <strong>321 MB</strong></p>&nbsp;<div>&nbsp;</div><h3>Download Mirrors</h3><ul><li><a href=\"https://1337x.to/torrent/5043916/Airplane-Racer-2021-ENG-FRA-FitGirl-Repack/\" target=\"_blank\" rel=\"noopener\">1337x</a> | [<a href=\"magnet:?xt=urn:btih:FA551C913E62778E1D46D19E603A771A95114C14&amp;dn=Airplane+Racer+2021+%28ENG%2FFRA%29+%5BFitGirl+Repack%5D&amp;tr=udp%3A%2F%2F46.148.18.250%3A2710&amp;tr=udp%3A%2F%2Fopentor.org%3A2710&amp;tr=udp%3A%2F%2Ftracker.coppersurfer.tk%3A6969%2Fannounce&amp;tr=udp%3A%2F%2Ftracker.opentrackr.org%3A1337%2Fannounce&amp;tr=http%3A%2F%2Ftracker.dler.org%3A6969%2Fannounce&amp;tr=udp%3A%2F%2Ftracker.leechers-paradise.org%3A6969%2Fannounce&amp;tr=udp%3A%2F%2F9.rarbg.me%3A2730%2Fannounce&amp;tr=udp%3A%2F%2F9.rarbg.to%3A2770%2Fannounce&amp;tr=udp%3A%2F%2Ftracker.pirateparty.gr%3A6969%2Fannounce&amp;tr=http%3A%2F%2Fretracker.local%2Fannounce&amp;tr=http%3A%2F%2Fretracker.ip.ncnet.ru%2Fannounce&amp;tr=udp%3A%2F%2Fexodus.desync.com%3A6969%2Fannounce&amp;tr=udp%3A%2F%2Fipv4.tracker.harry.lu%3A80%2Fannounce&amp;tr=udp%3A%2F%2Fopen.stealth.si%3A80%2Fannounce&amp;tr=udp%3A%2F%2Ftracker.zer0day.to%3A1337%2Fannounce&amp;tr=udp%3A%2F%2Ftracker.leechers-paradise.org%3A6969%2Fannounce&amp;tr=udp%3A%2F%2Fcoppersurfer.tk%3A6969%2Fannounce\">magnet</a>] [<a href=\"https://pastefg.hermietkreeft.site/?9265cf89280b9e35#69j9m1etdKBbXCNRLSEWVUyPr6HJWkU7taZAhbKWwuAr\" target=\"_blank\" rel=\"noopener\">.torrent file only</a>] <br><img src=\"https://torrent-stats.info/d19e/3ce1b9412.png\" style=\"display:block;clear:both\"></li><li><a href=\"https://tapochek.net/viewtopic.php?p=2810548\" target=\"_blank\" rel=\"noopener\">Tapochek.net</a></li><li><a href=\"https://pastefg.hermietkreeft.site/?91f78f5b27cf4dd8#AbMdTAzWKBehXMyTDAYEQhCXxQjyyZGiVjqrrz5SCZyk\" target=\"_blank\" rel=\"noopener\">Filehoster: MultiUpload</a> (10+ hosters, interchangeable) [Use <a href=\"http://jdownloader.org/jdownloader2\" target=\"_blank\" rel=\"noopener\">JDownloader2</a>]</li><li><a href=\"https://pastefg.hermietkreeft.site/?71e5b340c2af6733#J6cgHRyvcXi7oAJLu9AapxxM4N2CXiQfHNJ6NqDWcAFA\" target=\"_blank\" rel=\"noopener\">Filehoster: ZippyShare</a></li><li><a href=\"https://pastefg.hermietkreeft.site/?af36b36002c7d52e#AULxRjg15o8ab53dbuQoTqjqCudSxxJNRXyYGufoLaLj\" target=\"_blank\" rel=\"noopener\">Filehoster: BayFiles</a></li><li><a href=\"https://pastefg.hermietkreeft.site/?591640692bf92f76#HRzCjgzQC1ijyq7D3YRxsemGy12cHdibV7c1ZNTYCsDr\" target=\"_blank\" rel=\"noopener\">Filehoster: LetsUpload</a> [Use <a href=\"http://jdownloader.org/jdownloader2\" target=\"_blank\" rel=\"noopener\">JDownloader2</a>]</li><li><a href=\"https://pastefg.hermietkreeft.site/?199836cf30f07ed9#2gaFMaUo3Fdmd1AT2dgbyoeTFB32a3xjA63iT4hi3cx1\" target=\"_blank\" rel=\"noopener\">Filehoster: OneDrive</a> (Uploaded by DyR0 t(-_-t), NOT compatible with other mirrors)</li><p><!--  <li><a href=\"\" target=\"_blank\" rel=\"noopener\">Filehosters: Google Drive, OneDrive + others</a> (Uploaded by crackhub213)</li>  --></p></ul><p><a href=\"https://cs.rin.ru/forum/viewtopic.php?f=10&amp;t=117070\" target=\"_blank\" rel=\"noopener\">Discussion and (possible) future updates on CS.RIN.RU thread</a></p><h3>Screenshots (Click to enlarge)</h3><p><a target=\"_blank\" href=\"https://en.riotpixels.com/games/airplane-racer-2021/screenshots/5/?utm_source=emb-gfx-html&amp;utm_medium=image&amp;utm_campaign=rp-mass\" rel=\"noopener\"><img loading=\"lazy\" width=\"178\" height=\"100\" border=\"0\" src=\"https://s01.riotpixels.net/data/79/7c/797c149c-0a19-4187-a2d0-1b31bc292ca0.jpg.240p.jpg\"></a><a target=\"_blank\" href=\"https://en.riotpixels.com/games/airplane-racer-2021/screenshots/4/?utm_source=emb-gfx-html&amp;utm_medium=image&amp;utm_campaign=rp-mass\" rel=\"noopener\"><img loading=\"lazy\" width=\"178\" height=\"100\" border=\"0\" src=\"https://s01.riotpixels.net/data/92/fe/92feab28-c891-40a3-a225-4ba6f49b2960.jpg.240p.jpg\"></a><a target=\"_blank\" href=\"https://en.riotpixels.com/games/airplane-racer-2021/screenshots/3/?utm_source=emb-gfx-html&amp;utm_medium=image&amp;utm_campaign=rp-mass\" rel=\"noopener\"><img loading=\"lazy\" width=\"178\" height=\"100\" border=\"0\" src=\"https://s01.riotpixels.net/data/c5/ba/c5ba7bbf-8cdd-4d70-b8b8-bc9263fec425.jpg.240p.jpg\"></a><br><a target=\"_blank\" href=\"https://en.riotpixels.com/games/airplane-racer-2021/screenshots/2/?utm_source=emb-gfx-html&amp;utm_medium=image&amp;utm_campaign=rp-mass\" rel=\"noopener\"><img loading=\"lazy\" width=\"178\" height=\"100\" border=\"0\" src=\"https://s01.riotpixels.net/data/d9/62/d962aa71-9025-4c3d-82a3-15113125ca7f.jpg.240p.jpg\"></a><a target=\"_blank\" href=\"https://en.riotpixels.com/games/airplane-racer-2021/screenshots/1/?utm_source=emb-gfx-html&amp;utm_medium=image&amp;utm_campaign=rp-mass\" rel=\"noopener\"><img loading=\"lazy\" width=\"178\" height=\"100\" border=\"0\" src=\"https://s01.riotpixels.net/data/27/cc/27cc5ecb-64b1-4fca-b4f6-1b0c146cf645.jpg.240p.jpg\"></a></p><h3>Repack Features</h3><ul><li>Based on Airplane.Racer.2021-DARKSiDERS ISO release: ds-airplaneracer2021.iso (1,000,914,944 bytes)</li><li>100% Lossless &amp; MD5 Perfect: all files are identical to originals after installation</li><li>NOTHING ripped, NOTHING re-encoded</li><li>Significantly smaller archive size (compressed from 955 to 321 MB)</li><li>Installation takes 30 seconds</li><li>After-install integrity check so you could make sure that everything installed properly</li><li>HDD space after installation: 1.6 GB</li><li>Language can be changed in game settings</li><li>At least 2 GB of free RAM (inc. virtual) required for installing this repack</li></ul><div ><div><h2>Game Description</h2></div><div >Fasten your seatbelts and get ready for this realistic arcade styled flight game. Fly by yourself or in offline versus mode. Unlock new items and tracks as you progress. Play with your gamepad or your keyboard. Race with your opponents with weapons and shields. Follow up yourself on the leaderboard.<p><b><h3>Game Features</h3></b></p><ul><li>Airplane controller</li><li>Booster cooldown system</li><li>Enemy AI</li><li>Dogfight system with 5 weapons (machine gun, missiles, mines, shield and repair)</li><li>Alternative routes</li><li>Solo and Versus modes</li><li>3 gameplay modes (Championship, Arcade and Time Trial)</li><li>3 difficulty levels</li><li>Local Leaderboard</li><li>Unlock system: items or tracks unlock as you progress</li><li>Countdown system</li></ul></div></div>             </div>"
}