{
    "link": "https://fitgirl-repacks.site/akibas-trip-hellbound-and-debriefed/",
    "title": "AKIBA\u2019S TRIP: Hellbound & Debriefed",
    "first_img": "https://i3.imageban.ru/out/2021/07/23/8feb2c1308d882801c91d0acc2b9ebeb.jpg",
    "second_img": "https://s01.riotpixels.net/data/3d/20/3d209f05-c283-4c1d-aa7b-2b79bb97ec56.jpg.240p.jpg",
    "body": "<div ><h2>AKIBA\u2019S TRIP: Hellbound & Debriefed</h2><p ><div><a target=\"_blank\" href=\"https://en.riotpixels.com/games/akibas-trip-hellbound-and-debriefed/\" rel=\"noopener\"><img class=\"alignleft\" width=\"150\" src=\"https://i3.imageban.ru/out/2021/07/23/8feb2c1308d882801c91d0acc2b9ebeb.jpg\"></a></div><br>Genres/Tags: <strong>Action, RPG, Beat\u2019em up, Third-person, 3D</strong><br>Companies: <strong>ACQUIRE Corp., XSEED Games, Marvelous USA, Inc.</strong><br>Languages: <strong>ENG/MULTI5</strong><br>Original Size: <strong>2.2 GB</strong><br>Repack Size: <strong>from 937 MB</strong> [Selective Download]</p>&nbsp;<div>&nbsp;</div><h3>Download Mirrors</h3><ul><li><a href=\"https://1337x.to/torrent/4928501/AKIBA-S-TRIP-Hellbound-Debriefed-MULTi5-FitGirl-Repack-Selective-Download-from-937-MB/\" target=\"_blank\" rel=\"noopener\">1337x</a> | [<a href=\"magnet:?xt=urn:btih:F28857655983068EC4D5797255239B510C71079C&amp;dn=AKIBA%26%23039%3BS+TRIP%3A+Hellbound+%26amp%3B+Debriefed+%28MULTi5%29+%5BFitGirl+Repack%2C+Selective+Download+-+from+937+MB%5D&amp;tr=udp%3A%2F%2F46.148.18.250%3A2710&amp;tr=udp%3A%2F%2Fopentor.org%3A2710&amp;tr=udp%3A%2F%2Ftracker.coppersurfer.tk%3A6969%2Fannounce&amp;tr=udp%3A%2F%2Ftracker.opentrackr.org%3A1337%2Fannounce&amp;tr=http%3A%2F%2Ftracker.dler.org%3A6969%2Fannounce&amp;tr=udp%3A%2F%2Ftracker.leechers-paradise.org%3A6969%2Fannounce&amp;tr=udp%3A%2F%2F9.rarbg.me%3A2730%2Fannounce&amp;tr=udp%3A%2F%2F9.rarbg.to%3A2770%2Fannounce&amp;tr=udp%3A%2F%2Ftracker.pirateparty.gr%3A6969%2Fannounce&amp;tr=http%3A%2F%2Fretracker.local%2Fannounce&amp;tr=http%3A%2F%2Fretracker.ip.ncnet.ru%2Fannounce&amp;tr=udp%3A%2F%2Fexodus.desync.com%3A6969%2Fannounce&amp;tr=udp%3A%2F%2Fipv4.tracker.harry.lu%3A80%2Fannounce&amp;tr=udp%3A%2F%2Fopen.stealth.si%3A80%2Fannounce&amp;tr=udp%3A%2F%2Ftracker.zer0day.to%3A1337%2Fannounce&amp;tr=udp%3A%2F%2Ftracker.leechers-paradise.org%3A6969%2Fannounce&amp;tr=udp%3A%2F%2Fcoppersurfer.tk%3A6969%2Fannounce\">magnet</a>] [<a href=\"https://pastefg.hermietkreeft.site/?5e7fd7066b2299f4#7GHEibsvMSs4VM98Fzpr8DjYkuhngEBfzk5tgHwJD6Dq\" target=\"_blank\" rel=\"noopener\">.torrent file only</a>] <br><img src=\"https://torrent-stats.info/7972/225716444.png\" style=\"display:block;clear:both\"></li><li><a href=\"https://tapochek.net/viewtopic.php?p=2790410\" target=\"_blank\" rel=\"noopener\">Tapochek.net</a></li><li><a href=\"https://pastefg.hermietkreeft.site/?d8a4e28850e64672#8zkrnVouvYTJBauqyMDCv5xS9mhrVJUH7ioaS4G1jE34\" target=\"_blank\" rel=\"noopener\">Filehoster: MultiUpload</a> (10+ hosters, interchangeable) [Use <a href=\"http://jdownloader.org/jdownloader2\" target=\"_blank\" rel=\"noopener\">JDownloader2</a>]</li><li><a href=\"https://pastefg.hermietkreeft.site/?9648e224687c1437#AfRiYVQK9UAij6K4UUypC5mEFxJeRR47yV1qm33CTiS6\" target=\"_blank\" rel=\"noopener\">Filehoster: PixelDrain</a></li><li><a href=\"https://pastefg.hermietkreeft.site/?34b463a75fa2b2c3#64zWxkhQYSHDcyqJzNZ3sJf8QxYCyBgyWD2LCryeA72v\" target=\"_blank\" rel=\"noopener\">Filehoster: ZippyShare</a></li><li><a href=\"https://pastefg.hermietkreeft.site/?cd60fb704cef40c6#736aPNYEeMEvv1zNPNhb4YhL1PLkNDHCRBj7zfghzEhQ\" target=\"_blank\" rel=\"noopener\">Filehoster: LetsUpload</a> [Use <a href=\"http://jdownloader.org/jdownloader2\" target=\"_blank\" rel=\"noopener\">JDownloader2</a>]</li><li><a href=\"https://crackhub.site/akibas-trip-hellbound-debriefed-fitgirl-repack/\" target=\"_blank\" rel=\"noopener\">Filehosters: Google Drive, OneDrive + others</a> (Uploaded by crackhub213)</li><li><a href=\"https://pastefg.hermietkreeft.site/?f2d6542ea12f0b03#tN6SJPZXqqNRQc4XM8aGXdP9ZSa19sUh5bshVzMxYxL\" target=\"_blank\" rel=\"noopener\">Filehoster: OneDrive</a> (Uploaded by DyR0 t(-_-t), NOT compatible with other mirrors)</li></ul><p><a href=\"https://cs.rin.ru/forum/viewtopic.php?f=10&amp;t=113284\" target=\"_blank\" rel=\"noopener\">Discussion and (possible) future updates on CS.RIN.RU thread</a></p><h3>Screenshots (Click to enlarge)</h3><p><a target=\"_blank\" href=\"https://en.riotpixels.com/games/akibas-trip-hellbound-and-debriefed/screenshots/11/?utm_source=emb-gfx-html&amp;utm_medium=image&amp;utm_campaign=rp-mass\" rel=\"noopener\"><img loading=\"lazy\" width=\"178\" height=\"100\" border=\"0\" src=\"https://s01.riotpixels.net/data/3d/20/3d209f05-c283-4c1d-aa7b-2b79bb97ec56.jpg.240p.jpg\"></a><a target=\"_blank\" href=\"https://en.riotpixels.com/games/akibas-trip-hellbound-and-debriefed/screenshots/10/?utm_source=emb-gfx-html&amp;utm_medium=image&amp;utm_campaign=rp-mass\" rel=\"noopener\"><img loading=\"lazy\" width=\"178\" height=\"100\" border=\"0\" src=\"https://s01.riotpixels.net/data/04/ee/04eed5ca-cf65-4ce4-9d4c-1cc86e082e4a.jpg.240p.jpg\"></a><a target=\"_blank\" href=\"https://en.riotpixels.com/games/akibas-trip-hellbound-and-debriefed/screenshots/9/?utm_source=emb-gfx-html&amp;utm_medium=image&amp;utm_campaign=rp-mass\" rel=\"noopener\"><img loading=\"lazy\" width=\"178\" height=\"100\" border=\"0\" src=\"https://s01.riotpixels.net/data/e9/94/e9947734-d377-498e-943d-86987ee7f0b3.jpg.240p.jpg\"></a><br><a target=\"_blank\" href=\"https://en.riotpixels.com/games/akibas-trip-hellbound-and-debriefed/screenshots/4/?utm_source=emb-gfx-html&amp;utm_medium=image&amp;utm_campaign=rp-mass\" rel=\"noopener\"><img loading=\"lazy\" width=\"178\" height=\"100\" border=\"0\" src=\"https://s01.riotpixels.net/data/68/a9/68a96192-37b9-4d66-8f65-973cb7f67a95.jpg.240p.jpg\"></a><a target=\"_blank\" href=\"https://en.riotpixels.com/games/akibas-trip-hellbound-and-debriefed/screenshots/3/?utm_source=emb-gfx-html&amp;utm_medium=image&amp;utm_campaign=rp-mass\" rel=\"noopener\"><img loading=\"lazy\" width=\"178\" height=\"100\" border=\"0\" src=\"https://s01.riotpixels.net/data/a9/56/a95615e9-2631-4c8c-8e9f-368c7d4f9e4a.jpg.240p.jpg\"></a><a target=\"_blank\" href=\"https://en.riotpixels.com/games/akibas-trip-hellbound-and-debriefed/screenshots/1/?utm_source=emb-gfx-html&amp;utm_medium=image&amp;utm_campaign=rp-mass\" rel=\"noopener\"><img loading=\"lazy\" width=\"178\" height=\"100\" border=\"0\" src=\"https://s01.riotpixels.net/data/44/96/4496494d-c54e-4e31-a03c-9c8254da35cc.jpg.240p.jpg\"></a></p><h3>Repack Features</h3><ul><li>Based on AKIBAS.TRIP.Hellbound.and.Debriefed-DOGE ISO release: wow-akibas.trip.hellbound.and.debriefed.iso (2,312,134,656 bytes)</li><li>100% Lossless &amp; MD5 Perfect: all files are identical to originals after installation</li><li>NOTHING ripped, NOTHING re-encoded</li><li>Selective Download feature \u2013 you may skip downloading and installing of English/Japanese voiceovers (make sure to enable the downloaded option in game\u2019s launcher settings)</li><li>Significantly smaller archive size (compressed from 2.2 GB to 937 MB ~ 1.2 GB, depending on selected components)</li><li>Installation takes 3-5 minutes (depending on your system and selected components)</li><li>After-install integrity check so you could make sure that everything installed properly</li><li>HDD space after installation: up to 1.9 GB (2.3 GB during installation)</li><li>Language can be changed in game launcher settings</li><li>At least 2 GB of free RAM (inc. virtual) required for installing this repack</li></ul><div ><div><h2>Game Description</h2></div><div >Supernatural creatures are stalking the pop culture mecca of Akihabara\u2014and you know that because they\u2019ve turned you into one of them. Their only weakness, and yours, is sunlight, which means there\u2019s only one way to stop them: call them out on the streets, knock their clothes off, and expose their skin before they can do it to you.<p>Arm yourself with a rolled-up poster, a guitar, a laptop, a magical girl wand, or (if you insist) an actual weapon, then hit Akihabara\u2019s colorful streets. Browse recreations of real-life shops circa 2011, mingle with Akiba\u2019s residents and tourists, and discover the town\u2019s many secrets.</p><p>Will you work with the secret paranormal-hunting agency, give the creatures a fair shake (hey, some of them seem all right), or just look out for your otaku friends? Choose your side, choose your missions, and enjoy a freewheeling adventure with AKIBA\u2019S TRIP: Hellbound &amp; Debriefed.</p><p><b><h3>Game Features</h3></b></p><ul><li><b>Playful Reimagining of Japan\u2019s Electronics Mecca:</b> Take a virtual tour of 2011\u2019s Akihabara district recreated in painstaking detail, complete with accurate street layouts and shops based on real businesses operating at the time.</li><li><b>Fight Like a Nerd:</b> Wield an arsenal of replicas, collectibles, and other amusing objects as you humiliate vampires into submission in this playful twist on the 3D beat \u2019em up genre, all while wearing a stylish array of customizable clothes and costumes.</li><li><b>Your Choices Matter:</b> Choose which faction to support in the fight for Akihabara and watch as your decisions affect the course of the story, culminating in one of several different endings.</li><li><b>Full Dual Audio:</b> Enjoy hours of voiced-over banter in your choice of English or the original Japanese.</li></ul></div></div>             </div>"
}