{
    "link": "https://fitgirl-repacks.site/alan-wake-remastered/",
    "title": "Alan Wake Remastered \u2013 Build 33793 + 3 DLCs",
    "first_img": "https://i1.imageban.ru/out/2021/10/06/ee4ae21c1de9ead0d9f61c6f8c9bcfa1.jpg",
    "second_img": "https://s01.riotpixels.net/data/12/28/1228bee7-5562-40f2-9c0b-3b75426e99f1.jpg.240p.jpg",
    "body": "<div ><h2>Alan Wake Remastered \u2013 Build 33793 + 3 DLCs</h2><p ><div><a target=\"_blank\" href=\"https://en.riotpixels.com/games/alan-wake-remastered/\" rel=\"noopener\"><img class=\"alignleft\" width=\"150\" src=\"https://i1.imageban.ru/out/2021/10/06/ee4ae21c1de9ead0d9f61c6f8c9bcfa1.jpg\"></a></div><br>Genres/Tags: <strong>Action, Shooter, Horror, Third-person, 3D</strong><br>Companies: <strong>Remedy Entertainment, Epic Games Publishing</strong><br>Languages: <strong>RUS/ENG/MULTI14</strong><br><strong style=\"color:red\">This game REQUIRES Windows 10</strong><br>Original Size: <strong>27.8 GB</strong><br>Repack Size: <strong>from 20.7 GB</strong> [Selective Download]</p>&nbsp;<div>&nbsp;</div><h3>Download Mirrors</h3><ul><li><a href=\"https://1337x.to/torrent/5007923/Alan-Wake-Remastered-Build-33793-3-DLCs-MULTi14-FitGirl-Repack-Selective-Download-from-20-7-GB/\" target=\"_blank\" rel=\"noopener\">1337x</a> | [<a href=\"magnet:?xt=urn:btih:F591E0795E046C0AFACBA6CC89458069AC19674F&amp;dn=Alan+Wake+Remastered+%28Build+33793+%2B+3+DLCs%2C+MULTi14%29+%5BFitGirl+Repack%2C+Selective+Download+-+from+20.7+GB%5D&amp;tr=udp%3A%2F%2F46.148.18.250%3A2710&amp;tr=udp%3A%2F%2Fopentor.org%3A2710&amp;tr=udp%3A%2F%2Ftracker.coppersurfer.tk%3A6969%2Fannounce&amp;tr=udp%3A%2F%2Ftracker.opentrackr.org%3A1337%2Fannounce&amp;tr=http%3A%2F%2Ftracker.dler.org%3A6969%2Fannounce&amp;tr=udp%3A%2F%2Ftracker.leechers-paradise.org%3A6969%2Fannounce&amp;tr=udp%3A%2F%2F9.rarbg.me%3A2730%2Fannounce&amp;tr=udp%3A%2F%2F9.rarbg.to%3A2770%2Fannounce&amp;tr=udp%3A%2F%2Ftracker.pirateparty.gr%3A6969%2Fannounce&amp;tr=http%3A%2F%2Fretracker.local%2Fannounce&amp;tr=http%3A%2F%2Fretracker.ip.ncnet.ru%2Fannounce&amp;tr=udp%3A%2F%2Fexodus.desync.com%3A6969%2Fannounce&amp;tr=udp%3A%2F%2Fipv4.tracker.harry.lu%3A80%2Fannounce&amp;tr=udp%3A%2F%2Fopen.stealth.si%3A80%2Fannounce&amp;tr=udp%3A%2F%2Ftracker.zer0day.to%3A1337%2Fannounce&amp;tr=udp%3A%2F%2Ftracker.leechers-paradise.org%3A6969%2Fannounce&amp;tr=udp%3A%2F%2Fcoppersurfer.tk%3A6969%2Fannounce\">magnet</a>] [<a href=\"https://pastefg.hermietkreeft.site/?74ec2ae957e95696#CoHXQha1J8UY9pwgxqpSgRtSPBNqYXeZrRVf9pNc2GBJ\" target=\"_blank\" rel=\"noopener\">.torrent file only</a>] <br><img src=\"https://torrent-stats.info/a6cc/2ff623b60.png\" style=\"display:block;clear:both\"></li><li><a href=\"http://rutor.info/torrent/838104/alan-wake-remastered-build-33793-dlcs-2021-pc-repack-ot-fitgirl\" target=\"_blank\" rel=\"noopener\">RuTor</a> [<a href=\"magnet:?xt=urn:btih:f591e0795e046c0afacba6cc89458069ac19674f&amp;dn=rutor.info_Alan+Wake+Remastered+%5BBuild+33793+%2B+DLCs%5D+%282021%29+PC+%7C+RePack+%D0%BE%D1%82+FitGirl&amp;tr=udp://opentor.net:6969&amp;tr=udp://opentor.org:2710&amp;tr=http://retracker.local/announce\">magnet</a>]</li><li><a href=\"https://tapochek.net/viewtopic.php?p=2804438\" target=\"_blank\" rel=\"noopener\">Tapochek.net</a></li><li><a href=\"https://pastefg.hermietkreeft.site/?1ea4b6db809b3a79#BbdCL939gR55XzULo66iitzXPWgJFi4DjC7iCTAvXxvG\" target=\"_blank\" rel=\"noopener\">Filehoster: MultiUpload</a> (10+ hosters, interchangeable) [Use <a href=\"http://jdownloader.org/jdownloader2\" target=\"_blank\" rel=\"noopener\">JDownloader2</a>]</li><li><a href=\"https://pastefg.hermietkreeft.site/?fe68c660110746cc#CNyXnNxMsM9q6JeMkw87AnSBkAXjDKuH3BQGyUsvvbZo\" target=\"_blank\" rel=\"noopener\">Filehoster: PixelDrain</a></li><li><a href=\"https://pastefg.hermietkreeft.site/?3bbfca189c077089#AVm2kEeF8uXAhmBuvqjdEhmWyS1Fc5mWsYZWtipx5vK\" target=\"_blank\" rel=\"noopener\">Filehoster: ZippyShare</a></li><li><a href=\"https://pastefg.hermietkreeft.site/?fc038800158f87b1#52Zkhi6PSdunX6VbXpvTKbXqfDckAzJpahrStE6Ng1ko\" target=\"_blank\" rel=\"noopener\">Filehoster: LetsUpload</a> [Use <a href=\"http://jdownloader.org/jdownloader2\" target=\"_blank\" rel=\"noopener\">JDownloader2</a>]</li><li><a href=\"https://pastefg.hermietkreeft.site/?ba062da447809f04#3UVFYYxh2pwnDvtpzAYHwmKjZwzzs69v7n1cTwZyBFgP\" target=\"_blank\" rel=\"noopener\">Filehoster: OneDrive</a> (Uploaded by DyR0 t(-_-t), NOT compatible with other mirrors)</li></ul><p><a href=\"https://cs.rin.ru/forum/viewtopic.php?f=38&amp;t=115670\" target=\"_blank\" rel=\"noopener\">Discussion and (possible) future updates on CS.RIN.RU thread</a></p><h3>Screenshots (Click to enlarge)</h3><p><a target=\"_blank\" href=\"https://en.riotpixels.com/games/alan-wake-remastered/screenshots/15/?utm_source=emb-gfx-html&amp;utm_medium=image&amp;utm_campaign=rp-mass\" rel=\"noopener\"><img loading=\"lazy\" width=\"178\" height=\"100\" border=\"0\" src=\"https://s01.riotpixels.net/data/12/28/1228bee7-5562-40f2-9c0b-3b75426e99f1.jpg.240p.jpg\"></a><a target=\"_blank\" href=\"https://en.riotpixels.com/games/alan-wake-remastered/screenshots/9/?utm_source=emb-gfx-html&amp;utm_medium=image&amp;utm_campaign=rp-mass\" rel=\"noopener\"><img loading=\"lazy\" width=\"178\" height=\"100\" border=\"0\" src=\"https://s01.riotpixels.net/data/ba/8b/ba8b6287-15b0-4ddb-8144-49725a10d4c0.jpg.240p.jpg\"></a><a target=\"_blank\" href=\"https://en.riotpixels.com/games/alan-wake-remastered/screenshots/8/?utm_source=emb-gfx-html&amp;utm_medium=image&amp;utm_campaign=rp-mass\" rel=\"noopener\"><img loading=\"lazy\" width=\"178\" height=\"100\" border=\"0\" src=\"https://s01.riotpixels.net/data/46/96/4696ea45-8bbb-47bf-bd80-b65c44886859.jpg.240p.jpg\"></a><br><a target=\"_blank\" href=\"https://en.riotpixels.com/games/alan-wake-remastered/screenshots/7/?utm_source=emb-gfx-html&amp;utm_medium=image&amp;utm_campaign=rp-mass\" rel=\"noopener\"><img loading=\"lazy\" width=\"178\" height=\"100\" border=\"0\" src=\"https://s01.riotpixels.net/data/77/cd/77cde170-4cf8-4b08-9e0a-4f59f8927c53.jpg.240p.jpg\"></a><a target=\"_blank\" href=\"https://en.riotpixels.com/games/alan-wake-remastered/screenshots/4/?utm_source=emb-gfx-html&amp;utm_medium=image&amp;utm_campaign=rp-mass\" rel=\"noopener\"><img loading=\"lazy\" width=\"178\" height=\"100\" border=\"0\" src=\"https://s01.riotpixels.net/data/62/92/629226ba-70fb-43e3-9cef-a6eb4b0557e2.jpg.240p.jpg\"></a><a target=\"_blank\" href=\"https://en.riotpixels.com/games/alan-wake-remastered/screenshots/3/?utm_source=emb-gfx-html&amp;utm_medium=image&amp;utm_campaign=rp-mass\" rel=\"noopener\"><img loading=\"lazy\" width=\"178\" height=\"100\" border=\"0\" src=\"https://s01.riotpixels.net/data/8e/2a/8e2a6758-c63b-45cf-946a-17a25c052852.jpg.240p.jpg\"></a></p><h3>Repack Features</h3><ul><li>Based on Alan.Wake.Remastered-CODEX ISO release: codex-alan.wake.remastered.iso (29,893,328,896 bytes)</li><li>Game version: Build 33793; 3 DLCs are included and activated</li><li>100% Lossless &amp; MD5 Perfect: all files are identical to originals after installation</li><li>NOTHING ripped, NOTHING re-encoded</li><li>Selective Download feature: you may skip downloading of localization packs you don\u2019t need. By default, without optionals, this repack supports English, Russian, Chinese, Czech, Korean, Brazilian Portuguese, Turkish and Polish languages with English voiceovers</li><li>Significantly smaller archive size (compressed from 27.8 to 20.7~21.8 GB, depending on selected components)</li><li>Installation takes 10-20 minutes (depending on your system and selected components)</li><li>After-install integrity check so you could make sure that everything installed properly</li><li>HDD space after installation: up to 37.9 GB</li><li>Language can be changed in \u201cepic_emu.ini\u201d or by adding -locale=NN to the exe parameters, where NN is your language double-digit code</li><li>Repack uses XTool library by Razor12911</li><li>At least 2 GB of free RAM (inc. virtual) required for installing this repack</li></ul><div ><div><h2>Game Description</h2></div><div >In this award-winning cinematic action-thriller, troubled author Alan Wake embarks on a desperate search for his missing wife, Alice. Following her mysterious disappearance from the Pacific Northwest town of Bright Falls, he discovers pages of a horror story he has supposedly written, but he has no memory of.<p>Wake is soon forced to question his sanity, as page by page, the story comes true before his eyes: a hostile presence of supernatural darkness is taking over everyone it finds, turning them against him. He has no choice but to confront the forces of darkness armed only with his flashlight, a handgun and what remains of his shredded mind. His nightmarish journey to find answers to the mind-bending mystery he faces will lead him into the terrifying depths of the night.</p><p>Alan Wake Remastered offers the complete experience, with the main game and its two story expansions \u2013 The Signal and The Writer \u2013 in stunning new 4K visuals. The tense, episodic story is packed with unexpected twists, heart-stopping cliff hangers, and intense bursts of combat where it takes more than bullets to banish the darkness. The game\u2019s cutscenes, quirky cast of characters, and the majestic Pacific Northwest vistas have been enhanced for an experience that delivers as much on its visual impact as its unnerving atmosphere.</p><p><b>Included DLCs:</b></p><ul><li>The Signal Episode</li><li>The Writer Episode</li><li>New Director Commentary</li></ul></div></div>             </div>"
}