{
    "link": "https://fitgirl-repacks.site/alan-wakes-american-nightmare/",
    "title": "Alan Wake\u2019s American Nightmare + Bonus Content",
    "first_img": "https://i4.imageban.ru/out/2021/10/06/493ff6b7177f9eb34a2bdd18d19a4752.jpg",
    "second_img": "https://s01.riotpixels.net/data/e2/b0/e2b0c5a3-cada-4952-9014-518b92e38c72.jpg.240p.jpg",
    "body": "<div ><h2>Alan Wake\u2019s American Nightmare + Bonus Content</h2><p ><div><a target=\"_blank\" href=\"https://en.riotpixels.com/games/alan-wakes-american-nightmare/\" rel=\"noopener\"><img class=\"alignleft\" width=\"150\" src=\"https://i4.imageban.ru/out/2021/10/06/493ff6b7177f9eb34a2bdd18d19a4752.jpg\"></a></div><br>Genres/Tags: <strong>Action, Shooter, Horror, Third-person, 3D</strong><br>Company: <strong>Remedy Entertainment</strong><br>Languages: <strong>RUS/ENG/MULTI10</strong><br>Original Size: <strong>3.3 GB</strong><br>Repack Size: <strong>from 1.4 GB</strong> [Selective Download]</p>&nbsp;<div>&nbsp;</div><h3>Download Mirrors</h3><ul><li><a href=\"https://1337x.to/torrent/5007840/Alan-Wake-s-American-Nightmare-Bonus-Content-MULTi10-FitGirl-Repack-Selective-Download-from-1-4-GB/\" target=\"_blank\" rel=\"noopener\">1337x</a> | [<a href=\"magnet:?xt=urn:btih:806441AA2ACE75E0D7F36B46AE665285F36B73F8&amp;dn=Alan+Wake%26%23039%3Bs+American+Nightmare+%28%2B+Bonus+Content%2C+MULTi10%29+%5BFitGirl+Repack%2C+Selective+Download+-+from+1.4+GB%5D&amp;tr=udp%3A%2F%2F46.148.18.250%3A2710&amp;tr=udp%3A%2F%2Fopentor.org%3A2710&amp;tr=udp%3A%2F%2Ftracker.coppersurfer.tk%3A6969%2Fannounce&amp;tr=udp%3A%2F%2Ftracker.opentrackr.org%3A1337%2Fannounce&amp;tr=http%3A%2F%2Ftracker.dler.org%3A6969%2Fannounce&amp;tr=udp%3A%2F%2Ftracker.leechers-paradise.org%3A6969%2Fannounce&amp;tr=udp%3A%2F%2F9.rarbg.me%3A2730%2Fannounce&amp;tr=udp%3A%2F%2F9.rarbg.to%3A2770%2Fannounce&amp;tr=udp%3A%2F%2Ftracker.pirateparty.gr%3A6969%2Fannounce&amp;tr=http%3A%2F%2Fretracker.local%2Fannounce&amp;tr=http%3A%2F%2Fretracker.ip.ncnet.ru%2Fannounce&amp;tr=udp%3A%2F%2Fexodus.desync.com%3A6969%2Fannounce&amp;tr=udp%3A%2F%2Fipv4.tracker.harry.lu%3A80%2Fannounce&amp;tr=udp%3A%2F%2Fopen.stealth.si%3A80%2Fannounce&amp;tr=udp%3A%2F%2Ftracker.zer0day.to%3A1337%2Fannounce&amp;tr=udp%3A%2F%2Ftracker.leechers-paradise.org%3A6969%2Fannounce&amp;tr=udp%3A%2F%2Fcoppersurfer.tk%3A6969%2Fannounce\">magnet</a>] [<a href=\"https://pastefg.hermietkreeft.site/?01e815bb0620d42e#BLVN6nGW9eZow3BYme69QLB3pLAzVLviSDvo81kFXmYZ\" target=\"_blank\" rel=\"noopener\">.torrent file only</a>] <br><img src=\"https://torrent-stats.info/6b46/1ed87ce24.png\" style=\"display:block;clear:both\"></li><li><a href=\"http://rutor.info/torrent/838099/alan-wakes-american-nightmare-build-7063-bonus-2012-pc-repack-ot-fitgirl\" target=\"_blank\" rel=\"noopener\">RuTor</a> [<a href=\"magnet:?xt=urn:btih:806441aa2ace75e0d7f36b46ae665285f36b73f8&amp;dn=rutor.info_Alan+Wake%27s+American+Nightmare+%5BBuild+7063+%2B+Bonus%5D+%282012%29+PC+%7C+RePack+%D0%BE%D1%82+FitGirl&amp;tr=udp://opentor.net:6969&amp;tr=udp://opentor.org:2710&amp;tr=http://retracker.local/announce\">magnet</a>]</li><li><a href=\"https://tapochek.net/viewtopic.php?p=2804426\" target=\"_blank\" rel=\"noopener\">Tapochek.net</a></li><li><a href=\"https://pastefg.hermietkreeft.site/?fd892e2ee2494025#F5JJudKVWicYxmcCD2fMQFsfn6TsEyZcbZLPca3DVuH4\" target=\"_blank\" rel=\"noopener\">Filehoster: MultiUpload</a> (10+ hosters, interchangeable) [Use <a href=\"http://jdownloader.org/jdownloader2\" target=\"_blank\" rel=\"noopener\">JDownloader2</a>]</li><li><a href=\"https://pastefg.hermietkreeft.site/?7052baff84c4e778#G9AwA1vB53coWVWxg6bSHUBY7BU29e1PZ4aXiiY9mJju\" target=\"_blank\" rel=\"noopener\">Filehoster: PixelDrain</a></li><li><a href=\"https://pastefg.hermietkreeft.site/?8b2bd9884ff00bf3#2vC29Qo7DWNLJKdXDmwhThTZkvzL41UCfJFQcecbKKzX\" target=\"_blank\" rel=\"noopener\">Filehoster: ZippyShare</a></li><li><a href=\"https://pastefg.hermietkreeft.site/?a041b47e59db747a#GJV6WJk4X7EAvqqtzgjdWjTbkBctjMAoR3K3Fxc6kGoM\" target=\"_blank\" rel=\"noopener\">Filehoster: LetsUpload</a> [Use <a href=\"http://jdownloader.org/jdownloader2\" target=\"_blank\" rel=\"noopener\">JDownloader2</a>]</li><li><a href=\"https://pastefg.hermietkreeft.site/?5fdd4c899b5a048b#5xsb52st6cvqR1sbhmFsHUbZq88L7nkpsZP36TiPgzUw\" target=\"_blank\" rel=\"noopener\">Filehoster: OneDrive</a> (Uploaded by DyR0 t(-_-t), NOT compatible with other mirrors)</li></ul><p><a href=\"https://cs.rin.ru/forum/viewtopic.php?f=10&amp;t=60744\" target=\"_blank\" rel=\"noopener\">Discussion and (possible) future updates on CS.RIN.RU thread</a></p><h3>Screenshots (Click to enlarge)</h3><p><a target=\"_blank\" href=\"https://en.riotpixels.com/games/alan-wakes-american-nightmare/screenshots/60/?utm_source=emb-gfx-html&amp;utm_medium=image&amp;utm_campaign=rp-mass\" rel=\"noopener\"><img loading=\"lazy\" width=\"178\" height=\"100\" border=\"0\" src=\"https://s01.riotpixels.net/data/e2/b0/e2b0c5a3-cada-4952-9014-518b92e38c72.jpg.240p.jpg\"></a><a target=\"_blank\" href=\"https://en.riotpixels.com/games/alan-wakes-american-nightmare/screenshots/27/?utm_source=emb-gfx-html&amp;utm_medium=image&amp;utm_campaign=rp-mass\" rel=\"noopener\"><img loading=\"lazy\" width=\"178\" height=\"100\" border=\"0\" src=\"https://s01.riotpixels.net/data/78/6b/786bfd0b-d402-45d7-a739-3408a669dce9.jpg.240p.jpg\"></a><a target=\"_blank\" href=\"https://en.riotpixels.com/games/alan-wakes-american-nightmare/screenshots/7/?utm_source=emb-gfx-html&amp;utm_medium=image&amp;utm_campaign=rp-mass\" rel=\"noopener\"><img loading=\"lazy\" width=\"178\" height=\"100\" border=\"0\" src=\"https://s01.riotpixels.net/data/0e/f4/0ef40b42-cf4a-4cf0-8fa0-c731dcac564d.jpg.240p.jpg\"></a><br><a target=\"_blank\" href=\"https://en.riotpixels.com/games/alan-wakes-american-nightmare/screenshots/4/?utm_source=emb-gfx-html&amp;utm_medium=image&amp;utm_campaign=rp-mass\" rel=\"noopener\"><img loading=\"lazy\" width=\"178\" height=\"100\" border=\"0\" src=\"https://s01.riotpixels.net/data/1e/7e/1e7e54f9-7bbe-4f5c-be48-b106534bdc6e.jpg.240p.jpg\"></a><a target=\"_blank\" href=\"https://en.riotpixels.com/games/alan-wakes-american-nightmare/screenshots/2/?utm_source=emb-gfx-html&amp;utm_medium=image&amp;utm_campaign=rp-mass\" rel=\"noopener\"><img loading=\"lazy\" width=\"178\" height=\"100\" border=\"0\" src=\"https://s01.riotpixels.net/data/1f/b6/1fb6a4b8-0d2c-44ea-8480-9f6740c10f7c.jpg.240p.jpg\"></a><a target=\"_blank\" href=\"https://en.riotpixels.com/games/alan-wakes-american-nightmare/screenshots/1/?utm_source=emb-gfx-html&amp;utm_medium=image&amp;utm_campaign=rp-mass\" rel=\"noopener\"><img loading=\"lazy\" width=\"178\" height=\"100\" border=\"0\" src=\"https://s01.riotpixels.net/data/34/c3/34c378fb-95a4-48da-8bc4-7e0a9cacc988.jpg.240p.jpg\"></a></p><h3>Repack Features</h3><ul><li>Based on Steam BuildID 7063 (September 20,2016) release: 2.2 GB</li><li>Bonus Content (Wallpapers + OST, 65 MB) and complete Russian localization by Gamesvoice Studio (1 GB) added as optional downloads</li><li>SSE crack/emulator applied over, thanks to Christsnatcher!</li><li>100% Lossless &amp; MD5 Perfect: all files are identical to originals after installation</li><li>NOTHING ripped, NOTHING re-encoded</li><li>Selective Download feature: you may skip downloading and installing of bonus content and Russian localization (can be installed with two options for Alan\u2019s char voice)</li><li>Significantly smaller archive size (compressed from cumulative 3.3 to 1.4~2.2 GB, depending on selected components)</li><li>Installation takes ~3 minutes</li><li>After-install integrity check so you could make sure that everything installed properly</li><li>HDD space after installation: up to 3.5 GB</li><li>Language can be changed in \u201cSmartSteamEmu.ini\u201d file</li><li>Repack uses XTool library by Razor12911</li><li>At least 2 GB of free RAM (inc. virtual) required for installing this repack</li></ul><div ><div><h2>Game Description</h2></div><div >In this brand new standalone experience, Alan Wake fights the herald of darkness, the evil Mr. Scratch! A thrilling new storyline, hordes of creepy enemies, serious firepower and beautiful Arizona locations, combined with a fun and challenging new game mode make this a must for Alan Wake veterans, and the perfect jumping on point for new players!<p><b><h3>Game Features</h3></b></p><ul><li>Play the full-fledged Story Mode: You\u2019ll be on the edge of your seat as you fight to stop your murderous evil double to take back your life\u2026 and change reality itself!</li><li>Fight till dawn arcade mode: In the action-packed Arcade Mode, you\u2019ll need to master the Fight with Light mechanic to stay alive until dawn and beat your friends on the Leaderboards. Can you survive until sunrise?</li><li>Face the darkness: Twisted and dangerous enemies stalk you in the shadows. Dispatch them with the powerful arsenal of weapons at your disposal.</li></ul></div></div>             </div>"
}