{
    "link": "https://fitgirl-repacks.site/alchemist-adventure/",
    "title": "Alchemist Adventure \u2013 v1.210929 (Return to Isur Update) + Bonus Soundtrack",
    "first_img": "https://i1.imageban.ru/out/2021/10/08/45387a69d9ceb4d48df913932df39ddf.jpg",
    "second_img": "https://s01.riotpixels.net/data/37/df/37df7a5f-2da5-48a3-b522-8c2d6b514ced.jpg.240p.jpg",
    "body": "<div ><h2>Alchemist Adventure \u2013 v1.210929 (Return to Isur Update) + Bonus Soundtrack</h2><p ><div><a target=\"_blank\" href=\"https://en.riotpixels.com/games/alchemist-adventure/\" rel=\"noopener\"><img class=\"alignleft\" width=\"150\" src=\"https://i1.imageban.ru/out/2021/10/08/45387a69d9ceb4d48df913932df39ddf.jpg\"></a></div><br>Genres/Tags: <strong>Action, Adventure, RPG, Isometric, Fantasy, 3D</strong><br>Companies: <strong>Bad Minions, Super.com </strong><br>Languages: <strong>RUS/ENG/MULTI14</strong><br>Original Size: <strong>2.9 GB</strong><br>Repack Size: <strong>from 1.5 GB</strong> [Selective Download]</p>&nbsp;<div>&nbsp;</div><h3>Download Mirrors</h3><ul><li><a href=\"https://1337x.to/torrent/5011336/Alchemist-Adventure-v1-210929-Bonus-OST-MULTi14-FitGirl-Repack-Selective-Download-from-1-5-GB/\" target=\"_blank\" rel=\"noopener\">1337x</a> | [<a href=\"magnet:?xt=urn:btih:7BC1A13215773451F71AB78ADFEE6753608A6174&amp;dn=Alchemist+Adventure+%28v1.210929+%2B+Bonus+OST%2C+MULTi14%29+%5BFitGirl+Repack%2C+Selective+Download+-+from+1.5+GB%5D&amp;tr=udp%3A%2F%2F46.148.18.250%3A2710&amp;tr=udp%3A%2F%2Fopentor.org%3A2710&amp;tr=udp%3A%2F%2Ftracker.coppersurfer.tk%3A6969%2Fannounce&amp;tr=udp%3A%2F%2Ftracker.opentrackr.org%3A1337%2Fannounce&amp;tr=http%3A%2F%2Ftracker.dler.org%3A6969%2Fannounce&amp;tr=udp%3A%2F%2Ftracker.leechers-paradise.org%3A6969%2Fannounce&amp;tr=udp%3A%2F%2F9.rarbg.me%3A2730%2Fannounce&amp;tr=udp%3A%2F%2F9.rarbg.to%3A2770%2Fannounce&amp;tr=udp%3A%2F%2Ftracker.pirateparty.gr%3A6969%2Fannounce&amp;tr=http%3A%2F%2Fretracker.local%2Fannounce&amp;tr=http%3A%2F%2Fretracker.ip.ncnet.ru%2Fannounce&amp;tr=udp%3A%2F%2Fexodus.desync.com%3A6969%2Fannounce&amp;tr=udp%3A%2F%2Fipv4.tracker.harry.lu%3A80%2Fannounce&amp;tr=udp%3A%2F%2Fopen.stealth.si%3A80%2Fannounce&amp;tr=udp%3A%2F%2Ftracker.zer0day.to%3A1337%2Fannounce&amp;tr=udp%3A%2F%2Ftracker.leechers-paradise.org%3A6969%2Fannounce&amp;tr=udp%3A%2F%2Fcoppersurfer.tk%3A6969%2Fannounce\">magnet</a>] [<a href=\"https://pastefg.hermietkreeft.site/?7fb590688b46e78c#ALj1LpMnWEDBdJ7vGhWtvrwvjEFY18xerJU33ZVJcyfK\" target=\"_blank\" rel=\"noopener\">.torrent file only</a>] <br><img src=\"https://torrent-stats.info/b78a/34d211f5a.png\" style=\"display:block;clear:both\"></li><li><a href=\"http://rutor.info/torrent/838550/alchemist-adventure-v-1.210929-ost-2021-pc-repack-ot-fitgirl\" target=\"_blank\" rel=\"noopener\">RuTor</a> [<a href=\"magnet:?xt=urn:btih:7bc1a13215773451f71ab78adfee6753608a6174&amp;dn=rutor.info_Alchemist+Adventure+%5Bv+1.210929+%2B+OST%5D+%282021%29+PC+%7C+RePack+%D0%BE%D1%82+FitGirl&amp;tr=udp://opentor.net:6969&amp;tr=udp://opentor.org:2710&amp;tr=http://retracker.local/announce\">magnet</a>]</li><li><a href=\"https://tapochek.net/viewtopic.php?p=2804911\" target=\"_blank\" rel=\"noopener\">Tapochek.net</a></li><li><a href=\"https://pastefg.hermietkreeft.site/?318a1b1aee279aac#5id7iBsFmQZrBdobCVFpws4kLmwK6JjsgBZscvNkj6pU\" target=\"_blank\" rel=\"noopener\">Filehoster: MultiUpload</a> (10+ hosters, interchangeable) [Use <a href=\"http://jdownloader.org/jdownloader2\" target=\"_blank\" rel=\"noopener\">JDownloader2</a>]</li><li><a href=\"https://pastefg.hermietkreeft.site/?a7811097ce333c44#sMJPrzQ95zGG7muWP9C2dcxx38A1qCK4irzjV1RzLL5\" target=\"_blank\" rel=\"noopener\">Filehoster: PixelDrain</a></li><li><a href=\"https://pastefg.hermietkreeft.site/?70db28c2360ff3a5#6BQBPmYT91sWvmno1psCt69DNzmPqTAW3ULYZjhBn4zz\" target=\"_blank\" rel=\"noopener\">Filehoster: ZippyShare</a></li><li><a href=\"https://pastefg.hermietkreeft.site/?17b971623da9c5e7#5QUWHZpnQVZm8Ms2xUNAhkWa6UrxBMdcdgNr7FhqjAic\" target=\"_blank\" rel=\"noopener\">Filehoster: LetsUpload</a> [Use <a href=\"http://jdownloader.org/jdownloader2\" target=\"_blank\" rel=\"noopener\">JDownloader2</a>]</li><li><a href=\"https://pastefg.hermietkreeft.site/?d78d72f8a9fc7132#e63RWeAym3FCQkyecPcgWeYvvGgbkw5SXVCH2PNNMud\" target=\"_blank\" rel=\"noopener\">Filehoster: OneDrive</a> (Uploaded by DyR0 t(-_-t), NOT compatible with other mirrors)</li></ul><p><a href=\"https://cs.rin.ru/forum/viewtopic.php?f=10&amp;t=78802\" target=\"_blank\" rel=\"noopener\">Discussion and (possible) future updates on CS.RIN.RU thread</a></p><h3>Screenshots (Click to enlarge)</h3><p><a target=\"_blank\" href=\"https://en.riotpixels.com/games/alchemist-adventure/screenshots/19/?utm_source=emb-gfx-html&amp;utm_medium=image&amp;utm_campaign=rp-mass\" rel=\"noopener\"><img loading=\"lazy\" width=\"178\" height=\"100\" border=\"0\" src=\"https://s01.riotpixels.net/data/37/df/37df7a5f-2da5-48a3-b522-8c2d6b514ced.jpg.240p.jpg\"></a><a target=\"_blank\" href=\"https://en.riotpixels.com/games/alchemist-adventure/screenshots/16/?utm_source=emb-gfx-html&amp;utm_medium=image&amp;utm_campaign=rp-mass\" rel=\"noopener\"><img loading=\"lazy\" width=\"178\" height=\"100\" border=\"0\" src=\"https://s01.riotpixels.net/data/3c/37/3c37b399-1ce5-4b70-8f60-cad3a85d08ff.jpg.240p.jpg\"></a><a target=\"_blank\" href=\"https://en.riotpixels.com/games/alchemist-adventure/screenshots/12/?utm_source=emb-gfx-html&amp;utm_medium=image&amp;utm_campaign=rp-mass\" rel=\"noopener\"><img loading=\"lazy\" width=\"178\" height=\"100\" border=\"0\" src=\"https://s01.riotpixels.net/data/fd/d9/fdd97b55-6ff3-4792-8d0f-c51675c33420.jpg.240p.jpg\"></a><br><a target=\"_blank\" href=\"https://en.riotpixels.com/games/alchemist-adventure/screenshots/9/?utm_source=emb-gfx-html&amp;utm_medium=image&amp;utm_campaign=rp-mass\" rel=\"noopener\"><img loading=\"lazy\" width=\"178\" height=\"100\" border=\"0\" src=\"https://s01.riotpixels.net/data/25/a7/25a73f0c-b6cf-4e7d-a0d1-14d93af3d7b1.jpg.240p.jpg\"></a><a target=\"_blank\" href=\"https://en.riotpixels.com/games/alchemist-adventure/screenshots/6/?utm_source=emb-gfx-html&amp;utm_medium=image&amp;utm_campaign=rp-mass\" rel=\"noopener\"><img loading=\"lazy\" width=\"178\" height=\"100\" border=\"0\" src=\"https://s01.riotpixels.net/data/d6/1b/d61baaaf-c5fd-43e8-953e-e6247a3f4d83.jpg.240p.jpg\"></a><a target=\"_blank\" href=\"https://en.riotpixels.com/games/alchemist-adventure/screenshots/3/?utm_source=emb-gfx-html&amp;utm_medium=image&amp;utm_campaign=rp-mass\" rel=\"noopener\"><img loading=\"lazy\" width=\"178\" height=\"100\" border=\"0\" src=\"https://s01.riotpixels.net/data/f5/f3/f5f32b6c-7f39-4c7b-bfa6-433e852e9ed3.jpg.240p.jpg\"></a></p><h3>Repack Features</h3><ul><li>Based on Alchemist.Adventure.Return.to.Isur-PLAZA ISO release: plaza-alchemist.adventure.return.to.isur.iso (3,126,427,648 bytes)</li><li>Game version: v1.210929 (Return to Isur Update)</li><li>100% Lossless &amp; MD5 Perfect: all files are identical to originals after installation</li><li>NOTHING ripped, NOTHING re-encoded</li><li>Selective Download feature: you may skip downloading and installing of Bonus Soundtrack</li><li>Significantly smaller archive size (compressed from 2.9 to 1.5/1.7 GB)</li><li>Installation takes 4-6 minutes (depending on your system)</li><li>After-install integrity check so you could make sure that everything installed properly</li><li>HDD space after installation: up to 5.1 GB</li><li>Language can be changed in game settings</li><li>At least 2 GB of free RAM (inc. virtual) required for installing this repack</li></ul><div ><div><h2>Game Description</h2></div><div >Explore the devastated lands and uncover hidden secrets. Your journey will take you through four regions filled with quests, puzzles, enemies of all kinds and bits of lore that will help you to unlock the secrets of a seemingly forsaken region. You play as Mya, a young and talented alchemist who is eager to find and save her daughter and husband. While playing, you will learn more about this strange land, your memories of it, and the disturbing connection between Isur and your own story.<p>Alchemist Adventure is a game that encourages you to experiment, think, and search for new things throughout your journey. There are no strict alchemical recipes, so you will be able to make your own unique potions and explore the possibilities of the rich alchemy system. As you progress, the challenge increases, and the number of save points decreases \u2014 and with no auto save, you will need to be careful, think ahead, equip yourself with the right potions for the job, and most importantly\u2026.watch your step!</p><p><b><h3>Game Features</h3></b></p><ul><li><b>Create potions:</b> Use the four basic elements (fire, water, air, earth) along with special ingredients to create bombs, elixirs, and sword oils. There\u2019s a potion for every task, and you can craft your own unique recipes!</li><li><b>Transform the world around you:</b> Use alchemy to interact with the environment: raise the water levels, create ice platforms, move objects, and much more.</li><li><b>Solve alchemical puzzles:</b> Combine elements to open chests, make paths, or find hidden objects.</li><li><b>Elemental monsters await:</b> Use elements to discover enemies\u2019 weaknesses and try different strategies to defeat them.</li><li><b>Switch between characters or play co-op:</b> Join the journey as a flying homunculus that can fight, solve puzzles, collect resources, and play with a friend!</li></ul></div></div><p><b>Backwards Compatibility</b></p><p>This repack is NOT backwards compatible with my previous AA repack.</p>             </div>"
}