{
    "link": "https://fitgirl-repacks.site/alien-flex/",
    "title": "Alien Flex",
    "first_img": "https://i3.imageban.ru/out/2021/08/05/2ce3cdb40877bb3a030a0e8e04af453d.jpg",
    "second_img": "https://s01.riotpixels.net/data/bb/f7/bbf7f1bb-69ef-4a0c-9f1b-0cb02aa33215.jpg.240p.jpg",
    "body": "<div ><h2>Alien Flex</h2><p ><div><a target=\"_blank\" href=\"https://en.riotpixels.com/games/alien-flex/\" rel=\"noopener\"><img class=\"alignleft\" width=\"150\" src=\"https://i3.imageban.ru/out/2021/08/05/2ce3cdb40877bb3a030a0e8e04af453d.jpg\"></a></div><br>Genres/Tags: <strong>Action, Shooter, Top-down, 3D</strong><br>Company: <strong>JUNGLE</strong><br>Language: <strong>ENG</strong><br>Original Size: <strong>9.9 GB</strong><br>Repack Size: <strong>4.5 GB</strong></p>&nbsp;<div>&nbsp;</div><h3>Download Mirrors</h3><ul><li><a href=\"https://1337x.to/torrent/4943039/Alien-Flex-FitGirl-Repack/\" target=\"_blank\" rel=\"noopener\">1337x</a> | [<a href=\"magnet:?xt=urn:btih:41E1E7760BFEACC0530D12E90A627437CD6B90AA&amp;dn=Alien+Flex+%5BFitGirl+Repack%5D&amp;tr=udp%3A%2F%2F46.148.18.250%3A2710&amp;tr=udp%3A%2F%2Fopentor.org%3A2710&amp;tr=udp%3A%2F%2Ftracker.coppersurfer.tk%3A6969%2Fannounce&amp;tr=udp%3A%2F%2Ftracker.opentrackr.org%3A1337%2Fannounce&amp;tr=http%3A%2F%2Ftracker.dler.org%3A6969%2Fannounce&amp;tr=udp%3A%2F%2Ftracker.leechers-paradise.org%3A6969%2Fannounce&amp;tr=udp%3A%2F%2F9.rarbg.me%3A2730%2Fannounce&amp;tr=udp%3A%2F%2F9.rarbg.to%3A2770%2Fannounce&amp;tr=udp%3A%2F%2Ftracker.pirateparty.gr%3A6969%2Fannounce&amp;tr=http%3A%2F%2Fretracker.local%2Fannounce&amp;tr=http%3A%2F%2Fretracker.ip.ncnet.ru%2Fannounce&amp;tr=udp%3A%2F%2Fexodus.desync.com%3A6969%2Fannounce&amp;tr=udp%3A%2F%2Fipv4.tracker.harry.lu%3A80%2Fannounce&amp;tr=udp%3A%2F%2Fopen.stealth.si%3A80%2Fannounce&amp;tr=udp%3A%2F%2Ftracker.zer0day.to%3A1337%2Fannounce&amp;tr=udp%3A%2F%2Ftracker.leechers-paradise.org%3A6969%2Fannounce&amp;tr=udp%3A%2F%2Fcoppersurfer.tk%3A6969%2Fannounce\">magnet</a>] [<a href=\"https://pastefg.hermietkreeft.site/?83e2a6cc715458e3#13NhmxTekCEZUAzkYgMLLGceFNTo8GMMSpDo4LpvPwVQ\" target=\"_blank\" rel=\"noopener\">.torrent file only</a>] <br><img src=\"https://torrent-stats.info/12e9/55cece44.png\" style=\"display:block;clear:both\"></li><li><a href=\"https://tapochek.net/viewtopic.php?p=2792785\" target=\"_blank\" rel=\"noopener\">Tapochek.net</a></li><li><a href=\"https://pastefg.hermietkreeft.site/?a646b48d736270b1#Ambzcqs7FaFk7iYUv4codLXnufj88wCCxWNwjruVQjjD\" target=\"_blank\" rel=\"noopener\">Filehoster: MultiUpload</a> (10+ hosters, interchangeable) [Use <a href=\"http://jdownloader.org/jdownloader2\" target=\"_blank\" rel=\"noopener\">JDownloader2</a>]</li><li><a href=\"https://pastefg.hermietkreeft.site/?1f40701136cbd67a#7epsQYQnPafCje8Ks8GsHWFW2N5AkgMAg55pBVK5gWFn\" target=\"_blank\" rel=\"noopener\">Filehoster: PixelDrain</a></li><li><a href=\"https://pastefg.hermietkreeft.site/?4c77af9cbef279bf#J28AHbJiSmJ8ELpDUv34R7hpVQNSohQ4kpKC5LTpdZ4d\" target=\"_blank\" rel=\"noopener\">Filehoster: ZippyShare</a></li><li><a href=\"https://pastefg.hermietkreeft.site/?da74c690122f2141#BP57sJfx2fgZrmud1JH8a8Qj2VXq3nf61K9PRPW27mSQ\" target=\"_blank\" rel=\"noopener\">Filehoster: LetsUpload</a> [Use <a href=\"http://jdownloader.org/jdownloader2\" target=\"_blank\" rel=\"noopener\">JDownloader2</a>]</li><li><a href=\"https://crackhub.site/alien-flex-fitgirl-repack/\" target=\"_blank\" rel=\"noopener\">Filehosters: Google Drive, OneDrive + others</a> (Uploaded by crackhub213)</li><li><a href=\"https://pastefg.hermietkreeft.site/?41681f8b61c265ca#5mmUzt3HoKom3pnooJB2BGoq6WK33jm3VFLHarW1iHa6\" target=\"_blank\" rel=\"noopener\">Filehoster: OneDrive</a> (Uploaded by DyR0 t(-_-t), NOT compatible with other mirrors)</li></ul><p><a href=\"https://cs.rin.ru/forum/viewtopic.php?f=10&amp;t=114964\" target=\"_blank\" rel=\"noopener\">Discussion and (possible) future updates on CS.RIN.RU thread</a></p><h3>Screenshots (Click to enlarge)</h3><p><a target=\"_blank\" href=\"https://en.riotpixels.com/games/alien-flex/screenshots/8/?utm_source=emb-gfx-html&amp;utm_medium=image&amp;utm_campaign=rp-mass\" rel=\"noopener\"><img loading=\"lazy\" width=\"178\" height=\"100\" border=\"0\" src=\"https://s01.riotpixels.net/data/bb/f7/bbf7f1bb-69ef-4a0c-9f1b-0cb02aa33215.jpg.240p.jpg\"></a><a target=\"_blank\" href=\"https://en.riotpixels.com/games/alien-flex/screenshots/7/?utm_source=emb-gfx-html&amp;utm_medium=image&amp;utm_campaign=rp-mass\" rel=\"noopener\"><img loading=\"lazy\" width=\"178\" height=\"100\" border=\"0\" src=\"https://s01.riotpixels.net/data/e6/8a/e68a8664-99d6-4bca-acce-93ee5e2cb6b0.jpg.240p.jpg\"></a><a target=\"_blank\" href=\"https://en.riotpixels.com/games/alien-flex/screenshots/6/?utm_source=emb-gfx-html&amp;utm_medium=image&amp;utm_campaign=rp-mass\" rel=\"noopener\"><img loading=\"lazy\" width=\"178\" height=\"100\" border=\"0\" src=\"https://s01.riotpixels.net/data/0a/72/0a723eba-09e0-4a7b-a296-4101c3208353.jpg.240p.jpg\"></a><br><a target=\"_blank\" href=\"https://en.riotpixels.com/games/alien-flex/screenshots/4/?utm_source=emb-gfx-html&amp;utm_medium=image&amp;utm_campaign=rp-mass\" rel=\"noopener\"><img loading=\"lazy\" width=\"178\" height=\"100\" border=\"0\" src=\"https://s01.riotpixels.net/data/ca/54/ca54ff15-7116-43af-8ad0-86343f689b06.jpg.240p.jpg\"></a><a target=\"_blank\" href=\"https://en.riotpixels.com/games/alien-flex/screenshots/3/?utm_source=emb-gfx-html&amp;utm_medium=image&amp;utm_campaign=rp-mass\" rel=\"noopener\"><img loading=\"lazy\" width=\"178\" height=\"100\" border=\"0\" src=\"https://s01.riotpixels.net/data/aa/21/aa21a3e7-1d2a-4f94-938d-21ff890cb2d4.jpg.240p.jpg\"></a><a target=\"_blank\" href=\"https://en.riotpixels.com/games/alien-flex/screenshots/1/?utm_source=emb-gfx-html&amp;utm_medium=image&amp;utm_campaign=rp-mass\" rel=\"noopener\"><img loading=\"lazy\" width=\"178\" height=\"100\" border=\"0\" src=\"https://s01.riotpixels.net/data/4e/c2/4ec2a85f-4a2a-46f9-b68e-027e31660a56.jpg.240p.jpg\"></a></p><h3>Repack Features</h3><ul><li>Based on Alien.Flex-PLAZA ISO release: plaza-alien.flex.iso (10,622,304,256 bytes)</li><li>100% Lossless &amp; MD5 Perfect: all files are identical to originals after installation</li><li>NOTHING ripped, NOTHING re-encoded</li><li>Significantly smaller archive size (compressed from 9.9 to 4.5 GB)</li><li>Installation takes 3-5 minutes (depending on your system)</li><li>After-install integrity check so you could make sure that everything installed properly</li><li>HDD space after installation: 27.7 GB</li><li>Repack uses XTool library by Razor12911</li><li>At least 2 GB of free RAM (inc. virtual) required for installing this repack</li></ul><div ><div><h2>Game Description</h2></div><div >Aliens are very fond of flex. This guy is no exception, he wants to dance for you. But for that he needs space drugs for aliens. You need to kill all the guards and steal drugs.<p>\u201cAlien Flex\u201d is a top-down Sci-Fi shooter filled with synthwave electronic music and vibrant effects. Kill enemies, pick up their weapons, which differ in shooting mechanics and ultimate attacks, complete levels and reach bosses. </p><p>You can dodge projectiles with a forward flip, or use a dash and slash at enemies with your cyberblade. At the end of each level the alien will dance for you. Music and dances at each level are different. </p><p>You ask, how can such a formidable alien dance? I will answer, very beautiful.</p></div></div>             </div>"
}