{
    "link": "https://fitgirl-repacks.site/alpine-the-simulation-game/",
    "title": "Alpine: The Simulation Game",
    "first_img": "https://i2.imageban.ru/out/2021/11/24/610217ef1b1a2bf52f42fea5fc7f2fcc.jpg",
    "second_img": "https://s01.riotpixels.net/data/ac/4b/ac4b14bd-20b6-4a69-81b3-aed24d5a9498.jpg.240p.jpg",
    "body": "<div ><h2>Alpine: The Simulation Game</h2><p ><div><a target=\"_blank\" href=\"https://en.riotpixels.com/games/alpine-the-simulation-game/\" rel=\"noopener\"><img class=\"alignleft\" width=\"150\" src=\"https://i2.imageban.ru/out/2021/11/24/610217ef1b1a2bf52f42fea5fc7f2fcc.jpg\"></a></div><br>Genres/Tags: <strong>Driving, Lifestyle, 3D</strong><br>Companies: <strong>HR Innoways, Aerosoft GmbH</strong><br>Languages: <strong>ENG/MULTI10</strong><br>Original Size: <strong>1.5 GB</strong><br>Repack Size: <strong>928 MB</strong></p>&nbsp;<div>&nbsp;</div><h3>Download Mirrors</h3><ul><li><a href=\"https://1337x.to/torrent/5062300/Alpine-The-Simulation-Game-MULTi8-FitGirl-Repack/\" target=\"_blank\" rel=\"noopener\">1337x</a> | [<a href=\"magnet:?xt=urn:btih:04242E21CB7D8A698D644413674011CC01FEDA60&amp;dn=Alpine%3A+The+Simulation+Game+%28MULTi10%29+%5BFitGirl+Repack%5D&amp;tr=udp%3A%2F%2F46.148.18.250%3A2710&amp;tr=udp%3A%2F%2Fopentor.org%3A2710&amp;tr=udp%3A%2F%2Ftracker.coppersurfer.tk%3A6969%2Fannounce&amp;tr=udp%3A%2F%2Ftracker.opentrackr.org%3A1337%2Fannounce&amp;tr=http%3A%2F%2Ftracker.dler.org%3A6969%2Fannounce&amp;tr=udp%3A%2F%2Ftracker.leechers-paradise.org%3A6969%2Fannounce&amp;tr=udp%3A%2F%2F9.rarbg.me%3A2730%2Fannounce&amp;tr=udp%3A%2F%2F9.rarbg.to%3A2770%2Fannounce&amp;tr=udp%3A%2F%2Ftracker.pirateparty.gr%3A6969%2Fannounce&amp;tr=http%3A%2F%2Fretracker.local%2Fannounce&amp;tr=http%3A%2F%2Fretracker.ip.ncnet.ru%2Fannounce&amp;tr=udp%3A%2F%2Fexodus.desync.com%3A6969%2Fannounce&amp;tr=udp%3A%2F%2Fipv4.tracker.harry.lu%3A80%2Fannounce&amp;tr=udp%3A%2F%2Fopen.stealth.si%3A80%2Fannounce&amp;tr=udp%3A%2F%2Ftracker.zer0day.to%3A1337%2Fannounce&amp;tr=udp%3A%2F%2Ftracker.leechers-paradise.org%3A6969%2Fannounce&amp;tr=udp%3A%2F%2Fcoppersurfer.tk%3A6969%2Fannounce\">magnet</a>] [<a href=\"https://pastefg.hermietkreeft.site/?203e768db1bc83c4#BbkSdCi4uLx9ZzitXG1zQ8fN5eUgEJf9cJQr32T7frUe\" target=\"_blank\" rel=\"noopener\">.torrent file only</a>] <br><img src=\"https://torrent-stats.info/4413/13e0041a0.png\" style=\"display:block;clear:both\"></li><li><a href=\"https://tapochek.net/viewtopic.php?p=2814264\" target=\"_blank\" rel=\"noopener\">Tapochek.net</a></li><li><a href=\"https://pastefg.hermietkreeft.site/?ffd4424a2b1aa890#7ADYz2DJR2bEHj4ry5RPNiFKVHXFjBtz55DFh8XGXN1F\" target=\"_blank\" rel=\"noopener\">Filehoster: MultiUpload</a> (10+ hosters, interchangeable) [Use <a href=\"http://jdownloader.org/jdownloader2\" target=\"_blank\" rel=\"noopener\">JDownloader2</a>]</li><li><a href=\"https://pastefg.hermietkreeft.site/?e69c4a5b45ffd244#5hV52biLZHjCUjat1RF51SGsFJVi4Cqn5ii4JBgbeqqx\" target=\"_blank\" rel=\"noopener\">Filehoster: ZippyShare</a></li><li><a href=\"https://pastefg.hermietkreeft.site/?995d0bfd3c1e3fa8#3XuHwz7bC6dtgumQrA5dm6DycTNXqFCv2gAwegUi77kB\" target=\"_blank\" rel=\"noopener\">Filehoster: BayFiles</a></li><li><a href=\"https://pastefg.hermietkreeft.site/?1b8632187fbd6209#7MgqW1HLZYFarQmhdN42fWNwWn6LohwjCdkrpppWeAQQ\" target=\"_blank\" rel=\"noopener\">Filehoster: LetsUpload</a> [Use <a href=\"http://jdownloader.org/jdownloader2\" target=\"_blank\" rel=\"noopener\">JDownloader2</a>]</li><li><a href=\"https://pastefg.hermietkreeft.site/?6b28e57a8aa5d91b#G4XQLKfwLffCfoZf4dJFAwqb6n39G1SVXkSfL29dzJ4U\" target=\"_blank\" rel=\"noopener\">Filehoster: OneDrive</a> (Uploaded by DyR0 t(-_-t), NOT compatible with other mirrors)</li><p><!--  <li><a href=\"\" target=\"_blank\" rel=\"noopener\">Filehosters: Google Drive, OneDrive + others</a> (Uploaded by crackhub213)</li>  --></p></ul><p><a href=\"https://cs.rin.ru/forum/viewtopic.php?f=10&amp;t=115394\" target=\"_blank\" rel=\"noopener\">Discussion and (possible) future updates on CS.RIN.RU thread</a></p><h3>Screenshots (Click to enlarge)</h3><p><a target=\"_blank\" href=\"https://en.riotpixels.com/games/alpine-the-simulation-game/screenshots/15/?utm_source=emb-gfx-html&amp;utm_medium=image&amp;utm_campaign=rp-mass\" rel=\"noopener\"><img loading=\"lazy\" width=\"178\" height=\"100\" border=\"0\" src=\"https://s01.riotpixels.net/data/ac/4b/ac4b14bd-20b6-4a69-81b3-aed24d5a9498.jpg.240p.jpg\"></a><a target=\"_blank\" href=\"https://en.riotpixels.com/games/alpine-the-simulation-game/screenshots/14/?utm_source=emb-gfx-html&amp;utm_medium=image&amp;utm_campaign=rp-mass\" rel=\"noopener\"><img loading=\"lazy\" width=\"178\" height=\"100\" border=\"0\" src=\"https://s01.riotpixels.net/data/f6/58/f658458d-afb8-4da8-b666-a80f76199982.jpg.240p.jpg\"></a><a target=\"_blank\" href=\"https://en.riotpixels.com/games/alpine-the-simulation-game/screenshots/12/?utm_source=emb-gfx-html&amp;utm_medium=image&amp;utm_campaign=rp-mass\" rel=\"noopener\"><img loading=\"lazy\" width=\"178\" height=\"100\" border=\"0\" src=\"https://s01.riotpixels.net/data/b4/48/b448b9dd-7c1d-4384-81d3-6214b75075da.jpg.240p.jpg\"></a><br><a target=\"_blank\" href=\"https://en.riotpixels.com/games/alpine-the-simulation-game/screenshots/8/?utm_source=emb-gfx-html&amp;utm_medium=image&amp;utm_campaign=rp-mass\" rel=\"noopener\"><img loading=\"lazy\" width=\"178\" height=\"100\" border=\"0\" src=\"https://s01.riotpixels.net/data/5a/4b/5a4b1f05-0ad7-4820-b56d-a605c93979ef.jpg.240p.jpg\"></a><a target=\"_blank\" href=\"https://en.riotpixels.com/games/alpine-the-simulation-game/screenshots/6/?utm_source=emb-gfx-html&amp;utm_medium=image&amp;utm_campaign=rp-mass\" rel=\"noopener\"><img loading=\"lazy\" width=\"178\" height=\"100\" border=\"0\" src=\"https://s01.riotpixels.net/data/be/17/be17afda-89a6-4d5f-8e33-0555f7f8b29a.jpg.240p.jpg\"></a><a target=\"_blank\" href=\"https://en.riotpixels.com/games/alpine-the-simulation-game/screenshots/2/?utm_source=emb-gfx-html&amp;utm_medium=image&amp;utm_campaign=rp-mass\" rel=\"noopener\"><img loading=\"lazy\" width=\"178\" height=\"100\" border=\"0\" src=\"https://s01.riotpixels.net/data/48/75/48751183-29aa-47ff-87f3-adf7efb70d80.jpg.240p.jpg\"></a></p><h3>Repack Features</h3><ul><li>Based on Alpine.The.Simulation.Game-DOGE ISO release: wow-alpine.the.simulation.game.iso (1,584,945,152 bytes)</li><li>100% Lossless &amp; MD5 Perfect: all files are identical to originals after installation</li><li>NOTHING ripped, NOTHING re-encoded; Partial game source code is left intact for curious gamers</li><li>Significantly smaller archive size (compressed from 1.5 GB to 928 MB)</li><li>Installation takes 1-2 minutes (depending on your system)</li><li>After-install integrity check so you could make sure that everything installed properly</li><li>HDD space after installation: 3.9 GB</li><li>Language can be changed in game settings</li><li>At least 2 GB of free RAM (inc. virtual) required for installing this repack</li></ul><div ><div><h2>Game Description</h2></div><div ><p>Welcome to the beautiful world of mountains! In Alpine \u2013 The Simulation Game you can expect a varied story mode with many missions, and all this in the middle of a lovingly designed game world in the snowy Alps. The scenery invites you to spend your time amidst high mountains, deep valleys and a small idyllic mountain village.</p><p><b>GAMEPLAY:</b><br>Get involved to help the guests of the idyllic mountain village of Oberbruck a skiing experience in a class of its own. Then strap on your skis and take your turns on your freshly groomed slope! Discover the varied story mode with many different missions and expand your ski resort by completing exciting challenges with different vehicles to unlock new slopes, lifts and even new areas of the game world.</p><p><b><h3>Game Features</h3></b></p><ul><li>Varied campaign with a lot of different story missions</li><li>3rd person skiing mode with lovingly created animations</li><li>Prepare slopes with original licensed Pistenbullys</li><li>9 different vehicles with their own sound effects and driving behavior</li><li>Detailed game world that expands and changes throughout the campaign</li><li>Unlock new areas, vehicles, cable cars and objects</li></ul></div></div>             </div>"
}