{
    "link": "https://fitgirl-repacks.site/altf4/",
    "title": "ALTF4 + Bug Fix_21.11.14",
    "first_img": "https://i5.imageban.ru/out/2021/11/14/73094d382994f36170e8621f6793fd73.jpg",
    "second_img": "https://s01.riotpixels.net/data/c7/4b/c74b03e7-f69e-4c00-bbbb-07cf4b3622b0.jpg.240p.jpg",
    "body": "<div ><h2>ALTF4 + Bug Fix_21.11.14</h2><p ><div><a target=\"_blank\" href=\"https://en.riotpixels.com/games/altf4/\" rel=\"noopener\"><img class=\"alignleft\" width=\"150\" src=\"https://i5.imageban.ru/out/2021/11/14/73094d382994f36170e8621f6793fd73.jpg\"></a></div><br>Genres/Tags: <strong>Arcade, Jump and run, Physics-based, Third-person, 3D</strong><br>Company: <strong>PUMPKIM</strong><br>Languages: <strong>RUS/ENG/MULTI10</strong><br>Original Size: <strong>2.7 GB</strong><br>Repack Size: <strong>1.6 GB</strong></p>&nbsp;<div>&nbsp;</div><h3>Download Mirrors</h3><ul><li><a href=\"https://1337x.to/torrent/5050892/ALTF4-Bug-Fix_21-11-14-MULTi10-FitGirl-Repack/\" target=\"_blank\" rel=\"noopener\">1337x</a> | [<a href=\"magnet:?xt=urn:btih:F288B2746D815AA52BE755D1E24AFC68CBD9429C&amp;dn=ALTF4+%28%2B+Bug+Fix_21.11.14%2C+MULTi10%29+%5BFitGirl+Repack%5D&amp;tr=udp%3A%2F%2F46.148.18.250%3A2710&amp;tr=udp%3A%2F%2Fopentor.org%3A2710&amp;tr=udp%3A%2F%2Ftracker.coppersurfer.tk%3A6969%2Fannounce&amp;tr=udp%3A%2F%2Ftracker.opentrackr.org%3A1337%2Fannounce&amp;tr=http%3A%2F%2Ftracker.dler.org%3A6969%2Fannounce&amp;tr=udp%3A%2F%2Ftracker.leechers-paradise.org%3A6969%2Fannounce&amp;tr=udp%3A%2F%2F9.rarbg.me%3A2730%2Fannounce&amp;tr=udp%3A%2F%2F9.rarbg.to%3A2770%2Fannounce&amp;tr=udp%3A%2F%2Ftracker.pirateparty.gr%3A6969%2Fannounce&amp;tr=http%3A%2F%2Fretracker.local%2Fannounce&amp;tr=http%3A%2F%2Fretracker.ip.ncnet.ru%2Fannounce&amp;tr=udp%3A%2F%2Fexodus.desync.com%3A6969%2Fannounce&amp;tr=udp%3A%2F%2Fipv4.tracker.harry.lu%3A80%2Fannounce&amp;tr=udp%3A%2F%2Fopen.stealth.si%3A80%2Fannounce&amp;tr=udp%3A%2F%2Ftracker.zer0day.to%3A1337%2Fannounce&amp;tr=udp%3A%2F%2Ftracker.leechers-paradise.org%3A6969%2Fannounce&amp;tr=udp%3A%2F%2Fcoppersurfer.tk%3A6969%2Fannounce\">magnet</a>] [<a href=\"https://pastefg.hermietkreeft.site/?e5bfec593f045e81#DeKy4d3YfHLewELjrrjfLb68wWQpSUHJJaTgL4b9seEc\" target=\"_blank\" rel=\"noopener\">.torrent file only</a>] <br><img src=\"https://torrent-stats.info/55d1/18f9bdc54.png\" style=\"display:block;clear:both\"></li><li><a href=\"http://rutor.info/torrent/845451/altf4-bug-fix-21.11.14-2021-pc-repack-ot-fitgirl\" target=\"_blank\" rel=\"noopener\">RuTor</a> [<a href=\"magnet:?xt=urn:btih:f288b2746d815aa52be755d1e24afc68cbd9429c&amp;dn=rutor.info_ALTF4+%5B%2B+Bug+Fix+21.11.14%5D+%282021%29+PC+%7C+RePack+%D0%BE%D1%82+FitGirl&amp;tr=udp://opentor.net:6969&amp;tr=udp://opentor.org:2710&amp;tr=http://retracker.local/announce\">magnet</a>]</li><li><a href=\"https://tapochek.net/viewtopic.php?p=2812253\" target=\"_blank\" rel=\"noopener\">Tapochek.net</a></li><li><a href=\"https://pastefg.hermietkreeft.site/?5ede43ff12803dbf#FGbTFNiwmCYaoEAg2FA9vi8kKUecireBUj53SVm3hEbM\" target=\"_blank\" rel=\"noopener\">Filehoster: MultiUpload</a> (10+ hosters, interchangeable) [Use <a href=\"http://jdownloader.org/jdownloader2\" target=\"_blank\" rel=\"noopener\">JDownloader2</a>]</li><li><a href=\"https://pastefg.hermietkreeft.site/?d9ba8a4030b01ad5#DhwCpC1Uw6jWM5iaPiWSmnWW9EXJTCaFjfQWM6M3KD8s\" target=\"_blank\" rel=\"noopener\">Filehoster: ZippyShare</a></li><li><a href=\"https://pastefg.hermietkreeft.site/?5385a0ac94763057#GWJyEzscQ6s1yWgwscQTxgS68df8JWeUgscxoaGNNBux\" target=\"_blank\" rel=\"noopener\">Filehoster: BayFiles</a></li><li><a href=\"https://pastefg.hermietkreeft.site/?9653deb702eb6d01#Dz8c6fJmDDNF8CYGaYxfJEgfGo88qa3mFzowQeEBxLwp\" target=\"_blank\" rel=\"noopener\">Filehoster: LetsUpload</a> [Use <a href=\"http://jdownloader.org/jdownloader2\" target=\"_blank\" rel=\"noopener\">JDownloader2</a>]</li><li><a href=\"https://pastefg.hermietkreeft.site/?13739e63bbeda27b#8ccKtvmQA9szfdgbsy4L844r6NBSr9bGXUohF5ydWEAk\" target=\"_blank\" rel=\"noopener\">Filehoster: OneDrive</a> (Uploaded by DyR0 t(-_-t), NOT compatible with other mirrors)</li><p><!--  <li><a href=\"\" target=\"_blank\" rel=\"noopener\">Filehosters: Google Drive, OneDrive + others</a> (Uploaded by crackhub213)</li>  --></p></ul><p><a href=\"https://cs.rin.ru/forum/viewtopic.php?f=10&amp;t=112163\" target=\"_blank\" rel=\"noopener\">Discussion and (possible) future updates on CS.RIN.RU thread</a></p><h3>Screenshots (Click to enlarge)</h3><p><a target=\"_blank\" href=\"https://en.riotpixels.com/games/altf4/screenshots/9/?utm_source=emb-gfx-html&amp;utm_medium=image&amp;utm_campaign=rp-mass\" rel=\"noopener\"><img loading=\"lazy\" width=\"179\" height=\"100\" border=\"0\" src=\"https://s01.riotpixels.net/data/c7/4b/c74b03e7-f69e-4c00-bbbb-07cf4b3622b0.jpg.240p.jpg\"></a><a target=\"_blank\" href=\"https://en.riotpixels.com/games/altf4/screenshots/7/?utm_source=emb-gfx-html&amp;utm_medium=image&amp;utm_campaign=rp-mass\" rel=\"noopener\"><img loading=\"lazy\" width=\"179\" height=\"100\" border=\"0\" src=\"https://s01.riotpixels.net/data/bb/91/bb911c35-ed60-4d5a-b435-c7fb3691ed09.jpg.240p.jpg\"></a><a target=\"_blank\" href=\"https://en.riotpixels.com/games/altf4/screenshots/6/?utm_source=emb-gfx-html&amp;utm_medium=image&amp;utm_campaign=rp-mass\" rel=\"noopener\"><img loading=\"lazy\" width=\"178\" height=\"100\" border=\"0\" src=\"https://s01.riotpixels.net/data/67/90/6790798b-a233-4b36-9422-cbedfa2e3316.jpg.240p.jpg\"></a><br><a target=\"_blank\" href=\"https://en.riotpixels.com/games/altf4/screenshots/4/?utm_source=emb-gfx-html&amp;utm_medium=image&amp;utm_campaign=rp-mass\" rel=\"noopener\"><img loading=\"lazy\" width=\"178\" height=\"100\" border=\"0\" src=\"https://s01.riotpixels.net/data/13/20/1320b2ba-240b-4293-8a82-b53093974f21.jpg.240p.jpg\"></a><a target=\"_blank\" href=\"https://en.riotpixels.com/games/altf4/screenshots/2/?utm_source=emb-gfx-html&amp;utm_medium=image&amp;utm_campaign=rp-mass\" rel=\"noopener\"><img loading=\"lazy\" width=\"178\" height=\"100\" border=\"0\" src=\"https://s01.riotpixels.net/data/b8/40/b840e5b3-7e82-4305-815c-0303020d4af4.jpg.240p.jpg\"></a><a target=\"_blank\" href=\"https://en.riotpixels.com/games/altf4/screenshots/1/?utm_source=emb-gfx-html&amp;utm_medium=image&amp;utm_campaign=rp-mass\" rel=\"noopener\"><img loading=\"lazy\" width=\"179\" height=\"100\" border=\"0\" src=\"https://s01.riotpixels.net/data/bc/2a/bc2a391f-6483-4c72-8e21-94c8d5cc9373.jpg.240p.jpg\"></a></p><h3>Repack Features</h3><ul><li>Based on ALTF4-PLAZA ISO release: plaza-altf4.iso (2,849,669,120 bytes)</li><li>My repack installs release version by default, but you upgrade it to \u201cBug Fix_21.11.14\u201d Build 7708307 by running \u201c_Update.bat\u201d in the game root any time. This will break compatibility with possible future patches though.</li><li>100% Lossless &amp; MD5 Perfect: all files are identical to originals after installation</li><li>NOTHING ripped, NOTHING re-encoded</li><li>Significantly smaller archive size (compressed from 2.7 to 1.6 GB)</li><li>Installation takes 2-3 minutes</li><li>After-install integrity check so you could make sure that everything installed properly</li><li>HDD space after installation: 2.7 GB</li><li>Language can be changed in game settings</li><li>Repack uses XTool library by Razor12911</li><li>At least 2 GB of free RAM (inc. virtual) required for installing this repack</li></ul><p><b style=\"color: #ff006c\">PS: This game has a very fitting title \ud83d\ude42</b></p><div ><div><h2>Game Description</h2></div><div ><b>ALTF4?</b><p>The Way You Play Games Is Simple!!</p><p>Become a somewhat clumsy Knight and overcome Trap!!</p><p>But the way to get there won\u2019t be simple. Will you be able to overcome the various traps and irritating terrains in your way?</p><p><b><h3>Game Features</h3></b></p><ul><li>Test your reflexes!</li><li>There is no SAVE in this game!!</li><li>It\u2019s full of exciting background music and annoying traps!</li><li>Don\u2019t you feel like you can play better next time every time your character dies?</li><li>The various traps will keep driving you to death!</li><li>Imagine how good it will feel to overcome those traps and finally clear the game!</li><li>Once you get your first clear, why don\u2019t you aim for clearing the game at one go?</li></ul></div></div>             </div>"
}