{
    "link": "https://fitgirl-repacks.site/american-truck-simulator/",
    "title": "American Truck Simulator \u2013 v1.41.1.61s + 34 DLCs",
    "first_img": "https://i5.imageban.ru/out/2021/09/08/5bfd2cfa91af45de8e0655218fe02af9.jpg",
    "second_img": "https://s01.riotpixels.net/data/f3/ce/f3ceb64f-bf8f-43b6-b91d-46c244723370.jpg.240p.jpg",
    "body": "<div ><h2>American Truck Simulator \u2013 v1.41.1.61s + 34 DLCs</h2><p ><div><a target=\"_blank\" href=\"https://en.riotpixels.com/games/american-truck-simulator-colorado/\" rel=\"noopener\"><img class=\"alignleft\" width=\"150\" src=\"https://i5.imageban.ru/out/2021/09/08/5bfd2cfa91af45de8e0655218fe02af9.jpg\"></a></div><br>Genres/Tags: <strong>Driving, First-person, Third-person, 3D</strong><br>Company: <strong>SCS Software</strong><br>Languages: <strong>RUS/ENG/MULTI42</strong><br>Original Size: <strong>7.5 GB</strong><br>Repack Size: <strong>4.3 GB</strong></p>&nbsp;<div>&nbsp;</div><h3>Download Mirrors</h3><ul><li><a href=\"https://1337x.to/torrent/4977017/American-Truck-Simulator-v1-41-1-61s-34-DLCs-MULTi42-FitGirl-Repack/\" target=\"_blank\" rel=\"noopener\">1337x</a> | [<a href=\"magnet:?xt=urn:btih:532A46825BBE8643A67113C61F0E3780998AE2B9&amp;dn=American+Truck+Simulator+%28v1.41.1.61s+%2B+34+DLCs%2C+MULTi42%29+%5BFitGirl+Repack%5D&amp;tr=udp%3A%2F%2F46.148.18.250%3A2710&amp;tr=udp%3A%2F%2Fopentor.org%3A2710&amp;tr=udp%3A%2F%2Ftracker.coppersurfer.tk%3A6969%2Fannounce&amp;tr=udp%3A%2F%2Ftracker.opentrackr.org%3A1337%2Fannounce&amp;tr=http%3A%2F%2Ftracker.dler.org%3A6969%2Fannounce&amp;tr=udp%3A%2F%2Ftracker.leechers-paradise.org%3A6969%2Fannounce&amp;tr=udp%3A%2F%2F9.rarbg.me%3A2730%2Fannounce&amp;tr=udp%3A%2F%2F9.rarbg.to%3A2770%2Fannounce&amp;tr=udp%3A%2F%2Ftracker.pirateparty.gr%3A6969%2Fannounce&amp;tr=http%3A%2F%2Fretracker.local%2Fannounce&amp;tr=http%3A%2F%2Fretracker.ip.ncnet.ru%2Fannounce&amp;tr=udp%3A%2F%2Fexodus.desync.com%3A6969%2Fannounce&amp;tr=udp%3A%2F%2Fipv4.tracker.harry.lu%3A80%2Fannounce&amp;tr=udp%3A%2F%2Fopen.stealth.si%3A80%2Fannounce&amp;tr=udp%3A%2F%2Ftracker.zer0day.to%3A1337%2Fannounce&amp;tr=udp%3A%2F%2Ftracker.leechers-paradise.org%3A6969%2Fannounce&amp;tr=udp%3A%2F%2Fcoppersurfer.tk%3A6969%2Fannounce\">magnet</a>] [<a href=\"https://pastefg.hermietkreeft.site/?a012033273d5d0a9#AJqC7pAWDjZLxzwn71wBn4r9eA8VGZs2wSWEFoceEhkz\" target=\"_blank\" rel=\"noopener\">.torrent file only</a>] <br><img src=\"https://torrent-stats.info/13c6/5a6115a8.png\" style=\"display:block;clear:both\"></li><li><a href=\"http://rutor.info/torrent/833346/american-truck-simulator-v-1.41.1.61s-dlcs-2016-pc-repack-ot-fitgirl\" target=\"_blank\" rel=\"noopener\">RuTor</a> [<a href=\"magnet:?xt=urn:btih:532a46825bbe8643a67113c61f0e3780998ae2b9&amp;dn=rutor.info_American+Truck+Simulator+%5Bv+1.41.1.61s+%2B+DLCs%5D+%282016%29+PC+%7C+RePack+%D0%BE%D1%82+FitGirl&amp;tr=udp://opentor.net:6969&amp;tr=udp://opentor.org:2710&amp;tr=http://retracker.local/announce\">magnet</a>]</li><li><a href=\"https://tapochek.net/viewtopic.php?p=2799084\" target=\"_blank\" rel=\"noopener\">Tapochek.net</a></li><li><a href=\"https://pastefg.hermietkreeft.site/?d53a440455b24a53#4GgE7Pm156WatNxAXbGvoXNXKotXWRSvoiVW1d48581R\" target=\"_blank\" rel=\"noopener\">Filehoster: MultiUpload</a> (10+ hosters, interchangeable) [Use <a href=\"https://jdownloader.org/jdownloader2\" target=\"_blank\" rel=\"noopener\">JDownloader2</a>]</li><li><a href=\"https://pastefg.hermietkreeft.site/?4282ad7981633c3d#FQfP7Hkjeu8iqgm8NPnzgusmZgK8xxP4apZCcbzcsYHq\" target=\"_blank\" rel=\"noopener\">Filehoster: PixelDrain</a></li><li><a href=\"https://pastefg.hermietkreeft.site/?aad965934f20cc8a#DHAzq4xbxgD5f6KRiYYgVNHyDdAzve52ZxYDW83LX9yR\" target=\"_blank\" rel=\"noopener\">Filehoster: ZippyShare</a></li><li><a href=\"https://pastefg.hermietkreeft.site/?2e25ad2d0b9fe9cb#7WE4pXFtQA8KRggNQLpzz6Aja41QkBXsLDmuo5T9rKJV\" target=\"_blank\" rel=\"noopener\">Filehoster: LetsUpload</a> [Use <a href=\"https://jdownloader.org/jdownloader2\" target=\"_blank\" rel=\"noopener\">JDownloader2</a>]</li><li><a href=\"https://crackhub.site/american-truck-simulator-v1-41-1-61s-34-dlcs-fitgirl-repack/\" target=\"_blank\" rel=\"noopener\">Filehosters: Google Drive, OneDrive + others</a> (Uploaded by crackhub213)</li><li><a href=\"https://pastefg.hermietkreeft.site/?9bb425d35091df8b#HkvAJSg3n6hqZevksV1yopgvJeMwoJQQH5ruj2Ho6YpV\" target=\"_blank\" rel=\"noopener\">Filehoster: OneDrive</a> (Uploaded by DyR0 t(-_-t), NOT compatible with other mirrors)</li></ul><p><a href=\"https://cs.rin.ru/forum/viewtopic.php?f=10&amp;t=70425\" target=\"_blank\" rel=\"noopener\">Discussion and (possible) future updates on CS.RIN.RU thread</a></p><h3>Screenshots (Click to enlarge)</h3><p><a target=\"_blank\" href=\"https://en.riotpixels.com/games/american-truck-simulator-idaho/screenshots/11/?utm_source=emb-gfx-html&amp;utm_medium=image&amp;utm_campaign=rp-mass\" rel=\"noopener\"><img loading=\"lazy\" width=\"178\" height=\"100\" border=\"0\" src=\"https://s01.riotpixels.net/data/f3/ce/f3ceb64f-bf8f-43b6-b91d-46c244723370.jpg.240p.jpg\"></a><a target=\"_blank\" href=\"https://en.riotpixels.com/games/american-truck-simulator-idaho/screenshots/5/?utm_source=emb-gfx-html&amp;utm_medium=image&amp;utm_campaign=rp-mass\" rel=\"noopener\"><img loading=\"lazy\" width=\"178\" height=\"100\" border=\"0\" src=\"https://s01.riotpixels.net/data/c4/d1/c4d1fc5f-a548-442c-92a4-3f8437a25a28.jpg.240p.jpg\"></a><a target=\"_blank\" href=\"https://en.riotpixels.com/games/american-truck-simulator-idaho/screenshots/1/?utm_source=emb-gfx-html&amp;utm_medium=image&amp;utm_campaign=rp-mass\" rel=\"noopener\"><img loading=\"lazy\" width=\"178\" height=\"100\" border=\"0\" src=\"https://s01.riotpixels.net/data/a5/66/a5667979-51ee-4bfd-84a0-c7c87743378a.jpg.240p.jpg\"></a><br><a target=\"_blank\" href=\"https://en.riotpixels.com/games/american-truck-simulator-wyoming/screenshots/192/?utm_source=emb-gfx-html&amp;utm_medium=image&amp;utm_campaign=rp-mass\" rel=\"noopener\"><img loading=\"lazy\" width=\"178\" height=\"100\" border=\"0\" src=\"https://s01.riotpixels.net/data/5f/f8/5ff8ac50-9738-43b6-be85-25ea9dd0fce0.jpg.240p.jpg\"></a><a target=\"_blank\" href=\"https://en.riotpixels.com/games/american-truck-simulator-wyoming/screenshots/117/?utm_source=emb-gfx-html&amp;utm_medium=image&amp;utm_campaign=rp-mass\" rel=\"noopener\"><img loading=\"lazy\" width=\"178\" height=\"100\" border=\"0\" src=\"https://s01.riotpixels.net/data/3e/cf/3ecf7976-4683-4587-8f4b-41d77696927c.jpg.240p.jpg\"></a><a target=\"_blank\" href=\"https://en.riotpixels.com/games/american-truck-simulator-wyoming/screenshots/10/?utm_source=emb-gfx-html&amp;utm_medium=image&amp;utm_campaign=rp-mass\" rel=\"noopener\"><img loading=\"lazy\" width=\"178\" height=\"100\" border=\"0\" src=\"https://s01.riotpixels.net/data/e9/1a/e91afe39-c805-4c82-bbda-8cea051d292f.jpg.240p.jpg\"></a></p><h3>Repack Features</h3><ul><li>Based on American.Truck.Simulator.Wyoming-CODEX ISO release: codex-american.truck.simulator.wyoming.iso (8,014,823,424 bytes)</li><li>All released DLCs included and activated; game version is v1.41.1.61s</li><li>When creating a new user profile in-game, UNCHECK \u201cSteam Cloud Save\u201d option, or you won\u2019t be able to load the game in the future w/o deleding created profile files</li><li>100% Lossless &amp; MD5 Perfect: all files are identical to originals after installation</li><li>NOTHING ripped, NOTHING re-encoded</li><li>Significantly smaller archive size (compressed from 7.5 to 4.3 GB)</li><li>Installation takes 3-12 minutes (depending on your system)</li><li>After-install integrity check so you could make sure that everything installed properly</li><li>HDD space after installation: 7.6 GB</li><li>Language can be changed in game settings</li><li>Repack uses XTool library by Razor12911</li><li>At least 2 GB of free RAM (inc. virtual) required for installing this repack</li></ul><div ><div><h2>Game Description</h2></div><div ><p>Experience legendary American trucks and deliver various cargoes across sunny California and sandy Nevada. American Truck Simulator takes you on a journey through the breathtaking landscapes and widely recognized landmarks around the States.</p><p>Game mechanics are based on the highly successful model from Euro Truck Simulator 2 and have been expanded with new features, creating the most captivating game experience from SCS Software.</p><p>American Truck Simulator puts you in the seat of a driver for hire entering the local freight market, making you work your way up to become an owner-operator, and go on to create one of the largest transportation companies in the United States.</p><p><b><h3>Game Features</h3></b></p><ul><li>Drive highly detailed truck models officially licensed from iconic truck manufacturers.</li><li>Your truck is your new home. Make it yours by changing cabins, chassis, paintjobs, adding tuning accessories or more powerful engines.</li><li>Lots of different cargoes to choose: From food to machinery to hazard cargoes.</li><li>Multiple types of trailers \u2013 from reefers to flatbeds, from dumpers to lowboys and goosenecks.</li><li>The longest trailers (up to 53 ft) will challenge your skills and patience while hauling and during parking.</li><li>Deliver your cargoes to a rich variety of companies and locations like refineries, oil storage, gas stations, car factories, or roadworks.</li><li>Various simulation settings for trucking enthusiasts: Air brake simulation; different types of brakes: retarder, Jake brake, trailer brake; multiple types of transmissions straight from real trucks, brake intensity, and more.</li><li>Feel like inside a real cabin: Adjust your seat, mirrors and position your head to get the best view of the road.</li><li>Drive safely, follow the rules and speed limits \u2013 police will fine you if you aren\u2019t careful!</li><li>Ensure that you are not delivering overweight cargo \u2013 you may be checked at the weigh scales.</li><li>Use the route adviser as your personal assistant during the travels.</li><li>Try the life of a truck driver for hire. By delivering the cargoes safely and improving your skills, become the owner of your own, successful company!</li><li>Build your own fleet of trucks, buy garages, hire drivers, manage your company for maximum profits.</li><li>Make your trucking time better by listening to your favorite songs via built-in music player or streaming your favorite radio stations.</li><li>Capture your favorite moments with a photo mode offering rich set of editing options.</li><li>Great support for steering wheels, gamepads and other input devices.</li><li>Long-time support of the game, including new features.</li></ul><p><b>Included DLCs</b></p><ul><li>Kenworth T680</li><li>Peterbilt 579</li><li>Volvo VNL</li><li>Nevada</li><li>Kenworth W900</li><li>Steampunk Paint Jobs Pack</li><li>Wheel Tuning Pack</li><li>Arizona</li><li>Steering Creations Pack</li><li>Peterbilt 389</li><li>Halloween Paint Jobs Pack</li><li>Dragon Truck Design Pack</li><li>Christmas Paint Jobs Pack</li><li>Valentine\u2019s Paint Jobs Pack</li><li>Heavy Cargo Pack</li><li>New Mexico</li><li>Oregon</li><li>Classic Stripes Paint Jobs Pack</li><li>Special Transport</li><li>Washington</li><li>Forest Machinery</li><li>Utah</li><li>Space Paint Jobs Pack</li><li>International LoneStar</li><li>Pink Ribbon Charity Pack</li><li>Idaho</li><li>Colorado</li><li>Mack Anthem</li><li>Freightliner Cascadia</li><li>Western Star 49X</li><li>Wyoming</li><li>Cabin Accessories</li><li>Goodyear Tires Pack</li><li>International LT</li></ul></div></div><p><b>Backwards Compatibility</b></p><p>This repack is NOT backwards compatible with my previous repacks of this game.</p>             </div>"
}