{
    "link": "https://fitgirl-repacks.site/amid-the-lines/",
    "title": "Amid the Lines",
    "first_img": "https://i114.fastpic.ru/big/2021/0616/6c/02318fdd1979930c5cd6ced259d2036c.jpg",
    "second_img": "https://s01.riotpixels.net/data/76/2c/762c646a-6e11-41aa-9470-dbfadef76a34.jpg.240p.jpg",
    "body": "<div ><h2>Amid the Lines</h2><p ><div><a target=\"_blank\" href=\"https://en.riotpixels.com/games/amid-the-lines/\" rel=\"noopener\"><img class=\"alignleft\" width=\"150\" src=\"https://i114.fastpic.ru/big/2021/0616/6c/02318fdd1979930c5cd6ced259d2036c.jpg\"></a></div><br>Genres/Tags: <strong>Action, Beat \u2019em up (Brawler), Third-person, 3D</strong><br>Company: <strong>IBRAHIM SAWFAN</strong><br>Language: <strong>ENG</strong><br>Original Size: <strong>3.3 GB</strong><br>Repack Size: <strong>2.1 GB</strong></p>&nbsp;<div>&nbsp;</div><h3>Download Mirrors</h3><ul><li><a href=\"https://1337x.to/torrent/4893889/Amid-the-Lines-FitGirl-Repack/\" target=\"_blank\" rel=\"noopener\">1337x</a> | [<a href=\"magnet:?xt=urn:btih:EBE8DCAD740B05426405454C178FCCED982ED06B&amp;dn=Amid+the+Lines+%5BFitGirl+Repack%5D&amp;tr=udp%3A%2F%2F46.148.18.250%3A2710&amp;tr=udp%3A%2F%2Fopentor.org%3A2710&amp;tr=udp%3A%2F%2Ftracker.coppersurfer.tk%3A6969%2Fannounce&amp;tr=udp%3A%2F%2Ftracker.opentrackr.org%3A1337%2Fannounce&amp;tr=http%3A%2F%2Ftracker.dler.org%3A6969%2Fannounce&amp;tr=udp%3A%2F%2Ftracker.leechers-paradise.org%3A6969%2Fannounce&amp;tr=udp%3A%2F%2F9.rarbg.me%3A2730%2Fannounce&amp;tr=udp%3A%2F%2F9.rarbg.to%3A2770%2Fannounce&amp;tr=udp%3A%2F%2Ftracker.pirateparty.gr%3A6969%2Fannounce&amp;tr=http%3A%2F%2Fretracker.local%2Fannounce&amp;tr=http%3A%2F%2Fretracker.ip.ncnet.ru%2Fannounce&amp;tr=udp%3A%2F%2Fexodus.desync.com%3A6969%2Fannounce&amp;tr=udp%3A%2F%2Fipv4.tracker.harry.lu%3A80%2Fannounce&amp;tr=udp%3A%2F%2Fopen.stealth.si%3A80%2Fannounce&amp;tr=udp%3A%2F%2Ftracker.zer0day.to%3A1337%2Fannounce&amp;tr=udp%3A%2F%2Ftracker.leechers-paradise.org%3A6969%2Fannounce&amp;tr=udp%3A%2F%2Fcoppersurfer.tk%3A6969%2Fannounce\">magnet</a>] [<a href=\"https://pastefg.hermietkreeft.site/?c8900bec950d1d61#JX2YRh88i3iefST63spGQ7hPg6PcKDBRMMtQ1vTxmE6\" target=\"_blank\" rel=\"noopener\">.torrent file only</a>] <br><img src=\"https://torrent-stats.info/454c/137305650.png\" style=\"display:block;clear:both\"></li><li><a href=\"https://tapochek.net/viewtopic.php?p=2784377\" target=\"_blank\" rel=\"noopener\">Tapochek.net</a></li><li><a href=\"https://pastefg.hermietkreeft.site/?a217b705cb582a58#Bt4XtHTd2wmVzxPtmdr4DFWA9Xpo4fDJ4jhMf2zF3FVB\" target=\"_blank\" rel=\"noopener\">Filehoster: MultiUpload</a> (10+ hosters, interchangeable) [Use <a href=\"http://jdownloader.org/jdownloader2\" target=\"_blank\" rel=\"noopener\">JDownloader2</a>]</li><li><a href=\"https://pastefg.hermietkreeft.site/?5c4b23b48e530a86#CQvyuSA2QCCH3PMrREM4V8ZK7Kj8zwgtB5y5E5m5Nfpj\" target=\"_blank\" rel=\"noopener\">Filehoster: PixelDrain</a></li><li><a href=\"https://pastefg.hermietkreeft.site/?4bef54009e01d7ca#H13Vv5oa9UdkdXHV9dGAgqALkuiNMtros5h8ZJZqiUAJ\" target=\"_blank\" rel=\"noopener\">Filehoster: LetsUpload</a> [Use <a href=\"http://jdownloader.org/jdownloader2\" target=\"_blank\" rel=\"noopener\">JDownloader2</a>]</li><li><a href=\"https://crackhub.site/amid-the-lines-fitgirl-repack/\" target=\"_blank\" rel=\"noopener\">Filehosters: Google Drive, OneDrive + others</a> (Uploaded by crackhub213)</li><li><a href=\"https://pastefg.hermietkreeft.site/?ff16cefe4aa71ccb#7c4sxvHxiZweDiBHHW4NreKUZT7RAGux9Jg3jFtEq1U3\" target=\"_blank\" rel=\"noopener\">Filehoster: OneDrive</a> (Uploaded by DyR0 t(-_-t), NOT compatible with other mirrors)</li></ul><p><a href=\"https://cs.rin.ru/forum/viewtopic.php?f=10&amp;t=112984\" target=\"_blank\" rel=\"noopener\">Discussion and (possible) future updates on CS.RIN.RU thread</a></p><h3>Screenshots (Click to enlarge)</h3><p><a target=\"_blank\" href=\"https://en.riotpixels.com/games/amid-the-lines/screenshots/11/?utm_source=emb-gfx-html&amp;utm_medium=image&amp;utm_campaign=rp-mass\" rel=\"noopener\"><img loading=\"lazy\" width=\"178\" height=\"100\" border=\"0\" src=\"https://s01.riotpixels.net/data/76/2c/762c646a-6e11-41aa-9470-dbfadef76a34.jpg.240p.jpg\"></a><a target=\"_blank\" href=\"https://en.riotpixels.com/games/amid-the-lines/screenshots/10/?utm_source=emb-gfx-html&amp;utm_medium=image&amp;utm_campaign=rp-mass\" rel=\"noopener\"><img loading=\"lazy\" width=\"178\" height=\"100\" border=\"0\" src=\"https://s01.riotpixels.net/data/a8/91/a8912d39-26a3-487d-b5b2-f85f0503eb95.jpg.240p.jpg\"></a><a target=\"_blank\" href=\"https://en.riotpixels.com/games/amid-the-lines/screenshots/6/?utm_source=emb-gfx-html&amp;utm_medium=image&amp;utm_campaign=rp-mass\" rel=\"noopener\"><img loading=\"lazy\" width=\"178\" height=\"100\" border=\"0\" src=\"https://s01.riotpixels.net/data/cf/77/cf7740f6-ecd7-49bd-a5b6-3d4514167471.jpg.240p.jpg\"></a><br><a target=\"_blank\" href=\"https://en.riotpixels.com/games/amid-the-lines/screenshots/4/?utm_source=emb-gfx-html&amp;utm_medium=image&amp;utm_campaign=rp-mass\" rel=\"noopener\"><img loading=\"lazy\" width=\"178\" height=\"100\" border=\"0\" src=\"https://s01.riotpixels.net/data/8d/a1/8da15348-dfd7-4b4a-b465-2b3bc338b54b.jpg.240p.jpg\"></a><a target=\"_blank\" href=\"https://en.riotpixels.com/games/amid-the-lines/screenshots/3/?utm_source=emb-gfx-html&amp;utm_medium=image&amp;utm_campaign=rp-mass\" rel=\"noopener\"><img loading=\"lazy\" width=\"178\" height=\"100\" border=\"0\" src=\"https://s01.riotpixels.net/data/87/a7/87a7982b-060c-4437-82b6-b5242fe4d8d4.jpg.240p.jpg\"></a><a target=\"_blank\" href=\"https://en.riotpixels.com/games/amid-the-lines/screenshots/1/?utm_source=emb-gfx-html&amp;utm_medium=image&amp;utm_campaign=rp-mass\" rel=\"noopener\"><img loading=\"lazy\" width=\"178\" height=\"100\" border=\"0\" src=\"https://s01.riotpixels.net/data/9b/76/9b768006-dd1e-415f-a651-b8ec3a829cf1.jpg.240p.jpg\"></a></p><h3>Repack Features</h3><ul><li>Based on AMID.THE.LINES-DOGE ISO release: wow-amid.the.lines.iso (3,554,957,312 bytes)</li><li>100% Lossless &amp; MD5 Perfect: all files are identical to originals after installation</li><li>NOTHING ripped, NOTHING re-encoded</li><li>Significantly smaller archive size (compressed from 3.3 to 2.1 GB)</li><li>Installation takes 1-2 minutes</li><li>After-install integrity check so you could make sure that everything installed properly</li><li>HDD space after installation: 6.5 GB</li><li>Repack uses XTool library by Razor12911</li><li>At least 2 GB of free RAM (inc. virtual) required for installing this repack</li><li>On Windows 10 you can delete all files in \u201cATL\\Binaries\\Win64\u201d folder, they are needed only for Windows 7/8.1</li></ul><div ><div><h2>Game Description</h2></div><div >Detective Northwood gets assigned by the FBI to investigate a chemical company for the suspicion of a terrorist attack on the city, but the company he is investigating belongs to one of the most important figures in the whole country.<p>But that won\u2019t stop him , as he knows the risk is too high to begin worrying about politics.</p><p>He will break every bone and spill every drop of blood and kill if he has to ,to save the souls of innocent people.</p><p>Amid the lines is A beat\u2019em up with amazing fighting mechanics ,and an interesting storyline that will leave you wanting more. join detective Northwood\u2019s journey and fight his fight.</p><p><b><h3>Game Features</h3></b></p><ul><li>Dynamic combat</li><li>Fatality finishes</li><li>Challenging gameplay</li><li>Amazing graphics</li><li>Realistic fighting moves</li></ul></div></div>             </div>"
}