{
    "link": "https://fitgirl-repacks.site/among-trees/",
    "title": "Among Trees \u2013 v0.5.27 (Release)",
    "first_img": "https://i7.imageban.ru/out/2021/11/10/c22a95226091d90e31a44e0d9495eeb1.jpg",
    "second_img": "https://s01.riotpixels.net/data/53/b5/53b55aaa-b0d1-42c1-bf00-9d1db378ba86.jpg.240p.jpg",
    "body": "<div ><h2>Among Trees \u2013 v0.5.27 (Release)</h2><p ><div><a target=\"_blank\" href=\"https://en.riotpixels.com/games/among-trees/\" rel=\"noopener\"><img class=\"alignleft\" width=\"150\" src=\"https://i7.imageban.ru/out/2021/11/10/c22a95226091d90e31a44e0d9495eeb1.jpg\"></a></div><br>Genres/Tags: <strong>Adventure, Survival, First-person, 3D</strong><br>Company: <strong>FJRD Interactive</strong><br>Language: <strong>ENG</strong><br>Original Size: <strong>834 MB</strong><br>Repack Size: <strong>543 MB</strong></p>&nbsp;<div>&nbsp;</div><h3>Download Mirrors</h3><ul><li><a href=\"https://1337x.to/torrent/5047095/Among-Trees-v0-5-27-Release-FitGirl-Repack/\" target=\"_blank\" rel=\"noopener\">1337x</a> | [<a href=\"magnet:?xt=urn:btih:26F4DFCF98B8DC240D10FE43F583A4275E01ED5A&amp;dn=Among+Trees+%28v0.5.27%2FRelease%29+%5BFitGirl+Repack%5D&amp;tr=udp%3A%2F%2F46.148.18.250%3A2710&amp;tr=udp%3A%2F%2Fopentor.org%3A2710&amp;tr=udp%3A%2F%2Ftracker.coppersurfer.tk%3A6969%2Fannounce&amp;tr=udp%3A%2F%2Ftracker.opentrackr.org%3A1337%2Fannounce&amp;tr=http%3A%2F%2Ftracker.dler.org%3A6969%2Fannounce&amp;tr=udp%3A%2F%2Ftracker.leechers-paradise.org%3A6969%2Fannounce&amp;tr=udp%3A%2F%2F9.rarbg.me%3A2730%2Fannounce&amp;tr=udp%3A%2F%2F9.rarbg.to%3A2770%2Fannounce&amp;tr=udp%3A%2F%2Ftracker.pirateparty.gr%3A6969%2Fannounce&amp;tr=http%3A%2F%2Fretracker.local%2Fannounce&amp;tr=http%3A%2F%2Fretracker.ip.ncnet.ru%2Fannounce&amp;tr=udp%3A%2F%2Fexodus.desync.com%3A6969%2Fannounce&amp;tr=udp%3A%2F%2Fipv4.tracker.harry.lu%3A80%2Fannounce&amp;tr=udp%3A%2F%2Fopen.stealth.si%3A80%2Fannounce&amp;tr=udp%3A%2F%2Ftracker.zer0day.to%3A1337%2Fannounce&amp;tr=udp%3A%2F%2Ftracker.leechers-paradise.org%3A6969%2Fannounce&amp;tr=udp%3A%2F%2Fcoppersurfer.tk%3A6969%2Fannounce\">magnet</a>] [<a href=\"https://pastefg.hermietkreeft.site/?bde0bb0149c1582c#F7scnEPMfN6bj7byeG4TmsGDc8Ztu66cDgcmnXT5GCB2\" target=\"_blank\" rel=\"noopener\">.torrent file only</a>] <br><img src=\"https://torrent-stats.info/fe43/49e7a77b0.png\" style=\"display:block;clear:both\"></li><li><a href=\"https://tapochek.net/viewtopic.php?p=2811221\" target=\"_blank\" rel=\"noopener\">Tapochek.net</a></li><li><a href=\"https://pastefg.hermietkreeft.site/?4cd09daad415e35d#9CRk94acmMqWKpN1Q2mQUUcN4WomNJg5WvXw4zJVGgvu\" target=\"_blank\" rel=\"noopener\">Filehoster: MultiUpload</a> (10+ hosters, interchangeable) [Use <a href=\"http://jdownloader.org/jdownloader2\" target=\"_blank\" rel=\"noopener\">JDownloader2</a>]</li><li><a href=\"https://pastefg.hermietkreeft.site/?1ef839690462a23f#DKgex3kqNLFpUtcHDGK8CVrPHoUCpwnYBcGYJddy56k4\" target=\"_blank\" rel=\"noopener\">Filehoster: ZippyShare</a></li><li><a href=\"https://pastefg.hermietkreeft.site/?62f619c2c4d488aa#vYo2uWbVCqRikKrtpchcn48UNna4eWEqYtteKarXFp6\" target=\"_blank\" rel=\"noopener\">Filehoster: BayFiles</a></li><li><a href=\"https://pastefg.hermietkreeft.site/?29b46c229a18f01e#2va8a9s9XV7eKJ3Zv1mXLn8b2aRzUWpSGbUdmqj8HmyJ\" target=\"_blank\" rel=\"noopener\">Filehoster: LetsUpload</a> [Use <a href=\"http://jdownloader.org/jdownloader2\" target=\"_blank\" rel=\"noopener\">JDownloader2</a>]</li><li><a href=\"https://pastefg.hermietkreeft.site/?9a4c00dfafb63671#Jc1eEyEkecZFZsvynyUgPNRRu97htFvVyfjgJVHBWXr\" target=\"_blank\" rel=\"noopener\">Filehoster: OneDrive</a> (Uploaded by DyR0 t(-_-t), NOT compatible with other mirrors)</li><p><!--  <li><a href=\"\" target=\"_blank\" rel=\"noopener\">Filehosters: Google Drive, OneDrive + others</a> (Uploaded by crackhub213)</li>  --></p></ul><p><a href=\"https://cs.rin.ru/forum/viewtopic.php?f=10&amp;t=93490\" target=\"_blank\" rel=\"noopener\">Discussion and (possible) future updates on CS.RIN.RU thread</a></p><h3>Screenshots (Click to enlarge)</h3><p><a target=\"_blank\" href=\"https://en.riotpixels.com/games/among-trees/screenshots/13/?utm_source=emb-gfx-html&amp;utm_medium=image&amp;utm_campaign=rp-mass\" rel=\"noopener\"><img loading=\"lazy\" width=\"178\" height=\"100\" border=\"0\" src=\"https://s01.riotpixels.net/data/53/b5/53b55aaa-b0d1-42c1-bf00-9d1db378ba86.jpg.240p.jpg\"></a><a target=\"_blank\" href=\"https://en.riotpixels.com/games/among-trees/screenshots/12/?utm_source=emb-gfx-html&amp;utm_medium=image&amp;utm_campaign=rp-mass\" rel=\"noopener\"><img loading=\"lazy\" width=\"178\" height=\"100\" border=\"0\" src=\"https://s01.riotpixels.net/data/78/7b/787b39b9-ed65-4405-8fc8-37da129938b4.jpg.240p.jpg\"></a><a target=\"_blank\" href=\"https://en.riotpixels.com/games/among-trees/screenshots/11/?utm_source=emb-gfx-html&amp;utm_medium=image&amp;utm_campaign=rp-mass\" rel=\"noopener\"><img loading=\"lazy\" width=\"178\" height=\"100\" border=\"0\" src=\"https://s01.riotpixels.net/data/93/92/9392c003-0088-4562-a389-a9a4d73ac7c5.jpg.240p.jpg\"></a><br><a target=\"_blank\" href=\"https://en.riotpixels.com/games/among-trees/screenshots/7/?utm_source=emb-gfx-html&amp;utm_medium=image&amp;utm_campaign=rp-mass\" rel=\"noopener\"><img loading=\"lazy\" width=\"178\" height=\"100\" border=\"0\" src=\"https://s01.riotpixels.net/data/b8/23/b823ef8c-8bb7-4385-8207-0c0d7d8d6725.jpg.240p.jpg\"></a><a target=\"_blank\" href=\"https://en.riotpixels.com/games/among-trees/screenshots/6/?utm_source=emb-gfx-html&amp;utm_medium=image&amp;utm_campaign=rp-mass\" rel=\"noopener\"><img loading=\"lazy\" width=\"178\" height=\"100\" border=\"0\" src=\"https://s01.riotpixels.net/data/87/5d/875da006-a6c2-4391-b964-42720ef3dbb9.jpg.240p.jpg\"></a><a target=\"_blank\" href=\"https://en.riotpixels.com/games/among-trees/screenshots/3/?utm_source=emb-gfx-html&amp;utm_medium=image&amp;utm_campaign=rp-mass\" rel=\"noopener\"><img loading=\"lazy\" width=\"178\" height=\"100\" border=\"0\" src=\"https://s01.riotpixels.net/data/e2/96/e296dca5-fb56-4ac9-88f4-0b6e4ffc95b9.jpg.240p.jpg\"></a></p><h3>Repack Features</h3><ul><li>Based on Among.Trees-CODEX ISO release: codex-among.trees.iso (874,217,472 bytes)</li><li>100% Lossless &amp; MD5 Perfect: all files are identical to originals after installation</li><li>NOTHING ripped, NOTHING re-encoded</li><li>Smaller archive size (compressed from 834 to 543 MB)</li><li>Installation takes one minute</li><li>After-install integrity check so you could make sure that everything installed properly</li><li>HDD space after installation: 2.3 GB</li><li>At least 2 GB of free RAM (inc. virtual) required for installing this repack</li></ul><div ><div><h2>Game Description</h2></div><div >Escape to an enchanting, living sandbox surrounded by wildlife and nature. Scavenge materials and craft tools to turn your small cabin into a warm, well-supplied home. Survive by fishing, cooking and growing your own food. Be careful though, the forest is as dangerous as it is wonderful.<p><b><h3>Game Features</h3></b></p><ul><li><b>EXPLORE:</b> Explore a living, colorful world, ranging from dense forests to dark caves.</li><li><b>BUILD:</b> Your cabin grows with you: build new rooms to unlock additional game mechanics, including cooking, gardening, crafting and sewing.</li><li><b>GROW:</b> Nurture delicate (and delicious) plants in your greenhouse. Eat them raw or make a stew for better nutritional values.</li><li><b>SURVIVE:</b> Dangerous animals roam some areas in the woods. Better keep a distance if you can. (Among Trees also includes a ZEN mode without dangerous animals)</li><li><b>BEST FRIENDS FOREVER:</b> While the wilderness can be dangerous, it doesn\u2019t mean you can\u2019t make new friends. Adopt a Fox Pet who you can feed, pet, and train to help you find loot.</li></ul></div></div>             </div>"
}