{
    "link": "https://fitgirl-repacks.site/arboria/",
    "title": "Arboria \u2013 v1.0.0.1055",
    "first_img": "https://i4.imageban.ru/out/2021/09/10/265b646af963e9fee79a78b31f78306c.jpg",
    "second_img": "https://s01.riotpixels.net/data/bb/bc/bbbc412d-4072-44b4-9fc7-9f5a4cd94990.jpg.240p.jpg",
    "body": "<div ><h2>Arboria \u2013 v1.0.0.1055</h2><p ><div><a target=\"_blank\" href=\"https://en.riotpixels.com/games/arboria/\" rel=\"noopener\"><img class=\"alignleft\" width=\"150\" src=\"https://i4.imageban.ru/out/2021/09/10/265b646af963e9fee79a78b31f78306c.jpg\"></a></div><br>Genres/Tags: <strong>Action, Slasher, RPG, Third-person, Roguelike, 3D</strong><br>Company: <strong>Dreamplant</strong><br>Language: <strong>ENG</strong><br>Original Size: <strong>8.4 GB</strong><br>Repack Size: <strong>4.8 GB</strong></p>&nbsp;<div>&nbsp;</div><h3>Download Mirrors</h3><ul><li><a href=\"https://1337x.to/torrent/4978744/Arboria-v1-0-0-1055-FitGirl-Repack/\" target=\"_blank\" rel=\"noopener\">1337x</a> | [<a href=\"magnet:?xt=urn:btih:1B271DC69833357C9B917110510BE2108BE0DCC0&amp;dn=Arboria+%28v1.0.0.1055%29+%5BFitGirl+Repack%5D&amp;tr=udp%3A%2F%2F46.148.18.250%3A2710&amp;tr=udp%3A%2F%2Fopentor.org%3A2710&amp;tr=udp%3A%2F%2Ftracker.coppersurfer.tk%3A6969%2Fannounce&amp;tr=udp%3A%2F%2Ftracker.opentrackr.org%3A1337%2Fannounce&amp;tr=http%3A%2F%2Ftracker.dler.org%3A6969%2Fannounce&amp;tr=udp%3A%2F%2Ftracker.leechers-paradise.org%3A6969%2Fannounce&amp;tr=udp%3A%2F%2F9.rarbg.me%3A2730%2Fannounce&amp;tr=udp%3A%2F%2F9.rarbg.to%3A2770%2Fannounce&amp;tr=udp%3A%2F%2Ftracker.pirateparty.gr%3A6969%2Fannounce&amp;tr=http%3A%2F%2Fretracker.local%2Fannounce&amp;tr=http%3A%2F%2Fretracker.ip.ncnet.ru%2Fannounce&amp;tr=udp%3A%2F%2Fexodus.desync.com%3A6969%2Fannounce&amp;tr=udp%3A%2F%2Fipv4.tracker.harry.lu%3A80%2Fannounce&amp;tr=udp%3A%2F%2Fopen.stealth.si%3A80%2Fannounce&amp;tr=udp%3A%2F%2Ftracker.zer0day.to%3A1337%2Fannounce&amp;tr=udp%3A%2F%2Ftracker.leechers-paradise.org%3A6969%2Fannounce&amp;tr=udp%3A%2F%2Fcoppersurfer.tk%3A6969%2Fannounce\">magnet</a>] [<a href=\"https://pastefg.hermietkreeft.site/?e7d63ba620a1f0df#8gH7ZNAFH4yXVCh1xCVjyTYBq6omgANWsgntGuBNpKBK\" target=\"_blank\" rel=\"noopener\">.torrent file only</a>] <br><img src=\"https://torrent-stats.info/7110/2051bd8b0.png\" style=\"display:block;clear:both\"></li><li><a href=\"https://tapochek.net/viewtopic.php?p=2799352\" target=\"_blank\" rel=\"noopener\">Tapochek.net</a></li><li><a href=\"https://pastefg.hermietkreeft.site/?6d3cb1c114142609#BWMXC7Nsx76swD6WMDxMThC1zdBE712yp97k9JL5aJyh\" target=\"_blank\" rel=\"noopener\">Filehoster: MultiUpload</a> (10+ hosters, interchangeable) [Use <a href=\"http://jdownloader.org/jdownloader2\" target=\"_blank\" rel=\"noopener\">JDownloader2</a>]</li><li><a href=\"https://pastefg.hermietkreeft.site/?8e6a355d590150c7#A5ZnbB6qyB4pLKFBR7JCvyNeoxht2c4Hfv7ZQXRtYz9Z\" target=\"_blank\" rel=\"noopener\">Filehoster: PixelDrain</a></li><li><a href=\"https://pastefg.hermietkreeft.site/?c72c036afddcd116#5jfoGCjNUS6A9RPBgR3Sk9jbpgrssXaT4B7oK75KWMYH\" target=\"_blank\" rel=\"noopener\">Filehoster: ZippyShare</a></li><li><a href=\"https://pastefg.hermietkreeft.site/?b2a65d4b6f9e576a#HhZcQTKppj2wnwd8ETLjD5gPPPLWETvhBRVef4a1zFPy\" target=\"_blank\" rel=\"noopener\">Filehoster: LetsUpload</a> [Use <a href=\"http://jdownloader.org/jdownloader2\" target=\"_blank\" rel=\"noopener\">JDownloader2</a>]</li><li><a href=\"https://pastefg.hermietkreeft.site/?881e271b05d6bf54#EDaQt6czwfN6Qc8vAVHhRP7gSwDm8y8v6w41DJREVrxS\" target=\"_blank\" rel=\"noopener\">Filehoster: OneDrive</a> (Uploaded by DyR0 t(-_-t), NOT compatible with other mirrors)</li></ul><p><a href=\"https://cs.rin.ru/forum/viewtopic.php?f=10&amp;t=101226\" target=\"_blank\" rel=\"noopener\">Discussion and (possible) future updates on CS.RIN.RU thread</a></p><h3>Screenshots (Click to enlarge)</h3><p><a target=\"_blank\" href=\"https://en.riotpixels.com/games/arboria/screenshots/42/?utm_source=emb-gfx-html&amp;utm_medium=image&amp;utm_campaign=rp-mass\" rel=\"noopener\"><img loading=\"lazy\" width=\"189\" height=\"100\" border=\"0\" src=\"https://s01.riotpixels.net/data/bb/bc/bbbc412d-4072-44b4-9fc7-9f5a4cd94990.jpg.240p.jpg\"></a><a target=\"_blank\" href=\"https://en.riotpixels.com/games/arboria/screenshots/34/?utm_source=emb-gfx-html&amp;utm_medium=image&amp;utm_campaign=rp-mass\" rel=\"noopener\"><img loading=\"lazy\" width=\"178\" height=\"100\" border=\"0\" src=\"https://s01.riotpixels.net/data/4b/73/4b731400-f9c0-4b85-83b8-8e962c44dd55.jpg.240p.jpg\"></a><a target=\"_blank\" href=\"https://en.riotpixels.com/games/arboria/screenshots/33/?utm_source=emb-gfx-html&amp;utm_medium=image&amp;utm_campaign=rp-mass\" rel=\"noopener\"><img loading=\"lazy\" width=\"189\" height=\"100\" border=\"0\" src=\"https://s01.riotpixels.net/data/dc/e0/dce0659d-bb11-4a55-9774-2b9ab54801c4.jpg.240p.jpg\"></a><br><a target=\"_blank\" href=\"https://en.riotpixels.com/games/arboria/screenshots/30/?utm_source=emb-gfx-html&amp;utm_medium=image&amp;utm_campaign=rp-mass\" rel=\"noopener\"><img loading=\"lazy\" width=\"178\" height=\"100\" border=\"0\" src=\"https://s01.riotpixels.net/data/bd/01/bd01286d-6137-478f-ad62-32309f18e25f.jpg.240p.jpg\"></a><a target=\"_blank\" href=\"https://en.riotpixels.com/games/arboria/screenshots/26/?utm_source=emb-gfx-html&amp;utm_medium=image&amp;utm_campaign=rp-mass\" rel=\"noopener\"><img loading=\"lazy\" width=\"178\" height=\"100\" border=\"0\" src=\"https://s01.riotpixels.net/data/67/d4/67d408ea-ef04-4b6f-a36e-5bdd58230664.jpg.240p.jpg\"></a><a target=\"_blank\" href=\"https://en.riotpixels.com/games/arboria/screenshots/15/?utm_source=emb-gfx-html&amp;utm_medium=image&amp;utm_campaign=rp-mass\" rel=\"noopener\"><img loading=\"lazy\" width=\"178\" height=\"100\" border=\"0\" src=\"https://s01.riotpixels.net/data/0e/41/0e417c8d-f2b5-449e-bc8b-7b99833d878e.jpg.240p.jpg\"></a></p><h3>Repack Features</h3><ul><li>Based on Arboria-CODEX ISO release: codex-arboria.iso (9,018,310,656 bytes)</li><li>100% Lossless &amp; MD5 Perfect: all files are identical to originals after installation</li><li>NOTHING ripped, NOTHING re-encoded</li><li>Significantly smaller archive size (compressed from 8.4 to 4.8 GB)</li><li>Installation takes 2-7 minutes (depending on your system)</li><li>After-install integrity check so you could make sure that everything installed properly</li><li>HDD space after installation: 8.7 GB</li><li>Repack uses XTool library by Razor12911</li><li>At least 2 GB of free RAM (inc. virtual) required for installing this repack</li></ul><div ><div><h2>Game Description</h2></div><div >Arboria is a trollz-like 3D roguelite, third-person action RPG with soulslike combat. Become a Yotun warrior, explore creepy procedurally-generated dungeons, use a variety of tools to overcome challenges, obliterate enemies using Symbiotic Weapons, and mutate to become stronger.<p>Fulfill the prophecy and become the Chosen One who will save the Yotunz Tribe from extinction. The Father Tree, their life source, is dying, consumed by a mysterious disease. Jump into the vast and ever-changing dungeons of Durnar to heal its roots, gather enough Veri to please the Godz, and fight back bizarre monsters to restore the power of your Tribe.</p><p>Fight. Die. Repeat.</p><p>Prepare to fight the creepers of Durnar in real-time dynamic combat that will challenge your skills. Dash, roll, attack. Adjust your combat tactics when facing various opponents and choose your symbiont weapons wisely\u2014they will affect your combat style. For an additional advantage, make the best use of organic mutations.</p><p>If you fail in combat, your current warrior will die permanently and you\u2019ll have to start your next run from the beginning with a new, different Troll. The Veri you collect serves two purposes\u2014it\u2019s an offering to the Godz and your key to growth. Warriors don\u2019t live long, but their efforts benefit their successors, affecting the next generation\u2019s stats and abilities, so at least their severed heads can bear witness their progeny\u2019s glory from a jar in the graveyard.</p><p><b><h3>Game Features</h3></b></p><ul><li>Explore procedurally generated dungeons and a variety of unique biomes</li><li>Become one with your weapon\u2014use a range of Symbiotic Weapons and Bio-Mutations</li><li>Choose from a multitude of upgrades, customize, and evolve your warriors</li><li>Get to know the unusual denizens of the Village and the bawdy troll humor they delight in sharing</li><li>Face all manner of weird and creepy enemies and challenging bosses</li></ul></div></div>             </div>"
}