{
    "link": "https://fitgirl-repacks.site/arcade-tycoon-simulation/",
    "title": "Arcade Tycoon: Simulation",
    "first_img": "https://i7.imageban.ru/out/2021/10/15/3c8deb75d8594b9e1f799c821d5747bf.jpg",
    "second_img": "https://s01.riotpixels.net/data/43/14/43141886-1618-4f95-9445-f7ba29cf1c4d.jpg.240p.jpg",
    "body": "<div ><h2>Arcade Tycoon: Simulation</h2><p ><div><a target=\"_blank\" href=\"https://en.riotpixels.com/games/arcade-tycoon-simulation/\" rel=\"noopener\"><img class=\"alignleft\" width=\"150\" src=\"https://i7.imageban.ru/out/2021/10/15/3c8deb75d8594b9e1f799c821d5747bf.jpg\"></a></div><br>Genres/Tags: <strong>Managerial, Isometric, 2D</strong><br>Companies: <strong>Squidpunch Studios, Vincent Ltd, </strong><br>Languages: <strong>RUS/ENG/MULTI12</strong><br>Original Size: <strong>877 MB</strong><br>Repack Size: <strong>433 MB</strong></p>&nbsp;<div>&nbsp;</div><h3>Download Mirrors</h3><ul><li><a href=\"https://1337x.to/torrent/5019311/Arcade-Tycoon-Simulation-MULTi12-FitGirl-Repack/\" target=\"_blank\" rel=\"noopener\">1337x</a> | [<a href=\"magnet:?xt=urn:btih:219746C6A426D7759931D64A1541EFC54E92B21E&amp;dn=Arcade+Tycoon%3A+Simulation+%28MULTi12%29+%5BFitGirl+Repack%5D&amp;tr=udp%3A%2F%2F46.148.18.250%3A2710&amp;tr=udp%3A%2F%2Fopentor.org%3A2710&amp;tr=udp%3A%2F%2Ftracker.coppersurfer.tk%3A6969%2Fannounce&amp;tr=udp%3A%2F%2Ftracker.opentrackr.org%3A1337%2Fannounce&amp;tr=http%3A%2F%2Ftracker.dler.org%3A6969%2Fannounce&amp;tr=udp%3A%2F%2Ftracker.leechers-paradise.org%3A6969%2Fannounce&amp;tr=udp%3A%2F%2F9.rarbg.me%3A2730%2Fannounce&amp;tr=udp%3A%2F%2F9.rarbg.to%3A2770%2Fannounce&amp;tr=udp%3A%2F%2Ftracker.pirateparty.gr%3A6969%2Fannounce&amp;tr=http%3A%2F%2Fretracker.local%2Fannounce&amp;tr=http%3A%2F%2Fretracker.ip.ncnet.ru%2Fannounce&amp;tr=udp%3A%2F%2Fexodus.desync.com%3A6969%2Fannounce&amp;tr=udp%3A%2F%2Fipv4.tracker.harry.lu%3A80%2Fannounce&amp;tr=udp%3A%2F%2Fopen.stealth.si%3A80%2Fannounce&amp;tr=udp%3A%2F%2Ftracker.zer0day.to%3A1337%2Fannounce&amp;tr=udp%3A%2F%2Ftracker.leechers-paradise.org%3A6969%2Fannounce&amp;tr=udp%3A%2F%2Fcoppersurfer.tk%3A6969%2Fannounce\">magnet</a>] [<a href=\"https://pastefg.hermietkreeft.site/?36bc6e03238f3b14#326w1U4qhcJnrJazKB7tJt9tXJE1TWji3exhPa9oLEFb\" target=\"_blank\" rel=\"noopener\">.torrent file only</a>] <br><img src=\"https://torrent-stats.info/d64a/3dcc81e36.png\" style=\"display:block;clear:both\"></li><li><a href=\"http://rutor.info/torrent/839702/arcade-tycoon-simulation-2021-pc-repack-ot-fitgirl\" target=\"_blank\" rel=\"noopener\">RuTor</a> [<a href=\"magnet:?xt=urn:btih:219746c6a426d7759931d64a1541efc54e92b21e&amp;dn=rutor.info_Arcade+Tycoon%3A+Simulation+%282021%29+PC+%7C+RePack+%D0%BE%D1%82+FitGirl&amp;tr=udp://opentor.net:6969&amp;tr=udp://opentor.org:2710&amp;tr=http://retracker.local/announce\">magnet</a>]</li><li><a href=\"https://tapochek.net/viewtopic.php?p=2805973\" target=\"_blank\" rel=\"noopener\">Tapochek.net</a></li><li><a href=\"https://pastefg.hermietkreeft.site/?06a16cbefb9dee1a#5WKF7sGLN1MHVrShvWERPpvzi12FWNg3Qq5Rc5QY5vYt\" target=\"_blank\" rel=\"noopener\">Filehoster: MultiUpload</a> (10+ hosters, interchangeable) [Use <a href=\"http://jdownloader.org/jdownloader2\" target=\"_blank\" rel=\"noopener\">JDownloader2</a>]</li><li><a href=\"https://pastefg.hermietkreeft.site/?517b73a0fa34e53f#6HxJRDbBY9c9KujhR6aPxW6rPcjxwPSEzHeFgJr3vmQF\" target=\"_blank\" rel=\"noopener\">Filehoster: PixelDrain</a></li><li><a href=\"https://pastefg.hermietkreeft.site/?d9056d1d901703c2#GXwXtSh5q6Eh3eguXcTNweKnymsk81JwSia3EnqtUrZb\" target=\"_blank\" rel=\"noopener\">Filehoster: ZippyShare</a></li><li><a href=\"https://pastefg.hermietkreeft.site/?418bb2684cdfe6e8#msuGifDNbjJqH7CmtdLf7UEXdiH9Um1d6hExXjAbx1r\" target=\"_blank\" rel=\"noopener\">Filehoster: LetsUpload</a> [Use <a href=\"http://jdownloader.org/jdownloader2\" target=\"_blank\" rel=\"noopener\">JDownloader2</a>]</li><li><a href=\"https://pastefg.hermietkreeft.site/?f1c5f51aa77fac46#BXX9iUiEFUujK8rjoXbjiVpoWq8fawf8Z5ABKYHMAPef\" target=\"_blank\" rel=\"noopener\">Filehoster: OneDrive</a> (Uploaded by DyR0 t(-_-t), NOT compatible with other mirrors)</li><li><a href=\"https://crackhub.site/arcade-tycoon-simulation-fitgirl-repack/\" target=\"_blank\" rel=\"noopener\">Filehosters: Google Drive, OneDrive + others</a> (Uploaded by crackhub213)</li></ul><p><a href=\"https://cs.rin.ru/forum/viewtopic.php?f=10&amp;t=89521\" target=\"_blank\" rel=\"noopener\">Discussion and (possible) future updates on CS.RIN.RU thread</a></p><h3>Screenshots (Click to enlarge)</h3><p><a target=\"_blank\" href=\"https://en.riotpixels.com/games/arcade-tycoon-simulation/screenshots/9/?utm_source=emb-gfx-html&amp;utm_medium=image&amp;utm_campaign=rp-mass\" rel=\"noopener\"><img loading=\"lazy\" width=\"178\" height=\"100\" border=\"0\" src=\"https://s01.riotpixels.net/data/43/14/43141886-1618-4f95-9445-f7ba29cf1c4d.jpg.240p.jpg\"></a><a target=\"_blank\" href=\"https://en.riotpixels.com/games/arcade-tycoon-simulation/screenshots/8/?utm_source=emb-gfx-html&amp;utm_medium=image&amp;utm_campaign=rp-mass\" rel=\"noopener\"><img loading=\"lazy\" width=\"178\" height=\"100\" border=\"0\" src=\"https://s01.riotpixels.net/data/1e/2c/1e2c3a3c-a59c-4994-ab61-08a382208e08.jpg.240p.jpg\"></a><a target=\"_blank\" href=\"https://en.riotpixels.com/games/arcade-tycoon-simulation/screenshots/6/?utm_source=emb-gfx-html&amp;utm_medium=image&amp;utm_campaign=rp-mass\" rel=\"noopener\"><img loading=\"lazy\" width=\"180\" height=\"100\" border=\"0\" src=\"https://s01.riotpixels.net/data/5b/dc/5bdc373c-47de-40c1-be57-4a41000ae4ae.jpg.240p.jpg\"></a><br><a target=\"_blank\" href=\"https://en.riotpixels.com/games/arcade-tycoon-simulation/screenshots/5/?utm_source=emb-gfx-html&amp;utm_medium=image&amp;utm_campaign=rp-mass\" rel=\"noopener\"><img loading=\"lazy\" width=\"178\" height=\"100\" border=\"0\" src=\"https://s01.riotpixels.net/data/45/0c/450c5d2e-4a36-413b-8236-cc08a66d5fd7.jpg.240p.jpg\"></a><a target=\"_blank\" href=\"https://en.riotpixels.com/games/arcade-tycoon-simulation/screenshots/2/?utm_source=emb-gfx-html&amp;utm_medium=image&amp;utm_campaign=rp-mass\" rel=\"noopener\"><img loading=\"lazy\" width=\"178\" height=\"100\" border=\"0\" src=\"https://s01.riotpixels.net/data/e7/61/e7618545-43ef-4bc5-9103-4752abdd5015.jpg.240p.jpg\"></a><a target=\"_blank\" href=\"https://en.riotpixels.com/games/arcade-tycoon-simulation/screenshots/1/?utm_source=emb-gfx-html&amp;utm_medium=image&amp;utm_campaign=rp-mass\" rel=\"noopener\"><img loading=\"lazy\" width=\"178\" height=\"100\" border=\"0\" src=\"https://s01.riotpixels.net/data/58/7a/587a3542-d6e0-49fa-bc5b-17f81296e5b2.jpg.240p.jpg\"></a></p><h3>Repack Features</h3><ul><li>Based on Arcade.Tycoon.Simulation-PLAZA ISO release: plaza-arcade.tycoon.simulation.iso (919,339,008 bytes)</li><li>100% Lossless &amp; MD5 Perfect: all files are identical to originals after installation</li><li>NOTHING ripped, NOTHING re-encoded</li><li>Significantly smaller archive size (compressed from 877 to 433 MB)</li><li>Installation takes less than a minute</li><li>After-install integrity check so you could make sure that everything installed properly</li><li>HDD space after installation: 2.9 GB</li><li>Language can be changed in game settings</li><li>Repack uses XTool library by Razor12911</li><li>At least 2 GB of free RAM (inc. virtual) required for installing this repack</li></ul><div ><div><h2>Game Description</h2></div><div ><p><b>Ever wanted to build your own Arcade Empire?</b><br>Arcade Tycoon lets the player design, manage and build in this amazing world of classic isometric pixel art. Keep the guests happy by choosing from using a list of hundreds entertainment machines and decorative items. Remember that a happy guest spends more of their hard-earned dollars. Discover new games, tech and staff using the research and unlocking menus. Inspired by Two Point Hospital, Megaquarium and Game Dev Tycoon.</p><p><b>Design and Build</b><br>Delight your guests with a huge variety of entertainment including consoles, pinball, retro, modern day, shooters, pool, ice hockey, virtual reality and more. Create awesome-looking themed areas by purchasing unique attractions and decorating all aspects: floors, walls, pictures, and all the required and very handy facilities.</p><p><b>12 Campaign Levels and Sandbox</b><br>Build and manage arcades at such diverse locations as the ghetto, wacky museums, theme parks, pirate ship, shopping malls and haunted hotels or you can have a casual game with the sandbox mode, and still experience expansion and growth.</p><p><b>Employee and Guests</b><br>Proper to be visited by aliens, thieves, raging customers who will drop litter, crave specific machines and need access to food and drinks. Select from a range of staff, whose wages depend on their skill levels. Security, cleaners, technician and entertainers are waiting to help with the guests\u2019 needs.</p><p><b>Power Management</b><br>Electrocuting Guests! Make sure you have enough juice for your machines otherwise you could end up with a chain of cataclysmic explosions.</p><p><b>Marketing and Finance</b><br>Detailed finance panel allows you to check all your profits or losses, with monthly statements, graphs, marketing and loans available at Donald Corp.</p><p><b>Upgrades &amp; Unlockables</b><br>Unlock new upgrades and hot Tech to help your arcade run more smoothly or to do research so you can continue to make your arcade more amazing and entertaining.</p><p><b><h3>Game Features</h3></b></p><ul><li>Build and Manage</li><li>12 Level Campaign</li><li>Sandbox Mode</li><li>Humour</li><li>Customization</li><li>Unlockables &amp; Upgrades</li><li>Power Management</li><li>Staff Management</li><li>Marketing</li><li>Finance</li><li>Appeal System</li></ul></div></div>             </div>"
}