{
    "link": "https://fitgirl-repacks.site/armored-xpress/",
    "title": "Armored Xpress",
    "first_img": "https://i7.imageban.ru/out/2021/11/22/2828a5125ad7656940ac5a80d9e63b9d.jpg",
    "second_img": "https://s01.riotpixels.net/data/3f/f0/3ff0d570-5321-4834-ad0a-a76a29d9973a.jpg.240p.jpg",
    "body": "<div ><h2>Armored Xpress</h2><p ><div><a target=\"_blank\" href=\"https://en.riotpixels.com/games/armored-xpress/\" rel=\"noopener\"><img class=\"alignleft\" width=\"150\" src=\"https://i7.imageban.ru/out/2021/11/22/2828a5125ad7656940ac5a80d9e63b9d.jpg\"></a></div><br>Genres/Tags: <strong>RPG, Logic, Tile-matching, Isometric, 3D</strong><br>Company: <strong>Bradley Colson</strong><br>Language: <strong>ENG</strong><br>Original Size: <strong>16.9 GB</strong><br>Repack Size: <strong>11.8 GB</strong></p>&nbsp;<div>&nbsp;</div><h3>Download Mirrors</h3><ul><li><a href=\"https://1337x.to/torrent/5060219/Armored-Xpress-FitGirl-Repack/\" target=\"_blank\" rel=\"noopener\">1337x</a> | [<a href=\"magnet:?xt=urn:btih:A1018DF5FA3F226DBE4B45F50B16E10FA5C5BA51&amp;dn=Armored+Xpress+%5BFitGirl+Repack%5D&amp;tr=udp%3A%2F%2F46.148.18.250%3A2710&amp;tr=udp%3A%2F%2Fopentor.org%3A2710&amp;tr=udp%3A%2F%2Ftracker.coppersurfer.tk%3A6969%2Fannounce&amp;tr=udp%3A%2F%2Ftracker.opentrackr.org%3A1337%2Fannounce&amp;tr=http%3A%2F%2Ftracker.dler.org%3A6969%2Fannounce&amp;tr=udp%3A%2F%2Ftracker.leechers-paradise.org%3A6969%2Fannounce&amp;tr=udp%3A%2F%2F9.rarbg.me%3A2730%2Fannounce&amp;tr=udp%3A%2F%2F9.rarbg.to%3A2770%2Fannounce&amp;tr=udp%3A%2F%2Ftracker.pirateparty.gr%3A6969%2Fannounce&amp;tr=http%3A%2F%2Fretracker.local%2Fannounce&amp;tr=http%3A%2F%2Fretracker.ip.ncnet.ru%2Fannounce&amp;tr=udp%3A%2F%2Fexodus.desync.com%3A6969%2Fannounce&amp;tr=udp%3A%2F%2Fipv4.tracker.harry.lu%3A80%2Fannounce&amp;tr=udp%3A%2F%2Fopen.stealth.si%3A80%2Fannounce&amp;tr=udp%3A%2F%2Ftracker.zer0day.to%3A1337%2Fannounce&amp;tr=udp%3A%2F%2Ftracker.leechers-paradise.org%3A6969%2Fannounce&amp;tr=udp%3A%2F%2Fcoppersurfer.tk%3A6969%2Fannounce\">magnet</a>] [<a href=\"https://pastefg.hermietkreeft.site/?1364267de8d6f55d#EwEMfj3npwaWdGiYWFjq5rth86fC3AvN6toqVRuATtKu\" target=\"_blank\" rel=\"noopener\">.torrent file only</a>] <br><img src=\"https://torrent-stats.info/45f5/146964dcc.png\" style=\"display:block;clear:both\"></li><li><a href=\"https://tapochek.net/viewtopic.php?p=2813944\" target=\"_blank\" rel=\"noopener\">Tapochek.net</a></li><li><a href=\"https://pastefg.hermietkreeft.site/?9452ab96ce0f2848#13xvTRYMnUNWTyreq2rpFdyvRwfa2NRSRNpxJhC394pw\" target=\"_blank\" rel=\"noopener\">Filehoster: MultiUpload</a> (10+ hosters, interchangeable) [Use <a href=\"http://jdownloader.org/jdownloader2\" target=\"_blank\" rel=\"noopener\">JDownloader2</a>]</li><li><a href=\"https://pastefg.hermietkreeft.site/?90cf19335f21f7d0#FosTJizrtbe6ypveFUGvUEM3wiCoVqSuznkfaoY5pYYv\" target=\"_blank\" rel=\"noopener\">Filehoster: ZippyShare</a></li><li><a href=\"https://pastefg.hermietkreeft.site/?d02f9e63b6ada3d5#C79922mJ7keF1M31QqpNXiWQryQj7N5HrXmFRdAVQpMB\" target=\"_blank\" rel=\"noopener\">Filehoster: BayFiles</a></li><li><a href=\"https://pastefg.hermietkreeft.site/?7306bd4504d3fde5#3Jx9wHyEXk4wZwSxJieSYSaAP47uZtLXzhPbP5ff6V8d\" target=\"_blank\" rel=\"noopener\">Filehoster: LetsUpload</a> [Use <a href=\"http://jdownloader.org/jdownloader2\" target=\"_blank\" rel=\"noopener\">JDownloader2</a>]</li><li><a href=\"https://pastefg.hermietkreeft.site/?0b8f8a6bd91105e5#FF3nYATEpqdHGVU6GvtsRL6Lk9U4CNfZicbVaGaFdiYX\" target=\"_blank\" rel=\"noopener\">Filehoster: OneDrive</a> (Uploaded by DyR0 t(-_-t), NOT compatible with other mirrors)</li><p><!--  <li><a href=\"\" target=\"_blank\" rel=\"noopener\">Filehosters: Google Drive, OneDrive + others</a> (Uploaded by crackhub213)</li>  --></p></ul><p><a href=\"https://cs.rin.ru/forum/viewtopic.php?f=10&amp;t=117369\" target=\"_blank\" rel=\"noopener\">Discussion and (possible) future updates on CS.RIN.RU thread</a></p><h3>Screenshots (Click to enlarge)</h3><p><a target=\"_blank\" href=\"https://en.riotpixels.com/games/armored-xpress/screenshots/5/?utm_source=emb-gfx-html&amp;utm_medium=image&amp;utm_campaign=rp-mass\" rel=\"noopener\"><img loading=\"lazy\" width=\"178\" height=\"100\" border=\"0\" src=\"https://s01.riotpixels.net/data/3f/f0/3ff0d570-5321-4834-ad0a-a76a29d9973a.jpg.240p.jpg\"></a><a target=\"_blank\" href=\"https://en.riotpixels.com/games/armored-xpress/screenshots/4/?utm_source=emb-gfx-html&amp;utm_medium=image&amp;utm_campaign=rp-mass\" rel=\"noopener\"><img loading=\"lazy\" width=\"178\" height=\"100\" border=\"0\" src=\"https://s01.riotpixels.net/data/91/34/91343d51-18e6-4032-ae10-61671dc9c22a.jpg.240p.jpg\"></a><a target=\"_blank\" href=\"https://en.riotpixels.com/games/armored-xpress/screenshots/3/?utm_source=emb-gfx-html&amp;utm_medium=image&amp;utm_campaign=rp-mass\" rel=\"noopener\"><img loading=\"lazy\" width=\"178\" height=\"100\" border=\"0\" src=\"https://s01.riotpixels.net/data/90/86/908694e5-9de0-4256-bbd9-e912f0050fd7.jpg.240p.jpg\"></a><br><a target=\"_blank\" href=\"https://en.riotpixels.com/games/armored-xpress/screenshots/2/?utm_source=emb-gfx-html&amp;utm_medium=image&amp;utm_campaign=rp-mass\" rel=\"noopener\"><img loading=\"lazy\" width=\"178\" height=\"100\" border=\"0\" src=\"https://s01.riotpixels.net/data/ee/93/ee93fbf1-51ef-43c7-a0a2-d3b4bd815013.jpg.240p.jpg\"></a><a target=\"_blank\" href=\"https://en.riotpixels.com/games/armored-xpress/screenshots/1/?utm_source=emb-gfx-html&amp;utm_medium=image&amp;utm_campaign=rp-mass\" rel=\"noopener\"><img loading=\"lazy\" width=\"178\" height=\"100\" border=\"0\" src=\"https://s01.riotpixels.net/data/56/fe/56fe517d-f065-471f-aea0-ca19d85c8ede.jpg.240p.jpg\"></a></p><h3>Repack Features</h3><ul><li>Based on Armored.Xpress-PLAZA ISO release: plaza-armored.xpress.iso (18,121,424,896 bytes)</li><li>100% Lossless &amp; MD5 Perfect: all files are identical to originals after installation</li><li>NOTHING ripped, NOTHING re-encoded</li><li>Significantly smaller archive size (compressed from 16.9 to 11.8 GB)</li><li>Installation takes 4-8 minutes (depending on your system)</li><li>After-install integrity check so you could make sure that everything installed properly</li><li>HDD space after installation: 28.9 GB</li><li>At least 2 GB of free RAM (inc. virtual) required for installing this repack</li></ul><div ><div><h2>Game Description</h2></div><div >Armored Xpress is a new unique story-driven Match 3 game built with rich RPG elements.<p>Embark on an extraordinary journey with Armored Xpress Agent 117 and MECH as they set off to deliver a top priority package all while fighting dangerous pirate gangs hired by the villainous \u201cDefiant BOB\u201d,  who by the way has put a bounty on the package. To traverse through Sector 2 a region on the planet Entriga, the Armored Xpress Company felt it necessary to implement a more protective measure. \u201cMECH\u201d  an advanced military grade delivery robot which can be equipped with an array of weapons and items allowing agents to defend against hostile threats. While delivering packages you can choose to help the towns people through various side quests which can unlock special rewards.</p><p>In combat Armored Xpress MECH uses energy from supply crates that are matched during play to power its weapons and systems. Weapons are available to fire  at specific power levels with a maximum of 4 levels. You can strategically fire each weapon at will or wait until they are at their maximum level. This strategy allows you to reserve a weapon or unleash all the weapons at once for a truly devastating attack. Each supply crate matched with its corresponding color in groups of 3 fills the matching weapons power gauge. Supply crates matched with more then 3 of the same color generates a special care package crate. When broken these crates drastically boosts the corresponding weapons power gauge. Items and other abilities are powered by MECH\u2019s ability gauge/ABG system which fills over time. Sequential matches in a turn generates a combo which fills the ABG faster allowing you to use abilities sooner.</p><p><b><h3>Game Features</h3></b></p><ul><li><b>Story-Driven campaign</b> \u2013 Help Agent 117 deliver a top priority package through perilous hostile region.</li><li><b>Active Time Battle system</b> \u2013 Actively battle your opponents without waiting.</li><li><b>Fully explorable world</b> \u2013 Explore a detailed and engaging 3d world.</li><li><b>Full array of weapons and items</b> \u2013 Purchase and equip up to 4 weapons onto MECH. Use restorative, supportive and attack items to your advantage. Equip various accessories for passive abilities.</li><li><b>Unique Bosses and Enemies</b> \u2013 Faceoff against colossal bosses and a host of devious enemies that use different abilities and attack patterns that can be affected by in-game world events.</li><li><b>Experience based leveling system</b> \u2013 Earn experience points from battles and quests to level up MECH.</li><li><b>Quality</b> \u2013 Armored Xpress is a premium game with no pesky in-app purchases here or ever.</li></ul></div></div>             </div>"
}