{
    "link": "https://fitgirl-repacks.site/art-of-rally/",
    "title": "art of rally: deluxe edition \u2013 v1.3.0 (The Kenya Update) + Bonus Content",
    "first_img": "https://i2.imageban.ru/out/2021/08/12/1475dd4b81878e52b172a95b9b111039.jpg",
    "second_img": "https://s01.riotpixels.net/data/d7/db/d7db3ed0-0944-49d4-b67f-1e342545a658.jpg.240p.jpg",
    "body": "<div ><h2>art of rally: deluxe edition \u2013 v1.3.0 (The Kenya Update) + Bonus Content</h2><p ><div><a target=\"_blank\" href=\"http://en.riotpixels.com/games/art-of-rally/\" rel=\"noopener\"><img class=\"alignleft\" width=\"150\" src=\"https://i2.imageban.ru/out/2021/08/12/1475dd4b81878e52b172a95b9b111039.jpg\"></a></div><br>Genres/Tags: <strong>Racing, Rally, Top-down, 3D</strong><br>Company: <strong>Funselektor Labs</strong><br>Languages: <strong>RUS/ENG/MULTI12</strong><br>Original Size: <strong>6.5 GB</strong><br>Repack Size: <strong>from 1.5 GB</strong> [Selective Download]</p>&nbsp;<div>&nbsp;</div><h3>Download Mirrors</h3><ul><li><a href=\"https://1337x.to/torrent/4950333/art-of-rally-deluxe-edition-v1-3-0-Bonus-Content-MULTi12-FitGirl-Repack-Selective-Download-from-1-5-GB/\" target=\"_blank\" rel=\"noopener\">1337x</a> | [<a href=\"magnet:?xt=urn:btih:45B8D4243FAEB9BDEF8A701EB879D4D5FE8C075A&amp;dn=art+of+rally%3A+deluxe+edition+%28v1.3.0+%2B+Bonus+Content%2C+MULTi12%29+%5BFitGirl+Repack%2C+Selective+Download+-+from+1.5+GB%5D&amp;tr=udp%3A%2F%2F46.148.18.250%3A2710&amp;tr=udp%3A%2F%2Fopentor.org%3A2710&amp;tr=udp%3A%2F%2Ftracker.coppersurfer.tk%3A6969%2Fannounce&amp;tr=udp%3A%2F%2Ftracker.opentrackr.org%3A1337%2Fannounce&amp;tr=http%3A%2F%2Ftracker.dler.org%3A6969%2Fannounce&amp;tr=udp%3A%2F%2Ftracker.leechers-paradise.org%3A6969%2Fannounce&amp;tr=udp%3A%2F%2F9.rarbg.me%3A2730%2Fannounce&amp;tr=udp%3A%2F%2F9.rarbg.to%3A2770%2Fannounce&amp;tr=udp%3A%2F%2Ftracker.pirateparty.gr%3A6969%2Fannounce&amp;tr=http%3A%2F%2Fretracker.local%2Fannounce&amp;tr=http%3A%2F%2Fretracker.ip.ncnet.ru%2Fannounce&amp;tr=udp%3A%2F%2Fexodus.desync.com%3A6969%2Fannounce&amp;tr=udp%3A%2F%2Fipv4.tracker.harry.lu%3A80%2Fannounce&amp;tr=udp%3A%2F%2Fopen.stealth.si%3A80%2Fannounce&amp;tr=udp%3A%2F%2Ftracker.zer0day.to%3A1337%2Fannounce&amp;tr=udp%3A%2F%2Ftracker.leechers-paradise.org%3A6969%2Fannounce&amp;tr=udp%3A%2F%2Fcoppersurfer.tk%3A6969%2Fannounce\">magnet</a>] [<a href=\"https://pastefg.hermietkreeft.site/?2ced3773d36ba17c#HowYKx1vSqunux11bQpyFK1hDNHEt8jCzP2wPge9CLtJ\" target=\"_blank\" rel=\"noopener\">.torrent file only</a>] <br><img src=\"https://torrent-stats.info/701e/1fd66bdde.png\" style=\"display:block;clear:both\"></li><li><a href=\"http://rutor.info/torrent/829341/art-of-rally-deluxe-edition-v-1.3.0-bonus-2020-pc-repack-ot-fitgirl\" target=\"_blank\" rel=\"noopener\">RuTor</a> [<a href=\"magnet:?xt=urn:btih:45b8d4243faeb9bdef8a701eb879d4d5fe8c075a&amp;dn=rutor.info_art+of+rally%3A+Deluxe+Edition+%5Bv+1.3.0+%2B+Bonus%5D+%282020%29+PC+%7C+RePack+%D0%BE%D1%82+FitGirl&amp;tr=udp://opentor.org:2710&amp;tr=udp://opentor.org:2710&amp;tr=http://retracker.local/announce\">magnet</a>]</li><li><a href=\"https://tapochek.net/viewtopic.php?p=2794270\" target=\"_blank\" rel=\"noopener\">Tapochek.net</a></li><li><a href=\"https://pastefg.hermietkreeft.site/?fc31e9e931ca10f7#i3i6KdsKHaS3bqmx4dgcwmLqSo3mDTa9DMbrNvgqRsy\" target=\"_blank\" rel=\"noopener\">Filehoster: MultiUpload</a> (10+ hosters, interchangeable) [Use <a href=\"http://jdownloader.org/jdownloader2\" target=\"_blank\" rel=\"noopener\">JDownloader2</a>]</li><li><a href=\"https://pastefg.hermietkreeft.site/?669d32480af1bb68#96q6PYiWBC1JMiJzzsbgjMQR6s3DMKXGwzCgd6vZoSRw\" target=\"_blank\" rel=\"noopener\">Filehoster: PixelDrain</a></li><li><a href=\"https://pastefg.hermietkreeft.site/?ed9f4cda0c81ae6c#6vk4gZVtwY3kB4T4i4VggBhsief2rmjQwXcyZbpNhaMD\" target=\"_blank\" rel=\"noopener\">Filehoster: ZippyShare</a></li><li><a href=\"https://crackhub.site/art-of-rally-deluxe-edition-v1-3-0-the-kenya-update-bonus-content-fitgirl-repack/\" target=\"_blank\" rel=\"noopener\">Filehosters: Google Drive, OneDrive + others</a> (Uploaded by crackhub213)</li><li><a href=\"https://pastefg.hermietkreeft.site/?3a289de28d785ccf#DKCckAv2TCVu6vgRaX9NQVtSwmWSphd8Vb1A3JQGx6ZS\" target=\"_blank\" rel=\"noopener\">Filehoster: LetsUpload</a> [Use <a href=\"http://jdownloader.org/jdownloader2\" target=\"_blank\" rel=\"noopener\">JDownloader2</a>]</li></ul><p><a href=\"https://cs.rin.ru/forum/viewtopic.php?f=10&amp;t=98998\" target=\"_blank\" rel=\"noopener\">Discussion and (possible) future updates on CS.RIN.RU thread</a></p><h3>Screenshots (Click to enlarge)</h3><p><a target=\"_blank\" href=\"http://en.riotpixels.com/games/art-of-rally/screenshots/9/?utm_source=emb-gfx-html&amp;utm_medium=image&amp;utm_campaign=rp-mass\" rel=\"noopener\"><img loading=\"lazy\" width=\"178\" height=\"100\" border=\"0\" src=\"https://s01.riotpixels.net/data/d7/db/d7db3ed0-0944-49d4-b67f-1e342545a658.jpg.240p.jpg\"></a><a target=\"_blank\" href=\"http://en.riotpixels.com/games/art-of-rally/screenshots/8/?utm_source=emb-gfx-html&amp;utm_medium=image&amp;utm_campaign=rp-mass\" rel=\"noopener\"><img loading=\"lazy\" width=\"195\" height=\"100\" border=\"0\" src=\"https://s01.riotpixels.net/data/7d/76/7d76852f-63bf-41b2-a487-c693f0be93da.jpg.240p.jpg\"></a><a target=\"_blank\" href=\"http://en.riotpixels.com/games/art-of-rally/screenshots/7/?utm_source=emb-gfx-html&amp;utm_medium=image&amp;utm_campaign=rp-mass\" rel=\"noopener\"><img loading=\"lazy\" width=\"178\" height=\"100\" border=\"0\" src=\"https://s01.riotpixels.net/data/87/2b/872bcf88-0f27-412b-8e74-673d3300af9b.jpg.240p.jpg\"></a><br><a target=\"_blank\" href=\"http://en.riotpixels.com/games/art-of-rally/screenshots/6/?utm_source=emb-gfx-html&amp;utm_medium=image&amp;utm_campaign=rp-mass\" rel=\"noopener\"><img loading=\"lazy\" width=\"178\" height=\"100\" border=\"0\" src=\"https://s01.riotpixels.net/data/2b/1e/2b1ef5a0-dcb9-457c-8a8c-e73037686c19.jpg.240p.jpg\"></a><a target=\"_blank\" href=\"http://en.riotpixels.com/games/art-of-rally/screenshots/5/?utm_source=emb-gfx-html&amp;utm_medium=image&amp;utm_campaign=rp-mass\" rel=\"noopener\"><img loading=\"lazy\" width=\"178\" height=\"100\" border=\"0\" src=\"https://s01.riotpixels.net/data/95/d2/95d29303-32e9-426c-b37d-8db0992cc8e1.jpg.240p.jpg\"></a><a target=\"_blank\" href=\"http://en.riotpixels.com/games/art-of-rally/screenshots/4/?utm_source=emb-gfx-html&amp;utm_medium=image&amp;utm_campaign=rp-mass\" rel=\"noopener\"><img loading=\"lazy\" width=\"175\" height=\"100\" border=\"0\" src=\"https://s01.riotpixels.net/data/a4/2e/a42eaa66-992b-4714-a6d1-6841ff79c12b.jpg.240p.jpg\"></a></p><h3>Repack Features</h3><ul><li>Based on Art.of.Rally.Kenya-CODEX ISO release: codex-art.of.rally.kenya.iso (6,970,900,480 bytes)</li><li>Game version is v1.3.0</li><li>100% Lossless &amp; MD5 Perfect: all files are identical to originals after installation</li><li>Bonus OST in FLAC format ripped, NOTHING re-encoded</li><li>Selective Download feature: you may skip downloading and installing of bonus content (MP3 + Wallpapers)</li><li>Significantly smaller archive size (compressed from 6.5 GB to 1.5/2.2 GB)</li><li>Installation takes 3-7 minutes (depending on your system and selected components)</li><li>After-install integrity check so you could make sure that everything installed properly</li><li>HDD space after installation: up to 6.4 GB</li><li>Language can be changed in game settings</li><li>At least 2 GB of free RAM (inc. virtual) required for installing this repack</li></ul><div ><div><h2>Game Description</h2></div><div >art of rally is a stylized experience inspired by the golden era of rally from the creator of Absolute Drift<p>Race across the world through colorful and stylized environments in top-down view.</p><p>Compete for first place in the leaderboards with daily and weekly challenges.</p><p>Will you master the art of rally?<br></p></div></div><p><b>Backwards Compatibility</b></p><p>This repack is NOT backwards compatible with my previous aor repacks.</p>             </div>"
}