{
    "link": "https://fitgirl-repacks.site/astria-ascending/",
    "title": "Astria Ascending",
    "first_img": "https://i1.imageban.ru/out/2021/10/01/16ff018f5b90b1c918d6b9b9d20d2058.jpg",
    "second_img": "https://s01.riotpixels.net/data/d6/de/d6dedec7-b762-4b13-bd27-30301c35e89b.jpg.240p.jpg",
    "body": "<div ><h2>Astria Ascending</h2><p ><div><a target=\"_blank\" href=\"https://en.riotpixels.com/games/astria-ascending/\" rel=\"noopener\"><img class=\"alignleft\" width=\"150\" src=\"https://i1.imageban.ru/out/2021/10/01/16ff018f5b90b1c918d6b9b9d20d2058.jpg\"></a></div><br>Genres/Tags: <strong>RPG, Turn-based, Side, Japanese, 2D</strong><br>Companies: <strong>Artisan Studio, Dear Villagers, Maple Whispering Limited</strong><br>Languages: <strong>ENG/MULTI7</strong><br>Original Size: <strong>7.8 GB</strong><br>Repack Size: <strong>from 3.5 GB</strong> [Selective Download]</p>&nbsp;<div>&nbsp;</div><h3>Download Mirrors</h3><ul><li><a href=\"https://1337x.to/torrent/5001722/Astria-Ascending-MULTi7-FitGirl-Repack-Selective-Download-from-3-5-GB/\" target=\"_blank\" rel=\"noopener\">1337x</a> | [<a href=\"magnet:?xt=urn:btih:C22AD6D44F78E63D50D9C5F1ADD21BB2A782A3E4&amp;dn=Astria+Ascending+%28MULTi7%29+%5BFitGirl+Repack%2C+Selective+Download+-+from+3.5+GB%5D&amp;tr=udp%3A%2F%2F46.148.18.250%3A2710&amp;tr=udp%3A%2F%2Fopentor.org%3A2710&amp;tr=udp%3A%2F%2Ftracker.coppersurfer.tk%3A6969%2Fannounce&amp;tr=udp%3A%2F%2Ftracker.opentrackr.org%3A1337%2Fannounce&amp;tr=http%3A%2F%2Ftracker.dler.org%3A6969%2Fannounce&amp;tr=udp%3A%2F%2Ftracker.leechers-paradise.org%3A6969%2Fannounce&amp;tr=udp%3A%2F%2F9.rarbg.me%3A2730%2Fannounce&amp;tr=udp%3A%2F%2F9.rarbg.to%3A2770%2Fannounce&amp;tr=udp%3A%2F%2Ftracker.pirateparty.gr%3A6969%2Fannounce&amp;tr=http%3A%2F%2Fretracker.local%2Fannounce&amp;tr=http%3A%2F%2Fretracker.ip.ncnet.ru%2Fannounce&amp;tr=udp%3A%2F%2Fexodus.desync.com%3A6969%2Fannounce&amp;tr=udp%3A%2F%2Fipv4.tracker.harry.lu%3A80%2Fannounce&amp;tr=udp%3A%2F%2Fopen.stealth.si%3A80%2Fannounce&amp;tr=udp%3A%2F%2Ftracker.zer0day.to%3A1337%2Fannounce&amp;tr=udp%3A%2F%2Ftracker.leechers-paradise.org%3A6969%2Fannounce&amp;tr=udp%3A%2F%2Fcoppersurfer.tk%3A6969%2Fannounce\">magnet</a>] [<a href=\"https://pastefg.hermietkreeft.site/?04d0fed6e7a791ec#5vY4Ajc6ygCBhcY5pUWCggmmpgnDiEE4kLk9Z2r49BiY\" target=\"_blank\" rel=\"noopener\">.torrent file only</a>] <br><img src=\"https://torrent-stats.info/c5f1/38d7ee613.png\" style=\"display:block;clear:both\"></li><li><a href=\"https://tapochek.net/viewtopic.php?p=2803449\" target=\"_blank\" rel=\"noopener\">Tapochek.net</a></li><li><a href=\"https://pastefg.hermietkreeft.site/?4502717c0dbd9c25#H9jzJbFHkKmwmoNANvaLeheuvYDL455mRAUSehJDMTB\" target=\"_blank\" rel=\"noopener\">Filehoster: MultiUpload</a> (10+ hosters, interchangeable) [Use <a href=\"http://jdownloader.org/jdownloader2\" target=\"_blank\" rel=\"noopener\">JDownloader2</a>]</li><li><a href=\"https://pastefg.hermietkreeft.site/?10bac2c70aa84489#HfNqUVf6iUCw8F9VjgxT7THJE6iAWuuvZQ53cj43t5Mm\" target=\"_blank\" rel=\"noopener\">Filehoster: PixelDrain</a></li><li><a href=\"https://pastefg.hermietkreeft.site/?95ed46a9536781ae#9wceU1guN3CeiK5u6mbyDsmHnEY5rNexALCzQ6oEfk34\" target=\"_blank\" rel=\"noopener\">Filehoster: ZippyShare</a></li><li><a href=\"https://pastefg.hermietkreeft.site/?77d9bfe22d30ae32#Gziw45Ls4sQn6dHwJocdWUFuTfCtXpeGdASCcvJWvkwc\" target=\"_blank\" rel=\"noopener\">Filehoster: LetsUpload</a> [Use <a href=\"http://jdownloader.org/jdownloader2\" target=\"_blank\" rel=\"noopener\">JDownloader2</a>]</li><li><a href=\"https://pastefg.hermietkreeft.site/?98b9397a876ff101#HEYtwFFBfVRmc8eGxkE5ngDUF6zPHvRCayn8FygVmJgq\" target=\"_blank\" rel=\"noopener\">Filehoster: OneDrive</a> (Uploaded by DyR0 t(-_-t), NOT compatible with other mirrors)</li></ul><p><a href=\"https://cs.rin.ru/forum/viewtopic.php?f=10&amp;t=112341\" target=\"_blank\" rel=\"noopener\">Discussion and (possible) future updates on CS.RIN.RU thread</a></p><h3>Screenshots (Click to enlarge)</h3><p><a target=\"_blank\" href=\"https://en.riotpixels.com/games/astria-ascending/screenshots/19/?utm_source=emb-gfx-html&amp;utm_medium=image&amp;utm_campaign=rp-mass\" rel=\"noopener\"><img loading=\"lazy\" width=\"178\" height=\"100\" border=\"0\" src=\"https://s01.riotpixels.net/data/d6/de/d6dedec7-b762-4b13-bd27-30301c35e89b.jpg.240p.jpg\"></a><a target=\"_blank\" href=\"https://en.riotpixels.com/games/astria-ascending/screenshots/16/?utm_source=emb-gfx-html&amp;utm_medium=image&amp;utm_campaign=rp-mass\" rel=\"noopener\"><img loading=\"lazy\" width=\"178\" height=\"100\" border=\"0\" src=\"https://s01.riotpixels.net/data/35/aa/35aa0e8c-961b-4507-85dc-a2e200deffe7.jpg.240p.jpg\"></a><a target=\"_blank\" href=\"https://en.riotpixels.com/games/astria-ascending/screenshots/15/?utm_source=emb-gfx-html&amp;utm_medium=image&amp;utm_campaign=rp-mass\" rel=\"noopener\"><img loading=\"lazy\" width=\"178\" height=\"100\" border=\"0\" src=\"https://s01.riotpixels.net/data/fe/c2/fec25968-4b03-4b34-b87c-3eba1c5ca944.jpg.240p.jpg\"></a><br><a target=\"_blank\" href=\"https://en.riotpixels.com/games/astria-ascending/screenshots/13/?utm_source=emb-gfx-html&amp;utm_medium=image&amp;utm_campaign=rp-mass\" rel=\"noopener\"><img loading=\"lazy\" width=\"178\" height=\"100\" border=\"0\" src=\"https://s01.riotpixels.net/data/ff/13/ff13729a-5c9f-43c9-a651-1ad1572bcee7.jpg.240p.jpg\"></a><a target=\"_blank\" href=\"https://en.riotpixels.com/games/astria-ascending/screenshots/9/?utm_source=emb-gfx-html&amp;utm_medium=image&amp;utm_campaign=rp-mass\" rel=\"noopener\"><img loading=\"lazy\" width=\"178\" height=\"100\" border=\"0\" src=\"https://s01.riotpixels.net/data/e3/48/e348c983-ab9b-4607-88a0-3d0464a4ec8a.jpg.240p.jpg\"></a><a target=\"_blank\" href=\"https://en.riotpixels.com/games/astria-ascending/screenshots/8/?utm_source=emb-gfx-html&amp;utm_medium=image&amp;utm_campaign=rp-mass\" rel=\"noopener\"><img loading=\"lazy\" width=\"178\" height=\"100\" border=\"0\" src=\"https://s01.riotpixels.net/data/9d/64/9d641d3c-af44-450a-b8a6-ab1bf5e27a97.jpg.240p.jpg\"></a></p><h3>Repack Features</h3><ul><li>Based on Astria.Ascending-CODEX ISO release: codex-astria.ascending.iso (8,362,229,760 bytes)</li><li>100% Lossless &amp; MD5 Perfect: all files are identical to originals after installation</li><li>NOTHING ripped, NOTHING re-encoded</li><li>Selective Download feature: you may skip downloading of Japanese voiceovers, 4K videos and 4K tutorials for different languages. All videos for all languages in HD resolution are included in essential repack files</li><li>Significantly smaller archive size (compressed from 7.8 to 3.5~5.6 GB, depending on selected components)</li><li>Installation takes 3-7 minutes (depending on your system and selected components)</li><li>After-install integrity check so you could make sure that everything installed properly</li><li>HDD space after installation: up 20.4 GB</li><li>Language can be changed in game settings</li><li>At least 2 GB of free RAM (inc. virtual) required for installing this repack</li></ul><div ><div><h2>Game Description</h2></div><div ><b>Explore the vast and beautiful world of Orcanon</b><br>Visit five different cities populated by unique creatures and solve more than 20 dangerous dungeons. With over 50 hours of game-play and a range of fun mini-games \u2013 including shoot \u2018em ups, an original fantasy-themed card game and challenging environmental puzzles.<p><b>A grand tale of fate and sacrifice</b><br>Immerse yourself in a fascinating narrative rife with betrayal, sacrifice and terrors. A story based around adult characters, Astria Ascending offers a more mature experience and extensive dialog.</p><p><b>A rewarding turn-based combat system</b><br>Fight over 200 different monsters in captivating, turn-based combat. Collect and summon legendary beasts into the fight and build up your power to wield legendary Cosmo Breaks.</p><p><b>Meet an unforgettable cast of characters</b><br>Pick from eight customizable characters spanning a range of fantastical races and skills, and assemble a heroic team that must sacrifice everything to save the world. With 20 classes to choose from and an array of unique skills to command, their fates are doomed, but the world is not.</p><p><b>A hand-drawn adventure crafted with skill and passion</b><br>From a team featuring developers from Final Fantasy, Nier Automata and Bravely Default, Astria Ascending includes full voice acting in Japanese and English, a traditionally animated, fully hand-drawn 2D world and a dynamic weather system.</p></div></div>             </div>"
}