{
    "link": "https://fitgirl-repacks.site/atelier-sophie-2-the-alchemist-of-the-mysterious-dream/",
    "title": "Atelier Sophie 2: The Alchemist of the Mysterious Dream \u2013 Digital Deluxe Edition + 6 DLCs",
    "first_img": "https://i5.imageban.ru/out/2022/02/27/360d5738d291cc1f5a515d2f8fbb2885.jpg",
    "second_img": "https://s01.riotpixels.net/data/b2/7d/b27d0a98-48ca-4b7f-b77b-027fe1c1530c.jpg.240p.jpg",
    "body": "<div ><h2>Atelier Sophie 2: The Alchemist of the Mysterious Dream \u2013 Digital Deluxe Edition + 6 DLCs</h2><p ><div><a target=\"_blank\" href=\"https://en.riotpixels.com/games/atelier-sophie-2-the-alchemist-of-the-mysterious-dream/\" rel=\"noopener\"><img class=\"alignleft\" width=\"150\" src=\"https://i5.imageban.ru/out/2022/02/27/360d5738d291cc1f5a515d2f8fbb2885.jpg\"></a></div><br>Genres/Tags: <strong>RPG, Fantasy, Japanese, Turn-based, Third-person, 3D</strong><br>Company: <strong>KOEI TECMO GAMES CO., LTD.</strong><br>Languages: <strong>ENG/MULTI5</strong><br>Original Size: <strong>11.1 GB</strong><br>Repack Size: <strong>from 3.1 GB</strong> [Selective Download]</p>&nbsp;<div>&nbsp;</div><h3>Download Mirrors (Updated with FIXED installer)</h3><ul><li><a href=\"https://1337x.to/torrent/5164404/Atelier-Sophie-2-The-Alchemist-of-the-Mysterious-Dream-Digital-Deluxe-Edition-6-DLCs-MULTi5-FitGirl-FIXED-Repack-Selective-Download-from-3-1-GB/\" target=\"_blank\" rel=\"noopener\">1337x</a> | [<a href=\"magnet:?xt=urn:btih:C71D4025E676FDDCB8CCF7E4B0AD3167A89ED7DA&amp;dn=Atelier+Sophie+2%3A+The+Alchemist+of+the+Mysterious+Dream+-+Digital+Deluxe+Edition+%28%2B+6+DLCs%2C+MULTi5%29+%5BFitGirl+FIXED+Repack%2C+Selective+Download+-+from+3.1+GB%5D&amp;tr=udp%3A%2F%2F46.148.18.250%3A2710&amp;tr=udp%3A%2F%2Fopentor.org%3A2710&amp;tr=udp%3A%2F%2Ftracker.coppersurfer.tk%3A6969%2Fannounce&amp;tr=udp%3A%2F%2Ftracker.opentrackr.org%3A1337%2Fannounce&amp;tr=http%3A%2F%2Ftracker.dler.org%3A6969%2Fannounce&amp;tr=udp%3A%2F%2Ftracker.leechers-paradise.org%3A6969%2Fannounce&amp;tr=udp%3A%2F%2F9.rarbg.me%3A2730%2Fannounce&amp;tr=udp%3A%2F%2F9.rarbg.to%3A2770%2Fannounce&amp;tr=udp%3A%2F%2Ftracker.pirateparty.gr%3A6969%2Fannounce&amp;tr=http%3A%2F%2Fretracker.local%2Fannounce&amp;tr=http%3A%2F%2Fretracker.ip.ncnet.ru%2Fannounce&amp;tr=udp%3A%2F%2Fexodus.desync.com%3A6969%2Fannounce&amp;tr=udp%3A%2F%2Fipv4.tracker.harry.lu%3A80%2Fannounce&amp;tr=udp%3A%2F%2Fopen.stealth.si%3A80%2Fannounce&amp;tr=udp%3A%2F%2Ftracker.zer0day.to%3A1337%2Fannounce&amp;tr=udp%3A%2F%2Ftracker.leechers-paradise.org%3A6969%2Fannounce&amp;tr=udp%3A%2F%2Fcoppersurfer.tk%3A6969%2Fannounce\">magnet</a>] [<a href=\"https://pastefg.hermietkreeft.site/?32487fe04532acce#HckuE3kCgadddWhsMCizLLaAqK8QJ9kwac6tnFgtSFHL\" target=\"_blank\" rel=\"noopener\">.torrent file only</a>] <br><img src=\"https://torrent-stats.info/f7e4/4a0cac494.png\" style=\"display:block;clear:both\"></li><li><a href=\"https://tapochek.net/viewtopic.php?p=2836570\" target=\"_blank\" rel=\"noopener\">Tapochek.net</a></li><li><a href=\"https://pastefg.hermietkreeft.site/?5aa8bc038083978a#33kV39CNxrStfXDuRakrWt9R5TW2Ejs6S87iMZ92oJh9\" target=\"_blank\" rel=\"noopener\">Filehoster: MultiUpload</a> (10+ hosters, interchangeable) [Use <a href=\"http://jdownloader.org/jdownloader2\" target=\"_blank\" rel=\"noopener\">JDownloader2</a>]</li><li><a href=\"https://pastefg.hermietkreeft.site/?b6bd27249a3bda46#7nvpzvpUpdiCVqBJbmogYrNgHHoo68cpAhqmZx86fq2W\" target=\"_blank\" rel=\"noopener\">Filehoster: ZippyShare</a></li><li><a href=\"https://pastefg.hermietkreeft.site/?0239482f3f51114d#B7aoKr4JFVpuWzozFZYhpsWFBoez4TgNGVfJdKavg76o\" target=\"_blank\" rel=\"noopener\">Filehoster: BayFiles</a></li><li><a href=\"https://pastefg.hermietkreeft.site/?55de220642b2fdd7#Em9iq9puuFm8v5R18nEuvYFWJsKzbEZtJFrDmQt3GeGe\" target=\"_blank\" rel=\"noopener\">Filehoster: OneDrive</a> (Uploaded by DyR0 t(-_-t), NOT compatible with other mirrors)</li><li><a href=\"https://crackhub.site/atelier-sophie-2-the-alchemist-of-the-mysterious-dream-digital-deluxe-edition-6-dlcs-fitgirl-repack/\" target=\"_blank\" rel=\"noopener\">Filehosters: Google Drive, OneDrive + others</a> (Uploaded by crackhub213)</li></ul><h3>Stand-alone fixed installer (for those, who got the game earlier)</h3><ul><li><a href=\"https://multiup.org/download/2fad79d92484164c5708fc9037f98502/setup-fixed.exe\">https://multiup.org/download/2fad79d92484164c5708fc9037f98502/setup-fixed.exe</a></li><li><a href=\"https://www88.zippyshare.com/v/JMcGF7ej/file.html\">https://www88.zippyshare.com/v/JMcGF7ej/file.html</a></li><li><a href=\"https://bayfiles.com/HdseEaKex7/setup-fixed_exe\">https://bayfiles.com/HdseEaKex7/setup-fixed_exe</a></li></ul><p><a href=\"https://cs.rin.ru/forum/viewtopic.php?f=10&amp;t=116233\" target=\"_blank\" rel=\"noopener\">Discussion and (possible) future updates on CS.RIN.RU thread</a></p><h3>Screenshots (Click to enlarge)</h3><p><a target=\"_blank\" href=\"https://en.riotpixels.com/games/atelier-sophie-2-the-alchemist-of-the-mysterious-dream/screenshots/73/?utm_source=emb-gfx-html&amp;utm_medium=image&amp;utm_campaign=rp-mass\" rel=\"noopener\"><img loading=\"lazy\" width=\"178\" height=\"100\" border=\"0\" src=\"https://s01.riotpixels.net/data/b2/7d/b27d0a98-48ca-4b7f-b77b-027fe1c1530c.jpg.240p.jpg\"></a><a target=\"_blank\" href=\"https://en.riotpixels.com/games/atelier-sophie-2-the-alchemist-of-the-mysterious-dream/screenshots/70/?utm_source=emb-gfx-html&amp;utm_medium=image&amp;utm_campaign=rp-mass\" rel=\"noopener\"><img loading=\"lazy\" width=\"178\" height=\"100\" border=\"0\" src=\"https://s01.riotpixels.net/data/90/04/9004dab4-ac77-4c55-bc3a-13f0b60ade41.jpg.240p.jpg\"></a><a target=\"_blank\" href=\"https://en.riotpixels.com/games/atelier-sophie-2-the-alchemist-of-the-mysterious-dream/screenshots/36/?utm_source=emb-gfx-html&amp;utm_medium=image&amp;utm_campaign=rp-mass\" rel=\"noopener\"><img loading=\"lazy\" width=\"178\" height=\"100\" border=\"0\" src=\"https://s01.riotpixels.net/data/36/d8/36d836a6-6bf3-462a-9dc8-172cfad51f69.jpg.240p.jpg\"></a><br><a target=\"_blank\" href=\"https://en.riotpixels.com/games/atelier-sophie-2-the-alchemist-of-the-mysterious-dream/screenshots/35/?utm_source=emb-gfx-html&amp;utm_medium=image&amp;utm_campaign=rp-mass\" rel=\"noopener\"><img loading=\"lazy\" width=\"178\" height=\"100\" border=\"0\" src=\"https://s01.riotpixels.net/data/25/c7/25c712ed-499e-487b-bdfe-8b2803dca57e.jpg.240p.jpg\"></a><a target=\"_blank\" href=\"https://en.riotpixels.com/games/atelier-sophie-2-the-alchemist-of-the-mysterious-dream/screenshots/26/?utm_source=emb-gfx-html&amp;utm_medium=image&amp;utm_campaign=rp-mass\" rel=\"noopener\"><img loading=\"lazy\" width=\"178\" height=\"100\" border=\"0\" src=\"https://s01.riotpixels.net/data/6d/14/6d14a521-8a81-424f-8eee-8391a438cd03.jpg.240p.jpg\"></a><a target=\"_blank\" href=\"https://en.riotpixels.com/games/atelier-sophie-2-the-alchemist-of-the-mysterious-dream/screenshots/24/?utm_source=emb-gfx-html&amp;utm_medium=image&amp;utm_campaign=rp-mass\" rel=\"noopener\"><img loading=\"lazy\" width=\"178\" height=\"100\" border=\"0\" src=\"https://s01.riotpixels.net/data/e1/7a/e17a57ca-14a0-4f7c-93ff-cbcfada035e7.jpg.240p.jpg\"></a></p><h3>Repack Features</h3><ul><li>Based on 3DMGAME-Atelier.Sophie.2.The.Alchemist.of.the.Mysterious.Dream.Digital.Deluxe.Edition-P2P release: 11.1 GB</li><li>CODEX crack/emulator applied over; Alternative Goldberg and DOGE cracks are available in NoDVD folder after installation</li><li>Six DLCs are included and activated</li><li>100% Lossless &amp; MD5 Perfect: all files are identical to originals after installation</li><li>NOTHING ripped, NOTHING re-encoded</li><li>Selective Download feature: you may skip downloading of \u201cStory So Far\u201d recap video (contains spoilers from the 1st game), credits video and intro movies in Simplified Chinese, Traditional Chinese, Japanese and Korean</li><li>Significantly smaller archive size (compressed from 11.1 to 3.1~4.3 GB, depending on selected components)</li><li>Installation takes 6-10 minutes (depending on your system and selected components)</li><li>After-install integrity check so you could make sure that everything installed properly</li><li>HDD space after installation: up to 16.5 GB</li><li>Use \u201cLanguage Selector.exe\u201d in game root to change the game language</li><li>Repack uses XTool library by Razor12911</li><li>At least 2 GB of free RAM (inc. virtual) required for installing this repack</li></ul><div ><div><h2>Game Description</h2></div><div ><p>A mysterious story of a mysterious dream \u2026</p><p>This is a story about one of the adventures Sophie the Alchemist had after she left her hometown of Kirchen Bell. It is centered around Sophie\u2019s quest of searching for Plachta after they are separated in a dream world of Erde Wiege, and the new friends they meet there.</p><p><b><h3>Game Features</h3></b></p><ul><li><b>Evolved Seamless Turn-Based Battles:</b> This game incorporates new multi-link turn battles that feature six party members divided in two teams and begin seamlessly when players encounter enemies while exploring. The combat experience is enriched by a multitude of special effects and actions, including special Dual Trigger skills that involve two of the team members attacking in unison.</li><li><b>Two Types of the Panel-Based Synthesis:</b> This game features an accessible puzzle-like synthesis system where you place ingredients on a panel to create new items. Players can choose to use either the Standard Panel or the Restricted Panel, which will increase both the difficulty level and the rewards.</li><li><b>Manipulate the Weather to Open New Paths:</b> While each region of Erde Wiege has fixed weather, you will be able to change this with the help of special tools. Changing the weather will allow you to not only change the scenery when visiting the same area but also gain access to new, previously inaccessible places. Perhaps the weather will affect even the materials you can collect?</li></ul><p><b>Included DLCs:</b></p><ul><li>Atelier Series Legacy Swimsuit Set</li><li>Useful Weapons Set</li><li>Useful Items Set</li><li>Sophie\u2019s Costume \u201cEasy Breezy\u201d</li><li>Sophie\u2019s Costume \u201cComfy and Casual\u201d</li><li>Sophie/Ramizel\u2019s Costumes \u201cGrandma\u2019s Outfit (Matching Set)\u201d</li></ul><p>* Season Pass is not a DLC, so it\u2019s not included in the list</p></div></div>             </div>"
}