{
    "link": "https://fitgirl-repacks.site/axis-football-2021/",
    "title": "Axis Football 2021",
    "first_img": "https://i4.imageban.ru/out/2021/08/30/dd98a3d3155f2968bb80bf4ecf1bf6b3.jpg",
    "second_img": "https://s01.riotpixels.net/data/a3/68/a36852ab-17f2-4492-a362-81e2837616d3.jpg.240p.jpg",
    "body": "<div ><h2>Axis Football 2021</h2><p ><div><a target=\"_blank\" href=\"https://en.riotpixels.com/games/axis-football-2021/\" rel=\"noopener\"><img class=\"alignleft\" width=\"150\" src=\"https://i4.imageban.ru/out/2021/08/30/dd98a3d3155f2968bb80bf4ecf1bf6b3.jpg\"></a></div><br>Genres/Tags: <strong>Sports, American Football, 3D</strong><br>Company: <strong>Axis Games</strong><br>Language: <strong>ENG</strong><br>Original Size: <strong>1.2 GB</strong><br>Repack Size: <strong>718 MB</strong></p>&nbsp;<div>&nbsp;</div><h3>Download Mirrors</h3><ul><li><a href=\"https://1337x.to/torrent/4968944/Axis-Football-2021-FitGirl-Repack/\" target=\"_blank\" rel=\"noopener\">1337x</a> | [<a href=\"magnet:?xt=urn:btih:29AF975AED052F1661D83FF1320A42DA70EE7212&amp;dn=Axis+Football+2021+%5BFitGirl+Repack%5D&amp;tr=udp%3A%2F%2F46.148.18.250%3A2710&amp;tr=udp%3A%2F%2Fopentor.org%3A2710&amp;tr=udp%3A%2F%2Ftracker.coppersurfer.tk%3A6969%2Fannounce&amp;tr=udp%3A%2F%2Ftracker.opentrackr.org%3A1337%2Fannounce&amp;tr=http%3A%2F%2Ftracker.dler.org%3A6969%2Fannounce&amp;tr=udp%3A%2F%2Ftracker.leechers-paradise.org%3A6969%2Fannounce&amp;tr=udp%3A%2F%2F9.rarbg.me%3A2730%2Fannounce&amp;tr=udp%3A%2F%2F9.rarbg.to%3A2770%2Fannounce&amp;tr=udp%3A%2F%2Ftracker.pirateparty.gr%3A6969%2Fannounce&amp;tr=http%3A%2F%2Fretracker.local%2Fannounce&amp;tr=http%3A%2F%2Fretracker.ip.ncnet.ru%2Fannounce&amp;tr=udp%3A%2F%2Fexodus.desync.com%3A6969%2Fannounce&amp;tr=udp%3A%2F%2Fipv4.tracker.harry.lu%3A80%2Fannounce&amp;tr=udp%3A%2F%2Fopen.stealth.si%3A80%2Fannounce&amp;tr=udp%3A%2F%2Ftracker.zer0day.to%3A1337%2Fannounce&amp;tr=udp%3A%2F%2Ftracker.leechers-paradise.org%3A6969%2Fannounce&amp;tr=udp%3A%2F%2Fcoppersurfer.tk%3A6969%2Fannounce\">magnet</a>] [<a href=\"https://pastefg.hermietkreeft.site/?d0779e1c1d240c32#5nNHDFeJn9WYH8nXeHQT1FtKztv3KwEiDTCTQAgBW12v\" target=\"_blank\" rel=\"noopener\">.torrent file only</a>] <br><img src=\"https://torrent-stats.info/3ff1/123bd4f97.png\" style=\"display:block;clear:both\"></li><li><a href=\"https://tapochek.net/viewtopic.php?p=2797705\" target=\"_blank\" rel=\"noopener\">Tapochek.net</a></li><li><a href=\"https://pastefg.hermietkreeft.site/?5c9e2ccac6c87c50#EYyhx8h82q3wDiucwMyywAddLNdmqRYfptFgCmcjdAzv\" target=\"_blank\" rel=\"noopener\">Filehoster: MultiUpload</a> (10+ hosters, interchangeable) [Use <a href=\"http://jdownloader.org/jdownloader2\" target=\"_blank\" rel=\"noopener\">JDownloader2</a>]</li><li><a href=\"https://pastefg.hermietkreeft.site/?0e378c65b2109ddd#HGcmMVUtb5nNNuXNDaUxMdjPax5DAYFB7HbFk6TPDfBL\" target=\"_blank\" rel=\"noopener\">Filehoster: PixelDrain</a></li><li><a href=\"https://pastefg.hermietkreeft.site/?d4a3c558f328bd7b#8ukL4dnQQyXMJSJEiF9qfiXAq2SHFSSQovRP7FGZxmPV\" target=\"_blank\" rel=\"noopener\">Filehoster: ZippyShare</a></li><li><a href=\"https://pastefg.hermietkreeft.site/?20daf47ee05679ef#JBFwKmBRWL4L2PxPAxxAfb4kqDoDRzSvzzszd7dha9Mq\" target=\"_blank\" rel=\"noopener\">Filehoster: LetsUpload</a> [Use <a href=\"http://jdownloader.org/jdownloader2\" target=\"_blank\" rel=\"noopener\">JDownloader2</a>]</li><li><a href=\"https://pastefg.hermietkreeft.site/?197ce4f3b4f201a2#2Bvs93vPfkeuALmLgcSenmKS9SReoqLsfeBnaDB6xb8f\" target=\"_blank\" rel=\"noopener\">Filehoster: OneDrive</a> (Uploaded by DyR0 t(-_-t), NOT compatible with other mirrors)</li></ul><p><a href=\"https://cs.rin.ru/forum/viewtopic.php?f=10&amp;t=113430\" target=\"_blank\" rel=\"noopener\">Discussion and (possible) future updates on CS.RIN.RU thread</a></p><h3>Screenshots (Click to enlarge)</h3><p><a target=\"_blank\" href=\"https://en.riotpixels.com/games/axis-football-2021/screenshots/21/?utm_source=emb-gfx-html&amp;utm_medium=image&amp;utm_campaign=rp-mass\" rel=\"noopener\"><img loading=\"lazy\" width=\"178\" height=\"100\" border=\"0\" src=\"https://s01.riotpixels.net/data/a3/68/a36852ab-17f2-4492-a362-81e2837616d3.jpg.240p.jpg\"></a><a target=\"_blank\" href=\"https://en.riotpixels.com/games/axis-football-2021/screenshots/19/?utm_source=emb-gfx-html&amp;utm_medium=image&amp;utm_campaign=rp-mass\" rel=\"noopener\"><img loading=\"lazy\" width=\"178\" height=\"100\" border=\"0\" src=\"https://s01.riotpixels.net/data/ea/f2/eaf27058-eee3-49ea-af9d-d755c3234228.jpg.240p.jpg\"></a><a target=\"_blank\" href=\"https://en.riotpixels.com/games/axis-football-2021/screenshots/17/?utm_source=emb-gfx-html&amp;utm_medium=image&amp;utm_campaign=rp-mass\" rel=\"noopener\"><img loading=\"lazy\" width=\"178\" height=\"100\" border=\"0\" src=\"https://s01.riotpixels.net/data/d4/a4/d4a4406c-219d-4ee5-a54c-9a0480cceced.jpg.240p.jpg\"></a><br><a target=\"_blank\" href=\"https://en.riotpixels.com/games/axis-football-2021/screenshots/6/?utm_source=emb-gfx-html&amp;utm_medium=image&amp;utm_campaign=rp-mass\" rel=\"noopener\"><img loading=\"lazy\" width=\"178\" height=\"100\" border=\"0\" src=\"https://s01.riotpixels.net/data/e4/c4/e4c4a5a6-adb2-44f6-b755-9f29544b4217.jpg.240p.jpg\"></a><a target=\"_blank\" href=\"https://en.riotpixels.com/games/axis-football-2021/screenshots/5/?utm_source=emb-gfx-html&amp;utm_medium=image&amp;utm_campaign=rp-mass\" rel=\"noopener\"><img loading=\"lazy\" width=\"178\" height=\"100\" border=\"0\" src=\"https://s01.riotpixels.net/data/01/a1/01a1b18e-53cb-4047-a567-9a95a6a9e057.jpg.240p.jpg\"></a><a target=\"_blank\" href=\"https://en.riotpixels.com/games/axis-football-2021/screenshots/1/?utm_source=emb-gfx-html&amp;utm_medium=image&amp;utm_campaign=rp-mass\" rel=\"noopener\"><img loading=\"lazy\" width=\"178\" height=\"100\" border=\"0\" src=\"https://s01.riotpixels.net/data/b6/30/b630895d-d761-4712-a1e1-8cb00a94f59b.jpg.240p.jpg\"></a></p><h3>Repack Features</h3><ul><li>Based on Axis.Football.2021-DOGE ISO release: wow-axis.football.2021.iso (1,235,320,832 bytes)</li><li>100% Lossless &amp; MD5 Perfect: all files are identical to originals after installation</li><li>NOTHING ripped, NOTHING re-encoded</li><li>Significantly smaller archive size (compressed from 1.2 GB to 718 MB)</li><li>Installation takes 3-5 minutes (depending on your system)</li><li>After-install integrity check so you could make sure that everything installed properly</li><li>HDD space after installation: 3.2 GB (7.5 GB during installation)</li><li>At least 2 GB of free RAM (inc. virtual) required for installing this repack</li></ul><div ><div><h2>Game Description</h2></div><div >Axis Football 2021 is back with loads of new gameplay improvements, football gaming\u2019s most complete Franchise Mode, and massive customization additions!<p><b><h3>Game Features</h3></b></p><ul><li>Added an NFL-style league setup option for franchise mode with two conferences and four divisions each</li><li>Added the option to select which teams will participate in your franchise</li><li>Axis Hall of Records: track all-time team and individual leaders across a wide range of single game, season, and career stats</li><li>A complete (NFL-style) overtime rule set complete with a coin toss.</li><li>Touchdown and play celebrations.</li><li>Dozens of new animations and smoother gameplay</li><li>Field Flipping: the offense will now drive both directions on the field.</li><li>Redesigned AI play-calling and clock management.</li><li>Before and after play player movement (walking to and from huddle)</li><li>Create a team feature.</li><li>Team logo editor: choose from hundreds of stock images, then edit their colors</li><li>Team colors editor: choose from hundreds of templates or create your own</li><li>Team details (name, city) editor.</li><li>Team field and endzone editor: change your field style and endzone design.</li><li>Team playcalling strategy editor: change which types of plays are called on a variety of down and distances.</li><li>Redesigned Uniform editor with massive customization</li><li>Added the ability to change a player\u2019s position in the player editor</li><li>Career Stats for players will now track all of the teams a player has been on</li><li>Kick Returners and Punt Returners can now be set on the Depth Chart</li><li>Added keyboard support to several on-screen keyboard screens</li><li>Added loads of new animations for QB, linemen, runners, receivers, and defenders.</li><li>Added logic for throwing passes to receivers before they\u2019ve made their cut</li><li>Added new stat tracking: Yards after catch, tackles for loss, kick/punt returner stats, and more!</li><li>Separated different touchdown types (receiving, rushing, defensive) into their own stat category</li><li>New stadiums (Arizona, Dallas, and Detroit)</li><li>Bug fixes from previous versions</li><li><b>Franchise Mode Features:</b> Multiple league setup options (NFL-style, Tier style), All-time record tracking, Player Contracts, Trades, Injuries, Practice Squads, Free Agency, Retiring Players, Weekly and Yearly Awards, Dynamic, tiered league structure with playoffs, promotions, and relegations, Unlimited seasons, 16 week seasons, Player progressions based on performance, age, potential, and playtime, End of season drafts, Season-long team stats, Individual league leader stats, Franchise stats, Depth chart control, Play, coach, spectate, or simulate matches, League and team schedule viewer &amp; Spectate other matches</li><li><b>Game Modes:</b> Player Vs AI, Coach Mode (1p &amp; 2p), Spectator Mode, Local Player Vs Player &amp; Franchise Mode</li></ul></div></div>             </div>"
}