{
    "link": "https://fitgirl-repacks.site/ayo-the-clown/",
    "title": "Ayo the Clown",
    "first_img": "https://i6.imageban.ru/out/2021/07/29/c8dccea3810d2494ca0b3e35ce526f5c.jpg",
    "second_img": "https://s01.riotpixels.net/data/79/a1/79a1a362-280d-4a21-a577-46aca258d138.jpg.240p.jpg",
    "body": "<div ><h2>Ayo the Clown</h2><p ><div><a target=\"_blank\" href=\"https://en.riotpixels.com/games/ayo-the-clown/\" rel=\"noopener\"><img class=\"alignleft\" width=\"150\" src=\"https://i6.imageban.ru/out/2021/07/29/c8dccea3810d2494ca0b3e35ce526f5c.jpg\"></a></div><br>Genres/Tags: <strong>Arcade, Jump and run, Side, 3D</strong><br>Company: <strong>Cloud M1</strong><br>Languages: <strong>RUS/ENG/MULTI14</strong><br>Original Size: <strong>2 GB</strong><br>Repack Size: <strong>1 GB</strong></p>&nbsp;<div>&nbsp;</div><h3>Download Mirrors</h3><ul><li><a href=\"https://1337x.to/torrent/4935317/Ayo-the-Clown-MULTi14-FitGirl-Repack/\" target=\"_blank\" rel=\"noopener\">1337x</a> | [<a href=\"magnet:?xt=urn:btih:55632665B3A8C53B2581FDE6BBDC08AC8CC5CC13&amp;dn=Ayo+the+Clown+%28MULTi14%29+%5BFitGirl+Repack%5D&amp;tr=udp%3A%2F%2F46.148.18.250%3A2710&amp;tr=udp%3A%2F%2Fopentor.org%3A2710&amp;tr=udp%3A%2F%2Ftracker.coppersurfer.tk%3A6969%2Fannounce&amp;tr=udp%3A%2F%2Ftracker.opentrackr.org%3A1337%2Fannounce&amp;tr=http%3A%2F%2Ftracker.dler.org%3A6969%2Fannounce&amp;tr=udp%3A%2F%2Ftracker.leechers-paradise.org%3A6969%2Fannounce&amp;tr=udp%3A%2F%2F9.rarbg.me%3A2730%2Fannounce&amp;tr=udp%3A%2F%2F9.rarbg.to%3A2770%2Fannounce&amp;tr=udp%3A%2F%2Ftracker.pirateparty.gr%3A6969%2Fannounce&amp;tr=http%3A%2F%2Fretracker.local%2Fannounce&amp;tr=http%3A%2F%2Fretracker.ip.ncnet.ru%2Fannounce&amp;tr=udp%3A%2F%2Fexodus.desync.com%3A6969%2Fannounce&amp;tr=udp%3A%2F%2Fipv4.tracker.harry.lu%3A80%2Fannounce&amp;tr=udp%3A%2F%2Fopen.stealth.si%3A80%2Fannounce&amp;tr=udp%3A%2F%2Ftracker.zer0day.to%3A1337%2Fannounce&amp;tr=udp%3A%2F%2Ftracker.leechers-paradise.org%3A6969%2Fannounce&amp;tr=udp%3A%2F%2Fcoppersurfer.tk%3A6969%2Fannounce\">magnet</a>] [<a href=\"https://pastefg.hermietkreeft.site/?4f95927c1009b1ba#723E7x4GqZUhteSssSVgM12R2T8wkF4M9QQabkxWdtyr\" target=\"_blank\" rel=\"noopener\">.torrent file only</a>] <br><img src=\"https://torrent-stats.info/fde6/47e37bcce.png\" style=\"display:block;clear:both\"></li><li><a href=\"http://rutor.info/torrent/827215/ayo-the-clown-2021-pc-repack-ot-fitgirl\" target=\"_blank\" rel=\"noopener\">RuTor</a> [<a href=\"magnet:?xt=urn:btih:55632665b3a8c53b2581fde6bbdc08ac8cc5cc13&amp;dn=rutor.info_Ayo+the+Clown+%282021%29+PC+%7C+RePack+%D0%BE%D1%82+FitGirl&amp;tr=udp://opentor.org:2710&amp;tr=udp://opentor.org:2710&amp;tr=http://retracker.local/announce\">magnet</a>]</li><li><a href=\"https://tapochek.net/viewtopic.php?p=2791463\" target=\"_blank\" rel=\"noopener\">Tapochek.net</a></li><li><a href=\"https://pastefg.hermietkreeft.site/?701cf2db24b5fc47#8CeX9R39JrFFHZnT5h3L9Sum4kTnD9hYP4G8TkPEsfB2\" target=\"_blank\" rel=\"noopener\">Filehoster: MultiUpload</a> (10+ hosters, interchangeable) [Use <a href=\"http://jdownloader.org/jdownloader2\" target=\"_blank\" rel=\"noopener\">JDownloader2</a>]</li><li><a href=\"https://pastefg.hermietkreeft.site/?c41cf55350982778#9du9AHVpXwnvQZD4TiZpzuuBWdZBFKzPTTB1DazFnfn9\" target=\"_blank\" rel=\"noopener\">Filehoster: PixelDrain</a></li><li><a href=\"https://pastefg.hermietkreeft.site/?c5b62e28de1762ea#CFRMsngNiRfzSqapw4CxR8CV4GJpktZRqsNw5iodnsFm\" target=\"_blank\" rel=\"noopener\">Filehoster: ZippyShare</a></li><li><a href=\"https://pastefg.hermietkreeft.site/?f9d451b5194da4ca#DpEzNHdDx1yVmJiefZNJzdeuBnecQx7XDuLE2sJpRaii\" target=\"_blank\" rel=\"noopener\">Filehoster: LetsUpload</a> [Use <a href=\"http://jdownloader.org/jdownloader2\" target=\"_blank\" rel=\"noopener\">JDownloader2</a>]</li><li><a href=\"https://crackhub.site/ayo-the-clown-fitgirl-repack/\" target=\"_blank\" rel=\"noopener\">Filehosters: Google Drive, OneDrive + others</a> (Uploaded by crackhub213)</li><li><a href=\"https://pastefg.hermietkreeft.site/?7b36ea177be7e5ab#81HCmAsSVn4Ke6rz9EWrPyn5bMDPaUe3YuYVkXn8hFN7\" target=\"_blank\" rel=\"noopener\">Filehoster: OneDrive</a> (Uploaded by DyR0 t(-_-t), NOT compatible with other mirrors)</li></ul><p><a href=\"https://cs.rin.ru/forum/viewtopic.php?f=10&amp;t=104607\" target=\"_blank\" rel=\"noopener\">Discussion and (possible) future updates on CS.RIN.RU thread</a></p><h3>Screenshots (Click to enlarge)</h3><p><a target=\"_blank\" href=\"https://en.riotpixels.com/games/ayo-the-clown/screenshots/11/?utm_source=emb-gfx-html&amp;utm_medium=image&amp;utm_campaign=rp-mass\" rel=\"noopener\"><img loading=\"lazy\" width=\"178\" height=\"100\" border=\"0\" src=\"https://s01.riotpixels.net/data/79/a1/79a1a362-280d-4a21-a577-46aca258d138.jpg.240p.jpg\"></a><a target=\"_blank\" href=\"https://en.riotpixels.com/games/ayo-the-clown/screenshots/10/?utm_source=emb-gfx-html&amp;utm_medium=image&amp;utm_campaign=rp-mass\" rel=\"noopener\"><img loading=\"lazy\" width=\"178\" height=\"100\" border=\"0\" src=\"https://s01.riotpixels.net/data/1e/00/1e004410-6e7b-48a6-8d48-a02f169d705c.jpg.240p.jpg\"></a><a target=\"_blank\" href=\"https://en.riotpixels.com/games/ayo-the-clown/screenshots/7/?utm_source=emb-gfx-html&amp;utm_medium=image&amp;utm_campaign=rp-mass\" rel=\"noopener\"><img loading=\"lazy\" width=\"178\" height=\"100\" border=\"0\" src=\"https://s01.riotpixels.net/data/cc/17/cc171d46-07b8-47c0-97b7-21a84a157bd3.jpg.240p.jpg\"></a><br><a target=\"_blank\" href=\"https://en.riotpixels.com/games/ayo-the-clown/screenshots/4/?utm_source=emb-gfx-html&amp;utm_medium=image&amp;utm_campaign=rp-mass\" rel=\"noopener\"><img loading=\"lazy\" width=\"178\" height=\"100\" border=\"0\" src=\"https://s01.riotpixels.net/data/24/80/2480b6e5-7ee8-4e8c-b67f-a45261ad4052.jpg.240p.jpg\"></a><a target=\"_blank\" href=\"https://en.riotpixels.com/games/ayo-the-clown/screenshots/3/?utm_source=emb-gfx-html&amp;utm_medium=image&amp;utm_campaign=rp-mass\" rel=\"noopener\"><img loading=\"lazy\" width=\"178\" height=\"100\" border=\"0\" src=\"https://s01.riotpixels.net/data/11/9d/119db58c-d8a2-4b70-a155-a52dbb42c498.jpg.240p.jpg\"></a><a target=\"_blank\" href=\"https://en.riotpixels.com/games/ayo-the-clown/screenshots/1/?utm_source=emb-gfx-html&amp;utm_medium=image&amp;utm_campaign=rp-mass\" rel=\"noopener\"><img loading=\"lazy\" width=\"178\" height=\"100\" border=\"0\" src=\"https://s01.riotpixels.net/data/b0/a7/b0a71f39-c737-4133-be9f-279ddb6d3440.jpg.240p.jpg\"></a></p><h3>Repack Features</h3><ul><li>Based on Ayo.the.Clown-SKIDROW ISO release: sr-ayotheclown.iso (2,137,339,904 bytes)</li><li>100% Lossless &amp; MD5 Perfect: all files are identical to originals after installation</li><li>NOTHING ripped, NOTHING re-encoded</li><li>Significantly smaller archive size (compressed from 2 to 1 GB)</li><li>Installation takes two minutes</li><li>After-install integrity check so you could make sure that everything installed properly</li><li>HDD space after installation: 3.6 GB (4 GB during installation)</li><li>Language can be changed in game settings</li><li>At least 2 GB of free RAM (inc. virtual) required for installing this repack</li></ul><div ><div><h2>Game Description</h2></div><div >In Ayo\u2019s hometown, things are generally peaceful. Accompanied by his talented circus dog, Bo, Ayo juggles in the park, hangs out at the carnival and longs after the Shoemaker\u2019s granddaughter. Until one day, Bo goes missing!<p>You play as Ayo, your not-so-average clown, in search of his best friend and beloved dog who has mysteriously disappeared. What happened to Bo? Will they ever juggle together at the park again? Or set up that circus act they\u2019ve always planned? You\u2019ll find out along this incredible adventure as you strive to reunite clown and dog. Like all good adventures, you won\u2019t be all on your own. Ayo\u2019s world is full of friendly people and interesting creatures that are willing to lend a helping hand.</p><p><b><h3>Game Features</h3></b></p><ul><li><b>Unique Platforms</b> \u2013 The most important part of any platform game. Each stage has a unique theme and interesting platforms to ensure gaming is fun and not repetitive because Ayo is not the kind of clown to make the same old jokes over and over again. His jokes get better each time.</li><li><b>Huge Bosses and loads of enemies</b> \u2013 Take on bosses bigger than life itself and prove that clowns are much tougher than they seem. Don\u2019t be fooled by Ayo\u2019s sweet demeanor!</li><li><b>Weapons</b> \u2013 Tanks, helicopters, dinosaurs, toy hammers, balloon swords, water balloons, you name it. They can help uncover hidden places, extinguish fire, defeat enemies, prank your friends\u2026etc.</li><li><b>Skills</b> \u2013 Head stomps, wall jumps, slope slides, and many more, Ayo sure has a lot of tricks up his sleeve.</li><li><b>Side Quests</b> \u2013 There\u2019s plenty of side quests you can take on in Town or along your journey, so be prepared for some surprising rewards.</li><li><b>Collectibles</b> \u2013 Can you find and collect all the hidden items throughout the game? Rubber chicken and fart bag anyone?</li></ul></div></div>             </div>"
}