{
    "link": "https://fitgirl-repacks.site/backbone/",
    "title": "Backbone + Words DLC + Bonus Soundtrack",
    "first_img": "https://i114.fastpic.ru/big/2021/0617/9c/b5848ed0f3aa35c0b78a8e6b06e1b09c.jpg",
    "second_img": "https://s01.riotpixels.net/data/29/74/2974fc8c-f846-4bb6-a903-8d64ff479e65.jpg.240p.jpg",
    "body": "<div ><h2>Backbone + Words DLC + Bonus Soundtrack</h2><p ><div><a target=\"_blank\" href=\"##path_url##\" rel=\"noopener\"><img class=\"alignleft\" width=\"150\" src=\"https://i114.fastpic.ru/big/2021/0617/9c/b5848ed0f3aa35c0b78a8e6b06e1b09c.jpg\"></a></div><br>Genres/Tags: <strong>Adventure, Side, Retro, 2D</strong><br>Companies: <strong>EggNut, Raw Fury</strong><br>Language: <strong>ENG</strong><br>Original Size: <strong>3.3 GB</strong><br>Repack Size: <strong>1.3/1.5 GB</strong> [Selective Download]</p>&nbsp;<div>&nbsp;</div><h3>Download Mirrors</h3><ul><li><a href=\"https://1337x.to/torrent/4895124/Backbone-Words-DLC-Bonus-Soundtrack-FitGirl-Repack-Selective-Download-from-1-3-GB/\" target=\"_blank\" rel=\"noopener\">1337x</a> | [<a href=\"magnet:?xt=urn:btih:A5B4ABCB9CA794402477E928C183466F45D2CA74&amp;dn=Backbone+%28%2B+Words+DLC+%2B+Bonus+Soundtrack%29+%5BFitGirl+Repack%2C+Selective+Download+-+from+1.3+GB%5D&amp;tr=udp%3A%2F%2F46.148.18.250%3A2710&amp;tr=udp%3A%2F%2Fopentor.org%3A2710&amp;tr=udp%3A%2F%2Ftracker.coppersurfer.tk%3A6969%2Fannounce&amp;tr=udp%3A%2F%2Ftracker.opentrackr.org%3A1337%2Fannounce&amp;tr=http%3A%2F%2Ftracker.dler.org%3A6969%2Fannounce&amp;tr=udp%3A%2F%2Ftracker.leechers-paradise.org%3A6969%2Fannounce&amp;tr=udp%3A%2F%2F9.rarbg.me%3A2730%2Fannounce&amp;tr=udp%3A%2F%2F9.rarbg.to%3A2770%2Fannounce&amp;tr=udp%3A%2F%2Ftracker.pirateparty.gr%3A6969%2Fannounce&amp;tr=http%3A%2F%2Fretracker.local%2Fannounce&amp;tr=http%3A%2F%2Fretracker.ip.ncnet.ru%2Fannounce&amp;tr=udp%3A%2F%2Fexodus.desync.com%3A6969%2Fannounce&amp;tr=udp%3A%2F%2Fipv4.tracker.harry.lu%3A80%2Fannounce&amp;tr=udp%3A%2F%2Fopen.stealth.si%3A80%2Fannounce&amp;tr=udp%3A%2F%2Ftracker.zer0day.to%3A1337%2Fannounce&amp;tr=udp%3A%2F%2Ftracker.leechers-paradise.org%3A6969%2Fannounce&amp;tr=udp%3A%2F%2Fcoppersurfer.tk%3A6969%2Fannounce\">magnet</a>] [<a href=\"https://pastefg.hermietkreeft.site/?135956f0b320aa76#14LPjjjXLNiAeg8mzRvP5ukGNBu9Dw6c5wgyg6nC9Feq\" target=\"_blank\" rel=\"noopener\">.torrent file only</a>] <br><img src=\"https://torrent-stats.info/e928/4174a01f0.png\" style=\"display:block;clear:both\"></li><li><a href=\"https://tapochek.net/viewtopic.php?p=2784629\" target=\"_blank\" rel=\"noopener\">Tapochek.net</a></li><li><a href=\"https://pastefg.hermietkreeft.site/?91e0d07a553f1ae8#HiuzshcZmYwPkq1T42qTVtcz3V9RuEm1y3wo4vJs2xPw\" target=\"_blank\" rel=\"noopener\">Filehoster: MultiUpload</a> (10+ hosters, interchangeable) [Use <a href=\"http://jdownloader.org/jdownloader2\" target=\"_blank\" rel=\"noopener\">JDownloader2</a>]</li><li><a href=\"https://pastefg.hermietkreeft.site/?6f2f186589c40f5a#BeAjWR93P8LS38sMNsv9uASV8gmmPw5cy4XRZcw4gmpK\" target=\"_blank\" rel=\"noopener\">Filehoster: PixelDrain</a></li><li><a href=\"https://crackhub.site/backbone-words-dlc-bonus-soundtrack-fitgirl-repack/\" target=\"_blank\" rel=\"noopener\">Filehosters: Google Drive, OneDrive + others</a> (Uploaded by crackhub213)</li><li><a href=\"https://pastefg.hermietkreeft.site/?56c63cb3cb6a60b0#AYFc8p6SZPBEAkCdpvUVKMNpzyWPQSrMXDYHrDjwL2ks\" target=\"_blank\" rel=\"noopener\">Filehoster: OneDrive</a> (Uploaded by DyR0 t(-_-t), NOT compatible with other mirrors)</li></ul><p><a href=\"https://cs.rin.ru/forum/viewtopic.php?f=10&amp;t=90529\" target=\"_blank\" rel=\"noopener\">Discussion and (possible) future updates on CS.RIN.RU thread</a></p><h3>Screenshots (Click to enlarge)</h3><p><a target=\"_blank\" href=\"https://en.riotpixels.com/games/backbone/screenshots/13/?utm_source=emb-gfx-html&amp;utm_medium=image&amp;utm_campaign=rp-mass\" rel=\"noopener\"><img loading=\"lazy\" width=\"178\" height=\"100\" border=\"0\" src=\"https://s01.riotpixels.net/data/29/74/2974fc8c-f846-4bb6-a903-8d64ff479e65.jpg.240p.jpg\"></a><a target=\"_blank\" href=\"https://en.riotpixels.com/games/backbone/screenshots/12/?utm_source=emb-gfx-html&amp;utm_medium=image&amp;utm_campaign=rp-mass\" rel=\"noopener\"><img loading=\"lazy\" width=\"178\" height=\"100\" border=\"0\" src=\"https://s01.riotpixels.net/data/93/1b/931b80c4-a06a-4600-8d0d-b6efd966830d.jpg.240p.jpg\"></a><a target=\"_blank\" href=\"https://en.riotpixels.com/games/backbone/screenshots/10/?utm_source=emb-gfx-html&amp;utm_medium=image&amp;utm_campaign=rp-mass\" rel=\"noopener\"><img loading=\"lazy\" width=\"172\" height=\"100\" border=\"0\" src=\"https://s01.riotpixels.net/data/af/63/af638e1d-f8f3-453e-b0fc-ad2defe56839.jpg.240p.jpg\"></a><br><a target=\"_blank\" href=\"https://en.riotpixels.com/games/backbone/screenshots/8/?utm_source=emb-gfx-html&amp;utm_medium=image&amp;utm_campaign=rp-mass\" rel=\"noopener\"><img loading=\"lazy\" width=\"178\" height=\"100\" border=\"0\" src=\"https://s01.riotpixels.net/data/ac/ae/acaeda54-8d62-4d48-be3e-133efcd0b666.jpg.240p.jpg\"></a><a target=\"_blank\" href=\"https://en.riotpixels.com/games/backbone/screenshots/3/?utm_source=emb-gfx-html&amp;utm_medium=image&amp;utm_campaign=rp-mass\" rel=\"noopener\"><img loading=\"lazy\" width=\"178\" height=\"100\" border=\"0\" src=\"https://s01.riotpixels.net/data/17/d0/17d0aeca-92e1-4ef2-8e79-87b53b52a94a.jpg.240p.jpg\"></a><a target=\"_blank\" href=\"https://en.riotpixels.com/games/backbone/screenshots/1/?utm_source=emb-gfx-html&amp;utm_medium=image&amp;utm_campaign=rp-mass\" rel=\"noopener\"><img loading=\"lazy\" width=\"178\" height=\"100\" border=\"0\" src=\"https://s01.riotpixels.net/data/cb/3a/cb3a95d8-93cf-4274-bbe3-9a62cfb8b6cb.jpg.240p.jpg\"></a></p><h3>Repack Features</h3><ul><li>Based on Backbone-CODEX ISO release: codex-backbone.iso (3,504,275,456 bytes)</li><li>Words DLC is included</li><li>100% Lossless &amp; MD5 Perfect: all files are identical to originals after installation</li><li>Bonus FLAC OST ripped, NOTHING re-encoded</li><li>Selective Download feature: you may skip downloading and installing of bonus soundtrack</li><li>Significantly smaller archive size (compressed from 3.3 to 1.3/1.5 GB)</li><li>Installation takes 2-3 minutes</li><li>After-install integrity check so you could make sure that everything installed properly</li><li>HDD space after installation: up to 2.2 GB</li><li>Repack uses XTool library by Razor12911</li><li>At least 2 GB of free RAM (inc. virtual) required for installing this repack</li></ul><div ><div><h2>Game Description</h2></div><div >It takes a certain kind of person to take on the greatest evils of the world. A keen intellect. Relentless courage. An unstoppable desire to see justice done.<p>But you? You\u2019re just trying to make rent.</p><p>You\u2019re not special. You\u2019re not a hero. Thrust into unfortunate circumstances, you find yourself with no other option than to unravel what might be your biggest case yet.</p><p>Get to work, detective.</p><p><b>Backbone</b> is a post-noir roleplaying detective adventure, in which you step into the shoes of raccoon private investigator, Howard Lotor, and explore dystopian Vancouver, BC, beautifully rendered in high resolution pixel art.</p><p>After years of small-time cases, lonely evenings, and just barely scraping by, Howard Lotor is swept into a job quite unlike any other before it. What starts as a menial case slowly unravels into something much darker, pitting Howard against the oppressive, systemic power hierarchies of the City itself.</p><p><b>Post-noir dystopia</b><br>Backbone\u2019s Vancouver is a dangerous place, bleak and dreary, but not entirely without hope. It\u2019s a tale of a cold and existentialist world, interspersed with genuine connections and a bruised but undying drive to make a difference. Everyone wants to change the world, but not always for the better.</p><p><b>Stunning visuals</b><br>The breathtaking combination of high-resolution pixel art and 3D effects like dynamic lighting, pouring rain, volumetric fog and neon lights bring the sprawling city to life.</p><p><b>Evocative and unforgettable soundtrack</b><br>An original soundtrack by Danshin and Arooj Aftab is expertly crafted to create a cinematic, atmospheric, and simply jaw-dropping soundscape. You\u2019ve never heard dystopian doom jazz quite like this.</p><p><b><h3>Game Features</h3></b></p><ul><li>Backbone\u2019s gameplay is a modern take on the classic point-and-click adventure, featuring stealth, exploration, and elaborate dialogues inspired by old school CRPGs.</li><li>Make meaningful connections with a diverse cast of characters in pursuit of truth</li><li>Explore both flourishing and decaying districts of a now walled-off Vancouver</li><li>Uncover clues and collect evidence</li><li>Solve puzzles and sneak around</li><li><b>BE A RACOON!</b></li></ul></div></div>             </div>"
}