{
    "link": "https://fitgirl-repacks.site/balan-wonderworld/",
    "title": "BALAN WONDERWORLD \u2013 BuildID 6839378",
    "first_img": "https://i4.imageban.ru/out/2021/09/23/5f2629f7cac32002b967466de1c2ea8c.jpg",
    "second_img": "https://s01.riotpixels.net/data/7e/32/7e327d72-87f3-47a6-921a-252a290a625a.jpg.240p.jpg",
    "body": "<div ><h2>BALAN WONDERWORLD \u2013 BuildID 6839378</h2><p ><div><a target=\"_blank\" href=\"https://en.riotpixels.com/games/balan-wonderworld/\" rel=\"noopener\"><img class=\"alignleft\" width=\"150\" src=\"https://i4.imageban.ru/out/2021/09/23/5f2629f7cac32002b967466de1c2ea8c.jpg\"></a></div><br>Genres/Tags: <strong>Arcade, Jump and run, Third-person, 3D</strong><br>Companies: <strong>Square Enix, ARZEST Corp.</strong><br>Languages: <strong>RUS/ENG/MULTI24</strong><br>Original Size: <strong>12.8 GB</strong><br>Repack Size: <strong>8.3 GB</strong></p>&nbsp;<div>&nbsp;</div><h3>Download Mirrors</h3><ul><li><a href=\"https://1337x.to/torrent/4993407/BALAN-WONDERWORLD-BuildID-6839378-MULTi24-FitGirl-Repack/\" target=\"_blank\" rel=\"noopener\">1337x</a> | [<a href=\"magnet:?xt=urn:btih:D06B70557AAFF977DA56A1AE4EA029D2B222318E&amp;dn=BALAN+WONDERWORLD+%28BuildID+6839378%2C+MULTi24%29+%5BFitGirl+Repack%5D&amp;tr=udp%3A%2F%2F46.148.18.250%3A2710&amp;tr=udp%3A%2F%2Fopentor.org%3A2710&amp;tr=udp%3A%2F%2Ftracker.coppersurfer.tk%3A6969%2Fannounce&amp;tr=udp%3A%2F%2Ftracker.opentrackr.org%3A1337%2Fannounce&amp;tr=http%3A%2F%2Ftracker.dler.org%3A6969%2Fannounce&amp;tr=udp%3A%2F%2Ftracker.leechers-paradise.org%3A6969%2Fannounce&amp;tr=udp%3A%2F%2F9.rarbg.me%3A2730%2Fannounce&amp;tr=udp%3A%2F%2F9.rarbg.to%3A2770%2Fannounce&amp;tr=udp%3A%2F%2Ftracker.pirateparty.gr%3A6969%2Fannounce&amp;tr=http%3A%2F%2Fretracker.local%2Fannounce&amp;tr=http%3A%2F%2Fretracker.ip.ncnet.ru%2Fannounce&amp;tr=udp%3A%2F%2Fexodus.desync.com%3A6969%2Fannounce&amp;tr=udp%3A%2F%2Fipv4.tracker.harry.lu%3A80%2Fannounce&amp;tr=udp%3A%2F%2Fopen.stealth.si%3A80%2Fannounce&amp;tr=udp%3A%2F%2Ftracker.zer0day.to%3A1337%2Fannounce&amp;tr=udp%3A%2F%2Ftracker.leechers-paradise.org%3A6969%2Fannounce&amp;tr=udp%3A%2F%2Fcoppersurfer.tk%3A6969%2Fannounce\">magnet</a>] [<a href=\"https://pastefg.hermietkreeft.site/?5da0aa3df10c2991#GtXZHKDygGpgmUYThqut57us7jP9Wwgx75NDLTrkDUtU\" target=\"_blank\" rel=\"noopener\">.torrent file only</a>] <br><img src=\"https://torrent-stats.info/a1ae/2e585a308.png\" style=\"display:block;clear:both\"></li><li><a href=\"http://rutor.info/torrent/835909/balan-wonderworld-buildid-6839378-2021-pc-repack-ot-fitgirl\" target=\"_blank\" rel=\"noopener\">RuTor</a> [<a href=\"\">magnet</a>]</li><li><a href=\"https://tapochek.net/viewtopic.php?p=2801855\" target=\"_blank\" rel=\"noopener\">Tapochek.net</a></li><li><a href=\"https://pastefg.hermietkreeft.site/?656e5e8f1184ce11#EGiseNdSotpo5nsXinWLV4ndvDnjqFGRrP3EAs4J532i\" target=\"_blank\" rel=\"noopener\">Filehoster: MultiUpload</a> (10+ hosters, interchangeable) [Use <a href=\"http://jdownloader.org/jdownloader2\" target=\"_blank\" rel=\"noopener\">JDownloader2</a>]</li><li><a href=\"https://pastefg.hermietkreeft.site/?eaa0d49f2cc651e6#B9vynVou12RtVGjJJjABHobZ3NrSbgSv5CyRi4xCkHjM\" target=\"_blank\" rel=\"noopener\">Filehoster: PixelDrain</a></li><li><a href=\"https://pastefg.hermietkreeft.site/?a5c8c5e5ba4b22f2#3RU2PxBZPjUi4JYNkRLwVgBJWX7Gq9mXr3hZzsDQ13mt\" target=\"_blank\" rel=\"noopener\">Filehoster: ZippyShare</a></li><li><a href=\"https://pastefg.hermietkreeft.site/?59ce4a805cd7ce13#EbbGcA9TVnUyzD3YVdZkGdVGaQUpfYvaxzp49bGMCpcv\" target=\"_blank\" rel=\"noopener\">Filehoster: LetsUpload</a> [Use <a href=\"http://jdownloader.org/jdownloader2\" target=\"_blank\" rel=\"noopener\">JDownloader2</a>]</li><li><a href=\"https://crackhub.site/balan-wonderworld-buildid-6839378-fitgirl-repack/\" target=\"_blank\" rel=\"noopener\">Filehosters: Google Drive, OneDrive + others</a> (Uploaded by crackhub213)</li><li><a href=\"https://pastefg.hermietkreeft.site/?524befe2e047bce7#7EvXcCr29tTeqBb69YfFNeZTStYf8WQ6D9waZ6Z8J5QR\" target=\"_blank\" rel=\"noopener\">Filehoster: OneDrive</a> (Uploaded by DyR0 t(-_-t), NOT compatible with other mirrors)</li></ul><p><a href=\"https://cs.rin.ru/forum/viewtopic.php?f=10&amp;t=106878\" target=\"_blank\" rel=\"noopener\">Discussion and (possible) future updates on CS.RIN.RU thread</a></p><h3>Screenshots (Click to enlarge)</h3><p><a target=\"_blank\" href=\"https://en.riotpixels.com/games/balan-wonderworld/screenshots/32/?utm_source=emb-gfx-html&amp;utm_medium=image&amp;utm_campaign=rp-mass\" rel=\"noopener\"><img loading=\"lazy\" width=\"178\" height=\"100\" border=\"0\" src=\"https://s01.riotpixels.net/data/7e/32/7e327d72-87f3-47a6-921a-252a290a625a.jpg.240p.jpg\"></a><a target=\"_blank\" href=\"https://en.riotpixels.com/games/balan-wonderworld/screenshots/29/?utm_source=emb-gfx-html&amp;utm_medium=image&amp;utm_campaign=rp-mass\" rel=\"noopener\"><img loading=\"lazy\" width=\"178\" height=\"100\" border=\"0\" src=\"https://s01.riotpixels.net/data/21/9e/219e5da2-fde4-4623-80b1-5c73ae15e9b4.jpg.240p.jpg\"></a><a target=\"_blank\" href=\"https://en.riotpixels.com/games/balan-wonderworld/screenshots/21/?utm_source=emb-gfx-html&amp;utm_medium=image&amp;utm_campaign=rp-mass\" rel=\"noopener\"><img loading=\"lazy\" width=\"178\" height=\"100\" border=\"0\" src=\"https://s01.riotpixels.net/data/7d/0f/7d0fb788-d04e-4023-9d68-2a9e1aef3667.jpg.240p.jpg\"></a><br><a target=\"_blank\" href=\"https://en.riotpixels.com/games/balan-wonderworld/screenshots/15/?utm_source=emb-gfx-html&amp;utm_medium=image&amp;utm_campaign=rp-mass\" rel=\"noopener\"><img loading=\"lazy\" width=\"178\" height=\"100\" border=\"0\" src=\"https://s01.riotpixels.net/data/c8/f1/c8f186ff-77f3-449e-91c5-009a09ef8ff9.jpg.240p.jpg\"></a><a target=\"_blank\" href=\"https://en.riotpixels.com/games/balan-wonderworld/screenshots/14/?utm_source=emb-gfx-html&amp;utm_medium=image&amp;utm_campaign=rp-mass\" rel=\"noopener\"><img loading=\"lazy\" width=\"178\" height=\"100\" border=\"0\" src=\"https://s01.riotpixels.net/data/97/52/97526695-a4ff-4c46-a17d-34304a369df6.jpg.240p.jpg\"></a><a target=\"_blank\" href=\"https://en.riotpixels.com/games/balan-wonderworld/screenshots/11/?utm_source=emb-gfx-html&amp;utm_medium=image&amp;utm_campaign=rp-mass\" rel=\"noopener\"><img loading=\"lazy\" width=\"178\" height=\"100\" border=\"0\" src=\"https://s01.riotpixels.net/data/d1/07/d1074ddf-475a-4903-b0f6-040f64221fea.jpg.240p.jpg\"></a></p><h3>Repack Features</h3><ul><li>Based on BALAN.WONDERWORLD-CODEX ISO release: codex-balan.wonderworld.iso (13,727,039,488 bytes)</li><li>Game version: Steam BuildID 6839378 from September 22, 2021</li><li>100% Lossless &amp; MD5 Perfect: all files are identical to originals after installation</li><li>NOTHING ripped, NOTHING re-encoded</li><li>Significantly smaller archive size (compressed from 12.8 to 8.3 GB)</li><li>Installation takes 3-8 minutes (depending on your system)</li><li>After-install integrity check so you could make sure that everything installed properly</li><li>HDD space after installation: 13.5 GB</li><li>Language can be changed in game settings</li><li>Repack uses XTool library by Razor12911</li><li>At least 2 GB of free RAM (inc. virtual) required for installing this repack</li></ul><div ><div><h2>Game Description</h2></div><div ><p><b>Welcome to a wondrous all-action show, the likes of which has never been seen before!</b><br>BALAN WONDERWORLD is a wondrous action platformer game themed around the Balan Theatre. Led by the enigmatic maestro named Balan, the stars of the show Emma and Leo will use special abilities from a multitude of characterful costumes as they adventure in the bizarre and imaginary land of Wonderworld. Here memories and vistas from the real world mix with the things that people hold dear.<br>Twelve different tales await our stars in the Wonderworld, each with their own unique quirks. They will explore all corners of these labyrinthine stages, filled with a myriad of tricks and traps, to get to the heart of each story.</p><p><b>Wonderworld exists in people\u2019s hearts and imagination!</b><br>The setting for this tale is the fantastic, bizarre land of Wonderworld; a place where people\u2019s happy and positive memories mix with their restless worries and negativity.</p><p>Leo and Emma are led into Wonderworld by the mysterious clown Balan and set off on a journey to find what is important to them.<br>Before they can return to the real world, they must first restore the lost balance in their hearts\u2026</p><p><b>Over 80 different costumes open up all the action you could want!</b><br>The stars of the show can use powers from the inhabitants of Wonderworld by wearing their colourful costumes, with over 80 different ones to try on!</p><p>Bash your enemies, walk in the air, freeze time or manipulate all kinds of objects\u2026 the possibilities are endless when you pick up a new costume.</p><p><b>Two Legendary Creators Reunite!</b><br>Come one, come all and enjoy the pinnacle of Square Enix storytelling in an all-action world of wonder created by the legendary Naka Yuji.<br>For the first time in 20 years Naka Yuji and Oshima Naoto join forces forming the BALAN COMPANY team; founded around, bringing together action game development, video and music production professionals from both inside and outside of the company.</p><p><b>2-Player Local Co-op Mode</b><br>Enjoy an even more wondrous adventure as one player controls Leo and the other controls Emma in 2 Player Co-op Local Mode. Co-operate together combining the abilities of two different costumes which will surely open new paths as you wander through Wonderworld!</p></div></div>             </div>"
}