{
    "link": "https://fitgirl-repacks.site/baldo-the-guardian-owls/",
    "title": "Baldo: The Guardian Owls + HotFix 1 (BuildID 7294088)",
    "first_img": "https://i2.imageban.ru/out/2021/09/04/3c18eedb9577cedab9b1628e77ccefe4.jpg",
    "second_img": "https://s01.riotpixels.net/data/27/89/27898255-a72d-4199-a074-730a588b834d.jpg.240p.jpg",
    "body": "<div ><h2>Baldo: The Guardian Owls + HotFix 1 (BuildID 7294088)</h2><p ><div><a target=\"_blank\" href=\"https://en.riotpixels.com/games/baldo/\" rel=\"noopener\"><img class=\"alignleft\" width=\"150\" src=\"https://i2.imageban.ru/out/2021/09/04/3c18eedb9577cedab9b1628e77ccefe4.jpg\"></a></div><br>Genres/Tags: <strong>Action, Adventure, Open world, Puzzle solving, Isometric, 3D</strong><br>Company: <strong>Naps Team</strong><br>Languages: <strong>RUS/ENG/MULTI14</strong><br>Original Size: <strong>2.7 GB</strong><br>Repack Size: <strong>266 MB</strong></p>&nbsp;<div>&nbsp;</div><h3>Download Mirrors</h3><ul><li><a href=\"https://1337x.to/torrent/4973561/Baldo-The-Guardian-Owls-HotFix-1-MULTi14-FitGirl-Repack/\" target=\"_blank\" rel=\"noopener\">1337x</a> | [<a href=\"magnet:?xt=urn:btih:141D9259F4B5B64B1E914F8BA17F781E3E4DA841&amp;dn=Baldo%3A+The+Guardian+Owls+%28%2B+HotFix+1%2C+MULTi14%29+%5BFitGirl+Repack%5D&amp;tr=udp%3A%2F%2F46.148.18.250%3A2710&amp;tr=udp%3A%2F%2Fopentor.org%3A2710&amp;tr=udp%3A%2F%2Ftracker.coppersurfer.tk%3A6969%2Fannounce&amp;tr=udp%3A%2F%2Ftracker.opentrackr.org%3A1337%2Fannounce&amp;tr=http%3A%2F%2Ftracker.dler.org%3A6969%2Fannounce&amp;tr=udp%3A%2F%2Ftracker.leechers-paradise.org%3A6969%2Fannounce&amp;tr=udp%3A%2F%2F9.rarbg.me%3A2730%2Fannounce&amp;tr=udp%3A%2F%2F9.rarbg.to%3A2770%2Fannounce&amp;tr=udp%3A%2F%2Ftracker.pirateparty.gr%3A6969%2Fannounce&amp;tr=http%3A%2F%2Fretracker.local%2Fannounce&amp;tr=http%3A%2F%2Fretracker.ip.ncnet.ru%2Fannounce&amp;tr=udp%3A%2F%2Fexodus.desync.com%3A6969%2Fannounce&amp;tr=udp%3A%2F%2Fipv4.tracker.harry.lu%3A80%2Fannounce&amp;tr=udp%3A%2F%2Fopen.stealth.si%3A80%2Fannounce&amp;tr=udp%3A%2F%2Ftracker.zer0day.to%3A1337%2Fannounce&amp;tr=udp%3A%2F%2Ftracker.leechers-paradise.org%3A6969%2Fannounce&amp;tr=udp%3A%2F%2Fcoppersurfer.tk%3A6969%2Fannounce\">magnet</a>] [<a href=\"https://pastefg.hermietkreeft.site/?60ac4ac257aca67b#tk36cTuAy8DEoqUpqo2gHDAJWvGybQj6JqNihjvZ86u\" target=\"_blank\" rel=\"noopener\">.torrent file only</a>] <br><img src=\"https://torrent-stats.info/4f8b/16b50b92e.png\" style=\"display:block;clear:both\"></li><li><a href=\"http://rutor.info/torrent/832668/baldo-the-guardian-owls-hotfix-1-2021-pc-repack-ot-fitgirl\" target=\"_blank\" rel=\"noopener\">RuTor</a> [<a href=\"magnet:?xt=urn:btih:141d9259f4b5b64b1e914f8ba17f781e3e4da841&amp;dn=rutor.info_Baldo%3A+The+Guardian+Owls+%5BHotFix+1%5D+%282021%29+PC+%7C+RePack+%D0%BE%D1%82+FitGirl&amp;tr=udp://opentor.net:6969&amp;tr=udp://opentor.org:2710&amp;tr=http://retracker.local/announce\">magnet</a>]</li><li><a href=\"https://tapochek.net/viewtopic.php?p=2798505\" target=\"_blank\" rel=\"noopener\">Tapochek.net</a></li><li><a href=\"https://pastefg.hermietkreeft.site/?da34960a7eca3ee7#EVHxDwZUp1Pj3TeiV7iPukHPzVjEEEfPnmFuGDHACSYw\" target=\"_blank\" rel=\"noopener\">Filehoster: MultiUpload</a> (10+ hosters, interchangeable) [Use <a href=\"http://jdownloader.org/jdownloader2\" target=\"_blank\" rel=\"noopener\">JDownloader2</a>]</li><li><a href=\"https://pastefg.hermietkreeft.site/?8ff01a6f02af1d8a#HVBXcWuxKAP9Po1PkEyDJLJQBSo9x5UYAyorLYr9kDfy\" target=\"_blank\" rel=\"noopener\">Filehoster: PixelDrain</a></li><li><a href=\"https://pastefg.hermietkreeft.site/?942d418fbcbedb2b#BZ3S44eyjpE3yA8YhdfLLgaaLqEaQ5omVA8AC5wTMjxv\" target=\"_blank\" rel=\"noopener\">Filehoster: ZippyShare</a></li><li><a href=\"https://pastefg.hermietkreeft.site/?ad138342e67e60ea#4vaVbDxotJMbWUrDqZEG9Fw38WHaiYU5ubQTnxkGKsEA\" target=\"_blank\" rel=\"noopener\">Filehoster: LetsUpload</a> [Use <a href=\"http://jdownloader.org/jdownloader2\" target=\"_blank\" rel=\"noopener\">JDownloader2</a>]</li><li><a href=\"https://pastefg.hermietkreeft.site/?9286e2e8f7c7a4ff#C9yycADzzJTkXQ81H5TpAXFgeKfupdp3B99aYbw2jkDr\" target=\"_blank\" rel=\"noopener\">Filehoster: OneDrive</a> (Uploaded by DyR0 t(-_-t), NOT compatible with other mirrors)</li></ul><p><a href=\"https://cs.rin.ru/forum/viewtopic.php?f=10&amp;t=113788\" target=\"_blank\" rel=\"noopener\">Discussion and (possible) future updates on CS.RIN.RU thread</a></p><h3>Screenshots (Click to enlarge)</h3><p><a target=\"_blank\" href=\"https://en.riotpixels.com/games/baldo/screenshots/8/?utm_source=emb-gfx-html&amp;utm_medium=image&amp;utm_campaign=rp-mass\" rel=\"noopener\"><img loading=\"lazy\" width=\"179\" height=\"100\" border=\"0\" src=\"https://s01.riotpixels.net/data/27/89/27898255-a72d-4199-a074-730a588b834d.jpg.240p.jpg\"></a><a target=\"_blank\" href=\"https://en.riotpixels.com/games/baldo/screenshots/7/?utm_source=emb-gfx-html&amp;utm_medium=image&amp;utm_campaign=rp-mass\" rel=\"noopener\"><img loading=\"lazy\" width=\"178\" height=\"100\" border=\"0\" src=\"https://s01.riotpixels.net/data/c7/bd/c7bd13da-dfe3-4dee-9877-4261037d1d93.jpg.240p.jpg\"></a><a target=\"_blank\" href=\"https://en.riotpixels.com/games/baldo/screenshots/4/?utm_source=emb-gfx-html&amp;utm_medium=image&amp;utm_campaign=rp-mass\" rel=\"noopener\"><img loading=\"lazy\" width=\"178\" height=\"100\" border=\"0\" src=\"https://s01.riotpixels.net/data/8a/fb/8afb4d63-4e31-4e8b-8201-0f6347196b5e.jpg.240p.jpg\"></a><br><a target=\"_blank\" href=\"https://en.riotpixels.com/games/baldo/screenshots/3/?utm_source=emb-gfx-html&amp;utm_medium=image&amp;utm_campaign=rp-mass\" rel=\"noopener\"><img loading=\"lazy\" width=\"178\" height=\"100\" border=\"0\" src=\"https://s01.riotpixels.net/data/60/a2/60a20aa6-c426-49da-8103-04e2c7745278.jpg.240p.jpg\"></a><a target=\"_blank\" href=\"https://en.riotpixels.com/games/baldo/screenshots/2/?utm_source=emb-gfx-html&amp;utm_medium=image&amp;utm_campaign=rp-mass\" rel=\"noopener\"><img loading=\"lazy\" width=\"178\" height=\"100\" border=\"0\" src=\"https://s01.riotpixels.net/data/5e/1c/5e1cb5b2-6382-4ab4-afb0-9ec12692ca61.jpg.240p.jpg\"></a><a target=\"_blank\" href=\"https://en.riotpixels.com/games/baldo/screenshots/1/?utm_source=emb-gfx-html&amp;utm_medium=image&amp;utm_campaign=rp-mass\" rel=\"noopener\"><img loading=\"lazy\" width=\"178\" height=\"100\" border=\"0\" src=\"https://s01.riotpixels.net/data/cb/5f/cb5fde39-2d94-4cd6-aafd-fd5fc6ef0e65.jpg.240p.jpg\"></a></p><h3>Repack Features</h3><ul><li>Based on Steam (BuildID 7294088/HotFix 1) release: 2.7 GB, thanks to Venom!</li><li>DOGE crack/emu applied over</li><li>100% Lossless &amp; MD5 Perfect: all files are identical to originals after installation</li><li>NOTHING ripped, NOTHING re-encoded</li><li>Significantly smaller archive size (compressed from 2.7 GB to 266 MB)</li><li>Installation takes less than a minute</li><li>After-install integrity check so you could make sure that everything installed properly</li><li>HDD space after installation: 2.7 GB</li><li>Language can be changed in game settings</li><li>At least 2 GB of free RAM (inc. virtual) required for installing this repack</li></ul><div ><div><h2>Game Description</h2></div><div >Journey through a magical land teeming with mysteries to unravel.<p>Baldo: the Guardian Owls is full of challenging puzzles to solve and intricate dungeons to explore.</p><p>Traverse this captivating open world as Baldo, and meet a host of quirky and unforgettable characters, as you struggle to decipher the cryptic prophecy, and thwart destiny.</p><p>From delightful whimsy to thrilling adventure, discover new towns and their distinctive inhabitants, fight ferocious foes, locate hidden temples, and collect objects both magical and mundane to obtain powerful new weapons, or to help unveil the myriad secrets of this strange land.</p></div></div>             </div>"
}