{
    "link": "https://fitgirl-repacks.site/banners-of-ruin/",
    "title": "Banners of Ruin \u2013 v1.0",
    "first_img": "https://i7.imageban.ru/out/2021/07/30/a375eb9403484106aaf987fd347fca37.jpg",
    "second_img": "https://s01.riotpixels.net/data/fd/34/fd34dbf2-2b62-42da-9bb7-268343a10c6d.jpg.240p.jpg",
    "body": "<div ><h2>Banners of Ruin \u2013 v1.0</h2><p ><div><a target=\"_blank\" href=\"https://en.riotpixels.com/games/banners-of-ruin/\" rel=\"noopener\"><img class=\"alignleft\" width=\"150\" src=\"https://i7.imageban.ru/out/2021/07/30/a375eb9403484106aaf987fd347fca37.jpg\"></a></div><br>Genres/Tags: <strong>Strategy, Deck-building, Turn-based, Side, 2D</strong><br>Companies: <strong>MonteBearo</strong><br>Languages: <strong>RUS/ENG/MULTI9</strong><br>Original Size: <strong>552 MB</strong><br>Repack Size: <strong>317 MB</strong></p>&nbsp;<div>&nbsp;</div><h3>Download Mirrors</h3><ul><li><a href=\"https://1337x.to/torrent/4937517/Banners-of-Ruin-v1-0-MULTi9-FitGirl-Repack/\" target=\"_blank\" rel=\"noopener\">1337x</a> | [<a href=\"magnet:?xt=urn:btih:7FCC1304CBA101ADE3A82C5024B37F2E745C47DC&amp;dn=Banners+of+Ruin+%28v1.0%2C+MULTi9%29+%5BFitGirl+Repack%5D&amp;tr=udp%3A%2F%2F46.148.18.250%3A2710&amp;tr=udp%3A%2F%2Fopentor.org%3A2710&amp;tr=udp%3A%2F%2Ftracker.coppersurfer.tk%3A6969%2Fannounce&amp;tr=udp%3A%2F%2Ftracker.opentrackr.org%3A1337%2Fannounce&amp;tr=http%3A%2F%2Ftracker.dler.org%3A6969%2Fannounce&amp;tr=udp%3A%2F%2Ftracker.leechers-paradise.org%3A6969%2Fannounce&amp;tr=udp%3A%2F%2F9.rarbg.me%3A2730%2Fannounce&amp;tr=udp%3A%2F%2F9.rarbg.to%3A2770%2Fannounce&amp;tr=udp%3A%2F%2Ftracker.pirateparty.gr%3A6969%2Fannounce&amp;tr=http%3A%2F%2Fretracker.local%2Fannounce&amp;tr=http%3A%2F%2Fretracker.ip.ncnet.ru%2Fannounce&amp;tr=udp%3A%2F%2Fexodus.desync.com%3A6969%2Fannounce&amp;tr=udp%3A%2F%2Fipv4.tracker.harry.lu%3A80%2Fannounce&amp;tr=udp%3A%2F%2Fopen.stealth.si%3A80%2Fannounce&amp;tr=udp%3A%2F%2Ftracker.zer0day.to%3A1337%2Fannounce&amp;tr=udp%3A%2F%2Ftracker.leechers-paradise.org%3A6969%2Fannounce&amp;tr=udp%3A%2F%2Fcoppersurfer.tk%3A6969%2Fannounce\">magnet</a>] [<a href=\"https://pastefg.hermietkreeft.site/?16864e260613cc8e#BUpm9eDqg8CyKNezvjic3Fx6hcajGkAf3728TEKM4dq5\" target=\"_blank\" rel=\"noopener\">.torrent file only</a>] <br><img src=\"https://torrent-stats.info/2c50/c8d618f0.png\" style=\"display:block;clear:both\"></li><li><a href=\"http://rutor.info/torrent/827481/banners-of-ruin-v1.0-2021-pc-repack-ot-fitgirl\" target=\"_blank\" rel=\"noopener\">RuTor</a> [<a href=\"magnet:?xt=urn:btih:7fcc1304cba101ade3a82c5024b37f2e745c47dc&amp;dn=rutor.info_Banners+of+Ruin+%5B+v1.0%5D+%282021%29+PC+%7C+RePack+%D0%BE%D1%82+FitGirl&amp;tr=udp://opentor.org:2710&amp;tr=udp://opentor.org:2710&amp;tr=http://retracker.local/announce\">magnet</a>]</li><li><a href=\"https://tapochek.net/viewtopic.php?p=2791802\" target=\"_blank\" rel=\"noopener\">Tapochek.net</a></li><li><a href=\"https://pastefg.hermietkreeft.site/?b354f948248faede#5jGBGSf3ZvvYZ1nM63cRPLCJV9FGFHcsyzdFuy5kvfP\" target=\"_blank\" rel=\"noopener\">Filehoster: MultiUpload</a> (10+ hosters, interchangeable) [Use <a href=\"http://jdownloader.org/jdownloader2\" target=\"_blank\" rel=\"noopener\">JDownloader2</a>]</li><li><a href=\"https://pastefg.hermietkreeft.site/?148dc947b8c60c25#FUi29UExXN7FzSu6sKYBoG2sDbi5CTHFQXVinyh2bUN8\" target=\"_blank\" rel=\"noopener\">Filehoster: PixelDrain</a></li><li><a href=\"https://pastefg.hermietkreeft.site/?a7aeffb05022fb19#GuACdEYbm9XEBT75AgMUx8TgeCuB9ZNii6Yq33k88jmL\" target=\"_blank\" rel=\"noopener\">Filehoster: ZippyShare</a></li><li><a href=\"https://pastefg.hermietkreeft.site/?758c6b37ceff846e#8FoygzviNJBkirZWseW56Mz1iXKzNRWPBRHdMY9gFm3e\" target=\"_blank\" rel=\"noopener\">Filehoster: LetsUpload</a> [Use <a href=\"http://jdownloader.org/jdownloader2\" target=\"_blank\" rel=\"noopener\">JDownloader2</a>]</li><li><a href=\"https://crackhub.site/banners-of-ruin-v1-0-fitgirl-repack/\" target=\"_blank\" rel=\"noopener\">Filehosters: Google Drive, OneDrive + others</a> (Uploaded by crackhub213)</li><li><a href=\"https://pastefg.hermietkreeft.site/?371590cc83341b5f#2nSxRxNVLYa8rLM14bjAeei4WZcNUKHaJBwrdP8vJnSQ\" target=\"_blank\" rel=\"noopener\">Filehoster: OneDrive</a> (Uploaded by DyR0 t(-_-t), NOT compatible with other mirrors)</li></ul><p><a href=\"https://cs.rin.ru/forum/viewtopic.php?f=10&amp;t=107002\" target=\"_blank\" rel=\"noopener\">Discussion and (possible) future updates on CS.RIN.RU thread</a></p><h3>Screenshots (Click to enlarge)</h3><p><a target=\"_blank\" href=\"https://en.riotpixels.com/games/banners-of-ruin/screenshots/52/?utm_source=emb-gfx-html&amp;utm_medium=image&amp;utm_campaign=rp-mass\" rel=\"noopener\"><img loading=\"lazy\" width=\"178\" height=\"100\" border=\"0\" src=\"https://s01.riotpixels.net/data/fd/34/fd34dbf2-2b62-42da-9bb7-268343a10c6d.jpg.240p.jpg\"></a><a target=\"_blank\" href=\"https://en.riotpixels.com/games/banners-of-ruin/screenshots/47/?utm_source=emb-gfx-html&amp;utm_medium=image&amp;utm_campaign=rp-mass\" rel=\"noopener\"><img loading=\"lazy\" width=\"178\" height=\"100\" border=\"0\" src=\"https://s01.riotpixels.net/data/30/1f/301ff767-81de-4c49-99af-caaabae0c004.jpg.240p.jpg\"></a><a target=\"_blank\" href=\"https://en.riotpixels.com/games/banners-of-ruin/screenshots/46/?utm_source=emb-gfx-html&amp;utm_medium=image&amp;utm_campaign=rp-mass\" rel=\"noopener\"><img loading=\"lazy\" width=\"178\" height=\"100\" border=\"0\" src=\"https://s01.riotpixels.net/data/cd/44/cd44a058-f9b3-42b8-b6e8-fcbeed4225bb.jpg.240p.jpg\"></a><br><a target=\"_blank\" href=\"https://en.riotpixels.com/games/banners-of-ruin/screenshots/45/?utm_source=emb-gfx-html&amp;utm_medium=image&amp;utm_campaign=rp-mass\" rel=\"noopener\"><img loading=\"lazy\" width=\"178\" height=\"100\" border=\"0\" src=\"https://s01.riotpixels.net/data/af/9f/af9fe1d4-ce88-4fd8-9954-ba7123d6832d.jpg.240p.jpg\"></a><a target=\"_blank\" href=\"https://en.riotpixels.com/games/banners-of-ruin/screenshots/43/?utm_source=emb-gfx-html&amp;utm_medium=image&amp;utm_campaign=rp-mass\" rel=\"noopener\"><img loading=\"lazy\" width=\"178\" height=\"100\" border=\"0\" src=\"https://s01.riotpixels.net/data/21/35/213556ed-fceb-4bdb-bf9a-03c6c15609f5.jpg.240p.jpg\"></a><a target=\"_blank\" href=\"https://en.riotpixels.com/games/banners-of-ruin/screenshots/41/?utm_source=emb-gfx-html&amp;utm_medium=image&amp;utm_campaign=rp-mass\" rel=\"noopener\"><img loading=\"lazy\" width=\"178\" height=\"100\" border=\"0\" src=\"https://s01.riotpixels.net/data/d3/66/d3669d49-ce2d-45c5-93d5-52e53343a8b6.jpg.240p.jpg\"></a></p><h3>Repack Features</h3><ul><li>Based on Banners.of.Ruin-PLAZA ISO release: plaza-banners.of.ruin.iso (579,305,472 bytes)</li><li>100% Lossless &amp; MD5 Perfect: all files are identical to originals after installation</li><li>NOTHING ripped, NOTHING re-encoded</li><li>Significantly smaller archive size (compressed from 552 to 317 MB)</li><li>Installation takes 1-3 minutes (depending on your system)</li><li>After-install integrity check so you could make sure that everything installed properly</li><li>HDD space after installation: 954 MB (2 GB during installation)</li><li>Language can be changed in game settings</li><li>At least 2 GB of free RAM (inc. virtual) required for installing this repack</li></ul><div ><div><h2>Game Description</h2></div><div ><p>The Blackfoots have been dealt a mighty blow by the fearsome House Ender \u2013 you must infiltrate their defences and cut out the rot.</p><p>Build your deck and fight your way through the city of Dawn\u2019s Point with card based combat and up to 6 members in your party. Characters loyal to your cause have a set of unique cards and abilities that may augment your deck in powerful, exciting ways. Defeat each of the elite opponents in your path to the city\u2019s Guard Captain and cripple the Enders at their core. You and your brethren may fall at this attempt, but there will always be others to carry the torch. House Blackfoot will remember, and they will never relent. Encounter a series of scenarios as you travel through the city which may help you, but at the expense of some moral ground.</p><p><b><h3>Game Features</h3></b></p><ul><li>Build your deck by looting, buying and unlocking a myriad of cards.</li><li>Beavers and Bears? Or Wolves and Weasels? Build a party of up to 6 throughout your run to battle your foes.</li><li>6 Races to explore with unique racial card pools and passives to choose from.</li><li>Ding! Level up your characters to unlock talent cards and powerful passives that can drastically impact your strategy.</li><li>Loot! Collect weapons and armour to bolster your ranks with interesting effects and abilities.</li><li>Which way? Navigate the streets in a dynamic card driven campaign.</li><li>Decisions. Reveal and engage in varying encounters on your journey which can have positive and negative outcomes.</li><li>Fight an increasingly challenging array of enemies with exciting AI behaviours.</li><li>Another failed attempt? Earn tokens after every run to unlock new cards and passives into the game to help you achieve victory.</li></ul></div></div>             </div>"
}