{
    "link": "https://fitgirl-repacks.site/barn-finders/",
    "title": "Barn Finders \u2013 v19443 (2021_06_22) + Amerykan Dream DLC",
    "first_img": "https://i112.fastpic.ru/big/2020/0616/3b/b394e10ba5794b585ae975b96044a03b.jpg",
    "second_img": "https://s01.riotpixels.net/data/8b/03/8b03a811-14b3-4304-ae54-cf0165f88269.jpg.240p.jpg",
    "body": "<div ><h2>Barn Finders \u2013 v19443 (2021_06_22) + Amerykan Dream DLC</h2><p ><div><a target=\"_blank\" href=\"http://en.riotpixels.com/games/barn-finders/\" rel=\"noopener\"><img class=\"alignleft\" width=\"150\" src=\"https://i112.fastpic.ru/big/2020/0616/3b/b394e10ba5794b585ae975b96044a03b.jpg\"></a></div><br>Genres/Tags: <strong>Lifestyle, First-person, 3D</strong><br>Companies: <strong>Duality Games, PlayWay</strong><br>Languages: <strong>RUS/ENG/MULTI12</strong><br>Original Size: <strong>14.5 GB</strong><br>Repack Size: <strong>9.9 GB</strong></p>&nbsp;<div>&nbsp;</div><h3>Download Mirrors</h3><ul><li><a href=\"https://1337x.to/torrent/4900354/Barn-Finders-v19443-2021_06_22-Amerykan-Dream-DLC-MULTi12-FitGirl-Repack/\" target=\"_blank\" rel=\"noopener\">1337x</a> | [<a href=\"magnet:?xt=urn:btih:9FD6111888204779242CF71304AF452172087D27&amp;dn=Barn+Finders+%28v19443%2F2021_06_22+%2B+Amerykan+Dream+DLC%2C+MULTi12%29+%5BFitGirl+Repack%5D&amp;tr=udp%3A%2F%2F46.148.18.250%3A2710&amp;tr=udp%3A%2F%2Fopentor.org%3A2710&amp;tr=udp%3A%2F%2Ftracker.coppersurfer.tk%3A6969%2Fannounce&amp;tr=udp%3A%2F%2Ftracker.opentrackr.org%3A1337%2Fannounce&amp;tr=http%3A%2F%2Ftracker.dler.org%3A6969%2Fannounce&amp;tr=udp%3A%2F%2Ftracker.leechers-paradise.org%3A6969%2Fannounce&amp;tr=udp%3A%2F%2F9.rarbg.me%3A2730%2Fannounce&amp;tr=udp%3A%2F%2F9.rarbg.to%3A2770%2Fannounce&amp;tr=udp%3A%2F%2Ftracker.pirateparty.gr%3A6969%2Fannounce&amp;tr=http%3A%2F%2Fretracker.local%2Fannounce&amp;tr=http%3A%2F%2Fretracker.ip.ncnet.ru%2Fannounce&amp;tr=udp%3A%2F%2Fexodus.desync.com%3A6969%2Fannounce&amp;tr=udp%3A%2F%2Fipv4.tracker.harry.lu%3A80%2Fannounce&amp;tr=udp%3A%2F%2Fopen.stealth.si%3A80%2Fannounce&amp;tr=udp%3A%2F%2Ftracker.zer0day.to%3A1337%2Fannounce&amp;tr=udp%3A%2F%2Ftracker.leechers-paradise.org%3A6969%2Fannounce&amp;tr=udp%3A%2F%2Fcoppersurfer.tk%3A6969%2Fannounce\">magnet</a>] [<a href=\"https://pastefg.hermietkreeft.site/?aa6102cb48e34ce2#FM7i66EMmeiz3VZ6uhdTryvDWMRREdhWYkbfqfpNuYDm\" target=\"_blank\" rel=\"noopener\">.torrent file only</a>] <br><img src=\"https://torrent-stats.info/f713/457316d62.png\" style=\"display:block;clear:both\"></li><li><a href=\"http://rutor.info/torrent/822417/barn-finders-v-19443-dlc-2020-pc-repack-ot-fitgirl\" target=\"_blank\" rel=\"noopener\">RuTor</a> [<a href=\"magnet:?xt=urn:btih:9fd6111888204779242cf71304af452172087d27&amp;dn=rutor.info_Barn+Finders+%5Bv+19443+%2B+DLC%5D+%282020%29+PC+%7C+RePack+%D0%BE%D1%82+FitGirl&amp;tr=udp://opentor.org:2710&amp;tr=udp://opentor.org:2710&amp;tr=http://retracker.local/announce\">magnet</a>]</li><li><a href=\"https://tapochek.net/viewtopic.php?p=2785629\" target=\"_blank\" rel=\"noopener\">Tapochek.net</a></li><li><a href=\"https://pastefg.hermietkreeft.site/?0e145dd5fc2a7d5d#GrYTsHeCn5gx8W47yqnrGCbTrxRrQRjos5kQ8DRoFSB6\" target=\"_blank\" rel=\"noopener\">Filehoster: MultiUpload</a> (10+ hosters, interchangeable) [Use <a href=\"http://jdownloader.org/jdownloader2\" target=\"_blank\" rel=\"noopener\">JDownloader2</a>]</li><li><a href=\"https://pastefg.hermietkreeft.site/?4e3d4549d8cfbf6d#Ded5StrN75HJbuXbWrPBKwuGH1tA83AD4qbatfU7hEQ6\" target=\"_blank\" rel=\"noopener\">Filehoster: PixelDrain</a></li><li><a href=\"https://pastefg.hermietkreeft.site/?39ef02bdccc785c7#E4kYQA8nVqaEajniUtRTR42hEpkA2a94d2FBd2d5KY4Y\" target=\"_blank\" rel=\"noopener\">Filehoster: LetsUpload</a> [Use <a href=\"http://jdownloader.org/jdownloader2\" target=\"_blank\" rel=\"noopener\">JDownloader2</a>]</li><li><a href=\"https://crackhub.site/barn-finders-v19443-2021_06_22-amerykan-dream-dlc-fitgirl-repack/\" target=\"_blank\" rel=\"noopener\">Filehosters: Google Drive, OneDrive + others</a> (Uploaded by crackhub213)</li><li><a href=\"https://pastefg.hermietkreeft.site/?fcb09a8ade9c26e7#BL61c3w6JzrMsfZQSRx6vWWjZ3PFKEmxwvBJE5Fqxedv\" target=\"_blank\" rel=\"noopener\">Filehoster: OneDrive</a> (Uploaded by DyR0 t(-_-t), NOT compatible with other mirrors)</li></ul><p><a href=\"https://cs.rin.ru/forum/viewtopic.php?f=10&amp;t=94733\" target=\"_blank\" rel=\"noopener\">Discussion and (possible) future updates on CS.RIN.RU thread</a></p><h3>Screenshots (Click to enlarge)</h3><p><a target=\"_blank\" href=\"http://en.riotpixels.com/games/barn-finders/screenshots/14/?utm_source=emb-gfx-html&amp;utm_medium=image&amp;utm_campaign=rp-mass\" rel=\"noopener\"><img loading=\"lazy\" width=\"185\" height=\"100\" border=\"0\" src=\"https://s01.riotpixels.net/data/8b/03/8b03a811-14b3-4304-ae54-cf0165f88269.jpg.240p.jpg\"></a><a target=\"_blank\" href=\"http://en.riotpixels.com/games/barn-finders/screenshots/7/?utm_source=emb-gfx-html&amp;utm_medium=image&amp;utm_campaign=rp-mass\" rel=\"noopener\"><img loading=\"lazy\" width=\"185\" height=\"100\" border=\"0\" src=\"https://s01.riotpixels.net/data/1e/2b/1e2b1649-b1b3-4adb-a132-e084af433d91.jpg.240p.jpg\"></a><a target=\"_blank\" href=\"http://en.riotpixels.com/games/barn-finders/screenshots/6/?utm_source=emb-gfx-html&amp;utm_medium=image&amp;utm_campaign=rp-mass\" rel=\"noopener\"><img loading=\"lazy\" width=\"178\" height=\"100\" border=\"0\" src=\"https://s01.riotpixels.net/data/28/02/2802b5d7-2b02-4d99-8377-7b900d0ebd44.jpg.240p.jpg\"></a><br><a target=\"_blank\" href=\"http://en.riotpixels.com/games/barn-finders/screenshots/5/?utm_source=emb-gfx-html&amp;utm_medium=image&amp;utm_campaign=rp-mass\" rel=\"noopener\"><img loading=\"lazy\" width=\"185\" height=\"100\" border=\"0\" src=\"https://s01.riotpixels.net/data/a7/54/a7544cc0-3fbc-4d42-b2c8-8d9e6aef60c6.jpg.240p.jpg\"></a><a target=\"_blank\" href=\"http://en.riotpixels.com/games/barn-finders/screenshots/3/?utm_source=emb-gfx-html&amp;utm_medium=image&amp;utm_campaign=rp-mass\" rel=\"noopener\"><img loading=\"lazy\" width=\"178\" height=\"100\" border=\"0\" src=\"https://s01.riotpixels.net/data/4e/8d/4e8d7217-fe04-456b-94c8-96fba8d42e2f.jpg.240p.jpg\"></a><a target=\"_blank\" href=\"http://en.riotpixels.com/games/barn-finders/screenshots/1/?utm_source=emb-gfx-html&amp;utm_medium=image&amp;utm_campaign=rp-mass\" rel=\"noopener\"><img loading=\"lazy\" width=\"185\" height=\"100\" border=\"0\" src=\"https://s01.riotpixels.net/data/2b/ca/2bcae79b-17db-432c-b8ef-a28e1942c8a5.jpg.240p.jpg\"></a></p><h3>Repack Features</h3><ul><li>Based on Barn.Finders.Amerykan.Dream-CODEX ISO release: codex-barn.finders.amerykan.dream.iso (15,548,874,752 bytes)</li><li>Amerykan Dream DLC is included and activated; game version: v19443 (2021_06_22)</li><li>100% Lossless &amp; MD5 Perfect: all files are identical to originals after installation</li><li>NOTHING ripped, NOTHING re-encoded</li><li>Significantly smaller archive size (compressed from 14.5 to 9.9 GB)</li><li>Installation takes 4-8 minutes (depending on your system)</li><li>After-install integrity check so you could make sure that everything installed properly</li><li>HDD space after installation: 24.8 GB</li><li>Language can be changed in game settings</li><li>Repack uses XTool library by Razor12911</li><li>At least 2 GB of free RAM (inc. virtual) required for installing this repack</li></ul><div ><div><h2>Game Description</h2></div><div >Search for valuables stashed in abandoned barns ranging from old clocks, musical instruments, antiques, gold, weaponry to even vintage cars and motorcycles and sell them for a profit.<p>Run your family business. Look for valuable items and sell them in your pawnshop. Every item has a value, so collect everything and search everywhere!</p><p>Bid on auctions and sales to get access to closed-off properties. Who knows what kind of dusty treasures you can find there?</p><p>Visit 12 original locations and unearth their secrets in the land of Ammeryka (largely simmilar to the real America, but not quite). Barns are just the beginning. How about a visit to an old military base or . . . the moon?</p><p>Take care of developing your shop. Empty shelves mean an empty wallet. Customers will come back if they have something to come back for. Fix found items, clean the dirty ones and sell them all. And if there are no customers, you can always play basketball in your backyard. And somehow, make money while playing..</p><p>Uncle Billy will keep you busy. Together you\u2019ll explore different locations, but the real work is all for you to do. That is, until you go solo. Eventually.</p><p>Being a real Barn Finder is a state of mind \u2013 a job for the brave and the bold. Your competitors are specialists and they are just waiting for you to slip up.</p><p><b><h3>Game Features</h3></b></p><ul><li>Hundreds of items to find and sell</li><li>Improve the quality of goods for sale by cleaning and repairing damaged ones as needed</li><li>Find parts of exclusive cars, motorbikes, rebuild them and then sell for a big payout.</li><li>Discover crazy stories of the locations you visit and items you collect.</li></ul></div></div><p><b>Backwards Compatibility</b></p><p>This repack is NOT backwards compatible with my previous BF repack.</p>             </div>"
}