{
    "link": "https://fitgirl-repacks.site/bassmaster-fishing-2022/",
    "title": "Bassmaster Fishing 2022 \u2013 v0.5.62885.0 + 4 DLCs",
    "first_img": "https://i6.imageban.ru/out/2021/10/31/1837330b8c12912d2faf8ce9ae606f04.jpg",
    "second_img": "https://s01.riotpixels.net/data/27/0c/270c7b8c-32b8-49d7-b7ed-411cc1246461.jpg.240p.jpg",
    "body": "<div ><h2>Bassmaster Fishing 2022 \u2013 v0.5.62885.0 + 4 DLCs</h2><p ><div><a target=\"_blank\" href=\"https://en.riotpixels.com/games/bassmaster-fishing-2022/\" rel=\"noopener\"><img class=\"alignleft\" width=\"150\" src=\"https://i6.imageban.ru/out/2021/10/31/1837330b8c12912d2faf8ce9ae606f04.jpg\"></a></div><br>Genres/Tags: <strong>Sports, Angling, Third-person, 3D</strong><br>Company: <strong>Dovetail Games</strong><br>Languages: <strong>RUS/ENG/MULTI7</strong><br>Original Size: <strong>28.2 GB</strong><br>Repack Size: <strong>10.8 GB</strong></p>&nbsp;<div>&nbsp;</div><h3>Download Mirrors</h3><ul><li><a href=\"https://1337x.to/torrent/5156694/Bassmaster-Fishing-2022-v0-5-62885-0-4-DLCs-MULTi8-FitGirl-Repack/\" target=\"_blank\" rel=\"noopener\">1337x</a> | [<a href=\"magnet:?xt=urn:btih:0799894BE25383E6A7BA3D2DC14A9D4AEEFE792A&amp;dn=Bassmaster+Fishing+2022+%28v0.5.62885.0+%2B+4+DLCs%2C+MULTi8%29+%5BFitGirl+Repack%5D&amp;tr=udp%3A%2F%2F46.148.18.250%3A2710&amp;tr=udp%3A%2F%2Fopentor.org%3A2710&amp;tr=udp%3A%2F%2Ftracker.coppersurfer.tk%3A6969%2Fannounce&amp;tr=udp%3A%2F%2Ftracker.opentrackr.org%3A1337%2Fannounce&amp;tr=http%3A%2F%2Ftracker.dler.org%3A6969%2Fannounce&amp;tr=udp%3A%2F%2Ftracker.leechers-paradise.org%3A6969%2Fannounce&amp;tr=udp%3A%2F%2F9.rarbg.me%3A2730%2Fannounce&amp;tr=udp%3A%2F%2F9.rarbg.to%3A2770%2Fannounce&amp;tr=udp%3A%2F%2Ftracker.pirateparty.gr%3A6969%2Fannounce&amp;tr=http%3A%2F%2Fretracker.local%2Fannounce&amp;tr=http%3A%2F%2Fretracker.ip.ncnet.ru%2Fannounce&amp;tr=udp%3A%2F%2Fexodus.desync.com%3A6969%2Fannounce&amp;tr=udp%3A%2F%2Fipv4.tracker.harry.lu%3A80%2Fannounce&amp;tr=udp%3A%2F%2Fopen.stealth.si%3A80%2Fannounce&amp;tr=udp%3A%2F%2Ftracker.zer0day.to%3A1337%2Fannounce&amp;tr=udp%3A%2F%2Ftracker.leechers-paradise.org%3A6969%2Fannounce&amp;tr=udp%3A%2F%2Fcoppersurfer.tk%3A6969%2Fannounce\">magnet</a>] [<a href=\"https://pastefg.hermietkreeft.site/?186c69d8fa2677c1#EouD1DQChANw6v8qaf2wmzQfLXuxhABvASyUE9anxXWK\" target=\"_blank\" rel=\"noopener\">.torrent file only</a>] <br><img src=\"https://torrent-stats.info/3d2d/12405ffe1.png\" style=\"display:block;clear:both\"></li><li><a href=\"http://rutor.info/torrent/863777/bassmaster-fishing-2022-v-0.5.62885.0-dlcs-2021-pc-repack-ot-fitgirl\" target=\"_blank\" rel=\"noopener\">RuTor</a> [<a href=\"magnet:?xt=urn:btih:0799894be25383e6a7ba3d2dc14a9d4aeefe792a&amp;dn=rutor.info_Bassmaster+Fishing+2022+%5Bv+0.5.62885.0+%2B+DLCs%5D+%282021%29+PC+%7C+RePack+%D0%BE%D1%82+FitGirl&amp;tr=udp://opentor.net:6969&amp;tr=udp://opentor.org:2710&amp;tr=http://retracker.local/announce\">magnet</a>]</li><li><a href=\"https://tapochek.net/viewtopic.php?p=2834869\" target=\"_blank\" rel=\"noopener\">Tapochek.net</a></li><li><a href=\"https://pastefg.hermietkreeft.site/?0087d2b7c92e01bf#z6mn3L5xCDKsM7Unwws643Qf32fipLG9RNFiDNXijrU\" target=\"_blank\" rel=\"noopener\">Filehoster: MultiUpload</a> (10+ hosters, interchangeable) [Use <a href=\"http://jdownloader.org/jdownloader2\" target=\"_blank\" rel=\"noopener\">JDownloader2</a>]</li><li><a href=\"https://pastefg.hermietkreeft.site/?78a94d1c2e973aa0#8DibQiEDWt79cHKKVgMXzamytgXvargrfuCmazLeWGok\" target=\"_blank\" rel=\"noopener\">Filehoster: ZippyShare</a></li><li><a href=\"https://pastefg.hermietkreeft.site/?59022778e7ebd338#8PgVypf6KGMkDGGw3k1d2sZ3zU7J8WhcPAV8cpbpA7dt\" target=\"_blank\" rel=\"noopener\">Filehoster: BayFiles</a></li><li><a href=\"https://pastefg.hermietkreeft.site/?0d68464c8cdcf853#5jeL9BukvrkFogADARQrsX2iYtPAXckQeZ4pg9yHAHbu\" target=\"_blank\" rel=\"noopener\">Filehoster: OneDrive</a> (Uploaded by DyR0 t(-_-t), NOT compatible with other mirrors)</li><li><a href=\"https://crackhub.site/bassmaster-fishing-2022-v0-5-62885-0-4-dlcs-fitgirl-repack/\" target=\"_blank\" rel=\"noopener\">Filehosters: Google Drive, OneDrive + others</a> (Uploaded by crackhub213)</li></ul><p><a href=\"https://cs.rin.ru/forum/viewtopic.php?f=10&amp;t=116328\" target=\"_blank\" rel=\"noopener\">Discussion and (possible) future updates on CS.RIN.RU thread</a></p><h3>Screenshots (Click to enlarge)</h3><p><a target=\"_blank\" href=\"https://en.riotpixels.com/games/bassmaster-fishing-2022/screenshots/8/?utm_source=emb-gfx-html&amp;utm_medium=image&amp;utm_campaign=rp-mass\" rel=\"noopener\"><img loading=\"lazy\" width=\"178\" height=\"100\" border=\"0\" src=\"https://s01.riotpixels.net/data/27/0c/270c7b8c-32b8-49d7-b7ed-411cc1246461.jpg.240p.jpg\"></a><a target=\"_blank\" href=\"https://en.riotpixels.com/games/bassmaster-fishing-2022/screenshots/7/?utm_source=emb-gfx-html&amp;utm_medium=image&amp;utm_campaign=rp-mass\" rel=\"noopener\"><img loading=\"lazy\" width=\"178\" height=\"100\" border=\"0\" src=\"https://s01.riotpixels.net/data/40/8c/408c8876-7ef0-4b4e-9200-3df1caf59fc8.jpg.240p.jpg\"></a><a target=\"_blank\" href=\"https://en.riotpixels.com/games/bassmaster-fishing-2022/screenshots/5/?utm_source=emb-gfx-html&amp;utm_medium=image&amp;utm_campaign=rp-mass\" rel=\"noopener\"><img loading=\"lazy\" width=\"178\" height=\"100\" border=\"0\" src=\"https://s01.riotpixels.net/data/63/0a/630a82f2-48f0-4faa-b2b4-a8064a0d104c.jpg.240p.jpg\"></a><br><a target=\"_blank\" href=\"https://en.riotpixels.com/games/bassmaster-fishing-2022/screenshots/4/?utm_source=emb-gfx-html&amp;utm_medium=image&amp;utm_campaign=rp-mass\" rel=\"noopener\"><img loading=\"lazy\" width=\"178\" height=\"100\" border=\"0\" src=\"https://s01.riotpixels.net/data/c5/99/c599ae28-43d5-42ce-9754-decd63142a97.jpg.240p.jpg\"></a><a target=\"_blank\" href=\"https://en.riotpixels.com/games/bassmaster-fishing-2022/screenshots/2/?utm_source=emb-gfx-html&amp;utm_medium=image&amp;utm_campaign=rp-mass\" rel=\"noopener\"><img loading=\"lazy\" width=\"178\" height=\"100\" border=\"0\" src=\"https://s01.riotpixels.net/data/e4/e0/e4e0280f-5360-4ef1-8e6d-7ea1daa33b75.jpg.240p.jpg\"></a><a target=\"_blank\" href=\"https://en.riotpixels.com/games/bassmaster-fishing-2022/screenshots/1/?utm_source=emb-gfx-html&amp;utm_medium=image&amp;utm_campaign=rp-mass\" rel=\"noopener\"><img loading=\"lazy\" width=\"178\" height=\"100\" border=\"0\" src=\"https://s01.riotpixels.net/data/78/a2/78a27938-831d-401e-9811-47ef6c2eb18a.jpg.240p.jpg\"></a></p><h3>Repack Features</h3><ul><li>Based on Bassmaster.Fishing.2022.Lake.Hartwell-CODEX ISO release: codex-bassmaster.fishing.2022.lake.hartwell.iso (30,256,824,320 bytes)</li><li>Game version: v0.5.62885.0; 4 DLCs are included and activated</li><li>100% Lossless &amp; MD5 Perfect: all files are identical to originals after installation</li><li>NOTHING ripped, NOTHING re-encoded</li><li>Significantly smaller archive size (compressed from 28.2 to 10.8 GB)</li><li>Installation takes 7-16 minutes (depending on your system)</li><li>After-install integrity check so you could make sure that everything installed properly</li><li>HDD space after installation: 29.8 GB</li><li>Use \u201cLanguage Changer.bat\u201d in game root to change the game language</li><li>Repack uses XTool library by Razor12911</li><li>At least 2 GB of free RAM (inc. virtual) required for installing this repack</li></ul><div ><div><h2>Game Description</h2></div><div >Bassmaster Fishing 2022, the official video game is coming this Fall, bringing the thrill of competitive big bass fishing to PC. Dive into the fully licensed content from the Bassmaster series from amateur to elite events. Manage your sponsors, equip your dream setup, and customise the look of your angler to tackle the Bassmaster series.<p>For the first time ever, compete as or challenge pro anglers from the Elite tour across 8 different real-world venues. Climb the ranks, earn your sponsors, and progress through your B.A.S.S. career to become the Bassmaster Classic Champion. Or take to the water and compete with other players in a variety of all-new massive multiplayer modes to conquer the global leader boards.</p><p>Powered by the Unreal Engine, you\u2019ll lose yourself in beautiful environments, with a variety of fish species and a diverse range of equipment that will immerse you in the world of Bassmaster. The challenge doesn\u2019t stop at the Bassmaster Classic, master in-game seasonal challenges to collect cosmetic items &amp; equipment so you can show off your skill when fishing on the lake.</p><p><b><h3>Game Features</h3></b></p><ul><li><b>Exclusive B.A.S.S. Content</b> \u2013 Equip and use a vast selection of licensed content such as Yamaha Outboard motors, Skeeter Boats, Missile Baits, and much more!</li><li><b>10 Pro Anglers</b> \u2013 Play as or compete against legends like Scott Martin, Hank Cherry and 8 other official pro anglers.</li><li><b>8 Official venues</b> \u2013 Take to the water on 8 real-world venues and explore everything from Sabine Rivers back waters to the huge open horizons on Lake Hamilton.</li><li><b>Our Largest Multiplayer</b> \u2013 Take on the vast Bassmaster Fishing 2022 online modes. Climb the global leader boards, jump into cross play modes, or be the champion in Bassmaster Royale.</li><li><b>Career Mode</b> \u2013 Compete throughout the College Series, Opens and Elite Series and progress to the Bassmaster Classic to become the champion. With Dave Mercer the official tournament announcer to host your weigh ins as you chart your course for success, increasing your following with big catches and bigger partners with the new sponsors system.</li><li><b>Gameplay fundamentals</b> \u2013 Fish from a new perspective with the underwater camera, explore and mark up venues with the new GPS map system, and finesse fishing around weeds with the right equipment to avoid snagging.</li><li><b>Fish AI and movement</b> \u2013 Be the best bass angler by hunting out those lunkers. Fish will move around the water looking for points of interest and also at different depths due to the dynamic time of day system</li></ul><p><b>Included DLCs</b></p><ul><li>Deluxe Upgrade Pack</li><li>Beta Reward DLC</li><li>Predator Equipment Pack</li><li>Lake Hartwell</li></ul></div></div><p><b>Backwards Compatibility</b></p><p>This repack IS NOT partially backwards compatible with my previous BF2022 repack.</p>             </div>"
}