{
    "link": "https://fitgirl-repacks.site/battle-of-rebels/",
    "title": "Battle of Rebels",
    "first_img": "https://i2.imageban.ru/out/2022/02/23/ebd7bc280c4962321a0724a546ee7eae.jpg",
    "second_img": "https://s01.riotpixels.net/data/5f/1b/5f1b8591-6a51-4d19-bfa1-77a4a86a8fa7.jpg.240p.jpg",
    "body": "<div ><h2>Battle of Rebels</h2><p ><div><a target=\"_blank\" href=\"https://en.riotpixels.com/games/battle-of-rebels/\" rel=\"noopener\"><img class=\"alignleft\" width=\"150\" src=\"https://i2.imageban.ru/out/2022/02/23/ebd7bc280c4962321a0724a546ee7eae.jpg\"></a></div><br>Genres/Tags: <strong>Action, Shooter, Zombies, First-person, Third-person, 3D</strong><br>Companies: <strong>KOREK PRODUCTION</strong><br>Language: <strong>ENG</strong><br>Original Size: <strong>17.8 GB</strong><br>Repack Size: <strong>8.9 GB</strong></p>&nbsp;<div>&nbsp;</div><h3>Download Mirrors</h3><ul><li><a href=\"https://1337x.to/torrent/5159021/Battle-of-Rebels-FitGirl-Repack/\" target=\"_blank\" rel=\"noopener\">1337x</a> | [<a href=\"magnet:?xt=urn:btih:41FFA1CFFBB5893769715F4D9239F41B097CDBB8&amp;dn=Battle+of+Rebels+%5BFitGirl+Repack%5D&amp;tr=udp%3A%2F%2F46.148.18.250%3A2710&amp;tr=udp%3A%2F%2Fopentor.org%3A2710&amp;tr=udp%3A%2F%2Ftracker.coppersurfer.tk%3A6969%2Fannounce&amp;tr=udp%3A%2F%2Ftracker.opentrackr.org%3A1337%2Fannounce&amp;tr=http%3A%2F%2Ftracker.dler.org%3A6969%2Fannounce&amp;tr=udp%3A%2F%2Ftracker.leechers-paradise.org%3A6969%2Fannounce&amp;tr=udp%3A%2F%2F9.rarbg.me%3A2730%2Fannounce&amp;tr=udp%3A%2F%2F9.rarbg.to%3A2770%2Fannounce&amp;tr=udp%3A%2F%2Ftracker.pirateparty.gr%3A6969%2Fannounce&amp;tr=http%3A%2F%2Fretracker.local%2Fannounce&amp;tr=http%3A%2F%2Fretracker.ip.ncnet.ru%2Fannounce&amp;tr=udp%3A%2F%2Fexodus.desync.com%3A6969%2Fannounce&amp;tr=udp%3A%2F%2Fipv4.tracker.harry.lu%3A80%2Fannounce&amp;tr=udp%3A%2F%2Fopen.stealth.si%3A80%2Fannounce&amp;tr=udp%3A%2F%2Ftracker.zer0day.to%3A1337%2Fannounce&amp;tr=udp%3A%2F%2Ftracker.leechers-paradise.org%3A6969%2Fannounce&amp;tr=udp%3A%2F%2Fcoppersurfer.tk%3A6969%2Fannounce\">magnet</a>] [<a href=\"https://pastefg.hermietkreeft.site/?61ef3024caab1199#3HmYBWSKnz3oTyUjxCU2yQALbGotdVeq1xPcbrZr8KYD\" target=\"_blank\" rel=\"noopener\">.torrent file only</a>] <br><img src=\"https://torrent-stats.info/5f4d/1c71221c9.png\" style=\"display:block;clear:both\"></li><li><a href=\"https://tapochek.net/viewtopic.php?p=2835288\" target=\"_blank\" rel=\"noopener\">Tapochek.net</a></li><li><a href=\"https://pastefg.hermietkreeft.site/?17f96eecc6864be5#BzarJohfcQcqBtUHhWrxQWLBNMUkaQaYqPjDeNpvcTiB\" target=\"_blank\" rel=\"noopener\">Filehoster: MultiUpload</a> (10+ hosters, interchangeable) [Use <a href=\"http://jdownloader.org/jdownloader2\" target=\"_blank\" rel=\"noopener\">JDownloader2</a>]</li><li><a href=\"https://pastefg.hermietkreeft.site/?b3e90b943e174d71#4pWCpA8SrEUJoyt7YiWtoepRd1XixfuwCN3oKbnG4c7p\" target=\"_blank\" rel=\"noopener\">Filehoster: ZippyShare</a></li><li><a href=\"https://pastefg.hermietkreeft.site/?6bfc41ef168a3882#4Pz32EPqciwRtFZA5xYyxYpXnqsXU9ext727BRbraPDY\" target=\"_blank\" rel=\"noopener\">Filehoster: BayFiles</a></li><li><a href=\"https://pastefg.hermietkreeft.site/?97513a2e6829c278#FLiPLhfS8GX2Q3vEQULsE2b2qrqsGv2hE4KWkN6FwcVg\" target=\"_blank\" rel=\"noopener\">Filehoster: OneDrive</a> (Uploaded by DyR0 t(-_-t), NOT compatible with other mirrors)</li><li><a href=\"https://crackhub.site/battle-of-rebels-fitgirl-repack/\" target=\"_blank\" rel=\"noopener\">Filehosters: Google Drive, OneDrive + others</a> (Uploaded by crackhub213)</li></ul><p><a href=\"https://cs.rin.ru/forum/viewtopic.php?f=10&amp;t=109649\" target=\"_blank\" rel=\"noopener\">Discussion and (possible) future updates on CS.RIN.RU thread</a></p><h3>Screenshots (Click to enlarge)</h3><p><a target=\"_blank\" href=\"https://en.riotpixels.com/games/battle-of-rebels/screenshots/23/?utm_source=emb-gfx-html&amp;utm_medium=image&amp;utm_campaign=rp-mass\" rel=\"noopener\"><img loading=\"lazy\" width=\"178\" height=\"100\" border=\"0\" src=\"https://s01.riotpixels.net/data/5f/1b/5f1b8591-6a51-4d19-bfa1-77a4a86a8fa7.jpg.240p.jpg\"></a><a target=\"_blank\" href=\"https://en.riotpixels.com/games/battle-of-rebels/screenshots/21/?utm_source=emb-gfx-html&amp;utm_medium=image&amp;utm_campaign=rp-mass\" rel=\"noopener\"><img loading=\"lazy\" width=\"178\" height=\"100\" border=\"0\" src=\"https://s01.riotpixels.net/data/0b/ab/0bab53e8-d4de-47f9-adb2-c27ace7b954b.jpg.240p.jpg\"></a><a target=\"_blank\" href=\"https://en.riotpixels.com/games/battle-of-rebels/screenshots/14/?utm_source=emb-gfx-html&amp;utm_medium=image&amp;utm_campaign=rp-mass\" rel=\"noopener\"><img loading=\"lazy\" width=\"178\" height=\"100\" border=\"0\" src=\"https://s01.riotpixels.net/data/5f/47/5f47eea4-eb5e-4692-99a2-e1e561990118.jpg.240p.jpg\"></a><br><a target=\"_blank\" href=\"https://en.riotpixels.com/games/battle-of-rebels/screenshots/11/?utm_source=emb-gfx-html&amp;utm_medium=image&amp;utm_campaign=rp-mass\" rel=\"noopener\"><img loading=\"lazy\" width=\"178\" height=\"100\" border=\"0\" src=\"https://s01.riotpixels.net/data/1d/69/1d69dd3e-b258-4eba-ab35-e282664e672a.jpg.240p.jpg\"></a><a target=\"_blank\" href=\"https://en.riotpixels.com/games/battle-of-rebels/screenshots/4/?utm_source=emb-gfx-html&amp;utm_medium=image&amp;utm_campaign=rp-mass\" rel=\"noopener\"><img loading=\"lazy\" width=\"178\" height=\"100\" border=\"0\" src=\"https://s01.riotpixels.net/data/a8/8c/a88c70d1-6c18-4dcb-89f2-fe5ea856e9e0.jpg.240p.jpg\"></a><a target=\"_blank\" href=\"https://en.riotpixels.com/games/battle-of-rebels/screenshots/3/?utm_source=emb-gfx-html&amp;utm_medium=image&amp;utm_campaign=rp-mass\" rel=\"noopener\"><img loading=\"lazy\" width=\"178\" height=\"100\" border=\"0\" src=\"https://s01.riotpixels.net/data/ef/00/ef00b143-9f40-4fbb-b5b5-85ffdd28c5af.jpg.240p.jpg\"></a></p><h3>Repack Features</h3><ul><li>Based on BATTLE.OF.REBELS-DARKSiDERS ISO release: ds-battleofrebels.iso (19,126,425,600 bytes)</li><li>100% Lossless &amp; MD5 Perfect: all files are identical to originals after installation</li><li>NOTHING ripped, NOTHING re-encoded</li><li>Significantly smaller archive size (compressed from 17.8 to 8.9 GB)</li><li>Installation takes 4-6 minutes (depending on your system)</li><li>After-install integrity check so you could make sure that everything installed properly</li><li>HDD space after installation: 29.3 GB</li><li>At least 2 GB of free RAM (inc. virtual) required for installing this repack</li></ul><div ><div><h2>Game Description</h2></div><div ><p>Go for the high score and fight off waves of zombies in this single-player third-person and first-person shooter game. Battle of Rebels plays to your strengths and gives you the freedom to do more and be more while carving your own path to victory.</p><p>United armies from all over the world were formed to stop the invasion but in vain. Aliens are much more advanced. State-of-the-art technology enabled them to clone humans! We are no longer aware of who we are fighting against! Humans?</p><p>Aliens penetrated all of the defense lines, and our armies are defeated. Human aliens surround us, that\u2019s what we call them.</p><p>Are we going to win? That\u2019s a story that is yet to unfold.</p><p><b><h3>Game Features</h3></b></p><ul><li>In the single player, a Virus spreads on the earth after the Aliens invaded the earth, and nations are struggling to defend it.</li><li>Some humans will be infected, which will cause chaos after they became walking dead.</li><li>Gather supplies and defeat your opponents.</li><li>Aliens have planted human cloning machines in the DOWNTOWN areas that corrupt the human DNA and make them zombies. We have to disable the machines but the task is not easy first the area where the machines have been planted should be cleared from zombies.</li><li>Once the area has been cleared the Alien Boss arrives. In order to gain the Access key, you have to kill the BOSS. once the BOSS is killed you will get the Access key which you can use to disable the machine.</li></ul></div></div>             </div>"
}