{
    "link": "https://fitgirl-repacks.site/between-time-escape-room/",
    "title": "Between Time: Escape Room",
    "first_img": "https://i6.imageban.ru/out/2021/09/16/846670f5d01c0d641ecff0f47202cea3.jpg",
    "second_img": "https://s01.riotpixels.net/data/1d/32/1d32ed2c-435f-4653-8efc-c117d0a4aa16.jpg.240p.jpg",
    "body": "<div ><h2>Between Time: Escape Room</h2><p ><div><a target=\"_blank\" href=\"https://en.riotpixels.com/games/between-time-escape-room/\" rel=\"noopener\"><img class=\"alignleft\" width=\"150\" src=\"https://i6.imageban.ru/out/2021/09/16/846670f5d01c0d641ecff0f47202cea3.jpg\"></a></div><br>Genres/Tags: <strong>Logic, Puzzle, First-person, 3D</strong><br>Company: <strong>mc2games</strong><br>Languages: <strong>RUS/ENG/MULTI13</strong><br>Original Size: <strong>2.8 GB</strong><br>Repack Size: <strong>1.7 GB</strong></p>&nbsp;<div>&nbsp;</div><h3>Download Mirrors</h3><ul><li><a href=\"https://1337x.to/torrent/4985046/Between-Time-Escape-Room-MULTi13-FitGirl-Repack/\" target=\"_blank\" rel=\"noopener\">1337x</a> | [<a href=\"magnet:?xt=urn:btih:13105DEEDCA246F8AA146661A90610C0505CAAA4&amp;dn=Between+Time%3A+Escape+Room+%28MULTi13%29+%5BFitGirl+Repack%5D&amp;tr=udp%3A%2F%2F46.148.18.250%3A2710&amp;tr=udp%3A%2F%2Fopentor.org%3A2710&amp;tr=udp%3A%2F%2Ftracker.coppersurfer.tk%3A6969%2Fannounce&amp;tr=udp%3A%2F%2Ftracker.opentrackr.org%3A1337%2Fannounce&amp;tr=http%3A%2F%2Ftracker.dler.org%3A6969%2Fannounce&amp;tr=udp%3A%2F%2Ftracker.leechers-paradise.org%3A6969%2Fannounce&amp;tr=udp%3A%2F%2F9.rarbg.me%3A2730%2Fannounce&amp;tr=udp%3A%2F%2F9.rarbg.to%3A2770%2Fannounce&amp;tr=udp%3A%2F%2Ftracker.pirateparty.gr%3A6969%2Fannounce&amp;tr=http%3A%2F%2Fretracker.local%2Fannounce&amp;tr=http%3A%2F%2Fretracker.ip.ncnet.ru%2Fannounce&amp;tr=udp%3A%2F%2Fexodus.desync.com%3A6969%2Fannounce&amp;tr=udp%3A%2F%2Fipv4.tracker.harry.lu%3A80%2Fannounce&amp;tr=udp%3A%2F%2Fopen.stealth.si%3A80%2Fannounce&amp;tr=udp%3A%2F%2Ftracker.zer0day.to%3A1337%2Fannounce&amp;tr=udp%3A%2F%2Ftracker.leechers-paradise.org%3A6969%2Fannounce&amp;tr=udp%3A%2F%2Fcoppersurfer.tk%3A6969%2Fannounce\">magnet</a>] [<a href=\"https://pastefg.hermietkreeft.site/?a133fa43b0b3ec3f#E6Jxct7FGjBRCszyJxuoxLVgAQVfw9ra98ZLTrvv5tZL\" target=\"_blank\" rel=\"noopener\">.torrent file only</a>] <br><img src=\"https://torrent-stats.info/6661/1d4d41250.png\" style=\"display:block;clear:both\"></li><li><a href=\"http://rutor.info/torrent/834546/between-time-escape-room-2021-pc-repack-ot-fitgirl\" target=\"_blank\" rel=\"noopener\">RuTor</a> [<a href=\"magnet:?xt=urn:btih:13105deedca246f8aa146661a90610c0505caaa4&amp;dn=rutor.info_Between+Time%3A+Escape+Room+%282021%29+PC+%7C+RePack+%D0%BE%D1%82+FitGirl&amp;tr=udp://opentor.net:6969&amp;tr=udp://opentor.org:2710&amp;tr=http://retracker.local/announce\">magnet</a>]</li><li><a href=\"https://tapochek.net/viewtopic.php?p=2800502\" target=\"_blank\" rel=\"noopener\">Tapochek.net</a></li><li><a href=\"https://pastefg.hermietkreeft.site/?04fcd4f838a2ae90#GoVjgRkWGFAsBjWoZ7nuZkTN34xtEZ9jY87Pc2cZStjf\" target=\"_blank\" rel=\"noopener\">Filehoster: MultiUpload</a> (10+ hosters, interchangeable) [Use <a href=\"http://jdownloader.org/jdownloader2\" target=\"_blank\" rel=\"noopener\">JDownloader2</a>]</li><li><a href=\"https://pastefg.hermietkreeft.site/?b3917e7fe5eb9808#9jV7kkAn66oj9EUeufjtNBJ4N67wFf6gAShKoPjLP6mB\" target=\"_blank\" rel=\"noopener\">Filehoster: PixelDrain</a></li><li><a href=\"https://pastefg.hermietkreeft.site/?388778af5cd91251#5s7TG7jh4YpRM4qbpLF7YXafibW9nqHeBa9jywJjmm6L\" target=\"_blank\" rel=\"noopener\">Filehoster: ZippyShare</a></li><li><a href=\"https://pastefg.hermietkreeft.site/?c2a304fb1d52819b#CuqFizHr93tQnB5t8KmeoVnfm5UYAKQKYeYUTUJYVvbh\" target=\"_blank\" rel=\"noopener\">Filehoster: LetsUpload</a> [Use <a href=\"http://jdownloader.org/jdownloader2\" target=\"_blank\" rel=\"noopener\">JDownloader2</a>]</li><li><a href=\"https://pastefg.hermietkreeft.site/?ed1b595064e80f86#FMRmLqHZusTVcMp4iYhfDFhqhnEcKiPSigfaNzvMTBd2\" target=\"_blank\" rel=\"noopener\">Filehoster: OneDrive</a> (Uploaded by DyR0 t(-_-t), NOT compatible with other mirrors)</li></ul><p><a href=\"https://cs.rin.ru/forum/viewtopic.php?f=10&amp;t=115836\" target=\"_blank\" rel=\"noopener\">Discussion and (possible) future updates on CS.RIN.RU thread</a></p><h3>Screenshots (Click to enlarge)</h3><p><a target=\"_blank\" href=\"https://en.riotpixels.com/games/between-time-escape-room/screenshots/5/?utm_source=emb-gfx-html&amp;utm_medium=image&amp;utm_campaign=rp-mass\" rel=\"noopener\"><img loading=\"lazy\" width=\"178\" height=\"100\" border=\"0\" src=\"https://s01.riotpixels.net/data/1d/32/1d32ed2c-435f-4653-8efc-c117d0a4aa16.jpg.240p.jpg\"></a><a target=\"_blank\" href=\"https://en.riotpixels.com/games/between-time-escape-room/screenshots/4/?utm_source=emb-gfx-html&amp;utm_medium=image&amp;utm_campaign=rp-mass\" rel=\"noopener\"><img loading=\"lazy\" width=\"178\" height=\"100\" border=\"0\" src=\"https://s01.riotpixels.net/data/29/00/29007dd0-5467-462e-b8de-ba1d2e5e2cbc.jpg.240p.jpg\"></a><a target=\"_blank\" href=\"https://en.riotpixels.com/games/between-time-escape-room/screenshots/3/?utm_source=emb-gfx-html&amp;utm_medium=image&amp;utm_campaign=rp-mass\" rel=\"noopener\"><img loading=\"lazy\" width=\"178\" height=\"100\" border=\"0\" src=\"https://s01.riotpixels.net/data/b0/95/b095db83-9c08-4922-b5f5-3d8c93c7d2b9.jpg.240p.jpg\"></a><br><a target=\"_blank\" href=\"https://en.riotpixels.com/games/between-time-escape-room/screenshots/2/?utm_source=emb-gfx-html&amp;utm_medium=image&amp;utm_campaign=rp-mass\" rel=\"noopener\"><img loading=\"lazy\" width=\"178\" height=\"100\" border=\"0\" src=\"https://s01.riotpixels.net/data/43/85/4385cd16-a278-4d82-9046-586e073288b3.jpg.240p.jpg\"></a><a target=\"_blank\" href=\"https://en.riotpixels.com/games/between-time-escape-room/screenshots/1/?utm_source=emb-gfx-html&amp;utm_medium=image&amp;utm_campaign=rp-mass\" rel=\"noopener\"><img loading=\"lazy\" width=\"178\" height=\"100\" border=\"0\" src=\"https://s01.riotpixels.net/data/f0/c9/f0c9c963-1899-4da9-9ca6-a1b6c9e993d0.jpg.240p.jpg\"></a></p><h3>Repack Features</h3><ul><li>Based on Between.Time.Escape.Room-PLAZA ISO release: plaza-between.time.escape.room.iso (2,986,704,896 bytes)</li><li>100% Lossless &amp; MD5 Perfect: all files are identical to originals after installation</li><li>NOTHING ripped, NOTHING re-encoded</li><li>Significantly smaller archive size (compressed from 2.8 to 1.7 GB)</li><li>Installation takes around one minute</li><li>After-install integrity check so you could make sure that everything installed properly</li><li>HDD space after installation: 7 GB</li><li>Language can be changed in game settings</li><li>At least 2 GB of free RAM (inc. virtual) required for installing this repack</li></ul><div ><div><h2>Game Description</h2></div><div >You are going to travel through time to steal priceless treasures. Will you be able to make it back alive?<p>Between Time is an escape room that will test your skills. Travel through time, explore mysterious places around the planet, solve puzzles, decode secret codes, and find hidden objects and treasures.</p><p>Solve this mystery by traveling through time to five different places in human history. Will you be able to escape?</p><p><b><h3>Game Features</h3></b></p><ul><li>Solve puzzles based on logic.</li><li>Explore five rooms set at different times in human history.</li><li>Discover more about A.I.T.M.A, the Artificial Intelligence Time Machine Assistant.</li></ul></div></div>             </div>"
}