{
    "link": "https://fitgirl-repacks.site/beyond-enemy-lines-remastered-edition/",
    "title": "Beyond Enemy Lines: Remastered Edition \u2013 v2.1.0",
    "first_img": "https://i1.imageban.ru/out/2021/11/14/912391201bf47186026ba7bf1a4cd1d7.jpg",
    "second_img": "https://s01.riotpixels.net/data/2f/4f/2f4fb522-69c1-4a2c-816e-5092e7507a9c.jpg.240p.jpg",
    "body": "<div ><h2>Beyond Enemy Lines: Remastered Edition \u2013 v2.1.0</h2><p ><div><a target=\"_blank\" href=\"https://en.riotpixels.com/games/beyond-enemy-lines/\" rel=\"noopener\"><img class=\"alignleft\" width=\"150\" src=\"https://i1.imageban.ru/out/2021/11/14/912391201bf47186026ba7bf1a4cd1d7.jpg\"></a></div><br>Genres/Tags: <strong>Action, Shooter, Stealth, First-person, 3D</strong><br>Companies: <strong>Enigma Entertainment, Polygon Art, Polygon Art</strong><br>Language: <strong>ENG</strong><br>Original Size: <strong>5.1 GB</strong><br>Repack Size: <strong>2.7 GB</strong></p>&nbsp;<div>&nbsp;</div><h3>Download Mirrors</h3><ul><li><a href=\"https://1337x.to/torrent/5051678/Beyond-Enemy-Lines-Remastered-Edition-v2-1-0-FitGirl-Repack/\" target=\"_blank\" rel=\"noopener\">1337x</a> | [<a href=\"magnet:?xt=urn:btih:9CE9C72D7D1484571DA8327F0807A873C634B5EC&amp;dn=Beyond+Enemy+Lines%3A+Remastered+Edition+%28v2.1.0%29+%5BFitGirl+Repack%5D&amp;tr=udp%3A%2F%2F46.148.18.250%3A2710&amp;tr=udp%3A%2F%2Fopentor.org%3A2710&amp;tr=udp%3A%2F%2Ftracker.coppersurfer.tk%3A6969%2Fannounce&amp;tr=udp%3A%2F%2Ftracker.opentrackr.org%3A1337%2Fannounce&amp;tr=http%3A%2F%2Ftracker.dler.org%3A6969%2Fannounce&amp;tr=udp%3A%2F%2Ftracker.leechers-paradise.org%3A6969%2Fannounce&amp;tr=udp%3A%2F%2F9.rarbg.me%3A2730%2Fannounce&amp;tr=udp%3A%2F%2F9.rarbg.to%3A2770%2Fannounce&amp;tr=udp%3A%2F%2Ftracker.pirateparty.gr%3A6969%2Fannounce&amp;tr=http%3A%2F%2Fretracker.local%2Fannounce&amp;tr=http%3A%2F%2Fretracker.ip.ncnet.ru%2Fannounce&amp;tr=udp%3A%2F%2Fexodus.desync.com%3A6969%2Fannounce&amp;tr=udp%3A%2F%2Fipv4.tracker.harry.lu%3A80%2Fannounce&amp;tr=udp%3A%2F%2Fopen.stealth.si%3A80%2Fannounce&amp;tr=udp%3A%2F%2Ftracker.zer0day.to%3A1337%2Fannounce&amp;tr=udp%3A%2F%2Ftracker.leechers-paradise.org%3A6969%2Fannounce&amp;tr=udp%3A%2F%2Fcoppersurfer.tk%3A6969%2Fannounce\">magnet</a>] [<a href=\"https://pastefg.hermietkreeft.site/?d2efafc3fdc59122#9YqRCL3XFP3W64cGs6tKKBUKBQWyzz3XxSFooQWNAkhr\" target=\"_blank\" rel=\"noopener\">.torrent file only</a>] <br><img src=\"https://torrent-stats.info/327f/eb2a3149.png\" style=\"display:block;clear:both\"></li><li><a href=\"https://tapochek.net/viewtopic.php?p=2812425\" target=\"_blank\" rel=\"noopener\">Tapochek.net</a></li><li><a href=\"https://pastefg.hermietkreeft.site/?bad6752f23a0c983#3JPe5vPuMtpCbpFWf5amsnNgAqvFj4CoyRKMGy7whwud\" target=\"_blank\" rel=\"noopener\">Filehoster: MultiUpload</a> (10+ hosters, interchangeable) [Use <a href=\"http://jdownloader.org/jdownloader2\" target=\"_blank\" rel=\"noopener\">JDownloader2</a>]</li><li><a href=\"https://pastefg.hermietkreeft.site/?7c19f49033601589#3iA2h4NJcryAoS3ZomzWkYmLFTPnjzijrwtfKXoiDpug\" target=\"_blank\" rel=\"noopener\">Filehoster: ZippyShare</a></li><li><a href=\"https://pastefg.hermietkreeft.site/?670cc526458fb95d#F4kopSsnkyBScyhKmPvzvcFHidmpZi1Aa7Y2AqnHGm87\" target=\"_blank\" rel=\"noopener\">Filehoster: BayFiles</a></li><li><a href=\"https://pastefg.hermietkreeft.site/?3e1539a050d7bc30#2skiUqssWUpubj2WbWDhAxSrdQLZ2Fyk3v9Ww6dG5KYB\" target=\"_blank\" rel=\"noopener\">Filehoster: LetsUpload</a> [Use <a href=\"http://jdownloader.org/jdownloader2\" target=\"_blank\" rel=\"noopener\">JDownloader2</a>]</li><li><a href=\"https://pastefg.hermietkreeft.site/?21ebef04837fb2ce#F74ZPTkwSvu5bbbr4b8S76KcEp2RRjTqwmjLk1x44TXP\" target=\"_blank\" rel=\"noopener\">Filehoster: OneDrive</a> (Uploaded by DyR0 t(-_-t), NOT compatible with other mirrors)</li><p><!--  <li><a href=\"\" target=\"_blank\" rel=\"noopener\">Filehosters: Google Drive, OneDrive + others</a> (Uploaded by crackhub213)</li>  --></p></ul><p><a href=\"https://cs.rin.ru/forum/viewtopic.php?f=10&amp;t=116039\" target=\"_blank\" rel=\"noopener\">Discussion and (possible) future updates on CS.RIN.RU thread</a></p><h3>Screenshots (Click to enlarge)</h3><p><a target=\"_blank\" href=\"https://en.riotpixels.com/games/beyond-enemy-lines/screenshots/22/?utm_source=emb-gfx-html&amp;utm_medium=image&amp;utm_campaign=rp-mass\" rel=\"noopener\"><img loading=\"lazy\" width=\"178\" height=\"100\" border=\"0\" src=\"https://s01.riotpixels.net/data/2f/4f/2f4fb522-69c1-4a2c-816e-5092e7507a9c.jpg.240p.jpg\"></a><a target=\"_blank\" href=\"https://en.riotpixels.com/games/beyond-enemy-lines/screenshots/21/?utm_source=emb-gfx-html&amp;utm_medium=image&amp;utm_campaign=rp-mass\" rel=\"noopener\"><img loading=\"lazy\" width=\"178\" height=\"100\" border=\"0\" src=\"https://s01.riotpixels.net/data/92/2b/922b1a20-68fb-459b-9bac-f9214325585e.jpg.240p.jpg\"></a><a target=\"_blank\" href=\"https://en.riotpixels.com/games/beyond-enemy-lines/screenshots/14/?utm_source=emb-gfx-html&amp;utm_medium=image&amp;utm_campaign=rp-mass\" rel=\"noopener\"><img loading=\"lazy\" width=\"178\" height=\"100\" border=\"0\" src=\"https://s01.riotpixels.net/data/56/30/5630d9b2-4b2c-4b4e-aa04-800275ef3960.jpg.240p.jpg\"></a><br><a target=\"_blank\" href=\"https://en.riotpixels.com/games/beyond-enemy-lines/screenshots/8/?utm_source=emb-gfx-html&amp;utm_medium=image&amp;utm_campaign=rp-mass\" rel=\"noopener\"><img loading=\"lazy\" width=\"178\" height=\"100\" border=\"0\" src=\"https://s01.riotpixels.net/data/3c/50/3c504e92-602e-45a0-b67e-765b4c9bec28.jpg.240p.jpg\"></a><a target=\"_blank\" href=\"https://en.riotpixels.com/games/beyond-enemy-lines/screenshots/4/?utm_source=emb-gfx-html&amp;utm_medium=image&amp;utm_campaign=rp-mass\" rel=\"noopener\"><img loading=\"lazy\" width=\"178\" height=\"100\" border=\"0\" src=\"https://s01.riotpixels.net/data/27/0e/270ea314-e97c-440d-9ade-33b6f111c23b.jpg.240p.jpg\"></a><a target=\"_blank\" href=\"https://en.riotpixels.com/games/beyond-enemy-lines/screenshots/1/?utm_source=emb-gfx-html&amp;utm_medium=image&amp;utm_campaign=rp-mass\" rel=\"noopener\"><img loading=\"lazy\" width=\"178\" height=\"100\" border=\"0\" src=\"https://s01.riotpixels.net/data/e6/bc/e6bc3dbc-4f02-476b-bc2d-98fd88532b10.jpg.240p.jpg\"></a></p><h3>Repack Features</h3><ul><li>Based on Beyond.Enemy.Lines.Remastered.Edition-SKIDROW ISO release: sr-beyondenemylinesremasterededition.iso (5,484,734,464 bytes)</li><li>100% Lossless &amp; MD5 Perfect: all files are identical to originals after installation</li><li>NOTHING ripped, NOTHING re-encoded</li><li>Significantly smaller archive size (compressed from 5.1 to 2.7 GB)</li><li>Installation takes 2-5 minutes (depending on your system)</li><li>After-install integrity check so you could make sure that everything installed properly</li><li>HDD space after installation: 5 GB</li><li>Repack uses XTool library by Razor12911</li><li>At least 2 GB of free RAM (inc. virtual) required for installing this repack</li></ul><div ><div><h2>Game Description</h2></div><div >The world is near of nuclear apocalypse, a soviet seperatist group captured the control chip of a military satelite. It is your job to recover the chip! Equipped with state of the art weapons and equipment, you operate in absolute secrecy as a lone wolf far beyond enemy lines.<p><b>You have the freedom to choose your path!</b><br>Think your way in, observe your enemies, sneak into their base and complete your objective. You have total freedom to choose your path \u2013 guns blazing or silent assassin \u2013 it\u2019s your choice! Beyond Enemy Lines is an unforgiving, intense experience where skill and tactical decisions matter!</p><p><b>Remastered Content:</b><br>Beyond Enemy Lines: Remastered Edition contains a variety of remastered content.</p><ul><li><b>Original Campaign</b>: 8 mission long campaign with an average playtime of ~10h.</li><li><b>Operation: Arctic Hawk \u2013 AddOn</b>: An additional 4 mission long campaign set in the winter with an average playtime of ~3h.</li></ul><p><b><h3>Game Features</h3></b></p><ul><li>Remastered game \u2013 and gunplay</li><li>Improved AI</li><li>Fully remastered Foliage with denser vegetation and more realistic forests</li><li>Improved effects and post processing</li><li>Overall performance improvements</li></ul></div></div>             </div>"
}