{
    "link": "https://fitgirl-repacks.site/beyond-a-steel-sky/",
    "title": "Beyond a Steel Sky: Aspiration Day Collection \u2013 v1.5.29158 + Bonus Content",
    "first_img": "https://i7.imageban.ru/out/2022/02/22/a3b4f7c3461aa17a3cd46ae315ab92cb.jpg",
    "second_img": "https://s01.riotpixels.net/data/d8/ea/d8ea137b-bc46-4c2a-b280-d668e6e1f221.jpg.240p.jpg",
    "body": "<div ><h2>Beyond a Steel Sky: Aspiration Day Collection \u2013 v1.5.29158 + Bonus Content</h2><p ><div><a target=\"_blank\" href=\"https://en.riotpixels.com/games/beyond-a-steel-sky/\" rel=\"noopener\"><img class=\"alignleft\" width=\"150\" src=\"https://i7.imageban.ru/out/2022/02/22/a3b4f7c3461aa17a3cd46ae315ab92cb.jpg\"></a></div><br>Genres/Tags: <strong>Adventure, Third-person, 3D</strong><br>Company: <strong>Revolution Software</strong><br>Languages: <strong>RUS/ENG/MULTI15</strong><br>Original Size: <strong>15.8 GB</strong><br>Repack Size: <strong>from 9.5 GB</strong> [Selective Download]</p>&nbsp;<div>&nbsp;</div><h3>Download Mirrors</h3><ul><li><a href=\"https://1337x.to/torrent/5158104/Beyond-a-Steel-Sky-Aspiration-Day-Collection-v1-5-29158-Bonus-Content-MULTi15-FitGirl-Repack-Selective-Download-from-9-5-GB/\" target=\"_blank\" rel=\"noopener\">1337x</a> | [<a href=\"magnet:?xt=urn:btih:5E094C6C993C27AE2C99F6EB7E59C37CCC53691E&amp;dn=Beyond+a+Steel+Sky%3A+Aspiration+Day+Collection+%28v1.5.29158+%2B+Bonus+Content%2C+MULTi15%29+%5BFitGirl+Repack%2C+Selective+Download+-+from+9.5+GB%5D&amp;tr=udp%3A%2F%2F46.148.18.250%3A2710&amp;tr=udp%3A%2F%2Fopentor.org%3A2710&amp;tr=udp%3A%2F%2Ftracker.coppersurfer.tk%3A6969%2Fannounce&amp;tr=udp%3A%2F%2Ftracker.opentrackr.org%3A1337%2Fannounce&amp;tr=http%3A%2F%2Ftracker.dler.org%3A6969%2Fannounce&amp;tr=udp%3A%2F%2Ftracker.leechers-paradise.org%3A6969%2Fannounce&amp;tr=udp%3A%2F%2F9.rarbg.me%3A2730%2Fannounce&amp;tr=udp%3A%2F%2F9.rarbg.to%3A2770%2Fannounce&amp;tr=udp%3A%2F%2Ftracker.pirateparty.gr%3A6969%2Fannounce&amp;tr=http%3A%2F%2Fretracker.local%2Fannounce&amp;tr=http%3A%2F%2Fretracker.ip.ncnet.ru%2Fannounce&amp;tr=udp%3A%2F%2Fexodus.desync.com%3A6969%2Fannounce&amp;tr=udp%3A%2F%2Fipv4.tracker.harry.lu%3A80%2Fannounce&amp;tr=udp%3A%2F%2Fopen.stealth.si%3A80%2Fannounce&amp;tr=udp%3A%2F%2Ftracker.zer0day.to%3A1337%2Fannounce&amp;tr=udp%3A%2F%2Ftracker.leechers-paradise.org%3A6969%2Fannounce&amp;tr=udp%3A%2F%2Fcoppersurfer.tk%3A6969%2Fannounce\">magnet</a>] [<a href=\"https://pastefg.hermietkreeft.site/?633089bfeca87722#DKkejRrM6xckGdqmReCMXL9Xj1qrz3UudG3MWUkz3NgD\" target=\"_blank\" rel=\"noopener\">.torrent file only</a>] <br><img src=\"https://torrent-stats.info/f6eb/49ae18eea.png\" style=\"display:block;clear:both\"></li><li><a href=\"http://rutor.info/torrent/863908/beyond-a-steel-sky-aspiration-day-collection-v-1.5.29158-bonus-2020-pc-repack-ot-fitgirl\" target=\"_blank\" rel=\"noopener\">RuTor</a> [<a href=\"magnet:?xt=urn:btih:5e094c6c993c27ae2c99f6eb7e59c37ccc53691e&amp;dn=rutor.info_Beyond+a+Steel+Sky%3A+Aspiration+Day+Collection+%5Bv+1.5.29158+%2B+Bonus%5D+%282020%29+PC+%7C+RePack+%D0%BE%D1%82+FitGirl&amp;tr=udp://opentor.net:6969&amp;tr=udp://opentor.org:2710&amp;tr=http://retracker.local/announce\">magnet</a>]</li><li><a href=\"https://tapochek.net/viewtopic.php?p=2835083#2835083\" target=\"_blank\" rel=\"noopener\">Tapochek.net</a></li><li><a href=\"https://pastefg.hermietkreeft.site/?c82cf72acaa9276c#9zgkfnx37ST1JbAutWvGvrBQZt12ga8ckthwbxpWmVwQ\" target=\"_blank\" rel=\"noopener\">Filehoster: MultiUpload</a> (10+ hosters, interchangeable) [Use <a href=\"http://jdownloader.org/jdownloader2\" target=\"_blank\" rel=\"noopener\">JDownloader2</a>]</li><li><a href=\"https://pastefg.hermietkreeft.site/?4f6de66d474c5f08#63U8Dhx2NWnqnpt1mmziRawkpLvf4wrkQ59RRmdKE8pc\" target=\"_blank\" rel=\"noopener\">Filehoster: ZippyShare</a></li><li><a href=\"https://pastefg.hermietkreeft.site/?4d909bd2301fa268#EkhR6ksTtMwaZNeUmeT3kkDDdT1EjsvtySTYo1oeK78M\" target=\"_blank\" rel=\"noopener\">Filehoster: BayFiles</a></li><li><a href=\"https://disq.us/url?url=https%3A%2F%2Fpastefg.hermietkreeft.site%2F%3F1c4b7a1a6b5cf378%23mbxRitUXvaeDA9c6mYjKziBKGSkN6KB21kxBhKqjmTZ%3ANQsRHxWFBAnQOih2wY9bieYhqi4&amp;cuid=4952977\" target=\"_blank\" rel=\"noopener\">Filehoster: OneDrive</a> (Uploaded by DyR0 t(-_-t), NOT compatible with other mirrors)</li><li><a href=\"https://crackhub.site/beyond-a-steel-sky-aspiration-day-collection-v1-5-29158-bonus-content-fitgirl-repack/\" target=\"_blank\" rel=\"noopener\">Filehosters: Google Drive, OneDrive + others</a> (Uploaded by crackhub213)</li></ul><p><a href=\"https://cs.rin.ru/forum/viewtopic.php?f=10&amp;t=99942\" target=\"_blank\" rel=\"noopener\">Discussion and (possible) future updates on CS.RIN.RU thread</a></p><h3>Screenshots (Click to enlarge)</h3><p><a target=\"_blank\" href=\"https://en.riotpixels.com/games/beyond-a-steel-sky/screenshots/18/?utm_source=emb-gfx-html&amp;utm_medium=image&amp;utm_campaign=rp-mass\" rel=\"noopener\"><img loading=\"lazy\" width=\"178\" height=\"100\" border=\"0\" src=\"https://s01.riotpixels.net/data/d8/ea/d8ea137b-bc46-4c2a-b280-d668e6e1f221.jpg.240p.jpg\"></a><a target=\"_blank\" href=\"https://en.riotpixels.com/games/beyond-a-steel-sky/screenshots/15/?utm_source=emb-gfx-html&amp;utm_medium=image&amp;utm_campaign=rp-mass\" rel=\"noopener\"><img loading=\"lazy\" width=\"178\" height=\"100\" border=\"0\" src=\"https://s01.riotpixels.net/data/a1/d5/a1d56a44-3328-4fcf-be08-6b5c11bd0c94.jpg.240p.jpg\"></a><a target=\"_blank\" href=\"https://en.riotpixels.com/games/beyond-a-steel-sky/screenshots/11/?utm_source=emb-gfx-html&amp;utm_medium=image&amp;utm_campaign=rp-mass\" rel=\"noopener\"><img loading=\"lazy\" width=\"178\" height=\"100\" border=\"0\" src=\"https://s01.riotpixels.net/data/94/1f/941fdc75-a5a3-4259-b627-6da97c69dc22.jpg.240p.jpg\"></a><br><a target=\"_blank\" href=\"https://en.riotpixels.com/games/beyond-a-steel-sky/screenshots/9/?utm_source=emb-gfx-html&amp;utm_medium=image&amp;utm_campaign=rp-mass\" rel=\"noopener\"><img loading=\"lazy\" width=\"178\" height=\"100\" border=\"0\" src=\"https://s01.riotpixels.net/data/83/19/83192a0d-9024-4e49-a84c-9c7d18bc58c7.jpg.240p.jpg\"></a><a target=\"_blank\" href=\"https://en.riotpixels.com/games/beyond-a-steel-sky/screenshots/6/?utm_source=emb-gfx-html&amp;utm_medium=image&amp;utm_campaign=rp-mass\" rel=\"noopener\"><img loading=\"lazy\" width=\"178\" height=\"100\" border=\"0\" src=\"https://s01.riotpixels.net/data/64/d5/64d5c719-4e3e-470e-8d77-4ad4c4134e8e.jpg.240p.jpg\"></a><a target=\"_blank\" href=\"https://en.riotpixels.com/games/beyond-a-steel-sky/screenshots/1/?utm_source=emb-gfx-html&amp;utm_medium=image&amp;utm_campaign=rp-mass\" rel=\"noopener\"><img loading=\"lazy\" width=\"178\" height=\"100\" border=\"0\" src=\"https://s01.riotpixels.net/data/b9/aa/b9aa9082-5fc6-48d5-8e3e-c3f3dcbe0c91.jpg.240p.jpg\"></a></p><h3>Repack Features</h3><ul><li>Based on Beyond.a.Steel.Sky.v1.5.29158-PLAZA ISO release: plaza-beyond.a.steel.sky.v1.5.29158.iso (16,952,000,512 bytes)</li><li>Bonus comic book and soundtrack included</li><li>100% Lossless &amp; MD5 Perfect: all files are identical to originals after installation</li><li>NOTHING ripped, NOTHING re-encoded</li><li>Selective Download feature: you may skip downloading and installing of bonus content and voiceovers you don\u2019t need</li><li>Significantly smaller archive size (compressed from 15.8 to 9.5~10.2 GB, depending on selected components)</li><li>Installation takes: ~12 minutes on 16-threads CPU; ~22 minutes on 8-threads CPU; ~38 minutes on 4-threads CPU</li><li>After-install integrity check so you could make sure that everything installed properly</li><li>HDD space after installation: up to 15.6 GB</li><li>Language can be changed in game settings</li><li>Repack uses XTool library by Razor12911</li><li>If you experience XINPUT1_4.dll error upon game launch, run \u201cFix XINPUT1_4.dll error.bat\u201d in game root once, then run the game again</li><li>At least 2 GB of free RAM (inc. virtual) required for installing this repack</li></ul><div ><div><h2>Game Description</h2></div><div >From Charles Cecil, creator of the Broken Sword series, with art direction by Dave Gibbons, legendary comic book artist behind \u2018Watchmen\u2019, comes \u2018Beyond A Steel Sky\u2019, the long awaited sequel to the cult classic \u2018Beneath a Steel Sky\u2019.<p>You are Robert Foster. A child has been abducted in a brutal attack. You have vowed to bring him home. The trail has led you to Union City, one of the last remaining mega-cities in a world ravaged by shattering wars, and political meltdown.</p><p>Union City is a utopia, its people loving life under the control of an altruistic AI: ever-attentive androids, designer living, piazzas and bars. What\u2019s not to love? But this City has a dark underbelly\u2026</p><p>\u2018Beyond a Steel Sky\u2019 is a dramatic, humorous, cyberpunk thriller in which engaging puzzles drive a fast-paced narrative set in a dynamic gameworld that responds to \u2013 and is subverted by \u2013 the player\u2019s actions.</p></div></div><p><b>Backwards Compatibility</b></p><p>This repack IS slightly backwards compatible with my previous BOSS repack. You can rehash the following files to save up to 885 MB of traffic.</p><ul><li>fg-optional-bonus-content.bin</li><li>fg-selective-english.bin</li><li>fg-selective-french.bin</li><li>fg-selective-german.bin</li></ul>             </div>"
}