{
    "link": "https://fitgirl-repacks.site/bionite-origins/",
    "title": "Bionite: Origins",
    "first_img": "https://i2.imageban.ru/out/2021/11/07/ef9b5290ac825242540bcb39c563d6d9.jpg",
    "second_img": "https://s01.riotpixels.net/data/c1/40/c140300d-ac5a-4982-ac75-5ebf0206b0eb.jpg.240p.jpg",
    "body": "<div ><h2>Bionite: Origins</h2><p ><div><a target=\"_blank\" href=\"https://en.riotpixels.com/games/bionite-origins/\" rel=\"noopener\"><img class=\"alignleft\" width=\"150\" src=\"https://i2.imageban.ru/out/2021/11/07/ef9b5290ac825242540bcb39c563d6d9.jpg\"></a></div><br>Genres/Tags: <strong>Action, First-person, 3D</strong><br>Company: <strong>Platoon Studios</strong><br>Language: <strong>ENG</strong><br>Original Size: <strong>2.2 GB</strong><br>Repack Size: <strong>1.1 GB</strong></p>&nbsp;<div>&nbsp;</div><h3>Download Mirrors</h3><ul><li><a href=\"https://1337x.to/torrent/5043030/Bionite-Origins-FitGirl-Repack/\" target=\"_blank\" rel=\"noopener\">1337x</a> | [<a href=\"magnet:?xt=urn:btih:F6D2EC555AD3CB7FE21DF75700CCBF0E9A996A28&amp;dn=Bionite%3A+Origins+%5BFitGirl+Repack%5D&amp;tr=udp%3A%2F%2F46.148.18.250%3A2710&amp;tr=udp%3A%2F%2Fopentor.org%3A2710&amp;tr=udp%3A%2F%2Ftracker.coppersurfer.tk%3A6969%2Fannounce&amp;tr=udp%3A%2F%2Ftracker.opentrackr.org%3A1337%2Fannounce&amp;tr=http%3A%2F%2Ftracker.dler.org%3A6969%2Fannounce&amp;tr=udp%3A%2F%2Ftracker.leechers-paradise.org%3A6969%2Fannounce&amp;tr=udp%3A%2F%2F9.rarbg.me%3A2730%2Fannounce&amp;tr=udp%3A%2F%2F9.rarbg.to%3A2770%2Fannounce&amp;tr=udp%3A%2F%2Ftracker.pirateparty.gr%3A6969%2Fannounce&amp;tr=http%3A%2F%2Fretracker.local%2Fannounce&amp;tr=http%3A%2F%2Fretracker.ip.ncnet.ru%2Fannounce&amp;tr=udp%3A%2F%2Fexodus.desync.com%3A6969%2Fannounce&amp;tr=udp%3A%2F%2Fipv4.tracker.harry.lu%3A80%2Fannounce&amp;tr=udp%3A%2F%2Fopen.stealth.si%3A80%2Fannounce&amp;tr=udp%3A%2F%2Ftracker.zer0day.to%3A1337%2Fannounce&amp;tr=udp%3A%2F%2Ftracker.leechers-paradise.org%3A6969%2Fannounce&amp;tr=udp%3A%2F%2Fcoppersurfer.tk%3A6969%2Fannounce\">magnet</a>] [<a href=\"https://pastefg.hermietkreeft.site/?7cb06ec3fb612f1c#Frpb7XGVXHkXYKxupMMHqWKNJkvY4hxb3wKGJkXcc6vB\" target=\"_blank\" rel=\"noopener\">.torrent file only</a>] <br><img src=\"https://torrent-stats.info/f757/47d08c61c.png\" style=\"display:block;clear:both\"></li><li><a href=\"https://tapochek.net/viewtopic.php?p=2810341\" target=\"_blank\" rel=\"noopener\">Tapochek.net</a></li><li><a href=\"https://pastefg.hermietkreeft.site/?f4817e5b0b92743e#2q2By9iaAHCqVppUcsQPzcjmtRzhnvM2Yks5iYHRKEh2\" target=\"_blank\" rel=\"noopener\">Filehoster: MultiUpload</a> (10+ hosters, interchangeable) [Use <a href=\"http://jdownloader.org/jdownloader2\" target=\"_blank\" rel=\"noopener\">JDownloader2</a>]</li><li><a href=\"https://pastefg.hermietkreeft.site/?a466cbb3b08fdc61#6QZBw3fZxpk1hxjXM14ThE9CBNCEHJtijNQtwSZK2pZo\" target=\"_blank\" rel=\"noopener\">Filehoster: ZippyShare</a></li><li><a href=\"https://pastefg.hermietkreeft.site/?d6e8de5a21d3de50#Grt8DuZxtDG9LoyxjyZM2UmBgqnpXo84wirCgH9LhGeN\" target=\"_blank\" rel=\"noopener\">Filehoster: BayFiles</a></li><li><a href=\"https://pastefg.hermietkreeft.site/?ca8a3d053ea8ace5#2yXzGvKobHLyxF9yuUsMyvxovkyiJitDztNPbU7w1ZDn\" target=\"_blank\" rel=\"noopener\">Filehoster: LetsUpload</a> [Use <a href=\"http://jdownloader.org/jdownloader2\" target=\"_blank\" rel=\"noopener\">JDownloader2</a>]</li><li><a href=\"https://pastefg.hermietkreeft.site/?3340a6ad9702e060#Dna2TfXGmSqaUj8mUvQBFbQniNPYAEWo1ztcQom1XH8r\" target=\"_blank\" rel=\"noopener\">Filehoster: OneDrive</a> (Uploaded by DyR0 t(-_-t), NOT compatible with other mirrors)</li><p><!--  <li><a href=\"\" target=\"_blank\" rel=\"noopener\">Filehosters: Google Drive, OneDrive + others</a> (Uploaded by crackhub213)</li>  --></p></ul><p><a href=\"https://cs.rin.ru/forum/viewtopic.php?f=10&amp;t=117040\" target=\"_blank\" rel=\"noopener\">Discussion and (possible) future updates on CS.RIN.RU thread</a></p><h3>Screenshots (Click to enlarge)</h3><p><a target=\"_blank\" href=\"https://en.riotpixels.com/games/bionite-origins/screenshots/6/?utm_source=emb-gfx-html&amp;utm_medium=image&amp;utm_campaign=rp-mass\" rel=\"noopener\"><img loading=\"lazy\" width=\"178\" height=\"100\" border=\"0\" src=\"https://s01.riotpixels.net/data/c1/40/c140300d-ac5a-4982-ac75-5ebf0206b0eb.jpg.240p.jpg\"></a><a target=\"_blank\" href=\"https://en.riotpixels.com/games/bionite-origins/screenshots/5/?utm_source=emb-gfx-html&amp;utm_medium=image&amp;utm_campaign=rp-mass\" rel=\"noopener\"><img loading=\"lazy\" width=\"166\" height=\"100\" border=\"0\" src=\"https://s01.riotpixels.net/data/83/ff/83fffb87-a848-4cd5-87ab-4f63b528d3f4.jpg.240p.jpg\"></a><a target=\"_blank\" href=\"https://en.riotpixels.com/games/bionite-origins/screenshots/4/?utm_source=emb-gfx-html&amp;utm_medium=image&amp;utm_campaign=rp-mass\" rel=\"noopener\"><img loading=\"lazy\" width=\"166\" height=\"100\" border=\"0\" src=\"https://s01.riotpixels.net/data/31/e3/31e35ea9-1e4f-4ad1-8d80-89f60b398782.jpg.240p.jpg\"></a><br><a target=\"_blank\" href=\"https://en.riotpixels.com/games/bionite-origins/screenshots/3/?utm_source=emb-gfx-html&amp;utm_medium=image&amp;utm_campaign=rp-mass\" rel=\"noopener\"><img loading=\"lazy\" width=\"166\" height=\"100\" border=\"0\" src=\"https://s01.riotpixels.net/data/77/cd/77cd5c82-0353-4268-a204-c5292fa08713.jpg.240p.jpg\"></a><a target=\"_blank\" href=\"https://en.riotpixels.com/games/bionite-origins/screenshots/2/?utm_source=emb-gfx-html&amp;utm_medium=image&amp;utm_campaign=rp-mass\" rel=\"noopener\"><img loading=\"lazy\" width=\"178\" height=\"100\" border=\"0\" src=\"https://s01.riotpixels.net/data/7f/14/7f14a73a-0a58-4233-a7eb-bf0f197681ed.jpg.240p.jpg\"></a><a target=\"_blank\" href=\"https://en.riotpixels.com/games/bionite-origins/screenshots/1/?utm_source=emb-gfx-html&amp;utm_medium=image&amp;utm_campaign=rp-mass\" rel=\"noopener\"><img loading=\"lazy\" width=\"166\" height=\"100\" border=\"0\" src=\"https://s01.riotpixels.net/data/63/b3/63b3dd4c-0dd8-4cfa-8978-9c0e45e6378e.jpg.240p.jpg\"></a></p><h3>Repack Features</h3><ul><li>Based on Bionite.Origins-PLAZA ISO release: plaza-bionite.origins.iso (2,331,410,432 bytes)</li><li>100% Lossless &amp; MD5 Perfect: all files are identical to originals after installation</li><li>NOTHING ripped, NOTHING re-encoded</li><li>Significantly smaller archive size (compressed from 2.2 to 1.1 GB)</li><li>Installation takes 2-3 minutes (depending on your system)</li><li>After-install integrity check so you could make sure that everything installed properly</li><li>HDD space after installation: 8.4 GB</li><li>Repack uses XTool library by Razor12911</li><li>At least 2 GB of free RAM (inc. virtual) required for installing this repack</li></ul><div ><div><h2>Game Description</h2></div><div >Bionite: Origins is a tactical shooter game based on vehicles. The game uses a combination of aircraft and tank physics to produce a unique gaming experience based on hover propulsion. This game is all about tactics. Gamers that want to be challenged on their ability to coordinate AND participate in combat need to check this game out. Bionite: Origins simulates a real time battlefield using a multitude of vehicles and characters. Players can participate as Commanders or Pilots. Commanders can: build bases, manage resources, command troops, coordinate and issue orders, assign assets to other players, and participate in battle in first person. Commanders can also use a \u201ccommand view\u2019 that is an articulating satellite view for quick and efficient base building and executing battlefield tactics. Pilots can drive various vehicles or play as a character, with a seamless transition into or out of the tank cockpits. Pilots do not have any commanding abilities however wingmen can be assigned to their squad by the Commander. Once a wingman has been assigned to a Pilot, that player can issue orders and command only the wingmen in their squad.<p>The game is designed for online head to head games of 1 vs 1, however games can consist of up to 8 player on each team. Also included are a set of singleplayer missions that introduce new players to the command system. During the missions players can learn more about what Bionite and Spectralite are and how to use them during a multiplayer match. The missions also teach players how to issue commands to the various vehicles to set up bases, defend assets, and attack enemies. This game is not for people with short attention spans!!</p></div></div>             </div>"
}