{
    "link": "https://fitgirl-repacks.site/black-book/",
    "title": "Black Book: Deluxe Edition \u2013 BuildID 8229654 + 2 DLCs",
    "first_img": "https://i4.imageban.ru/out/2021/08/11/60815dd6c5a47d48b8c425cf2a11e55c.jpg",
    "second_img": "https://s01.riotpixels.net/data/4d/a7/4da76d04-30a6-4083-b376-a2d158b14173.jpg.240p.jpg",
    "body": "<div ><h2>Black Book: Deluxe Edition \u2013 BuildID 8229654 + 2 DLCs</h2><p ><div><a target=\"_blank\" href=\"https://en.riotpixels.com/games/black-book/\" rel=\"noopener\"><img class=\"alignleft\" width=\"150\" src=\"https://i4.imageban.ru/out/2021/08/11/60815dd6c5a47d48b8c425cf2a11e55c.jpg\"></a></div><br>Genres/Tags: <strong>Adventure, RPG, 3D</strong><br>Companies: <strong>Morteshka, HypeTrain Digital</strong><br>Languages: <strong>RUS/ENG/MULTI3</strong><br>Original Size: <strong>2.6 GB</strong><br>Repack Size: <strong>from 1 GB</strong> [Selective Download]</p>&nbsp;<div>&nbsp;</div><h3>Download Mirrors</h3><ul><li><a href=\"https://1337x.to/torrent/5155345/Black-Book-Deluxe-Edition-BuildID-8229654-2-DLCs-MULTi3-FitGirl-Repack-Selective-Download-from-1-GB/\" target=\"_blank\" rel=\"noopener\">1337x</a> | [<a href=\"magnet:?xt=urn:btih:8C69155EF78D8734BD810847B92DD99025714851&amp;dn=Black+Book%3A+Deluxe+Edition+%28BuildID+8229654+%2B+2+DLCs%2C+MULTi3%29+%5BFitGirl+Repack%2C+Selective+Download+-+from+1+GB%5D&amp;tr=udp%3A%2F%2F46.148.18.250%3A2710&amp;tr=udp%3A%2F%2Fopentor.org%3A2710&amp;tr=udp%3A%2F%2Ftracker.coppersurfer.tk%3A6969%2Fannounce&amp;tr=udp%3A%2F%2Ftracker.opentrackr.org%3A1337%2Fannounce&amp;tr=http%3A%2F%2Ftracker.dler.org%3A6969%2Fannounce&amp;tr=udp%3A%2F%2Ftracker.leechers-paradise.org%3A6969%2Fannounce&amp;tr=udp%3A%2F%2F9.rarbg.me%3A2730%2Fannounce&amp;tr=udp%3A%2F%2F9.rarbg.to%3A2770%2Fannounce&amp;tr=udp%3A%2F%2Ftracker.pirateparty.gr%3A6969%2Fannounce&amp;tr=http%3A%2F%2Fretracker.local%2Fannounce&amp;tr=http%3A%2F%2Fretracker.ip.ncnet.ru%2Fannounce&amp;tr=udp%3A%2F%2Fexodus.desync.com%3A6969%2Fannounce&amp;tr=udp%3A%2F%2Fipv4.tracker.harry.lu%3A80%2Fannounce&amp;tr=udp%3A%2F%2Fopen.stealth.si%3A80%2Fannounce&amp;tr=udp%3A%2F%2Ftracker.zer0day.to%3A1337%2Fannounce&amp;tr=udp%3A%2F%2Ftracker.leechers-paradise.org%3A6969%2Fannounce&amp;tr=udp%3A%2F%2Fcoppersurfer.tk%3A6969%2Fannounce\">magnet</a>] [<a href=\"https://pastefg.hermietkreeft.site/?acd9b09b1b6cdae6#ABHEEudcvKQQnr7pLLDdpKJ1AE6v5KYKAHWF5MyMBJgX\" target=\"_blank\" rel=\"noopener\">.torrent file only</a>] <br><img src=\"https://torrent-stats.info/0847/277f1946.png\" style=\"display:block;clear:both\"></li><li><a href=\"http://rutor.info/torrent/863530/black-book-deluxe-edition-build-8229654-dlcs-2021-pc-repack-ot-fitgirl\" target=\"_blank\" rel=\"noopener\">RuTor</a> [<a href=\"magnet:?xt=urn:btih:8c69155ef78d8734bd810847b92dd99025714851&amp;dn=rutor.info_Black+Book%3A+Deluxe+Edition+%5BBuild+8229654+%2B+DLCs%5D+%282021%29+PC+%7C+RePack+%D0%BE%D1%82+FitGirl&amp;tr=udp://opentor.net:6969&amp;tr=udp://opentor.org:2710&amp;tr=http://retracker.local/announce\">magnet</a>]</li><li><a href=\"https://tapochek.net/viewtopic.php?p=2793986\" target=\"_blank\" rel=\"noopener\">Tapochek.net</a></li><li><a href=\"https://pastefg.hermietkreeft.site/?3351bdfa1ba6fcd2#9EjjM4WbWnGsPHCK24adKoWb8h818QkcxML7ct7KsDZ4\" target=\"_blank\" rel=\"noopener\">Filehoster: MultiUpload</a> (10+ hosters, interchangeable) [Use <a href=\"http://jdownloader.org/jdownloader2\" target=\"_blank\" rel=\"noopener\">JDownloader2</a>]</li><li><a href=\"https://pastefg.hermietkreeft.site/?46f124f3b344cc93#HrjjqbcfDT9MWFpm8Hovr3TboBZBZBECViPAETbt852g\" target=\"_blank\" rel=\"noopener\">Filehoster: ZippyShare</a></li><li><a href=\"https://pastefg.hermietkreeft.site/?d1c999d2e52c207b#BsR6xDx4rNTC9r6NvmaguconCgvxfv1z2V1tdhaifwiW\" target=\"_blank\" rel=\"noopener\">Filehoster: BayFiles</a></li><li><a href=\"https://pastefg.hermietkreeft.site/?f38411fdc0df5fc6#A31FybSh7t6JYqKYEjCEcEVZgo3x79kiDft9yRfDqkuL\" target=\"_blank\" rel=\"noopener\">Filehoster: OneDrive</a> (Uploaded by DyR0 t(-_-t), NOT compatible with other mirrors)</li><li><a href=\"https://crackhub.site/black-book-deluxe-edition-buildid-8229654-2-dlcs-fitgirl-repack/\" target=\"_blank\" rel=\"noopener\">Filehosters: Google Drive, OneDrive + others</a> (Uploaded by crackhub213)</li></ul><p><a href=\"https://cs.rin.ru/forum/viewtopic.php?f=10&amp;t=99343\" target=\"_blank\" rel=\"noopener\">Discussion and (possible) future updates on CS.RIN.RU thread</a></p><h3>Screenshots (Click to enlarge)</h3><p><a target=\"_blank\" href=\"https://en.riotpixels.com/games/black-book/screenshots/9/?utm_source=emb-gfx-html&amp;utm_medium=image&amp;utm_campaign=rp-mass\" rel=\"noopener\"><img loading=\"lazy\" width=\"178\" height=\"100\" border=\"0\" src=\"https://s01.riotpixels.net/data/4d/a7/4da76d04-30a6-4083-b376-a2d158b14173.jpg.240p.jpg\"></a><a target=\"_blank\" href=\"https://en.riotpixels.com/games/black-book/screenshots/8/?utm_source=emb-gfx-html&amp;utm_medium=image&amp;utm_campaign=rp-mass\" rel=\"noopener\"><img loading=\"lazy\" width=\"178\" height=\"100\" border=\"0\" src=\"https://s01.riotpixels.net/data/70/56/70567735-c9fe-4327-bc4d-a6fd80fdaece.jpg.240p.jpg\"></a><a target=\"_blank\" href=\"https://en.riotpixels.com/games/black-book/screenshots/7/?utm_source=emb-gfx-html&amp;utm_medium=image&amp;utm_campaign=rp-mass\" rel=\"noopener\"><img loading=\"lazy\" width=\"178\" height=\"100\" border=\"0\" src=\"https://s01.riotpixels.net/data/e5/e6/e5e6b4a2-67e0-4cc8-94de-3df3606a06e0.jpg.240p.jpg\"></a><br><a target=\"_blank\" href=\"https://en.riotpixels.com/games/black-book/screenshots/6/?utm_source=emb-gfx-html&amp;utm_medium=image&amp;utm_campaign=rp-mass\" rel=\"noopener\"><img loading=\"lazy\" width=\"178\" height=\"100\" border=\"0\" src=\"https://s01.riotpixels.net/data/fc/4b/fc4bad28-c7ad-436b-ad85-58a3d50a9e0c.jpg.240p.jpg\"></a><a target=\"_blank\" href=\"https://en.riotpixels.com/games/black-book/screenshots/4/?utm_source=emb-gfx-html&amp;utm_medium=image&amp;utm_campaign=rp-mass\" rel=\"noopener\"><img loading=\"lazy\" width=\"178\" height=\"100\" border=\"0\" src=\"https://s01.riotpixels.net/data/15/44/15442e24-2459-4b07-a210-cf7a6d9dc008.jpg.240p.jpg\"></a><a target=\"_blank\" href=\"https://en.riotpixels.com/games/black-book/screenshots/3/?utm_source=emb-gfx-html&amp;utm_medium=image&amp;utm_campaign=rp-mass\" rel=\"noopener\"><img loading=\"lazy\" width=\"178\" height=\"100\" border=\"0\" src=\"https://s01.riotpixels.net/data/ef/a8/efa8f6ad-e7ed-4e2d-b2be-1dfb9a794b2b.jpg.240p.jpg\"></a></p><h3>Repack Features</h3><ul><li>Based on Black.Book.Endless.Battles-PLAZA ISO release: plaza-black.book.endless.battles.iso (2,750,021,632 bytes)</li><li>Game version: BuildID 8229654; 2 DLCs (Supporter Pack &amp; Battle Mode) are included and activated</li><li>100% Lossless &amp; MD5 Perfect: all files are identical to originals after installation</li><li>NOTHING ripped, NOTHING re-encoded</li><li>Selective Download feature: you may skip downloading and installing of English and/or Russian voiceovers and bonus content (OST, Wallpapers, ArtBook)</li><li>I highly recommend to play this game with Russian voiceovers</li><li>Significantly smaller archive size (compressed from 2.6 GB to 1~1.8 GB)</li><li>Installation takes 3-7 minutes (depending on your system and selected components)</li><li>After-install integrity check so you could make sure that everything installed properly</li><li>HDD space after installation: up to 3 GB (4.7 GB during installation)</li><li>Language can be changed in game settings</li><li>At least 2 GB of free RAM (inc. virtual) required for installing this repack</li></ul><div ><div><h2>Game Description</h2></div><div >A fusion of card-based RPGs and Adventure games, \u201cBlack Book\u201d is a haunting tale of a young sorceress, who gave her life to serve the dark forces. Dive into the cold, yet alluring world of Slavic folktales \u2013 and uncover the secrets that hide in the darkness.<p>A young girl named Vasilisa, destined to become a witch, decides to throw her fate away and marry her beloved \u2013 but that dream is shattered when her betrothed dies under mysterious circumstances.</p><p>Aching for her lost love, Vasilisa seeks out the Black Book \u2013 a demonic artifact, said to be powerful enough to grant any wish to the one who uncovers all 7 of its seals. Join Vasilisa in her adventures across the rural countryside, as she solves the woes of common folk by confronting demons and performing exorcisms.</p><p><b><h3>Game Features</h3></b></p><ul><li><b>Uncover the seals of Black Book:</b> Unleash hellish spells on your enemies! Collect spell cards and new skills as you progress.</li><li><b>A Historic Adventure:</b> Solve riddles and complete side-quests as you learn more about life in the Slavic countryside.</li><li><b>Lead a Demonic Flock:</b> Send demons to do your bidding, but be careful \u2013 idle demons will torture you if you don\u2019t find them something to do!</li><li><b>Myths and legends:</b> Explore a world based on Northern Slavic mythology. Learn from an in-game encyclopedia, created with the help of expert anthropologists \u2013 and find all folk tales hidden within the game!</li></ul></div></div><p><b>Backwards Compatibility</b></p><p>This repack IS NOT backwards compatible with my previous BB repacks.</p>             </div>"
}