{
    "link": "https://fitgirl-repacks.site/blackthorn-arena/",
    "title": "Blackthorn Arena: Game of the year Edition \u2013 v2.0 HotFix (BuildID 7113975) + 3 DLCs",
    "first_img": "https://i7.imageban.ru/out/2021/07/31/996563a7439455d892110ec78b07fcdf.jpg",
    "second_img": "https://s01.riotpixels.net/data/b4/8f/b48f8225-3398-48e4-8252-924f6cc151bd.jpg.240p.jpg",
    "body": "<div ><h2>Blackthorn Arena: Game of the year Edition \u2013 v2.0 HotFix (BuildID 7113975) + 3 DLCs</h2><p ><div><a target=\"_blank\" href=\"http://en.riotpixels.com/games/blackthorn-arena/\" rel=\"noopener\"><img class=\"alignleft\" width=\"150\" src=\"https://i7.imageban.ru/out/2021/07/31/996563a7439455d892110ec78b07fcdf.jpg\"></a></div><br>Genres/Tags: <strong>Managerial, 3D</strong><br>Companies: <strong>Personae Game Studio, CreativeForge Games</strong><br>Languages: <strong>RUS/ENG/MULTi10</strong><br>Original Size: <strong>19 GB</strong><br>Repack Size: <strong>10.4 GB</strong></p>&nbsp;<div>&nbsp;</div><h3>Download Mirrors</h3><ul><li><a href=\"https://1337x.to/torrent/4939078/Blackthorn-Arena-Game-of-the-year-Edition-v2-0-HotFix-7113975-3-DLCs-MULTi10-FitGirl-Repack/\" target=\"_blank\" rel=\"noopener\">1337x</a> | [<a href=\"magnet:?xt=urn:btih:91DE9E281A59456E09291D5EA8D806D316FDA578&amp;dn=Blackthorn+Arena%3A+Game+of+the+year+Edition+%28v2.0+HotFix%2F7113975+%2B+3+DLCs%2C+MULTi10%29+%5BFitGirl+Repack%5D&amp;tr=udp%3A%2F%2F46.148.18.250%3A2710&amp;tr=udp%3A%2F%2Fopentor.org%3A2710&amp;tr=udp%3A%2F%2Ftracker.coppersurfer.tk%3A6969%2Fannounce&amp;tr=udp%3A%2F%2Ftracker.opentrackr.org%3A1337%2Fannounce&amp;tr=http%3A%2F%2Ftracker.dler.org%3A6969%2Fannounce&amp;tr=udp%3A%2F%2Ftracker.leechers-paradise.org%3A6969%2Fannounce&amp;tr=udp%3A%2F%2F9.rarbg.me%3A2730%2Fannounce&amp;tr=udp%3A%2F%2F9.rarbg.to%3A2770%2Fannounce&amp;tr=udp%3A%2F%2Ftracker.pirateparty.gr%3A6969%2Fannounce&amp;tr=http%3A%2F%2Fretracker.local%2Fannounce&amp;tr=http%3A%2F%2Fretracker.ip.ncnet.ru%2Fannounce&amp;tr=udp%3A%2F%2Fexodus.desync.com%3A6969%2Fannounce&amp;tr=udp%3A%2F%2Fipv4.tracker.harry.lu%3A80%2Fannounce&amp;tr=udp%3A%2F%2Fopen.stealth.si%3A80%2Fannounce&amp;tr=udp%3A%2F%2Ftracker.zer0day.to%3A1337%2Fannounce&amp;tr=udp%3A%2F%2Ftracker.leechers-paradise.org%3A6969%2Fannounce&amp;tr=udp%3A%2F%2Fcoppersurfer.tk%3A6969%2Fannounce\">magnet</a>] [<a href=\"https://pastefg.hermietkreeft.site/?dbbcbf82f493872d#B8wjB1LVQwimDJtddFGRNyjuPdWXdPAPMUD7jbamaskN\" target=\"_blank\" rel=\"noopener\">.torrent file only</a>] <br><img src=\"https://torrent-stats.info/1d5e/85258dca.png\" style=\"display:block;clear:both\"></li><li><a href=\"http://rutor.info/torrent/827788/blackthorn-arena-game-of-the-year-edition-v-2.0-hotfix/7113975-dlcs-2020-pc-repack-ot-fitgirl\" target=\"_blank\" rel=\"noopener\">RuTor</a> [<a href=\"magnet:?xt=urn:btih:91de9e281a59456e09291d5ea8d806d316fda578&amp;dn=rutor.info_Blackthorn+Arena%3A+Game+of+the+year+Edition+%5Bv+2.0+HotFix%2F7113975+%2B+DLCs%5D+%282020%29+PC+%7C+RePack+%D0%BE%D1%82+FitGirl&amp;tr=udp://opentor.org:2710&amp;tr=udp://opentor.org:2710&amp;tr=http://retracker.local/announce\">magnet</a>]</li><li><a href=\"https://tapochek.net/viewtopic.php?p=2682619\" target=\"_blank\" rel=\"noopener\">Tapochek.net</a></li><li><a href=\"https://pastefg.hermietkreeft.site/?46e6c593a524ef35#AbxdNTzK6EnCVFsEyRszUeWS6c8RKN8G1nqD3ENfXcEp\" target=\"_blank\" rel=\"noopener\">Filehoster: MultiUpload</a> (10+ hosters, interchangeable) [Use <a href=\"http://jdownloader.org/jdownloader2\" target=\"_blank\" rel=\"noopener\">JDownloader2</a>]</li><li><a href=\"https://pastefg.hermietkreeft.site/?7cfc8c769b492874#4mX25T5KqzDock2Yx3pmhv9BLBjdhfNvom6Ni7kFxwxy\" target=\"_blank\" rel=\"noopener\">Filehoster: PixelDrain</a></li><li><a href=\"https://pastefg.hermietkreeft.site/?e57270c3ff658a02#6WFToczrCgN9RqJby5y7pGBX464pJNBSHq4K6dYt1JBz\" target=\"_blank\" rel=\"noopener\">Filehoster: ZippyShare</a></li><li><a href=\"https://pastefg.hermietkreeft.site/?09ede486b9fea607#9jCNN8KckexmUtkoQ19Axzb8hevUv7xeeidFyRheUk18\" target=\"_blank\" rel=\"noopener\">Filehoster: LetsUpload</a> [Use <a href=\"http://jdownloader.org/jdownloader2\" target=\"_blank\" rel=\"noopener\">JDownloader2</a>]</li><li><a href=\"https://crackhub.site/blackthorn-arena-game-of-the-year-edition-v2-0-hotfix-buildid-7113975-3-dlcs-fitgirl-repack/\" target=\"_blank\" rel=\"noopener\">Filehosters: Google Drive, OneDrive + others</a> (Uploaded by crackhub213)</li><li><a href=\"https://pastefg.hermietkreeft.site/?d0970fdadfd07874#C1wXL75YiVJfiu5v3TeALTT733thUw1EPL83G7CcH5bH\" target=\"_blank\" rel=\"noopener\">Filehoster: OneDrive</a> (Uploaded by DyR0 t(-_-t), NOT compatible with other mirrors)</li></ul><p><a href=\"https://cs.rin.ru/forum/viewtopic.php?f=10&amp;t=105092\" target=\"_blank\" rel=\"noopener\">Discussion and (possible) future updates on CS.RIN.RU thread</a></p><h3>Screenshots (Click to enlarge)</h3><p><a target=\"_blank\" href=\"http://en.riotpixels.com/games/blackthorn-arena/screenshots/13/?utm_source=emb-gfx-html&amp;utm_medium=image&amp;utm_campaign=rp-mass\" rel=\"noopener\"><img loading=\"lazy\" width=\"178\" height=\"100\" border=\"0\" src=\"https://s01.riotpixels.net/data/b4/8f/b48f8225-3398-48e4-8252-924f6cc151bd.jpg.240p.jpg\"></a><a target=\"_blank\" href=\"http://en.riotpixels.com/games/blackthorn-arena/screenshots/10/?utm_source=emb-gfx-html&amp;utm_medium=image&amp;utm_campaign=rp-mass\" rel=\"noopener\"><img loading=\"lazy\" width=\"178\" height=\"100\" border=\"0\" src=\"https://s01.riotpixels.net/data/c8/4c/c84c5165-f98f-469d-8091-1086b42d7ec7.jpg.240p.jpg\"></a><a target=\"_blank\" href=\"http://en.riotpixels.com/games/blackthorn-arena/screenshots/6/?utm_source=emb-gfx-html&amp;utm_medium=image&amp;utm_campaign=rp-mass\" rel=\"noopener\"><img loading=\"lazy\" width=\"178\" height=\"100\" border=\"0\" src=\"https://s01.riotpixels.net/data/48/3e/483ee940-c441-4b80-a297-d60fe5aca63d.jpg.240p.jpg\"></a><br><a target=\"_blank\" href=\"http://en.riotpixels.com/games/blackthorn-arena/screenshots/5/?utm_source=emb-gfx-html&amp;utm_medium=image&amp;utm_campaign=rp-mass\" rel=\"noopener\"><img loading=\"lazy\" width=\"178\" height=\"100\" border=\"0\" src=\"https://s01.riotpixels.net/data/0d/44/0d44efa1-2b52-4a72-8cb0-519304b9f461.jpg.240p.jpg\"></a><a target=\"_blank\" href=\"http://en.riotpixels.com/games/blackthorn-arena/screenshots/4/?utm_source=emb-gfx-html&amp;utm_medium=image&amp;utm_campaign=rp-mass\" rel=\"noopener\"><img loading=\"lazy\" width=\"177\" height=\"100\" border=\"0\" src=\"https://s01.riotpixels.net/data/e3/83/e3838521-05fb-4b01-9338-d4624eb0eb2d.jpg.240p.jpg\"></a><a target=\"_blank\" href=\"http://en.riotpixels.com/games/blackthorn-arena/screenshots/1/?utm_source=emb-gfx-html&amp;utm_medium=image&amp;utm_campaign=rp-mass\" rel=\"noopener\"><img loading=\"lazy\" width=\"178\" height=\"100\" border=\"0\" src=\"https://s01.riotpixels.net/data/72/14/7214f3b8-9095-4006-a180-2559f09f5a2d.jpg.240p.jpg\"></a></p><h3>Repack Features</h3><ul><li>Based on Steam release, BuildID 7113975 from July 30, 2021: 19 GB</li><li>CODEX crack/emulator applied over</li><li>Game version is v2.0 HotFix (BuildID 7113975), 3 DLCs (Gods of War, Path of Kiren &amp; The Roar from the North) are included and activated</li><li>100% Lossless &amp; MD5 Perfect: all files are identical to originals after installation</li><li>NOTHING ripped, NOTHING re-encoded</li><li>Significantly smaller archive size (compressed from 19 to 10.4 GB)</li><li>Installation takes: ~13 minutes on 8-threads CPU; ~23 minutes on 4-threads CPU</li><li>After-install integrity check so you could make sure that everything installed properly</li><li>HDD space after installation: 19 GB (29.4 GB during installation)</li><li>Language can be changed in game settings</li><li>At least 2 GB of free RAM (inc. virtual) required for installing this repack</li><li><b>You must delete your old saves/profile files if you have them. Just remove the following folder \u201cC:\\Users\\Your Username\\AppData\\LocalLow\\PersonaeGames\\BlackthornArena\u201d; if you don\u2019t do it \u2013 the game will be bugged: no language change, hanging on campaign loading, etc.</b></li><li>Also if the abovementioned fix doesn\u2019t help, you can switch your Windows language to English</li></ul><div ><div><h2>Game Description</h2></div><div >1) Assemble Your gladiators<br>Buy slaves and train them into gladiators. You will need to manage their attributes, skills, talents, and equip them with the best armors and weapons you can afford. Some of them may exhibit the capacity to become auxiliaries for your crew, such as cooks, healers, drillmasters, blacksmiths, etc.<p>2) Claim Your Glory<br>Send your Gladiators to fight in more than 10 diverse arenas or dispatch them to all kinds of exploration and plunder in the Freelands. Defeat other gladiators and over 30 kinds of monsters. Challenge the champions of other arenas and take over their positions. Create your champions and become the most powerful arena master in the world.</p><p>3) Manage Your Arena<br>Don\u2019t forget you have an arena to manage! As your gladiators win battles in other arenas, you will gain money as a reward, as well as reputation. Money can buy new slaves, better equipment, and upgrades for your establishment when needed. Use your money wisely because everything in running an arena depends on it. Reputation is important too, as having a high degree of it when holding a game will grant you considerable income.</p></div></div><p><b>Backwards Compatibility</b></p><p>This repack is NOT backwards compatible with my previous BA repacks.</p>             </div>"
}