{
    "link": "https://fitgirl-repacks.site/blightbound/",
    "title": "Blightbound \u2013 v1.1 (The Divine Rite) + 4 DLCs",
    "first_img": "https://i2.imageban.ru/out/2021/11/13/b35f57cd73dc150c95b2650c5c71b4c2.jpg",
    "second_img": "https://s01.riotpixels.net/data/92/90/9290565b-abf0-48bc-8fa5-7ab9009f7cef.jpg.240p.jpg",
    "body": "<div ><h2>Blightbound \u2013 v1.1 (The Divine Rite) + 4 DLCs</h2><p ><div><a target=\"_blank\" href=\"https://en.riotpixels.com/games/blightbound/\" rel=\"noopener\"><img class=\"alignleft\" width=\"150\" src=\"https://i2.imageban.ru/out/2021/11/13/b35f57cd73dc150c95b2650c5c71b4c2.jpg\"></a></div><br>Genres/Tags: <strong>RPG, Dungeon crawl, Side, 3D</strong><br>Companies: <strong>Ronimo Games, Devolver Digital</strong><br>Languages: <strong>RUS/ENG/MULTI10</strong><br>Original Size: <strong>1.8 GB</strong><br>Repack Size: <strong>1.2 GB</strong></p>&nbsp;<div>&nbsp;</div><h3>Download Mirrors</h3><ul><li><a href=\"https://1337x.to/torrent/5049816/Blightbound-v1-1-The-Divine-Rite-4-DLCs-MULTi10-FitGirl-Repack/\" target=\"_blank\" rel=\"noopener\">1337x</a> | [<a href=\"magnet:?xt=urn:btih:9C5666E840D822B17E211ECB3719A4162D8491F6&amp;dn=Blightbound+%28v1.1%2FThe+Divine+Rite+%2B+4+DLCs%2C+MULTi10%29+%5BFitGirl+Repack%5D&amp;tr=udp%3A%2F%2F46.148.18.250%3A2710&amp;tr=udp%3A%2F%2Fopentor.org%3A2710&amp;tr=udp%3A%2F%2Ftracker.coppersurfer.tk%3A6969%2Fannounce&amp;tr=udp%3A%2F%2Ftracker.opentrackr.org%3A1337%2Fannounce&amp;tr=http%3A%2F%2Ftracker.dler.org%3A6969%2Fannounce&amp;tr=udp%3A%2F%2Ftracker.leechers-paradise.org%3A6969%2Fannounce&amp;tr=udp%3A%2F%2F9.rarbg.me%3A2730%2Fannounce&amp;tr=udp%3A%2F%2F9.rarbg.to%3A2770%2Fannounce&amp;tr=udp%3A%2F%2Ftracker.pirateparty.gr%3A6969%2Fannounce&amp;tr=http%3A%2F%2Fretracker.local%2Fannounce&amp;tr=http%3A%2F%2Fretracker.ip.ncnet.ru%2Fannounce&amp;tr=udp%3A%2F%2Fexodus.desync.com%3A6969%2Fannounce&amp;tr=udp%3A%2F%2Fipv4.tracker.harry.lu%3A80%2Fannounce&amp;tr=udp%3A%2F%2Fopen.stealth.si%3A80%2Fannounce&amp;tr=udp%3A%2F%2Ftracker.zer0day.to%3A1337%2Fannounce&amp;tr=udp%3A%2F%2Ftracker.leechers-paradise.org%3A6969%2Fannounce&amp;tr=udp%3A%2F%2Fcoppersurfer.tk%3A6969%2Fannounce\">magnet</a>] [<a href=\"https://pastefg.hermietkreeft.site/?2edbd7eab1182f93#CJHPVa38oFeoZ5fC7X86gstUPbWAhRW5tHNm5yyvyut8\" target=\"_blank\" rel=\"noopener\">.torrent file only</a>] <br><img src=\"https://torrent-stats.info/1ecb/8f575afa.png\" style=\"display:block;clear:both\"></li><li><a href=\"http://rutor.info/torrent/845249/blightbound-v-1.1-dlcs-2021-pc-repack-ot-fitgirl\" target=\"_blank\" rel=\"noopener\">RuTor</a> [<a href=\"magnet:?xt=urn:btih:9c5666e840d822b17e211ecb3719a4162d8491f6&amp;dn=rutor.info_Blightbound+%5Bv+1.1+%2B+DLCs%5D+%282021%29+PC+%7C+RePack+%D0%BE%D1%82+FitGirl&amp;tr=udp://opentor.net:6969&amp;tr=udp://opentor.org:2710&amp;tr=http://retracker.local/announce\">magnet</a>]</li><li><a href=\"https://tapochek.net/viewtopic.php?p=2812016\" target=\"_blank\" rel=\"noopener\">Tapochek.net</a></li><li><a href=\"https://pastefg.hermietkreeft.site/?3de6a7d45a9b2a37#5ajCuAbhmHBddDZurG4sQAoER5hjTdfWPVwjrepPTbkg\" target=\"_blank\" rel=\"noopener\">Filehoster: MultiUpload</a> (10+ hosters, interchangeable) [Use <a href=\"http://jdownloader.org/jdownloader2\" target=\"_blank\" rel=\"noopener\">JDownloader2</a>]</li><li><a href=\"https://pastefg.hermietkreeft.site/?0e27f689b16b6bcd#HvQ54mfPngDcKbfHuA74jDTYLG4kiCs1nRBcWSzS5D7R\" target=\"_blank\" rel=\"noopener\">Filehoster: ZippyShare</a></li><li><a href=\"https://pastefg.hermietkreeft.site/?58b8077c7644d26a#64eTsLXXMzQFHFLvbLi7oCNmgae1i66DErLoK9QhHjcF\" target=\"_blank\" rel=\"noopener\">Filehoster: BayFiles</a></li><li><a href=\"https://pastefg.hermietkreeft.site/?9498f4b4f7d9980f#DxpmXSScVCnzCML1NaAPoJknjWfopE5h7DP2J78Kh3xn\" target=\"_blank\" rel=\"noopener\">Filehoster: LetsUpload</a> [Use <a href=\"http://jdownloader.org/jdownloader2\" target=\"_blank\" rel=\"noopener\">JDownloader2</a>]</li><li><a href=\"https://pastefg.hermietkreeft.site/?01e5f7c84d1e5ce0#ARcKtXwYq8BRYtvGtpmhVCTKzWq3XDt18cnHrLYMs7SJ\" target=\"_blank\" rel=\"noopener\">Filehoster: OneDrive</a> (Uploaded by DyR0 t(-_-t), NOT compatible with other mirrors)</li><p><!--  <li><a href=\"\" target=\"_blank\" rel=\"noopener\">Filehosters: Google Drive, OneDrive + others</a> (Uploaded by crackhub213)</li>  --></p></ul><p><a href=\"https://cs.rin.ru/forum/viewtopic.php?f=10&amp;t=105461\" target=\"_blank\" rel=\"noopener\">Discussion and (possible) future updates on CS.RIN.RU thread</a></p><h3>Screenshots (Click to enlarge)</h3><p><a target=\"_blank\" href=\"https://en.riotpixels.com/games/blightbound/screenshots/15/?utm_source=emb-gfx-html&amp;utm_medium=image&amp;utm_campaign=rp-mass\" rel=\"noopener\"><img loading=\"lazy\" width=\"178\" height=\"100\" border=\"0\" src=\"https://s01.riotpixels.net/data/92/90/9290565b-abf0-48bc-8fa5-7ab9009f7cef.jpg.240p.jpg\"></a><a target=\"_blank\" href=\"https://en.riotpixels.com/games/blightbound/screenshots/11/?utm_source=emb-gfx-html&amp;utm_medium=image&amp;utm_campaign=rp-mass\" rel=\"noopener\"><img loading=\"lazy\" width=\"178\" height=\"100\" border=\"0\" src=\"https://s01.riotpixels.net/data/c7/80/c780e842-dc6f-4e0e-883d-4c5f75ee24fa.jpg.240p.jpg\"></a><a target=\"_blank\" href=\"https://en.riotpixels.com/games/blightbound/screenshots/9/?utm_source=emb-gfx-html&amp;utm_medium=image&amp;utm_campaign=rp-mass\" rel=\"noopener\"><img loading=\"lazy\" width=\"178\" height=\"100\" border=\"0\" src=\"https://s01.riotpixels.net/data/f8/c9/f8c97dc1-7f6e-49e1-b687-586e87ae4603.jpg.240p.jpg\"></a><br><a target=\"_blank\" href=\"https://en.riotpixels.com/games/blightbound/screenshots/8/?utm_source=emb-gfx-html&amp;utm_medium=image&amp;utm_campaign=rp-mass\" rel=\"noopener\"><img loading=\"lazy\" width=\"178\" height=\"100\" border=\"0\" src=\"https://s01.riotpixels.net/data/36/60/3660681d-c0cf-40e2-86f0-8f6c917dfff9.jpg.240p.jpg\"></a><a target=\"_blank\" href=\"https://en.riotpixels.com/games/blightbound/screenshots/5/?utm_source=emb-gfx-html&amp;utm_medium=image&amp;utm_campaign=rp-mass\" rel=\"noopener\"><img loading=\"lazy\" width=\"178\" height=\"100\" border=\"0\" src=\"https://s01.riotpixels.net/data/ea/54/ea545286-f955-4b19-8ce7-b22deed21ad7.jpg.240p.jpg\"></a><a target=\"_blank\" href=\"https://en.riotpixels.com/games/blightbound/screenshots/3/?utm_source=emb-gfx-html&amp;utm_medium=image&amp;utm_campaign=rp-mass\" rel=\"noopener\"><img loading=\"lazy\" width=\"178\" height=\"100\" border=\"0\" src=\"https://s01.riotpixels.net/data/9d/61/9d61107f-6155-4f0b-b79a-19fc2a1ed0a9.jpg.240p.jpg\"></a></p><h3>Repack Features</h3><ul><li>Based on Blightbound-PLAZA ISO release: plaza-blightbound.iso (1,918,369,792 bytes)</li><li>Game version: v1.1 (The Divine Rite); 4 DLCs are included and activated</li><li>100% Lossless &amp; MD5 Perfect: all files are identical to originals after installation</li><li>NOTHING ripped, NOTHING re-encoded</li><li>Smaller archive size (compressed from 1.8 to 1.2 GB)</li><li>Installation takes 1-2 minutes (depending on your system)</li><li>After-install integrity check so you could make sure that everything installed properly</li><li>HDD space after installation: 3.8 GB</li><li>Language can be changed in game settings</li><li>At least 2 GB of free RAM (inc. virtual) required for installing this repack</li></ul><div ><div><h2>Game Description</h2></div><div >The world lies in peril. Decades ago, a band of legendary warriors slayed the dreaded Shadow Titan after a long and ferocious struggle, but their celebration was short-lived. The Shadow Titan\u2019s true intentions revealed themselves when from his broken husk flowed the Blight; a corrupting fog that alters any living creature exposed to its evil.<p>Blightbound is a multiplayer dungeon crawler that tasks three heroes to venture down from their mountain refuge to face the abominations of the Blight \u2013 a mysterious and corrupting fog that enshrouds the land.</p><p>Explore handcrafted dungeons, fight a terrifying cadre of mystical and monstrous enemies, grab valuable loot and recover fallen heroes to expand your roster of available warriors. Each player will fulfill a specific role on the team \u2013 warrior, assassin, or mage \u2013 to overcome colossal bosses and solve clever puzzles.</p><p>Can you collect and complete all the challenges, and conquer the Blight once and for all?</p><p><b><h3>Game Features</h3></b></p><ul><li>Blightbound is an ever expanding game with new dungeons to explore, new heroes to recover and use, and new loot to retrieve with planned free updates for the community.</li><li>Collect unique heroes, each with their own skill set, passive abilities, and fully narrated story to complete.</li><li>Hundreds of unique items to loot and craft to improve each hero and alter their repertoire of attacks and abilities.</li><li>Build out your refuge atop the mountain by recruiting new artisans to craft more items, fulfill bounties, and training your heroes.</li><li>Battle through three distinct lands, each with several dungeons to conquer, including the eerie Gravemark, the oppressive Underhold, and precarious Blood Ridge.</li><li>Distinct class roles that reward team play and powerful ultimate abilites that charge from fulfilling your role. Block damage as a warrior, interrupt enemies as an assassin or heal your allies as a mage.</li><li>Stunning mix of hand-painted characters and realtime 3D models and lighting effects.</li></ul><p><b>Included DLCs:</b></p><ul><li>Weapon skin (Fancy Flamingo)</li><li>Name plate skin (Viper)</li><li>Weapon skin (Cyber Set)</li><li>Weapon Skin (Bolt Blades)</li></ul></div></div>             </div>"
}