{
    "link": "https://fitgirl-repacks.site/bloodrayne-betrayal-fresh-bites/",
    "title": "BloodRayne Betrayal: Fresh Bites",
    "first_img": "https://i2.imageban.ru/out/2021/09/10/a30e3901754387ce9012fc3cf24b0c6b.jpg",
    "second_img": "https://s01.riotpixels.net/data/6d/79/6d791474-4521-457c-8fe8-4b19828d548c.jpg.240p.jpg",
    "body": "<div ><h2>BloodRayne Betrayal: Fresh Bites</h2><p ><div><a target=\"_blank\" href=\"https://en.riotpixels.com/games/bloodrayne-betrayal-fresh-bites/\" rel=\"noopener\"><img class=\"alignleft\" width=\"150\" src=\"https://i2.imageban.ru/out/2021/09/10/a30e3901754387ce9012fc3cf24b0c6b.jpg\"></a></div><br>Genres/Tags: <strong>Arcade, Side, 2D</strong><br>Companies: <strong>WayForward, Ziggurat</strong><br>Languages: <strong>ENG/MULTI6</strong><br><strong style=\"color: red\">Windows 10 is required</strong><br>Original Size: <strong>1.1 GB</strong><br>Repack Size: <strong>733 MB</strong></p>&nbsp;<div>&nbsp;</div><h3>Download Mirrors</h3><ul><li><a href=\"https://1337x.to/torrent/4978793/BloodRayne-Betrayal-Fresh-Bites-MULTi6-FitGirl-Repack/\" target=\"_blank\" rel=\"noopener\">1337x</a> | [<a href=\"magnet:?xt=urn:btih:27E42F46113E05ACE39CB58A7AB7BC5532AB2AA2&amp;dn=BloodRayne+Betrayal%3A+Fresh+Bites+%28MULTi6%29+%5BFitGirl+Repack%5D&amp;tr=udp%3A%2F%2F46.148.18.250%3A2710&amp;tr=udp%3A%2F%2Fopentor.org%3A2710&amp;tr=udp%3A%2F%2Ftracker.coppersurfer.tk%3A6969%2Fannounce&amp;tr=udp%3A%2F%2Ftracker.opentrackr.org%3A1337%2Fannounce&amp;tr=http%3A%2F%2Ftracker.dler.org%3A6969%2Fannounce&amp;tr=udp%3A%2F%2Ftracker.leechers-paradise.org%3A6969%2Fannounce&amp;tr=udp%3A%2F%2F9.rarbg.me%3A2730%2Fannounce&amp;tr=udp%3A%2F%2F9.rarbg.to%3A2770%2Fannounce&amp;tr=udp%3A%2F%2Ftracker.pirateparty.gr%3A6969%2Fannounce&amp;tr=http%3A%2F%2Fretracker.local%2Fannounce&amp;tr=http%3A%2F%2Fretracker.ip.ncnet.ru%2Fannounce&amp;tr=udp%3A%2F%2Fexodus.desync.com%3A6969%2Fannounce&amp;tr=udp%3A%2F%2Fipv4.tracker.harry.lu%3A80%2Fannounce&amp;tr=udp%3A%2F%2Fopen.stealth.si%3A80%2Fannounce&amp;tr=udp%3A%2F%2Ftracker.zer0day.to%3A1337%2Fannounce&amp;tr=udp%3A%2F%2Ftracker.leechers-paradise.org%3A6969%2Fannounce&amp;tr=udp%3A%2F%2Fcoppersurfer.tk%3A6969%2Fannounce\">magnet</a>] [<a href=\"https://pastefg.hermietkreeft.site/?b4fd0e297c8e0027#6dJBp98fz6C2HDf9jBmh1tZtm91aVUcV8bz9BVXtcPXe\" target=\"_blank\" rel=\"noopener\">.torrent file only</a>] <br><img src=\"https://torrent-stats.info/b58a/33e53cdfc.png\" style=\"display:block;clear:both\"></li><li><a href=\"https://tapochek.net/viewtopic.php?p=2799356\" target=\"_blank\" rel=\"noopener\">Tapochek.net</a></li><li><a href=\"https://pastefg.hermietkreeft.site/?5db4b555dcd05206#GayynmFcRSed29pJMDJkzTyMXVMC8TyqLeH3ZFA4YAGc\" target=\"_blank\" rel=\"noopener\">Filehoster: MultiUpload</a> (10+ hosters, interchangeable) [Use <a href=\"http://jdownloader.org/jdownloader2\" target=\"_blank\" rel=\"noopener\">JDownloader2</a>]</li><li><a href=\"https://pastefg.hermietkreeft.site/?80e16019a6a40d2a#FShQvF6DD8aWnWKHpmnoZd21snAVUC86QqrAMDYhhzug\" target=\"_blank\" rel=\"noopener\">Filehoster: PixelDrain</a></li><li><a href=\"https://pastefg.hermietkreeft.site/?ad361355c1bfa21f#GFHXAv2simT2rUrDVJESMs9FfRRcNSnABGgi5wmZZNEF\" target=\"_blank\" rel=\"noopener\">Filehoster: ZippyShare</a></li><li><a href=\"https://pastefg.hermietkreeft.site/?50dacea16f314adc#8AH1yUvPbdsWEmeW5hVeRVSeqzsbBsbfC1yb992rc7YF\" target=\"_blank\" rel=\"noopener\">Filehoster: LetsUpload</a> [Use <a href=\"http://jdownloader.org/jdownloader2\" target=\"_blank\" rel=\"noopener\">JDownloader2</a>]</li><li><a href=\"https://pastefg.hermietkreeft.site/?fccc32f968aeab10#GkA7mdr8JDAwKTkMN9t9WDKwvcoDKaCBgB2LUPQAryqs\" target=\"_blank\" rel=\"noopener\">Filehoster: OneDrive</a> (Uploaded by DyR0 t(-_-t), NOT compatible with other mirrors)</li></ul><p><a href=\"https://cs.rin.ru/forum/viewtopic.php?f=10&amp;t=113944\" target=\"_blank\" rel=\"noopener\">Discussion and (possible) future updates on CS.RIN.RU thread</a></p><h3>Screenshots (Click to enlarge)</h3><p><a target=\"_blank\" href=\"https://en.riotpixels.com/games/bloodrayne-betrayal-fresh-bites/screenshots/11/?utm_source=emb-gfx-html&amp;utm_medium=image&amp;utm_campaign=rp-mass\" rel=\"noopener\"><img loading=\"lazy\" width=\"178\" height=\"100\" border=\"0\" src=\"https://s01.riotpixels.net/data/6d/79/6d791474-4521-457c-8fe8-4b19828d548c.jpg.240p.jpg\"></a><a target=\"_blank\" href=\"https://en.riotpixels.com/games/bloodrayne-betrayal-fresh-bites/screenshots/10/?utm_source=emb-gfx-html&amp;utm_medium=image&amp;utm_campaign=rp-mass\" rel=\"noopener\"><img loading=\"lazy\" width=\"178\" height=\"100\" border=\"0\" src=\"https://s01.riotpixels.net/data/08/e9/08e9f825-f887-4945-89b8-6ede054f1c03.jpg.240p.jpg\"></a><a target=\"_blank\" href=\"https://en.riotpixels.com/games/bloodrayne-betrayal-fresh-bites/screenshots/7/?utm_source=emb-gfx-html&amp;utm_medium=image&amp;utm_campaign=rp-mass\" rel=\"noopener\"><img loading=\"lazy\" width=\"178\" height=\"100\" border=\"0\" src=\"https://s01.riotpixels.net/data/a9/d3/a9d3f682-a182-4339-a6b5-e81453b91431.jpg.240p.jpg\"></a><br><a target=\"_blank\" href=\"https://en.riotpixels.com/games/bloodrayne-betrayal-fresh-bites/screenshots/5/?utm_source=emb-gfx-html&amp;utm_medium=image&amp;utm_campaign=rp-mass\" rel=\"noopener\"><img loading=\"lazy\" width=\"178\" height=\"100\" border=\"0\" src=\"https://s01.riotpixels.net/data/94/62/94621889-c559-4a8d-b4b9-241b97af0738.jpg.240p.jpg\"></a><a target=\"_blank\" href=\"https://en.riotpixels.com/games/bloodrayne-betrayal-fresh-bites/screenshots/4/?utm_source=emb-gfx-html&amp;utm_medium=image&amp;utm_campaign=rp-mass\" rel=\"noopener\"><img loading=\"lazy\" width=\"178\" height=\"100\" border=\"0\" src=\"https://s01.riotpixels.net/data/ef/c9/efc92568-95aa-46c6-9e07-c6192d2d1d86.jpg.240p.jpg\"></a><a target=\"_blank\" href=\"https://en.riotpixels.com/games/bloodrayne-betrayal-fresh-bites/screenshots/2/?utm_source=emb-gfx-html&amp;utm_medium=image&amp;utm_campaign=rp-mass\" rel=\"noopener\"><img loading=\"lazy\" width=\"178\" height=\"100\" border=\"0\" src=\"https://s01.riotpixels.net/data/8f/8c/8f8cc954-5d45-43ae-a0b3-1b6f9c34cb57.jpg.240p.jpg\"></a></p><h3>Repack Features</h3><ul><li>Based on BloodRayne_Betrayal_Fresh_Bites-Razor1911 ISO release: rzr-bloodrayne.iso (1,233,485,824 bytes)</li><li>100% Lossless &amp; MD5 Perfect: all files are identical to originals after installation</li><li>NOTHING ripped, NOTHING re-encoded</li><li>Smaller archive size (compressed from 1.1 GB to 733 MB)</li><li>Installation takes 2-3 minutes (depending on your system)</li><li>After-install integrity check so you could make sure that everything installed properly</li><li>HDD space after installation: 1.5 GB</li><li>Language can be changed by editing \u201cgoggame-1803582429.info\u201d in game root in any text editor</li><li>At least 2 GB of free RAM (inc. virtual) required for installing this repack</li></ul><div ><div><h2>Game Description</h2></div><div ><p><b>A REMASTERED 2D HACK N\u2019SLASH ADVENTURE</b><br>Original developer WayForward has upgraded its 2011 classic 2D hack \u2018n slash platformer with high resolution visuals, modern features, and all-new voice acting performed by original BloodRayne cast members Laura Bailey (Rayne) and Troy Baker (Kagan). Bloodrayne Betrayal: Fresh Bites distills the best parts of the BloodRayne series into a bloody, twitchy, action-packed 2D hack \u2018n slash adventure through fifteen challenging stages.</p><p>The Brimstone Society has summoned Rayne for one last mission to lead a group of soldiers into a giant underground castle to do battle against none other than her own father, Kagan. When the soldiers prove ineffective against Kagan\u2019s supernatural menaces, it\u2019s up to Rayne to run, jump, cut, and feed her way through gruesome foes, deadly traps, tricky platforming sections, and horrifying bosses. It\u2019s Rayne\u2019s last job \u2014 will she \u201cclean house\u201d or find herself six feet under?</p><p><b><h3>Game Features</h3></b></p><ul><li>All-new A-List voice acting: Original BloodRayne cast members Laura Bailey and Troy Baker reprise their roles as Rayne and Kagan, alongside other talented voice actors who bring new life to the original written dialog.</li><li>Higher resolution character sprites, and support for HD displays (up to 4K) help make Fresh Bites the definitive Bloodrayne Betrayal experience.</li><li>New difficulty options: Play with a newly rebalanced difficulty tuned for a fun and engaging experience, or sink your teeth into the punishing original difficulty mode if you\u2019re looking for a tough-as-nails challenge.</li></ul></div></div>             </div>"
}