{
    "link": "https://fitgirl-repacks.site/bpm-bullets-per-minute/",
    "title": "BPM: Bullets Per Minute \u2013 GOG v50507 (Localisation & Performance Upgrade) + Bonus OST",
    "first_img": "https://i1.imageban.ru/out/2021/10/10/82e7ad78d469c8bcc594fcc69b63044a.jpg",
    "second_img": "https://s01.riotpixels.net/data/7a/02/7a021d78-7be6-44f4-940c-00594b84c6fc.jpg.240p.jpg",
    "body": "<div ><h2>BPM: Bullets Per Minute \u2013 GOG v50507 (Localisation & Performance Upgrade) + Bonus OST</h2><p ><div><a target=\"_blank\" href=\"https://en.riotpixels.com/games/bpm-bullets-per-minute/\" rel=\"noopener\"><img class=\"alignleft\" width=\"150\" src=\"https://i1.imageban.ru/out/2021/10/10/82e7ad78d469c8bcc594fcc69b63044a.jpg\"></a></div><br>Genres/Tags: <strong>Action, Shooter, First-person, 3D</strong><br>Company: <strong>Awe Interactive</strong><br>Language: <strong>RUS/ENG/MULTi8</strong><br>Original Size: <strong>8 GB</strong><br>Repack Size: <strong>4.3/4.4 GB</strong></p>&nbsp;<div>&nbsp;</div><h3>Download Mirrors</h3><ul><li><a href=\"https://1337x.to/torrent/5013706/BPM-Bullets-Per-Minute-GOG-v50507-Bonus-OST-MULTi8-FitGirl-Repack-Selective-Download-from-4-3-GB/\" target=\"_blank\" rel=\"noopener\">1337x</a> | [<a href=\"magnet:?xt=urn:btih:8D8C4F167EB25367B53A9CBDE146A353C0801C06&amp;dn=BPM%3A+Bullets+Per+Minute+%28GOG+v50507+%2B+Bonus+OST%2C+MULTi8%29+%5BFitGirl+Repack%2C+Selective+Download+-+from+4.3+GB%5D&amp;tr=udp%3A%2F%2F46.148.18.250%3A2710&amp;tr=udp%3A%2F%2Fopentor.org%3A2710&amp;tr=udp%3A%2F%2Ftracker.coppersurfer.tk%3A6969%2Fannounce&amp;tr=udp%3A%2F%2Ftracker.opentrackr.org%3A1337%2Fannounce&amp;tr=http%3A%2F%2Ftracker.dler.org%3A6969%2Fannounce&amp;tr=udp%3A%2F%2Ftracker.leechers-paradise.org%3A6969%2Fannounce&amp;tr=udp%3A%2F%2F9.rarbg.me%3A2730%2Fannounce&amp;tr=udp%3A%2F%2F9.rarbg.to%3A2770%2Fannounce&amp;tr=udp%3A%2F%2Ftracker.pirateparty.gr%3A6969%2Fannounce&amp;tr=http%3A%2F%2Fretracker.local%2Fannounce&amp;tr=http%3A%2F%2Fretracker.ip.ncnet.ru%2Fannounce&amp;tr=udp%3A%2F%2Fexodus.desync.com%3A6969%2Fannounce&amp;tr=udp%3A%2F%2Fipv4.tracker.harry.lu%3A80%2Fannounce&amp;tr=udp%3A%2F%2Fopen.stealth.si%3A80%2Fannounce&amp;tr=udp%3A%2F%2Ftracker.zer0day.to%3A1337%2Fannounce&amp;tr=udp%3A%2F%2Ftracker.leechers-paradise.org%3A6969%2Fannounce&amp;tr=udp%3A%2F%2Fcoppersurfer.tk%3A6969%2Fannounce\">magnet</a>] [<a href=\"https://pastefg.hermietkreeft.site/?4dda4239e6a19737#3eQG72sCKBjJoN1WwZaX9u6jeqjW8qpdsZDiZ9qAgmea\" target=\"_blank\" rel=\"noopener\">.torrent file only</a>] <br><img src=\"https://torrent-stats.info/9cbd/2d213fc66.png\" style=\"display:block;clear:both\"></li><li><a href=\"http://rutor.info/torrent/838907/bpm-bullets-per-minute-gog-v50507-ost-2020-pc-repack-ot-fitgirl\" target=\"_blank\" rel=\"noopener\">RuTor</a> [<a href=\"magnet:?xt=urn:btih:8d8c4f167eb25367b53a9cbde146a353c0801c06&amp;dn=rutor.info_BPM%3A+Bullets+Per+Minute+%5BGOG+v50507+%2B+OST%5D+%282020%29+PC+%7C+RePack+%D0%BE%D1%82+FitGirl&amp;tr=udp://opentor.net:6969&amp;tr=udp://opentor.org:2710&amp;tr=http://retracker.local/announce\">magnet</a>]</li><li><a href=\"https://tapochek.net/viewtopic.php?p=2805188\" target=\"_blank\" rel=\"noopener\">Tapochek.net</a></li><li><a href=\"https://pastefg.hermietkreeft.site/?f0514842cfb89e7e#FcVBv4mrRknQUpyqSvXB99YdZKAJ3FAagTk5nCMntVSi\" target=\"_blank\" rel=\"noopener\">Filehoster: MultiUpload</a> (10+ hosters, interchangeable) [Use <a href=\"http://jdownloader.org/jdownloader2\" target=\"_blank\" rel=\"noopener\">JDownloader2</a>]</li><li><a href=\"https://pastefg.hermietkreeft.site/?41fce577ba1d5e27#HJ4v9R6bbxt1VE1UN6xEG72K19MQoZSuLyxPdMwPUarH\" target=\"_blank\" rel=\"noopener\">Filehoster: PixelDrain</a></li><li><a href=\"https://pastefg.hermietkreeft.site/?1285a58f9d28bdd0#CPD9n9QgooWjgPbEtxwFSB25ihxbKmXBMFZn8BNDgabj\" target=\"_blank\" rel=\"noopener\">Filehoster: ZippyShare</a></li><li><a href=\"https://pastefg.hermietkreeft.site/?1771a0f9abe67264#9TZBseQWQWJquVnbS7XBvjVgmL8J8Umw7uqXu5opGRwf\" target=\"_blank\" rel=\"noopener\">Filehoster: LetsUpload</a> [Use <a href=\"http://jdownloader.org/jdownloader2\" target=\"_blank\" rel=\"noopener\">JDownloader2</a>]</li><li><a href=\"https://pastefg.hermietkreeft.site/?26c4543b2328c9cb#DXE5krvaTVxPbictj9NbUeGrpKnopbegnVaLSGXCwffa\" target=\"_blank\" rel=\"noopener\">Filehoster: OneDrive</a> (Uploaded by DyR0 t(-_-t), NOT compatible with other mirrors)</li></ul><p><a href=\"https://cs.rin.ru/forum/viewtopic.php?f=10&amp;t=106962\" target=\"_blank\" rel=\"noopener\">Discussion and (possible) future updates on CS.RIN.RU thread</a></p><h3>Screenshots (Click to enlarge)</h3><p><a target=\"_blank\" href=\"http://en.riotpixels.com/games/bpm-bullets-per-minute/screenshots/12/?utm_source=emb-gfx-html&amp;utm_medium=image&amp;utm_campaign=rp-mass\" rel=\"noopener\"><img loading=\"lazy\" width=\"178\" height=\"100\" border=\"0\" src=\"https://s01.riotpixels.net/data/7a/02/7a021d78-7be6-44f4-940c-00594b84c6fc.jpg.240p.jpg\"></a><a target=\"_blank\" href=\"http://en.riotpixels.com/games/bpm-bullets-per-minute/screenshots/10/?utm_source=emb-gfx-html&amp;utm_medium=image&amp;utm_campaign=rp-mass\" rel=\"noopener\"><img loading=\"lazy\" width=\"178\" height=\"100\" border=\"0\" src=\"https://s01.riotpixels.net/data/bb/70/bb702c2a-7a4d-4431-8b5f-c8756e20dfad.jpg.240p.jpg\"></a><a target=\"_blank\" href=\"http://en.riotpixels.com/games/bpm-bullets-per-minute/screenshots/6/?utm_source=emb-gfx-html&amp;utm_medium=image&amp;utm_campaign=rp-mass\" rel=\"noopener\"><img loading=\"lazy\" width=\"178\" height=\"100\" border=\"0\" src=\"https://s01.riotpixels.net/data/f1/c5/f1c5a17e-b54f-47d4-a251-0c473e415dd4.jpg.240p.jpg\"></a><br><a target=\"_blank\" href=\"http://en.riotpixels.com/games/bpm-bullets-per-minute/screenshots/4/?utm_source=emb-gfx-html&amp;utm_medium=image&amp;utm_campaign=rp-mass\" rel=\"noopener\"><img loading=\"lazy\" width=\"178\" height=\"100\" border=\"0\" src=\"https://s01.riotpixels.net/data/f2/09/f2096561-5c57-4e08-afcb-a48d477e8f07.jpg.240p.jpg\"></a><a target=\"_blank\" href=\"http://en.riotpixels.com/games/bpm-bullets-per-minute/screenshots/2/?utm_source=emb-gfx-html&amp;utm_medium=image&amp;utm_campaign=rp-mass\" rel=\"noopener\"><img loading=\"lazy\" width=\"178\" height=\"100\" border=\"0\" src=\"https://s01.riotpixels.net/data/4e/f1/4ef1a47b-42af-4033-be71-10dda73f4772.jpg.240p.jpg\"></a><a target=\"_blank\" href=\"http://en.riotpixels.com/games/bpm-bullets-per-minute/screenshots/1/?utm_source=emb-gfx-html&amp;utm_medium=image&amp;utm_campaign=rp-mass\" rel=\"noopener\"><img loading=\"lazy\" width=\"178\" height=\"100\" border=\"0\" src=\"https://s01.riotpixels.net/data/53/c2/53c251d9-3241-4324-9327-81d3b9496aa7.jpg.240p.jpg\"></a></p><h3>Repack Features</h3><ul><li>Based on BPM_BULLETS_PER_MINUTE_LANGUAGES-Razor1911 scene release: rzr-bpmbulletsperminutelanguages.iso (8,542,289,920 bytes)</li><li>100% Lossless &amp; MD5 Perfect: all files are identical to originals after installation</li><li>Bonus OST in FLAC format ripped, NOTHING re-encoded</li><li>Selective Download feature: you may skip downloading and installing of bonus soundtrack</li><li>Significantly smaller archive size (compressed from 8 to 4.3/4.4 GB)</li><li>Installation takes 2-4 minutes (depending on your system)</li><li>After-install integrity check so you could make sure that everything installed properly</li><li>HDD space after installation: up to 12.4 GB (15.3 GB during installation)</li><li>Language can be changed in game settings</li><li>Repack uses XTool library by Razor12911</li><li>At least 2 GB of free RAM (inc. virtual) required for installing this repack</li></ul><div ><div><h2>Game Description</h2></div><div >Fight as a mighty Valkyrie to repel the forces of the underworld from invading the world of Asgard.<p>In BPM, all of your actions and the actions of your enemies are tied to the beat of the music. Your enemies perform a dance-like sequence of attacks to an epic rock opera. BPM is inspired by retro shooters of the 90\u2019s. It is fast, frenetic and rhythmical. You can double jump, dash, rocket jump and bunny hop to evade your opponents.</p><p>Your goal is to reach the end of randomly generated dungeons, collecting different weapons, abilities and items each time you play. These weapons and abilities can radically alter the way you play, making each playthrough unique.</p><p>You must defeat 7 bosses to reach the final boss. Each boss moves and attacks in a unique way that you must learn to exploit if you want to succeed. Some attacks require you to jump over fields of lava, some to dodge fast projectiles, some to hold fast for a beat.</p><p><b><h3>Game Features</h3></b></p><ul><li>Shoot, jump and dodge to the beat while battling hordes of enemies.</li><li>Fight powerful bosses in challenging boss battles that will push you to the edge.</li><li>Explore randomly generated dungeons.</li><li>Choose from 5 different characters with unique strengths and weaknesses.</li><li>Wield a powerful arsenal of weapons, all with different behaviour for firing and reloading to the beat of the soundtrack.</li><li>Battle a diverse array of enemies, each with unique rhythmic behaviours.</li><li>Get overpowered and fire shotgun rockets while flying through the air.</li><li>Utilize abilities that radically alter the way you play the game, from teleport to freezing bolts.</li><li>Equip over 40 items that buff your character in unique and interesting ways.</li><li>Experience an epic rock opera soundtrack.</li><li>Challenge modes for extra gameplay.</li></ul></div></div>             </div>"
}