{
    "link": "https://fitgirl-repacks.site/bravely-default-2-pc/",
    "title": "BRAVELY DEFAULT II \u2013 Build 6204549",
    "first_img": "https://i4.imageban.ru/out/2022/02/26/33328a3290bf05fdbb254f667e533b9f.jpg",
    "second_img": "https://s01.riotpixels.net/data/ee/a7/eea7fbc8-e357-49a8-9ba2-a934c1056e17.jpg.240p.jpg",
    "body": "<div ><h2>BRAVELY DEFAULT II \u2013 Build 6204549</h2><p ><div><a target=\"_blank\" href=\"https://en.riotpixels.com/games/bravely-default-2/\" rel=\"noopener\"><img class=\"alignleft\" width=\"150\" src=\"https://i4.imageban.ru/out/2022/02/26/33328a3290bf05fdbb254f667e533b9f.jpg\"></a></div><br>Genres/Tags: <strong>RPG, Strategy, Japanese, Turn-based, 3D</strong><br>Companies: <strong>Square Enix, Claytechworks</strong><br>Languages: <strong>ENG/MULTI9</strong><br>Original Size: <strong>12.2 GB</strong><br>Repack Size: <strong>from 7.6 GB</strong> [Selective Download]</p>&nbsp;<div>&nbsp;</div><h3>Download Mirrors</h3><ul><li><a href=\"https://1337x.to/torrent/5163121/BRAVELY-DEFAULT-II-Build-6204549-MULTi9-FitGirl-Repack-Selective-Download-from-7-6-GB/\" target=\"_blank\" rel=\"noopener\">1337x</a> | [<a href=\"magnet:?xt=urn:btih:2F5D6359EB119474E603DC5D2026D067F70E02EC&amp;dn=BRAVELY+DEFAULT+II+%28Build+6204549%2C+MULTi9%29+%5BFitGirl+Repack%2C+Selective+Download+-+from+7.6+GB%5D&amp;tr=udp%3A%2F%2F46.148.18.250%3A2710&amp;tr=udp%3A%2F%2Fopentor.org%3A2710&amp;tr=udp%3A%2F%2Ftracker.coppersurfer.tk%3A6969%2Fannounce&amp;tr=udp%3A%2F%2Ftracker.opentrackr.org%3A1337%2Fannounce&amp;tr=http%3A%2F%2Ftracker.dler.org%3A6969%2Fannounce&amp;tr=udp%3A%2F%2Ftracker.leechers-paradise.org%3A6969%2Fannounce&amp;tr=udp%3A%2F%2F9.rarbg.me%3A2730%2Fannounce&amp;tr=udp%3A%2F%2F9.rarbg.to%3A2770%2Fannounce&amp;tr=udp%3A%2F%2Ftracker.pirateparty.gr%3A6969%2Fannounce&amp;tr=http%3A%2F%2Fretracker.local%2Fannounce&amp;tr=http%3A%2F%2Fretracker.ip.ncnet.ru%2Fannounce&amp;tr=udp%3A%2F%2Fexodus.desync.com%3A6969%2Fannounce&amp;tr=udp%3A%2F%2Fipv4.tracker.harry.lu%3A80%2Fannounce&amp;tr=udp%3A%2F%2Fopen.stealth.si%3A80%2Fannounce&amp;tr=udp%3A%2F%2Ftracker.zer0day.to%3A1337%2Fannounce&amp;tr=udp%3A%2F%2Ftracker.leechers-paradise.org%3A6969%2Fannounce&amp;tr=udp%3A%2F%2Fcoppersurfer.tk%3A6969%2Fannounce\">magnet</a>] [<a href=\"https://pastefg.hermietkreeft.site/?c187f2853129f1cb#EbE8218HcVEsgQRBsZkt42QmFWSEWm7eHkE4Tij4kdpo\" target=\"_blank\" rel=\"noopener\">.torrent file only</a>] <br><img src=\"https://torrent-stats.info/dc5d/41cf83e9d.png\" style=\"display:block;clear:both\"></li><li><a href=\"https://tapochek.net/viewtopic.php?p=2836200\" target=\"_blank\" rel=\"noopener\">Tapochek.net</a></li><li><a href=\"https://pastefg.hermietkreeft.site/?d45e7bd66e8eaa69#3wdiKC1RSW12tnS4yPyfj3WRtJQ7mGTmiVDECwhotopQ\" target=\"_blank\" rel=\"noopener\">Filehoster: MultiUpload</a> (10+ hosters, interchangeable) [Use <a href=\"http://jdownloader.org/jdownloader2\" target=\"_blank\" rel=\"noopener\">JDownloader2</a>]</li><li><a href=\"https://pastefg.hermietkreeft.site/?f653a945fa8a851a#3mETeXzALcfT88a6JNyNorCxDd7kLndEUtSJp2oSogVJ\" target=\"_blank\" rel=\"noopener\">Filehoster: ZippyShare</a></li><li><a href=\"https://pastefg.hermietkreeft.site/?35a1cb6ed3532bda#56SDxUd3WTvzVYN2WpqY7wjPPQ9PPx3bh2yhKmzK4Dsm\" target=\"_blank\" rel=\"noopener\">Filehoster: BayFiles</a></li><li><a href=\"https://pastefg.hermietkreeft.site/?abd9016691be3a5c#AnCH23ebeP7VsyiLkwBVRmxQQ3xw5uQ1L7ynMfgvegMe\" target=\"_blank\" rel=\"noopener\">Filehoster: OneDrive</a> (Uploaded by DyR0 t(-_-t), NOT compatible with other mirrors)</li><li><a href=\"https://crackhub.site/bravely-default-ii-build-6204549-fitgirl-pc-repack/\" target=\"_blank\" rel=\"noopener\">Filehosters: Google Drive, OneDrive + others</a> (Uploaded by crackhub213)</li></ul><p><a href=\"https://cs.rin.ru/forum/viewtopic.php?f=10&amp;t=115398\" target=\"_blank\" rel=\"noopener\">Discussion and (possible) future updates on CS.RIN.RU thread</a></p><h3>Screenshots (Click to enlarge)</h3><p><a target=\"_blank\" href=\"https://en.riotpixels.com/games/bravely-default-2/screenshots/85/?utm_source=emb-gfx-html&amp;utm_medium=image&amp;utm_campaign=rp-mass\" rel=\"noopener\"><img loading=\"lazy\" width=\"178\" height=\"100\" border=\"0\" src=\"https://s01.riotpixels.net/data/ee/a7/eea7fbc8-e357-49a8-9ba2-a934c1056e17.jpg.240p.jpg\"></a><a target=\"_blank\" href=\"https://en.riotpixels.com/games/bravely-default-2/screenshots/84/?utm_source=emb-gfx-html&amp;utm_medium=image&amp;utm_campaign=rp-mass\" rel=\"noopener\"><img loading=\"lazy\" width=\"178\" height=\"100\" border=\"0\" src=\"https://s01.riotpixels.net/data/1e/ce/1eceaf1a-1642-4182-b0be-eaee59f05c29.jpg.240p.jpg\"></a><a target=\"_blank\" href=\"https://en.riotpixels.com/games/bravely-default-2/screenshots/73/?utm_source=emb-gfx-html&amp;utm_medium=image&amp;utm_campaign=rp-mass\" rel=\"noopener\"><img loading=\"lazy\" width=\"178\" height=\"100\" border=\"0\" src=\"https://s01.riotpixels.net/data/f9/49/f9493873-8eb8-4c42-ba14-2b7aa8bf3c1d.jpg.240p.jpg\"></a><br><a target=\"_blank\" href=\"https://en.riotpixels.com/games/bravely-default-2/screenshots/46/?utm_source=emb-gfx-html&amp;utm_medium=image&amp;utm_campaign=rp-mass\" rel=\"noopener\"><img loading=\"lazy\" width=\"178\" height=\"100\" border=\"0\" src=\"https://s01.riotpixels.net/data/ea/b4/eab4f8fa-fe4a-4b0d-bbed-512b6b53df7e.jpg.240p.jpg\"></a><a target=\"_blank\" href=\"https://en.riotpixels.com/games/bravely-default-2/screenshots/5/?utm_source=emb-gfx-html&amp;utm_medium=image&amp;utm_campaign=rp-mass\" rel=\"noopener\"><img loading=\"lazy\" width=\"178\" height=\"100\" border=\"0\" src=\"https://s01.riotpixels.net/data/24/1e/241e56c9-76bc-4b67-a15b-26230384f3e6.jpg.240p.jpg\"></a><a target=\"_blank\" href=\"https://en.riotpixels.com/games/bravely-default-2/screenshots/1/?utm_source=emb-gfx-html&amp;utm_medium=image&amp;utm_campaign=rp-mass\" rel=\"noopener\"><img loading=\"lazy\" width=\"178\" height=\"100\" border=\"0\" src=\"https://s01.riotpixels.net/data/10/6c/106c88b6-d1db-46c4-908f-5b109d7e2bd6.jpg.240p.jpg\"></a></p><h3>Repack Features</h3><ul><li>Based on BRAVELY_DEFAULT_II-FLT ISO release: flt-bravely_default_ii.iso (13,061,529,600 bytes)</li><li>100% Lossless &amp; MD5 Perfect: all files are identical to originals after installation</li><li>NOTHING ripped, NOTHING re-encoded</li><li>Selective Download feature: you may skip downloading and installing of English and/or Japanese voiceovers</li><li>Significantly smaller archive size (compressed from 12.2 to 7.6~8.1 GB)</li><li>Installation takes 5-15 minutes (depending on your system)</li><li>After-install integrity check so you could make sure that everything installed properly</li><li>HDD space after installation: up to 12.7 GB</li><li>Language can be changed in game settings (NOT in the main menu, but in-game only )</li><li>Repack uses compression library by Razor12911</li><li>At least 2 GB of free RAM (inc. virtual) required for installing this repack</li></ul><div ><div><h2>Game Description</h2></div><div ><p>Fire, Water, Wind, Earth, nature\u2019s masters,<br>The Crystals\u2019 power exceeds the hand of man,<br>And if unleashed, would bring down death, disaster,<br>Calamity and blight upon the land.<br>\u2015 <b>Ancient quatrain of Kingdom Musa</b></p><p>Guided by fate, it\u2019s up to you to stop the forces that threaten these heroes and all of Excillant.</p><p>A new entry in the \u201cBravely\u201d series</p><p>A new world, a new story, and all-new Heroes of Light</p><p><b>\u201cFour new Heroes of Light emerge\u201d</b></p><p><b>Characters:</b></p><ul><li><b>Seth:</b> A young sailor who drifts to the continent of Excillant and is the main character of this story. Meet Gloria, an exiled princess whose kingdom was robbed of its Crystals, and set out on a journey to recover them with her.</li><li><b>Gloria:</b> The princess of Musa, a kingdom that once watched over the harmony of the world \u2013 but the loss of the kingdom\u2019s Crystals led Musa to destruction. Having fallen into despair and gone into hiding, she decides to embark on a journey to retrieve the Crystals.</li><li><b>Adelle:</b> A mercenary for hire. She travels with Elvis as his bodyguard in his search for an asterisk.</li><li><b>Elvis:</b> A scholar who travels the world. Embark on a journey in search of a particular asterisk needed to unravel the last spellbook left by his master.</li></ul><p><b><h3>Game Features</h3></b></p><ul><li><b>System:</b> In addition to a traditional, turn-based battle system that combines jobs and abilities, you can enjoy innovative and strategic battles unique to the Bravely series by taking control of your turns via the Brave and Default system.</li><li><b>Brave and Default:</b> Brave Points (BP) dictate how many actions a character can use in a single turn. Players can have characters \u2018Default\u2019 to stock up to three additional BP to use in a turn, or characters can \u2018Brave\u2019, to use more than one BP to perform multiple actions. Balancing stockpiling and using BP is a key component in battle strategy.</li><li><b>Jobs and Abilities:</b> Each character can exhibit both a primary and secondary job class, with each job specializing in different abilities. Combining jobs allow you to handle two abilities simultaneously. You can create an all-rounder balanced in offense and defense, or perhaps a character that specializes in magic. Your tactics and how you develop each character are up to you.</li><li><b>Acquire New Jobs:</b> \u201cAsterisk bearers\u201d will often block your path forward. By defeating them, you will obtain an Asterisk that enables you to change jobs.</li></ul></div></div><p>Older Switch-to-PC emulated repack located here: <a href=\"https://fitgirl-repacks.site/bravely-default-2/\" rel=\"noopener\" target=\"_blank\">https://fitgirl-repacks.site/bravely-default-2/</a></p>             </div>"
}