{
    "link": "https://fitgirl-repacks.site/break-arts-2/",
    "title": "BREAK ARTS II \u2013 v1.4.3",
    "first_img": "https://i4.imageban.ru/out/2021/07/19/541c2c5b9acc7a4a7abec21f738a9e15.jpg",
    "second_img": "https://s01.riotpixels.net/data/81/4e/814ebae7-ab23-4343-a748-d20f91c45ec4.jpg.240p.jpg",
    "body": "<div ><h2>BREAK ARTS II \u2013 v1.4.3</h2><p ><div><a target=\"_blank\" href=\"https://en.riotpixels.com/games/break-arts-2/\" rel=\"noopener\"><img class=\"alignleft\" width=\"150\" src=\"https://i4.imageban.ru/out/2021/07/19/541c2c5b9acc7a4a7abec21f738a9e15.jpg\"></a></div><br>Genres/Tags: <strong>Arcade, Racing, Vehicular combat, Third-person, Mecha, 3D</strong><br>Companies: <strong>MercuryStudio, PLAYISM</strong><br>Languages: <strong>ENG/MULTI5</strong><br>Original Size: <strong>3.4 GB</strong><br>Repack Size: <strong>2.6 GB</strong></p>&nbsp;<div>&nbsp;</div><h3>Download Mirrors</h3><ul><li><a href=\"https://1337x.to/torrent/4924205/BREAK-ARTS-II-v1-4-3-MULTi5-FitGirl-Repack/\" target=\"_blank\" rel=\"noopener\">1337x</a> | [<a href=\"magnet:?xt=urn:btih:C3A9D44A80DFB0AC8D124502ECD97EDD122C0352&amp;dn=BREAK+ARTS+II+%28v1.4.3%2C+MULTi5%29+%5BFitGirl+Repack%5D&amp;tr=udp%3A%2F%2F46.148.18.250%3A2710&amp;tr=udp%3A%2F%2Fopentor.org%3A2710&amp;tr=udp%3A%2F%2Ftracker.coppersurfer.tk%3A6969%2Fannounce&amp;tr=udp%3A%2F%2Ftracker.opentrackr.org%3A1337%2Fannounce&amp;tr=http%3A%2F%2Ftracker.dler.org%3A6969%2Fannounce&amp;tr=udp%3A%2F%2Ftracker.leechers-paradise.org%3A6969%2Fannounce&amp;tr=udp%3A%2F%2F9.rarbg.me%3A2730%2Fannounce&amp;tr=udp%3A%2F%2F9.rarbg.to%3A2770%2Fannounce&amp;tr=udp%3A%2F%2Ftracker.pirateparty.gr%3A6969%2Fannounce&amp;tr=http%3A%2F%2Fretracker.local%2Fannounce&amp;tr=http%3A%2F%2Fretracker.ip.ncnet.ru%2Fannounce&amp;tr=udp%3A%2F%2Fexodus.desync.com%3A6969%2Fannounce&amp;tr=udp%3A%2F%2Fipv4.tracker.harry.lu%3A80%2Fannounce&amp;tr=udp%3A%2F%2Fopen.stealth.si%3A80%2Fannounce&amp;tr=udp%3A%2F%2Ftracker.zer0day.to%3A1337%2Fannounce&amp;tr=udp%3A%2F%2Ftracker.leechers-paradise.org%3A6969%2Fannounce&amp;tr=udp%3A%2F%2Fcoppersurfer.tk%3A6969%2Fannounce\">magnet</a>] [<a href=\"https://pastefg.hermietkreeft.site/?64640605476b68d6#7QJitaNGuXrPwycEjAzTRWYx1WfAx2R1qQvMWNj3ayHD\" target=\"_blank\" rel=\"noopener\">.torrent file only</a>] <br><img src=\"https://torrent-stats.info/4502/137f5fc94.png\" style=\"display:block;clear:both\"></li><li><a href=\"https://tapochek.net/viewtopic.php?p=2789674\" target=\"_blank\" rel=\"noopener\">Tapochek.net</a></li><li><a href=\"https://pastefg.hermietkreeft.site/?c34c84028072c896#4haGWGXANXfZFQsnjyUBUVTcH9Nwf2iURkftcXzxb8EU\" target=\"_blank\" rel=\"noopener\">Filehoster: MultiUpload</a> (10+ hosters, interchangeable) [Use <a href=\"http://jdownloader.org/jdownloader2\" target=\"_blank\" rel=\"noopener\">JDownloader2</a>]</li><li><a href=\"https://pastefg.hermietkreeft.site/?2aab9128b4097de5#Fh7dY8UCyejxHfoxGffKFX3mXpoYCkswsk9rggj22SJy\" target=\"_blank\" rel=\"noopener\">Filehoster: PixelDrain</a></li><li><a href=\"https://pastefg.hermietkreeft.site/?8946ede8d286fd71#9yWKCsTvDBucGWxp9symff4Xketh8WYiSjSsXSFseZsv\" target=\"_blank\" rel=\"noopener\">Filehoster: ZippyShare</a></li><li><a href=\"https://pastefg.hermietkreeft.site/?309f38b7ab7f1a07#7rdytpo6n5dyTCAGWHLA7Rj8CNwYfX2kGyi8bBqjWMkt\" target=\"_blank\" rel=\"noopener\">Filehoster: LetsUpload</a> [Use <a href=\"http://jdownloader.org/jdownloader2\" target=\"_blank\" rel=\"noopener\">JDownloader2</a>]</li><li><a href=\"https://crackhub.site/break-arts-ii-v1-4-3-fitgirl-repack/\" target=\"_blank\" rel=\"noopener\">Filehosters: Google Drive, OneDrive + others</a> (Uploaded by crackhub213)</li><li><a href=\"https://pastefg.hermietkreeft.site/?2a7599e0ab789038#4Ljf3UWAxRTdHYv25maEB1c5biMpVdE9BP6NgvH7k82o\" target=\"_blank\" rel=\"noopener\">Filehoster: OneDrive</a> (Uploaded by DyR0 t(-_-t), NOT compatible with other mirrors)</li></ul><p><a href=\"https://cs.rin.ru/forum/viewtopic.php?f=10&amp;t=79176\" target=\"_blank\" rel=\"noopener\">Discussion and (possible) future updates on CS.RIN.RU thread</a></p><h3>Screenshots (Click to enlarge)</h3><p><a target=\"_blank\" href=\"https://en.riotpixels.com/games/break-arts-2/screenshots/9/?utm_source=emb-gfx-html&amp;utm_medium=image&amp;utm_campaign=rp-mass\" rel=\"noopener\"><img loading=\"lazy\" width=\"178\" height=\"100\" border=\"0\" src=\"https://s01.riotpixels.net/data/81/4e/814ebae7-ab23-4343-a748-d20f91c45ec4.jpg.240p.jpg\"></a><a target=\"_blank\" href=\"https://en.riotpixels.com/games/break-arts-2/screenshots/8/?utm_source=emb-gfx-html&amp;utm_medium=image&amp;utm_campaign=rp-mass\" rel=\"noopener\"><img loading=\"lazy\" width=\"178\" height=\"100\" border=\"0\" src=\"https://s01.riotpixels.net/data/e7/aa/e7aae9ef-b1b7-45f0-be33-99e236a03070.jpg.240p.jpg\"></a><a target=\"_blank\" href=\"https://en.riotpixels.com/games/break-arts-2/screenshots/6/?utm_source=emb-gfx-html&amp;utm_medium=image&amp;utm_campaign=rp-mass\" rel=\"noopener\"><img loading=\"lazy\" width=\"178\" height=\"100\" border=\"0\" src=\"https://s01.riotpixels.net/data/b4/90/b4902768-2e7a-4ebe-9020-5884a55cca6c.jpg.240p.jpg\"></a><br><a target=\"_blank\" href=\"https://en.riotpixels.com/games/break-arts-2/screenshots/4/?utm_source=emb-gfx-html&amp;utm_medium=image&amp;utm_campaign=rp-mass\" rel=\"noopener\"><img loading=\"lazy\" width=\"178\" height=\"100\" border=\"0\" src=\"https://s01.riotpixels.net/data/fb/ce/fbce698a-0782-4eaf-9db7-2945d70b105c.jpg.240p.jpg\"></a><a target=\"_blank\" href=\"https://en.riotpixels.com/games/break-arts-2/screenshots/2/?utm_source=emb-gfx-html&amp;utm_medium=image&amp;utm_campaign=rp-mass\" rel=\"noopener\"><img loading=\"lazy\" width=\"178\" height=\"100\" border=\"0\" src=\"https://s01.riotpixels.net/data/30/c3/30c304b6-3f29-4058-8f77-d9ce7f7f86a8.jpg.240p.jpg\"></a><a target=\"_blank\" href=\"https://en.riotpixels.com/games/break-arts-2/screenshots/1/?utm_source=emb-gfx-html&amp;utm_medium=image&amp;utm_campaign=rp-mass\" rel=\"noopener\"><img loading=\"lazy\" width=\"178\" height=\"100\" border=\"0\" src=\"https://s01.riotpixels.net/data/b6/f4/b6f4275c-a5dc-42cb-9d61-521ddbcb04b1.jpg.240p.jpg\"></a></p><h3>Repack Features</h3><ul><li>Based on BREAK.ARTS.II.v1.4.3-PLAZA ISO release: plaza-break.arts.ii.v1.4.3.iso (3,634,724,864 bytes)</li><li>100% Lossless &amp; MD5 Perfect: all files are identical to originals after installation</li><li>NOTHING ripped, NOTHING re-encoded</li><li>Smaller archive size (compressed from 3.4 to 2.6 GB)</li><li>Installation takes 1-2 minutes</li><li>After-install integrity check so you could make sure that everything installed properly</li><li>HDD space after installation: 7 GB</li><li>Language can be changed in game settings</li><li>At least 2 GB of free RAM (inc. virtual) required for installing this repack</li></ul><div ><div><h2>Game Description</h2></div><div >Be artistic, be destructive.<br>The sequel to the hit smartphone game BREAK ARTS is making its way to Steam!<br>The new PC version boasts further improved graphics and an entirely new game system.<p><b>What is BREAK ARTS II?</b><br>Faster than anyone. Stronger than anyone. And more stunning.Customize your robot for \u201ccyber battle racing\u201d in a game that offers all the thrills of racing, battle, and customization.<br>Online, Offline, Time-Attack\u2026 which mode will you dominate?</p><p><b>Mind-boggling Customization</b><br>The biggest change from the previous game is the amazingly deep level of robot and weapon customization. Assemble your robot from a range of parts\u2015each with their own abilities\u2015allowing for virtually unlimited possibilities in customization!<br>Some robot parts can fold and unfold, come apart, and rotate, so you can build your dream machine any way you like!</p><p>Create the most awesome robot you can imagine and bask in the glory as you pilot it to victory.</p><p><b><h3>Game Features</h3></b></p><ul><li>Beautiful visual design</li><li>Horizontal boosting \u2013 a total game-changer!</li><li>Strike the pose of your liking on the podium after the race</li><li>We wouldn\u2019t dream of leaving out the humor!</li><li>Listen\u2026 if you love robots, then this is absolutely your game!</li></ul></div></div>             </div>"
}