{
    "link": "https://fitgirl-repacks.site/brutal-rifters/",
    "title": "Brutal Rifters",
    "first_img": "https://i3.imageban.ru/out/2022/02/20/40ba9146ca45143d0a326d0359046d57.jpg",
    "second_img": "https://s01.riotpixels.net/data/c0/de/c0de8509-7f5b-49da-95ba-521a2f0821b8.jpg.240p.jpg",
    "body": "<div ><h2>Brutal Rifters</h2><p ><div><a target=\"_blank\" href=\"https://en.riotpixels.com/games/brutal-rifters/\" rel=\"noopener\"><img class=\"alignleft\" width=\"150\" src=\"https://i3.imageban.ru/out/2022/02/20/40ba9146ca45143d0a326d0359046d57.jpg\"></a></div><br>Genres/Tags: <strong>Action, Third-person, 3D</strong><br>Companies: <strong>CapturedLeek27, Doky</strong><br>Languages: <strong>ENG/MULTI3</strong><br>Original Size: <strong>14.2 GB</strong><br>Repack Size: <strong>8.9 GB</strong></p>&nbsp;<div>&nbsp;</div><h3>Download Mirrors</h3><ul><li><a href=\"https://1337x.to/torrent/5155748/Brutal-Rifters-MULTi3-FitGirl-Repack/\" target=\"_blank\" rel=\"noopener\">1337x</a> | [<a href=\"magnet:?xt=urn:btih:345387515C7F669A0729BCF703709EEE630EC45D&amp;dn=Brutal+Rifters+%28MULTi3%29+%5BFitGirl+Repack%5D&amp;tr=udp%3A%2F%2F46.148.18.250%3A2710&amp;tr=udp%3A%2F%2Fopentor.org%3A2710&amp;tr=udp%3A%2F%2Ftracker.coppersurfer.tk%3A6969%2Fannounce&amp;tr=udp%3A%2F%2Ftracker.opentrackr.org%3A1337%2Fannounce&amp;tr=http%3A%2F%2Ftracker.dler.org%3A6969%2Fannounce&amp;tr=udp%3A%2F%2Ftracker.leechers-paradise.org%3A6969%2Fannounce&amp;tr=udp%3A%2F%2F9.rarbg.me%3A2730%2Fannounce&amp;tr=udp%3A%2F%2F9.rarbg.to%3A2770%2Fannounce&amp;tr=udp%3A%2F%2Ftracker.pirateparty.gr%3A6969%2Fannounce&amp;tr=http%3A%2F%2Fretracker.local%2Fannounce&amp;tr=http%3A%2F%2Fretracker.ip.ncnet.ru%2Fannounce&amp;tr=udp%3A%2F%2Fexodus.desync.com%3A6969%2Fannounce&amp;tr=udp%3A%2F%2Fipv4.tracker.harry.lu%3A80%2Fannounce&amp;tr=udp%3A%2F%2Fopen.stealth.si%3A80%2Fannounce&amp;tr=udp%3A%2F%2Ftracker.zer0day.to%3A1337%2Fannounce&amp;tr=udp%3A%2F%2Ftracker.leechers-paradise.org%3A6969%2Fannounce&amp;tr=udp%3A%2F%2Fcoppersurfer.tk%3A6969%2Fannounce\">magnet</a>] [<a href=\"pastefg.hermietkreeft.site/?8f6324de6c10f6a3#9hFi5joGyGPrHLdBZ1FirmgXTJg7b4bF7Grqp3L4SuVq\" target=\"_blank\" rel=\"noopener\">.torrent file only</a>] <br><img src=\"https://torrent-stats.info/bcf7/385d5462e.png\" style=\"display:block;clear:both\"></li><li><a href=\"https://tapochek.net/viewtopic.php?p=2834696\" target=\"_blank\" rel=\"noopener\">Tapochek.net</a></li><li><a href=\"https://pastefg.hermietkreeft.site/?5043b0ca3dd0bd62#GPZL3vcSadjogH1LwJLdphhF6EUUAafNfGLRrMgG8kPL\" target=\"_blank\" rel=\"noopener\">Filehoster: MultiUpload</a> (10+ hosters, interchangeable) [Use <a href=\"http://jdownloader.org/jdownloader2\" target=\"_blank\" rel=\"noopener\">JDownloader2</a>]</li><li><a href=\"https://pastefg.hermietkreeft.site/?467dfb3375d2041d#4jnUPeMuZyBGG5otAx86zMnDnPbpPATvU91XEPhHeGND\" target=\"_blank\" rel=\"noopener\">Filehoster: ZippyShare</a></li><li><a href=\"https://pastefg.hermietkreeft.site/?462f51ff6deb53ed#5CjaHgU6Hn4tMtB9M2RmS6qMXgo8pUe4vcvLzpcsNhat\" target=\"_blank\" rel=\"noopener\">Filehoster: BayFiles</a></li><li><a href=\"https://pastefg.hermietkreeft.site/?300a8ab1086a9eda#CESdZ5vRZLkYr1cr7mr25myDqoY44LiNG46kCzRdKj2M\" target=\"_blank\" rel=\"noopener\">Filehoster: OneDrive</a> (Uploaded by DyR0 t(-_-t), NOT compatible with other mirrors)</li><li><a href=\"https://crackhub.site/brutal-rifters-fitgirl-repack/\" target=\"_blank\" rel=\"noopener\">Filehosters: Google Drive, OneDrive + others</a> (Uploaded by crackhub213)</li></ul><p><a href=\"https://cs.rin.ru/forum/viewtopic.php?f=10&amp;t=119724\" target=\"_blank\" rel=\"noopener\">Discussion and (possible) future updates on CS.RIN.RU thread</a></p><h3>Screenshots (Click to enlarge)</h3><p><a target=\"_blank\" href=\"https://en.riotpixels.com/games/brutal-rifters/screenshots/8/?utm_source=emb-gfx-html&amp;utm_medium=image&amp;utm_campaign=rp-mass\" rel=\"noopener\"><img loading=\"lazy\" width=\"178\" height=\"100\" border=\"0\" src=\"https://s01.riotpixels.net/data/c0/de/c0de8509-7f5b-49da-95ba-521a2f0821b8.jpg.240p.jpg\"></a><a target=\"_blank\" href=\"https://en.riotpixels.com/games/brutal-rifters/screenshots/7/?utm_source=emb-gfx-html&amp;utm_medium=image&amp;utm_campaign=rp-mass\" rel=\"noopener\"><img loading=\"lazy\" width=\"178\" height=\"100\" border=\"0\" src=\"https://s01.riotpixels.net/data/20/f8/20f8e45e-f9fc-4aa3-8a69-5ab98e473393.jpg.240p.jpg\"></a><a target=\"_blank\" href=\"https://en.riotpixels.com/games/brutal-rifters/screenshots/6/?utm_source=emb-gfx-html&amp;utm_medium=image&amp;utm_campaign=rp-mass\" rel=\"noopener\"><img loading=\"lazy\" width=\"178\" height=\"100\" border=\"0\" src=\"https://s01.riotpixels.net/data/b2/b8/b2b89032-f0a4-4e15-aa8b-4b7151d2f6fa.jpg.240p.jpg\"></a><br><a target=\"_blank\" href=\"https://en.riotpixels.com/games/brutal-rifters/screenshots/5/?utm_source=emb-gfx-html&amp;utm_medium=image&amp;utm_campaign=rp-mass\" rel=\"noopener\"><img loading=\"lazy\" width=\"178\" height=\"100\" border=\"0\" src=\"https://s01.riotpixels.net/data/52/97/5297ac7c-bf32-4ad1-9d18-358fe34d1363.jpg.240p.jpg\"></a><a target=\"_blank\" href=\"https://en.riotpixels.com/games/brutal-rifters/screenshots/2/?utm_source=emb-gfx-html&amp;utm_medium=image&amp;utm_campaign=rp-mass\" rel=\"noopener\"><img loading=\"lazy\" width=\"178\" height=\"100\" border=\"0\" src=\"https://s01.riotpixels.net/data/11/ee/11eec7c8-a7aa-45fe-b92d-dedc392d157e.jpg.240p.jpg\"></a><a target=\"_blank\" href=\"https://en.riotpixels.com/games/brutal-rifters/screenshots/1/?utm_source=emb-gfx-html&amp;utm_medium=image&amp;utm_campaign=rp-mass\" rel=\"noopener\"><img loading=\"lazy\" width=\"178\" height=\"100\" border=\"0\" src=\"https://s01.riotpixels.net/data/51/35/5135c016-8c95-4cbe-b6b8-145163fb6a58.jpg.240p.jpg\"></a></p><h3>Repack Features</h3><ul><li>Based on Brutal.Rifters-PLAZA ISO release: plaza-brutal.rifters.iso (15,208,087,552 bytes)</li><li>100% Lossless &amp; MD5 Perfect: all files are identical to originals after installation</li><li>NOTHING ripped, NOTHING re-encoded</li><li>Significantly smaller archive size (compressed from 14.2 to 8.9 GB)</li><li>Installation takes 10-25 minutes (depending on your system)</li><li>After-install integrity check so you could make sure that everything installed properly</li><li>HDD space after installation: 14.4 GB</li><li>Language can be changed in game settings</li><li>Repack uses compression library by Razor12911</li><li>At least 2 GB of free RAM (inc. virtual) required for installing this repack</li></ul><div ><div><h2>Game Description</h2></div><div ><p>Embark on an adventure with Marcus and Lunatea through various universes conquered by the forces of the dark god in search of the goddess who can stop him and face your friends in a frantic multiplayer mode for up to four players with a wide assortment of characters with unique abilities.</p><p><b><h3>Game Features</h3></b></p><ul><li>Campaign with 4 PVE scenarios for single player mode and LAN and online multiplayer mode for up to 4 players.</li><li>Tons of sub-bosses and bosses to fight that you can then unlock as playable characters.</li><li>3D fantasy action game in third person.</li><li>PVP versus mode for up to 4 players on various interesting maps.</li><li>Frantic combat system with which you will not stop moving, use your skills strategically to surprise your friends and cause damage they will never forget.</li><li>+20 playable characters to unlock with unique abilities.</li></ul></div></div>             </div>"
}