{
    "link": "https://fitgirl-repacks.site/bus-driver-simulator/",
    "title": "Bus Driver Simulator \u2013 v7.0 + 8 DLCs",
    "first_img": "https://i5.imageban.ru/out/2021/09/05/812bb269e610ac04ce7b8c5dc37a8215.jpg",
    "second_img": "https://s01.riotpixels.net/data/99/cf/99cf2175-5d78-4fff-81be-b491e5796787.jpg.240p.jpg",
    "body": "<div ><h2>Bus Driver Simulator \u2013 v7.0 + 8 DLCs</h2><p ><div><a target=\"_blank\" href=\"https://en.riotpixels.com/games/bus-driver-simulator/\" rel=\"noopener\"><img class=\"alignleft\" width=\"150\" src=\"https://i5.imageban.ru/out/2021/09/05/812bb269e610ac04ce7b8c5dc37a8215.jpg\"></a></div><br>Genres/Tags: <strong>Simulation, Buses, First-person, Third-person, 3D</strong><br>Company: <strong>KishMish Games</strong><br>Languages: <strong>RUS/ENG/MULTI15</strong><br>Original Size: <strong>3.2 GB</strong><br>Repack Size: <strong>2 GB</strong></p>&nbsp;<div>&nbsp;</div><h3>Download Mirrors</h3><ul><li><a href=\"https://1337x.to/torrent/4974375/Bus-Driver-Simulator-v7-0-8-DLCs-MULTi15-FitGirl-Repack/\" target=\"_blank\" rel=\"noopener\">1337x</a> | [<a href=\"magnet:?xt=urn:btih:66C1579FE503FC72EED401DBB46A7F27A657728B&amp;dn=Bus+Driver+Simulator+%28v7.0+%2B+8+DLCs%2C+MULTi15%29+%5BFitGirl+Repack%5D&amp;tr=udp%3A%2F%2F46.148.18.250%3A2710&amp;tr=udp%3A%2F%2Fopentor.org%3A2710&amp;tr=udp%3A%2F%2Ftracker.coppersurfer.tk%3A6969%2Fannounce&amp;tr=udp%3A%2F%2Ftracker.opentrackr.org%3A1337%2Fannounce&amp;tr=http%3A%2F%2Ftracker.dler.org%3A6969%2Fannounce&amp;tr=udp%3A%2F%2Ftracker.leechers-paradise.org%3A6969%2Fannounce&amp;tr=udp%3A%2F%2F9.rarbg.me%3A2730%2Fannounce&amp;tr=udp%3A%2F%2F9.rarbg.to%3A2770%2Fannounce&amp;tr=udp%3A%2F%2Ftracker.pirateparty.gr%3A6969%2Fannounce&amp;tr=http%3A%2F%2Fretracker.local%2Fannounce&amp;tr=http%3A%2F%2Fretracker.ip.ncnet.ru%2Fannounce&amp;tr=udp%3A%2F%2Fexodus.desync.com%3A6969%2Fannounce&amp;tr=udp%3A%2F%2Fipv4.tracker.harry.lu%3A80%2Fannounce&amp;tr=udp%3A%2F%2Fopen.stealth.si%3A80%2Fannounce&amp;tr=udp%3A%2F%2Ftracker.zer0day.to%3A1337%2Fannounce&amp;tr=udp%3A%2F%2Ftracker.leechers-paradise.org%3A6969%2Fannounce&amp;tr=udp%3A%2F%2Fcoppersurfer.tk%3A6969%2Fannounce\">magnet</a>] [<a href=\"https://pastefg.hermietkreeft.site/?cf1b5cc40a68cc26#CQ4sPBs51kWZpC8uZDupuq3t1Ld7ASY42akba86v6MYM\" target=\"_blank\" rel=\"noopener\">.torrent file only</a>] <br><img src=\"https://torrent-stats.info/01db/879fa5b.png\" style=\"display:block;clear:both\"></li><li><a href=\"http://rutor.info/torrent/832909/bus-driver-simulator-v-7.0-dlcs-2019-pc-repack-ot-fitgirl\" target=\"_blank\" rel=\"noopener\">RuTor</a> [<a href=\"magnet:?xt=urn:btih:66c1579fe503fc72eed401dbb46a7f27a657728b&amp;dn=rutor.info_Bus+Driver+Simulator+%5Bv+7.0+%2B+DLC%27s%5D+%282019%29+PC+%7C+RePack+%D0%BE%D1%82+FitGirl&amp;tr=udp://opentor.net:6969&amp;tr=udp://opentor.org:2710&amp;tr=http://retracker.local/announce\">magnet</a>]</li><li><a href=\"https://tapochek.net/viewtopic.php?p=2798657\" target=\"_blank\" rel=\"noopener\">Tapochek.net</a></li><li><a href=\"https://pastefg.hermietkreeft.site/?3697d36e2b892462#GhfXePbc76sJgiemD4q9PLuk19VgD2pwnZQQaPZyEhKj\" target=\"_blank\" rel=\"noopener\">Filehoster: MultiUpload</a> (10+ hosters, interchangeable) [Use <a href=\"http://jdownloader.org/jdownloader2\" target=\"_blank\" rel=\"noopener\">JDownloader2</a>]</li><li><a href=\"https://pastefg.hermietkreeft.site/?6b19501a2a8150ce#5FcnsEGWC8pKgkWyTuGDgFyZdu2FgBG1LvzoTgn9b1Uy\" target=\"_blank\" rel=\"noopener\">Filehoster: PixelDrain</a></li><li><a href=\"https://pastefg.hermietkreeft.site/?8f77e28e504bf00b#FLmn1jG7QREaVPutdwmHweEdW5466k8Maq8w3yzJB5ZA\" target=\"_blank\" rel=\"noopener\">Filehoster: ZippyShare</a></li><li><a href=\"https://pastefg.hermietkreeft.site/?ffa696a0e288580d#Hovjs2JZSKuKES8UvinBZtuMeWgbsiWy86EWo6fEQamU\" target=\"_blank\" rel=\"noopener\">Filehoster: LetsUpload</a> [Use <a href=\"http://jdownloader.org/jdownloader2\" target=\"_blank\" rel=\"noopener\">JDownloader2</a>]</li><li><a href=\"https://crackhub.site/bus-driver-simulator-v7-0-8-dlcs-fitgirl-repack/\" target=\"_blank\" rel=\"noopener\">Filehosters: Google Drive, OneDrive + others</a> (Uploaded by crackhub213)</li><li><a href=\"https://pastefg.hermietkreeft.site/?95df3927abea2649#pU9gfm6QWvmogTCLTWHSUT9KqQcYFnvYL8LnMAjzLuh\" target=\"_blank\" rel=\"noopener\">Filehoster: OneDrive</a> (Uploaded by DyR0 t(-_-t), NOT compatible with other mirrors)</li></ul><p><a href=\"https://cs.rin.ru/forum/viewtopic.php?f=10&amp;t=86619\" target=\"_blank\" rel=\"noopener\">Discussion and (possible) future updates on CS.RIN.RU thread</a></p><h3>Screenshots (Click to enlarge)</h3><p><a target=\"_blank\" href=\"https://en.riotpixels.com/games/bus-driver-simulator/screenshots/23/?utm_source=emb-gfx-html&amp;utm_medium=image&amp;utm_campaign=rp-mass\" rel=\"noopener\"><img loading=\"lazy\" width=\"178\" height=\"100\" border=\"0\" src=\"https://s01.riotpixels.net/data/99/cf/99cf2175-5d78-4fff-81be-b491e5796787.jpg.240p.jpg\"></a><a target=\"_blank\" href=\"https://en.riotpixels.com/games/bus-driver-simulator/screenshots/19/?utm_source=emb-gfx-html&amp;utm_medium=image&amp;utm_campaign=rp-mass\" rel=\"noopener\"><img loading=\"lazy\" width=\"178\" height=\"100\" border=\"0\" src=\"https://s01.riotpixels.net/data/2e/7a/2e7a3743-3c35-4b2d-ab96-a456e11e3248.jpg.240p.jpg\"></a><a target=\"_blank\" href=\"https://en.riotpixels.com/games/bus-driver-simulator/screenshots/7/?utm_source=emb-gfx-html&amp;utm_medium=image&amp;utm_campaign=rp-mass\" rel=\"noopener\"><img loading=\"lazy\" width=\"178\" height=\"100\" border=\"0\" src=\"https://s01.riotpixels.net/data/ed/77/ed7769c0-411a-4850-95f9-c4c6095fc536.jpg.240p.jpg\"></a><br><a target=\"_blank\" href=\"https://en.riotpixels.com/games/bus-driver-simulator-russian-soul/screenshots/13/?utm_source=emb-gfx-html&amp;utm_medium=image&amp;utm_campaign=rp-mass\" rel=\"noopener\"><img loading=\"lazy\" width=\"178\" height=\"100\" border=\"0\" src=\"https://s01.riotpixels.net/data/09/35/0935366d-f262-484d-91b9-639f7f0742b4.jpg.240p.jpg\"></a><a target=\"_blank\" href=\"https://en.riotpixels.com/games/bus-driver-simulator-russian-soul/screenshots/11/?utm_source=emb-gfx-html&amp;utm_medium=image&amp;utm_campaign=rp-mass\" rel=\"noopener\"><img loading=\"lazy\" width=\"178\" height=\"100\" border=\"0\" src=\"https://s01.riotpixels.net/data/6c/70/6c70727e-acd5-41d9-9cb7-c18996b0d553.jpg.240p.jpg\"></a><a target=\"_blank\" href=\"https://en.riotpixels.com/games/bus-driver-simulator-russian-soul/screenshots/3/?utm_source=emb-gfx-html&amp;utm_medium=image&amp;utm_campaign=rp-mass\" rel=\"noopener\"><img loading=\"lazy\" width=\"179\" height=\"100\" border=\"0\" src=\"https://s01.riotpixels.net/data/d4/28/d4284292-2491-41df-8344-9835b1517363.jpg.240p.jpg\"></a></p><h3>Repack Features</h3><ul><li>Based on Bus.Driver.Simulator.Russian.Soul-PLAZA ISO release: plaza-bus.driver.simulator.russian.soul.iso (3,400,630,272 bytes)</li><li>Game version: v7.0; 8 DLCs are included and activated</li><li>100% Lossless &amp; MD5 Perfect: all files are identical to originals after installation</li><li>NOTHING ripped, NOTHING re-encoded</li><li>Significantly smaller archive size (compressed from 3.2 to 2 GB)</li><li>Installation takes 3-6 minutes (depending on your system)</li><li>After-install integrity check so you could make sure that everything installed properly</li><li>HDD space after installation: 4 GB (8.8 GB during installation)</li><li>Language can be changed in game settings</li><li>At least 2 GB of free RAM (inc. virtual) required for installing this repack</li></ul><div ><div><h2>Game Description</h2></div><div ><b>Try yourself in a role of a passenger bus driver!</b><br>Complete journeys around the city and its suburbs, strictly following the schedule. Earn money by successfully delivering passengers and following the traffic laws. Complete various scenarios with pre-set conditions or build your own career in Free Mode.<p><b>Action takes place in the real cities \u2013 Russian Serpukhov and German Cologne.</b><br>We took photos of a big part of these cities and their suburbs to recreate buildings and streets as close to real objects as possible. Virtual cities are recreated very in a very accurate way, with every detail preserved. Buildings, bus stops and other objects are situated exactly on their places.</p><p><b>Play as you want! You have freedom of choice.</b><br>Choose routes at your look to drive around the city districts you are interested in. It does not matter whether you like high-speed passenger transportation or slow and relaxed driving. If you do not like pre-set schedule, you can customize it for your driving style. Earn money, buy new buses and upgrade them. Decorate your bus as you want. You will definitely like various decorations for each bus.</p><p><b>Car park for any taste.</b><br>You have a unique chance to drive buses from different eras and countries. You can drive both old Soviet city buses and European long-distance giants.</p><p><b>Life of the driver \u2013 not only on the road.</b><br>Do not forget to occasionally refill your bus so you do not have to call the tow truck. Be prepared to spend a lot of your time in one of the garages where you can upgrade your buses and take a rest.</p><p><b>Dynamic time of day change.</b><br>We have implemented realistic traffic in our game. Also, passenger flow is simulated depending on the day time. Deliver people to their work in the morning when there are traffic jams, in afternoon, when there are less passengers and cars, and in the evening, when there are almost no one on the streets and lamp posts are illuminating the roads.</p><p><b>Widen your game experience.</b><br>Driving is realistic like never before! Connect your VR set, steering wheel and pedals for the best gaming experience.</p><p><b><h3>Game Features</h3></b></p><ul><li>There are thirteen high-detailed buses from different countries and eras (including the ones from DLCs). New buses are regularly being added.</li><li>Recreated cities and their suburbs with area of more than 20 km\u00b2.</li><li>Possibility of upgrading your buses, adding and replacing decoration elements.</li><li>Different weather conditions, dynamic day time change.</li><li>Various traffic situations: traffic jams, accidents, speed bumps, driving at night, long-distance travels.</li><li>Wide functionality on driving a bus.</li><li>Necessity to visit gas stations and garages.</li><li>Steering wheel, gamepad and VR support.</li></ul><p><b>Included DLCs:</b></p><ul><li>Hungarian Legend</li><li>Soviet Legend</li><li>European Minibus</li><li>Old Legend</li><li>Tourist</li><li>Modern City Bus</li><li>Murom Suburbs</li><li>Russian Soul</li></ul></div></div>             </div>"
}