{
    "link": null,
    "title": "Cadence of Hyrule: Crypt of the NecroDancer Featuring The Legend of Zelda \u2013 v1.5.0 + 4 DLCs + Yuzu Emu for PC",
    "first_img": "https://i2.imageban.ru/out/2021/07/08/59d788e58cacd77540e3e517ddfeb0aa.jpg",
    "second_img": [],
    "body": "<div ><h2>Cadence of Hyrule: Crypt of the NecroDancer Featuring The Legend of Zelda \u2013 v1.5.0 + 4 DLCs + Yuzu Emu for PC</h2><p ><div><a target=\"_blank\" href=\"https://en.riotpixels.com/games/cadence-of-hyrule-crypt-of-the-necrodancer-featuring-the-legend-of-zelda/screenshots/\" rel=\"noopener\"><img class=\"alignleft\" width=\"150\" src=\"https://i2.imageban.ru/out/2021/07/08/59d788e58cacd77540e3e517ddfeb0aa.jpg\"></a></div><br>Genres/Tags: <strong>Arcade, Rhythm, RPG, Dungeon crawl, 2D, Retro look</strong><br>Companies: <strong>Brace Yourself Games, Nintendo</strong><br>Languages: <strong>ENG/MULTI10</strong><br>Original Size: <strong>1.7 GB</strong><br>Repack Size: <strong>1.2 GB</strong></p>&nbsp;<div>&nbsp;</div><h3>Download Mirrors</h3><ul><li><a href=\"https://1337x.to/torrent/4913440/Cadence-of-Hyrule-Crypt-of-the-NecroDancer-Featuring-The-Legend-of-Zelda-v1-5-0-4-DLCs-Yuzu-Emu-for-PC-MULTi10-FitGirl-Repack/\" target=\"_blank\" rel=\"noopener\">1337x</a> | [<a href=\"magnet:?xt=urn:btih:317C9882FB8F51B9F0D328000C14B1E6B5E34A33&amp;dn=Cadence+of+Hyrule%3A+Crypt+of+the+NecroDancer+Featuring+The+Legend+of+Zelda+%28v1.5.0+%2B+4+DLCs+%2B+Yuzu+Emu+for+PC%2C+MULTi10%29+%5BFitGirl+Repack%5D&amp;tr=udp%3A%2F%2F46.148.18.250%3A2710&amp;tr=udp%3A%2F%2Fopentor.org%3A2710&amp;tr=udp%3A%2F%2Ftracker.coppersurfer.tk%3A6969%2Fannounce&amp;tr=udp%3A%2F%2Ftracker.opentrackr.org%3A1337%2Fannounce&amp;tr=http%3A%2F%2Ftracker.dler.org%3A6969%2Fannounce&amp;tr=udp%3A%2F%2Ftracker.leechers-paradise.org%3A6969%2Fannounce&amp;tr=udp%3A%2F%2F9.rarbg.me%3A2730%2Fannounce&amp;tr=udp%3A%2F%2F9.rarbg.to%3A2770%2Fannounce&amp;tr=udp%3A%2F%2Ftracker.pirateparty.gr%3A6969%2Fannounce&amp;tr=http%3A%2F%2Fretracker.local%2Fannounce&amp;tr=http%3A%2F%2Fretracker.ip.ncnet.ru%2Fannounce&amp;tr=udp%3A%2F%2Fexodus.desync.com%3A6969%2Fannounce&amp;tr=udp%3A%2F%2Fipv4.tracker.harry.lu%3A80%2Fannounce&amp;tr=udp%3A%2F%2Fopen.stealth.si%3A80%2Fannounce&amp;tr=udp%3A%2F%2Ftracker.zer0day.to%3A1337%2Fannounce&amp;tr=udp%3A%2F%2Ftracker.leechers-paradise.org%3A6969%2Fannounce&amp;tr=udp%3A%2F%2Fcoppersurfer.tk%3A6969%2Fannounce\">magnet</a>] [<a href=\"https://pastefg.hermietkreeft.site/?76a0e5babc1cac29#567z9ZAiGbLouGgTYpXBSPJu7SzCgZGQ1sJJSniGykQA\" target=\"_blank\" rel=\"noopener\">.torrent file only</a>] <br><img src=\"https://torrent-stats.info/2800/b4799000.png\" style=\"display:block;clear:both\"></li><li><a href=\"https://tapochek.net/viewtopic.php?p=2787951\" target=\"_blank\" rel=\"noopener\">Tapochek.net</a></li><li><a href=\"https://pastefg.hermietkreeft.site/?704a12da9f64e76c#AzVFu5xzapqeGeRRJCQGe99ogxWGcFApJXcaQFFtMrWX\" target=\"_blank\" rel=\"noopener\">Filehoster: MultiUpload</a> (10+ hosters, interchangeable) [Use <a href=\"http://jdownloader.org/jdownloader2\" target=\"_blank\" rel=\"noopener\">JDownloader2</a>]</li><li><a href=\"https://pastefg.hermietkreeft.site/?1fb170dd509f3bfc#j3eXM7PY7ffZeSpuvKkhJbkLjLLKLJDxQRCL9Q8Zyk4\" target=\"_blank\" rel=\"noopener\">Filehoster: PixelDrain</a></li><li><a href=\"https://pastefg.hermietkreeft.site/?52fd1a354149eb4c#GrZ5HgeZSaYuQtuVszBf8jeqWmYv7mkQfyzGsfoTk2w3\" target=\"_blank\" rel=\"noopener\">Filehoster: LetsUpload</a> [Use <a href=\"http://jdownloader.org/jdownloader2\" target=\"_blank\" rel=\"noopener\">JDownloader2</a>]</li><li><a href=\"https://crackhub.site/cadence-of-hyrule-crypt-of-the-necrodancer-featuring-the-legend-of-zelda-v1-5-0-4-dlcs-yuzu-emu-for-pc-fitgirl-repack/\" target=\"_blank\" rel=\"noopener\">Filehosters: Google Drive, OneDrive + others</a> (Uploaded by crackhub213)</li><li><a href=\"https://pastefg.hermietkreeft.site/?8b4ed47a8e0977ff#5k7oq5K5nVwGqs9TRPreRGEdVnPJdBF7xsErpRs1NyLn\" target=\"_blank\" rel=\"noopener\">Filehoster: OneDrive</a> (Uploaded by DyR0 t(-_-t), NOT compatible with other mirrors)</li></ul><h3>Screenshots (Click to enlarge)</h3><p><a target=\"_blank\" href=\"https://en.riotpixels.com/games/cadence-of-hyrule-crypt-of-the-necrodancer-featuring-the-legend-of-zelda/screenshots/12/?utm_source=emb-gfx-html&amp;utm_medium=image&amp;utm_campaign=rp-mass\" rel=\"noopener\"><img loading=\"lazy\" width=\"178\" height=\"100\" border=\"0\" src=\"https://s01.riotpixels.net/data/20/8d/208de60f-c8a0-40a6-967b-58a91119f54f.jpg.240p.jpg\"></a><a target=\"_blank\" href=\"https://en.riotpixels.com/games/cadence-of-hyrule-crypt-of-the-necrodancer-featuring-the-legend-of-zelda/screenshots/10/?utm_source=emb-gfx-html&amp;utm_medium=image&amp;utm_campaign=rp-mass\" rel=\"noopener\"><img loading=\"lazy\" width=\"178\" height=\"100\" border=\"0\" src=\"https://s01.riotpixels.net/data/c9/e9/c9e9da76-68db-496b-9b17-4d1593f272ee.jpg.240p.jpg\"></a><a target=\"_blank\" href=\"https://en.riotpixels.com/games/cadence-of-hyrule-crypt-of-the-necrodancer-featuring-the-legend-of-zelda/screenshots/7/?utm_source=emb-gfx-html&amp;utm_medium=image&amp;utm_campaign=rp-mass\" rel=\"noopener\"><img loading=\"lazy\" width=\"178\" height=\"100\" border=\"0\" src=\"https://s01.riotpixels.net/data/ea/bc/eabc794c-5356-43e4-92ac-764d25df50c7.jpg.240p.jpg\"></a><br><a target=\"_blank\" href=\"https://en.riotpixels.com/games/cadence-of-hyrule-crypt-of-the-necrodancer-featuring-the-legend-of-zelda/screenshots/5/?utm_source=emb-gfx-html&amp;utm_medium=image&amp;utm_campaign=rp-mass\" rel=\"noopener\"><img loading=\"lazy\" width=\"178\" height=\"100\" border=\"0\" src=\"https://s01.riotpixels.net/data/eb/9b/eb9ba549-43e9-4492-812b-9b98b3d56a3d.jpg.240p.jpg\"></a><a target=\"_blank\" href=\"https://en.riotpixels.com/games/cadence-of-hyrule-crypt-of-the-necrodancer-featuring-the-legend-of-zelda/screenshots/3/?utm_source=emb-gfx-html&amp;utm_medium=image&amp;utm_campaign=rp-mass\" rel=\"noopener\"><img loading=\"lazy\" width=\"178\" height=\"100\" border=\"0\" src=\"https://s01.riotpixels.net/data/b8/33/b8339ff9-0289-439a-86b9-776c3d3d1ec4.jpg.240p.jpg\"></a><a target=\"_blank\" href=\"https://en.riotpixels.com/games/cadence-of-hyrule-crypt-of-the-necrodancer-featuring-the-legend-of-zelda/screenshots/1/?utm_source=emb-gfx-html&amp;utm_medium=image&amp;utm_campaign=rp-mass\" rel=\"noopener\"><img loading=\"lazy\" width=\"178\" height=\"100\" border=\"0\" src=\"https://s01.riotpixels.net/data/1c/0a/1c0a8926-be24-4b90-b336-a8ccaada50ab.jpg.240p.jpg\"></a></p><h3>Repack Features</h3><ul><li>Based on Switch release with Update v458752/v1.5.0 and 4 DLCs: 1.7 GB</li><li>Yuzu Switch emulator (Early Access v1858, July 7, 2021) is included</li><li>100% Lossless, but NOT MD5 Perfect: encryption was removed for better repack size</li><li>NOTHING ripped, NOTHING re-encoded</li><li>Smaller archive size (compressed from 1.7 to 1.2 GB)</li><li>Installation takes 2-3 minutes</li><li>After-install integrity check so you could make sure that everything installed properly</li><li>HDD space after installation: 1.9 GB (~3.2 GB during installation)</li><li>Language can be changed in game settings</li><li>At least 2 GB of free RAM (inc. virtual) required for installing this repack</li></ul><div ><div><h2>Game Description</h2></div><div >Keep the beat to keep Hyrule from meeting certain doom in Cadence of Hyrule \u2013 Crypt of the NecroDancer Featuring The Legend of Zelda on Nintendo Switch. Discover a one-of-a-kind rhythmic action-adventure that combines the gameplay of Crypt of the NecroDancer with the unique setting and music of The Legend of Zelda series.<p><b>Hyrule won\u2019t save itself</b></p><p>The king of Hyrule has been forced into slumber by a villainous threat that\u2019s determined to spread a cacophony of enchanted music across the land.</p><p>Start your quest as Crypt of the NecroDancer\u2019s heroine Cadence, then, once you\u2019ve got the basics down, choose to play as either Link or Princess Zelda to carry on your journey. Explore a randomly generated overworld and dungeons on a quest to protect the world in this action-packed adventure with a rhythmic twist!</p><p>Navigate the mystifying Lost Woods, wander the streets of Kakariko Village, and visit many memorable locales from The Legend of Zelda series. You might even see a familiar face or two on your travels!</p><p><b>Get your groove on!</b></p><p>In Cadence of Hyrule, every beat of each remixed tune is a chance for you \u2013 and your enemies \u2013 to move from square to square, attack, defend and unleash spells. Time your movements to the music and on-screen beat bar to strategically outstep Octoroks, Lizalfos and even Lynels in rhythmic combat.</p><p>Step inside a dungeon and you\u2019ll find an ever-changing gauntlet of items, challenges and, at the end of each one, a powerful boss monster. Time to step it up!</p></div></div>             </div>"
}