{
    "link": "https://fitgirl-repacks.site/cade-prime/",
    "title": "CADE PRIME",
    "first_img": "https://i6.imageban.ru/out/2021/10/01/4d29647178935cd5ea160fa76d26b714.jpg",
    "second_img": "https://s01.riotpixels.net/data/5d/f2/5df2845f-d4f9-4c82-9487-9b206bda6212.jpg.240p.jpg",
    "body": "<div ><h2>CADE PRIME</h2><p ><div><a target=\"_blank\" href=\"https://en.riotpixels.com/games/cade-prime/\" rel=\"noopener\"><img class=\"alignleft\" width=\"150\" src=\"https://i6.imageban.ru/out/2021/10/01/4d29647178935cd5ea160fa76d26b714.jpg\"></a></div><br>Genres/Tags: <strong>Platform adventure, Third-Person, Puzzle-Solving, 3D</strong><br>Companies: <strong>Archor Wright, Archor Games</strong><br>Language: <strong>ENG</strong><br>Original Size: <strong>732 MB</strong><br>Repack Size: <strong>212 MB</strong></p>&nbsp;<div>&nbsp;</div><h3>Download Mirrors</h3><ul><li><a href=\"https://1337x.to/torrent/5001867/CADE-PRIME-FitGirl-Repack/\" target=\"_blank\" rel=\"noopener\">1337x</a> | [<a href=\"magnet:?xt=urn:btih:485D7066D88ED64D7137B05AB85D73D847C66E59&amp;dn=CADE+PRIME+%5BFitGirl+Repack%5D&amp;tr=udp%3A%2F%2F46.148.18.250%3A2710&amp;tr=udp%3A%2F%2Fopentor.org%3A2710&amp;tr=udp%3A%2F%2Ftracker.coppersurfer.tk%3A6969%2Fannounce&amp;tr=udp%3A%2F%2Ftracker.opentrackr.org%3A1337%2Fannounce&amp;tr=http%3A%2F%2Ftracker.dler.org%3A6969%2Fannounce&amp;tr=udp%3A%2F%2Ftracker.leechers-paradise.org%3A6969%2Fannounce&amp;tr=udp%3A%2F%2F9.rarbg.me%3A2730%2Fannounce&amp;tr=udp%3A%2F%2F9.rarbg.to%3A2770%2Fannounce&amp;tr=udp%3A%2F%2Ftracker.pirateparty.gr%3A6969%2Fannounce&amp;tr=http%3A%2F%2Fretracker.local%2Fannounce&amp;tr=http%3A%2F%2Fretracker.ip.ncnet.ru%2Fannounce&amp;tr=udp%3A%2F%2Fexodus.desync.com%3A6969%2Fannounce&amp;tr=udp%3A%2F%2Fipv4.tracker.harry.lu%3A80%2Fannounce&amp;tr=udp%3A%2F%2Fopen.stealth.si%3A80%2Fannounce&amp;tr=udp%3A%2F%2Ftracker.zer0day.to%3A1337%2Fannounce&amp;tr=udp%3A%2F%2Ftracker.leechers-paradise.org%3A6969%2Fannounce&amp;tr=udp%3A%2F%2Fcoppersurfer.tk%3A6969%2Fannounce\">magnet</a>] [<a href=\"https://pastefg.hermietkreeft.site/?1212e6156c0bf43d#7tTQBAXzF2HUGvE7K1mG4Qm25cH263yE2PJmdZDeqGXv\" target=\"_blank\" rel=\"noopener\">.torrent file only</a>] <br><img src=\"https://torrent-stats.info/b05a/32a4da89c.png\" style=\"display:block;clear:both\"></li><li><a href=\"https://tapochek.net/viewtopic.php?p=2803461\" target=\"_blank\" rel=\"noopener\">Tapochek.net</a></li><li><a href=\"https://pastefg.hermietkreeft.site/?277e0decaa67dd32#H2nMsAVonveM4BzN2Hoivz5AuyUM8mHJax49eHmPFoXE\" target=\"_blank\" rel=\"noopener\">Filehoster: MultiUpload</a> (10+ hosters, interchangeable) [Use <a href=\"http://jdownloader.org/jdownloader2\" target=\"_blank\" rel=\"noopener\">JDownloader2</a>]</li><li><a href=\"https://pastefg.hermietkreeft.site/?3a10af08a5f70722#DxDY7EYZbJRgYBvcq1TjYrVktCmVThQWgPMGQ4JYDE7n\" target=\"_blank\" rel=\"noopener\">Filehoster: PixelDrain</a></li><li><a href=\"https://pastefg.hermietkreeft.site/?f7a101a47612097c#hLhSZwTHGcZC91WxMmoRs6F7BFjpDangj2ZQJFFjM1T\" target=\"_blank\" rel=\"noopener\">Filehoster: ZippyShare</a></li><li><a href=\"https://pastefg.hermietkreeft.site/?67ef5aa79c8cf2a2#9BKf9y6nj4Sc3SsYBhRLiRusJ9f6qMANU6wwp1vG75AQ\" target=\"_blank\" rel=\"noopener\">Filehoster: LetsUpload</a> [Use <a href=\"http://jdownloader.org/jdownloader2\" target=\"_blank\" rel=\"noopener\">JDownloader2</a>]</li><li><a href=\"https://pastefg.hermietkreeft.site/?e9161a6f58d8edbe#BEP2eu3ZgFjAGKWth14iQdswGWswkx9wFLkeNXjKMheR\" target=\"_blank\" rel=\"noopener\">Filehoster: OneDrive</a> (Uploaded by DyR0 t(-_-t), NOT compatible with other mirrors)</li></ul><p><a href=\"https://cs.rin.ru/forum/viewtopic.php?f=10&amp;t=116178\" target=\"_blank\" rel=\"noopener\">Discussion and (possible) future updates on CS.RIN.RU thread</a></p><h3>Screenshots (Click to enlarge)</h3><p><a target=\"_blank\" href=\"https://en.riotpixels.com/games/cade-prime/screenshots/9/?utm_source=emb-gfx-html&amp;utm_medium=image&amp;utm_campaign=rp-mass\" rel=\"noopener\"><img loading=\"lazy\" width=\"178\" height=\"100\" border=\"0\" src=\"https://s01.riotpixels.net/data/5d/f2/5df2845f-d4f9-4c82-9487-9b206bda6212.jpg.240p.jpg\"></a><a target=\"_blank\" href=\"https://en.riotpixels.com/games/cade-prime/screenshots/7/?utm_source=emb-gfx-html&amp;utm_medium=image&amp;utm_campaign=rp-mass\" rel=\"noopener\"><img loading=\"lazy\" width=\"178\" height=\"100\" border=\"0\" src=\"https://s01.riotpixels.net/data/1c/14/1c14280a-42c3-4b1e-94be-8b5ddac2adcc.jpg.240p.jpg\"></a><a target=\"_blank\" href=\"https://en.riotpixels.com/games/cade-prime/screenshots/6/?utm_source=emb-gfx-html&amp;utm_medium=image&amp;utm_campaign=rp-mass\" rel=\"noopener\"><img loading=\"lazy\" width=\"178\" height=\"100\" border=\"0\" src=\"https://s01.riotpixels.net/data/63/48/634878f5-9f4a-42bd-b176-9b298a07cfa9.jpg.240p.jpg\"></a><br><a target=\"_blank\" href=\"https://en.riotpixels.com/games/cade-prime/screenshots/4/?utm_source=emb-gfx-html&amp;utm_medium=image&amp;utm_campaign=rp-mass\" rel=\"noopener\"><img loading=\"lazy\" width=\"178\" height=\"100\" border=\"0\" src=\"https://s01.riotpixels.net/data/95/9c/959cc222-f953-4cb7-8124-e50fa8ea2079.jpg.240p.jpg\"></a><a target=\"_blank\" href=\"https://en.riotpixels.com/games/cade-prime/screenshots/3/?utm_source=emb-gfx-html&amp;utm_medium=image&amp;utm_campaign=rp-mass\" rel=\"noopener\"><img loading=\"lazy\" width=\"178\" height=\"100\" border=\"0\" src=\"https://s01.riotpixels.net/data/9b/9e/9b9eae4c-66e3-459d-9cca-7aa44330f243.jpg.240p.jpg\"></a><a target=\"_blank\" href=\"https://en.riotpixels.com/games/cade-prime/screenshots/2/?utm_source=emb-gfx-html&amp;utm_medium=image&amp;utm_campaign=rp-mass\" rel=\"noopener\"><img loading=\"lazy\" width=\"178\" height=\"100\" border=\"0\" src=\"https://s01.riotpixels.net/data/84/3b/843b7fef-e277-4abe-90f1-d99fe57cd967.jpg.240p.jpg\"></a></p><h3>Repack Features</h3><ul><li>Based on CADE.PRIME-DOGE ISO release: wow-cade.prime.iso (767,971,328 bytes)</li><li>100% Lossless &amp; MD5 Perfect: all files are identical to originals after installation</li><li>NOTHING ripped, NOTHING re-encoded</li><li>Significantly smaller archive size (compressed from 732 to 212 MB)</li><li>Installation takes one minute</li><li>After-install integrity check so you could make sure that everything installed properly</li><li>HDD space after installation: 1 GB (1.9 GB during installation)</li><li>At least 2 GB of free RAM (inc. virtual) required for installing this repack</li></ul><div ><div><h2>Game Description</h2></div><div >CADE PRIME is the DoD\u2019s most advanced android. Bad Dudes have placed him inside of the Mainframe. Can You help him solve challenging puzzles in order to escape ?<p>Featuring Puzzles, Parkour and Platforming Action.</p><p>Each Level gets more challenging.</p><p>Interact with the objects in each area to test Your logic skills.</p></div></div>             </div>"
}