{
    "link": "https://fitgirl-repacks.site/calluna/",
    "title": "Calluna",
    "first_img": "https://i7.imageban.ru/out/2021/10/02/fb3a61b0904098a799c99e74cbadc3f3.jpg",
    "second_img": "https://s01.riotpixels.net/data/9e/d2/9ed2c9f3-7bb0-4653-9420-b7be7e0fa155.jpg.240p.jpg",
    "body": "<div ><h2>Calluna</h2><p ><div><a target=\"_blank\" href=\"https://en.riotpixels.com/games/calluna/\" rel=\"noopener\"><img class=\"alignleft\" width=\"150\" src=\"https://i7.imageban.ru/out/2021/10/02/fb3a61b0904098a799c99e74cbadc3f3.jpg\"></a></div><br>Genres/Tags: <strong>Adventure, First-person, 3D</strong><br>Company: <strong>Surrealist AS</strong><br>Language: <strong>ENG</strong><br>Original Size: <strong>1.6 GB</strong><br>Repack Size: <strong>674 MB</strong></p>&nbsp;<div>&nbsp;</div><h3>Download Mirrors</h3><ul><li><a href=\"https://1337x.to/torrent/5003779/Calluna-FitGirl-Repack/\" target=\"_blank\" rel=\"noopener\">1337x</a> | [<a href=\"magnet:?xt=urn:btih:B627C7ED676C28FCBAE7F14F7F0F9D19950F0BD6&amp;dn=Calluna+%5BFitGirl+Repack%5D&amp;tr=udp%3A%2F%2F46.148.18.250%3A2710&amp;tr=udp%3A%2F%2Fopentor.org%3A2710&amp;tr=udp%3A%2F%2Ftracker.coppersurfer.tk%3A6969%2Fannounce&amp;tr=udp%3A%2F%2Ftracker.opentrackr.org%3A1337%2Fannounce&amp;tr=http%3A%2F%2Ftracker.dler.org%3A6969%2Fannounce&amp;tr=udp%3A%2F%2Ftracker.leechers-paradise.org%3A6969%2Fannounce&amp;tr=udp%3A%2F%2F9.rarbg.me%3A2730%2Fannounce&amp;tr=udp%3A%2F%2F9.rarbg.to%3A2770%2Fannounce&amp;tr=udp%3A%2F%2Ftracker.pirateparty.gr%3A6969%2Fannounce&amp;tr=http%3A%2F%2Fretracker.local%2Fannounce&amp;tr=http%3A%2F%2Fretracker.ip.ncnet.ru%2Fannounce&amp;tr=udp%3A%2F%2Fexodus.desync.com%3A6969%2Fannounce&amp;tr=udp%3A%2F%2Fipv4.tracker.harry.lu%3A80%2Fannounce&amp;tr=udp%3A%2F%2Fopen.stealth.si%3A80%2Fannounce&amp;tr=udp%3A%2F%2Ftracker.zer0day.to%3A1337%2Fannounce&amp;tr=udp%3A%2F%2Ftracker.leechers-paradise.org%3A6969%2Fannounce&amp;tr=udp%3A%2F%2Fcoppersurfer.tk%3A6969%2Fannounce\">magnet</a>] [<a href=\"https://pastefg.hermietkreeft.site/?2a429c37533ed9df#EaZFyiRFJTjPNyVupeWTNsSEksXZCnsmz4fyPmP7VtTX\" target=\"_blank\" rel=\"noopener\">.torrent file only</a>] <br><img src=\"https://torrent-stats.info/f14f/4552417c5.png\" style=\"display:block;clear:both\"></li><li><a href=\"https://tapochek.net/viewtopic.php?p=2803731\" target=\"_blank\" rel=\"noopener\">Tapochek.net</a></li><li><a href=\"https://pastefg.hermietkreeft.site/?1568d361fac3a033#He9iCDw1457vwjGCD1w8jRiyY6HmKXy4wqVeGFWFbmpx\" target=\"_blank\" rel=\"noopener\">Filehoster: MultiUpload</a> (10+ hosters, interchangeable) [Use <a href=\"http://jdownloader.org/jdownloader2\" target=\"_blank\" rel=\"noopener\">JDownloader2</a>]</li><li><a href=\"https://pastefg.hermietkreeft.site/?fa9fd20b9a964558#8c968KMdy7HphQMUxRrUxV6dxzmcWLR4d9RWwEAEHdiY\" target=\"_blank\" rel=\"noopener\">Filehoster: PixelDrain</a></li><li><a href=\"https://pastefg.hermietkreeft.site/?719abba03d8d7d0f#43obrcdW8KVR4Zi2qToYzrNVPSneNvU1SYNEba3iGcTq\" target=\"_blank\" rel=\"noopener\">Filehoster: ZippyShare</a></li><li><a href=\"https://pastefg.hermietkreeft.site/?898862bd309691af#Cm9xUnNs9EWsew1iPLX8RYp2KXf216cea1C6BUcQikYG\" target=\"_blank\" rel=\"noopener\">Filehoster: LetsUpload</a> [Use <a href=\"http://jdownloader.org/jdownloader2\" target=\"_blank\" rel=\"noopener\">JDownloader2</a>]</li><li><a href=\"https://pastefg.hermietkreeft.site/?c01c4171f3dae0d5#EETJo34TPcJr531xCAtymatUpSWtHXnz49psi4wLxypz\" target=\"_blank\" rel=\"noopener\">Filehoster: OneDrive</a> (Uploaded by DyR0 t(-_-t), NOT compatible with other mirrors)</li></ul><p><a href=\"https://cs.rin.ru/forum/viewtopic.php?f=10&amp;t=116186\" target=\"_blank\" rel=\"noopener\">Discussion and (possible) future updates on CS.RIN.RU thread</a></p><h3>Screenshots (Click to enlarge)</h3><p><a target=\"_blank\" href=\"https://en.riotpixels.com/games/calluna/screenshots/6/?utm_source=emb-gfx-html&amp;utm_medium=image&amp;utm_campaign=rp-mass\" rel=\"noopener\"><img loading=\"lazy\" width=\"178\" height=\"100\" border=\"0\" src=\"https://s01.riotpixels.net/data/9e/d2/9ed2c9f3-7bb0-4653-9420-b7be7e0fa155.jpg.240p.jpg\"></a><a target=\"_blank\" href=\"https://en.riotpixels.com/games/calluna/screenshots/5/?utm_source=emb-gfx-html&amp;utm_medium=image&amp;utm_campaign=rp-mass\" rel=\"noopener\"><img loading=\"lazy\" width=\"178\" height=\"100\" border=\"0\" src=\"https://s01.riotpixels.net/data/36/5a/365a115d-9daa-434b-9da8-0e240bf21870.jpg.240p.jpg\"></a><a target=\"_blank\" href=\"https://en.riotpixels.com/games/calluna/screenshots/4/?utm_source=emb-gfx-html&amp;utm_medium=image&amp;utm_campaign=rp-mass\" rel=\"noopener\"><img loading=\"lazy\" width=\"178\" height=\"100\" border=\"0\" src=\"https://s01.riotpixels.net/data/69/23/6923813e-bbc5-4c56-be9b-d8a292f827ca.jpg.240p.jpg\"></a><br><a target=\"_blank\" href=\"https://en.riotpixels.com/games/calluna/screenshots/3/?utm_source=emb-gfx-html&amp;utm_medium=image&amp;utm_campaign=rp-mass\" rel=\"noopener\"><img loading=\"lazy\" width=\"178\" height=\"100\" border=\"0\" src=\"https://s01.riotpixels.net/data/83/24/83242746-f219-4da0-bdce-9643752ca68b.jpg.240p.jpg\"></a><a target=\"_blank\" href=\"https://en.riotpixels.com/games/calluna/screenshots/2/?utm_source=emb-gfx-html&amp;utm_medium=image&amp;utm_campaign=rp-mass\" rel=\"noopener\"><img loading=\"lazy\" width=\"178\" height=\"100\" border=\"0\" src=\"https://s01.riotpixels.net/data/2d/71/2d71e1fd-c8c6-49a7-ba06-0bea22d497b7.jpg.240p.jpg\"></a><a target=\"_blank\" href=\"https://en.riotpixels.com/games/calluna/screenshots/1/?utm_source=emb-gfx-html&amp;utm_medium=image&amp;utm_campaign=rp-mass\" rel=\"noopener\"><img loading=\"lazy\" width=\"178\" height=\"100\" border=\"0\" src=\"https://s01.riotpixels.net/data/1e/51/1e5138fc-3b80-4f9b-a3fa-f22bc28e6bdc.jpg.240p.jpg\"></a></p><h3>Repack Features</h3><ul><li>Based on Calluna-TiNYiSO ISO release: tn-calluna.iso (1,758,408,704 bytes)</li><li>100% Lossless &amp; MD5 Perfect: all files are identical to originals after installation</li><li>NOTHING ripped, NOTHING re-encoded</li><li>Significantly smaller archive size (compressed from 1.6 GB to 674 MB)</li><li>Installation takes one minute</li><li>After-install integrity check so you could make sure that everything installed properly</li><li>HDD space after installation: 3.8 GB</li><li>Repack uses XTool library by Razor12911</li><li>At least 2 GB of free RAM (inc. virtual) required for installing this repack</li></ul><div ><div><h2>Game Description</h2></div><div >Calluna is a small adventure game about the Norwegian composer and violinist Ole Bull (1810 \u2013 1880).<p>In Calluna, you can play as Ole Bull in four independent adventures as young, old, rich, and poor. Walk the streets of Bergen, Paris, and Cairo in first-person and explore a semi-open world filled with interactive items, townspeople, and collectibles. Solve quests based on historical events and follow Ole Bull\u2019s dream of fame and glory.</p><p><b>About Ole Bull</b><br>Ole Bull was a Norwegian violinist and composer and one of the greatest performing artists of the 19th century. Bull was caught up in a rising tide of Norwegian romantic nationalism and acclaimed the idea of Norway as a sovereign state, separated from Sweden. He was a child prodigy, and he gave his public debut as a soloist at age nine. He is believed to have composed more than 70 works, but only about ten are known today. Ole Bull became incredibly famous and made a huge fortune. Ole was inspired by the beautiful Norwegian scenery and drawn towards the highest mountains. He was also an entrepreneur and tried to establish a colony in Pennsylvania, US, in 1852.</p><p><b><h3>Game Features</h3></b></p><ul><li>Take part in the life of Norway\u2019s first superstar and celebrity, Ole Bull</li><li>Solve quests based on historical events from his turbulent life</li><li>Experience Norwegian scenery, history, and national romance</li></ul></div></div>             </div>"
}