{
    "link": "https://fitgirl-repacks.site/call-to-arms/",
    "title": "Call to Arms: Ultimate Edition \u2013 v1.228.0 + All DLCs",
    "first_img": "https://i6.imageban.ru/out/2021/11/03/a5e22a641fead9ae31caaacb31b03dd9.jpg",
    "second_img": "https://s01.riotpixels.net/data/55/98/5598bdaa-3c4b-4c8e-9f48-6782a7167d86.jpg.240p.jpg",
    "body": "<div ><h2>Call to Arms: Ultimate Edition \u2013 v1.228.0 + All DLCs</h2><p ><div><a target=\"_blank\" href=\"https://en.riotpixels.com/games/call-to-arms/\" rel=\"noopener\"><img class=\"alignleft\" width=\"150\" src=\"https://i6.imageban.ru/out/2021/11/03/a5e22a641fead9ae31caaacb31b03dd9.jpg\"></a></div><br>Genres/Tags: <strong>Strategy, Tactics, Isometric, 3D, Real-time</strong><br>Company: <strong>Digitalmindsoft</strong><br>Languages: <strong>RUS/ENG/MULTI7</strong><br>Original Size: <strong>23.3 GB</strong><br>Repack Size: <strong>14.5 GB</strong></p>&nbsp;<div>&nbsp;</div><h3>Download Mirrors</h3><ul><li><a href=\"https://1337x.to/torrent/5038556/Call-to-Arms-Ultimate-Edition-v1-228-0-All-DLCs-MULTi7-FitGirl-Repack/\" target=\"_blank\" rel=\"noopener\">1337x</a> | [<a href=\"magnet:?xt=urn:btih:CAC164176830CC3C558D6E734B23D04818D5CA11&amp;dn=Call+to+Arms%3A+Ultimate+Edition+%28v1.228.0+%2B+All+DLCs%2C+MULTi7%29+%5BFitGirl+Repack%5D&amp;tr=udp%3A%2F%2F46.148.18.250%3A2710&amp;tr=udp%3A%2F%2Fopentor.org%3A2710&amp;tr=udp%3A%2F%2Ftracker.coppersurfer.tk%3A6969%2Fannounce&amp;tr=udp%3A%2F%2Ftracker.opentrackr.org%3A1337%2Fannounce&amp;tr=http%3A%2F%2Ftracker.dler.org%3A6969%2Fannounce&amp;tr=udp%3A%2F%2Ftracker.leechers-paradise.org%3A6969%2Fannounce&amp;tr=udp%3A%2F%2F9.rarbg.me%3A2730%2Fannounce&amp;tr=udp%3A%2F%2F9.rarbg.to%3A2770%2Fannounce&amp;tr=udp%3A%2F%2Ftracker.pirateparty.gr%3A6969%2Fannounce&amp;tr=http%3A%2F%2Fretracker.local%2Fannounce&amp;tr=http%3A%2F%2Fretracker.ip.ncnet.ru%2Fannounce&amp;tr=udp%3A%2F%2Fexodus.desync.com%3A6969%2Fannounce&amp;tr=udp%3A%2F%2Fipv4.tracker.harry.lu%3A80%2Fannounce&amp;tr=udp%3A%2F%2Fopen.stealth.si%3A80%2Fannounce&amp;tr=udp%3A%2F%2Ftracker.zer0day.to%3A1337%2Fannounce&amp;tr=udp%3A%2F%2Ftracker.leechers-paradise.org%3A6969%2Fannounce&amp;tr=udp%3A%2F%2Fcoppersurfer.tk%3A6969%2Fannounce\">magnet</a>] [<a href=\"https://pastefg.hermietkreeft.site/?3e963a58f5d5252f#BkLKwsJ1coMRMcQyKV3VKMLomB41GqLGgddocqRzDh2v\" target=\"_blank\" rel=\"noopener\">.torrent file only</a>] <br><img src=\"https://torrent-stats.info/6e73/2007fdda0.png\" style=\"display:block;clear:both\"></li><li><a href=\"http://rutor.info/torrent/843274/call-to-arms-ultimate-edition-v-1.228.0-dlcs-2018-pc-repack-ot-fitgirl\" target=\"_blank\" rel=\"noopener\">RuTor</a> [<a href=\"magnet:?xt=urn:btih:cac164176830cc3c558d6e734b23d04818d5ca11&amp;dn=rutor.info_Call+to+Arms%3A+Ultimate+Edition+%5Bv+1.228.0+%2B+DLCs%5D+%282018%29+PC+%7C+RePack+%D0%BE%D1%82+FitGirl&amp;tr=udp://opentor.net:6969&amp;tr=udp://opentor.org:2710&amp;tr=http://retracker.local/announce\">magnet</a>]</li><li><a href=\"https://tapochek.net/viewtopic.php?p=2809376\" target=\"_blank\" rel=\"noopener\">Tapochek.net</a></li><li><a href=\"https://pastefg.hermietkreeft.site/?0b4730bc4186018c#DMwAtpxkJWXLhhVyi5VnGQVymibdzytN6s42LjTpJuta\" target=\"_blank\" rel=\"noopener\">Filehoster: MultiUpload</a> (10+ hosters, interchangeable) [Use <a href=\"http://jdownloader.org/jdownloader2\" target=\"_blank\" rel=\"noopener\">JDownloader2</a>]</li><li><a href=\"https://pastefg.hermietkreeft.site/?ed990b1913c98839#6yS3uVwPgCiymquh5GDVWgaSeoSKbiUhG4PNjWXgB8Ft\" target=\"_blank\" rel=\"noopener\">Filehoster: PixelDrain</a></li><li><a href=\"https://pastefg.hermietkreeft.site/?a286789d4412e30e#Carb93eb5GWmFRcZLjAPUXtbL4aYYWbXkGzQA9jdzpDe\" target=\"_blank\" rel=\"noopener\">Filehoster: ZippyShare</a></li><li><a href=\"https://pastefg.hermietkreeft.site/?43cd5915fda1664a#6GKHcJq3kFhC2Chqsahmk7wg5CgWyMCy25HAQmP1rxW\" target=\"_blank\" rel=\"noopener\">Filehoster: BayFiles</a></li><li><a href=\"https://pastefg.hermietkreeft.site/?872845f9d1bdca4b#72iB55K4FQgPcaXrmfj4ji3cQpKptdLipoh8FKMMvveq\" target=\"_blank\" rel=\"noopener\">Filehoster: LetsUpload</a> [Use <a href=\"http://jdownloader.org/jdownloader2\" target=\"_blank\" rel=\"noopener\">JDownloader2</a>]</li><li><a href=\"https://pastefg.hermietkreeft.site/?be6477485578979c#HEpG2i3JDhP438eFNyNeowLQu5CBTA8z5DKDw2TmW7SS\" target=\"_blank\" rel=\"noopener\">Filehoster: OneDrive</a> (Uploaded by DyR0 t(-_-t), NOT compatible with other mirrors)</li><p><!--  <li><a href=\"\" target=\"_blank\" rel=\"noopener\">Filehosters: Google Drive, OneDrive + others</a> (Uploaded by crackhub213)</li>  --></p></ul><p><a href=\"https://cs.rin.ru/forum/viewtopic.php?f=10&amp;t=68288\" target=\"_blank\" rel=\"noopener\">Discussion and (possible) future updates on CS.RIN.RU thread</a></p><h3>Screenshots (Click to enlarge)</h3><p><a target=\"_blank\" href=\"https://en.riotpixels.com/games/call-to-arms/screenshots/73/?utm_source=emb-gfx-html&amp;utm_medium=image&amp;utm_campaign=rp-mass\" rel=\"noopener\"><img loading=\"lazy\" width=\"178\" height=\"100\" border=\"0\" src=\"https://s01.riotpixels.net/data/55/98/5598bdaa-3c4b-4c8e-9f48-6782a7167d86.jpg.240p.jpg\"></a><a target=\"_blank\" href=\"https://en.riotpixels.com/games/call-to-arms/screenshots/70/?utm_source=emb-gfx-html&amp;utm_medium=image&amp;utm_campaign=rp-mass\" rel=\"noopener\"><img loading=\"lazy\" width=\"178\" height=\"100\" border=\"0\" src=\"https://s01.riotpixels.net/data/d8/3b/d83b0ea4-dd64-4a07-9a1f-57134e7e9867.jpg.240p.jpg\"></a><a target=\"_blank\" href=\"https://en.riotpixels.com/games/call-to-arms/screenshots/63/?utm_source=emb-gfx-html&amp;utm_medium=image&amp;utm_campaign=rp-mass\" rel=\"noopener\"><img loading=\"lazy\" width=\"178\" height=\"100\" border=\"0\" src=\"https://s01.riotpixels.net/data/1a/4a/1a4a5b4a-d7a7-407e-90b9-e24729aab972.jpg.240p.jpg\"></a><br><a target=\"_blank\" href=\"https://en.riotpixels.com/games/call-to-arms/screenshots/59/?utm_source=emb-gfx-html&amp;utm_medium=image&amp;utm_campaign=rp-mass\" rel=\"noopener\"><img loading=\"lazy\" width=\"178\" height=\"100\" border=\"0\" src=\"https://s01.riotpixels.net/data/84/51/84512049-a469-4599-8f1a-5f95de40ded3.jpg.240p.jpg\"></a><a target=\"_blank\" href=\"https://en.riotpixels.com/games/call-to-arms/screenshots/57/?utm_source=emb-gfx-html&amp;utm_medium=image&amp;utm_campaign=rp-mass\" rel=\"noopener\"><img loading=\"lazy\" width=\"178\" height=\"100\" border=\"0\" src=\"https://s01.riotpixels.net/data/c0/31/c0314299-ea36-4a05-be90-b60c4f97e60e.jpg.240p.jpg\"></a><a target=\"_blank\" href=\"https://en.riotpixels.com/games/call-to-arms/screenshots/51/?utm_source=emb-gfx-html&amp;utm_medium=image&amp;utm_campaign=rp-mass\" rel=\"noopener\"><img loading=\"lazy\" width=\"178\" height=\"100\" border=\"0\" src=\"https://s01.riotpixels.net/data/f4/14/f414eb8e-5ee5-42b6-9dd9-512bba146f2e.jpg.240p.jpg\"></a></p><h3>Repack Features</h3><ul><li>Based on Call.to.Arms.Ultimate.Edition-CODEX ISO release: codex-call.to.arms.ultimate.edition.iso (25,048,645,632 bytes)</li><li>Game version: v1.228.0; All DLCs are included and activated</li><li>100% Lossless &amp; MD5 Perfect: all files are identical to originals after installation</li><li>NOTHING ripped, NOTHING re-encoded</li><li>Significantly smaller archive size (compressed from 23.3 to 14.5 GB)</li><li>Installation takes 5-12 minutes (depending on your system)</li><li>After-install integrity check so you could make sure that everything installed properly</li><li>HDD space after installation: 43 GB</li><li>Language can be changed in game settings</li><li>Repack uses XTool library by Razor12911</li><li>At least 2 GB of free RAM (inc. virtual) required for installing this repack</li></ul><div ><div><h2>Game Description</h2></div><div ><p>Call to Arms offers an innovative mix of real-time strategy and 3rd, as well as 1st person controls. Set in the time of modern warfare, the game offers realistically modeled vehicles and heavy weaponry, as well as dozens of firearms and customizations. Command your troops to victory or fight by yourself in the 3rd or 1st person action mode.</p><p>Conquer rural areas, factories, railway stations and towns during intense missions and use the environment to your advantage. Cover is everywhere, and almost everything can be destroyed. An unseen amount of challenges are awaiting you in exciting, yet competitive online combat supported by Steamworks!</p><p>The Ultimate Edition of Call to Arms includes the Deluxe Edition and Season Pass!</p><p><b>The Season Pass includes:</b></p><ul><li>The Allied Army DLC, including two minor factions and a GRM singleplayer campaign</li><li>The German Army DLC, including the German faction and a new singleplayer campaign</li><li>The Russian Army DLC, including the Russian faction and a new singleplayer campaign</li></ul><p><b><h3>Game Features</h3></b></p><ul><li><b>Real-Time Strategy:</b> Control several dozen units and place your squads in cover, flank your enemies and support your allies while advancing to the next key objective. Plant claymores, fortifiy FOBs, or set up mortar positions. There is an endless amount of options to choose in the RTS mode of Call to Arms.</li><li><b>1st/3rd Person Controls:</b> Not only can you defeat your enemies as a commander, but also by taking over any of your individual soldiers. You can control them in 3rd person view, as well as first person. The game has no limits!</li><li><b>Tanks:</b> Take over one of your vehicles at any time and join the heat of combat during intense tank warfare! Call to Arms offers you the ability to control every single unit to the last bit, including the type of ammunition you can use to take out enemy targets.</li><li><b>Helicopters:</b> If you need that little bit of extra fire power, then hop into a helicopter and support your allies in online matches with some serious air support that leaves no room for escape!</li></ul><p><b>Included DLCs:</b></p><ul><li>Allied Army</li><li>Basic Edition</li><li>German Army</li><li>Russian Army</li><li>Deluxe Edition (offline bonuses only)</li></ul></div></div><p><b>Backwards Compatibility</b></p><p>This repack IS NOT backwards compatible with my previous CtA repacks.</p>             </div>"
}