{
    "link": "https://fitgirl-repacks.site/call-to-arms-gates-of-hell-ostfront/",
    "title": "Call to Arms: Gates of Hell \u2013 Ostfront \u2013 v1.016",
    "first_img": "https://i2.imageban.ru/out/2021/11/02/1c7059416c5702f328980e776648f83a.jpg",
    "second_img": "https://s01.riotpixels.net/data/2f/c2/2fc237b4-24fe-4300-b5ba-7919cbb92e8c.jpg.240p.jpg",
    "body": "<div ><h2>Call to Arms: Gates of Hell \u2013 Ostfront \u2013 v1.016</h2><p ><div><a target=\"_blank\" href=\"http://en.riotpixels.com/games/call-to-arms-gates-of-hell-ostfront/\" rel=\"noopener\"><img class=\"alignleft\" width=\"150\" src=\"https://i2.imageban.ru/out/2021/11/02/1c7059416c5702f328980e776648f83a.jpg\"></a></div><br>Genres/Tags: <strong>Strategy, Tactics, Isometric, World War II, Third-person, Real-time, 3D</strong><br>Companies: <strong>Barbedwire Studios, Digitalmindsoft</strong><br>Languages: <strong>RUS/ENG/MULTI7</strong><br>Original Size: <strong>15.5 GB</strong><br>Repack Size: <strong>from 8.2 GB</strong> [Selective Download]</p>&nbsp;<div>&nbsp;</div><h3>Download Mirrors</h3><ul><li><a href=\"https://1337x.to/torrent/5037927/Call-to-Arms-Gates-of-Hell-Ostfront-v1-016-MULTi7-FitGirl-Repack-Selective-Download-from-8-2-GB/\" target=\"_blank\" rel=\"noopener\">1337x</a> | [<a href=\"magnet:?xt=urn:btih:542164868912264E20F9CC3CBAA7C4437B2622F6&amp;dn=Call+to+Arms%3A+Gates+of+Hell+-+Ostfront+%28v1.016%2C+MULTi7%29+%5BFitGirl+Repack%2C+Selective+Download+-+from+8.2+GB%5D&amp;tr=udp%3A%2F%2F46.148.18.250%3A2710&amp;tr=udp%3A%2F%2Fopentor.org%3A2710&amp;tr=udp%3A%2F%2Ftracker.coppersurfer.tk%3A6969%2Fannounce&amp;tr=udp%3A%2F%2Ftracker.opentrackr.org%3A1337%2Fannounce&amp;tr=http%3A%2F%2Ftracker.dler.org%3A6969%2Fannounce&amp;tr=udp%3A%2F%2Ftracker.leechers-paradise.org%3A6969%2Fannounce&amp;tr=udp%3A%2F%2F9.rarbg.me%3A2730%2Fannounce&amp;tr=udp%3A%2F%2F9.rarbg.to%3A2770%2Fannounce&amp;tr=udp%3A%2F%2Ftracker.pirateparty.gr%3A6969%2Fannounce&amp;tr=http%3A%2F%2Fretracker.local%2Fannounce&amp;tr=http%3A%2F%2Fretracker.ip.ncnet.ru%2Fannounce&amp;tr=udp%3A%2F%2Fexodus.desync.com%3A6969%2Fannounce&amp;tr=udp%3A%2F%2Fipv4.tracker.harry.lu%3A80%2Fannounce&amp;tr=udp%3A%2F%2Fopen.stealth.si%3A80%2Fannounce&amp;tr=udp%3A%2F%2Ftracker.zer0day.to%3A1337%2Fannounce&amp;tr=udp%3A%2F%2Ftracker.leechers-paradise.org%3A6969%2Fannounce&amp;tr=udp%3A%2F%2Fcoppersurfer.tk%3A6969%2Fannounce\">magnet</a>] [<a href=\"https://pastefg.hermietkreeft.site/?4fc4f84e161935ab#EvXKMLQod1yLkx96RcwUU1PEsPixfpavZ68ZVMscFCd3\" target=\"_blank\" rel=\"noopener\">.torrent file only</a>] <br><img src=\"https://torrent-stats.info/cc3c/3b36d15c0.png\" style=\"display:block;clear:both\"></li><li><a href=\"http://rutor.info/torrent/843192/call-to-arms-gates-of-hell-ostfront-v-1.016-2021-pc-repack-ot-fitgirl\" target=\"_blank\" rel=\"noopener\">RuTor</a> [<a href=\"magnet:?xt=urn:btih:542164868912264e20f9cc3cbaa7c4437b2622f6&amp;dn=rutor.info_Call+to+Arms%3A+Gates+of+Hell+-+Ostfront+%5Bv+1.016%5D+%282021%29+PC+%7C+RePack+%D0%BE%D1%82+FitGirl&amp;tr=udp://opentor.net:6969&amp;tr=udp://opentor.org:2710&amp;tr=http://retracker.local/announce\">magnet</a>]</li><li><a href=\"https://tapochek.net/viewtopic.php?p=2809325\" target=\"_blank\" rel=\"noopener\">Tapochek.net</a></li><li><a href=\"https://pastefg.hermietkreeft.site/?8e0ded67cdb7bf4a#HCLBdMsyW7pdpr88VQfmn2j9cewnEx2pbsYN5GsbN4P7\" target=\"_blank\" rel=\"noopener\">Filehoster: MultiUpload</a> (10+ hosters, interchangeable) [Use <a href=\"http://jdownloader.org/jdownloader2\" target=\"_blank\" rel=\"noopener\">JDownloader2</a>]</li><li><a href=\"https://pastefg.hermietkreeft.site/?9fd0b68d997e2f57#BmCDVaDNyW8eLNnCQc3xyq7EyB429fdTCY89zZqz3yzR\" target=\"_blank\" rel=\"noopener\">Filehoster: PixelDrain</a></li><li><a href=\"https://pastefg.hermietkreeft.site/?0fd681df26fc31c7#4yeLdN5PnNWXvxdAHFdFdvSoe76YjdBz5YWegFhdaiD7\" target=\"_blank\" rel=\"noopener\">Filehoster: ZippyShare</a></li><li><a href=\"https://pastefg.hermietkreeft.site/?665487817ea1d560#4VTcZTMtMdKwkBgnCDWqbPanETVyAdTQFSqqopt172BJ\" target=\"_blank\" rel=\"noopener\">Filehoster: BayFiles</a></li><li><a href=\"https://pastefg.hermietkreeft.site/?734a673069bbc4fd#8ubzfunRfeCuvzsQ31LKzPk8ZituhjbGAYTs28xBhKEG\" target=\"_blank\" rel=\"noopener\">Filehoster: LetsUpload</a> [Use <a href=\"http://jdownloader.org/jdownloader2\" target=\"_blank\" rel=\"noopener\">JDownloader2</a>]</li><li><a href=\"https://pastefg.hermietkreeft.site/?39add1e2f28bea22#FrpHQnf3YoYvTVY5eTz7aymwc1cSivBJTsCNZxx88JPG\" target=\"_blank\" rel=\"noopener\">Filehoster: OneDrive</a> (Uploaded by DyR0 t(-_-t), NOT compatible with other mirrors)</li><p><!--  <li><a href=\"\" target=\"_blank\" rel=\"noopener\">Filehosters: Google Drive, OneDrive + others</a> (Uploaded by crackhub213)</li>  --></p></ul><p><a href=\"https://cs.rin.ru/forum/viewtopic.php?f=10&amp;t=68288\" target=\"_blank\" rel=\"noopener\">Discussion and (possible) future updates on CS.RIN.RU thread</a></p><h3>Screenshots (Click to enlarge)</h3><p><a target=\"_blank\" href=\"http://en.riotpixels.com/games/call-to-arms-gates-of-hell-ostfront/screenshots/26/?utm_source=emb-gfx-html&amp;utm_medium=image&amp;utm_campaign=rp-mass\" rel=\"noopener\"><img loading=\"lazy\" width=\"178\" height=\"100\" border=\"0\" src=\"https://s01.riotpixels.net/data/2f/c2/2fc237b4-24fe-4300-b5ba-7919cbb92e8c.jpg.240p.jpg\"></a><a target=\"_blank\" href=\"http://en.riotpixels.com/games/call-to-arms-gates-of-hell-ostfront/screenshots/25/?utm_source=emb-gfx-html&amp;utm_medium=image&amp;utm_campaign=rp-mass\" rel=\"noopener\"><img loading=\"lazy\" width=\"178\" height=\"100\" border=\"0\" src=\"https://s01.riotpixels.net/data/d9/e5/d9e5a067-f6e0-4502-958f-b5eef515d0fa.jpg.240p.jpg\"></a><a target=\"_blank\" href=\"http://en.riotpixels.com/games/call-to-arms-gates-of-hell-ostfront/screenshots/24/?utm_source=emb-gfx-html&amp;utm_medium=image&amp;utm_campaign=rp-mass\" rel=\"noopener\"><img loading=\"lazy\" width=\"178\" height=\"100\" border=\"0\" src=\"https://s01.riotpixels.net/data/45/5a/455ae8d5-930f-4de1-975d-1db3ebcbf5d7.jpg.240p.jpg\"></a><br><a target=\"_blank\" href=\"http://en.riotpixels.com/games/call-to-arms-gates-of-hell-ostfront/screenshots/22/?utm_source=emb-gfx-html&amp;utm_medium=image&amp;utm_campaign=rp-mass\" rel=\"noopener\"><img loading=\"lazy\" width=\"178\" height=\"100\" border=\"0\" src=\"https://s01.riotpixels.net/data/9e/e5/9ee50bb7-709d-42b0-9a7a-a73e2355b9f3.jpg.240p.jpg\"></a><a target=\"_blank\" href=\"http://en.riotpixels.com/games/call-to-arms-gates-of-hell-ostfront/screenshots/21/?utm_source=emb-gfx-html&amp;utm_medium=image&amp;utm_campaign=rp-mass\" rel=\"noopener\"><img loading=\"lazy\" width=\"178\" height=\"100\" border=\"0\" src=\"https://s01.riotpixels.net/data/96/ed/96ed1da8-16e8-4e83-9e8b-d355295f215d.jpg.240p.jpg\"></a><a target=\"_blank\" href=\"http://en.riotpixels.com/games/call-to-arms-gates-of-hell-ostfront/screenshots/20/?utm_source=emb-gfx-html&amp;utm_medium=image&amp;utm_campaign=rp-mass\" rel=\"noopener\"><img loading=\"lazy\" width=\"178\" height=\"100\" border=\"0\" src=\"https://s01.riotpixels.net/data/6a/cf/6acf5402-97b4-436f-a077-6cebc2dd7f85.jpg.240p.jpg\"></a></p><h3>Repack Features</h3><ul><li>Based on Call.to.Arms.Gates.of.Hell.Ostfront.v1.016-CODEX ISO release: codex-call.to.arms.gates.of.hell.ostfront.v1.016.iso (16,624,058,368 bytes)</li><li>100% Lossless &amp; MD5 Perfect: all files are identical to originals after installation</li><li>NOTHING ripped, NOTHING re-encoded</li><li>Selective Download feature: you may skip downloading and installing of videos with embedded Russian or Chinese subtitles. Localizations for those two languages but w/o subbed videos are included by default</li><li>Significantly smaller archive size (compressed from 15.5 to 8.2~9.9 GB, depending on selected components)</li><li>Installation takes 4-8 minutes (depending on your system and selected components)</li><li>After-install integrity check so you could make sure that everything installed properly</li><li>HDD space after installation: up to 29.7 GB</li><li>Language can be changed in game settings</li><li>Repack uses XTool library by Razor12911</li><li>At least 2 GB of free RAM (inc. virtual) required for installing this repack</li></ul><div ><div><h2>Game Description</h2></div><div ><b>Call to Arms \u2013 Gates of Hell: Ostfront</b> is aimed to convey the realism that strategy players have always desired: Historically accurate visuals and locations, no health bars, no simplifications, no shortcuts taken. Offering unrivalled immersion to give the most legitimate WWII RTS/RTT to date.<p>If you have long been waiting for a game that depicts the daring stories read in the books and you crave for a platform that allows you to recreate the battles you imagined from documentaries, then look no further: It is time to enter the Gates of Hell.</p><p>This standalone DLC for <b>Call to Arms</b> features the Eastern Front and its \u201cGreat Patriotic War\u201d fought between the USSR and Germany. This will take you from June 1941 until the end of the war in May 1945. The game will depict the evolution of the armies and technology during the most devastating conflict of human history.</p><p>All the maps and locations have been painstakingly recreated after thorough research from WWII documents combined with satellite and period photo-reconnaissance data.</p><p>Single Player missions are based on battle reports and veterans\u2019 stories, delivering authenticity to the maximum extent possible.</p><p><b><h3>Game Features</h3></b></p><ul><li>12 historical singleplayer &amp; cooperative missions</li><li>PvE Dynamic campaign to develop your army and fight for the whole frontline</li><li>Peer-2-server PvP multiplayer with doctrines to specialize your armies and competitive gamemodes</li><li>Control your units in RTS mode, top down shooter or 3rd person</li><li>Featuring vast arrays of weaponry and 150 vehicles at your disposal</li><li>Air support and naval units to add to the land warfare</li><li>Realistic armoured vehicles with accurate ballistics, historical ammo loadouts and fully modelled internal components and stores</li><li>Land mines, magnetic mines, trenches, bayonets, smokescreens and countless other mechanics to gain the upper hand on your foe</li><li>Authentic sound design and visuals recorded from real WWII armament, vehicles and equipment</li><li>Modding, editor and Workshop support</li></ul></div></div><p><b>Backwards Compatibility</b></p><p>This repack IS NOT backwards compatible with my previous CaT:GoHO repack.</p>             </div>"
}