{
    "link": "https://fitgirl-repacks.site/carp-fishing-simulator/",
    "title": "Carp Fishing Simulator \u2013 v2.2.5",
    "first_img": "https://i7.imageban.ru/out/2021/10/18/86982267fc420239f4fb5f8684a7edf9.jpg",
    "second_img": "https://s01.riotpixels.net/data/01/38/0138fb68-d19a-40b7-a842-08060198b854.jpg.240p.jpg",
    "body": "<div ><h2>Carp Fishing Simulator \u2013 v2.2.5</h2><p ><div><a target=\"_blank\" href=\"https://en.riotpixels.com/games/carp-fishing-simulator/\" rel=\"noopener\"><img class=\"alignleft\" width=\"150\" src=\"https://i7.imageban.ru/out/2021/10/18/86982267fc420239f4fb5f8684a7edf9.jpg\"></a></div><br>Genres/Tags: <strong>Sports, Fishing, First-person, 3D</strong><br>Company: <strong>Dangerous Derk Interactive</strong><br>Languages: <strong>ENG/MULTI5</strong><br>Original Size: <strong>1.5 GB</strong><br>Repack Size: <strong>966 MB</strong></p>&nbsp;<div>&nbsp;</div><h3>Download Mirrors</h3><ul><li><a href=\"https://1337x.to/torrent/5021270/Carp-Fishing-Simulator-v2-2-5-MULTi5-FitGirl-Repack/\" target=\"_blank\" rel=\"noopener\">1337x</a> | [<a href=\"magnet:?xt=urn:btih:C2A74BE72425F73F73A8B53611B28C1E90A855FC&amp;dn=Carp+Fishing+Simulator+%28v2.2.5%2C+MULTi5%29+%5BFitGirl+Repack%5D&amp;tr=udp%3A%2F%2F46.148.18.250%3A2710&amp;tr=udp%3A%2F%2Fopentor.org%3A2710&amp;tr=udp%3A%2F%2Ftracker.coppersurfer.tk%3A6969%2Fannounce&amp;tr=udp%3A%2F%2Ftracker.opentrackr.org%3A1337%2Fannounce&amp;tr=http%3A%2F%2Ftracker.dler.org%3A6969%2Fannounce&amp;tr=udp%3A%2F%2Ftracker.leechers-paradise.org%3A6969%2Fannounce&amp;tr=udp%3A%2F%2F9.rarbg.me%3A2730%2Fannounce&amp;tr=udp%3A%2F%2F9.rarbg.to%3A2770%2Fannounce&amp;tr=udp%3A%2F%2Ftracker.pirateparty.gr%3A6969%2Fannounce&amp;tr=http%3A%2F%2Fretracker.local%2Fannounce&amp;tr=http%3A%2F%2Fretracker.ip.ncnet.ru%2Fannounce&amp;tr=udp%3A%2F%2Fexodus.desync.com%3A6969%2Fannounce&amp;tr=udp%3A%2F%2Fipv4.tracker.harry.lu%3A80%2Fannounce&amp;tr=udp%3A%2F%2Fopen.stealth.si%3A80%2Fannounce&amp;tr=udp%3A%2F%2Ftracker.zer0day.to%3A1337%2Fannounce&amp;tr=udp%3A%2F%2Ftracker.leechers-paradise.org%3A6969%2Fannounce&amp;tr=udp%3A%2F%2Fcoppersurfer.tk%3A6969%2Fannounce\">magnet</a>] [<a href=\"https://pastefg.hermietkreeft.site/?86f3c2446e4bc2aa#J86yyLrQNFMKA7woaGCqaYNu1GXDbtWaYJPvZ2x1mUxT\" target=\"_blank\" rel=\"noopener\">.torrent file only</a>] <br><img src=\"https://torrent-stats.info/b536/344a78aae.png\" style=\"display:block;clear:both\"></li><li><a href=\"https://tapochek.net/viewtopic.php?p=2806326\" target=\"_blank\" rel=\"noopener\">Tapochek.net</a></li><li><a href=\"https://pastefg.hermietkreeft.site/?3270f18cae145078#2xFGiMpLSTTMpxqeAVCQr2ZShdBiHKacJ4HmA6B7JbNy\" target=\"_blank\" rel=\"noopener\">Filehoster: MultiUpload</a> (10+ hosters, interchangeable) [Use <a href=\"http://jdownloader.org/jdownloader2\" target=\"_blank\" rel=\"noopener\">JDownloader2</a>]</li><li><a href=\"https://pastefg.hermietkreeft.site/?3108af9f120b96ec#8jYuxHx3c1A3zYNGYfNeecLu4W9hGbFcSQprmx27ieKz\" target=\"_blank\" rel=\"noopener\">Filehoster: PixelDrain</a></li><li><a href=\"https://pastefg.hermietkreeft.site/?859aaf2fbb05aaeb#Avg2cSgqXzb18ttNqNRwJ9bJ1KWrZy5RzWUUKh1ehARF\" target=\"_blank\" rel=\"noopener\">Filehoster: ZippyShare</a></li><li><a href=\"https://pastefg.hermietkreeft.site/?d39663f7cb7a0be0#AuH141vyysaRi5RSM8MrKw1S6juv9X7S7auJaGzKrRo7\" target=\"_blank\" rel=\"noopener\">Filehoster: LetsUpload</a> [Use <a href=\"http://jdownloader.org/jdownloader2\" target=\"_blank\" rel=\"noopener\">JDownloader2</a>]</li><li><a href=\"https://pastefg.hermietkreeft.site/?ce2e7e61c9783dc6#EtkB9rSpu4J9MNP6orvjEG1jY6XJrN1AfpATyWhxGmYN\" target=\"_blank\" rel=\"noopener\">Filehoster: OneDrive</a> (Uploaded by DyR0 t(-_-t), NOT compatible with other mirrors)</li><li><a href=\"https://crackhub.site/carp-fishing-simulator-v2-2-5-fitgirl-repack/\" target=\"_blank\" rel=\"noopener\">Filehosters: Google Drive, OneDrive + others</a> (Uploaded by crackhub213)</li></ul><p><a href=\"https://cs.rin.ru/forum/viewtopic.php?f=10&amp;t=116509\" target=\"_blank\" rel=\"noopener\">Discussion and (possible) future updates on CS.RIN.RU thread</a></p><h3>Screenshots (Click to enlarge)</h3><p><a target=\"_blank\" href=\"https://en.riotpixels.com/games/carp-fishing-simulator/screenshots/8/?utm_source=emb-gfx-html&amp;utm_medium=image&amp;utm_campaign=rp-mass\" rel=\"noopener\"><img loading=\"lazy\" width=\"178\" height=\"100\" border=\"0\" src=\"https://s01.riotpixels.net/data/01/38/0138fb68-d19a-40b7-a842-08060198b854.jpg.240p.jpg\"></a><a target=\"_blank\" href=\"https://en.riotpixels.com/games/carp-fishing-simulator/screenshots/7/?utm_source=emb-gfx-html&amp;utm_medium=image&amp;utm_campaign=rp-mass\" rel=\"noopener\"><img loading=\"lazy\" width=\"178\" height=\"100\" border=\"0\" src=\"https://s01.riotpixels.net/data/6e/20/6e20a153-44ab-4297-8523-8c2c4b0dfbb0.jpg.240p.jpg\"></a><a target=\"_blank\" href=\"https://en.riotpixels.com/games/carp-fishing-simulator/screenshots/5/?utm_source=emb-gfx-html&amp;utm_medium=image&amp;utm_campaign=rp-mass\" rel=\"noopener\"><img loading=\"lazy\" width=\"178\" height=\"100\" border=\"0\" src=\"https://s01.riotpixels.net/data/dd/6e/dd6ea793-8e28-44f1-851e-f4f09e115d9d.jpg.240p.jpg\"></a><br><a target=\"_blank\" href=\"https://en.riotpixels.com/games/carp-fishing-simulator/screenshots/4/?utm_source=emb-gfx-html&amp;utm_medium=image&amp;utm_campaign=rp-mass\" rel=\"noopener\"><img loading=\"lazy\" width=\"178\" height=\"100\" border=\"0\" src=\"https://s01.riotpixels.net/data/36/76/36767a5c-3666-47e9-9644-3c90c27821a9.jpg.240p.jpg\"></a><a target=\"_blank\" href=\"https://en.riotpixels.com/games/carp-fishing-simulator/screenshots/3/?utm_source=emb-gfx-html&amp;utm_medium=image&amp;utm_campaign=rp-mass\" rel=\"noopener\"><img loading=\"lazy\" width=\"178\" height=\"100\" border=\"0\" src=\"https://s01.riotpixels.net/data/ec/6a/ec6a7ae4-cec4-4119-9e67-2208f2bb918d.jpg.240p.jpg\"></a><a target=\"_blank\" href=\"https://en.riotpixels.com/games/carp-fishing-simulator/screenshots/1/?utm_source=emb-gfx-html&amp;utm_medium=image&amp;utm_campaign=rp-mass\" rel=\"noopener\"><img loading=\"lazy\" width=\"178\" height=\"100\" border=\"0\" src=\"https://s01.riotpixels.net/data/ad/fc/adfcd49a-0485-4d1f-8673-f4368de13bf8.jpg.240p.jpg\"></a></p><h3>Repack Features</h3><ul><li>Based on Carp.Fishing.Simulator-PLAZA ISO release: plaza-carp.fishing.simulator.iso (1,559,658,496 bytes)</li><li>100% Lossless &amp; MD5 Perfect: all files are identical to originals after installation</li><li>NOTHING ripped, NOTHING re-encoded</li><li>Significantly smaller archive size (compressed from 1.5 GB to 966 MB)</li><li>Installation takes 1-2 minutes</li><li>After-install integrity check so you could make sure that everything installed properly</li><li>HDD space after installation: 3.1 GB</li><li>Language can be changed in game settings</li><li>At least 2 GB of free RAM (inc. virtual) required for installing this repack</li></ul><div ><div><h2>Game Description</h2></div><div ><b>Carp Fishing Simulator aims to be the most advanced, authentic fishing experience on the market.</b><p>Are you tired of not being able to cast where you want?</p><p>Tired of having a time limit?</p><p>Tired of being told by the announcer to lower the line tension?</p><p>Tired of information that you wouldn\u2019t know in real life given to you on the user interface?</p><p>Tired of catching fish after fish, no matter what you do?</p><p><b>Then Carp Fishing Simulator is for you!</b></p><p><b><h3>Game Features</h3></b></p><ul><li>Real Time of day \u2013 Real accurate Time of day or night.</li><li>Real Dynamic weather \u2013 Changeable weather conditions taken from the real world location of the venues.</li><li>Seasons \u2013 Depending on the month you fish, you\u2019ll see seasonal changes which also affect the water/air temperature.</li><li>Full character customisation \u2013 Don\u2019t just choose a character, make your own!</li><li>Real AI \u2013 Fish are all completely controlled by complex AI, They are released in to the lake and do their own thing. No behaviour is pre-programmed.</li><li>Online multiplayer</li></ul></div></div>             </div>"
}