{
    "link": "https://fitgirl-repacks.site/catie-in-meowmeowland/",
    "title": "Catie in MeowmeowLand",
    "first_img": "https://i3.imageban.ru/out/2022/04/01/bb61a3e85770e2d39df478d3b8133785.jpg",
    "second_img": "https://s01.riotpixels.net/data/3e/7d/3e7d4662-75d7-4387-8fa0-1e4483a71fec.jpg.240p.jpg",
    "body": "<div ><h2>Catie in MeowmeowLand</h2><p ><div><a target=\"_blank\" href=\"https://en.riotpixels.com/games/catie-in-meowmeowland/\" rel=\"noopener\"><img class=\"alignleft\" width=\"150\" src=\"https://i3.imageban.ru/out/2022/04/01/bb61a3e85770e2d39df478d3b8133785.jpg\"></a></div><br>Genres/Tags: <strong>Adventure, Point-and-click, Side, 2D</strong><br>Companies: <strong>ARTillery, Blowfish Studios, Gamera Game</strong><br>Languages: <strong>RUS/ENG/MULTI8</strong><br>Original Size: <strong>1.5 GB</strong><br>Repack Size: <strong>1 GB</strong></p>&nbsp;<div>&nbsp;</div><h3>Download Mirrors</h3><ul><li><a href=\"https://1337x.to/torrent/5204057/Catie-in-MeowmeowLand-MULTi8-FitGirl-Repack/\" target=\"_blank\" rel=\"noopener\">1337x</a> | [<a href=\"magnet:?xt=urn:btih:4DBF4567736A13ABC1003C85B747B9B7DB2E03E5&amp;dn=Catie+in+MeowmeowLand+%28MULTi8%29+%5BFitGirl+Repack%5D&amp;tr=udp%3A%2F%2F46.148.18.250%3A2710&amp;tr=udp%3A%2F%2Fopentor.org%3A2710&amp;tr=udp%3A%2F%2Ftracker.coppersurfer.tk%3A6969%2Fannounce&amp;tr=udp%3A%2F%2Ftracker.opentrackr.org%3A1337%2Fannounce&amp;tr=http%3A%2F%2Ftracker.dler.org%3A6969%2Fannounce&amp;tr=udp%3A%2F%2Ftracker.leechers-paradise.org%3A6969%2Fannounce&amp;tr=udp%3A%2F%2F9.rarbg.me%3A2730%2Fannounce&amp;tr=udp%3A%2F%2F9.rarbg.to%3A2770%2Fannounce&amp;tr=udp%3A%2F%2Ftracker.pirateparty.gr%3A6969%2Fannounce&amp;tr=http%3A%2F%2Fretracker.local%2Fannounce&amp;tr=http%3A%2F%2Fretracker.ip.ncnet.ru%2Fannounce&amp;tr=udp%3A%2F%2Fexodus.desync.com%3A6969%2Fannounce&amp;tr=udp%3A%2F%2Fipv4.tracker.harry.lu%3A80%2Fannounce&amp;tr=udp%3A%2F%2Fopen.stealth.si%3A80%2Fannounce&amp;tr=udp%3A%2F%2Ftracker.opentrackr.org%3A1337%2Fannounce&amp;tr=http%3A%2F%2Ftracker.openbittorrent.com%3A80%2Fannounce&amp;tr=udp%3A%2F%2Fopentracker.i2p.rocks%3A6969%2Fannounce&amp;tr=udp%3A%2F%2Ftracker.internetwarriors.net%3A1337%2Fannounce&amp;tr=udp%3A%2F%2Ftracker.leechers-paradise.org%3A6969%2Fannounce&amp;tr=udp%3A%2F%2Fcoppersurfer.tk%3A6969%2Fannounce&amp;tr=udp%3A%2F%2Ftracker.zer0day.to%3A1337%2Fannounce\">magnet</a>] [<a href=\"https://pastefg.hermietkreeft.site/?afcd2044474bfd92#7ULbtwSb2ZQN1CCQDiwRDBonrhQ7pfFPu3fgzQXxTbib\" target=\"_blank\" rel=\"noopener\">.torrent file only</a>] <br><img src=\"https://torrent-stats.info/3c85/123591f12.png\" style=\"display:block;clear:both\"></li><li><a href=\"http://rutor.info/torrent/868901/catie-in-meowmeowland-2022-pc-repack-ot-fitgirl\" target=\"_blank\" rel=\"noopener\">RuTor</a> [<a href=\"magnet:?xt=urn:btih:4dbf4567736a13abc1003c85b747b9b7db2e03e5&amp;dn=rutor.info_Catie+in+MeowmeowLand+%282022%29+PC+%7C+RePack+%D0%BE%D1%82+FitGirl&amp;tr=udp://opentor.net:6969&amp;tr=http://retracker.local/announce\">magnet</a>]</li><li><a href=\"https://tapochek.net/viewtopic.php?p=2843590\" target=\"_blank\" rel=\"noopener\">Tapochek.net</a></li><li><a href=\"https://pastefg.hermietkreeft.site/?55946c2797934995#EE5tKNaHzBqZKyGPYJF7G9T8Tj7XyvwqB4458y4ExZLL\" target=\"_blank\" rel=\"noopener\">Filehoster: MultiUpload</a> (10+ hosters, interchangeable) [Use <a href=\"http://jdownloader.org/jdownloader2\" target=\"_blank\" rel=\"noopener\">JDownloader2</a>]</li><li><a href=\"https://pastefg.hermietkreeft.site/?23c1c198cf9bed57#5PKGKTptCYBAwH5FnvHgUEedFyjhd2tGTiuU71a6PCur\" target=\"_blank\" rel=\"noopener\">Filehoster: ZippyShare</a></li><li><a href=\"https://pastefg.hermietkreeft.site/?750fd09c31a252cf#FtghUxn2nQ7ckDQKh5v8F7ZW4Li5thpvag2MLbkowhgU\" target=\"_blank\" rel=\"noopener\">Filehoster: BayFiles</a></li><li><a href=\"https://pastefg.hermietkreeft.site/?72a0a670db15b938#6WaekiiWL4aPJEDDvYJF7ia176LRQcFqYHtiXAbEwdTk\" target=\"_blank\" rel=\"noopener\">Filehoster: OneDrive</a> (Uploaded by DyR0 t(-_-t), NOT compatible with other mirrors)</li><p><!--  <li><a href=\"\" target=\"_blank\" rel=\"noopener\">Filehosters: Google Drive, OneDrive + others</a> (Uploaded by crackhub213)</li>  --></p></ul><p><a href=\"https://cs.rin.ru/forum/viewtopic.php?f=10&amp;t=120632\" target=\"_blank\" rel=\"noopener\">Discussion and (possible) future updates on CS.RIN.RU thread</a></p><h3>Screenshots (Click to enlarge)</h3><p><a target=\"_blank\" href=\"https://en.riotpixels.com/games/catie-in-meowmeowland/screenshots/12/?utm_source=emb-gfx-html&amp;utm_medium=image&amp;utm_campaign=rp-mass\" rel=\"noopener\"><img loading=\"lazy\" width=\"178\" height=\"100\" border=\"0\" src=\"https://s01.riotpixels.net/data/3e/7d/3e7d4662-75d7-4387-8fa0-1e4483a71fec.jpg.240p.jpg\"></a><a target=\"_blank\" href=\"https://en.riotpixels.com/games/catie-in-meowmeowland/screenshots/10/?utm_source=emb-gfx-html&amp;utm_medium=image&amp;utm_campaign=rp-mass\" rel=\"noopener\"><img loading=\"lazy\" width=\"178\" height=\"100\" border=\"0\" src=\"https://s01.riotpixels.net/data/70/23/7023a7d2-30b2-4ae2-9d1d-7d6ab4cbfe11.jpg.240p.jpg\"></a><a target=\"_blank\" href=\"https://en.riotpixels.com/games/catie-in-meowmeowland/screenshots/5/?utm_source=emb-gfx-html&amp;utm_medium=image&amp;utm_campaign=rp-mass\" rel=\"noopener\"><img loading=\"lazy\" width=\"178\" height=\"100\" border=\"0\" src=\"https://s01.riotpixels.net/data/6f/5e/6f5e8c0e-e5ba-44ec-b9b9-420098cc7554.jpg.240p.jpg\"></a><br><a target=\"_blank\" href=\"https://en.riotpixels.com/games/catie-in-meowmeowland/screenshots/3/?utm_source=emb-gfx-html&amp;utm_medium=image&amp;utm_campaign=rp-mass\" rel=\"noopener\"><img loading=\"lazy\" width=\"178\" height=\"100\" border=\"0\" src=\"https://s01.riotpixels.net/data/45/0f/450f1c7b-a7e4-4800-9a70-001a40095fb4.jpg.240p.jpg\"></a><a target=\"_blank\" href=\"https://en.riotpixels.com/games/catie-in-meowmeowland/screenshots/2/?utm_source=emb-gfx-html&amp;utm_medium=image&amp;utm_campaign=rp-mass\" rel=\"noopener\"><img loading=\"lazy\" width=\"178\" height=\"100\" border=\"0\" src=\"https://s01.riotpixels.net/data/c7/d8/c7d890d4-aa98-4d78-a097-08346526b2bd.jpg.240p.jpg\"></a><a target=\"_blank\" href=\"https://en.riotpixels.com/games/catie-in-meowmeowland/screenshots/1/?utm_source=emb-gfx-html&amp;utm_medium=image&amp;utm_campaign=rp-mass\" rel=\"noopener\"><img loading=\"lazy\" width=\"178\" height=\"100\" border=\"0\" src=\"https://s01.riotpixels.net/data/b6/a4/b6a45bcb-2530-49b6-9908-4f51ecab6b1e.jpg.240p.jpg\"></a></p><h3>Repack Features</h3><ul><li>Based on Catie_in_MeowmeowLand-DINOByTES ISO release: din-catieinmeowmeowland.iso (1,626,931,200 bytes)</li><li>100% Lossless &amp; MD5 Perfect: all files are identical to originals after installation</li><li>NOTHING ripped, NOTHING re-encoded</li><li>Significantly smaller archive size (compressed from 1.5 to 1 GB)</li><li>Installation takes 1-2 minutes (depending on your system)</li><li>After-install integrity check so you could make sure that everything installed properly</li><li>HDD space after installation: 1.7 GB</li><li>Language can be changed in game settings</li><li>Repack uses XTool library by Razor12911</li><li>At least 2 GB of free RAM (inc. virtual) required for installing this repack</li></ul><div ><div><h2>Game Description</h2></div><div ><p><b>Catie in MeowmeowLand</b> is a beautiful traditional point-and-click adventure game set in a bizarre world of cats and ludicrous characters.</p><p>As Catie follows a strange white cat in her garden she suddenly finds herself in a mysterious world of MeowmeowLand, where she has to undergo a journey to find her way back home. Your task is to help Catie get there!</p><p><b><h3>Game Features</h3></b></p><ul><li>MeowmeowLand is a bizarre world where you find the most unexpected characters in even more unpredictable situations</li><li>As you help Catie solve all kinds of original puzzles, be ready to face absurdly comical situations</li><li>Play through over 24 beautiful 2D hand-drawn sceneries, see more than 100 funny characters and more than 2 hours of charmingly crafted 2D animations</li><li>Listen to original recorded comical voices of all characters and composed music</li><li>Instead of reading traditional dull text boxes all characters communicate through comic bubbles filled with amusing line art</li></ul></div></div>             </div>"
}