{
    "link": "https://fitgirl-repacks.site/catlateral-damage-remeowstered/",
    "title": "Catlateral Damage: Remeowstered \u2013 v1.0.2",
    "first_img": "https://i7.imageban.ru/out/2021/09/19/30f16f6ef4fcef868d57e712f139007e.jpg",
    "second_img": "https://s01.riotpixels.net/data/2f/b8/2fb8ea91-9c61-4674-9f3b-216b234f94ba.jpg.240p.jpg",
    "body": "<div ><h2>Catlateral Damage: Remeowstered \u2013 v1.0.2</h2><p ><div><a target=\"_blank\" href=\"https://en.riotpixels.com/games/catlateral-damage-remeowstered/\" rel=\"noopener\"><img class=\"alignleft\" width=\"150\" src=\"https://i7.imageban.ru/out/2021/09/19/30f16f6ef4fcef868d57e712f139007e.jpg\"></a></div><br>Genres/Tags: <strong>Arcade, First-person, Third-person, 3D</strong><br>Companies: <strong>Manekoware, Fire Hose Games</strong><br>Languages: <strong>RUS/ENG/MULTI10</strong><br>Original Size: <strong>1.5 GB</strong><br>Repack Size: <strong>646 MB</strong></p>&nbsp;<div>&nbsp;</div><h3>Download Mirrors</h3><ul><li><a href=\"https://1337x.to/torrent/4989047/Catlateral-Damage-Remeowstered-v1-0-2-MULTi10-FitGirl-Repack/\" target=\"_blank\" rel=\"noopener\">1337x</a> | [<a href=\"magnet:?xt=urn:btih:3A4430C3AED8F9FB72CD8C94DCE4C8D749368919&amp;dn=Catlateral+Damage%3A+Remeowstered+%28v1.0.2%2C+MULTi10%29+%5BFitGirl+Repack%5D&amp;tr=udp%3A%2F%2F46.148.18.250%3A2710&amp;tr=udp%3A%2F%2Fopentor.org%3A2710&amp;tr=udp%3A%2F%2Ftracker.coppersurfer.tk%3A6969%2Fannounce&amp;tr=udp%3A%2F%2Ftracker.opentrackr.org%3A1337%2Fannounce&amp;tr=http%3A%2F%2Ftracker.dler.org%3A6969%2Fannounce&amp;tr=udp%3A%2F%2Ftracker.leechers-paradise.org%3A6969%2Fannounce&amp;tr=udp%3A%2F%2F9.rarbg.me%3A2730%2Fannounce&amp;tr=udp%3A%2F%2F9.rarbg.to%3A2770%2Fannounce&amp;tr=udp%3A%2F%2Ftracker.pirateparty.gr%3A6969%2Fannounce&amp;tr=http%3A%2F%2Fretracker.local%2Fannounce&amp;tr=http%3A%2F%2Fretracker.ip.ncnet.ru%2Fannounce&amp;tr=udp%3A%2F%2Fexodus.desync.com%3A6969%2Fannounce&amp;tr=udp%3A%2F%2Fipv4.tracker.harry.lu%3A80%2Fannounce&amp;tr=udp%3A%2F%2Fopen.stealth.si%3A80%2Fannounce&amp;tr=udp%3A%2F%2Ftracker.zer0day.to%3A1337%2Fannounce&amp;tr=udp%3A%2F%2Ftracker.leechers-paradise.org%3A6969%2Fannounce&amp;tr=udp%3A%2F%2Fcoppersurfer.tk%3A6969%2Fannounce\">magnet</a>] [<a href=\"https://pastefg.hermietkreeft.site/?3e526b92024711cf#4UPGzKrgPcoRqiPXviWr5YGgQcKudc13jMhxiTJzi3DX\" target=\"_blank\" rel=\"noopener\">.torrent file only</a>] <br><img src=\"https://torrent-stats.info/8c94/2844c6c84.png\" style=\"display:block;clear:both\"></li><li><a href=\"http://rutor.info/torrent/835315/catlateral-damage-remeowstered-v-1.0.2-2021-pc-repack-ot-fitgirl\" target=\"_blank\" rel=\"noopener\">RuTor</a> [<a href=\"magnet:?xt=urn:btih:3a4430c3aed8f9fb72cd8c94dce4c8d749368919&amp;dn=rutor.info_Catlateral+Damage%3A+Remeowstered+%5Bv+1.0.2%5D+%282021%29+PC+%7C+RePack+%D0%BE%D1%82+FitGirl&amp;tr=udp://opentor.net:6969&amp;tr=udp://opentor.org:2710&amp;tr=http://retracker.local/announce\">magnet</a>]</li><li><a href=\"https://tapochek.net/viewtopic.php?p=2801132\" target=\"_blank\" rel=\"noopener\">Tapochek.net</a></li><li><a href=\"https://pastefg.hermietkreeft.site/?9e20ba40ef0f368f#G6gK6zqhqKYfFLYGiPQ6qzUvuQptDcLAPMYMsigD36rW\" target=\"_blank\" rel=\"noopener\">Filehoster: MultiUpload</a> (10+ hosters, interchangeable) [Use <a href=\"http://jdownloader.org/jdownloader2\" target=\"_blank\" rel=\"noopener\">JDownloader2</a>]</li><li><a href=\"https://pastefg.hermietkreeft.site/?368dbbb012af82a2#6ateV527zhKKBUvNwgunuh8K2x5fsemsmRVLrWhdvi8c\" target=\"_blank\" rel=\"noopener\">Filehoster: PixelDrain</a></li><li><a href=\"https://pastefg.hermietkreeft.site/?35fcd3af741379c9#E9RZ9oWKBzRxkyAEJh2uAGKhGLVk6NtnV515DtxVMH24\" target=\"_blank\" rel=\"noopener\">Filehoster: ZippyShare</a></li><li><a href=\"https://pastefg.hermietkreeft.site/?bffa9de1aa703e65#kPsyF6ZoVHDwBp2U8eWnJkhD7QbrKjsR4RqWbJYnKte\" target=\"_blank\" rel=\"noopener\">Filehoster: LetsUpload</a> [Use <a href=\"http://jdownloader.org/jdownloader2\" target=\"_blank\" rel=\"noopener\">JDownloader2</a>]</li><li><a href=\"https://pastefg.hermietkreeft.site/?f03ee1b27e29e7e7#5m43iteL66dHWRgPwWZXrvAcq7GCzF7ULc8Cgazjqq46\" target=\"_blank\" rel=\"noopener\">Filehoster: OneDrive</a> (Uploaded by DyR0 t(-_-t), NOT compatible with other mirrors)</li></ul><p><a href=\"https://cs.rin.ru/forum/viewtopic.php?f=10&amp;t=115872\" target=\"_blank\" rel=\"noopener\">Discussion and (possible) future updates on CS.RIN.RU thread</a></p><h3>Screenshots (Click to enlarge)</h3><p><a target=\"_blank\" href=\"https://en.riotpixels.com/games/catlateral-damage-remeowstered/screenshots/12/?utm_source=emb-gfx-html&amp;utm_medium=image&amp;utm_campaign=rp-mass\" rel=\"noopener\"><img loading=\"lazy\" width=\"178\" height=\"100\" border=\"0\" src=\"https://s01.riotpixels.net/data/2f/b8/2fb8ea91-9c61-4674-9f3b-216b234f94ba.jpg.240p.jpg\"></a><a target=\"_blank\" href=\"https://en.riotpixels.com/games/catlateral-damage-remeowstered/screenshots/8/?utm_source=emb-gfx-html&amp;utm_medium=image&amp;utm_campaign=rp-mass\" rel=\"noopener\"><img loading=\"lazy\" width=\"178\" height=\"100\" border=\"0\" src=\"https://s01.riotpixels.net/data/f0/47/f0470b76-faba-4b3f-a8e5-8dfbf8cbb05c.jpg.240p.jpg\"></a><a target=\"_blank\" href=\"https://en.riotpixels.com/games/catlateral-damage-remeowstered/screenshots/7/?utm_source=emb-gfx-html&amp;utm_medium=image&amp;utm_campaign=rp-mass\" rel=\"noopener\"><img loading=\"lazy\" width=\"178\" height=\"100\" border=\"0\" src=\"https://s01.riotpixels.net/data/3b/d1/3bd1191f-4f10-49c4-b1d2-83345025dc53.jpg.240p.jpg\"></a><br><a target=\"_blank\" href=\"https://en.riotpixels.com/games/catlateral-damage-remeowstered/screenshots/6/?utm_source=emb-gfx-html&amp;utm_medium=image&amp;utm_campaign=rp-mass\" rel=\"noopener\"><img loading=\"lazy\" width=\"178\" height=\"100\" border=\"0\" src=\"https://s01.riotpixels.net/data/e2/33/e23326a1-a9b2-42b1-9757-a91e1374831f.jpg.240p.jpg\"></a><a target=\"_blank\" href=\"https://en.riotpixels.com/games/catlateral-damage-remeowstered/screenshots/3/?utm_source=emb-gfx-html&amp;utm_medium=image&amp;utm_campaign=rp-mass\" rel=\"noopener\"><img loading=\"lazy\" width=\"178\" height=\"100\" border=\"0\" src=\"https://s01.riotpixels.net/data/62/87/62873946-8387-4ec6-95d4-407e6bee25ed.jpg.240p.jpg\"></a><a target=\"_blank\" href=\"https://en.riotpixels.com/games/catlateral-damage-remeowstered/screenshots/1/?utm_source=emb-gfx-html&amp;utm_medium=image&amp;utm_campaign=rp-mass\" rel=\"noopener\"><img loading=\"lazy\" width=\"178\" height=\"100\" border=\"0\" src=\"https://s01.riotpixels.net/data/6e/9f/6e9f2a2e-a554-46d3-b75f-30c389adc553.jpg.240p.jpg\"></a></p><h3>Repack Features</h3><ul><li>Based on Catlateral.Damage.Remeowstered-DARKSiDERS ISO release: ds-catlateraldamageremeowstered.iso (1,563,461,632 bytes)</li><li>100% Lossless &amp; MD5 Perfect: all files are identical to originals after installation</li><li>NOTHING ripped, NOTHING re-encoded</li><li>Significantly smaller archive size (compressed from 1.5 GB to 646 MB)</li><li>Installation takes 2-4 minutes (depending on your system)</li><li>After-install integrity check so you could make sure that everything installed properly</li><li>HDD space after installation: 1.7 GB (7.7 GB during installation)</li><li>Language can be changed in game settings</li><li>At least 2 GB of free RAM (inc. virtual) required for installing this repack</li></ul><div ><div><h2>Game Description</h2></div><div ><b>Catlateral Damage: Remeowstered</b> is the definitive edition of your favorite destructive cat simulator, where you play as a house cat on a rampage and do all that fun stuff your owner hates!<p>See the world through the eyes of a cat! Run around the house, topple neatly organized books, shatter vases, meow at nothing, tear up curtains, nap in obscure places, and more!</p><p>Complete objectives, explore procedurally generated levels, or just relax in sandbox mode to unlock a clowder of cat friends and special abilities!</p><p><b>Remeowstered</b> was rebuilt from the ground up to give a shiny new coat to the destructive feline gameplay of the original!</p><p><b><h3>Game Features</h3></b></p><ul><li>A complete progression redesign</li><li>More objects to topple and interact with</li><li>20+ new pet photos, bringing the total to almost 300</li><li>Brand new tasks to complete</li><li>Persistent stat boosts and abilities</li><li>Revamped cat models and animations</li><li>Overall improvements to UI, animations, and effects</li></ul></div></div>             </div>"
}