{
    "link": "https://fitgirl-repacks.site/chasing-static/",
    "title": "Chasing Static",
    "first_img": "https://i4.imageban.ru/out/2021/10/16/2341c2dfdcaaa82b81db7c7f316fd81b.jpg",
    "second_img": "https://s01.riotpixels.net/data/1e/a2/1ea27565-bfce-4d81-aba3-71a3aac53d19.jpg.240p.jpg",
    "body": "<div ><h2>Chasing Static</h2><p ><div><a target=\"_blank\" href=\"https://en.riotpixels.com/games/chasing-static/\" rel=\"noopener\"><img class=\"alignleft\" width=\"150\" src=\"https://i4.imageban.ru/out/2021/10/16/2341c2dfdcaaa82b81db7c7f316fd81b.jpg\"></a></div><br>Genres/Tags: <strong>Adventure, First-person, Horror, 3D</strong><br>Companies: <strong>Headware Games, Ratalaika Games S.L.</strong><br>Languages: <strong>RUS/ENG/MULTI6</strong><br>Original Size: <strong>900 MB</strong><br>Repack Size: <strong>596 MB</strong></p>&nbsp;<div>&nbsp;</div><h3>Download Mirrors</h3><ul><li><a href=\"https://1337x.to/torrent/5019440/Chasing-Static-MULTi6-FitGirl-Repack/\" target=\"_blank\" rel=\"noopener\">1337x</a> | [<a href=\"magnet:?xt=urn:btih:CC5A04BF6D1C4DC1588BBC913CED67A878688D69&amp;dn=Chasing+Static+%28MULTi6%29+%5BFitGirl+Repack%5D&amp;tr=udp%3A%2F%2F46.148.18.250%3A2710&amp;tr=udp%3A%2F%2Fopentor.org%3A2710&amp;tr=udp%3A%2F%2Ftracker.coppersurfer.tk%3A6969%2Fannounce&amp;tr=udp%3A%2F%2Ftracker.opentrackr.org%3A1337%2Fannounce&amp;tr=http%3A%2F%2Ftracker.dler.org%3A6969%2Fannounce&amp;tr=udp%3A%2F%2Ftracker.leechers-paradise.org%3A6969%2Fannounce&amp;tr=udp%3A%2F%2F9.rarbg.me%3A2730%2Fannounce&amp;tr=udp%3A%2F%2F9.rarbg.to%3A2770%2Fannounce&amp;tr=udp%3A%2F%2Ftracker.pirateparty.gr%3A6969%2Fannounce&amp;tr=http%3A%2F%2Fretracker.local%2Fannounce&amp;tr=http%3A%2F%2Fretracker.ip.ncnet.ru%2Fannounce&amp;tr=udp%3A%2F%2Fexodus.desync.com%3A6969%2Fannounce&amp;tr=udp%3A%2F%2Fipv4.tracker.harry.lu%3A80%2Fannounce&amp;tr=udp%3A%2F%2Fopen.stealth.si%3A80%2Fannounce&amp;tr=udp%3A%2F%2Ftracker.zer0day.to%3A1337%2Fannounce&amp;tr=udp%3A%2F%2Ftracker.leechers-paradise.org%3A6969%2Fannounce&amp;tr=udp%3A%2F%2Fcoppersurfer.tk%3A6969%2Fannounce\">magnet</a>] [<a href=\"https://pastefg.hermietkreeft.site/?96570da007c363b7#2GLPMUGcxoSRWCgUYiT2WzZiqiyMLjKGCK4FAzEQTPBN\" target=\"_blank\" rel=\"noopener\">.torrent file only</a>] <br><img src=\"https://torrent-stats.info/bc91/36631d913.png\" style=\"display:block;clear:both\"></li><li><a href=\"http://rutor.info/torrent/839750/chasing-static-2021-pc-repack-ot-fitgirl\" target=\"_blank\" rel=\"noopener\">RuTor</a> [<a href=\"magnet:?xt=urn:btih:cc5a04bf6d1c4dc1588bbc913ced67a878688d69&amp;dn=rutor.info_Chasing+Static+%282021%29+PC+%7C+RePack+%D0%BE%D1%82+FitGirl&amp;tr=udp://opentor.net:6969&amp;tr=udp://opentor.org:2710&amp;tr=http://retracker.local/announce\">magnet</a>]</li><li><a href=\"https://tapochek.net/viewtopic.php?p=2806004\" target=\"_blank\" rel=\"noopener\">Tapochek.net</a></li><li><a href=\"https://pastefg.hermietkreeft.site/?9d81e88938e3585c#2vNSVoQLZ1v9uxFdS1LJju7WNHH9pSRebnGTVKvH7DCH\" target=\"_blank\" rel=\"noopener\">Filehoster: MultiUpload</a> (10+ hosters, interchangeable) [Use <a href=\"http://jdownloader.org/jdownloader2\" target=\"_blank\" rel=\"noopener\">JDownloader2</a>]</li><li><a href=\"https://pastefg.hermietkreeft.site/?3fbf4237d2b0c5b7#HA84KvakwqvqqWYw54vUkmZE29GFU8pgQruzpxJT175E\" target=\"_blank\" rel=\"noopener\">Filehoster: PixelDrain</a></li><li><a href=\"https://pastefg.hermietkreeft.site/?ddfc65f445f4c165#279A44t88GiNzthnPd3K5yPNNJXzvkSJsHnzK59SuLVp\" target=\"_blank\" rel=\"noopener\">Filehoster: ZippyShare</a></li><li><a href=\"https://pastefg.hermietkreeft.site/?1b8642523e280dcd#B8DybS4W4z7HGpDZ5coDvCQ11GLSS1DMTwMWfptM2TuW\" target=\"_blank\" rel=\"noopener\">Filehoster: LetsUpload</a> [Use <a href=\"http://jdownloader.org/jdownloader2\" target=\"_blank\" rel=\"noopener\">JDownloader2</a>]</li><li><a href=\"https://pastefg.hermietkreeft.site/?914feb514e38f439#5iwNvTFTHpVS5zFoxZsj6gsgNuQAqMZ8syqJTgPdn1sS\" target=\"_blank\" rel=\"noopener\">Filehoster: OneDrive</a> (Uploaded by DyR0 t(-_-t), NOT compatible with other mirrors)</li><li><a href=\"https://crackhub.site/chasing-static-fitgirl-repack/\" target=\"_blank\" rel=\"noopener\">Filehosters: Google Drive, OneDrive + others</a> (Uploaded by crackhub213)</li></ul><p><a href=\"https://cs.rin.ru/forum/viewtopic.php?f=10&amp;t=116517\" target=\"_blank\" rel=\"noopener\">Discussion and (possible) future updates on CS.RIN.RU thread</a></p><h3>Screenshots (Click to enlarge)</h3><p><a target=\"_blank\" href=\"https://en.riotpixels.com/games/chasing-static/screenshots/9/?utm_source=emb-gfx-html&amp;utm_medium=image&amp;utm_campaign=rp-mass\" rel=\"noopener\"><img loading=\"lazy\" width=\"178\" height=\"100\" border=\"0\" src=\"https://s01.riotpixels.net/data/1e/a2/1ea27565-bfce-4d81-aba3-71a3aac53d19.jpg.240p.jpg\"></a><a target=\"_blank\" href=\"https://en.riotpixels.com/games/chasing-static/screenshots/7/?utm_source=emb-gfx-html&amp;utm_medium=image&amp;utm_campaign=rp-mass\" rel=\"noopener\"><img loading=\"lazy\" width=\"178\" height=\"100\" border=\"0\" src=\"https://s01.riotpixels.net/data/04/e3/04e399d1-e6e3-449b-adff-1c8b600084e1.png.240p.jpg\"></a><a target=\"_blank\" href=\"https://en.riotpixels.com/games/chasing-static/screenshots/6/?utm_source=emb-gfx-html&amp;utm_medium=image&amp;utm_campaign=rp-mass\" rel=\"noopener\"><img loading=\"lazy\" width=\"178\" height=\"100\" border=\"0\" src=\"https://s01.riotpixels.net/data/69/0f/690f4044-af99-44e2-b83c-3ab9d30117ad.png.240p.jpg\"></a><br><a target=\"_blank\" href=\"https://en.riotpixels.com/games/chasing-static/screenshots/5/?utm_source=emb-gfx-html&amp;utm_medium=image&amp;utm_campaign=rp-mass\" rel=\"noopener\"><img loading=\"lazy\" width=\"178\" height=\"100\" border=\"0\" src=\"https://s01.riotpixels.net/data/e3/19/e319f2b1-dc31-4497-8797-e469e69f21dc.png.240p.jpg\"></a><a target=\"_blank\" href=\"https://en.riotpixels.com/games/chasing-static/screenshots/2/?utm_source=emb-gfx-html&amp;utm_medium=image&amp;utm_campaign=rp-mass\" rel=\"noopener\"><img loading=\"lazy\" width=\"178\" height=\"100\" border=\"0\" src=\"https://s01.riotpixels.net/data/d2/78/d278f2cf-b531-4ddf-8385-b50dc2107119.jpg.240p.jpg\"></a><a target=\"_blank\" href=\"https://en.riotpixels.com/games/chasing-static/screenshots/1/?utm_source=emb-gfx-html&amp;utm_medium=image&amp;utm_campaign=rp-mass\" rel=\"noopener\"><img loading=\"lazy\" width=\"178\" height=\"100\" border=\"0\" src=\"https://s01.riotpixels.net/data/a7/0b/a70b48d0-a086-4881-9176-8c6b0ff8bbce.jpg.240p.jpg\"></a></p><h3>Repack Features</h3><ul><li>Based on Chasing.Static-DARKSiDERS ISO release: ds-chasingstatic.iso (943,798,272 bytes)</li><li>100% Lossless &amp; MD5 Perfect: all files are identical to originals after installation</li><li>NOTHING ripped, NOTHING re-encoded</li><li>Significantly smaller archive size (compressed from 900 to 596 MB)</li><li>Installation takes two minutes</li><li>After-install integrity check so you could make sure that everything installed properly</li><li>HDD space after installation: 944 MB (2 GB during installation)</li><li>Language can be changed in game settings</li><li>At least 2 GB of free RAM (inc. virtual) required for installing this repack</li></ul><div ><div><h2>Game Description</h2></div><div >In the dead of night a fierce storm rages across North Wales. Miles from any town, Chris Selwood seeks refuge in a remote roadside caf\u00e9. Shortly thereafter Chris experiences a horrific sight as he finds the caf\u00e9 waitress pinned to the ceiling by something with fierce glowing eyes, he passes out waking up to the dusty old abandoned remains of the caf\u00e9.<p>Explore the untouched wilderness of rural Wales as you uncover the forgotten remains of a mysterious facility and try to piece together what happened to the missing villagers of Hearth.</p><p>Inspired by 80s Sci-Fi horror and contemporary surrealist cinema, Chasing Static delivers a unique take on the narrative adventure genre through new audio driven gameplay mechanics and non-linear exploration.</p><p><b><h3>Game Features</h3></b></p><ul><li><b>Sonic Exploration</b> \u2013 Audio driven gameplay mechanics have you hunting anomalies with an experimental Frequency Displacement Monitoring Device.</li><li><b>Lo-Fi, Hi-Fi</b> \u2013 Crunchy low poly visuals reminiscent of PS1 classics with full voice acting, high quality sound design and a modern approach to gameplay.</li><li><b>Non-Linear Gameplay</b> \u2013 Explore the world of Chasing Static at your own pace, uncovering it\u2019s secrets in any order you please.</li><li><b>Bite-sized Terror</b> \u2013 A self-contained story with an average playtime of 2 hours.</li></ul></div></div>             </div>"
}