{
    "link": "https://fitgirl-repacks.site/chernobylite/",
    "title": "Chernobylite: Core Bundle \u2013 v46655 + 2 DLCs + ArtBook",
    "first_img": "https://i2.imageban.ru/out/2021/07/29/34e3de9e0423a2131eda5a548c596758.jpg",
    "second_img": "https://s01.riotpixels.net/data/27/10/27106822-a125-4a64-a72e-c298ef729286.jpg.240p.jpg",
    "body": "<div ><h2>Chernobylite: Core Bundle \u2013 v46655 + 2 DLCs + ArtBook</h2><p ><div><a target=\"_blank\" href=\"https://en.riotpixels.com/games/chernobylite/\" rel=\"noopener\"><img class=\"alignleft\" width=\"150\" src=\"https://i2.imageban.ru/out/2021/07/29/34e3de9e0423a2131eda5a548c596758.jpg\"></a></div><br>Genres/Tags: <strong>Action, Survival, Horror, First-Person, Shooter, 3D</strong><br>Company: <strong>The Farm 51</strong><br>Languages: <strong>RUS/ENG/MULTI14</strong><br>Original Size: <strong>32.1 GB</strong><br>Repack Size: <strong>from 21 GB</strong> [Selective Download]</p>&nbsp;<div>&nbsp;</div><h3>Download Mirrors</h3><ul><li><a href=\"https://1337x.to/torrent/5033296/Chernobylite-Core-Bundle-v46655-2-DLCs-ArtBook-MULTi14-FitGirl-Repack-Selective-Download-from-21-GB/\" target=\"_blank\" rel=\"noopener\">1337x</a> | [<a href=\"magnet:?xt=urn:btih:B3C7E487EAC89DF1D13F1A328210C163AAB3F48E&amp;dn=Chernobylite%3A+Core+Bundle+%28v46655+%2B+2+DLCs+%2B+ArtBook%2C+MULTi14%29+%5BFitGirl+Repack%2C+Selective+Download+-+from+21+GB%5D&amp;tr=udp%3A%2F%2F46.148.18.250%3A2710&amp;tr=udp%3A%2F%2Fopentor.org%3A2710&amp;tr=udp%3A%2F%2Ftracker.coppersurfer.tk%3A6969%2Fannounce&amp;tr=udp%3A%2F%2Ftracker.opentrackr.org%3A1337%2Fannounce&amp;tr=http%3A%2F%2Ftracker.dler.org%3A6969%2Fannounce&amp;tr=udp%3A%2F%2Ftracker.leechers-paradise.org%3A6969%2Fannounce&amp;tr=udp%3A%2F%2F9.rarbg.me%3A2730%2Fannounce&amp;tr=udp%3A%2F%2F9.rarbg.to%3A2770%2Fannounce&amp;tr=udp%3A%2F%2Ftracker.pirateparty.gr%3A6969%2Fannounce&amp;tr=http%3A%2F%2Fretracker.local%2Fannounce&amp;tr=http%3A%2F%2Fretracker.ip.ncnet.ru%2Fannounce&amp;tr=udp%3A%2F%2Fexodus.desync.com%3A6969%2Fannounce&amp;tr=udp%3A%2F%2Fipv4.tracker.harry.lu%3A80%2Fannounce&amp;tr=udp%3A%2F%2Fopen.stealth.si%3A80%2Fannounce&amp;tr=udp%3A%2F%2Ftracker.zer0day.to%3A1337%2Fannounce&amp;tr=udp%3A%2F%2Ftracker.leechers-paradise.org%3A6969%2Fannounce&amp;tr=udp%3A%2F%2Fcoppersurfer.tk%3A6969%2Fannounce\">magnet</a>] [<a href=\"https://pastefg.hermietkreeft.site/?807ec3a5998387c8#BVbdc9SwoRNA6zSbbXGiajX8AqRHYWe3qFhmeYd5Ypvt\" target=\"_blank\" rel=\"noopener\">.torrent file only</a>] <br><img src=\"https://torrent-stats.info/1a32/795fa19e.png\" style=\"display:block;clear:both\"></li><li><a href=\"http://rutor.info/torrent/842126/chernobylite-core-bundle-v-46655-dlcs-bonus-2021-pc-repack-ot-fitgirl\" target=\"_blank\" rel=\"noopener\">RuTor</a> [<a href=\"magnet:?xt=urn:btih:b3c7e487eac89df1d13f1a328210c163aab3f48e&amp;dn=rutor.info_Chernobylite%3A+Core+Bundle+%5Bv+46655+%2B+DLCs+%2B+Bonus%5D+%282021%29+PC+%7C+RePack+%D0%BE%D1%82+FitGirl&amp;tr=udp://opentor.net:6969&amp;tr=udp://opentor.org:2710&amp;tr=http://retracker.local/announce\">magnet</a>]</li><li><a href=\"https://tapochek.net/viewtopic.php?p=2808492\" target=\"_blank\" rel=\"noopener\">Tapochek.net</a></li><li><a href=\"https://pastefg.hermietkreeft.site/?77f007cdd7bdc8cb#5jxwmSjdW6vcVvjWUogH96riSCch2W2uzvY6LXq1PHnu\" target=\"_blank\" rel=\"noopener\">Filehoster: MultiUpload</a> (10+ hosters, interchangeable) [Use <a href=\"http://jdownloader.org/jdownloader2\" target=\"_blank\" rel=\"noopener\">JDownloader2</a>]</li><li><a href=\"https://pastefg.hermietkreeft.site/?d71e36d4eaff08b8#F9zxH3Z6JkJn24jz3Za4wBaQ4az1RH6fVtvowgFndDQS\" target=\"_blank\" rel=\"noopener\">Filehoster: PixelDrain</a></li><li><a href=\"https://pastefg.hermietkreeft.site/?8d586130984c5cf7#BeJspJkbzxD2Jbqt8cc2GPCnu3YybWgvMmzrNpPFMsXM\" target=\"_blank\" rel=\"noopener\">Filehoster: ZippyShare</a></li><li><a href=\"https://pastefg.hermietkreeft.site/?7d6f596cedf9010d#2E7Y1NxezHJYS9ZH3JfpjVj29JQPKNoK77sS3A8p6M5t\" target=\"_blank\" rel=\"noopener\">Filehoster: BayFiles</a></li><li><a href=\"https://pastefg.hermietkreeft.site/?3ec636a1d62c3a08#DhqURybFResrV3mYsQ6C9Bv5dJe18PYo9hQKQFwbph4b\" target=\"_blank\" rel=\"noopener\">Filehoster: LetsUpload</a> [Use <a href=\"http://jdownloader.org/jdownloader2\" target=\"_blank\" rel=\"noopener\">JDownloader2</a>]</li><li><a href=\"https://pastefg.hermietkreeft.site/?996ef36dccde4893#9XtzLY1EbRi9axTAnKvDiSGcFsGZmFhPF1HE4vKtgxX8\" target=\"_blank\" rel=\"noopener\">Filehoster: OneDrive</a> (Uploaded by DyR0 t(-_-t), NOT compatible with other mirrors)</li><p><!--  <li><a href=\"\" target=\"_blank\" rel=\"noopener\">Filehosters: Google Drive, OneDrive + others</a> (Uploaded by crackhub213)</li>  --></p></ul><p><a href=\"https://cs.rin.ru/forum/viewtopic.php?f=10&amp;t=95004\" target=\"_blank\" rel=\"noopener\">Discussion and (possible) future updates on CS.RIN.RU thread</a></p><h3>Screenshots (Click to enlarge)</h3><p><a target=\"_blank\" href=\"https://en.riotpixels.com/games/chernobylite/screenshots/64/?utm_source=emb-gfx-html&amp;utm_medium=image&amp;utm_campaign=rp-mass\" rel=\"noopener\"><img loading=\"lazy\" width=\"178\" height=\"100\" border=\"0\" src=\"https://s01.riotpixels.net/data/27/10/27106822-a125-4a64-a72e-c298ef729286.jpg.240p.jpg\"></a><a target=\"_blank\" href=\"https://en.riotpixels.com/games/chernobylite/screenshots/54/?utm_source=emb-gfx-html&amp;utm_medium=image&amp;utm_campaign=rp-mass\" rel=\"noopener\"><img loading=\"lazy\" width=\"178\" height=\"100\" border=\"0\" src=\"https://s01.riotpixels.net/data/09/bb/09bb1151-ab5f-41cb-947b-0c987a4b20ff.jpg.240p.jpg\"></a><a target=\"_blank\" href=\"https://en.riotpixels.com/games/chernobylite/screenshots/42/?utm_source=emb-gfx-html&amp;utm_medium=image&amp;utm_campaign=rp-mass\" rel=\"noopener\"><img loading=\"lazy\" width=\"178\" height=\"100\" border=\"0\" src=\"https://s01.riotpixels.net/data/59/b3/59b3aa2f-00d2-42a0-879d-2c6a7ceb9c67.jpg.240p.jpg\"></a><br><a target=\"_blank\" href=\"https://en.riotpixels.com/games/chernobylite/screenshots/31/?utm_source=emb-gfx-html&amp;utm_medium=image&amp;utm_campaign=rp-mass\" rel=\"noopener\"><img loading=\"lazy\" width=\"178\" height=\"100\" border=\"0\" src=\"https://s01.riotpixels.net/data/f3/fa/f3fa62c0-cd30-4300-8c9c-988e3fed62d9.jpg.240p.jpg\"></a><a target=\"_blank\" href=\"https://en.riotpixels.com/games/chernobylite/screenshots/11/?utm_source=emb-gfx-html&amp;utm_medium=image&amp;utm_campaign=rp-mass\" rel=\"noopener\"><img loading=\"lazy\" width=\"178\" height=\"100\" border=\"0\" src=\"https://s01.riotpixels.net/data/79/66/79666ec0-fa3e-4c71-9988-7655c66fd5f9.jpg.240p.jpg\"></a><a target=\"_blank\" href=\"https://en.riotpixels.com/games/chernobylite/screenshots/6/?utm_source=emb-gfx-html&amp;utm_medium=image&amp;utm_campaign=rp-mass\" rel=\"noopener\"><img loading=\"lazy\" width=\"178\" height=\"100\" border=\"0\" src=\"https://s01.riotpixels.net/data/2a/5c/2a5c6207-5bfb-46a4-b166-de9385cb609d.jpg.240p.jpg\"></a></p><h3>Repack Features</h3><ul><li>Based on Chernobylite-CODEX ISO release: codex-chernobylite.iso (31,512,952,832 bytes)</li><li>Chernobylite.Update.v45657.incl.DLC-CODEX (556 MB) &amp; Chernobylite.Update.v46655.incl.DLC-CODEX (2.2 GB) are applied over</li><li>Game version: v46655; White Rose Pack &amp; Autumn Dread Pack DLCs are included and activated, bonus ArtBook is included by default</li><li>100% Lossless &amp; MD5 Perfect: all files are identical to originals after installation (ONLY when installed with all optionals)</li><li>NOTHING ripped, NOTHING re-encoded</li><li>Selective Download feature: you may skip downloading and installing of pretty useless debug PDB-files and advertising game trailers</li><li>Significantly smaller archive size (compressed from cumulative 32.1 to 21~21.5 GB, depending on selected components)</li><li>Installation takes 7-20 minutes (depending on your system)</li><li>After-install integrity check so you could make sure that everything installed properly</li><li>HDD space after installation: up to 31.7 GB</li><li>Language can be changed in game settings</li><li>Repack uses XTool library by Razor12911</li><li>At least 2 GB of free RAM (inc. virtual) required for installing this repack</li></ul><div ><div><h2>Game Description</h2></div><div ><b>Chernobylite</b> is a Science Fiction Survival Horror RPG from developers Farm 51. Set in the hyper-realistic, 3D scanned wasteland of Chernobyl\u2019s exclusion zone, you\u2019ll take on the role of Igor, a physicist and ex-employee of the Chernobyl Power Plant, returning to Pripyat to investigate the mysterious disappearance of his fianc\u00e9e, 30 years prior. Compete with the hostile military presence, other stalkers and supernatural creatures, as well as the harsh and unforgiving environment in your search to uncover the truth.<p>Get ready for a thrilling adventure of survival, conspiracy, horror, love, and obsession.</p><p><b>Can you survive your fears?</b></p><p><b>Base Building &amp; Crafting</b><br>Construct a base from which to plan your daily operations and excursions. Utilise workstations to craft gadgets, create traps and weapons or modify existing equipment to your needs.</p><p><b>Stealth, Survival &amp; Combat</b><br>Survival in the Zone is not easy, and each day brings fresh challenges as comrades die and supplies diminish. Avoid detection with stealth takedowns or engage in open armed. Danger lurks in every corner.</p><p><b>Resource &amp; Team Management</b><br>Companions are key to your survival and the resolution of your journey. Each day requires the careful planning and assignment of resources and tasks to your comrades.</p><p><b>Non-Linear Storytelling &amp; Strategy</b><br>No playthrough is the same. Like your choices, the story is in your hands. Choose wisely whether to trust your comrades or not, use resources for survival or research, and confront conflicts or evade them. The future is up to you.</p></div></div><p><b>Backwards Compatibility</b></p><p>This repack IS slightly backwards compatible with my previous Chernobylite repack. You can rehash fg-03.bin &amp; fg-optional-trailers.bin to save 1.6 GB of traffic.</p>             </div>"
}