{
    "link": "https://fitgirl-repacks.site/chicory-a-colorful-tale/",
    "title": "Chicory: A Colorful Tale \u2013 v1.0.0.53 HotFix + Bonus OST",
    "first_img": "https://i114.fastpic.ru/big/2021/0615/02/8b337db292e466f01c16d236c11a8a02.jpg",
    "second_img": "https://s01.riotpixels.net/data/6f/d0/6fd0b3e5-ed37-49b0-87d6-62977339ec32.jpg.240p.jpg",
    "body": "<div ><h2>Chicory: A Colorful Tale \u2013 v1.0.0.53 HotFix + Bonus OST</h2><p ><div><a target=\"_blank\" href=\"https://en.riotpixels.com/games/chicory-a-colorful-tale/\" rel=\"noopener\"><img class=\"alignleft\" width=\"150\" src=\"https://i114.fastpic.ru/big/2021/0615/02/8b337db292e466f01c16d236c11a8a02.jpg\"></a></div><br>Genres/Tags: <strong>Adventure, Puzzle solving, Top-down, 2D</strong><br>Companies: <strong>Greg Lobanov, Alexis Dean-Jones, Finji</strong><br>Languages: <strong>RUS/ENG/MULTI7</strong><br>Additional Notes: <strong>This game is heckin\u2019 good</strong><br>Original Size: <strong>1.6 GB</strong><br>Repack Size: <strong>from 953 MB</strong> [Selective Download]</p>&nbsp;<div>&nbsp;</div><h3>Download Mirrors</h3><ul><li><a href=\"https://1337x.to/torrent/4893079/Chicory-A-Colorful-Tale-v1-0-0-53-HotFix-Bonus-OST-MULTi7-FitGirl-Repack-Selective-Download-from-953-MB/\" target=\"_blank\" rel=\"noopener\">1337x</a> | [<a href=\"magnet:?xt=urn:btih:2E8DE001AF0D6997A12B0FAF87C9C7802D529C76&amp;dn=Chicory%3A+A+Colorful+Tale+%28v1.0.0.53+HotFix+%2B+Bonus+OST%2C+MULTi7%29+%5BFitGirl+Repack%2C+Selective+Download+-+from+953+MB%5D&amp;tr=udp%3A%2F%2F46.148.18.250%3A2710&amp;tr=udp%3A%2F%2Fopentor.org%3A2710&amp;tr=udp%3A%2F%2Ftracker.coppersurfer.tk%3A6969%2Fannounce&amp;tr=udp%3A%2F%2Ftracker.opentrackr.org%3A1337%2Fannounce&amp;tr=http%3A%2F%2Ftracker.dler.org%3A6969%2Fannounce&amp;tr=udp%3A%2F%2Ftracker.leechers-paradise.org%3A6969%2Fannounce&amp;tr=udp%3A%2F%2F9.rarbg.me%3A2730%2Fannounce&amp;tr=udp%3A%2F%2F9.rarbg.to%3A2770%2Fannounce&amp;tr=udp%3A%2F%2Ftracker.pirateparty.gr%3A6969%2Fannounce&amp;tr=http%3A%2F%2Fretracker.local%2Fannounce&amp;tr=http%3A%2F%2Fretracker.ip.ncnet.ru%2Fannounce&amp;tr=udp%3A%2F%2Fexodus.desync.com%3A6969%2Fannounce&amp;tr=udp%3A%2F%2Fipv4.tracker.harry.lu%3A80%2Fannounce&amp;tr=udp%3A%2F%2Fopen.stealth.si%3A80%2Fannounce&amp;tr=udp%3A%2F%2Ftracker.zer0day.to%3A1337%2Fannounce&amp;tr=udp%3A%2F%2Ftracker.leechers-paradise.org%3A6969%2Fannounce&amp;tr=udp%3A%2F%2Fcoppersurfer.tk%3A6969%2Fannounce\">magnet</a>] [<a href=\"https://pastefg.hermietkreeft.site/?35f9fce69181332f#4xkhQKi36rgM1cjPwVkomwgYfcDKM3ohfqvit55PHrMR\" target=\"_blank\" rel=\"noopener\">.torrent file only</a>] <br><img src=\"https://torrent-stats.info/0faf/466b0125.png\" style=\"display:block;clear:both\"></li><li><a href=\"http://rutor.info/torrent/821198/chicory-a-colorful-tale-v-1.0.0.53-hotfix-bonus-2021-pc-repack-ot-fitgirl\" target=\"_blank\" rel=\"noopener\">RuTor</a> [<a href=\"magnet:?xt=urn:btih:2e8de001af0d6997a12b0faf87c9c7802d529c76&amp;dn=rutor.info_Chicory%3A+A+Colorful+Tale+%5Bv+1.0.0.53+HotFix+%2B+Bonus%5D+%282021%29+PC+%7C+RePack+%D0%BE%D1%82+FitGirl&amp;tr=udp://opentor.org:2710&amp;tr=udp://opentor.org:2710&amp;tr=http://retracker.local/announce\">magnet</a>]</li><li><a href=\"https://tapochek.net/viewtopic.php?p=2784157\" target=\"_blank\" rel=\"noopener\">Tapochek.net</a></li><li><a href=\"https://pastefg.hermietkreeft.site/?a8f0c3723bf972cc#5gm2qQJaC4Da2r1CDyN9uy3UP9xvbegWmxWVq3GNWouE\" target=\"_blank\" rel=\"noopener\">Filehoster: MultiUpload</a> (10+ hosters, interchangeable) [Use <a href=\"http://jdownloader.org/jdownloader2\" target=\"_blank\" rel=\"noopener\">JDownloader2</a>]</li><li><a href=\"https://pastefg.hermietkreeft.site/?7d09b0c3f3209746#68mB9nD5vrbSpqQXyvacHYUo3GMmRCv3jr69Dd4MnK22\" target=\"_blank\" rel=\"noopener\">Filehoster: PixelDrain</a></li><li><a href=\"https://pastefg.hermietkreeft.site/?f3efd48808779604#D4kbFE7VkuPoPZRoQyU9t7w7fmbZYoHQVYRtvM8GNtvs\" target=\"_blank\" rel=\"noopener\">Filehoster: LetsUpload</a> [Use <a href=\"http://jdownloader.org/jdownloader2\" target=\"_blank\" rel=\"noopener\">JDownloader2</a>]</li><li><a href=\"https://crackhub.site/chicory-a-colorful-tale-v1-0-0-53-hotfix-bonus-ost-fitgirl-repack/\" target=\"_blank\" rel=\"noopener\">Filehosters: Google Drive, OneDrive + others</a> (Uploaded by crackhub213)</li><li><a href=\"https://pastefg.hermietkreeft.site/?14a37f3e508f9ce5#PSjwJDdiJTEY6Q5rATeyVBssLSbdzxJN8QSSYnCZzv6\" target=\"_blank\" rel=\"noopener\">Filehoster: OneDrive</a> (Uploaded by DyR0 t(-_-t), NOT compatible with other mirrors)</li></ul><p><a href=\"https://cs.rin.ru/forum/viewtopic.php?f=10&amp;t=99321\" target=\"_blank\" rel=\"noopener\">Discussion and (possible) future updates on CS.RIN.RU thread</a></p><h3>Screenshots (Click to enlarge)</h3><p><a target=\"_blank\" href=\"https://en.riotpixels.com/games/chicory-a-colorful-tale/screenshots/14/?utm_source=emb-gfx-html&amp;utm_medium=image&amp;utm_campaign=rp-mass\" rel=\"noopener\"><img loading=\"lazy\" width=\"178\" height=\"100\" border=\"0\" src=\"https://s01.riotpixels.net/data/6f/d0/6fd0b3e5-ed37-49b0-87d6-62977339ec32.jpg.240p.jpg\"></a><a target=\"_blank\" href=\"https://en.riotpixels.com/games/chicory-a-colorful-tale/screenshots/7/?utm_source=emb-gfx-html&amp;utm_medium=image&amp;utm_campaign=rp-mass\" rel=\"noopener\"><img loading=\"lazy\" width=\"178\" height=\"100\" border=\"0\" src=\"https://s01.riotpixels.net/data/00/d6/00d6b21f-459d-41cf-9cc3-5d7cf641038c.jpg.240p.jpg\"></a><a target=\"_blank\" href=\"https://en.riotpixels.com/games/chicory-a-colorful-tale/screenshots/6/?utm_source=emb-gfx-html&amp;utm_medium=image&amp;utm_campaign=rp-mass\" rel=\"noopener\"><img loading=\"lazy\" width=\"178\" height=\"100\" border=\"0\" src=\"https://s01.riotpixels.net/data/29/e3/29e342aa-836a-4f7c-8bfe-828a4d394a30.png.240p.jpg\"></a><br><a target=\"_blank\" href=\"https://en.riotpixels.com/games/chicory-a-colorful-tale/screenshots/5/?utm_source=emb-gfx-html&amp;utm_medium=image&amp;utm_campaign=rp-mass\" rel=\"noopener\"><img loading=\"lazy\" width=\"178\" height=\"100\" border=\"0\" src=\"https://s01.riotpixels.net/data/df/f8/dff88053-83c4-412e-aa84-6f96cab693a7.jpg.240p.jpg\"></a><a target=\"_blank\" href=\"https://en.riotpixels.com/games/chicory-a-colorful-tale/screenshots/4/?utm_source=emb-gfx-html&amp;utm_medium=image&amp;utm_campaign=rp-mass\" rel=\"noopener\"><img loading=\"lazy\" width=\"178\" height=\"100\" border=\"0\" src=\"https://s01.riotpixels.net/data/b1/9c/b19c5a16-1259-4283-9f95-bd435adce6a3.jpg.240p.jpg\"></a><a target=\"_blank\" href=\"https://en.riotpixels.com/games/chicory-a-colorful-tale/screenshots/1/?utm_source=emb-gfx-html&amp;utm_medium=image&amp;utm_campaign=rp-mass\" rel=\"noopener\"><img loading=\"lazy\" width=\"178\" height=\"100\" border=\"0\" src=\"https://s01.riotpixels.net/data/6f/04/6f0482ac-a66b-416d-8585-abd3a1f870a4.jpg.240p.jpg\"></a></p><h3>Repack Features</h3><ul><li>Based on Steam release v1.0.0.53 HotFix with bonus OST: 1.6 GB GB, thanks to Wayne!</li><li>100% Lossless &amp; MD5 Perfect: all files are identical to originals after installation</li><li>NOTHING ripped, NOTHING re-encoded</li><li>Selective Download feature: you may skip downloading and installing of bonus OST</li><li>Slightly smaller archive size (compressed from 1.6 GB to 953 MB/1.1 GB)</li><li>Installation takes two minutes</li><li>After-install integrity check so you could make sure that everything installed properly</li><li>HDD space after installation: up to 1.6 GB</li><li>Language can be changed in game settings</li><li>At least 2 GB of free RAM (inc. virtual) required for installing this repack</li></ul><div ><div><h2>Game Description</h2></div><div ><b>Chicory: A Colorful Tale</b> is a top-down adventure game in a coloring book world where you can draw on anything. Use your painting powers to explore new places, solve puzzles, help your friends, and change the world!<p>Something terrible happened. Chicory, superstar artist and wielder of the Brush, is missing, and all the color in the land vanished with her. It\u2019s up to you, Chicory\u2019s number one fan, to pick up the Brush and fill in for her. It\u2019s a big job\u2026 but you\u2019re ready for it! Probably!</p><p><b><h3>Game Features</h3></b></p><ul><li>Explore the Picnic Province, and <b>paint on anything!</b></li><li><b>Solve puzzles</b> and manipulate the environment with paint.</li><li>Unlock new paint abilities and use them to reach new places.</li><li>Dress up how you want with <b>collectible clothes, plants, and furniture.</b></li><li>Discover a world full of <b>100+ animal characters.</b></li><li>Experience <b>10+ hours of gameplay</b> and dozens of side quests including mail delivery, art classes, photo taking, and more.</li><li>Play with your friends and paint together in <b>local co-op!</b></li><li>Featuring audio design by <b>Em Halberstadt</b> and A Shell in the Pit (Untitled Goose Game, Night in the Woods)</li><li>And an original soundtrack by <b>Lena Raine!</b> (Celeste, Minecraft)</li></ul></div></div>             </div>"
}