{
    "link": "https://fitgirl-repacks.site/chrono-cross-the-radical-dreamers-edition/",
    "title": "Chrono Cross: The Radical Dreamers Edition",
    "first_img": "https://i3.imageban.ru/out/2022/04/08/7c2a70250450b37b2ad207a9909996e4.jpg",
    "second_img": "https://s01.riotpixels.net/data/9b/d4/9bd42754-4c62-4d55-9031-b73922df933a.jpg.240p.jpg",
    "body": "<div ><h2>Chrono Cross: The Radical Dreamers Edition</h2><p ><div><a target=\"_blank\" href=\"https://en.riotpixels.com/games/chrono-cross-the-radical-dreamers-edition/\" rel=\"noopener\"><img class=\"alignleft\" width=\"150\" src=\"https://i3.imageban.ru/out/2022/04/08/7c2a70250450b37b2ad207a9909996e4.jpg\"></a></div><br>Genres/Tags: <strong>RPG, Japanese, Isometric, Side, Top-down, Fantasy, 3D</strong><br>Companies: <strong>Square Enix, D4Enterprise Co.,Ltd</strong><br>Languages: <strong>ENG/MULTI6</strong><br>Original Size: <strong>3.4 GB</strong><br>Repack Size: <strong>1.9/2.4 GB</strong></p>&nbsp;<div>&nbsp;</div><h3>Download Mirrors</h3><ul><li><a href=\"https://1337x.to/torrent/5211421/Chrono-Cross-The-Radical-Dreamers-Edition-MULTi6-FitGirl-Repack-Selective-Download-from-1-9-GB/\" target=\"_blank\" rel=\"noopener\">1337x</a> | [<a href=\"magnet:?xt=urn:btih:46C208816AA6E66A5C591649783F3CE7A058B9FC&amp;dn=Chrono+Cross%3A+The+Radical+Dreamers+Edition+%28MULTi6%29+%5BFitGirl+Repack%2C+Selective+Download+-+from+1.9+GB%5D&amp;tr=udp%3A%2F%2F46.148.18.250%3A2710&amp;tr=udp%3A%2F%2Fopentor.org%3A2710&amp;tr=udp%3A%2F%2Ftracker.coppersurfer.tk%3A6969%2Fannounce&amp;tr=udp%3A%2F%2Ftracker.opentrackr.org%3A1337%2Fannounce&amp;tr=http%3A%2F%2Ftracker.dler.org%3A6969%2Fannounce&amp;tr=udp%3A%2F%2Ftracker.leechers-paradise.org%3A6969%2Fannounce&amp;tr=udp%3A%2F%2F9.rarbg.me%3A2730%2Fannounce&amp;tr=udp%3A%2F%2F9.rarbg.to%3A2770%2Fannounce&amp;tr=udp%3A%2F%2Ftracker.pirateparty.gr%3A6969%2Fannounce&amp;tr=http%3A%2F%2Fretracker.local%2Fannounce&amp;tr=http%3A%2F%2Fretracker.ip.ncnet.ru%2Fannounce&amp;tr=udp%3A%2F%2Fexodus.desync.com%3A6969%2Fannounce&amp;tr=udp%3A%2F%2Fipv4.tracker.harry.lu%3A80%2Fannounce&amp;tr=udp%3A%2F%2Fopen.stealth.si%3A80%2Fannounce&amp;tr=udp%3A%2F%2Ftracker.opentrackr.org%3A1337%2Fannounce&amp;tr=http%3A%2F%2Ftracker.openbittorrent.com%3A80%2Fannounce&amp;tr=udp%3A%2F%2Fopentracker.i2p.rocks%3A6969%2Fannounce&amp;tr=udp%3A%2F%2Ftracker.internetwarriors.net%3A1337%2Fannounce&amp;tr=udp%3A%2F%2Ftracker.leechers-paradise.org%3A6969%2Fannounce&amp;tr=udp%3A%2F%2Fcoppersurfer.tk%3A6969%2Fannounce&amp;tr=udp%3A%2F%2Ftracker.zer0day.to%3A1337%2Fannounce\">magnet</a>] [<a href=\"https://pastefg.hermietkreeft.site/?d2b6a9202cf04f99#ERQq1xEon7oUwYnSmuEfi7p5qnkAphMMKVVcFTaBwPf2\" target=\"_blank\" rel=\"noopener\">.torrent file only</a>] <br><img src=\"https://torrent-stats.info/1649/6b6d3047.png\" style=\"display:block;clear:both\"></li><li><a href=\"https://tapochek.net/viewtopic.php?p=2844869\" target=\"_blank\" rel=\"noopener\">Tapochek.net</a></li><li><a href=\"https://pastefg.hermietkreeft.site/?c51783556dd1355e#4GYkvabthb7bthEBJgbmYQZ9ALMeTnRu4AKqVXV6Ad6y\" target=\"_blank\" rel=\"noopener\">Filehoster: MultiUpload</a> (10+ hosters, interchangeable) [Use <a href=\"http://jdownloader.org/jdownloader2\" target=\"_blank\" rel=\"noopener\">JDownloader2</a>]</li><li><a href=\"https://pastefg.hermietkreeft.site/?63630ff0a7eb0c3b#2NeWoGC6RpZdYg9rMoodrYuLExQyLC17rDV3hEC1E7ZB\" target=\"_blank\" rel=\"noopener\">Filehoster: ZippyShare</a></li><li><a href=\"https://pastefg.hermietkreeft.site/?8eb3cb85531c3765#GjhcWWoXiiHvP2CCzW9H1pezkpHrYsBYaPXFigjs8y8N\" target=\"_blank\" rel=\"noopener\">Filehoster: BayFiles</a></li><li><a href=\"https://pastefg.hermietkreeft.site/?6600c72f0d26cfef#HEius2ND7uwFYDN6q98HKg9NiEG6cwwrgozegL31yQbC\" target=\"_blank\" rel=\"noopener\">Filehoster: OneDrive</a> (Uploaded by DyR0 t(-_-t), NOT compatible with other mirrors)</li><p><!--  <li><a href=\"\" target=\"_blank\" rel=\"noopener\">Filehosters: Google Drive, OneDrive + others</a> (Uploaded by crackhub213)</li>  --></p></ul><p><a href=\"https://cs.rin.ru/forum/viewtopic.php?f=10&amp;t=119504\" target=\"_blank\" rel=\"noopener\">Discussion and (possible) future updates on CS.RIN.RU thread</a></p><h3>Screenshots (Click to enlarge)</h3><p><a target=\"_blank\" href=\"https://en.riotpixels.com/games/chrono-cross-the-radical-dreamers-edition/screenshots/18/?utm_source=emb-gfx-html&amp;utm_medium=image&amp;utm_campaign=rp-mass\" rel=\"noopener\"><img loading=\"lazy\" width=\"178\" height=\"100\" border=\"0\" src=\"https://s01.riotpixels.net/data/9b/d4/9bd42754-4c62-4d55-9031-b73922df933a.jpg.240p.jpg\"></a><a target=\"_blank\" href=\"https://en.riotpixels.com/games/chrono-cross-the-radical-dreamers-edition/screenshots/15/?utm_source=emb-gfx-html&amp;utm_medium=image&amp;utm_campaign=rp-mass\" rel=\"noopener\"><img loading=\"lazy\" width=\"178\" height=\"100\" border=\"0\" src=\"https://s01.riotpixels.net/data/f4/87/f4871066-2382-42c0-88f3-83054e1c0e31.jpg.240p.jpg\"></a><a target=\"_blank\" href=\"https://en.riotpixels.com/games/chrono-cross-the-radical-dreamers-edition/screenshots/12/?utm_source=emb-gfx-html&amp;utm_medium=image&amp;utm_campaign=rp-mass\" rel=\"noopener\"><img loading=\"lazy\" width=\"178\" height=\"100\" border=\"0\" src=\"https://s01.riotpixels.net/data/24/1c/241ca5ac-e7ed-46e9-8314-0258c8641cba.jpg.240p.jpg\"></a><br><a target=\"_blank\" href=\"https://en.riotpixels.com/games/chrono-cross-the-radical-dreamers-edition/screenshots/5/?utm_source=emb-gfx-html&amp;utm_medium=image&amp;utm_campaign=rp-mass\" rel=\"noopener\"><img loading=\"lazy\" width=\"178\" height=\"100\" border=\"0\" src=\"https://s01.riotpixels.net/data/a1/7f/a17f009c-a972-435c-b3cc-39ff2d61a331.jpg.240p.jpg\"></a><a target=\"_blank\" href=\"https://en.riotpixels.com/games/chrono-cross-the-radical-dreamers-edition/screenshots/4/?utm_source=emb-gfx-html&amp;utm_medium=image&amp;utm_campaign=rp-mass\" rel=\"noopener\"><img loading=\"lazy\" width=\"178\" height=\"100\" border=\"0\" src=\"https://s01.riotpixels.net/data/57/f8/57f8027b-5d1f-4c28-85f5-3ec508870c82.jpg.240p.jpg\"></a><a target=\"_blank\" href=\"https://en.riotpixels.com/games/chrono-cross-the-radical-dreamers-edition/screenshots/3/?utm_source=emb-gfx-html&amp;utm_medium=image&amp;utm_campaign=rp-mass\" rel=\"noopener\"><img loading=\"lazy\" width=\"178\" height=\"100\" border=\"0\" src=\"https://s01.riotpixels.net/data/25/59/2559248f-c357-490e-b4fd-a63b4ecd7ad8.jpg.240p.jpg\"></a></p><h3>Repack Features</h3><ul><li>Based on CHRONO_CROSS_THE_RADICAL_DREAMERS_EDITION-FLT ISO release: flt-chrono_cross_the_radical_dreamers_edition.iso (3,649,175,552 bytes)</li><li>Broken FLT crack/emu replaced with CODEX, FLT Crackfix and Goldberg alternatives located in NoDVD folder after installation</li><li>100% Lossless &amp; MD5 Perfect: all files are identical to originals after installation (ONLY when installed with optional videos!)</li><li>NOTHING ripped, NOTHING re-encoded</li><li>Selective Download feature: you may skip downloading and installing of in-game videos in languages other than English</li><li>Significantly smaller archive size (compressed from 3.4 to 1.9/2.4 GB)</li><li>Installation takes 5-10 minutes (depending on your system)</li><li>After-install integrity check so you could make sure that everything installed properly</li><li>HDD space after installation: 3.5 GB</li><li>Language can be changed in game launcher settings</li><li>Repack uses XTool library by Razor12911</li><li>At least 2 GB of free RAM (inc. virtual) required for installing this repack</li></ul><div ><div><h2>Game Description</h2></div><div ><p><b>CHRONO CROSS is an RPG that transcends time and space, unfolding across two interlinked parallel worlds:</b><br>With over 40 party members to meet, people and dimensions will intertwine in this epic drama about the planet itself.Utilising an innovative turn-based style battle system, CHRONO CROSS is a unique RPG that follows the protagonist \u201cSerge\u201d as he crosses time on his quest to save himself dying in a parallel universe.</p><p><b>RADICAL DREAMERS \u2013 Le Tr\u00e9sor Interdit:</b><br>\u201cRADICAL DREAMERS \u2013 Le Tr\u00e9sor Interdit -\u201d was released in 1996 as a standalone game, and has not been easily accesible for play in recent years. Players can experience the story that went on to become the basis for CHRONO CROSS in an audio novel format. Here, an alternate story of the RADICAL DREAMERS, a group of three thieves \u2013 Serge, Kid and Magil \u2013 unfolds in a parallel world.</p><p>You can switch between the new and old versions of the 3D models and illustrations.</p><p>The 3D models, illustrations, font and background filter cannot be toggled separately. They will all be switched together.</p><p><b><h3>Game Features</h3></b></p><ul><li>3D models converted to HD-Refined character illustrations</li><li>Higher-quality background music</li><li>Switch enemy encounters on or off</li><li>Background filter feature</li><li>Battle enhancement features to make combat easier</li><li>Auto-battle function</li><li>Switch between imitation pixel font and HD font</li><li>Change screen resolution</li></ul></div></div>             </div>"
}