{
    "link": "https://fitgirl-repacks.site/citystate-2/",
    "title": "Citystate II",
    "first_img": "https://i5.imageban.ru/out/2021/09/25/c47a3048cd8f375731d34c2fc27445a6.jpg",
    "second_img": "https://s01.riotpixels.net/data/4a/c9/4ac91875-101e-457d-9d5c-8388cd973c05.jpg.240p.jpg",
    "body": "<div ><h2>Citystate II</h2><p ><div><a target=\"_blank\" href=\"https://en.riotpixels.com/games/citystate-2/\" rel=\"noopener\"><img class=\"alignleft\" width=\"150\" src=\"https://i5.imageban.ru/out/2021/09/25/c47a3048cd8f375731d34c2fc27445a6.jpg\"></a></div><br>Genres/Tags: <strong>Managerial, Isometric, 3D</strong><br>Company: <strong>Andy Sztark</strong><br>Languages: <strong>ENG/MULTI4</strong><br>Original Size: <strong>739 MB</strong><br>Repack Size: <strong>515 MB</strong></p>&nbsp;<div>&nbsp;</div><h3>Download Mirrors</h3><ul><li><a href=\"https://1337x.to/torrent/4995213/Citystate-2-MULTi4-FitGirl-Repack/\" target=\"_blank\" rel=\"noopener\">1337x</a> | [<a href=\"magnet:?xt=urn:btih:4B0D65EC32E02114FC81F735F7DC9E7DFFD1945D&amp;dn=Citystate+2+%28MULTi4%29+%5BFitGirl+Repack%5D&amp;tr=udp%3A%2F%2F46.148.18.250%3A2710&amp;tr=udp%3A%2F%2Fopentor.org%3A2710&amp;tr=udp%3A%2F%2Ftracker.coppersurfer.tk%3A6969%2Fannounce&amp;tr=udp%3A%2F%2Ftracker.opentrackr.org%3A1337%2Fannounce&amp;tr=http%3A%2F%2Ftracker.dler.org%3A6969%2Fannounce&amp;tr=udp%3A%2F%2Ftracker.leechers-paradise.org%3A6969%2Fannounce&amp;tr=udp%3A%2F%2F9.rarbg.me%3A2730%2Fannounce&amp;tr=udp%3A%2F%2F9.rarbg.to%3A2770%2Fannounce&amp;tr=udp%3A%2F%2Ftracker.pirateparty.gr%3A6969%2Fannounce&amp;tr=http%3A%2F%2Fretracker.local%2Fannounce&amp;tr=http%3A%2F%2Fretracker.ip.ncnet.ru%2Fannounce&amp;tr=udp%3A%2F%2Fexodus.desync.com%3A6969%2Fannounce&amp;tr=udp%3A%2F%2Fipv4.tracker.harry.lu%3A80%2Fannounce&amp;tr=udp%3A%2F%2Fopen.stealth.si%3A80%2Fannounce&amp;tr=udp%3A%2F%2Ftracker.zer0day.to%3A1337%2Fannounce&amp;tr=udp%3A%2F%2Ftracker.leechers-paradise.org%3A6969%2Fannounce&amp;tr=udp%3A%2F%2Fcoppersurfer.tk%3A6969%2Fannounce\">magnet</a>] [<a href=\"https://pastefg.hermietkreeft.site/?61dd17f5aef9e011#Bu4Vi8SW8xBdwoXNB2vkMcikGAzz4LrCN3NzcdSEgPAy\" target=\"_blank\" rel=\"noopener\">.torrent file only</a>] <br><img src=\"https://torrent-stats.info/f735/46e6a5294.png\" style=\"display:block;clear:both\"></li><li><a href=\"https://tapochek.net/viewtopic.php?p=2802168\" target=\"_blank\" rel=\"noopener\">Tapochek.net</a></li><li><a href=\"https://pastefg.hermietkreeft.site/?1a64a215a1f53373#BEdMdc9fke839arCpjQJkK78nzyKBRG7qWFqMEZRnt24\" target=\"_blank\" rel=\"noopener\">Filehoster: MultiUpload</a> (10+ hosters, interchangeable) [Use <a href=\"http://jdownloader.org/jdownloader2\" target=\"_blank\" rel=\"noopener\">JDownloader2</a>]</li><li><a href=\"https://pastefg.hermietkreeft.site/?abf88bd414d216d2#6P3kkxHmbyQ69kJbxaSGHec4d9kFV1AZJEeKZFZjYaDo\" target=\"_blank\" rel=\"noopener\">Filehoster: PixelDrain</a></li><li><a href=\"https://pastefg.hermietkreeft.site/?7d296a47e919ab17#44GVQSYoowaeVhpe6PBj4Nz6psY4HnG5iqiENmeEEppV\" target=\"_blank\" rel=\"noopener\">Filehoster: ZippyShare</a></li><li><a href=\"https://pastefg.hermietkreeft.site/?6ef2ab4d2b697ded#BZtcYMdMwvWv7EWFGSqyg5aEodRWU49mmRYBpSpUV3RJ\" target=\"_blank\" rel=\"noopener\">Filehoster: LetsUpload</a> [Use <a href=\"http://jdownloader.org/jdownloader2\" target=\"_blank\" rel=\"noopener\">JDownloader2</a>]</li><li><a href=\"https://pastefg.hermietkreeft.site/?693507c7ca1929f8#F48xfLLM6WL369xfHtEw7bgMeFQH9wmFgwPH4fNDBcnm\" target=\"_blank\" rel=\"noopener\">Filehoster: OneDrive</a> (Uploaded by DyR0 t(-_-t), NOT compatible with other mirrors)</li></ul><p><a href=\"https://cs.rin.ru/forum/viewtopic.php?f=10&amp;t=106296\" target=\"_blank\" rel=\"noopener\">Discussion and (possible) future updates on CS.RIN.RU thread</a></p><h3>Screenshots (Click to enlarge)</h3><p><a target=\"_blank\" href=\"https://en.riotpixels.com/games/citystate-2/screenshots/20/?utm_source=emb-gfx-html&amp;utm_medium=image&amp;utm_campaign=rp-mass\" rel=\"noopener\"><img loading=\"lazy\" width=\"178\" height=\"100\" border=\"0\" src=\"https://s01.riotpixels.net/data/4a/c9/4ac91875-101e-457d-9d5c-8388cd973c05.jpg.240p.jpg\"></a><a target=\"_blank\" href=\"https://en.riotpixels.com/games/citystate-2/screenshots/17/?utm_source=emb-gfx-html&amp;utm_medium=image&amp;utm_campaign=rp-mass\" rel=\"noopener\"><img loading=\"lazy\" width=\"178\" height=\"100\" border=\"0\" src=\"https://s01.riotpixels.net/data/2c/bc/2cbcdea2-2a63-4be2-bb2e-4969a9da40a6.jpg.240p.jpg\"></a><a target=\"_blank\" href=\"https://en.riotpixels.com/games/citystate-2/screenshots/14/?utm_source=emb-gfx-html&amp;utm_medium=image&amp;utm_campaign=rp-mass\" rel=\"noopener\"><img loading=\"lazy\" width=\"178\" height=\"100\" border=\"0\" src=\"https://s01.riotpixels.net/data/04/59/045977fc-97a7-4338-b6e8-16e2231db2a7.jpg.240p.jpg\"></a><br><a target=\"_blank\" href=\"https://en.riotpixels.com/games/citystate-2/screenshots/12/?utm_source=emb-gfx-html&amp;utm_medium=image&amp;utm_campaign=rp-mass\" rel=\"noopener\"><img loading=\"lazy\" width=\"178\" height=\"100\" border=\"0\" src=\"https://s01.riotpixels.net/data/63/f1/63f18aac-5abb-47d8-a1e9-2dbbd727760d.jpg.240p.jpg\"></a><a target=\"_blank\" href=\"https://en.riotpixels.com/games/citystate-2/screenshots/9/?utm_source=emb-gfx-html&amp;utm_medium=image&amp;utm_campaign=rp-mass\" rel=\"noopener\"><img loading=\"lazy\" width=\"178\" height=\"100\" border=\"0\" src=\"https://s01.riotpixels.net/data/b8/df/b8dfb8a8-4aaa-4d25-926a-e85b95942881.jpg.240p.jpg\"></a><a target=\"_blank\" href=\"https://en.riotpixels.com/games/citystate-2/screenshots/8/?utm_source=emb-gfx-html&amp;utm_medium=image&amp;utm_campaign=rp-mass\" rel=\"noopener\"><img loading=\"lazy\" width=\"178\" height=\"100\" border=\"0\" src=\"https://s01.riotpixels.net/data/1c/99/1c999d98-6d5d-4749-ba81-d508f3b16ad7.jpg.240p.jpg\"></a></p><h3>Repack Features</h3><ul><li>Based on Citystate.II-PLAZA ISO release: plaza-citystate.ii.iso (774,602,752 bytes)</li><li>100% Lossless &amp; MD5 Perfect: all files are identical to originals after installation</li><li>NOTHING ripped, NOTHING re-encoded</li><li>Smaller archive size (compressed from 739 to 515 MB)</li><li>Installation takes one minute</li><li>After-install integrity check so you could make sure that everything installed properly</li><li>HDD space after installation: 1.9 GB</li><li>Language can be changed in \u201cCitystate II_Data\\Plugins\\x86_64\\steam_emu.ini\u201d file</li><li>At least 2 GB of free RAM (inc. virtual) required for installing this repack</li></ul><div ><div><h2>Game Description</h2></div><div >Citystate II goes back to the origins of what made city builders such as SimCity 4 captivating and demanding by offering realistic urban simulation systems <b>centered on civic and economic matters.</b><p>Special attention was given to freedom of play, this is an old-school sandbox game with no limitations nor goals. And you can play with or without politics.</p><p>This game contains economic slang, a bunch of statistics and depicts political ideologies in an arbitrary and subjective way. <b>Citystate II is intended for mature audiences.</b></p><p><b><h3>Game Features</h3></b></p><ul><li>More than 220 unique buildings (including real-scale skyscrapers), 8 road types, railways and subways.</li><li>Power and water management. Schools, hospitals, fire and police stations.</li><li>Large city maps (320\u00d7320 tiles), with up to 64 buildable cities per Nation.</li><li>Flag creator and mod-ready maps.</li><li>Unemployment, income distribution and social ladder.</li><li>Money printing, inflation rate and corruption.</li><li>Immigration policies, to precisely control the speed of the population\u2019s growth.</li><li>51 policies offering a total of 204 distinct options to choose from representing all sides of the political spectrum.</li><li>Policy creator, to edit and enact custom laws.</li><li>Religion, birth rates and political affiliations.</li><li>Riots, fires, plane crashes, organized crime.</li><li>Slums and urban decay.</li><li>Bankruptcy.</li></ul></div></div>             </div>"
}