{
    "link": "https://fitgirl-repacks.site/coastline-flight-simulator/",
    "title": "Coastline Flight Simulator",
    "first_img": "https://i1.imageban.ru/out/2021/07/14/23d9bf477619c399c322af23ba6f09d4.jpg",
    "second_img": "https://s01.riotpixels.net/data/e5/86/e58693d9-9f31-47b6-a457-06520442ca2b.jpg.240p.jpg",
    "body": "<div ><h2>Coastline Flight Simulator</h2><p ><div><a target=\"_blank\" href=\"https://en.riotpixels.com/games/coastline-flight-simulator/\" rel=\"noopener\"><img class=\"alignleft\" width=\"150\" src=\"https://i1.imageban.ru/out/2021/07/14/23d9bf477619c399c322af23ba6f09d4.jpg\"></a></div><br>Genres/Tags: <strong>Simulation, Open world, First-person, Third-person, 3D</strong><br>Company: <strong>Caipirinha Games GmbH</strong><br>Languages: <strong>RUS/ENG/MULTI10</strong><br>Original Size: <strong>2.8 GB</strong><br>Repack Size: <strong>1.7 GB</strong></p>&nbsp;<div>&nbsp;</div><h3>Download Mirrors</h3><ul><li><a href=\"https://1337x.to/torrent/4919645/Coastline-Flight-Simulator-MULTi10-FitGirl-Repack/\" target=\"_blank\" rel=\"noopener\">1337x</a> | [<a href=\"magnet:?xt=urn:btih:564E90C70CAAA50C1D3E4FF1E6D866978C74B716&amp;dn=Coastline+Flight+Simulator+%28MULTi10%29+%5BFitGirl+Repack%5D&amp;tr=udp%3A%2F%2F46.148.18.250%3A2710&amp;tr=udp%3A%2F%2Fopentor.org%3A2710&amp;tr=udp%3A%2F%2Ftracker.coppersurfer.tk%3A6969%2Fannounce&amp;tr=udp%3A%2F%2Ftracker.opentrackr.org%3A1337%2Fannounce&amp;tr=http%3A%2F%2Ftracker.dler.org%3A6969%2Fannounce&amp;tr=udp%3A%2F%2Ftracker.leechers-paradise.org%3A6969%2Fannounce&amp;tr=udp%3A%2F%2F9.rarbg.me%3A2730%2Fannounce&amp;tr=udp%3A%2F%2F9.rarbg.to%3A2770%2Fannounce&amp;tr=udp%3A%2F%2Ftracker.pirateparty.gr%3A6969%2Fannounce&amp;tr=http%3A%2F%2Fretracker.local%2Fannounce&amp;tr=http%3A%2F%2Fretracker.ip.ncnet.ru%2Fannounce&amp;tr=udp%3A%2F%2Fexodus.desync.com%3A6969%2Fannounce&amp;tr=udp%3A%2F%2Fipv4.tracker.harry.lu%3A80%2Fannounce&amp;tr=udp%3A%2F%2Fopen.stealth.si%3A80%2Fannounce&amp;tr=udp%3A%2F%2Ftracker.zer0day.to%3A1337%2Fannounce&amp;tr=udp%3A%2F%2Ftracker.leechers-paradise.org%3A6969%2Fannounce&amp;tr=udp%3A%2F%2Fcoppersurfer.tk%3A6969%2Fannounce\">magnet</a>] [<a href=\"https://pastefg.hermietkreeft.site/?6a6c4b8d2c8b3034#DymhXrWRKXQvTMNQbpgdhUnyH1tm6wXPbaJzkK8pS5ts\" target=\"_blank\" rel=\"noopener\">.torrent file only</a>] <br><img src=\"https://torrent-stats.info/4ff1/16913af9b.png\" style=\"display:block;clear:both\"></li><li><a href=\"http://rutor.info/torrent/825198/coastline-flight-simulator-2021-pc-repack-ot-fitgirl\" target=\"_blank\" rel=\"noopener\">RuTor</a> [<a href=\"magnet:?xt=urn:btih:564e90c70caaa50c1d3e4ff1e6d866978c74b716&amp;dn=rutor.info_Coastline+Flight+Simulator+%282021%29+PC+%7C+RePack+%D0%BE%D1%82+FitGirl&amp;tr=udp://opentor.org:2710&amp;tr=udp://opentor.org:2710&amp;tr=http://retracker.local/announce\">magnet</a>]</li><li><a href=\"https://tapochek.net/viewtopic.php?p=2788995\" target=\"_blank\" rel=\"noopener\">Tapochek.net</a></li><li><a href=\"https://pastefg.hermietkreeft.site/?f9ad028306964112#94SiHthLdA3X8z9Tk23dh9Pk2iAPDQaj36B7ugRyjuEz\" target=\"_blank\" rel=\"noopener\">Filehoster: MultiUpload</a> (10+ hosters, interchangeable) [Use <a href=\"http://jdownloader.org/jdownloader2\" target=\"_blank\" rel=\"noopener\">JDownloader2</a>]</li><li><a href=\"https://pastefg.hermietkreeft.site/?93cd1e76b0d1fe72#BV4s79iZMaZMFvfqnoeyrTeGRQzZMATavn9cFL3L9dP2\" target=\"_blank\" rel=\"noopener\">Filehoster: PixelDrain</a></li><li><a href=\"https://pastefg.hermietkreeft.site/?570031fbd113fa9d#GW4VNCv5EZ1f9HsKVhH4TEGVB63dJpHWibbb9XNqRdNA\" target=\"_blank\" rel=\"noopener\">Filehoster: ZippyShare</a></li><li><a href=\"https://pastefg.hermietkreeft.site/?cb4d153e66942959#93YhB8LVoVpyAh6P8gsJd3TwBRvF4RpQeEvFiK75dhnD\" target=\"_blank\" rel=\"noopener\">Filehoster: LetsUpload</a> [Use <a href=\"http://jdownloader.org/jdownloader2\" target=\"_blank\" rel=\"noopener\">JDownloader2</a>]</li><li><a href=\"https://crackhub.site/coastline-flight-simulator-fitgirl-repack/\" target=\"_blank\" rel=\"noopener\">Filehosters: Google Drive, OneDrive + others</a> (Uploaded by crackhub213)</li><li><a href=\"https://pastefg.hermietkreeft.site/?90c1f059b7aa8664#AvcXDsbcFg6zza1hg3vQ5ehBbLGchFJUoSCYwJfMdthA\" target=\"_blank\" rel=\"noopener\">Filehoster: OneDrive</a> (Uploaded by DyR0 t(-_-t), NOT compatible with other mirrors)</li></ul><p><a href=\"https://cs.rin.ru/forum/viewtopic.php?f=10&amp;t=114347\" target=\"_blank\" rel=\"noopener\">Discussion and (possible) future updates on CS.RIN.RU thread</a></p><h3>Screenshots (Click to enlarge)</h3><p><a target=\"_blank\" href=\"https://en.riotpixels.com/games/coastline-flight-simulator/screenshots/20/?utm_source=emb-gfx-html&amp;utm_medium=image&amp;utm_campaign=rp-mass\" rel=\"noopener\"><img loading=\"lazy\" width=\"178\" height=\"100\" border=\"0\" src=\"https://s01.riotpixels.net/data/e5/86/e58693d9-9f31-47b6-a457-06520442ca2b.jpg.240p.jpg\"></a><a target=\"_blank\" href=\"https://en.riotpixels.com/games/coastline-flight-simulator/screenshots/15/?utm_source=emb-gfx-html&amp;utm_medium=image&amp;utm_campaign=rp-mass\" rel=\"noopener\"><img loading=\"lazy\" width=\"178\" height=\"100\" border=\"0\" src=\"https://s01.riotpixels.net/data/06/23/0623779b-a582-418c-9f79-1d35ad27bd94.jpg.240p.jpg\"></a><a target=\"_blank\" href=\"https://en.riotpixels.com/games/coastline-flight-simulator/screenshots/14/?utm_source=emb-gfx-html&amp;utm_medium=image&amp;utm_campaign=rp-mass\" rel=\"noopener\"><img loading=\"lazy\" width=\"178\" height=\"100\" border=\"0\" src=\"https://s01.riotpixels.net/data/40/ab/40abf0f8-4687-4d45-a5fb-e47aac1b728a.jpg.240p.jpg\"></a><br><a target=\"_blank\" href=\"https://en.riotpixels.com/games/coastline-flight-simulator/screenshots/13/?utm_source=emb-gfx-html&amp;utm_medium=image&amp;utm_campaign=rp-mass\" rel=\"noopener\"><img loading=\"lazy\" width=\"178\" height=\"100\" border=\"0\" src=\"https://s01.riotpixels.net/data/06/8c/068c3273-e690-447a-8d30-36bd29098658.jpg.240p.jpg\"></a><a target=\"_blank\" href=\"https://en.riotpixels.com/games/coastline-flight-simulator/screenshots/7/?utm_source=emb-gfx-html&amp;utm_medium=image&amp;utm_campaign=rp-mass\" rel=\"noopener\"><img loading=\"lazy\" width=\"178\" height=\"100\" border=\"0\" src=\"https://s01.riotpixels.net/data/4d/a8/4da8b884-c265-4542-aeae-466304c3042f.jpg.240p.jpg\"></a><a target=\"_blank\" href=\"https://en.riotpixels.com/games/coastline-flight-simulator/screenshots/1/?utm_source=emb-gfx-html&amp;utm_medium=image&amp;utm_campaign=rp-mass\" rel=\"noopener\"><img loading=\"lazy\" width=\"178\" height=\"100\" border=\"0\" src=\"https://s01.riotpixels.net/data/28/eb/28eb21c3-20d5-45b2-bfc6-5919557900b6.jpg.240p.jpg\"></a></p><h3>Repack Features</h3><ul><li>Based on Coastline.Flight.Simulator-PLAZA ISO release: plaza-coastline.flight.simulator.iso (2,972,385,280 bytes)</li><li>100% Lossless &amp; MD5 Perfect: all files are identical to originals after installation</li><li>NOTHING ripped, NOTHING re-encoded</li><li>Significantly smaller archive size (compressed from 2.8 to 1.7 GB)</li><li>Installation takes 3-6 minutes (depending on your system)</li><li>After-install integrity check so you could make sure that everything installed properly</li><li>HDD space after installation: 3.3 GB (~10 GB during installation)</li><li>Language can be changed in \u201cCoastline Flight Simulator_Data\\Plugins\\x86_64\\steam_emu.ini\u201d file</li><li>At least 2 GB of free RAM (inc. virtual) required for installing this repack</li></ul><div ><div><h2>Game Description</h2></div><div >This is going to be great! Swing into the cockpit and experience breathtaking landscapes while you earn money with a variety of transport orders and trade. Deliver spare parts to Verdiva, do daring reconnaissance missions to a family of whales or to ancient ruins and much more.You can invest the money you earn in new aircraft, various upgrades, fresh paintwork or clothing. Keep expanding your business as a pilot, help the residents of the settlements and experience grand adventures in a huge world with islands, desert and coastal landscapes.<p><b><h3>Game Features</h3></b></p><ul><li>Three types of aircraft with nine upgrades each.</li><li>Huge open world with more than 80 x 80 km.</li><li>Simulation of the times of day.</li><li>10 tutorials</li><li>100 achievements (PC)</li><li>Customizable paintwork of the aircraft.</li><li>Different clothes for your character.</li><li>Female or male player</li><li>12 settlements</li><li>24 goods for transport and trade.</li><li>Different prices depending on the supply and demand of the settlements.</li><li>Realistic graphics</li></ul></div></div>             </div>"
}