{
    "link": "https://fitgirl-repacks.site/conway-disappearance-at-dahlia-view/",
    "title": "Conway: Disappearance at Dahlia View",
    "first_img": "https://i6.imageban.ru/out/2021/11/03/7d726190dbc59f5b0d6b79edea168c7d.jpg",
    "second_img": "https://s01.riotpixels.net/data/ec/42/ec425635-daed-4822-85e3-f78a02520eb7.jpg.240p.jpg",
    "body": "<div ><h2>Conway: Disappearance at Dahlia View</h2><p ><div><a target=\"_blank\" href=\"https://en.riotpixels.com/games/conway-disappearance-at-dahlia-view/\" rel=\"noopener\"><img class=\"alignleft\" width=\"150\" src=\"https://i6.imageban.ru/out/2021/11/03/7d726190dbc59f5b0d6b79edea168c7d.jpg\"></a></div><br>Genres/Tags: <strong>Adventure, First-person, Puzzle solving, 3D</strong><br>Companies: <strong>White Paper Games, Sold Out</strong><br>Languages: <strong>ENG/MULTI5</strong><br>Original Size: <strong>7.6 GB</strong><br>Repack Size: <strong>4.4/4.6 GB</strong> [Selective Download]</p>&nbsp;<div>&nbsp;</div><h3>Download Mirrors</h3><ul><li><a href=\"https://1337x.to/torrent/5038464/Conway-Disappearance-at-Dahlia-View-MULTi5-FitGirl-Repack-Selective-Download-from-4-4-GB/\" target=\"_blank\" rel=\"noopener\">1337x</a> | [<a href=\"magnet:?xt=urn:btih:36D51A7B43D1B044A13F29CC1F0FF127389C6E87&amp;dn=Conway%3A+Disappearance+at+Dahlia+View+%28MULTi5%29+%5BFitGirl+Repack%2C+Selective+Download+-+from+4.4+GB%5D&amp;tr=udp%3A%2F%2F46.148.18.250%3A2710&amp;tr=udp%3A%2F%2Fopentor.org%3A2710&amp;tr=udp%3A%2F%2Ftracker.coppersurfer.tk%3A6969%2Fannounce&amp;tr=udp%3A%2F%2Ftracker.opentrackr.org%3A1337%2Fannounce&amp;tr=http%3A%2F%2Ftracker.dler.org%3A6969%2Fannounce&amp;tr=udp%3A%2F%2Ftracker.leechers-paradise.org%3A6969%2Fannounce&amp;tr=udp%3A%2F%2F9.rarbg.me%3A2730%2Fannounce&amp;tr=udp%3A%2F%2F9.rarbg.to%3A2770%2Fannounce&amp;tr=udp%3A%2F%2Ftracker.pirateparty.gr%3A6969%2Fannounce&amp;tr=http%3A%2F%2Fretracker.local%2Fannounce&amp;tr=http%3A%2F%2Fretracker.ip.ncnet.ru%2Fannounce&amp;tr=udp%3A%2F%2Fexodus.desync.com%3A6969%2Fannounce&amp;tr=udp%3A%2F%2Fipv4.tracker.harry.lu%3A80%2Fannounce&amp;tr=udp%3A%2F%2Fopen.stealth.si%3A80%2Fannounce&amp;tr=udp%3A%2F%2Ftracker.zer0day.to%3A1337%2Fannounce&amp;tr=udp%3A%2F%2Ftracker.leechers-paradise.org%3A6969%2Fannounce&amp;tr=udp%3A%2F%2Fcoppersurfer.tk%3A6969%2Fannounce\">magnet</a>] [<a href=\"https://pastefg.hermietkreeft.site/?e4f74186a938d118#H2amtZhQ997XKTmqwQs2JNGHsg1nYRskJbB7rkDDyBSY\" target=\"_blank\" rel=\"noopener\">.torrent file only</a>] <br><img src=\"https://torrent-stats.info/29cc/c1e97674.png\" style=\"display:block;clear:both\"></li><li><a href=\"https://tapochek.net/viewtopic.php?p=2809370\" target=\"_blank\" rel=\"noopener\">Tapochek.net</a></li><li><a href=\"https://pastefg.hermietkreeft.site/?e48bad8bbdd02c1a#J7TwoB2t8hCxSiEkwBSr1cc12kRhLAwKKC2c4bJd93gL\" target=\"_blank\" rel=\"noopener\">Filehoster: MultiUpload</a> (10+ hosters, interchangeable) [Use <a href=\"http://jdownloader.org/jdownloader2\" target=\"_blank\" rel=\"noopener\">JDownloader2</a>]</li><li><a href=\"https://pastefg.hermietkreeft.site/?719dd5bf36a2bde6#URY66hgvocpB5izEMt38gfxJeaVnznqzKPmfRbc1gGG\" target=\"_blank\" rel=\"noopener\">Filehoster: PixelDrain</a></li><li><a href=\"https://pastefg.hermietkreeft.site/?d17cffc0e733227d#7tEbYDiu4Z1c5Rq9jp2gF5v1fdUYvr8UQSNu1xMkwyFA\" target=\"_blank\" rel=\"noopener\">Filehoster: ZippyShare</a></li><li><a href=\"https://pastefg.hermietkreeft.site/?77f0ab0b2846bb1f#2VehJRK1YPLyP39ZwZHoPPmtwQhPnrzcTccp2dp8pJ5z\" target=\"_blank\" rel=\"noopener\">Filehoster: BayFiles</a></li><li><a href=\"https://pastefg.hermietkreeft.site/?5a196513bbf9ef02#DYwh8gYpAfUKA8dre5MdFrq3WqVa2Pz5v9gAhQUtKmVF\" target=\"_blank\" rel=\"noopener\">Filehoster: LetsUpload</a> [Use <a href=\"http://jdownloader.org/jdownloader2\" target=\"_blank\" rel=\"noopener\">JDownloader2</a>]</li><li><a href=\"https://pastefg.hermietkreeft.site/?4c88424242e20a12#FU2FPQRfBTuNp2Mv3JEj6RcHReqPEocuWFjssYYPbcR2\" target=\"_blank\" rel=\"noopener\">Filehoster: OneDrive</a> (Uploaded by DyR0 t(-_-t), NOT compatible with other mirrors)</li><p><!--  <li><a href=\"\" target=\"_blank\" rel=\"noopener\">Filehosters: Google Drive, OneDrive + others</a> (Uploaded by crackhub213)</li>  --></p></ul><p><a href=\"https://cs.rin.ru/forum/viewtopic.php?f=10&amp;t=113932\" target=\"_blank\" rel=\"noopener\">Discussion and (possible) future updates on CS.RIN.RU thread</a></p><h3>Screenshots (Click to enlarge)</h3><p><a target=\"_blank\" href=\"https://en.riotpixels.com/games/conway-disappearance-at-dahlia-view/screenshots/7/?utm_source=emb-gfx-html&amp;utm_medium=image&amp;utm_campaign=rp-mass\" rel=\"noopener\"><img loading=\"lazy\" width=\"178\" height=\"100\" border=\"0\" src=\"https://s01.riotpixels.net/data/ec/42/ec425635-daed-4822-85e3-f78a02520eb7.jpg.240p.jpg\"></a><a target=\"_blank\" href=\"https://en.riotpixels.com/games/conway-disappearance-at-dahlia-view/screenshots/6/?utm_source=emb-gfx-html&amp;utm_medium=image&amp;utm_campaign=rp-mass\" rel=\"noopener\"><img loading=\"lazy\" width=\"178\" height=\"100\" border=\"0\" src=\"https://s01.riotpixels.net/data/35/de/35de7367-43be-4210-9c06-1e67a21dd407.jpg.240p.jpg\"></a><a target=\"_blank\" href=\"https://en.riotpixels.com/games/conway-disappearance-at-dahlia-view/screenshots/5/?utm_source=emb-gfx-html&amp;utm_medium=image&amp;utm_campaign=rp-mass\" rel=\"noopener\"><img loading=\"lazy\" width=\"178\" height=\"100\" border=\"0\" src=\"https://s01.riotpixels.net/data/f3/d8/f3d8ce97-e7c1-4db4-9a71-3c241b6ad0af.jpg.240p.jpg\"></a><br><a target=\"_blank\" href=\"https://en.riotpixels.com/games/conway-disappearance-at-dahlia-view/screenshots/4/?utm_source=emb-gfx-html&amp;utm_medium=image&amp;utm_campaign=rp-mass\" rel=\"noopener\"><img loading=\"lazy\" width=\"178\" height=\"100\" border=\"0\" src=\"https://s01.riotpixels.net/data/4f/30/4f30225a-1e33-4f54-90d3-db953e989e54.jpg.240p.jpg\"></a><a target=\"_blank\" href=\"https://en.riotpixels.com/games/conway-disappearance-at-dahlia-view/screenshots/3/?utm_source=emb-gfx-html&amp;utm_medium=image&amp;utm_campaign=rp-mass\" rel=\"noopener\"><img loading=\"lazy\" width=\"178\" height=\"100\" border=\"0\" src=\"https://s01.riotpixels.net/data/ff/be/ffbe5fe8-cdc1-45bb-8d33-52869ff86cfa.jpg.240p.jpg\"></a></p><h3>Repack Features</h3><ul><li>Based on Conway_Disappearance_at_Dahlia_View-FLT ISO release: flt-conway_disappearance_at_dahlia_view.iso (8,181,207,040 bytes)</li><li>100% Lossless &amp; MD5 Perfect: all files are identical to originals after installation</li><li>NOTHING ripped, NOTHING re-encoded</li><li>Selective Download feature: you may skip downloading and installing of game advertising trailer</li><li>Significantly smaller archive size (compressed from 7.6 to 4.4/4.6 GB)</li><li>Installation takes 2-5 minutes (depending on your system)</li><li>After-install integrity check so you could make sure that everything installed properly</li><li>HDD space after installation: up to 7.7 GB</li><li>Language can be changed in game settings</li><li>Repack uses XTool library by Razor12911</li><li>Use \u201cConway (DirectX 11)\u201d desktop icon to run the game on Windows 7</li><li>At least 2 GB of free RAM (inc. virtual) required for installing this repack</li></ul><div ><div><h2>Game Description</h2></div><div ><b>Sometimes it takes a nightmare to wake a place like Dahlia View.</b><br>Lead the investigation into a missing child and discover the dark secret of Dahlia View in this story-driven observational thriller from the creators of The Occupation and Ether One.<p><b>Conway: Disappearance at Dahlia View</b> is a gripping observational thriller set in 1950s England. When 8-year-old Charlotte May is reported missing from Dahlia View, retired detective Robert Conway searches for the truth behind her disappearance, observing his neighbours from his apartment window and questioning their behaviour. As suspicions escalate, Conway launches his own investigation into Charlotte May\u2019s disappearance, following leads, uncovering new evidence and piecing the case together on an unpredictable path to the truth.</p><p><b><h3>Game Features</h3></b></p><ul><li>Experience a tense and emotional story in an all-new detective thriller from White Paper Games, the creators of The Occupation and Ether One.</li><li>Explore Dahlia View, solve puzzles and investigate residents to discover new evidence, profile suspects and piece together your investigation.</li><li>Lead the investigation into a missing person as Robert Conway, a retired detective living in Dahlia View.</li><li>Observe the actions of Dahlia View\u2019s residents to uncover clues, study suspicious behaviour and gain new leads.</li></ul></div></div>             </div>"
}