{
    "link": "https://fitgirl-repacks.site/cooking-companions/",
    "title": "Cooking Companions",
    "first_img": "https://i1.imageban.ru/out/2021/10/10/05f6816c1116243cbe3a0dd78c137556.jpg",
    "second_img": "https://s01.riotpixels.net/data/4f/6e/4f6e74cb-a175-44db-a3f4-0ac803df846d.jpg.240p.jpg",
    "body": "<div ><h2>Cooking Companions</h2><p ><div><a target=\"_blank\" href=\"https://en.riotpixels.com/games/cooking-companions/\" rel=\"noopener\"><img class=\"alignleft\" width=\"150\" src=\"https://i1.imageban.ru/out/2021/10/10/05f6816c1116243cbe3a0dd78c137556.jpg\"></a></div><br>Genres/Tags: <strong>Adventure, Psychological, Horror, Visual Novel, 2D</strong><br>Company: <strong>Deer Dream Studios</strong><br>Language: <strong>ENG</strong><br>Original Size: <strong>1.8 GB</strong><br>Repack Size: <strong>730 MB</strong></p>&nbsp;<div>&nbsp;</div><h3>Download Mirrors</h3><ul><li><a href=\"https://1337x.to/torrent/5013555/Cooking-Companions-FitGirl-Repack/\" target=\"_blank\" rel=\"noopener\">1337x</a> | [<a href=\"magnet:?xt=urn:btih:262882E8342ED8515F3DA6D833AF49E2326D40A1&amp;dn=Cooking+Companions+%5BFitGirl+Repack%5D&amp;tr=udp%3A%2F%2F46.148.18.250%3A2710&amp;tr=udp%3A%2F%2Fopentor.org%3A2710&amp;tr=udp%3A%2F%2Ftracker.coppersurfer.tk%3A6969%2Fannounce&amp;tr=udp%3A%2F%2Ftracker.opentrackr.org%3A1337%2Fannounce&amp;tr=http%3A%2F%2Ftracker.dler.org%3A6969%2Fannounce&amp;tr=udp%3A%2F%2Ftracker.leechers-paradise.org%3A6969%2Fannounce&amp;tr=udp%3A%2F%2F9.rarbg.me%3A2730%2Fannounce&amp;tr=udp%3A%2F%2F9.rarbg.to%3A2770%2Fannounce&amp;tr=udp%3A%2F%2Ftracker.pirateparty.gr%3A6969%2Fannounce&amp;tr=http%3A%2F%2Fretracker.local%2Fannounce&amp;tr=http%3A%2F%2Fretracker.ip.ncnet.ru%2Fannounce&amp;tr=udp%3A%2F%2Fexodus.desync.com%3A6969%2Fannounce&amp;tr=udp%3A%2F%2Fipv4.tracker.harry.lu%3A80%2Fannounce&amp;tr=udp%3A%2F%2Fopen.stealth.si%3A80%2Fannounce&amp;tr=udp%3A%2F%2Ftracker.zer0day.to%3A1337%2Fannounce&amp;tr=udp%3A%2F%2Ftracker.leechers-paradise.org%3A6969%2Fannounce&amp;tr=udp%3A%2F%2Fcoppersurfer.tk%3A6969%2Fannounce\">magnet</a>] [<a href=\"https://pastefg.hermietkreeft.site/?8d8d8a56fd8d3f58#CmqUhtoUQq5Gz3NtE4KH4t7LBRf4Q5qwW8JkywSN277i\" target=\"_blank\" rel=\"noopener\">.torrent file only</a>] <br><img src=\"https://torrent-stats.info/a6d8/30098eb80.png\" style=\"display:block;clear:both\"></li><li><a href=\"https://tapochek.net/viewtopic.php?p=2805171\" target=\"_blank\" rel=\"noopener\">Tapochek.net</a></li><li><a href=\"https://pastefg.hermietkreeft.site/?f0402cbdd98206c3#75x1StMZVh7uungamSRPAWneYhtUf1nYgyQiParhvZgJ\" target=\"_blank\" rel=\"noopener\">Filehoster: MultiUpload</a> (10+ hosters, interchangeable) [Use <a href=\"http://jdownloader.org/jdownloader2\" target=\"_blank\" rel=\"noopener\">JDownloader2</a>]</li><li><a href=\"https://pastefg.hermietkreeft.site/?a1db80207ce7f9bd#2CYKMAc5bgbqqhbHbCrummesqrWdsiD1Xedw3Zx6ti9k\" target=\"_blank\" rel=\"noopener\">Filehoster: Pixeldrain</a></li><li><a href=\"https://pastefg.hermietkreeft.site/?a43e341d6d1f56ff#E1MJFQeBimH3DvrLH2Wt9h3g13CqYwtVvGxbnX7T4TUH\" target=\"_blank\" rel=\"noopener\">Filehoster: ZippyShare</a></li><li><a href=\"https://pastefg.hermietkreeft.site/?95faca3a439a3db0#DYZow98K8g2UyKHe4M5s3XdDZ9tuTkAE4HXr12emqEjd\" target=\"_blank\" rel=\"noopener\">Filehoster: LetsUpload</a> [Use <a href=\"http://jdownloader.org/jdownloader2\" target=\"_blank\" rel=\"noopener\">JDownloader2</a>]</li><li><a href=\"https://pastefg.hermietkreeft.site/?dd6b3d44669349c2#5g9TzbZDH6MZn21TovUXmCesBUtYgyHaBfJyuhJb7kkY\" target=\"_blank\" rel=\"noopener\">Filehoster: OneDrive</a> (Uploaded by DyR0 t(-_-t), NOT compatible with other mirrors)</li></ul><p><a href=\"https://cs.rin.ru/forum/viewtopic.php?f=10&amp;t=116337\" target=\"_blank\" rel=\"noopener\">Discussion and (possible) future updates on CS.RIN.RU thread</a></p><h3>Screenshots (Click to enlarge)</h3><p><a target=\"_blank\" href=\"https://en.riotpixels.com/games/cooking-companions/screenshots/7/?utm_source=emb-gfx-html&amp;utm_medium=image&amp;utm_campaign=rp-mass\" rel=\"noopener\"><img loading=\"lazy\" width=\"178\" height=\"100\" border=\"0\" src=\"https://s01.riotpixels.net/data/4f/6e/4f6e74cb-a175-44db-a3f4-0ac803df846d.jpg.240p.jpg\"></a><a target=\"_blank\" href=\"https://en.riotpixels.com/games/cooking-companions/screenshots/6/?utm_source=emb-gfx-html&amp;utm_medium=image&amp;utm_campaign=rp-mass\" rel=\"noopener\"><img loading=\"lazy\" width=\"177\" height=\"100\" border=\"0\" src=\"https://s01.riotpixels.net/data/b6/11/b611439f-52d7-4c97-bb63-a27bd45a0742.jpg.240p.jpg\"></a><a target=\"_blank\" href=\"https://en.riotpixels.com/games/cooking-companions/screenshots/5/?utm_source=emb-gfx-html&amp;utm_medium=image&amp;utm_campaign=rp-mass\" rel=\"noopener\"><img loading=\"lazy\" width=\"178\" height=\"100\" border=\"0\" src=\"https://s01.riotpixels.net/data/a6/07/a60784ae-3f41-48c2-939a-10aaa761af0e.jpg.240p.jpg\"></a><br><a target=\"_blank\" href=\"https://en.riotpixels.com/games/cooking-companions/screenshots/3/?utm_source=emb-gfx-html&amp;utm_medium=image&amp;utm_campaign=rp-mass\" rel=\"noopener\"><img loading=\"lazy\" width=\"178\" height=\"100\" border=\"0\" src=\"https://s01.riotpixels.net/data/6b/31/6b31f08b-75ad-4fed-a767-26d62732a703.jpg.240p.jpg\"></a><a target=\"_blank\" href=\"https://en.riotpixels.com/games/cooking-companions/screenshots/2/?utm_source=emb-gfx-html&amp;utm_medium=image&amp;utm_campaign=rp-mass\" rel=\"noopener\"><img loading=\"lazy\" width=\"178\" height=\"100\" border=\"0\" src=\"https://s01.riotpixels.net/data/27/f5/27f5da14-1313-4b1f-96f5-e4e5128de570.jpg.240p.jpg\"></a><a target=\"_blank\" href=\"https://en.riotpixels.com/games/cooking-companions/screenshots/1/?utm_source=emb-gfx-html&amp;utm_medium=image&amp;utm_campaign=rp-mass\" rel=\"noopener\"><img loading=\"lazy\" width=\"178\" height=\"100\" border=\"0\" src=\"https://s01.riotpixels.net/data/86/4c/864cd67a-6f24-4d2c-8233-65b23d955931.jpg.240p.jpg\"></a></p><h3>Repack Features</h3><ul><li>Based on Cooking.Companions-DARKSiDERS ISO release: ds-cookingcompanions.iso (1,937,033,216 bytes)</li><li>100% Lossless &amp; MD5 Perfect: all files are identical to originals after installation</li><li>NOTHING ripped, NOTHING re-encoded</li><li>Significantly smaller archive size (compressed from 1.8 GB to 730 MB)</li><li>Installation takes 4-6 minutes (depending on your system)</li><li>After-install integrity check so you could make sure that everything installed properly</li><li>HDD space after installation: 3.5 GB</li><li>At least 2 GB of free RAM (inc. virtual) required for installing this repack</li></ul><div ><div><h2>Game Description</h2></div><div >Deep in the woods of the Tatras Mountains, supplies dwindle and flood waters are rising. It\u2019s up to you to keep spirits high and make the most of your survival skills. Will you butter up the right person? Or will you wind up on the chopping block?<p>No jump scares, excessive gore, or frustrating dead ends. We\u2019re taking it back to the basics.</p><p>Featuring Eastern European folklore in an unexpected package, Cooking Companions is a \u201cdating sim\u201d psychological horror title.</p><p>Players will be able to unlock 40 Steam achievements, 55+ pieces of artwork, four vegan recipes and 7 endings.</p><p><b>WARNING: This game may potentially trigger seizures for people with photosensitive epilepsy. Viewer discretion is advised.</b></p><p><b>This game is not suitable for children or those who are easily disturbed.</b></p><p><b><h3>Game Features</h3></b></p><ul><li>Terrifying and complex sound design</li><li>Creeping fear of the unknown</li><li>Building dread that will stay with long after you\u2019ve closed the game</li></ul></div></div>             </div>"
}