{
    "link": "https://fitgirl-repacks.site/cooking-simulator/",
    "title": "Cooking Simulator \u2013 v5.1.0.3 + 5 DLCs",
    "first_img": "https://i7.imageban.ru/out/2021/11/19/f6679ac9ef5d693f41eb612c26ee63bd.jpg",
    "second_img": "https://s01.riotpixels.net/data/48/14/48147217-fe5c-405e-a4c2-860078f34544.jpg.240p.jpg",
    "body": "<div ><h2>Cooking Simulator \u2013 v5.1.0.3 + 5 DLCs</h2><p ><div><a target=\"_blank\" href=\"https://en.riotpixels.com/games/cooking-simulator/\" rel=\"noopener\"><img class=\"alignleft\" width=\"150\" src=\"https://i7.imageban.ru/out/2021/11/19/f6679ac9ef5d693f41eb612c26ee63bd.jpg\"></a></div><br>Genres/Tags: <strong>Simulation, First-person, 3D</strong><br>Companies: <strong>Big Cheese Studio, PlayWay S.A.</strong><br>Languages: <strong>RUS/ENG/MULTI12</strong><br>Original Size: <strong>9.4 GB</strong><br>Repack Size: <strong>5.3 GB</strong></p>&nbsp;<div>&nbsp;</div><h3>Download Mirrors</h3><ul><li><a href=\"https://1337x.to/torrent/5057645/Cooking-Simulator-v5-1-0-3-5-DLCs-MULTi12-FitGirl-Repack/\" target=\"_blank\" rel=\"noopener\">1337x</a> | [<a href=\"magnet:?xt=urn:btih:036217F09211FA1FD45EF2F61C58810DD4A94728&amp;dn=Cooking+Simulator+%28v5.1.0.3+%2B+5+DLCs%2C+MULTi12%29+%5BFitGirl+Repack%5D&amp;tr=udp%3A%2F%2F46.148.18.250%3A2710&amp;tr=udp%3A%2F%2Fopentor.org%3A2710&amp;tr=udp%3A%2F%2Ftracker.coppersurfer.tk%3A6969%2Fannounce&amp;tr=udp%3A%2F%2Ftracker.opentrackr.org%3A1337%2Fannounce&amp;tr=http%3A%2F%2Ftracker.dler.org%3A6969%2Fannounce&amp;tr=udp%3A%2F%2Ftracker.leechers-paradise.org%3A6969%2Fannounce&amp;tr=udp%3A%2F%2F9.rarbg.me%3A2730%2Fannounce&amp;tr=udp%3A%2F%2F9.rarbg.to%3A2770%2Fannounce&amp;tr=udp%3A%2F%2Ftracker.pirateparty.gr%3A6969%2Fannounce&amp;tr=http%3A%2F%2Fretracker.local%2Fannounce&amp;tr=http%3A%2F%2Fretracker.ip.ncnet.ru%2Fannounce&amp;tr=udp%3A%2F%2Fexodus.desync.com%3A6969%2Fannounce&amp;tr=udp%3A%2F%2Fipv4.tracker.harry.lu%3A80%2Fannounce&amp;tr=udp%3A%2F%2Fopen.stealth.si%3A80%2Fannounce&amp;tr=udp%3A%2F%2Ftracker.zer0day.to%3A1337%2Fannounce&amp;tr=udp%3A%2F%2Ftracker.leechers-paradise.org%3A6969%2Fannounce&amp;tr=udp%3A%2F%2Fcoppersurfer.tk%3A6969%2Fannounce\">magnet</a>] [<a href=\"https://pastefg.hermietkreeft.site/?7c10425eea556ef9#BTSErqTD76Ud21EjenDn8JEA1qJM9ZnJyz81JfoErDgA\" target=\"_blank\" rel=\"noopener\">.torrent file only</a>] <br><img src=\"https://torrent-stats.info/f2f6/46d518698.png\" style=\"display:block;clear:both\"></li><li><a href=\"http://rutor.info/torrent/846396/cooking-simulator-v-5.1.0.3-dlcs-2019-pc-repack-ot-fitgirl\" target=\"_blank\" rel=\"noopener\">RuTor</a> [<a href=\"magnet:?xt=urn:btih:036217f09211fa1fd45ef2f61c58810dd4a94728&amp;dn=rutor.info_Cooking+Simulator+%5Bv+5.1.0.3+%2B+DLCs%5D+%282019%29+PC+%7C+RePack+%D0%BE%D1%82+FitGirl&amp;tr=udp://opentor.net:6969&amp;tr=udp://opentor.org:2710&amp;tr=http://retracker.local/announce\">magnet</a>]</li><li><a href=\"https://tapochek.net/viewtopic.php?p=2813507\" target=\"_blank\" rel=\"noopener\">Tapochek.net</a></li><li><a href=\"https://pastefg.hermietkreeft.site/?6b31520fce87bb60#9KKcdQwfh9Xxj2ua4bdspRuRjK77dQTX9v3cZZyTeoEu\" target=\"_blank\" rel=\"noopener\">Filehoster: MultiUpload</a> (10+ hosters, interchangeable) [Use <a href=\"http://jdownloader.org/jdownloader2\" target=\"_blank\" rel=\"noopener\">JDownloader2</a>]</li><li><a href=\"https://pastefg.hermietkreeft.site/?e386fb63a783e71d#3o5dtVdZLSgBzmaEX2NmNi4w5hiihEgWLvXvihaiFP4m\" target=\"_blank\" rel=\"noopener\">Filehoster: ZippyShare</a></li><li><a href=\"https://pastefg.hermietkreeft.site/?3211ceae520bbd56#EdWrLCfDeBD7ZEhVBQNbH528Fq72wEEuxHUUtKVyt9mH\" target=\"_blank\" rel=\"noopener\">Filehoster: BayFiles</a></li><li><a href=\"https://pastefg.hermietkreeft.site/?e7236473d1b8b6d6#BGJig48sk4x81vurN1o8ARSP41wawsHSjMjM6UT9wPpU\" target=\"_blank\" rel=\"noopener\">Filehoster: LetsUpload</a> [Use <a href=\"http://jdownloader.org/jdownloader2\" target=\"_blank\" rel=\"noopener\">JDownloader2</a>]</li><li><a href=\"https://pastefg.hermietkreeft.site/?e408034b64b2400d#4jK9KrTXVQiqWhZA3azrcBSs3PhATReXLgzKf1uJ18Kh\" target=\"_blank\" rel=\"noopener\">Filehoster: OneDrive</a> (Uploaded by DyR0 t(-_-t), NOT compatible with other mirrors)</li><p><!--  <li><a href=\"\" target=\"_blank\" rel=\"noopener\">Filehosters: Google Drive, OneDrive + others</a> (Uploaded by crackhub213)</li>  --></p></ul><p><a href=\"https://cs.rin.ru/forum/viewtopic.php?f=10&amp;t=92668\" target=\"_blank\" rel=\"noopener\">Discussion and (possible) future updates on CS.RIN.RU thread</a></p><h3>Screenshots (Click to enlarge)</h3><p><a target=\"_blank\" href=\"https://en.riotpixels.com/games/cooking-simulator/screenshots/18/?utm_source=emb-gfx-html&amp;utm_medium=image&amp;utm_campaign=rp-mass\" rel=\"noopener\"><img loading=\"lazy\" width=\"178\" height=\"100\" border=\"0\" src=\"https://s01.riotpixels.net/data/48/14/48147217-fe5c-405e-a4c2-860078f34544.jpg.240p.jpg\"></a><a target=\"_blank\" href=\"https://en.riotpixels.com/games/cooking-simulator/screenshots/17/?utm_source=emb-gfx-html&amp;utm_medium=image&amp;utm_campaign=rp-mass\" rel=\"noopener\"><img loading=\"lazy\" width=\"178\" height=\"100\" border=\"0\" src=\"https://s01.riotpixels.net/data/18/0b/180b5aec-e613-4940-ba05-a37c6394cc94.jpg.240p.jpg\"></a><a target=\"_blank\" href=\"https://en.riotpixels.com/games/cooking-simulator/screenshots/11/?utm_source=emb-gfx-html&amp;utm_medium=image&amp;utm_campaign=rp-mass\" rel=\"noopener\"><img loading=\"lazy\" width=\"178\" height=\"100\" border=\"0\" src=\"https://s01.riotpixels.net/data/c0/16/c0163cdd-60d2-4eeb-8121-9f066f94625b.jpg.240p.jpg\"></a><br><a target=\"_blank\" href=\"https://en.riotpixels.com/games/cooking-simulator/screenshots/5/?utm_source=emb-gfx-html&amp;utm_medium=image&amp;utm_campaign=rp-mass\" rel=\"noopener\"><img loading=\"lazy\" width=\"178\" height=\"100\" border=\"0\" src=\"https://s01.riotpixels.net/data/19/40/1940d1ed-c7bb-4c8d-875c-1bc23902bd53.jpg.240p.jpg\"></a><a target=\"_blank\" href=\"https://en.riotpixels.com/games/cooking-simulator/screenshots/3/?utm_source=emb-gfx-html&amp;utm_medium=image&amp;utm_campaign=rp-mass\" rel=\"noopener\"><img loading=\"lazy\" width=\"178\" height=\"100\" border=\"0\" src=\"https://s01.riotpixels.net/data/e7/12/e712a892-08a9-4627-b202-b8141c11eefc.jpg.240p.jpg\"></a><a target=\"_blank\" href=\"https://en.riotpixels.com/games/cooking-simulator/screenshots/1/?utm_source=emb-gfx-html&amp;utm_medium=image&amp;utm_campaign=rp-mass\" rel=\"noopener\"><img loading=\"lazy\" width=\"178\" height=\"100\" border=\"0\" src=\"https://s01.riotpixels.net/data/16/31/16317b7a-205a-492c-ab75-d13575fa102a.jpg.240p.jpg\"></a></p><h3>Repack Features</h3><ul><li>Based on Cooking.Simulator.Shelter-CODEX ISO release: codex-cooking.simulator.shelter.iso (10,055,057,408 bytes)</li><li>Game version: v5.1.0.3; 5 DLCs are included and activated</li><li>100% Lossless &amp; MD5 Perfect: all files are identical to originals after installation</li><li>NOTHING ripped, NOTHING re-encoded</li><li>Significantly smaller archive size (compressed from 9.4 to 5.3 GB)</li><li>Installation takes 3-9 minutes (depending on your system)</li><li>After-install integrity check so you could make sure that everything installed properly</li><li>HDD space after installation: 10.4 GB</li><li>Language can be changed in game settings</li><li>Repack uses XTool library by Razor12911</li><li>At least 2 GB of free RAM (inc. virtual) required for installing this repack</li></ul><div ><div><h2>Game Description</h2></div><div ><b>Become the ultimate chef!</b> Take control of a highly polished, realistic kitchen equipped with all kinds of utensils and stands. Unlock and master over 80 recipes or use dozens of lifelike ingredients to cook everything you like. A simulator spiced up with a dash of real-life physics!<p><b>Your kitchen\u2019s got all the gear a chef might need.</b> Griddles, cookers, gas stands, ovens and tons of utensils like pots, pans, plates, knives, spatulas and blenders! On top of that there are over 140 ingredients available in the pantry: meat and fish, fruit and veggies, dairy products and various liquids. There\u2019s also a full set of spices and herbs for adding that extra flavour!</p><p><b>Lifelike cooking experience!</b> All the ingredients respond to your actions by changing temperature, appearance and taste. Every time you\u2019re slicing potatoes, flipping steaks or boiling a soup, there are some real-life physics applied to it. Once you learn the cooking mechanics and start serving dishes, you\u2019ll see yourself becoming a better chef with every new plate on the checkout.</p><p><b>Career mode is a culinary journey zero-to-hero style and your task is to gain fame for you and your restaurant.</b> You\u2019ll start from the basics and progressively unlock new more complex dishes and start serving more customers as your fame and experience grow. Once you master the recipes and workflow, you\u2019ll be able to unlock various perks and skills.</p><p><b>However, if you\u2019re not interested in playing by the rules, you\u2019re going to love the Sandbox mode.</b> Access all the recipes and ingredients and prepare whatever you like without any pressure. You don\u2019t even have to cook anything! Game physics gives you unlimited opportunities. Throw knives like darts, set up cutting boards like dominoes, set the whole kitchen on fire, blow up the oven and save the day using a fire extinguisher!</p><p><b><h3>Game Features</h3></b></p><ul><li>Career and Sandbox modes</li><li>80+ recipes</li><li>140+ lifelike ingredients</li><li>Perks and skills to unlock</li><li>Advanced cooking mechanics</li><li>Realistic physics</li></ul><p><b>Included DLCs:</b></p><ul><li>Cooking with Food Network</li><li>Cakes and Cookies</li><li>Chaos Tool</li><li>Pizza</li><li>Shelter</li></ul></div></div>             </div>"
}