{
    "link": "https://fitgirl-repacks.site/cookie-clicker/",
    "title": "Cookie Clicker \u2013 v2.04",
    "first_img": "https://i5.imageban.ru/out/2021/09/03/0d704a44ac6d2826f4aee2c011dedaa9.jpg",
    "second_img": "https://s01.riotpixels.net/data/5b/18/5b186d7e-907f-4a79-96cf-7b658f833b15.jpg.240p.jpg",
    "body": "<div ><h2>Cookie Clicker \u2013 v2.04</h2><p ><div><a target=\"_blank\" href=\"https://en.riotpixels.com/games/cookie-clicker/\" rel=\"noopener\"><img class=\"alignleft\" width=\"150\" src=\"https://i5.imageban.ru/out/2021/09/03/0d704a44ac6d2826f4aee2c011dedaa9.jpg\"></a></div><br>Genres/Tags: <strong>Incremental game, 2D</strong><br>Companies: <strong>\ud83c\udf6arteil, DashNet, Playsaurus</strong><br>Languages: <strong>RUS/ENG/MULTI12</strong><br>Original Size: <strong>244 MB</strong><br>Repack Size: <strong>109 MB</strong></p>&nbsp;<div>&nbsp;</div><h3>Download Mirrors</h3><ul><li><a href=\"https://1337x.to/torrent/4973205/Cookie-Clicker-v2-04-MULTi12-FitGirl-Repack/\" target=\"_blank\" rel=\"noopener\">1337x</a> | [<a href=\"magnet:?xt=urn:btih:84E353C7279E789CAF106BFD6E916DD6E0D1540C&amp;dn=Cookie+Clicker+%28v2.04%2C+MULTi12%29+%5BFitGirl+Repack%5D&amp;tr=udp%3A%2F%2F46.148.18.250%3A2710&amp;tr=udp%3A%2F%2Fopentor.org%3A2710&amp;tr=udp%3A%2F%2Ftracker.coppersurfer.tk%3A6969%2Fannounce&amp;tr=udp%3A%2F%2Ftracker.opentrackr.org%3A1337%2Fannounce&amp;tr=http%3A%2F%2Ftracker.dler.org%3A6969%2Fannounce&amp;tr=udp%3A%2F%2Ftracker.leechers-paradise.org%3A6969%2Fannounce&amp;tr=udp%3A%2F%2F9.rarbg.me%3A2730%2Fannounce&amp;tr=udp%3A%2F%2F9.rarbg.to%3A2770%2Fannounce&amp;tr=udp%3A%2F%2Ftracker.pirateparty.gr%3A6969%2Fannounce&amp;tr=http%3A%2F%2Fretracker.local%2Fannounce&amp;tr=http%3A%2F%2Fretracker.ip.ncnet.ru%2Fannounce&amp;tr=udp%3A%2F%2Fexodus.desync.com%3A6969%2Fannounce&amp;tr=udp%3A%2F%2Fipv4.tracker.harry.lu%3A80%2Fannounce&amp;tr=udp%3A%2F%2Fopen.stealth.si%3A80%2Fannounce&amp;tr=udp%3A%2F%2Ftracker.zer0day.to%3A1337%2Fannounce&amp;tr=udp%3A%2F%2Ftracker.leechers-paradise.org%3A6969%2Fannounce&amp;tr=udp%3A%2F%2Fcoppersurfer.tk%3A6969%2Fannounce\">magnet</a>] [<a href=\"https://pastefg.hermietkreeft.site/?90d1abab5b84a81e#43SMRgSybC7wxCLZNFxU7vrQwohbJAABjbWHEEBmePQN\" target=\"_blank\" rel=\"noopener\">.torrent file only</a>] <br><img src=\"https://torrent-stats.info/6bfd/1ed33d067.png\" style=\"display:block;clear:both\"></li><li><a href=\"http://rutor.info/torrent/832628/cookie-clicker-v-2.04-2021-pc-repack-ot-fitgirl\" target=\"_blank\" rel=\"noopener\">RuTor</a> [<a href=\"magnet:?xt=urn:btih:84e353c7279e789caf106bfd6e916dd6e0d1540c&amp;dn=rutor.info_Cookie+Clicker+%5Bv+2.04%5D+%282021%29+PC+%7C+RePack+%D0%BE%D1%82+FitGirl&amp;tr=udp://opentor.net:6969&amp;tr=udp://opentor.org:2710&amp;tr=http://retracker.local/announce\">magnet</a>]</li><li><a href=\"https://tapochek.net/viewtopic.php?p=2798461\" target=\"_blank\" rel=\"noopener\">Tapochek.net</a></li><li><a href=\"https://pastefg.hermietkreeft.site/?aef90ad6b0f66e2e#7p9D3mREXcXTadyXE13uoxCpfEBKjvicAmwYdmBVxyDh\" target=\"_blank\" rel=\"noopener\">Filehoster: MultiUpload</a> (10+ hosters, interchangeable) [Use <a href=\"http://jdownloader.org/jdownloader2\" target=\"_blank\" rel=\"noopener\">JDownloader2</a>]</li><li><a href=\"https://pastefg.hermietkreeft.site/?74c1ac3433355dd0#2t3Z3r5VtKG3YsuufkgFREJrceWCjvPy6CNvrgEyCCMP\" target=\"_blank\" rel=\"noopener\">Filehoster: PixelDrain</a></li><li><a href=\"https://pastefg.hermietkreeft.site/?3e3d322673534cf2#9dnnzvEyxsr5JUwwYWuC83ymHFAe62Yfjpy4W8kvK2X\" target=\"_blank\" rel=\"noopener\">Filehoster: ZippyShare</a></li><li><a href=\"https://pastefg.hermietkreeft.site/?b9ed80d4383dc43a#9nGLs1tLR1vP7Go1iohUPqke7ZqyeLDBMm2UsLkxTqKS\" target=\"_blank\" rel=\"noopener\">Filehoster: LetsUpload</a> [Use <a href=\"http://jdownloader.org/jdownloader2\" target=\"_blank\" rel=\"noopener\">JDownloader2</a>]</li><li><a href=\"https://pastefg.hermietkreeft.site/?c91049dc7be47264#9yJrvNV7fAXBLo9u6BB4dyrS2LJREGnubZNUGryc44Sv\" target=\"_blank\" rel=\"noopener\">Filehoster: OneDrive</a> (Uploaded by DyR0 t(-_-t), NOT compatible with other mirrors)</li></ul><p><a href=\"https://cs.rin.ru/forum/viewtopic.php?f=10&amp;t=115542\" target=\"_blank\" rel=\"noopener\">Discussion and (possible) future updates on CS.RIN.RU thread</a></p><h3>Screenshots (Click to enlarge)</h3><p><a target=\"_blank\" href=\"https://en.riotpixels.com/games/cookie-clicker/screenshots/7/?utm_source=emb-gfx-html&amp;utm_medium=image&amp;utm_campaign=rp-mass\" rel=\"noopener\"><img loading=\"lazy\" width=\"178\" height=\"100\" border=\"0\" src=\"https://s01.riotpixels.net/data/5b/18/5b186d7e-907f-4a79-96cf-7b658f833b15.jpg.240p.jpg\"></a><a target=\"_blank\" href=\"https://en.riotpixels.com/games/cookie-clicker/screenshots/5/?utm_source=emb-gfx-html&amp;utm_medium=image&amp;utm_campaign=rp-mass\" rel=\"noopener\"><img loading=\"lazy\" width=\"178\" height=\"100\" border=\"0\" src=\"https://s01.riotpixels.net/data/86/a5/86a52bc8-c492-4c18-a908-24a4cbcf94d2.jpg.240p.jpg\"></a><a target=\"_blank\" href=\"https://en.riotpixels.com/games/cookie-clicker/screenshots/4/?utm_source=emb-gfx-html&amp;utm_medium=image&amp;utm_campaign=rp-mass\" rel=\"noopener\"><img loading=\"lazy\" width=\"178\" height=\"100\" border=\"0\" src=\"https://s01.riotpixels.net/data/e1/7a/e17a1838-aa87-4ff9-a29e-88a447eb85bd.jpg.240p.jpg\"></a><br><a target=\"_blank\" href=\"https://en.riotpixels.com/games/cookie-clicker/screenshots/3/?utm_source=emb-gfx-html&amp;utm_medium=image&amp;utm_campaign=rp-mass\" rel=\"noopener\"><img loading=\"lazy\" width=\"178\" height=\"100\" border=\"0\" src=\"https://s01.riotpixels.net/data/c2/1c/c21c75fa-1257-4e66-8194-01056a257e86.jpg.240p.jpg\"></a><a target=\"_blank\" href=\"https://en.riotpixels.com/games/cookie-clicker/screenshots/2/?utm_source=emb-gfx-html&amp;utm_medium=image&amp;utm_campaign=rp-mass\" rel=\"noopener\"><img loading=\"lazy\" width=\"178\" height=\"100\" border=\"0\" src=\"https://s01.riotpixels.net/data/fd/0f/fd0f9c2f-3c4c-4279-b1d4-095c0b12c103.jpg.240p.jpg\"></a><a target=\"_blank\" href=\"https://en.riotpixels.com/games/cookie-clicker/screenshots/1/?utm_source=emb-gfx-html&amp;utm_medium=image&amp;utm_campaign=rp-mass\" rel=\"noopener\"><img loading=\"lazy\" width=\"178\" height=\"100\" border=\"0\" src=\"https://s01.riotpixels.net/data/2f/51/2f51c3b4-ad55-47ea-831d-94cf6ede346a.jpg.240p.jpg\"></a></p><h3>Repack Features</h3><ul><li>Based on Cookie.Clicker-ALI213 non-scene release: 244 MB</li><li>100% Lossless &amp; MD5 Perfect: all files are identical to originals after installation</li><li>N\ud83c\udf6aTHING ripped, N\ud83c\udf6aTHING re-encoded</li><li>Fantastically smaller archive size (compressed from 244 to 1\ud83c\udf6a9 MB)</li><li>Installation takes 15 seconds</li><li>After-install integrity check so you could make sure that everything installed properly</li><li>HDD space after installation: 244 MB</li><li>Language can be changed in game settings</li><li>At least 2 GB of free RAM (inc. virtual) required for installing this repack</li></ul><p>Free browser version is available <a href=\"https://orteil.dashnet.org/cookieclicker/\" target=\"_blank\" rel=\"noopener\">here</a>.</p><div ><div><h2>Game Description</h2></div><div >Cookie Clicker is a game about making an absurd amount of cookies. To help you in this endeavor, you will recruit a wide variety of helpful cookie makers, like friendly Grandmas, Farms, Factories, and otherworldly Portals.<p>Cookie Clicker was originally released in 2013, but has been very actively developed since then. If you played it before, try it again to see all the new features!</p><p><b><h3>Game Features</h3></b></p><ul><li>Collect cookies and spend them to earn even more cookies</li><li>Over 6\ud83c\udf6a\ud83c\udf6a+ upgrades</li><li>Over 5\ud83c\udf6a\ud83c\udf6a+ Achievements</li><li>Pet your dragon</li><li>Mini-games</li><li>Unlock heavenly perma-upgrades</li><li>Cloud saving (no more deleting cookies by accident)</li><li>Music by C418</li><li>*Coming soon: Create, discover, and download mods with Steam workshop</li></ul></div></div>             </div>"
}