{
    "link": "https://fitgirl-repacks.site/cotton-reboot/",
    "title": "COTTON REBOOT!",
    "first_img": "https://i6.imageban.ru/out/2021/11/20/e3dca0f4ddf44a968c79071d2c511087.jpg",
    "second_img": "https://s01.riotpixels.net/data/31/4f/314f76e8-16d8-4b1b-8253-3861e4dde01a.jpg.240p.jpg",
    "body": "<div ><h2>COTTON REBOOT!</h2><p ><div><a target=\"_blank\" href=\"https://en.riotpixels.com/games/cotton-reboot/\" rel=\"noopener\"><img class=\"alignleft\" width=\"150\" src=\"https://i6.imageban.ru/out/2021/11/20/e3dca0f4ddf44a968c79071d2c511087.jpg\"></a></div><br>Genres/Tags: <strong>Action, Shooter, RPG, Pausable real-time, Third-person, 3D</strong><br>Companies: <strong>Rocket-Engine Co.,Ltd., BEEP </strong><br><strong style=\"color:red\">This game REQUIRES Windows 10+</strong><br>Languages: <strong>ENG/MULTI6</strong><br>Original Size: <strong>1.2 GB</strong><br>Repack Size: <strong>903 MB</strong></p>&nbsp;<div>&nbsp;</div><h3>Download Mirrors</h3><ul><li><a href=\"https://1337x.to/torrent/5058821/COTTON-REBOOT-MULTi6-FitGirl-Repack/\" target=\"_blank\" rel=\"noopener\">1337x</a> | [<a href=\"magnet:?xt=urn:btih:02F8CFB7766AC6E276739F3C00028B6876900745&amp;dn=COTTON+REBOOT%21+%28MULTi6%29+%5BFitGirl+Repack%5D&amp;tr=udp%3A%2F%2F46.148.18.250%3A2710&amp;tr=udp%3A%2F%2Fopentor.org%3A2710&amp;tr=udp%3A%2F%2Ftracker.coppersurfer.tk%3A6969%2Fannounce&amp;tr=udp%3A%2F%2Ftracker.opentrackr.org%3A1337%2Fannounce&amp;tr=http%3A%2F%2Ftracker.dler.org%3A6969%2Fannounce&amp;tr=udp%3A%2F%2Ftracker.leechers-paradise.org%3A6969%2Fannounce&amp;tr=udp%3A%2F%2F9.rarbg.me%3A2730%2Fannounce&amp;tr=udp%3A%2F%2F9.rarbg.to%3A2770%2Fannounce&amp;tr=udp%3A%2F%2Ftracker.pirateparty.gr%3A6969%2Fannounce&amp;tr=http%3A%2F%2Fretracker.local%2Fannounce&amp;tr=http%3A%2F%2Fretracker.ip.ncnet.ru%2Fannounce&amp;tr=udp%3A%2F%2Fexodus.desync.com%3A6969%2Fannounce&amp;tr=udp%3A%2F%2Fipv4.tracker.harry.lu%3A80%2Fannounce&amp;tr=udp%3A%2F%2Fopen.stealth.si%3A80%2Fannounce&amp;tr=udp%3A%2F%2Ftracker.zer0day.to%3A1337%2Fannounce&amp;tr=udp%3A%2F%2Ftracker.leechers-paradise.org%3A6969%2Fannounce&amp;tr=udp%3A%2F%2Fcoppersurfer.tk%3A6969%2Fannounce\">magnet</a>] [<a href=\"https://pastefg.hermietkreeft.site/?d0213f6d81b850ae#JCQfpjE7apAuafqbqW2jA3UTaAPKBsUeC4cPR2JYePMu\" target=\"_blank\" rel=\"noopener\">.torrent file only</a>] <br><img src=\"https://torrent-stats.info/9f3c/2e6f87c20.png\" style=\"display:block;clear:both\"></li><li><a href=\"https://tapochek.net/viewtopic.php?p=2813716\" target=\"_blank\" rel=\"noopener\">Tapochek.net</a></li><li><a href=\"https://pastefg.hermietkreeft.site/?af88525b2f1ae2ea#5AVqWSBXTRarG3z6ryjgSVNtmeM2hhq1TirjgsxL2wb4\" target=\"_blank\" rel=\"noopener\">Filehoster: MultiUpload</a> (10+ hosters, interchangeable) [Use <a href=\"http://jdownloader.org/jdownloader2\" target=\"_blank\" rel=\"noopener\">JDownloader2</a>]</li><li><a href=\"https://pastefg.hermietkreeft.site/?262272bab8413080#DuREbxf66tT4ievRYTs993GjX4knAmRQiMVHEp2ccbod\" target=\"_blank\" rel=\"noopener\">Filehoster: ZippyShare</a></li><li><a href=\"https://pastefg.hermietkreeft.site/?923a8f93af48b48e#9xYVDeBPwEbfV9fADXmueYVxbRN2FFyMcZVaMbcv87QQ\" target=\"_blank\" rel=\"noopener\">Filehoster: BayFiles</a></li><li><a href=\"https://pastefg.hermietkreeft.site/?82ae6c2cd4a008ea#F1CuZMhS827kZAd241DwuqntfQbzV7EshSVSy1RpBK8x\" target=\"_blank\" rel=\"noopener\">Filehoster: LetsUpload</a> [Use <a href=\"http://jdownloader.org/jdownloader2\" target=\"_blank\" rel=\"noopener\">JDownloader2</a>]</li><li><a href=\"https://pastefg.hermietkreeft.site/?f77e8f81cf24b04c#4Fue9TAwLyqQYApfrgyCkwo8TGQLX81w3zmFCBZ899hu\" target=\"_blank\" rel=\"noopener\">Filehoster: OneDrive</a> (Uploaded by DyR0 t(-_-t), NOT compatible with other mirrors)</li><p><!--  <li><a href=\"\" target=\"_blank\" rel=\"noopener\">Filehosters: Google Drive, OneDrive + others</a> (Uploaded by crackhub213)</li>  --></p></ul><p><a href=\"https://cs.rin.ru/forum/viewtopic.php?f=10&amp;t=117186\" target=\"_blank\" rel=\"noopener\">Discussion and (possible) future updates on CS.RIN.RU thread</a></p><h3>Screenshots (Click to enlarge)</h3><p><a target=\"_blank\" href=\"https://en.riotpixels.com/games/cotton-reboot/screenshots/5/?utm_source=emb-gfx-html&amp;utm_medium=image&amp;utm_campaign=rp-mass\" rel=\"noopener\"><img loading=\"lazy\" width=\"178\" height=\"100\" border=\"0\" src=\"https://s01.riotpixels.net/data/31/4f/314f76e8-16d8-4b1b-8253-3861e4dde01a.jpg.240p.jpg\"></a><a target=\"_blank\" href=\"https://en.riotpixels.com/games/cotton-reboot/screenshots/4/?utm_source=emb-gfx-html&amp;utm_medium=image&amp;utm_campaign=rp-mass\" rel=\"noopener\"><img loading=\"lazy\" width=\"178\" height=\"100\" border=\"0\" src=\"https://s01.riotpixels.net/data/03/20/0320fabe-3cc1-427d-9259-d3cc73aa175d.jpg.240p.jpg\"></a><a target=\"_blank\" href=\"https://en.riotpixels.com/games/cotton-reboot/screenshots/3/?utm_source=emb-gfx-html&amp;utm_medium=image&amp;utm_campaign=rp-mass\" rel=\"noopener\"><img loading=\"lazy\" width=\"178\" height=\"100\" border=\"0\" src=\"https://s01.riotpixels.net/data/3f/b1/3fb1e1cb-023c-48ca-aeca-3fe636ccb6af.jpg.240p.jpg\"></a><br><a target=\"_blank\" href=\"https://en.riotpixels.com/games/cotton-reboot/screenshots/2/?utm_source=emb-gfx-html&amp;utm_medium=image&amp;utm_campaign=rp-mass\" rel=\"noopener\"><img loading=\"lazy\" width=\"178\" height=\"100\" border=\"0\" src=\"https://s01.riotpixels.net/data/6d/5f/6d5f8ebb-2355-481c-9f09-da1a6767db09.jpg.240p.jpg\"></a><a target=\"_blank\" href=\"https://en.riotpixels.com/games/cotton-reboot/screenshots/1/?utm_source=emb-gfx-html&amp;utm_medium=image&amp;utm_campaign=rp-mass\" rel=\"noopener\"><img loading=\"lazy\" width=\"178\" height=\"100\" border=\"0\" src=\"https://s01.riotpixels.net/data/a6/9a/a69ac44f-a775-42fe-b1a8-a6ec53ad7673.jpg.240p.jpg\"></a></p><h3>Repack Features</h3><ul><li>Based on COTTON.REBOOT-DARKSiDERS ISO release: ds-cottonreboot.iso (1,324,087,296 bytes)</li><li>Alternative Goldberg emu/crack is available in NoDVD folder, thanks to CHESIRE for config. You it if you have problems with your controller</li><li>100% Lossless &amp; MD5 Perfect: all files are identical to originals after installation</li><li>NOTHING ripped, NOTHING re-encoded</li><li>Smaller archive size (compressed from 1.2 GB to 903 MB)</li><li>Installation takes 2-3 minutes (depending on your system)</li><li>After-install integrity check so you could make sure that everything installed properly</li><li>HDD space after installation: 1.3 GB (3 GB during installation)</li><li>Language can be changed in game settings</li><li>At least 2 GB of free RAM (inc. virtual) required for installing this repack</li></ul><div ><div><h2>Game Description</h2></div><div >Cotton Reboot! is a completely remastered version of Cotton.Fantastic Night Dreams, the originator of the witchy shooting game released 30 years ago, with new features and the latest visual design.<p>The game also features 3 game modes.</p><p><b><h3>Game Features</h3></b></p><ul><li><b>X68000 original mode:</b> faithfully emulates Sharp\u2019s personal computer from the 1993 version.</li><li><b>Arrange mode:</b> features 16:9 screens, redesigned graphics and characters.</li><li><b>Time attack mode:</b> the player competes for scores online within a limited time.(2 minute and 5 minute mode can be selected)</li></ul></div></div>             </div>"
}