{
    "link": "https://fitgirl-repacks.site/cricket-22/",
    "title": "Cricket 22 \u2013 v0.1.2079 Hotfix",
    "first_img": "https://i2.imageban.ru/out/2022/02/28/95541dedc5a3fa2674e5354a0c7baf7f.jpg",
    "second_img": "https://s01.riotpixels.net/data/f8/b9/f8b9ebad-2c7f-43cb-bc1a-8462ab174a92.jpg.240p.jpg",
    "body": "<div ><h2>Cricket 22 \u2013 v0.1.2079 Hotfix</h2><p ><div><a target=\"_blank\" href=\"https://en.riotpixels.com/games/cricket-22/\" rel=\"noopener\"><img class=\"alignleft\" width=\"150\" src=\"https://i2.imageban.ru/out/2022/02/28/95541dedc5a3fa2674e5354a0c7baf7f.jpg\"></a></div><br>Genres/Tags: <strong>Sports, Cricket, Third-person, 3D</strong><br>Companies: <strong>Big Ant Studios, Nacon</strong><br>Language: <strong>ENG</strong><br>Original Size: <strong>44.1 GB</strong><br>Repack Size: <strong>13.6 GB</strong></p>&nbsp;<div>&nbsp;</div><h3>Download Mirrors</h3><ul><li><a href=\"https://1337x.to/torrent/5165796/Cricket-22-v0-1-2079-Hotfix-FitGirl-Repack/\" target=\"_blank\" rel=\"noopener\">1337x</a> | [<a href=\"magnet:?xt=urn:btih:754BFC6F8336EB38E269D3DBB476F94C5EDA1BBF&amp;dn=Cricket+22+%28v0.1.2079+Hotfix%29+%5BFitGirl+Repack%5D&amp;tr=udp%3A%2F%2F46.148.18.250%3A2710&amp;tr=udp%3A%2F%2Fopentor.org%3A2710&amp;tr=udp%3A%2F%2Ftracker.coppersurfer.tk%3A6969%2Fannounce&amp;tr=udp%3A%2F%2Ftracker.opentrackr.org%3A1337%2Fannounce&amp;tr=http%3A%2F%2Ftracker.dler.org%3A6969%2Fannounce&amp;tr=udp%3A%2F%2Ftracker.leechers-paradise.org%3A6969%2Fannounce&amp;tr=udp%3A%2F%2F9.rarbg.me%3A2730%2Fannounce&amp;tr=udp%3A%2F%2F9.rarbg.to%3A2770%2Fannounce&amp;tr=udp%3A%2F%2Ftracker.pirateparty.gr%3A6969%2Fannounce&amp;tr=http%3A%2F%2Fretracker.local%2Fannounce&amp;tr=http%3A%2F%2Fretracker.ip.ncnet.ru%2Fannounce&amp;tr=udp%3A%2F%2Fexodus.desync.com%3A6969%2Fannounce&amp;tr=udp%3A%2F%2Fipv4.tracker.harry.lu%3A80%2Fannounce&amp;tr=udp%3A%2F%2Fopen.stealth.si%3A80%2Fannounce&amp;tr=udp%3A%2F%2Ftracker.zer0day.to%3A1337%2Fannounce&amp;tr=udp%3A%2F%2Ftracker.leechers-paradise.org%3A6969%2Fannounce&amp;tr=udp%3A%2F%2Fcoppersurfer.tk%3A6969%2Fannounce\">magnet</a>] [<a href=\"https://pastefg.hermietkreeft.site/?a2cc78396b377da7#3bH9yoP8HngM4qreoYtpzHbjKeUMAPRC6WuVHzjhun18\" target=\"_blank\" rel=\"noopener\">.torrent file only</a>] <br><img src=\"https://torrent-stats.info/d3db/3f4da679d.png\" style=\"display:block;clear:both\"></li><li><a href=\"https://tapochek.net/viewtopic.php?p=2836854\" target=\"_blank\" rel=\"noopener\">Tapochek.net</a></li><li><a href=\"https://pastefg.hermietkreeft.site/?499a070793cbe8d7#B1Go6BdpzsWGXfbDbSeFPcVMHVrVpxFD6eqwvBqKaRR1\" target=\"_blank\" rel=\"noopener\">Filehoster: MultiUpload</a> (10+ hosters, interchangeable) [Use <a href=\"http://jdownloader.org/jdownloader2\" target=\"_blank\" rel=\"noopener\">JDownloader2</a>]</li><li><a href=\"https://pastefg.hermietkreeft.site/?e4b0f966739e8b0c#GnvTstjA8w8uTrGdYGEVtuvJp2QXnd5oDhRYQUfLtMHS\" target=\"_blank\" rel=\"noopener\">Filehoster: ZippyShare</a></li><li><a href=\"https://pastefg.hermietkreeft.site/?22ba95e8d110b67c#755wPv4895H43AX3Rtz2jzRtvkYFWAPnWMk5rTy8uSyY\" target=\"_blank\" rel=\"noopener\">Filehoster: BayFiles</a></li><li><a href=\"https://pastefg.hermietkreeft.site/?49fa4854115bdbca#BKQ2w1cLyqjNsJ85DSr5wHcD3v74vzxrW7gbT9SK5ajc\" target=\"_blank\" rel=\"noopener\">Filehoster: OneDrive</a> (Uploaded by DyR0 t(-_-t), NOT compatible with other mirrors)</li><li><a href=\"https://crackhub.site/cricket-22-v0-1-2079-hotfix-fitgirl-repack/\" target=\"_blank\" rel=\"noopener\">Filehosters: Google Drive, OneDrive + others</a> (Uploaded by crackhub213)</li></ul><p><a href=\"https://cs.rin.ru/forum/viewtopic.php?f=10&amp;t=116321\" target=\"_blank\" rel=\"noopener\">Discussion and (possible) future updates on CS.RIN.RU thread</a></p><h3>Screenshots (Click to enlarge)</h3><p><a target=\"_blank\" href=\"https://en.riotpixels.com/games/cricket-22/screenshots/12/?utm_source=emb-gfx-html&amp;utm_medium=image&amp;utm_campaign=rp-mass\" rel=\"noopener\"><img loading=\"lazy\" width=\"178\" height=\"100\" border=\"0\" src=\"https://s01.riotpixels.net/data/f8/b9/f8b9ebad-2c7f-43cb-bc1a-8462ab174a92.jpg.240p.jpg\"></a><a target=\"_blank\" href=\"https://en.riotpixels.com/games/cricket-22/screenshots/11/?utm_source=emb-gfx-html&amp;utm_medium=image&amp;utm_campaign=rp-mass\" rel=\"noopener\"><img loading=\"lazy\" width=\"178\" height=\"100\" border=\"0\" src=\"https://s01.riotpixels.net/data/b0/09/b0092977-00a0-4989-8419-ef85b9656070.jpg.240p.jpg\"></a><a target=\"_blank\" href=\"https://en.riotpixels.com/games/cricket-22/screenshots/7/?utm_source=emb-gfx-html&amp;utm_medium=image&amp;utm_campaign=rp-mass\" rel=\"noopener\"><img loading=\"lazy\" width=\"178\" height=\"100\" border=\"0\" src=\"https://s01.riotpixels.net/data/6c/04/6c045beb-af7d-4e07-84ba-0ac8ec28cb19.jpg.240p.jpg\"></a><br><a target=\"_blank\" href=\"https://en.riotpixels.com/games/cricket-22/screenshots/4/?utm_source=emb-gfx-html&amp;utm_medium=image&amp;utm_campaign=rp-mass\" rel=\"noopener\"><img loading=\"lazy\" width=\"178\" height=\"100\" border=\"0\" src=\"https://s01.riotpixels.net/data/04/59/04593029-e3b5-420a-ab2a-c442c4fc8c37.jpg.240p.jpg\"></a><a target=\"_blank\" href=\"https://en.riotpixels.com/games/cricket-22/screenshots/3/?utm_source=emb-gfx-html&amp;utm_medium=image&amp;utm_campaign=rp-mass\" rel=\"noopener\"><img loading=\"lazy\" width=\"178\" height=\"100\" border=\"0\" src=\"https://s01.riotpixels.net/data/7c/7b/7c7bc888-c254-4a73-aed2-07f8e73875e9.jpg.240p.jpg\"></a><a target=\"_blank\" href=\"https://en.riotpixels.com/games/cricket-22/screenshots/1/?utm_source=emb-gfx-html&amp;utm_medium=image&amp;utm_campaign=rp-mass\" rel=\"noopener\"><img loading=\"lazy\" width=\"178\" height=\"100\" border=\"0\" src=\"https://s01.riotpixels.net/data/3b/18/3b1891c8-8863-4d5e-a444-d8da237ff9c3.jpg.240p.jpg\"></a></p><h3>Repack Features</h3><ul><li>Based on Cricket 22 Steam v0.1.2079 release: 44.1 GB, thanks to Abhilaxmi!</li><li>Goldberg crack/emu applied over</li><li>100% Lossless &amp; MD5 Perfect: all files are identical to originals after installation</li><li>NOTHING ripped, NOTHING re-encoded</li><li>Significantly smaller archive size (compressed from 44.1 to 13.6 GB)</li><li><b>Installation is VERY slow and varies from 1 hour (on 16-threads CPU) up to 4 hours (on 4-threads CPU). Be advised, that up until ~30% of installation the estimated installation time will be much slower than it actually will take. This happens due to a very slow compression algo developers use on game files and the amount of those files (&gt;78000)</b></li><li>After-install integrity check so you could make sure that everything installed properly</li><li>HDD space after installation: 44.1 GB</li><li>Repack uses XTool library by Razor12911</li><li>At least 2 GB of free RAM (inc. virtual) required for installing this repack</li></ul><div ><div><h2>Game Description</h2></div><div ><p>Cricket 22 delivers the most robust, substantial game of cricket that fans have ever seen. Enjoy the full licensed Ashes contest \u2013 the pinnacle of the long-standing rivalry between Australia and England. In addition, contest Australia\u2019s big-hitting Big Bash T20 competition, the hugely innovative The Hundred in England, the tropical party of the CPL in the Caribbean, and take to the international field of battle with fully-licensed teams from Australia, England, The West Indies, New Zealand and Ireland.</p><p>And, in keeping with Big Ant\u2019s commitment to equality and equal representation, both the Men\u2019s and Women\u2019s games have been replicated across all of Cricket 22.</p><p><b><h3>Game Features</h3></b></p><ul><li><b>All-new bowling and fielding controls:</b> whether it\u2019s a feisty fast bouncer, or the satisfying \u201csnap\u201d as you hurl the ball from the infield for a precision run-out, Cricket 22 features refined, tight controls that enable you to play your best game of cricket.</li><li><b>A deep, narrative-driven career mode:</b> you are in control on and off the field. You manage your training and press conferences, deal with injuries, and decide your path towards international glory!</li><li><b>It\u2019s the most accessible cricket game yet:</b> New to Cricket? Cricket 22 makes it easier to get into the game than ever before, with a completely overhauled series of tutorials and first-time user experience. Cricket 22 is the most detailed simulation of the sport that Big Ant has ever created, and thanks to these tutorials we\u2019ll have you out there batting and bowling like a pro in no time.</li><li><b>An all-new commentary team:</b> Cricket 22 brings a star-studded commentary team, featuring Michael Atherton, Ian Healy, Mel Jones, Alison Mitchell and David Gower. Every shot will be called with greater depth and analysis than ever before, and for the first time ever in a sports game, there will be an all-women commentary team, further deepening the representation of women in the Cricket 22 experience.</li><li><b>The best-looking cricket ever:</b> Cricket 22 takes full advantage of the capabilities of the latest generation of hardware. Not only does the game load with blinding speed, getting you into the action more quickly than ever before, it also includes a full suite of visual updates, including incredible real-time ray tracing elements, providing the most visually realistic game of cricket ever seen.</li></ul></div></div>             </div>"
}