{
    "link": "https://fitgirl-repacks.site/cris-tales/",
    "title": "Cris Tales",
    "first_img": "https://i4.imageban.ru/out/2021/07/21/c74ede75534866dcb20e3f599e4ac3a8.jpg",
    "second_img": "https://s01.riotpixels.net/data/40/0a/400ac651-9255-4ba2-8041-8d13fbb7b673.jpg.240p.jpg",
    "body": "<div ><h2>Cris Tales</h2><p ><div><a target=\"_blank\" href=\"https://en.riotpixels.com/games/cris-tales/\" rel=\"noopener\"><img class=\"alignleft\" width=\"150\" src=\"https://i4.imageban.ru/out/2021/07/21/c74ede75534866dcb20e3f599e4ac3a8.jpg\"></a></div><br>Genres/Tags: <strong>RPG, Side, Turn-based, 2D</strong><br>Companies: <strong>Dreams Uncorporated, SYCK, Modus Games</strong><br>Languages: <strong>RUS/ENG/MULTI12</strong><br>Original Size: <strong>2.6 GB</strong><br>Repack Size: <strong>2.1 GB</strong></p>&nbsp;<div>&nbsp;</div><h3>Download Mirrors</h3><ul><li><a href=\"https://1337x.to/torrent/4926505/Cris-Tales-MULTi12-FitGirl-Repack/\" target=\"_blank\" rel=\"noopener\">1337x</a> | [<a href=\"magnet:?xt=urn:btih:E1C903FE1C751203506BB28FA4CBE16B55E64052&amp;dn=Cris+Tales+%28MULTi12%29+%5BFitGirl+Repack%5D&amp;tr=udp%3A%2F%2F46.148.18.250%3A2710&amp;tr=udp%3A%2F%2Fopentor.org%3A2710&amp;tr=udp%3A%2F%2Ftracker.coppersurfer.tk%3A6969%2Fannounce&amp;tr=udp%3A%2F%2Ftracker.opentrackr.org%3A1337%2Fannounce&amp;tr=http%3A%2F%2Ftracker.dler.org%3A6969%2Fannounce&amp;tr=udp%3A%2F%2Ftracker.leechers-paradise.org%3A6969%2Fannounce&amp;tr=udp%3A%2F%2F9.rarbg.me%3A2730%2Fannounce&amp;tr=udp%3A%2F%2F9.rarbg.to%3A2770%2Fannounce&amp;tr=udp%3A%2F%2Ftracker.pirateparty.gr%3A6969%2Fannounce&amp;tr=http%3A%2F%2Fretracker.local%2Fannounce&amp;tr=http%3A%2F%2Fretracker.ip.ncnet.ru%2Fannounce&amp;tr=udp%3A%2F%2Fexodus.desync.com%3A6969%2Fannounce&amp;tr=udp%3A%2F%2Fipv4.tracker.harry.lu%3A80%2Fannounce&amp;tr=udp%3A%2F%2Fopen.stealth.si%3A80%2Fannounce&amp;tr=udp%3A%2F%2Ftracker.zer0day.to%3A1337%2Fannounce&amp;tr=udp%3A%2F%2Ftracker.leechers-paradise.org%3A6969%2Fannounce&amp;tr=udp%3A%2F%2Fcoppersurfer.tk%3A6969%2Fannounce\">magnet</a>] [<a href=\"https://pastefg.hermietkreeft.site/?38209e1a11a03d98#CLQnXGGMAMVH3weHkUvzZSW15TCgKjqbFQ4aLVeTuxQ9\" target=\"_blank\" rel=\"noopener\">.torrent file only</a>] <br><img src=\"https://torrent-stats.info/b28f/32796f3a8.png\" style=\"display:block;clear:both\"></li><li><a href=\"http://rutor.info/torrent/826050/cris-tales-2021-pc-repack-ot-fitgirl\" target=\"_blank\" rel=\"noopener\">RuTor</a> [<a href=\"magnet:?xt=urn:btih:e1c903fe1c751203506bb28fa4cbe16b55e64052&amp;dn=rutor.info_Cris+Tales+%282021%29+PC+%7C+RePack+%D0%BE%D1%82+FitGirl&amp;tr=udp://opentor.org:2710&amp;tr=udp://opentor.org:2710&amp;tr=http://retracker.local/announce\">magnet</a>]</li><li><a href=\"https://tapochek.net/viewtopic.php?p=2790045\" target=\"_blank\" rel=\"noopener\">Tapochek.net</a></li><li><a href=\"https://pastefg.hermietkreeft.site/?58df768659fe77bf#EiEk3suyjSjzPgYrAQX5cVkYisZV7g9Wtxas8cd3fjYz\" target=\"_blank\" rel=\"noopener\">Filehoster: MultiUpload</a> (10+ hosters, interchangeable) [Use <a href=\"http://jdownloader.org/jdownloader2\" target=\"_blank\" rel=\"noopener\">JDownloader2</a>]</li><li><a href=\"https://pastefg.hermietkreeft.site/?f744dbfa69f32485#3YwbTDgo1PuNneDx5mN4nxD6otm3xsVbhnncKWCjnvqP\" target=\"_blank\" rel=\"noopener\">Filehoster: PixelDrain</a></li><li><a href=\"https://pastefg.hermietkreeft.site/?71d7de3edcf36332#25euV4af5kLQGaa8zyVyz653wwvMf7nsLPAy7AAfaxNf\" target=\"_blank\" rel=\"noopener\">Filehoster: ZippyShare</a></li><li><a href=\"https://pastefg.hermietkreeft.site/?5bf52c05d5a6f9b5#7qj34TLBbc6NHsNPbBi3JNJrsvKdTgTVAF5961ZJYDFF\" target=\"_blank\" rel=\"noopener\">Filehoster: LetsUpload</a> [Use <a href=\"http://jdownloader.org/jdownloader2\" target=\"_blank\" rel=\"noopener\">JDownloader2</a>]</li><li><a href=\"https://crackhub.site/cris-tales-fitgirl-repack/\" target=\"_blank\" rel=\"noopener\">Filehosters: Google Drive, OneDrive + others</a> (Uploaded by crackhub213)</li><li><a href=\"https://pastefg.hermietkreeft.site/?34e177c95861ff18#HHdEx6Hyjxx5XFFnKBJAHm1ZebppmVAuYD6xcYrGTX5p\" target=\"_blank\" rel=\"noopener\">Filehoster: OneDrive</a> (Uploaded by DyR0 t(-_-t), NOT compatible with other mirrors)</li></ul><p><a href=\"https://cs.rin.ru/forum/viewtopic.php?f=10&amp;t=97704\" target=\"_blank\" rel=\"noopener\">Discussion and (possible) future updates on CS.RIN.RU thread</a></p><h3>Screenshots (Click to enlarge)</h3><p><a target=\"_blank\" href=\"https://en.riotpixels.com/games/cris-tales/screenshots/6/?utm_source=emb-gfx-html&amp;utm_medium=image&amp;utm_campaign=rp-mass\" rel=\"noopener\"><img loading=\"lazy\" width=\"178\" height=\"100\" border=\"0\" src=\"https://s01.riotpixels.net/data/40/0a/400ac651-9255-4ba2-8041-8d13fbb7b673.jpg.240p.jpg\"></a><a target=\"_blank\" href=\"https://en.riotpixels.com/games/cris-tales/screenshots/5/?utm_source=emb-gfx-html&amp;utm_medium=image&amp;utm_campaign=rp-mass\" rel=\"noopener\"><img loading=\"lazy\" width=\"178\" height=\"100\" border=\"0\" src=\"https://s01.riotpixels.net/data/9c/f2/9cf2df5c-6d41-4c02-ac41-931c2c839b3b.jpg.240p.jpg\"></a><a target=\"_blank\" href=\"https://en.riotpixels.com/games/cris-tales/screenshots/4/?utm_source=emb-gfx-html&amp;utm_medium=image&amp;utm_campaign=rp-mass\" rel=\"noopener\"><img loading=\"lazy\" width=\"178\" height=\"100\" border=\"0\" src=\"https://s01.riotpixels.net/data/61/d3/61d34acb-2cff-4b9b-bc4d-c23a59bb35af.jpg.240p.jpg\"></a><br><a target=\"_blank\" href=\"https://en.riotpixels.com/games/cris-tales/screenshots/3/?utm_source=emb-gfx-html&amp;utm_medium=image&amp;utm_campaign=rp-mass\" rel=\"noopener\"><img loading=\"lazy\" width=\"178\" height=\"100\" border=\"0\" src=\"https://s01.riotpixels.net/data/55/b2/55b2e099-cfae-4bfe-9182-29bfbbbbc567.jpg.240p.jpg\"></a><a target=\"_blank\" href=\"https://en.riotpixels.com/games/cris-tales/screenshots/2/?utm_source=emb-gfx-html&amp;utm_medium=image&amp;utm_campaign=rp-mass\" rel=\"noopener\"><img loading=\"lazy\" width=\"178\" height=\"100\" border=\"0\" src=\"https://s01.riotpixels.net/data/6b/d6/6bd658e1-1381-48ed-b52a-cb6cc6539573.jpg.240p.jpg\"></a><a target=\"_blank\" href=\"https://en.riotpixels.com/games/cris-tales/screenshots/1/?utm_source=emb-gfx-html&amp;utm_medium=image&amp;utm_campaign=rp-mass\" rel=\"noopener\"><img loading=\"lazy\" width=\"178\" height=\"100\" border=\"0\" src=\"https://s01.riotpixels.net/data/35/67/3567f01b-70e1-438e-ba6e-1b4238de4492.jpg.240p.jpg\"></a></p><h3>Repack Features</h3><ul><li>Based on Cris.Tales-CODEX ISO release: codex-cris.tales.iso (2,798,583,808 bytes)</li><li>100% Lossless &amp; MD5 Perfect: all files are identical to originals after installation</li><li>NOTHING ripped, NOTHING re-encoded</li><li>Smaller archive size (compressed from 2.6 to 2.1 GB)</li><li>Installation takes 5-13 minutes (depending on your system)</li><li>After-install integrity check so you could make sure that everything installed properly</li><li>HDD space after installation: 8.1 GB (16.3 GB during installation)</li><li>Language can be changed in \u201cCristales_Data\\Plugins\\x86_64\\steam_emu.ini\u201d file</li><li>Edit \u201cWindowed.bat\u201d to run the game in a resolution you want</li><li>At least 2 GB of free RAM (inc. virtual) required for installing this repack</li></ul><div ><div><h2>Game Description</h2></div><div ><b>Experience Past, Present, and Future simultaneously in this gorgeous, indie love letter to classic JRPGs.</b><p>Cris Tales is a gorgeous, indie love letter to classic JRPGs with a new perspective. Peer into the past, act in the present, and watch as your choices dynamically change the future \u2014 all on one screen as you play! Join the newly awakened Time Mage Crisbell and her fantastical companions on their journey across a dark, fairytale world facing a grim future.</p><p>Crisbell must embark across Crystallis and the four Kingdoms in a bid to stop the powerful Time Empress and rewrite the future of the world and all those living in it. Along the way, she\u2019ll meet and recruit powerful allies with their own unique stories and skills like Matias the Frog and Willhelm the Child Mage.</p><p>As she explores the world and meets her unique companions, Crisbell will have to make choices with far-reaching consequences for the people she meets \u2013 consequences that will impact the world you\u2019ll experience in real-time throughout your journey. Each companion will be invaluable as you face these choices and the myriad enemies who stand in your way. Will you buffet them with attacks, or discover creative ways to use Crisbell\u2019s time powers to alter the reality of each fight?</p><p>Beautifully hand-drawn 2D art is animated frame by frame to bring the branching pasts and futures of each region, enemy, and NPC to life across more than 20 hours of gameplay. Experience a unique combination of branching stories, innovative combat, and classic RPG excitement in Cris Tales\u2019 exciting and unforgettable exploration of how our actions echo through time.</p><p><b><h3>Game Features</h3></b></p><ul><li><b>A Love Letter to Classic JRPGs</b> \u2013 Inspired by timeless JRPGs like Chrono Trigger, Final Fantasy VI, Valkyrie Profile, and modern classics like Bravely Default and Persona 5, meet and recruit a unique cast of teammates, challenge myriad enemies, and make your way through an expansive world.</li><li><b>Experience the Past, Present, and Future Simultaneously</b> \u2013 Peer into and learn from the past, decide on actions in the present, and alter the course of the future in ways that will reshape the world dynamically depending on the choices you make.</li><li><b>Master Strategic Turn-Based Combat</b> \u2013 Warp your enemies into the past or future, synchronize attacks for enhanced group abilities, and master the timing of attack and defense to go beyond your party\u2019s limits in combat.</li><li><b>Uncover a Fascinating Story &amp; Characters</b> \u2013 The Empress\u2019 plot to destroy the world is complex and layered. Use your wits and recruit powerful allies throughout the world to uncover and undo her multi-faceted web and make your way to the True Ending of this enchanting tale.</li><li><b>Discover a Beautiful World</b> \u2013 Climb aboard an airship or boat and traverse this handcrafted, dark fairytale world. From the shining kingdom of Crystallis to the slums of Saint Clarity, discover each unique location and shape its future.</li></ul></div></div>             </div>"
}