{
    "link": "https://fitgirl-repacks.site/curious-expedition-2/",
    "title": "Curious Expedition 2 \u2013 v2.0.0.r.r1483 + Highlands of Avalon DLC",
    "first_img": "https://i5.imageban.ru/out/2021/07/21/2b9434c40a47520ac75ee6cf4255c94d.jpg",
    "second_img": "https://s01.riotpixels.net/data/12/23/1223e962-a4f0-4b35-b332-6c047243ab57.jpg.240p.jpg",
    "body": "<div ><h2>Curious Expedition 2 \u2013 v2.0.0.r.r1483 + Highlands of Avalon DLC</h2><p ><div><a target=\"_blank\" href=\"https://en.riotpixels.com/games/curious-expedition-2/\" rel=\"noopener\"><img class=\"alignleft\" width=\"150\" src=\"https://i5.imageban.ru/out/2021/07/21/2b9434c40a47520ac75ee6cf4255c94d.jpg\"></a></div><br>Genres/Tags: <strong>RPG, Side, 2D, Turn-based</strong><br>Companies: <strong>Maschinen-Mensch</strong><br>Languages: <strong>ENG/MULTI6</strong><br>Original Size: <strong>1.5 GB</strong><br>Repack Size: <strong>689 MB</strong></p>&nbsp;<div>&nbsp;</div><h3>Download Mirrors</h3><ul><li><a href=\"https://1337x.to/torrent/5064877/Curious-Expedition-2-v2-0-0-r-r1483-Highlands-of-Avalon-DLC-MULTi6-FitGirl-Repack/\" target=\"_blank\" rel=\"noopener\">1337x</a> | [<a href=\"magnet:?xt=urn:btih:7E27873645C748EC27F72C7B6E36BD6028C2FD06&amp;dn=Curious+Expedition+2+%28v2.0.0.r.r1483+%2B+Highlands+of+Avalon+DLC%2C+MULTi6%29+%5BFitGirl+Repack%5D&amp;tr=udp%3A%2F%2F46.148.18.250%3A2710&amp;tr=udp%3A%2F%2Fopentor.org%3A2710&amp;tr=udp%3A%2F%2Ftracker.coppersurfer.tk%3A6969%2Fannounce&amp;tr=udp%3A%2F%2Ftracker.opentrackr.org%3A1337%2Fannounce&amp;tr=http%3A%2F%2Ftracker.dler.org%3A6969%2Fannounce&amp;tr=udp%3A%2F%2Ftracker.leechers-paradise.org%3A6969%2Fannounce&amp;tr=udp%3A%2F%2F9.rarbg.me%3A2730%2Fannounce&amp;tr=udp%3A%2F%2F9.rarbg.to%3A2770%2Fannounce&amp;tr=udp%3A%2F%2Ftracker.pirateparty.gr%3A6969%2Fannounce&amp;tr=http%3A%2F%2Fretracker.local%2Fannounce&amp;tr=http%3A%2F%2Fretracker.ip.ncnet.ru%2Fannounce&amp;tr=udp%3A%2F%2Fexodus.desync.com%3A6969%2Fannounce&amp;tr=udp%3A%2F%2Fipv4.tracker.harry.lu%3A80%2Fannounce&amp;tr=udp%3A%2F%2Fopen.stealth.si%3A80%2Fannounce&amp;tr=udp%3A%2F%2Ftracker.zer0day.to%3A1337%2Fannounce&amp;tr=udp%3A%2F%2Ftracker.leechers-paradise.org%3A6969%2Fannounce&amp;tr=udp%3A%2F%2Fcoppersurfer.tk%3A6969%2Fannounce\">magnet</a>] [<a href=\"https://pastefg.hermietkreeft.site/?c1da5ec00a2a0a9b#3ZAJzUgyhVsFG7JKoyAjg49kdNkJAsLKCexsz87g49T7\" target=\"_blank\" rel=\"noopener\">.torrent file only</a>] <br><img src=\"https://torrent-stats.info/2c7b/cfec5a29.png\" style=\"display:block;clear:both\"></li><li><a href=\"https://tapochek.net/viewtopic.php?p=2814639\" target=\"_blank\" rel=\"noopener\">Tapochek.net</a></li><li><a href=\"https://pastefg.hermietkreeft.site/?3664d8b94595b0df#9XbekCk8bWZQhoSjzxjJnjkEMX8XoDg7ocdyw2TotVc2\" target=\"_blank\" rel=\"noopener\">Filehoster: MultiUpload</a> (10+ hosters, interchangeable) [Use <a href=\"http://jdownloader.org/jdownloader2\" target=\"_blank\" rel=\"noopener\">JDownloader2</a>]</li><li><a href=\"https://pastefg.hermietkreeft.site/?4930efab84001c4b#4oH4rcTQpZkrmVig9QRnRvYfw5U1Ka8w8ApL5TXktyB4\" target=\"_blank\" rel=\"noopener\">Filehoster: ZippyShare</a></li><li><a href=\"https://pastefg.hermietkreeft.site/?58d451f3dcce8ea2#61poE3C14pU4562u6cYK12bfNWLd4H7VYj5ZtqtnX4Et\" target=\"_blank\" rel=\"noopener\">Filehoster: BayFiles</a></li><li><a href=\"https://pastefg.hermietkreeft.site/?c14c733cfaf03280#F2EH7wx7an1YCr8GuhQpkT5j2po9LRRQCbafwoN5oAhP\" target=\"_blank\" rel=\"noopener\">Filehoster: LetsUpload</a> [Use <a href=\"http://jdownloader.org/jdownloader2\" target=\"_blank\" rel=\"noopener\">JDownloader2</a>]</li><li><a href=\"https://pastefg.hermietkreeft.site/?9ff97e6acdb5cc66#DT7MpokgyK1fadmVHAG26bjFoASyCLFqw1sjtdD97YvX\" target=\"_blank\" rel=\"noopener\">Filehoster: OneDrive</a> (Uploaded by DyR0 t(-_-t), NOT compatible with other mirrors)</li><p><!--  <li><a href=\"\" target=\"_blank\" rel=\"noopener\">Filehosters: Google Drive, OneDrive + others</a> (Uploaded by crackhub213)</li>  --></p></ul><p><a href=\"https://cs.rin.ru/forum/viewtopic.php?f=10&amp;t=95313\" target=\"_blank\" rel=\"noopener\">Discussion and (possible) future updates on CS.RIN.RU thread</a></p><h3>Screenshots (Click to enlarge)</h3><p><a target=\"_blank\" href=\"https://en.riotpixels.com/games/curious-expedition-2/screenshots/12/?utm_source=emb-gfx-html&amp;utm_medium=image&amp;utm_campaign=rp-mass\" rel=\"noopener\"><img loading=\"lazy\" width=\"178\" height=\"100\" border=\"0\" src=\"https://s01.riotpixels.net/data/12/23/1223e962-a4f0-4b35-b332-6c047243ab57.jpg.240p.jpg\"></a><a target=\"_blank\" href=\"https://en.riotpixels.com/games/curious-expedition-2/screenshots/11/?utm_source=emb-gfx-html&amp;utm_medium=image&amp;utm_campaign=rp-mass\" rel=\"noopener\"><img loading=\"lazy\" width=\"178\" height=\"100\" border=\"0\" src=\"https://s01.riotpixels.net/data/a3/c8/a3c8dff1-b873-4a63-a27c-13783fe32499.jpg.240p.jpg\"></a><a target=\"_blank\" href=\"https://en.riotpixels.com/games/curious-expedition-2/screenshots/10/?utm_source=emb-gfx-html&amp;utm_medium=image&amp;utm_campaign=rp-mass\" rel=\"noopener\"><img loading=\"lazy\" width=\"178\" height=\"100\" border=\"0\" src=\"https://s01.riotpixels.net/data/9a/44/9a44d164-5394-4cd1-8432-7470f7abd9f1.jpg.240p.jpg\"></a><br><a target=\"_blank\" href=\"https://en.riotpixels.com/games/curious-expedition-2/screenshots/9/?utm_source=emb-gfx-html&amp;utm_medium=image&amp;utm_campaign=rp-mass\" rel=\"noopener\"><img loading=\"lazy\" width=\"178\" height=\"100\" border=\"0\" src=\"https://s01.riotpixels.net/data/ea/21/ea218bda-d8a0-446b-9d2b-a20687657ea5.jpg.240p.jpg\"></a><a target=\"_blank\" href=\"https://en.riotpixels.com/games/curious-expedition-2/screenshots/7/?utm_source=emb-gfx-html&amp;utm_medium=image&amp;utm_campaign=rp-mass\" rel=\"noopener\"><img loading=\"lazy\" width=\"178\" height=\"100\" border=\"0\" src=\"https://s01.riotpixels.net/data/da/d4/dad4e658-69e5-40a9-98ff-3b2bb6fdbc5d.jpg.240p.jpg\"></a><a target=\"_blank\" href=\"https://en.riotpixels.com/games/curious-expedition-2/screenshots/3/?utm_source=emb-gfx-html&amp;utm_medium=image&amp;utm_campaign=rp-mass\" rel=\"noopener\"><img loading=\"lazy\" width=\"178\" height=\"100\" border=\"0\" src=\"https://s01.riotpixels.net/data/23/e3/23e36291-f114-4a50-8c45-66eb26e9df56.jpg.240p.jpg\"></a></p><h3>Repack Features</h3><ul><li>Based on Curious.Expedition.2.Highlands.of.Avalon-PLAZA ISO release: plaza-curious.expedition.2.highlands.of.avalon.iso (1,590,427,648 bytes)</li><li>Game version: v2.0.0.r.r1483; Highlands of Avalon DLC is included and activated</li><li>100% Lossless &amp; MD5 Perfect: all files are identical to originals after installation</li><li>NOTHING ripped, NOTHING re-encoded</li><li>Significantly smaller archive size (compressed from 1.5 GB to 689 MB)</li><li>Installation takes 2-7 minutes (depending on your system)</li><li>After-install integrity check so you could make sure that everything installed properly</li><li>HDD space after installation: 2.4 GB</li><li>Language can be changed in game settings</li><li>Repack uses XTool library by Razor12911</li><li>At least 2 GB of free RAM (inc. virtual) required for installing this repack</li></ul><div ><div><h2>Game Description</h2></div><div >Curious Expedition 2 is a turn-based narrative roguelike that requires players to manage their resources and party members to keep insanity at bay and find glory.<p>A grand discovery has been made: mysterious islands have begun to appear and vanish from the oceans as if by magic. The great Explorer Clubs are funding expeditions to these strange islands to bring treasures back for the 1889 World\u2019s Fair in Paris. Are you bold enough to join the adventure?</p><p><b><h3>Game Features</h3></b></p><ul><li>Explore procedurally generated worlds in a variety of biomes, each featuring a new combination of dangers and opportunities.</li><li>Manage your resources to keep your trek alive and sanity high. Balance greed against your survival needs to find glory without perishing.</li><li>Procedural storytelling makes every adventure unique. Your characters form relationships, change loyalty, acquire illnesses, and more in response to the environment and your decisions.</li><li>Embark on an epic campaign that combines procedural gameplay with handcrafted story to create a narrative experience that can be played again and again.</li><li>Dice-based combat mechanics will require all your cleverness to survive fierce wild animals and legendary creatures.</li><li>Join weekly online competitions and pledge yourself to an Explorer Club to compete for unique rewards.</li><li>Outfit your party members with equippable gear to create builds that can take on any challenge.</li><li>Set off on a variety of expedition types, each with their own unique goal and events. Will you seek out the legendary Golden Pyramid or choose to recover the Rainbow Orchid instead?</li><li>Discover mysterious locations and come across all manner of unique cultures, flora, fauna, treasures and more.</li><li>4K-native graphics inspired by classic Franco-Belgian comics.</li><li>Veteran Curious Expedition players will discover plenty of new content: new items, character types, enemies, biomes, tribes, events, and much more!</li></ul></div></div><p><b>Backwards Compatibility</b></p><p>This repack is NOT backwards compatible with my previous CE2 repack.</p>             </div>"
}