{
    "link": "https://fitgirl-repacks.site/cyjin-the-cyborg-ninja/",
    "title": "Cyjin: The Cyborg Ninja",
    "first_img": "https://i5.imageban.ru/out/2021/11/11/e0369bdae31cb01060d0c9cb92df0a9d.jpg",
    "second_img": "https://s01.riotpixels.net/data/39/e4/39e48bc9-c211-42cf-85e2-431c7ca6a7a2.jpg.240p.jpg",
    "body": "<div ><h2>Cyjin: The Cyborg Ninja</h2><p ><div><a target=\"_blank\" href=\"https://en.riotpixels.com/games/cyjin-the-cyborg-ninja/\" rel=\"noopener\"><img class=\"alignleft\" width=\"150\" src=\"https://i5.imageban.ru/out/2021/11/11/e0369bdae31cb01060d0c9cb92df0a9d.jpg\"></a></div><br>Genres/Tags: <strong>Arcade, Jump and run, Side, Cyberpunk, 2D</strong><br>Company: <strong>Aiya Games</strong><br>Languages: <strong>ENG/THAI</strong><br>Original Size: <strong>777 MB</strong><br>Repack Size: <strong>517 MB</strong></p>&nbsp;<div>&nbsp;</div><h3>Download Mirrors</h3><ul><li><a href=\"https://1337x.to/torrent/5047786/Cyjin-The-Cyborg-Ninja-ENG-THAI-FitGirl-Repack/\" target=\"_blank\" rel=\"noopener\">1337x</a> | [<a href=\"magnet:?xt=urn:btih:81ADC45711B142F01E308D3ACD4BF5F7056CD011&amp;dn=Cyjin%3A+The+Cyborg+Ninja+%28ENG%2FTHAI%29+%5BFitGirl+Repack%5D&amp;tr=udp%3A%2F%2F46.148.18.250%3A2710&amp;tr=udp%3A%2F%2Fopentor.org%3A2710&amp;tr=udp%3A%2F%2Ftracker.coppersurfer.tk%3A6969%2Fannounce&amp;tr=udp%3A%2F%2Ftracker.opentrackr.org%3A1337%2Fannounce&amp;tr=http%3A%2F%2Ftracker.dler.org%3A6969%2Fannounce&amp;tr=udp%3A%2F%2Ftracker.leechers-paradise.org%3A6969%2Fannounce&amp;tr=udp%3A%2F%2F9.rarbg.me%3A2730%2Fannounce&amp;tr=udp%3A%2F%2F9.rarbg.to%3A2770%2Fannounce&amp;tr=udp%3A%2F%2Ftracker.pirateparty.gr%3A6969%2Fannounce&amp;tr=http%3A%2F%2Fretracker.local%2Fannounce&amp;tr=http%3A%2F%2Fretracker.ip.ncnet.ru%2Fannounce&amp;tr=udp%3A%2F%2Fexodus.desync.com%3A6969%2Fannounce&amp;tr=udp%3A%2F%2Fipv4.tracker.harry.lu%3A80%2Fannounce&amp;tr=udp%3A%2F%2Fopen.stealth.si%3A80%2Fannounce&amp;tr=udp%3A%2F%2Ftracker.zer0day.to%3A1337%2Fannounce&amp;tr=udp%3A%2F%2Ftracker.leechers-paradise.org%3A6969%2Fannounce&amp;tr=udp%3A%2F%2Fcoppersurfer.tk%3A6969%2Fannounce\">magnet</a>] [<a href=\"https://pastefg.hermietkreeft.site/?525e6fc62422f9b1#2jwKyc7jmBkaAGeWuKQnpbB7QaiGCRucSH5jYYVgi5Ua\" target=\"_blank\" rel=\"noopener\">.torrent file only</a>] <br><img src=\"https://torrent-stats.info/8d3a/290f3522a.png\" style=\"display:block;clear:both\"></li><li><a href=\"https://tapochek.net/viewtopic.php?p=2811342\" target=\"_blank\" rel=\"noopener\">Tapochek.net</a></li><li><a href=\"https://pastefg.hermietkreeft.site/?e581866d27ec153f#2v1xK3vMNT4ib1azBGmAD9B8XzHiMeTGY84FteVLqtaw\" target=\"_blank\" rel=\"noopener\">Filehoster: MultiUpload</a> (10+ hosters, interchangeable) [Use <a href=\"http://jdownloader.org/jdownloader2\" target=\"_blank\" rel=\"noopener\">JDownloader2</a>]</li><li><a href=\"https://pastefg.hermietkreeft.site/?c43883da495f3a5c#GUbv8Cn1EE8z78ruDXsq5JmTmjk2pJvQRhCiAoZ7hu2P\" target=\"_blank\" rel=\"noopener\">Filehoster: ZippyShare</a></li><li><a href=\"https://pastefg.hermietkreeft.site/?56ed93429060857e#87eoxiGd8o6B5tw3CYrFMANFg3phqk6ANpscmGhbnidE\" target=\"_blank\" rel=\"noopener\">Filehoster: BayFiles</a></li><li><a href=\"https://pastefg.hermietkreeft.site/?7bd98c9f75b48024#5Sygv4kuaT5SuvTCBMTg2oHQewF7XrDFSWeQE7h47wdQ\" target=\"_blank\" rel=\"noopener\">Filehoster: LetsUpload</a> [Use <a href=\"http://jdownloader.org/jdownloader2\" target=\"_blank\" rel=\"noopener\">JDownloader2</a>]</li><li><a href=\"https://pastefg.hermietkreeft.site/?c38c6bb08d80da48#Cmy3isNHgLNJeNpK8NKWnrfcQmN7d5fNByVNkCvkKHTi\" target=\"_blank\" rel=\"noopener\">Filehoster: OneDrive</a> (Uploaded by DyR0 t(-_-t), NOT compatible with other mirrors)</li><p><!--  <li><a href=\"\" target=\"_blank\" rel=\"noopener\">Filehosters: Google Drive, OneDrive + others</a> (Uploaded by crackhub213)</li>  --></p></ul><p><a href=\"https://cs.rin.ru/forum/viewtopic.php?f=10&amp;t=117161\" target=\"_blank\" rel=\"noopener\">Discussion and (possible) future updates on CS.RIN.RU thread</a></p><h3>Screenshots (Click to enlarge)</h3><p><a target=\"_blank\" href=\"https://en.riotpixels.com/games/cyjin-the-cyborg-ninja/screenshots/11/?utm_source=emb-gfx-html&amp;utm_medium=image&amp;utm_campaign=rp-mass\" rel=\"noopener\"><img loading=\"lazy\" width=\"178\" height=\"100\" border=\"0\" src=\"https://s01.riotpixels.net/data/39/e4/39e48bc9-c211-42cf-85e2-431c7ca6a7a2.jpg.240p.jpg\"></a><a target=\"_blank\" href=\"https://en.riotpixels.com/games/cyjin-the-cyborg-ninja/screenshots/8/?utm_source=emb-gfx-html&amp;utm_medium=image&amp;utm_campaign=rp-mass\" rel=\"noopener\"><img loading=\"lazy\" width=\"178\" height=\"100\" border=\"0\" src=\"https://s01.riotpixels.net/data/a5/00/a5003e25-ea7a-4977-a74c-a520564b0fa2.jpg.240p.jpg\"></a><a target=\"_blank\" href=\"https://en.riotpixels.com/games/cyjin-the-cyborg-ninja/screenshots/7/?utm_source=emb-gfx-html&amp;utm_medium=image&amp;utm_campaign=rp-mass\" rel=\"noopener\"><img loading=\"lazy\" width=\"178\" height=\"100\" border=\"0\" src=\"https://s01.riotpixels.net/data/70/50/70500487-c6d7-49f2-8667-1614a3820789.jpg.240p.jpg\"></a><br><a target=\"_blank\" href=\"https://en.riotpixels.com/games/cyjin-the-cyborg-ninja/screenshots/6/?utm_source=emb-gfx-html&amp;utm_medium=image&amp;utm_campaign=rp-mass\" rel=\"noopener\"><img loading=\"lazy\" width=\"178\" height=\"100\" border=\"0\" src=\"https://s01.riotpixels.net/data/af/6c/af6cde60-f867-427d-849e-096b89e336cc.jpg.240p.jpg\"></a><a target=\"_blank\" href=\"https://en.riotpixels.com/games/cyjin-the-cyborg-ninja/screenshots/5/?utm_source=emb-gfx-html&amp;utm_medium=image&amp;utm_campaign=rp-mass\" rel=\"noopener\"><img loading=\"lazy\" width=\"178\" height=\"100\" border=\"0\" src=\"https://s01.riotpixels.net/data/2e/97/2e971092-e728-433a-92f9-86851aefc27d.jpg.240p.jpg\"></a><a target=\"_blank\" href=\"https://en.riotpixels.com/games/cyjin-the-cyborg-ninja/screenshots/3/?utm_source=emb-gfx-html&amp;utm_medium=image&amp;utm_campaign=rp-mass\" rel=\"noopener\"><img loading=\"lazy\" width=\"178\" height=\"100\" border=\"0\" src=\"https://s01.riotpixels.net/data/40/1d/401d11d1-c22e-4c28-a58c-bc8442232d25.jpg.240p.jpg\"></a></p><h3>Repack Features</h3><ul><li>Based on Cyjin.The.Cyborg.Ninja-PLAZA ISO release: plaza-cyjin.the.cyborg.ninja.iso (814,579,712 bytes)</li><li>100% Lossless &amp; MD5 Perfect: all files are identical to originals after installation</li><li>NOTHING ripped, NOTHING re-encoded</li><li>Significantly smaller archive size (compressed from 777 to 517 MB)</li><li>Installation takes one minute</li><li>After-install integrity check so you could make sure that everything installed properly</li><li>HDD space after installation: 6 GB</li><li>Language can be changed in game settings</li><li>At least 2 GB of free RAM (inc. virtual) required for installing this repack</li></ul><div ><div><h2>Game Description</h2></div><div >Imagine combining challenging precision platforming, pick-up-and-play gameplay, fast-paced action, a neon cyberpunk setting, and a ninja robot \u2013 all into one game. Put away your keyboard and controller \u2026 It\u2019s time to test your platforming skills with the mouse!<p>After suffering defeat at the hands of his arch-nemesis, the Sh\u014dgun, Cyjin is left to rust in a robot graveyard. Awakening beneath a mountain of scraps, Cyjin returns to the land of the living with a single goal: to seek revenge against his foes and make them pay.</p><p><b>Lightning fast reflexes!</b><br>It\u2019s not just lasers obstructing a path or the deadly spikes \u2026 there\u2019s even a deadly army of hostile y\u014dkai-inspired robots. Can you find a way out? Get your mouse ready to help Cyjin defeat the fearsome Sh\u014dgun!</p><p><b><h3>Game Features</h3></b></p><ul><li><b>Unique Mouse-based Twitch Control:</b> Use your lightning fast mouse movements to overcome obstacles and guide Cyjin.</li><li><b>Accelerated Dashing Action:</b> Featuring fast-paced action, crush your enemies with quick acceleration.</li><li><b>Swift &amp; Precise Platforming:</b> Aim with your mouse to choose a path, carefully navigating hazards and obstacles to stay alive.</li><li><b>Exciting Bosses:</b> Intense boss fights that will challenge your skills!</li><li><b>2D Cyberpunk Setting:</b> A world that blends Eastern themes with a cyberpunk vibe \u2013 from the deep wasteland of the Junkyard to the traditional futurism of the Urbanscape.</li><li><b>Challenging Puzzles:</b> Puzzles require quick thinking and inhuman reflexes. Better start stretching those fingers!</li></ul></div></div>             </div>"
}