{
    "link": "https://fitgirl-repacks.site/dap/",
    "title": "Dap",
    "first_img": "https://i1.imageban.ru/out/2021/09/30/f1ab723ee51785db88f2ff9a912c7c30.jpg",
    "second_img": "https://s01.riotpixels.net/data/5a/aa/5aaa319c-056d-40e3-9c19-37694c3121a2.jpg.240p.jpg",
    "body": "<div ><h2>Dap</h2><p ><div><a target=\"_blank\" href=\"https://en.riotpixels.com/games/dap/\" rel=\"noopener\"><img class=\"alignleft\" width=\"150\" src=\"https://i1.imageban.ru/out/2021/09/30/f1ab723ee51785db88f2ff9a912c7c30.jpg\"></a></div><br>Genres/Tags: <strong>Action, Side, Top-down, Horror, Puzzle-Solving, 2D</strong><br>Company: <strong>Melting Parrot</strong><br>Language: <strong>ENG</strong><br>Original Size: <strong>421 MB</strong><br>Repack Size: <strong>290 MB</strong></p>&nbsp;<div>&nbsp;</div><h3>Download Mirrors</h3><ul><li><a href=\"https://1337x.to/torrent/5000338/Dap-FitGirl-Repack/\" target=\"_blank\" rel=\"noopener\">1337x</a> | [<a href=\"magnet:?xt=urn:btih:B631500493A6C9F78ABFDB8437EDDFFF5E080C04&amp;dn=Dap+%5BFitGirl+Repack%5D&amp;tr=udp%3A%2F%2F46.148.18.250%3A2710&amp;tr=udp%3A%2F%2Fopentor.org%3A2710&amp;tr=udp%3A%2F%2Ftracker.coppersurfer.tk%3A6969%2Fannounce&amp;tr=udp%3A%2F%2Ftracker.opentrackr.org%3A1337%2Fannounce&amp;tr=http%3A%2F%2Ftracker.dler.org%3A6969%2Fannounce&amp;tr=udp%3A%2F%2Ftracker.leechers-paradise.org%3A6969%2Fannounce&amp;tr=udp%3A%2F%2F9.rarbg.me%3A2730%2Fannounce&amp;tr=udp%3A%2F%2F9.rarbg.to%3A2770%2Fannounce&amp;tr=udp%3A%2F%2Ftracker.pirateparty.gr%3A6969%2Fannounce&amp;tr=http%3A%2F%2Fretracker.local%2Fannounce&amp;tr=http%3A%2F%2Fretracker.ip.ncnet.ru%2Fannounce&amp;tr=udp%3A%2F%2Fexodus.desync.com%3A6969%2Fannounce&amp;tr=udp%3A%2F%2Fipv4.tracker.harry.lu%3A80%2Fannounce&amp;tr=udp%3A%2F%2Fopen.stealth.si%3A80%2Fannounce&amp;tr=udp%3A%2F%2Ftracker.zer0day.to%3A1337%2Fannounce&amp;tr=udp%3A%2F%2Ftracker.leechers-paradise.org%3A6969%2Fannounce&amp;tr=udp%3A%2F%2Fcoppersurfer.tk%3A6969%2Fannounce\">magnet</a>] [<a href=\"https://pastefg.hermietkreeft.site/?8927ad3c7407924d#7ABpCsFJ3VLENY5Q7Sq6WUDs9RAkZ8BuQhcLxxMfrDpK\" target=\"_blank\" rel=\"noopener\">.torrent file only</a>] <br><img src=\"https://torrent-stats.info/db84/3f03c5bbc.png\" style=\"display:block;clear:both\"></li><li><a href=\"https://tapochek.net/viewtopic.php?p=2803227\" target=\"_blank\" rel=\"noopener\">Tapochek.net</a></li><li><a href=\"https://pastefg.hermietkreeft.site/?865648cb4205ffc8#BbijzJZCHjpReY5Fg2jDAGbwh5rm2fcAwGt6qRc1cmf1\" target=\"_blank\" rel=\"noopener\">Filehoster: MultiUpload</a> (10+ hosters, interchangeable) [Use <a href=\"http://jdownloader.org/jdownloader2\" target=\"_blank\" rel=\"noopener\">JDownloader2</a>]</li><li><a href=\"https://pastefg.hermietkreeft.site/?4e2ba7362a825dd3#DbqNDPVadseAjtLkHM6U4rUuTAHmYSHzXjvCnQ4bjded\" target=\"_blank\" rel=\"noopener\">Filehoster: PixelDrain</a></li><li><a href=\"https://pastefg.hermietkreeft.site/?bd7440c3faa10e42#ArmoxhuB6eVjKV27G1pqgmwKN1GKGDbzaJ2QPjbdubYH\" target=\"_blank\" rel=\"noopener\">Filehoster: ZippyShare</a></li><li><a href=\"https://pastefg.hermietkreeft.site/?83419edeeae12e6f#F1fNgN8yBJoJKJmacuLQMT238B83Mn4fonHVAWqRXcC7\" target=\"_blank\" rel=\"noopener\">Filehoster: LetsUpload</a> [Use <a href=\"http://jdownloader.org/jdownloader2\" target=\"_blank\" rel=\"noopener\">JDownloader2</a>]</li><li><a href=\"https://pastefg.hermietkreeft.site/?e8da141a40ac8a9a#8DV2dmeDPYszon3GUtZmb8wnPyCjBRupyLJC3yWjCzxS\" target=\"_blank\" rel=\"noopener\">Filehoster: OneDrive</a> (Uploaded by DyR0 t(-_-t), NOT compatible with other mirrors)</li></ul><p><a href=\"https://cs.rin.ru/forum/viewtopic.php?f=10&amp;t=107999\" target=\"_blank\" rel=\"noopener\">Discussion and (possible) future updates on CS.RIN.RU thread</a></p><h3>Screenshots (Click to enlarge)</h3><p><a target=\"_blank\" href=\"https://en.riotpixels.com/games/dap/screenshots/14/?utm_source=emb-gfx-html&amp;utm_medium=image&amp;utm_campaign=rp-mass\" rel=\"noopener\"><img loading=\"lazy\" width=\"178\" height=\"100\" border=\"0\" src=\"https://s01.riotpixels.net/data/5a/aa/5aaa319c-056d-40e3-9c19-37694c3121a2.jpg.240p.jpg\"></a><a target=\"_blank\" href=\"https://en.riotpixels.com/games/dap/screenshots/12/?utm_source=emb-gfx-html&amp;utm_medium=image&amp;utm_campaign=rp-mass\" rel=\"noopener\"><img loading=\"lazy\" width=\"178\" height=\"100\" border=\"0\" src=\"https://s01.riotpixels.net/data/01/a3/01a30928-e67e-46fe-87e2-0f9ea9c7694c.jpg.240p.jpg\"></a><a target=\"_blank\" href=\"https://en.riotpixels.com/games/dap/screenshots/7/?utm_source=emb-gfx-html&amp;utm_medium=image&amp;utm_campaign=rp-mass\" rel=\"noopener\"><img loading=\"lazy\" width=\"178\" height=\"100\" border=\"0\" src=\"https://s01.riotpixels.net/data/a6/78/a678c334-ba78-4f33-8572-fdd561d93da6.jpg.240p.jpg\"></a><br><a target=\"_blank\" href=\"https://en.riotpixels.com/games/dap/screenshots/5/?utm_source=emb-gfx-html&amp;utm_medium=image&amp;utm_campaign=rp-mass\" rel=\"noopener\"><img loading=\"lazy\" width=\"178\" height=\"100\" border=\"0\" src=\"https://s01.riotpixels.net/data/95/bc/95bc35ef-cc6d-4e8a-ba61-cd6a550381d0.jpg.240p.jpg\"></a><a target=\"_blank\" href=\"https://en.riotpixels.com/games/dap/screenshots/4/?utm_source=emb-gfx-html&amp;utm_medium=image&amp;utm_campaign=rp-mass\" rel=\"noopener\"><img loading=\"lazy\" width=\"178\" height=\"100\" border=\"0\" src=\"https://s01.riotpixels.net/data/28/92/289228d0-d8ac-4fb0-8dbc-d83745e6f952.jpg.240p.jpg\"></a><a target=\"_blank\" href=\"https://en.riotpixels.com/games/dap/screenshots/2/?utm_source=emb-gfx-html&amp;utm_medium=image&amp;utm_campaign=rp-mass\" rel=\"noopener\"><img loading=\"lazy\" width=\"178\" height=\"100\" border=\"0\" src=\"https://s01.riotpixels.net/data/40/eb/40eb3c35-2036-4faa-9171-90e654ab935f.jpg.240p.jpg\"></a></p><h3>Repack Features</h3><ul><li>Based on Dap-PLAZA ISO release: plaza-dap.iso (440,958,976 bytes)</li><li>100% Lossless &amp; MD5 Perfect: all files are identical to originals after installation</li><li>NOTHING ripped, NOTHING re-encoded</li><li>Slightly smaller archive size (compressed from 421 to 290 MB)</li><li>Installation takes two minutes</li><li>After-install integrity check so you could make sure that everything installed properly</li><li>HDD space after installation: 660 MB (950 MB during installation)</li><li>At least 2 GB of free RAM (inc. virtual) required for installing this repack</li></ul><div ><div><h2>Game Description</h2></div><div >In Dap, you must guide a group of tiny \u2018Daps\u2019 through a hostile and corrupted world. Something has descended onto the forest \u2013 something incomprehensible, sinister, slithering in from a crack in reality. It\u2019s up to you to get everybody home.<p>Explore a lushly atmospheric pixelated world, guiding your Daps through a permeable realm on the border between dreaming and waking. Encounter otherworldly horrors, interdimensional entities, and gods that have no business being worshipped.</p><p>Band together to solve puzzles and fight off hellish threats. The more Daps you gather, the stronger the pack will become, but beware: Daps are not immune to infection. Linger too long in the wrong place and the pack will turn on itself, with horrific consequences.</p><p>Ascend to the spirit world and tend your garden there, taking a much needed break between levels. Meanwhile down on the ground, you\u2019ll need to scavenge and craft in order to survive. Use every resource available to survive an existential ordeal.</p></div></div>             </div>"
}