{
    "link": "https://fitgirl-repacks.site/dark-deception/",
    "title": "Dark Deception \u2013 v1.8.06, Chapters I-IV",
    "first_img": "https://i7.imageban.ru/out/2021/10/03/b6dc9d76e7008bf31d1f885693582854.jpg",
    "second_img": "https://s01.riotpixels.net/data/f9/bb/f9bb4d00-6e66-4c0c-8cf4-0c357bc376fc.jpg.240p.jpg",
    "body": "<div ><h2>Dark Deception \u2013 v1.8.06, Chapters I-IV</h2><p ><div><a target=\"_blank\" href=\"https://en.riotpixels.com/games/dark-deception-chapter-4/\" rel=\"noopener\"><img class=\"alignleft\" width=\"150\" src=\"https://i7.imageban.ru/out/2021/10/03/b6dc9d76e7008bf31d1f885693582854.jpg\"></a></div><br>Genres/Tags: <strong>Arcade, First-person, Horror, 3D</strong><br>Company: <strong>Glowstick Entertainment</strong><br>Languages: <strong>RUS/ENG/MULTI12</strong><br>Original Size: <strong>7.8 GB</strong><br>Repack Size: <strong>4.6/4.7 GB</strong></p>&nbsp;<div>&nbsp;</div><h3>Download Mirrors</h3><ul><li><a href=\"https://1337x.to/torrent/5004361/Dark-Deception-v1-8-06-Chapters-I-IV-MULTi12-FitGirl-Repack-Selective-Download-from-4-6-GB/\" target=\"_blank\" rel=\"noopener\">1337x</a> | [<a href=\"magnet:?xt=urn:btih:0D00551541A1A98CAC3E13E4A740EA4B2C6663DC&amp;dn=Dark+Deception+%28v1.8.06%2C+Chapters+I-IV%2C+MULTi12%29+%5BFitGirl+Repack%2C+Selective+Download+-+from+4.6+GB%5D&amp;tr=udp%3A%2F%2F46.148.18.250%3A2710&amp;tr=udp%3A%2F%2Fopentor.org%3A2710&amp;tr=udp%3A%2F%2Ftracker.coppersurfer.tk%3A6969%2Fannounce&amp;tr=udp%3A%2F%2Ftracker.opentrackr.org%3A1337%2Fannounce&amp;tr=http%3A%2F%2Ftracker.dler.org%3A6969%2Fannounce&amp;tr=udp%3A%2F%2Ftracker.leechers-paradise.org%3A6969%2Fannounce&amp;tr=udp%3A%2F%2F9.rarbg.me%3A2730%2Fannounce&amp;tr=udp%3A%2F%2F9.rarbg.to%3A2770%2Fannounce&amp;tr=udp%3A%2F%2Ftracker.pirateparty.gr%3A6969%2Fannounce&amp;tr=http%3A%2F%2Fretracker.local%2Fannounce&amp;tr=http%3A%2F%2Fretracker.ip.ncnet.ru%2Fannounce&amp;tr=udp%3A%2F%2Fexodus.desync.com%3A6969%2Fannounce&amp;tr=udp%3A%2F%2Fipv4.tracker.harry.lu%3A80%2Fannounce&amp;tr=udp%3A%2F%2Fopen.stealth.si%3A80%2Fannounce&amp;tr=udp%3A%2F%2Ftracker.zer0day.to%3A1337%2Fannounce&amp;tr=udp%3A%2F%2Ftracker.leechers-paradise.org%3A6969%2Fannounce&amp;tr=udp%3A%2F%2Fcoppersurfer.tk%3A6969%2Fannounce\">magnet</a>] [<a href=\"https://pastefg.hermietkreeft.site/?ecec0d0b257d44a9#DTQfvdWwRVucwQkQwpvEp9A2Yy5reJTGAmsJZMr79mok\" target=\"_blank\" rel=\"noopener\">.torrent file only</a>] <br><img src=\"https://torrent-stats.info/13e4/5b722d88.png\" style=\"display:block;clear:both\"></li><li><a href=\"http://rutor.info/torrent/837605/dark-deception-v-1.8.06-dlcs-2018-2021-pc-repack-ot-fitgirl\" target=\"_blank\" rel=\"noopener\">RuTor</a> [<a href=\"magnet:?xt=urn:btih:0d00551541a1a98cac3e13e4a740ea4b2c6663dc&amp;dn=rutor.info_Dark+Deception+%5Bv+1.8.06+%2B+DLCs%5D+%282018-2021%29+PC+%7C+RePack+%D0%BE%D1%82+FitGirl&amp;tr=udp://opentor.net:6969&amp;tr=udp://opentor.org:2710&amp;tr=http://retracker.local/announce\">magnet</a>]</li><li><a href=\"https://tapochek.net/viewtopic.php?p=2803849\" target=\"_blank\" rel=\"noopener\">Tapochek.net</a></li><li><a href=\"https://pastefg.hermietkreeft.site/?a7285bb9dbff6009#5usvYhSe8iMLykhLD8HbVxXbEEGtxt475KykgvEHuP3a\" target=\"_blank\" rel=\"noopener\">Filehoster: MultiUpload</a> (10+ hosters, interchangeable) [Use <a href=\"http://jdownloader.org/jdownloader2\" target=\"_blank\" rel=\"noopener\">JDownloader2</a>]</li><li><a href=\"https://pastefg.hermietkreeft.site/?8323808cdcbf84ba#D4j9o5LPs7azNtaRBGPsVAvKhp6nXu5jnwxrdDqYdWJJ\" target=\"_blank\" rel=\"noopener\">Filehoster: PixelDrain</a></li><li><a href=\"https://pastefg.hermietkreeft.site/?7d7daca508a6c822#FoFXyjEdK5ecL8VMpiAGjpTEP48AmtN2Fifw4jpYSKk7\" target=\"_blank\" rel=\"noopener\">Filehoster: ZippyShare</a></li><li><a href=\"https://pastefg.hermietkreeft.site/?17e51d2c7dfc5273#Y67cs7QStmrNxhTjriEgesa44sLR1WUpi4Yf3NAhy8j\" target=\"_blank\" rel=\"noopener\">Filehoster: LetsUpload</a> [Use <a href=\"http://jdownloader.org/jdownloader2\" target=\"_blank\" rel=\"noopener\">JDownloader2</a>]</li><li><a href=\"https://pastefg.hermietkreeft.site/?14bda482d0b2d540#2hUwHs51a2eYswhfL4zCW97CgbNdp9UA8SN6h887fsvF\" target=\"_blank\" rel=\"noopener\">Filehoster: OneDrive</a> (Uploaded by DyR0 t(-_-t), NOT compatible with other mirrors)</li></ul><p><a href=\"https://cs.rin.ru/forum/viewtopic.php?f=10&amp;t=94783\" target=\"_blank\" rel=\"noopener\">Discussion and (possible) future updates on CS.RIN.RU thread</a></p><h3>Screenshots (Click to enlarge)</h3><p><a target=\"_blank\" href=\"https://en.riotpixels.com/games/dark-deception-chapter-4/screenshots/5/?utm_source=emb-gfx-html&amp;utm_medium=image&amp;utm_campaign=rp-mass\" rel=\"noopener\"><img loading=\"lazy\" width=\"178\" height=\"100\" border=\"0\" src=\"https://s01.riotpixels.net/data/f9/bb/f9bb4d00-6e66-4c0c-8cf4-0c357bc376fc.jpg.240p.jpg\"></a><a target=\"_blank\" href=\"https://en.riotpixels.com/games/dark-deception-chapter-4/screenshots/3/?utm_source=emb-gfx-html&amp;utm_medium=image&amp;utm_campaign=rp-mass\" rel=\"noopener\"><img loading=\"lazy\" width=\"178\" height=\"100\" border=\"0\" src=\"https://s01.riotpixels.net/data/a2/e7/a2e71a6a-e59c-48d9-b4e2-f57efe580e0e.jpg.240p.jpg\"></a><a target=\"_blank\" href=\"https://en.riotpixels.com/games/dark-deception-chapter-4/screenshots/2/?utm_source=emb-gfx-html&amp;utm_medium=image&amp;utm_campaign=rp-mass\" rel=\"noopener\"><img loading=\"lazy\" width=\"178\" height=\"100\" border=\"0\" src=\"https://s01.riotpixels.net/data/2f/48/2f48e934-5e8d-4951-8119-ca823da03676.jpg.240p.jpg\"></a><br><a target=\"_blank\" href=\"https://en.riotpixels.com/games/dark-deception-chapter-3/screenshots/7/?utm_source=emb-gfx-html&amp;utm_medium=image&amp;utm_campaign=rp-mass\" rel=\"noopener\"><img loading=\"lazy\" width=\"178\" height=\"100\" border=\"0\" src=\"https://s01.riotpixels.net/data/0e/31/0e31ab9c-3198-4200-a358-410c1ef61df5.jpg.240p.jpg\"></a><a target=\"_blank\" href=\"https://en.riotpixels.com/games/dark-deception-chapter-3/screenshots/6/?utm_source=emb-gfx-html&amp;utm_medium=image&amp;utm_campaign=rp-mass\" rel=\"noopener\"><img loading=\"lazy\" width=\"178\" height=\"100\" border=\"0\" src=\"https://s01.riotpixels.net/data/90/a9/90a9714e-11cb-4da8-a394-0dce2809c281.jpg.240p.jpg\"></a><a target=\"_blank\" href=\"https://en.riotpixels.com/games/dark-deception-chapter-3/screenshots/4/?utm_source=emb-gfx-html&amp;utm_medium=image&amp;utm_campaign=rp-mass\" rel=\"noopener\"><img loading=\"lazy\" width=\"178\" height=\"100\" border=\"0\" src=\"https://s01.riotpixels.net/data/f0/2d/f02d5efb-b869-4ea4-9cb6-28770ce17fd5.jpg.240p.jpg\"></a></p><h3>Repack Features</h3><ul><li>Based on Dark.Deception.Chapter.4-PLAZA ISO release: plaza-dark.deception.chapter.4.iso (8,387,100,672 bytes)</li><li>Includes 4 released chapters out of 5 planned; Game version: v1.8.06</li><li>100% Lossless &amp; MD5 Perfect: all files are identical to originals after installation</li><li>NOTHING ripped, NOTHING re-encoded</li><li>Selective Download feature: you can skip downloading and installing of unused video file</li><li>Significantly smaller archive size (compressed from 7.8 to 4.6/4.7 GB)</li><li>Installation takes 3-6 minutes (depending on your system)</li><li>After-install integrity check so you could make sure that everything installed properly</li><li>HDD space after installation: 7.8 GB</li><li>Repack uses XTool library by Razor12911</li><li>At least 2 GB of free RAM (inc. virtual) required for installing this repack</li></ul><div ><div><h2>Game Description</h2></div><div >Dark Deception is a story driven first-person horror action maze game that mixes the fast-paced style of classic arcade games with fun horror game design. Trapped in a dark world full of nightmarish mazes and ridiculous monsters, the only way out is to face the darkness and find a way to survive.<p><b>CHAPTER 1:</b><br>This is the first chapter in the Dark Deception story. Investigate and survive the first maze. Be careful though. You are not alone. There are monsters in there and they are looking for you. You will face your fears. The question is \u2013 what are you afraid of?</p><p><b>CHAPTER 2:</b><br>Dark Deception Chapter 2 is the next chapter in the Dark Deception story. Face off against 2 new nightmares \u2013 Agatha &amp; the Gold Watchers. Dark Deception mixes the fast-paced style of classic arcade games with fun horror game design. Trapped in a dark world full of nightmarish mazes and ridiculous monsters, the only way out is to face the darkness and find a way to survive.</p><p><b>CHAPTER 3:</b><br>Dark Deception Chapter 3 is the next chapter in the Dark Deception story. Face off against 2 new nightmares \u2013 Dread Duckies and the GremClowns. Dark Deception mixes the fast-paced style of classic arcade games with fun horror game design. Trapped in a dark world full of nightmarish mazes and ridiculous monsters, the only way out is to face the darkness and find a way to survive.</p><p><b>CHAPTER 4:</b><br>Dark Deception Chapter 4 is the next chapter in the Dark Deception story. Face off against multiple new nightmares as Malak\u2019s dark army closes in. The Reaper Nurses, the Joy Joy Gang, and Mama Bear &amp; her Trigger Teddies all await you. Dark Deception mixes the fast-paced style of classic arcade games with fun horror game design. Trapped in a dark world full of nightmarish mazes and ridiculous monsters, the only way out is to face the darkness and find a way to survive.</p><p><b><h3>Game Features</h3></b></p><ul><li><b>Fast-paced Arcade Horror:</b> No hiding in lockers here. Run for your life and run fast. Enemies can be stunned and avoided, but not killed.</li><li><b>Power System:</b> Earn XP and unlock powers as you progress that will allow you to even the odds and survive longer against horrendous creatures.</li><li><b>High Quality:</b> AAA-quality graphics and creative designs give players a variety of unique and terrifying worlds and enemies to survive.</li><li><b>Hazardous Environments:</b> Enemies are not the only danger. The mazes themselves are full of traps, hazards, and other dangers to watch out for.</li><li><b>Unique Enemies:</b> Every nightmare presents a unique creature that has its own distinct AI. Players will have to change up their tactics in order to survive.</li><li><b>Dark Humor:</b> While scary, Dark Deception is not a bloody or gory game and features it\u2019s own stylized brand of dark humor. Dark Deception was designed to be enjoyed by everyone.</li></ul><p><b>Included DLCs:</b></p><ul><li>Dark Deception Chapter 2</li><li>Dark Deception Chapter 3</li><li>Dark Deception Chapter 4</li></ul></div></div>             </div>"
}