{
    "link": "https://fitgirl-repacks.site/death-slayer-v/",
    "title": "Death Slayer V",
    "first_img": "https://i3.imageban.ru/out/2021/11/09/ba750cb575c10aa863901f71d3465b5d.jpg",
    "second_img": "https://s01.riotpixels.net/data/50/52/50522490-4209-4393-b0f2-f3827295e34d.jpg.240p.jpg",
    "body": "<div ><h2>Death Slayer V</h2><p ><div><a target=\"_blank\" href=\"https://en.riotpixels.com/games/death-slayer-v/\" rel=\"noopener\"><img class=\"alignleft\" width=\"150\" src=\"https://i3.imageban.ru/out/2021/11/09/ba750cb575c10aa863901f71d3465b5d.jpg\"></a></div><br>Genres/Tags: <strong>Action, Open world, Post-apocalypse, Zombies, First-person, 3D</strong><br>Company: <strong>MDK software</strong><br>Language: <strong>ENG</strong><br>Original Size: <strong>10.4 GB</strong><br>Repack Size: <strong>6.4 GB</strong></p>&nbsp;<div>&nbsp;</div><h3>Download Mirrors</h3><ul><li><a href=\"https://1337x.to/torrent/5045989/Death-Slayer-V-FitGirl-Repack/\" target=\"_blank\" rel=\"noopener\">1337x</a> | [<a href=\"magnet:?xt=urn:btih:467B4D63B108F09880A30ADA0EE623FADCF42269&amp;dn=Death+Slayer+V+%5BFitGirl+Repack%5D&amp;tr=udp%3A%2F%2F46.148.18.250%3A2710&amp;tr=udp%3A%2F%2Fopentor.org%3A2710&amp;tr=udp%3A%2F%2Ftracker.coppersurfer.tk%3A6969%2Fannounce&amp;tr=udp%3A%2F%2Ftracker.opentrackr.org%3A1337%2Fannounce&amp;tr=http%3A%2F%2Ftracker.dler.org%3A6969%2Fannounce&amp;tr=udp%3A%2F%2Ftracker.leechers-paradise.org%3A6969%2Fannounce&amp;tr=udp%3A%2F%2F9.rarbg.me%3A2730%2Fannounce&amp;tr=udp%3A%2F%2F9.rarbg.to%3A2770%2Fannounce&amp;tr=udp%3A%2F%2Ftracker.pirateparty.gr%3A6969%2Fannounce&amp;tr=http%3A%2F%2Fretracker.local%2Fannounce&amp;tr=http%3A%2F%2Fretracker.ip.ncnet.ru%2Fannounce&amp;tr=udp%3A%2F%2Fexodus.desync.com%3A6969%2Fannounce&amp;tr=udp%3A%2F%2Fipv4.tracker.harry.lu%3A80%2Fannounce&amp;tr=udp%3A%2F%2Fopen.stealth.si%3A80%2Fannounce&amp;tr=udp%3A%2F%2Ftracker.zer0day.to%3A1337%2Fannounce&amp;tr=udp%3A%2F%2Ftracker.leechers-paradise.org%3A6969%2Fannounce&amp;tr=udp%3A%2F%2Fcoppersurfer.tk%3A6969%2Fannounce\">magnet</a>] [<a href=\"https://pastefg.hermietkreeft.site/?19026223af32831e#6omJ8vtPSDxuiri6X9MDUaV3zoS3DsefuTT7WCKifvxv\" target=\"_blank\" rel=\"noopener\">.torrent file only</a>] <br><img src=\"https://torrent-stats.info/0ada/3273f1f2.png\" style=\"display:block;clear:both\"></li><li><a href=\"https://tapochek.net/viewtopic.php?p=2811017\" target=\"_blank\" rel=\"noopener\">Tapochek.net</a></li><li><a href=\"https://pastefg.hermietkreeft.site/?2bdc76dcdd266df7#JEHy6Nwt86gy9K9BbQ4GSQqciBvuUPs2WajgC8BS8SQF\" target=\"_blank\" rel=\"noopener\">Filehoster: MultiUpload</a> (10+ hosters, interchangeable) [Use <a href=\"http://jdownloader.org/jdownloader2\" target=\"_blank\" rel=\"noopener\">JDownloader2</a>]</li><li><a href=\"https://pastefg.hermietkreeft.site/?669642ce28df69b8#A3Ss8Vn4Y9vttgM8YgfwjFVeHqP9KS1s8gTSwLCmbtBN\" target=\"_blank\" rel=\"noopener\">Filehoster: ZippyShare</a></li><li><a href=\"https://pastefg.hermietkreeft.site/?36d971f5e7b19417#AEPGCdpRXBdY5fV3w2xLds7V2Ah7Ym554GpACsVCuP1t\" target=\"_blank\" rel=\"noopener\">Filehoster: BayFiles</a></li><li><a href=\"https://pastefg.hermietkreeft.site/?36a9a2fe93b70b98#5TrqkAohTy2MVXdKPYu72efgz8Q3mAZL39P5zuANSMgZ\" target=\"_blank\" rel=\"noopener\">Filehoster: LetsUpload</a> [Use <a href=\"http://jdownloader.org/jdownloader2\" target=\"_blank\" rel=\"noopener\">JDownloader2</a>]</li><li><a href=\"https://pastefg.hermietkreeft.site/?119349af5b9fb4e8#F7fYx9X6iFr8jXBgm52siEtinrxQbGn3BkwTBgi3nE9n\" target=\"_blank\" rel=\"noopener\">Filehoster: OneDrive</a> (Uploaded by DyR0 t(-_-t), NOT compatible with other mirrors)</li><p><!--  <li><a href=\"\" target=\"_blank\" rel=\"noopener\">Filehosters: Google Drive, OneDrive + others</a> (Uploaded by crackhub213)</li>  --></p></ul><p><a href=\"https://cs.rin.ru/forum/viewtopic.php?f=10&amp;t=117028\" target=\"_blank\" rel=\"noopener\">Discussion and (possible) future updates on CS.RIN.RU thread</a></p><h3>Screenshots (Click to enlarge)</h3><p><a target=\"_blank\" href=\"https://en.riotpixels.com/games/death-slayer-v/screenshots/25/?utm_source=emb-gfx-html&amp;utm_medium=image&amp;utm_campaign=rp-mass\" rel=\"noopener\"><img loading=\"lazy\" width=\"178\" height=\"100\" border=\"0\" src=\"https://s01.riotpixels.net/data/50/52/50522490-4209-4393-b0f2-f3827295e34d.jpg.240p.jpg\"></a><a target=\"_blank\" href=\"https://en.riotpixels.com/games/death-slayer-v/screenshots/19/?utm_source=emb-gfx-html&amp;utm_medium=image&amp;utm_campaign=rp-mass\" rel=\"noopener\"><img loading=\"lazy\" width=\"178\" height=\"100\" border=\"0\" src=\"https://s01.riotpixels.net/data/de/ea/deea2288-161e-431c-93d3-b631f255a6ed.jpg.240p.jpg\"></a><a target=\"_blank\" href=\"https://en.riotpixels.com/games/death-slayer-v/screenshots/15/?utm_source=emb-gfx-html&amp;utm_medium=image&amp;utm_campaign=rp-mass\" rel=\"noopener\"><img loading=\"lazy\" width=\"178\" height=\"100\" border=\"0\" src=\"https://s01.riotpixels.net/data/6c/04/6c0493c8-c6a0-4f92-8475-610675ee306b.jpg.240p.jpg\"></a><br><a target=\"_blank\" href=\"https://en.riotpixels.com/games/death-slayer-v/screenshots/12/?utm_source=emb-gfx-html&amp;utm_medium=image&amp;utm_campaign=rp-mass\" rel=\"noopener\"><img loading=\"lazy\" width=\"178\" height=\"100\" border=\"0\" src=\"https://s01.riotpixels.net/data/be/6b/be6bec04-6f80-4221-bf14-dd29dbe01c7b.jpg.240p.jpg\"></a><a target=\"_blank\" href=\"https://en.riotpixels.com/games/death-slayer-v/screenshots/5/?utm_source=emb-gfx-html&amp;utm_medium=image&amp;utm_campaign=rp-mass\" rel=\"noopener\"><img loading=\"lazy\" width=\"178\" height=\"100\" border=\"0\" src=\"https://s01.riotpixels.net/data/33/42/3342acde-2477-4946-bfe0-a855581c603e.jpg.240p.jpg\"></a><a target=\"_blank\" href=\"https://en.riotpixels.com/games/death-slayer-v/screenshots/1/?utm_source=emb-gfx-html&amp;utm_medium=image&amp;utm_campaign=rp-mass\" rel=\"noopener\"><img loading=\"lazy\" width=\"178\" height=\"100\" border=\"0\" src=\"https://s01.riotpixels.net/data/94/54/945484d4-f211-497c-bb6d-cb1d3e5ef60d.jpg.240p.jpg\"></a></p><h3>Repack Features</h3><ul><li>Based on Death.Slayer.V-PLAZA ISO release: plaza-death.slayer.v.iso (11,127,914,496 bytes)</li><li>100% Lossless &amp; MD5 Perfect: all files are identical to originals after installation</li><li>NOTHING ripped, NOTHING re-encoded</li><li>Significantly smaller archive size (compressed from 10.4 to 6.4 GB)</li><li>Installation takes 10-15 minutes (depending on your system)</li><li>After-install integrity check so you could make sure that everything installed properly</li><li>HDD space after installation: 12.5 GB (29.7 GB during installation)</li><li>At least 2 GB of free RAM (inc. virtual) required for installing this repack</li></ul><div ><div><h2>Game Description</h2></div><div >Death Slayer V is a single player, first person zombie shooter set in a beautiful open world with next gen graphics. This game is for higher end gaming PC\u2019s and will definitely let your PC stretch its legs\u2026 see what your PC can do on 1080p or 4K.<p><b>Unfolding Plot:</b><br>A virus has escaped a secret lab run by the Eibmoz Corporation. Everyone is infected\u2026 including yourself. You have minutes before you die from the fast acting virus and turn into a \u201cZombie\u201d. There may be a way to stay alive\u2026 but it won\u2019t be easy! You find a syringe with an antidote that will only keep the virus at bay for minutes at a time and has to be mixed with fresh zombie blood to work. Run away from the zombies but don\u2019t run too far\u2026 because the thing that is trying to kill you, has the only thing that will keep you alive!</p><p><b>Fast Paced High Intensity Combat:</b><br>Play in the first person perspective as you fight your way through hordes of zombies with a wide range of weapons that you will find as you explore. Hit, stab, chop, burn, and shoot your way through the game in search of the secret lab and the mysterious voice on the other end of the phone guiding you.</p><p><b>Open World, Navigation and Exploration:</b><br>Use a compass and street signs to help you as you navigate the open world. Explore indoor areas in search of the items that you will need to complete your quest.</p><p>Find the Lab, maybe you will find a cure, but most importantly\u2026 Have fun, kill as many zombies as you can along the way and see how high you can get your zombie kill counter in this fast paced high intensity game.</p><p>Zombies\u2026 Can\u2019t live with them\u2026 Can\u2019t live without them!</p></div></div>             </div>"
}