{
    "link": "https://fitgirl-repacks.site/deaths-door/",
    "title": "Death\u2019s Door",
    "first_img": "https://i3.imageban.ru/out/2021/07/20/e89bbf16e6b3acbc3c691ad0c165a439.jpg",
    "second_img": "https://s01.riotpixels.net/data/69/22/6922c25a-a126-4328-91e7-99a39d842aec.jpg.240p.jpg",
    "body": "<div ><h2>Death\u2019s Door</h2><p ><div><a target=\"_blank\" href=\"https://en.riotpixels.com/games/deaths-door/\" rel=\"noopener\"><img class=\"alignleft\" width=\"150\" src=\"https://i3.imageban.ru/out/2021/07/20/e89bbf16e6b3acbc3c691ad0c165a439.jpg\"></a></div><br>Genres/Tags: <strong>Action, Slasher, Isometric, 3D</strong><br>Companies: <strong>Acid Nerve, Devolver Digital</strong><br>Languages: <strong>RUS/ENG/MULTI10</strong><br>Original Size: <strong>1.1 GB</strong><br>Repack Size: <strong>558 MB</strong></p>&nbsp;<div>&nbsp;</div><h3>Download Mirrors</h3><ul><li><a href=\"https://1337x.to/torrent/4926362/Death-s-Door-MULTi10-FitGirl-Repack/\" target=\"_blank\" rel=\"noopener\">1337x</a> | [<a href=\"magnet:?xt=urn:btih:A1FA9F377EAB6248CF9A45963017DD0C4E6ADDDD&amp;dn=Death%26%23039%3Bs+Door+%28MULTi10%29+%5BFitGirl+Repack%5D&amp;tr=udp%3A%2F%2F46.148.18.250%3A2710&amp;tr=udp%3A%2F%2Fopentor.org%3A2710&amp;tr=udp%3A%2F%2Ftracker.coppersurfer.tk%3A6969%2Fannounce&amp;tr=udp%3A%2F%2Ftracker.opentrackr.org%3A1337%2Fannounce&amp;tr=http%3A%2F%2Ftracker.dler.org%3A6969%2Fannounce&amp;tr=udp%3A%2F%2Ftracker.leechers-paradise.org%3A6969%2Fannounce&amp;tr=udp%3A%2F%2F9.rarbg.me%3A2730%2Fannounce&amp;tr=udp%3A%2F%2F9.rarbg.to%3A2770%2Fannounce&amp;tr=udp%3A%2F%2Ftracker.pirateparty.gr%3A6969%2Fannounce&amp;tr=http%3A%2F%2Fretracker.local%2Fannounce&amp;tr=http%3A%2F%2Fretracker.ip.ncnet.ru%2Fannounce&amp;tr=udp%3A%2F%2Fexodus.desync.com%3A6969%2Fannounce&amp;tr=udp%3A%2F%2Fipv4.tracker.harry.lu%3A80%2Fannounce&amp;tr=udp%3A%2F%2Fopen.stealth.si%3A80%2Fannounce&amp;tr=udp%3A%2F%2Ftracker.zer0day.to%3A1337%2Fannounce&amp;tr=udp%3A%2F%2Ftracker.leechers-paradise.org%3A6969%2Fannounce&amp;tr=udp%3A%2F%2Fcoppersurfer.tk%3A6969%2Fannounce\">magnet</a>] [<a href=\"https://pastefg.hermietkreeft.site/?738d596116f79d47#CXbwtf3eXYsH9FLL3QTqEyVSwF1ePgZM96btL88HKPVu\" target=\"_blank\" rel=\"noopener\">.torrent file only</a>] <br><img src=\"https://torrent-stats.info/4596/13ab0210e.png\" style=\"display:block;clear:both\"></li><li><a href=\"http://rutor.info/torrent/826041/deaths-door-2021-pc-repack-ot-fitgirl\" target=\"_blank\" rel=\"noopener\">RuTor</a> [<a href=\"magnet:?xt=urn:btih:a1fa9f377eab6248cf9a45963017dd0c4e6adddd&amp;dn=rutor.info_Death%27s+Door+%282021%29+PC+%7C+RePack+%D0%BE%D1%82+FitGirl&amp;tr=udp://opentor.org:2710&amp;tr=udp://opentor.org:2710&amp;tr=http://retracker.local/announce\">magnet</a>]</li><li><a href=\"https://tapochek.net/viewtopic.php?p=2790038\" target=\"_blank\" rel=\"noopener\">Tapochek.net</a></li><li><a href=\"https://pastefg.hermietkreeft.site/?715d9105c66f2353#62MiLNKTFPoscEMGaqf7ogMJnjYjEAAhQexsNxkcsudu\" target=\"_blank\" rel=\"noopener\">Filehoster: MultiUpload</a> (10+ hosters, interchangeable) [Use <a href=\"http://jdownloader.org/jdownloader2\" target=\"_blank\" rel=\"noopener\">JDownloader2</a>]</li><li><a href=\"https://pastefg.hermietkreeft.site/?f042f5dd329a7806#FhSjoGneSKY4v68nvyneoBTE645Zan5M2z2A7hYbP1f6\" target=\"_blank\" rel=\"noopener\">Filehoster: PixelDrain</a></li><li><a href=\"https://pastefg.hermietkreeft.site/?24f8e863fb287d0a#6a8VK4gyPn5uphC7E7yyqXYLtjhNLSXtqfPj22mGe4LE\" target=\"_blank\" rel=\"noopener\">Filehoster: ZippyShare</a></li><li><a href=\"https://pastefg.hermietkreeft.site/?8aa9620cb612102b#3MxaQE1NRN6UBHxhwJo9HPjAHcnwPbSr8xXj8DusEoNN\" target=\"_blank\" rel=\"noopener\">Filehoster: LetsUpload</a> [Use <a href=\"http://jdownloader.org/jdownloader2\" target=\"_blank\" rel=\"noopener\">JDownloader2</a>]</li><li><a href=\"https://crackhub.site/deaths-door-fitgirl-repack/\" target=\"_blank\" rel=\"noopener\">Filehosters: Google Drive, OneDrive + others</a> (Uploaded by crackhub213)</li><li><a href=\"https://pastefg.hermietkreeft.site/?9c27305fc8004422#3jXnqQsnyYWYjvYeDn2Ypp3fWvAxVsNyXrHudeN9AcQv\" target=\"_blank\" rel=\"noopener\">Filehoster: OneDrive</a> (Uploaded by DyR0 t(-_-t), NOT compatible with other mirrors)</li></ul><p><a href=\"https://cs.rin.ru/forum/viewtopic.php?f=10&amp;t=112342\" target=\"_blank\" rel=\"noopener\">Discussion and (possible) future updates on CS.RIN.RU thread</a></p><h3>Screenshots (Click to enlarge)</h3><p><a target=\"_blank\" href=\"https://en.riotpixels.com/games/deaths-door/screenshots/13/?utm_source=emb-gfx-html&amp;utm_medium=image&amp;utm_campaign=rp-mass\" rel=\"noopener\"><img loading=\"lazy\" width=\"178\" height=\"100\" border=\"0\" src=\"https://s01.riotpixels.net/data/69/22/6922c25a-a126-4328-91e7-99a39d842aec.jpg.240p.jpg\"></a><a target=\"_blank\" href=\"https://en.riotpixels.com/games/deaths-door/screenshots/11/?utm_source=emb-gfx-html&amp;utm_medium=image&amp;utm_campaign=rp-mass\" rel=\"noopener\"><img loading=\"lazy\" width=\"178\" height=\"100\" border=\"0\" src=\"https://s01.riotpixels.net/data/2f/32/2f32ad8d-f1e8-4ba5-a2b2-227649e06817.jpg.240p.jpg\"></a><a target=\"_blank\" href=\"https://en.riotpixels.com/games/deaths-door/screenshots/10/?utm_source=emb-gfx-html&amp;utm_medium=image&amp;utm_campaign=rp-mass\" rel=\"noopener\"><img loading=\"lazy\" width=\"178\" height=\"100\" border=\"0\" src=\"https://s01.riotpixels.net/data/a3/7f/a37fcc4c-347b-4f11-b603-bc5c42737938.jpg.240p.jpg\"></a><br><a target=\"_blank\" href=\"https://en.riotpixels.com/games/deaths-door/screenshots/5/?utm_source=emb-gfx-html&amp;utm_medium=image&amp;utm_campaign=rp-mass\" rel=\"noopener\"><img loading=\"lazy\" width=\"178\" height=\"100\" border=\"0\" src=\"https://s01.riotpixels.net/data/cb/00/cb006fe6-b30d-422c-87f8-f5f950a3427c.jpg.240p.jpg\"></a><a target=\"_blank\" href=\"https://en.riotpixels.com/games/deaths-door/screenshots/4/?utm_source=emb-gfx-html&amp;utm_medium=image&amp;utm_campaign=rp-mass\" rel=\"noopener\"><img loading=\"lazy\" width=\"178\" height=\"100\" border=\"0\" src=\"https://s01.riotpixels.net/data/03/14/0314f403-6c72-4ec4-866a-67d6593fc4c9.jpg.240p.jpg\"></a><a target=\"_blank\" href=\"https://en.riotpixels.com/games/deaths-door/screenshots/2/?utm_source=emb-gfx-html&amp;utm_medium=image&amp;utm_campaign=rp-mass\" rel=\"noopener\"><img loading=\"lazy\" width=\"178\" height=\"100\" border=\"0\" src=\"https://s01.riotpixels.net/data/17/54/17545e15-0369-49cc-a103-cfdfc8c7af6e.jpg.240p.jpg\"></a></p><h3>Repack Features</h3><ul><li>Based on Deaths.Door-CODEX ISO release: codex-deaths.door.iso (1,229,193,216 bytes)</li><li>100% Lossless &amp; MD5 Perfect: all files are identical to originals after installation</li><li>NOTHING ripped, NOTHING re-encoded</li><li>Significantly smaller archive size (compressed from 1.1 GB to 558 MB)</li><li>Installation takes one minute</li><li>After-install integrity check so you could make sure that everything installed properly</li><li>HDD space after installation: 3.6 GB</li><li>Language can be changed in game settings</li><li>At least 2 GB of free RAM (inc. virtual) required for installing this repack</li></ul><div ><div><h2>Game Description</h2></div><div >Reaping souls of the dead and punching a clock might get monotonous but it\u2019s honest work for a Crow. The job gets lively when your assigned soul is stolen and you must track down a desperate thief to a realm untouched by death \u2013 where creatures grow far past their expiry and overflow with greed and power.<p><b>Talon Sharp Combat:</b><br>Utilize melee weapons, arrows and magic to overcome a fantastic array of beasts and demigods. Mistakes are punished and victory is rewarded. Gain an edge by customizing your character stats and mastering the abilities and upgrades you obtain.</p><p><b>A Beautifully Bleak World:</b><br>Venture beyond the Doors and explore a land full of twisted inhabitants and countless secrets, bringing hope to the weird and wonderful characters you\u2019ll meet along the way.</p><p><b>A Dark Mystery to Unravel:</b><br>Track down and defeat colossal tyrants with stories and motivations of their own. Experience a somber yet darkly comedic tale, uncovering the truths behind the flow of souls, the role of the Crows and the origin of the Doors.</p></div></div>             </div>"
}