{
    "link": "https://fitgirl-repacks.site/deca/",
    "title": "Deca",
    "first_img": "https://i5.imageban.ru/out/2021/07/17/181243ab18d45fbd1101a00e2719d1ad.jpg",
    "second_img": "https://s01.riotpixels.net/data/fc/50/fc506f85-5dae-4d09-8a5e-3374dddb20fd.jpg.240p.jpg",
    "body": "<div ><h2>Deca</h2><p ><div><a target=\"_blank\" href=\"https://en.riotpixels.com/games/deca/\" rel=\"noopener\"><img class=\"alignleft\" width=\"150\" src=\"https://i5.imageban.ru/out/2021/07/17/181243ab18d45fbd1101a00e2719d1ad.jpg\"></a></div><br>Genres/Tags: <strong>Adventure, Survival, First-person, Horror, 3D</strong><br>Company: <strong>Chrome Horizon 3D</strong><br>Language: <strong>ENG</strong><br>Original Size: <strong>9 GB</strong><br>Repack Size: <strong>5.8 GB</strong></p>&nbsp;<div>&nbsp;</div><h3>Download Mirrors</h3><ul><li><a href=\"https://1337x.to/torrent/4923191/Deca-FitGirl-Repack/\" target=\"_blank\" rel=\"noopener\">1337x</a> | [<a href=\"magnet:?xt=urn:btih:AF359DC0C39450F4FDAE316FACC3E6F388BB625E&amp;dn=Deca+%5BFitGirl+Repack%5D&amp;tr=udp%3A%2F%2F46.148.18.250%3A2710&amp;tr=udp%3A%2F%2Fopentor.org%3A2710&amp;tr=udp%3A%2F%2Ftracker.coppersurfer.tk%3A6969%2Fannounce&amp;tr=udp%3A%2F%2Ftracker.opentrackr.org%3A1337%2Fannounce&amp;tr=http%3A%2F%2Ftracker.dler.org%3A6969%2Fannounce&amp;tr=udp%3A%2F%2Ftracker.leechers-paradise.org%3A6969%2Fannounce&amp;tr=udp%3A%2F%2F9.rarbg.me%3A2730%2Fannounce&amp;tr=udp%3A%2F%2F9.rarbg.to%3A2770%2Fannounce&amp;tr=udp%3A%2F%2Ftracker.pirateparty.gr%3A6969%2Fannounce&amp;tr=http%3A%2F%2Fretracker.local%2Fannounce&amp;tr=http%3A%2F%2Fretracker.ip.ncnet.ru%2Fannounce&amp;tr=udp%3A%2F%2Fexodus.desync.com%3A6969%2Fannounce&amp;tr=udp%3A%2F%2Fipv4.tracker.harry.lu%3A80%2Fannounce&amp;tr=udp%3A%2F%2Fopen.stealth.si%3A80%2Fannounce&amp;tr=udp%3A%2F%2Ftracker.zer0day.to%3A1337%2Fannounce&amp;tr=udp%3A%2F%2Ftracker.leechers-paradise.org%3A6969%2Fannounce&amp;tr=udp%3A%2F%2Fcoppersurfer.tk%3A6969%2Fannounce\">magnet</a>] [<a href=\"https://pastefg.hermietkreeft.site/?90a550cfe6db9856#HjTAM7gyYThFxr47XDRryq2d3ecYWSCNzDipxwFCjsD3\" target=\"_blank\" rel=\"noopener\">.torrent file only</a>] <br><img src=\"https://torrent-stats.info/316f/df6d9081.png\" style=\"display:block;clear:both\"></li><li><a href=\"https://tapochek.net/viewtopic.php?p=2789518\" target=\"_blank\" rel=\"noopener\">Tapochek.net</a></li><li><a href=\"https://pastefg.hermietkreeft.site/?a313e8358f0175cc#7CwriqGEY8zsL2e7PUrNDMfXbDy6s3zM9pV3hk1iprV7\" target=\"_blank\" rel=\"noopener\">Filehoster: MultiUpload</a> (10+ hosters, interchangeable) [Use <a href=\"http://jdownloader.org/jdownloader2\" target=\"_blank\" rel=\"noopener\">JDownloader2</a>]</li><li><a href=\"https://pastefg.hermietkreeft.site/?7d803937b945cc56#Bs7CVPJFRZFAdQSQFFXh6Y8f2mbSNT5AMB6m29upVHxV\" target=\"_blank\" rel=\"noopener\">Filehoster: PixelDrain</a></li><li><a href=\"https://pastefg.hermietkreeft.site/?1b690cd93df6012f#CKr3Paeg5BC1qJWdRuobhFiZZSEDnkscHMXNMaZ4GdyQ\" target=\"_blank\" rel=\"noopener\">Filehoster: ZippyShare</a></li><li><a href=\"https://pastefg.hermietkreeft.site/?75fadacd1539471f#C6NJkZNU9pvBGBQqxVp6aH9eVpC4CLNQHVfbVbLCqnnd\" target=\"_blank\" rel=\"noopener\">Filehoster: LetsUpload</a> [Use <a href=\"http://jdownloader.org/jdownloader2\" target=\"_blank\" rel=\"noopener\">JDownloader2</a>]</li></ul><p><a href=\"https://cs.rin.ru/forum/viewtopic.php?f=10&amp;t=94345\" target=\"_blank\" rel=\"noopener\">Discussion and (possible) future updates on CS.RIN.RU thread</a></p><h3>Screenshots (Click to enlarge)</h3><p><a target=\"_blank\" href=\"https://en.riotpixels.com/games/deca/screenshots/7/?utm_source=emb-gfx-html&amp;utm_medium=image&amp;utm_campaign=rp-mass\" rel=\"noopener\"><img loading=\"lazy\" width=\"178\" height=\"100\" border=\"0\" src=\"https://s01.riotpixels.net/data/fc/50/fc506f85-5dae-4d09-8a5e-3374dddb20fd.jpg.240p.jpg\"></a><a target=\"_blank\" href=\"https://en.riotpixels.com/games/deca/screenshots/6/?utm_source=emb-gfx-html&amp;utm_medium=image&amp;utm_campaign=rp-mass\" rel=\"noopener\"><img loading=\"lazy\" width=\"178\" height=\"100\" border=\"0\" src=\"https://s01.riotpixels.net/data/b9/2b/b92b6271-6a92-4020-a6fe-eb674c1ee607.jpg.240p.jpg\"></a><a target=\"_blank\" href=\"https://en.riotpixels.com/games/deca/screenshots/5/?utm_source=emb-gfx-html&amp;utm_medium=image&amp;utm_campaign=rp-mass\" rel=\"noopener\"><img loading=\"lazy\" width=\"187\" height=\"100\" border=\"0\" src=\"https://s01.riotpixels.net/data/d7/e2/d7e21c72-91dc-4a7f-a163-e708c1ddeae3.jpg.240p.jpg\"></a><br><a target=\"_blank\" href=\"https://en.riotpixels.com/games/deca/screenshots/4/?utm_source=emb-gfx-html&amp;utm_medium=image&amp;utm_campaign=rp-mass\" rel=\"noopener\"><img loading=\"lazy\" width=\"178\" height=\"100\" border=\"0\" src=\"https://s01.riotpixels.net/data/57/3c/573c5367-b04f-4b1f-bc39-08fcf878c7a4.jpg.240p.jpg\"></a><a target=\"_blank\" href=\"https://en.riotpixels.com/games/deca/screenshots/3/?utm_source=emb-gfx-html&amp;utm_medium=image&amp;utm_campaign=rp-mass\" rel=\"noopener\"><img loading=\"lazy\" width=\"187\" height=\"100\" border=\"0\" src=\"https://s01.riotpixels.net/data/fa/9e/fa9e67e0-3f23-472b-ab6b-0294246c2ebe.jpg.240p.jpg\"></a><a target=\"_blank\" href=\"https://en.riotpixels.com/games/deca/screenshots/2/?utm_source=emb-gfx-html&amp;utm_medium=image&amp;utm_campaign=rp-mass\" rel=\"noopener\"><img loading=\"lazy\" width=\"178\" height=\"100\" border=\"0\" src=\"https://s01.riotpixels.net/data/ec/b0/ecb0de47-e0fa-402c-8ada-d6e672b2d1c9.jpg.240p.jpg\"></a></p><h3>Repack Features</h3><ul><li>Based on Deca-PLAZA ISO release: plaza-deca.iso (9,644,736,512 bytes)</li><li>100% Lossless &amp; MD5 Perfect: all files are identical to originals after installation</li><li>NOTHING ripped, NOTHING re-encoded</li><li>Significantly smaller archive size (compressed from 9 to 5.8 GB)</li><li>Installation takes 2-5 minutes (depending on your system)</li><li>After-install integrity check so you could make sure that everything installed properly</li><li>HDD space after installation: 17.5 GB</li><li>Repack uses XTool library by Razor12911</li><li>At least 2 GB of free RAM (inc. virtual) required for installing this repack</li></ul><div ><div><h2>Game Description</h2></div><div >It is a horror game, developed inside the psychiatric hospital Deca. Our game\u2019s protagonist wakes up disoriented, laying on the ground and unable to remember what happened. Everything is dark, what she can see are several corpses lying on the ground and a room cluttered with different objects. And most importantly: she hears noises, which makes her think she probably is not alone in there. At this point, she needs to react quickly so she can stay alive and find a way out.<p><b><h3>Game Features</h3></b></p><ul><li>DECA is an extreme horror game which takes place in the DECA mental asylum.</li><li>You are dealing with a very intense game that poses a great challenge for horror fans. You will constantly be in danger and will need to remain alert if you want to survive.</li><li>As the game unfolds, you will discover the deep story that surrounds the main character. Investigate all over DECA step by step and delve into the story to unravel all the secrets it hides.</li><li>This game takes about 8 to 10 hours to complete.</li><li>She will need to explore the asylum to find an escape. As she travels through the different rooms, she will find clues that will reveal information about what happened: medical records, recordings, newspaper clippings\u2026 Everything will be relevant, since it will provide enough information to discover the dark secret the place hides.</li></ul></div></div>             </div>"
}