{
    "link": "https://fitgirl-repacks.site/decoherence/",
    "title": "Decoherence \u2013 v1.5 build 1190",
    "first_img": "https://i7.imageban.ru/out/2021/10/31/8849ed3eb1f09c2db50951b8a08a9818.jpg",
    "second_img": "https://s01.riotpixels.net/data/f4/85/f485f1b8-a6c5-4d70-972d-c4f544af20ab.jpg.240p.jpg",
    "body": "<div ><h2>Decoherence \u2013 v1.5 build 1190</h2><p ><div><a target=\"_blank\" href=\"https://en.riotpixels.com/games/decoherence/\" rel=\"noopener\"><img class=\"alignleft\" width=\"150\" src=\"https://i7.imageban.ru/out/2021/10/31/8849ed3eb1f09c2db50951b8a08a9818.jpg\"></a></div><br>Genres/Tags: <strong>Action, Shooter, Shoot-\u2018Em-Up, Top-Down, 3D</strong><br>Companies: <strong>Efecto Studios</strong><br>Languages: <strong>RUS/ENG/MULTI14</strong><br>Original Size: <strong>1.8 GB</strong><br>Repack Size: <strong>from 847 MB</strong> [Selective Download]</p>&nbsp;<div>&nbsp;</div><h3>Download Mirrors</h3><ul><li><a href=\"https://1337x.to/torrent/5035416/Decoherence-v1-5-build-1190-MULTi14-FitGirl-Repack-Selective-Download-from-847-MB/\" target=\"_blank\" rel=\"noopener\">1337x</a> | [<a href=\"magnet:?xt=urn:btih:8D36FE78CFD29C72B11B683F9DD3FB6FBEF2FE5D&amp;dn=Decoherence+%28v1.5+build+1190%2C+MULTi14%29+%5BFitGirl+Repack%2C+Selective+Download+-+from+847+MB%5D&amp;tr=udp%3A%2F%2F46.148.18.250%3A2710&amp;tr=udp%3A%2F%2Fopentor.org%3A2710&amp;tr=udp%3A%2F%2Ftracker.coppersurfer.tk%3A6969%2Fannounce&amp;tr=udp%3A%2F%2Ftracker.opentrackr.org%3A1337%2Fannounce&amp;tr=http%3A%2F%2Ftracker.dler.org%3A6969%2Fannounce&amp;tr=udp%3A%2F%2Ftracker.leechers-paradise.org%3A6969%2Fannounce&amp;tr=udp%3A%2F%2F9.rarbg.me%3A2730%2Fannounce&amp;tr=udp%3A%2F%2F9.rarbg.to%3A2770%2Fannounce&amp;tr=udp%3A%2F%2Ftracker.pirateparty.gr%3A6969%2Fannounce&amp;tr=http%3A%2F%2Fretracker.local%2Fannounce&amp;tr=http%3A%2F%2Fretracker.ip.ncnet.ru%2Fannounce&amp;tr=udp%3A%2F%2Fexodus.desync.com%3A6969%2Fannounce&amp;tr=udp%3A%2F%2Fipv4.tracker.harry.lu%3A80%2Fannounce&amp;tr=udp%3A%2F%2Fopen.stealth.si%3A80%2Fannounce&amp;tr=udp%3A%2F%2Ftracker.zer0day.to%3A1337%2Fannounce&amp;tr=udp%3A%2F%2Ftracker.leechers-paradise.org%3A6969%2Fannounce&amp;tr=udp%3A%2F%2Fcoppersurfer.tk%3A6969%2Fannounce\">magnet</a>] [<a href=\"https://pastefg.hermietkreeft.site/?17be8bdbbba6c270#ELfBvLxkx6URnSaPd17Pm9rMFPhvb6X3mea3iVq9Az1w\" target=\"_blank\" rel=\"noopener\">.torrent file only</a>] <br><img src=\"https://torrent-stats.info/683f/1e344e6f9.png\" style=\"display:block;clear:both\"></li><li><a href=\"http://rutor.info/torrent/842604/decoherence-v1.5-build-1190-2021-pc-repack-ot-fitgirl\" target=\"_blank\" rel=\"noopener\">RuTor</a> [<a href=\"magnet:?xt=urn:btih:8d36fe78cfd29c72b11b683f9dd3fb6fbef2fe5d&amp;dn=rutor.info_Decoherence+%5Bv1.5+build+1190%5D+%282021%29+PC+%7C+RePack+%D0%BE%D1%82+FitGirl&amp;tr=udp://opentor.net:6969&amp;tr=udp://opentor.org:2710&amp;tr=http://retracker.local/announce\">magnet</a>]</li><li><a href=\"https://tapochek.net/viewtopic.php?p=2808865\" target=\"_blank\" rel=\"noopener\">Tapochek.net</a></li><li><a href=\"https://pastefg.hermietkreeft.site/?16e8548fd1d3f685#CpXTKTciNXmUih1iFRpBe2DdsBmztnjPXiMp1o7cH6bM\" target=\"_blank\" rel=\"noopener\">Filehoster: MultiUpload</a> (10+ hosters, interchangeable) [Use <a href=\"http://jdownloader.org/jdownloader2\" target=\"_blank\" rel=\"noopener\">JDownloader2</a>]</li><li><a href=\"https://pastefg.hermietkreeft.site/?00c3f4795ce29ff9#MACMZQVvkM4gpwCFzmjZuG2yqtSK2QXC5rAeNbbtiEy\" target=\"_blank\" rel=\"noopener\">Filehoster: PixelDrain</a></li><li><a href=\"https://pastefg.hermietkreeft.site/?54466818b8afe41a#EqRA9J3bE3T1cFB7hE1KbDbGDzwu9kApAJR6HA9ciYPV\" target=\"_blank\" rel=\"noopener\">Filehoster: ZippyShare</a></li><li><a href=\"https://pastefg.hermietkreeft.site/?ff4cccc6629d803a#5wnfd6YXVUb3R75FGAXx1aqgk2acC3y4KqEZoc5bpuEK\" target=\"_blank\" rel=\"noopener\">Filehoster: BayFiles</a></li><li><a href=\"https://pastefg.hermietkreeft.site/?1e851e901b1f38ab#A5dKjWENGrkKWVt4RoXX7LLYaZu9Ex4RLYHFJe6DARQd\" target=\"_blank\" rel=\"noopener\">Filehoster: LetsUpload</a> [Use <a href=\"http://jdownloader.org/jdownloader2\" target=\"_blank\" rel=\"noopener\">JDownloader2</a>]</li><li><a href=\"https://pastefg.hermietkreeft.site/?4c16924b40d3b426#HKU4Wyj2Kg1NipqZaESaQ91fpPhGJXiW9XRqccidr5i\" target=\"_blank\" rel=\"noopener\">Filehoster: OneDrive</a> (Uploaded by DyR0 t(-_-t), NOT compatible with other mirrors)</li><li><a href=\"https://crackhub.site/decoherence-v1-5-build-1190-fitgirl-repack/\" target=\"_blank\" rel=\"noopener\">Filehosters: Google Drive, OneDrive + others</a> (Uploaded by crackhub213)</li></ul><p><a href=\"https://cs.rin.ru/forum/viewtopic.php?f=10&amp;t=115636\" target=\"_blank\" rel=\"noopener\">Discussion and (possible) future updates on CS.RIN.RU thread</a></p><h3>Screenshots (Click to enlarge)</h3><p><a target=\"_blank\" href=\"https://en.riotpixels.com/games/decoherence/screenshots/6/?utm_source=emb-gfx-html&amp;utm_medium=image&amp;utm_campaign=rp-mass\" rel=\"noopener\"><img loading=\"lazy\" width=\"178\" height=\"100\" border=\"0\" src=\"https://s01.riotpixels.net/data/f4/85/f485f1b8-a6c5-4d70-972d-c4f544af20ab.jpg.240p.jpg\"></a><a target=\"_blank\" href=\"https://en.riotpixels.com/games/decoherence/screenshots/5/?utm_source=emb-gfx-html&amp;utm_medium=image&amp;utm_campaign=rp-mass\" rel=\"noopener\"><img loading=\"lazy\" width=\"178\" height=\"100\" border=\"0\" src=\"https://s01.riotpixels.net/data/fc/aa/fcaa40ed-42e6-448e-81b8-36b70437491c.jpg.240p.jpg\"></a><a target=\"_blank\" href=\"https://en.riotpixels.com/games/decoherence/screenshots/4/?utm_source=emb-gfx-html&amp;utm_medium=image&amp;utm_campaign=rp-mass\" rel=\"noopener\"><img loading=\"lazy\" width=\"178\" height=\"100\" border=\"0\" src=\"https://s01.riotpixels.net/data/a4/91/a491f67d-4d82-4b35-943e-0d6c8fa1f10b.jpg.240p.jpg\"></a><br><a target=\"_blank\" href=\"https://en.riotpixels.com/games/decoherence/screenshots/3/?utm_source=emb-gfx-html&amp;utm_medium=image&amp;utm_campaign=rp-mass\" rel=\"noopener\"><img loading=\"lazy\" width=\"178\" height=\"100\" border=\"0\" src=\"https://s01.riotpixels.net/data/8a/cc/8acc142a-6ac5-4400-9f76-2f32952dc801.jpg.240p.jpg\"></a><a target=\"_blank\" href=\"https://en.riotpixels.com/games/decoherence/screenshots/2/?utm_source=emb-gfx-html&amp;utm_medium=image&amp;utm_campaign=rp-mass\" rel=\"noopener\"><img loading=\"lazy\" width=\"178\" height=\"100\" border=\"0\" src=\"https://s01.riotpixels.net/data/95/77/9577d82c-7bbe-4e03-aa53-dd46dbca5f5b.jpg.240p.jpg\"></a><a target=\"_blank\" href=\"https://en.riotpixels.com/games/decoherence/screenshots/1/?utm_source=emb-gfx-html&amp;utm_medium=image&amp;utm_campaign=rp-mass\" rel=\"noopener\"><img loading=\"lazy\" width=\"178\" height=\"100\" border=\"0\" src=\"https://s01.riotpixels.net/data/3d/12/3d125f57-6275-4edd-9ae5-8f5932d73758.jpg.240p.jpg\"></a></p><h3>Repack Features</h3><ul><li>Based on Decoherence-CODEX ISO release: codex-decoherence.iso (1,942,618,112 bytes)</li><li>100% Lossless &amp; MD5 Perfect: all files are identical to originals after installation</li><li>NOTHING ripped, NOTHING re-encoded</li><li>Selective Download feature: you may skip downloading and installing of the very short non-important video, which is shown after you complete tutorial</li><li>Significantly smaller archive size (compressed from 1.8 GB to 847 MB/1.3 GB)</li><li>Installation takes one minute</li><li>After-install integrity check so you could make sure that everything installed properly</li><li>HDD space after installation: up to 3.7 GB</li><li>Language can be changed in game settings</li><li>At least 2 GB of free RAM (inc. virtual) required for installing this repack</li></ul><div ><div><h2>Game Description</h2></div><div >Build robots from a wide variety of components. Plan a strategy to carry you to victory. Fight as a pilot alongside your bots in exciting PvP matches or test your mettle in the single player Entropy Tribunals!<p>Customize your bots and assign them specific commands to carry out your strategy!</p><p>Pilot your creations personally and adapt to the chaos of the matches!</p><p>Manage unpredictability! No two arenas are ever the same, so plan carefully but remain adaptable as anything can happen during a match.</p><p>More of a lone wolf? Jump into the Entropy Tribunals and have a go at the single player mode, in which you\u2019re continually tested but thoroughly rewarded for your performance!</p></div></div>             </div>"
}