{
    "link": "https://fitgirl-repacks.site/deep-rock-galactic/",
    "title": "Deep Rock Galactic \u2013 v1.35.63118 (Season 01: Rival Incursion Update) + 6 DLCs",
    "first_img": "https://i2.imageban.ru/out/2021/11/05/d217da034ad8d3753ccc6d5b4d727131.jpg",
    "second_img": "https://s01.riotpixels.net/data/45/45/454577d9-3a25-40d3-9d22-fe7fe992458d.jpg.240p.jpg",
    "body": "<div ><h2>Deep Rock Galactic \u2013 v1.35.63118 (Season 01: Rival Incursion Update) + 6 DLCs</h2><p ><div><a target=\"_blank\" href=\"https://en.riotpixels.com/games/deep-rock-galactic/\" rel=\"noopener\"><img class=\"alignleft\" width=\"150\" src=\"https://i2.imageban.ru/out/2021/11/05/d217da034ad8d3753ccc6d5b4d727131.jpg\"></a></div><br>Genres/Tags: <strong>Action, Shooter, First-person, 3D</strong><br>Companies: <strong>Ghost Ship Games, Coffee Stain Studios</strong><br>Languages: <strong>RUS/ENG/MULTI15</strong><br>Original Size: <strong>2 GB</strong><br>Repack Size: <strong>1.4 GB</strong></p>&nbsp;<div>&nbsp;</div><h3>Download Mirrors</h3><ul><li><a href=\"813F05CD9974FFBF053A90425AAFF075AC256907&amp;dn=Deep+Rock+Galactic%3A+Deluxe+Edition+%28v1.35.63118+%2B+6+DLCs%2C+MULTi15%29+%5BFitGirl+Repack%5D&amp;tr=udp%3A%2F%2F46.148.18.250%3A2710&amp;tr=udp%3A%2F%2Fopentor.org%3A2710&amp;tr=udp%3A%2F%2Ftracker.coppersurfer.tk%3A6969%2Fannounce&amp;tr=udp%3A%2F%2Ftracker.opentrackr.org%3A1337%2Fannounce&amp;tr=http%3A%2F%2Ftracker.dler.org%3A6969%2Fannounce&amp;tr=udp%3A%2F%2Ftracker.leechers-paradise.org%3A6969%2Fannounce&amp;tr=udp%3A%2F%2F9.rarbg.me%3A2730%2Fannounce&amp;tr=udp%3A%2F%2F9.rarbg.to%3A2770%2Fannounce&amp;tr=udp%3A%2F%2Ftracker.pirateparty.gr%3A6969%2Fannounce&amp;tr=http%3A%2F%2Fretracker.local%2Fannounce&amp;tr=http%3A%2F%2Fretracker.ip.ncnet.ru%2Fannounce&amp;tr=udp%3A%2F%2Fexodus.desync.com%3A6969%2Fannounce&amp;tr=udp%3A%2F%2Fipv4.tracker.harry.lu%3A80%2Fannounce&amp;tr=udp%3A%2F%2Fopen.stealth.si%3A80%2Fannounce&amp;tr=udp%3A%2F%2Ftracker.zer0day.to%3A1337%2Fannounce&amp;tr=udp%3A%2F%2Ftracker.leechers-paradise.org%3A6969%2Fannounce&amp;tr=udp%3A%2F%2Fcoppersurfer.tk%3A6969%2Fannounce\" target=\"_blank\" rel=\"noopener\">1337x</a> | [<a href=\"magnet:?xt=urn:btih:813F05CD9974FFBF053A90425AAFF075AC256907&amp;dn=Deep+Rock+Galactic%3A+Deluxe+Edition+%28v1.35.63118+%2B+6+DLCs%2C+MULTi15%29+%5BFitGirl+Repack%5D&amp;tr=udp%3A%2F%2F46.148.18.250%3A2710&amp;tr=udp%3A%2F%2Fopentor.org%3A2710&amp;tr=udp%3A%2F%2Ftracker.coppersurfer.tk%3A6969%2Fannounce&amp;tr=udp%3A%2F%2Ftracker.opentrackr.org%3A1337%2Fannounce&amp;tr=http%3A%2F%2Ftracker.dler.org%3A6969%2Fannounce&amp;tr=udp%3A%2F%2Ftracker.leechers-paradise.org%3A6969%2Fannounce&amp;tr=udp%3A%2F%2F9.rarbg.me%3A2730%2Fannounce&amp;tr=udp%3A%2F%2F9.rarbg.to%3A2770%2Fannounce&amp;tr=udp%3A%2F%2Ftracker.pirateparty.gr%3A6969%2Fannounce&amp;tr=http%3A%2F%2Fretracker.local%2Fannounce&amp;tr=http%3A%2F%2Fretracker.ip.ncnet.ru%2Fannounce&amp;tr=udp%3A%2F%2Fexodus.desync.com%3A6969%2Fannounce&amp;tr=udp%3A%2F%2Fipv4.tracker.harry.lu%3A80%2Fannounce&amp;tr=udp%3A%2F%2Fopen.stealth.si%3A80%2Fannounce&amp;tr=udp%3A%2F%2Ftracker.zer0day.to%3A1337%2Fannounce&amp;tr=udp%3A%2F%2Ftracker.leechers-paradise.org%3A6969%2Fannounce&amp;tr=udp%3A%2F%2Fcoppersurfer.tk%3A6969%2Fannounce\">magnet</a>] [<a href=\"https://pastefg.hermietkreeft.site/?fccf4e3faee8d88e#5rAaAdz1HX4NumeWBSXu5K2F3vaoQVYoP3baMkm1mYEw\" target=\"_blank\" rel=\"noopener\">.torrent file only</a>] <br><img src=\"https://torrent-stats.info/9042/29de02a46.png\" style=\"display:block;clear:both\"></li><li><a href=\"http://rutor.info/torrent/843821/deep-rock-galactic-deluxe-edition-v-1.35.63118-dlcs-2018-pc-repack-ot-fitgirl\" target=\"_blank\" rel=\"noopener\">RuTor</a> [<a href=\"magnet:?xt=urn:btih:813f05cd9974ffbf053a90425aaff075ac256907&amp;dn=rutor.info_Deep+Rock+Galactic%3A+Deluxe+Edition+%5Bv+1.35.63118+%2B+DLCs%5D+%282018%29+PC+%7C+RePack+%D0%BE%D1%82+FitGirl&amp;tr=udp://opentor.net:6969&amp;tr=udp://opentor.org:2710&amp;tr=http://retracker.local/announce\">magnet</a>]</li><li><a href=\"https://tapochek.net/viewtopic.php?p=2809869\" target=\"_blank\" rel=\"noopener\">Tapochek.net</a></li><li><a href=\"https://pastefg.hermietkreeft.site/?58ad43f60398ea25#3KYKnJjs2JqoGtd4RqZ2FxqfGogciH9dsdDsqQbJYM9i\" target=\"_blank\" rel=\"noopener\">Filehoster: MultiUpload</a> (10+ hosters, interchangeable) [Use <a href=\"http://jdownloader.org/jdownloader2\" target=\"_blank\" rel=\"noopener\">JDownloader2</a>]</li><li><a href=\"https://pastefg.hermietkreeft.site/?feb06976e22cf583#ExRiTgMaeTK7dR8VkLXVwX3Cd3zkaML9kJkt3prtuA3V\" target=\"_blank\" rel=\"noopener\">Filehoster: PixelDrain</a></li><li><a href=\"https://pastefg.hermietkreeft.site/?fec5ea775e813ed1#JAgJkF1tfphCczhyNGx1EZHQEAE9K1SqCwjNuJ5a9bZG\" target=\"_blank\" rel=\"noopener\">Filehoster: ZippyShare</a></li><li><a href=\"https://pastefg.hermietkreeft.site/?f3430803d5e964ea#wdqCdkd7r1WvQbQmvt7Ay3wfk8SjhSNHJf7Fae7qgRV\" target=\"_blank\" rel=\"noopener\">Filehoster: BayFiles</a></li><li><a href=\"https://pastefg.hermietkreeft.site/?99886928e4264735#7JhvboEbKCExmUQdDaSbgN9bUvHTkKWmCJj156iovUzt\" target=\"_blank\" rel=\"noopener\">Filehoster: LetsUpload</a> [Use <a href=\"http://jdownloader.org/jdownloader2\" target=\"_blank\" rel=\"noopener\">JDownloader2</a>]</li><li><a href=\"https://pastefg.hermietkreeft.site/?a512bd2624540984#DF6vtE7363QR5LvXWrVoi4ZiEryTYpkke4uGdg9hMyJp\" target=\"_blank\" rel=\"noopener\">Filehoster: OneDrive</a> (Uploaded by DyR0 t(-_-t), NOT compatible with other mirrors)</li><p><!--  <li><a href=\"\" target=\"_blank\" rel=\"noopener\">Filehosters: Google Drive, OneDrive + others</a> (Uploaded by crackhub213)</li>  --></p></ul><p><a href=\"https://cs.rin.ru/forum/viewtopic.php?f=10&amp;t=81377\" target=\"_blank\" rel=\"noopener\">Discussion and (possible) future updates on CS.RIN.RU thread</a></p><h3>Screenshots (Click to enlarge)</h3><p><a target=\"_blank\" href=\"https://en.riotpixels.com/games/deep-rock-galactic/screenshots/42/?utm_source=emb-gfx-html&amp;utm_medium=image&amp;utm_campaign=rp-mass\" rel=\"noopener\"><img loading=\"lazy\" width=\"178\" height=\"100\" border=\"0\" src=\"https://s01.riotpixels.net/data/45/45/454577d9-3a25-40d3-9d22-fe7fe992458d.jpg.240p.jpg\"></a><a target=\"_blank\" href=\"https://en.riotpixels.com/games/deep-rock-galactic/screenshots/35/?utm_source=emb-gfx-html&amp;utm_medium=image&amp;utm_campaign=rp-mass\" rel=\"noopener\"><img loading=\"lazy\" width=\"178\" height=\"100\" border=\"0\" src=\"https://s01.riotpixels.net/data/b0/33/b033c82d-aaf3-418b-add3-8a6769945d03.jpg.240p.jpg\"></a><a target=\"_blank\" href=\"https://en.riotpixels.com/games/deep-rock-galactic/screenshots/29/?utm_source=emb-gfx-html&amp;utm_medium=image&amp;utm_campaign=rp-mass\" rel=\"noopener\"><img loading=\"lazy\" width=\"178\" height=\"100\" border=\"0\" src=\"https://s01.riotpixels.net/data/b3/de/b3de81de-c8da-40fd-8c5a-abe99b7802dc.jpg.240p.jpg\"></a><br><a target=\"_blank\" href=\"https://en.riotpixels.com/games/deep-rock-galactic/screenshots/26/?utm_source=emb-gfx-html&amp;utm_medium=image&amp;utm_campaign=rp-mass\" rel=\"noopener\"><img loading=\"lazy\" width=\"178\" height=\"100\" border=\"0\" src=\"https://s01.riotpixels.net/data/1e/da/1eda567a-82a2-4222-a979-03d629e4cdaf.jpg.240p.jpg\"></a><a target=\"_blank\" href=\"https://en.riotpixels.com/games/deep-rock-galactic/screenshots/25/?utm_source=emb-gfx-html&amp;utm_medium=image&amp;utm_campaign=rp-mass\" rel=\"noopener\"><img loading=\"lazy\" width=\"178\" height=\"100\" border=\"0\" src=\"https://s01.riotpixels.net/data/70/bf/70bfc74e-9676-4668-a0eb-6867b92591f8.jpg.240p.jpg\"></a><a target=\"_blank\" href=\"https://en.riotpixels.com/games/deep-rock-galactic/screenshots/6/?utm_source=emb-gfx-html&amp;utm_medium=image&amp;utm_campaign=rp-mass\" rel=\"noopener\"><img loading=\"lazy\" width=\"178\" height=\"100\" border=\"0\" src=\"https://s01.riotpixels.net/data/36/37/3637f773-ff0d-48d3-904d-db00c77e9ca6.jpg.240p.jpg\"></a></p><h3>Repack Features</h3><ul><li>Based on Deep.Rock.Galactic.Rival.Incursion-CODEX ISO release: codex-deep.rock.galactic.rival.incursion.iso (2,150,596,608 bytes)</li><li>Game version is v1.35.63118 (Season 01: Rival Incursion Update), 6 DLCs are included and activated</li><li>100% Lossless &amp; MD5 Perfect: all files are identical to originals after installation</li><li>NOTHING ripped, NOTHING re-encoded</li><li>Smaller archive size (compressed from 2 to 1.4 GB)</li><li>Installation takes 1-2 minutes</li><li>After-install integrity check so you could make sure that everything installed properly</li><li>HDD space after installation: 2.3 GB</li><li>Language can be changed in game settings</li><li>Repack uses XTool library by Razor12911</li><li>At least 2 GB of free RAM (inc. virtual) required for installing this repack</li></ul><div ><div><h2>Game Description</h2></div><div >Deep Rock Galactic is a 1-4 player co-op FPS featuring badass space Dwarves, 100% destructible environments, procedurally-generated caves, and endless hordes of alien monsters.<p>1-4 PLAYER CO-OP<br>Work together as a team to dig, explore, and fight your way through a massive cave system filled with hordes of deadly enemies and valuable resources. You will need to rely on your teammates if you want to survive the most hostile cave systems in the galaxy!</p><p>4 UNIQUE CLASSES<br>Pick the right class for the job. Mow through enemies as the Gunner, scout ahead and light up the caves as the Scout, chew through solid rock as the Driller, or support the team with defensive structures and turrets as the Engineer.</p><p>FULLY DESTRUCTIBLE ENVIRONMENTS<br>Destroy everything around you to reach your goal. There is no set path so you can complete your mission your way. Drill straight down to your objective or build an intricate network of paths to explore your surroundings \u2014 the choice is yours. But proceed with caution, you don\u2019t want to stumble into an alien swarm unprepared!</p><p><b>Included DLCs</b></p><ul><li>Supporter Upgrade</li><li>Dark Future Pack</li><li>MegaCorp Pack</li><li>Roughneck Pack</li><li>Dawn of the Dread Pack</li><li>Rival Tech Pack</li></ul></div></div><p><b>Backwards Compatibility</b></p><p>This repack is NOT backwards compatible with my previous DRG repacks.</p>             </div>"
}