{
    "link": "https://fitgirl-repacks.site/defend-the-rook/",
    "title": "Defend the Rook \u2013 v1.02",
    "first_img": "https://i7.imageban.ru/out/2021/10/30/a3b705a9fac8d45c0af301bb8d6739ed.jpg",
    "second_img": "https://s01.riotpixels.net/data/59/cc/59cc2925-303d-4fcf-a586-3991ad334e8c.jpg.240p.jpg",
    "body": "<div ><h2>Defend the Rook \u2013 v1.02</h2><p ><div><a target=\"_blank\" href=\"https://en.riotpixels.com/games/defend-the-rook/\" rel=\"noopener\"><img class=\"alignleft\" width=\"150\" src=\"https://i7.imageban.ru/out/2021/10/30/a3b705a9fac8d45c0af301bb8d6739ed.jpg\"></a></div><br>Genres/Tags: <strong>Strategy, Tactics, Tower defense, Turn-based, Isometric, Roguelike, 2D</strong><br>Companies: <strong>One Up Plus, Goblinz Publishing, Maple Whispering Limited</strong><br>Languages: <strong>RUS/ENG/MULTI8</strong><br>Original Size: <strong>483 MB</strong><br>Repack Size: <strong>291 MB</strong></p>&nbsp;<div>&nbsp;</div><h3>Download Mirrors</h3><ul><li><a href=\"https://1337x.to/torrent/5034564/Defend-the-Rook-v1-02-MULTi8-FitGirl-Repack/\" target=\"_blank\" rel=\"noopener\">1337x</a> | [<a href=\"magnet:?xt=urn:btih:9749FCCC4BEF7A1C2F253E13020544E251F4B79A&amp;dn=Defend+the+Rook+%28v1.02%2C+MULTi8%29+%5BFitGirl+Repack%5D&amp;tr=udp%3A%2F%2F46.148.18.250%3A2710&amp;tr=udp%3A%2F%2Fopentor.org%3A2710&amp;tr=udp%3A%2F%2Ftracker.coppersurfer.tk%3A6969%2Fannounce&amp;tr=udp%3A%2F%2Ftracker.opentrackr.org%3A1337%2Fannounce&amp;tr=http%3A%2F%2Ftracker.dler.org%3A6969%2Fannounce&amp;tr=udp%3A%2F%2Ftracker.leechers-paradise.org%3A6969%2Fannounce&amp;tr=udp%3A%2F%2F9.rarbg.me%3A2730%2Fannounce&amp;tr=udp%3A%2F%2F9.rarbg.to%3A2770%2Fannounce&amp;tr=udp%3A%2F%2Ftracker.pirateparty.gr%3A6969%2Fannounce&amp;tr=http%3A%2F%2Fretracker.local%2Fannounce&amp;tr=http%3A%2F%2Fretracker.ip.ncnet.ru%2Fannounce&amp;tr=udp%3A%2F%2Fexodus.desync.com%3A6969%2Fannounce&amp;tr=udp%3A%2F%2Fipv4.tracker.harry.lu%3A80%2Fannounce&amp;tr=udp%3A%2F%2Fopen.stealth.si%3A80%2Fannounce&amp;tr=udp%3A%2F%2Ftracker.zer0day.to%3A1337%2Fannounce&amp;tr=udp%3A%2F%2Ftracker.leechers-paradise.org%3A6969%2Fannounce&amp;tr=udp%3A%2F%2Fcoppersurfer.tk%3A6969%2Fannounce\">magnet</a>] [<a href=\"https://pastefg.hermietkreeft.site/?42abdf315370fb90#138sLbQmSqKguUietyGiU31Gr2mC6EzCwyKCFy89XEeG\" target=\"_blank\" rel=\"noopener\">.torrent file only</a>] <br><img src=\"https://torrent-stats.info/3e13/11fb38ba6.png\" style=\"display:block;clear:both\"></li><li><a href=\"http://rutor.info/torrent/842369/defend-the-rook-v-1.02-2021-pc-repack-ot-fitgirl\" target=\"_blank\" rel=\"noopener\">RuTor</a> [<a href=\"magnet:?xt=urn:btih:9749fccc4bef7a1c2f253e13020544e251f4b79a&amp;dn=rutor.info_Defend+the+Rook+%5Bv+1.02%5D+%282021%29+PC+%7C+RePack+%D0%BE%D1%82+FitGirl&amp;tr=udp://opentor.net:6969&amp;tr=udp://opentor.org:2710&amp;tr=http://retracker.local/announce\">magnet</a>]</li><li><a href=\"https://tapochek.net/viewtopic.php?p=2808676\" target=\"_blank\" rel=\"noopener\">Tapochek.net</a></li><li><a href=\"https://pastefg.hermietkreeft.site/?f6f1d99fcc604031#4E6w9V5z5FzGuin3yB7MAAzxJJW2hJYT87VqYH44Cwrb\" target=\"_blank\" rel=\"noopener\">Filehoster: MultiUpload</a> (10+ hosters, interchangeable) [Use <a href=\"http://jdownloader.org/jdownloader2\" target=\"_blank\" rel=\"noopener\">JDownloader2</a>]</li><li><a href=\"https://pastefg.hermietkreeft.site/?08c3d9a574b58d95#CkL7x5AewkL37Gtva3S2pKM5efBZXc7Hafzfmmcn3c2Z\" target=\"_blank\" rel=\"noopener\">Filehoster: PixelDrain</a></li><li><a href=\"https://pastefg.hermietkreeft.site/?349554b3ab27fda8#3vprWzdsiikg5KZHn5XaARztpFjfMvdM36DW91GaobBA\" target=\"_blank\" rel=\"noopener\">Filehoster: ZippyShare</a></li><li><a href=\"https://pastefg.hermietkreeft.site/?a527034f5b408526#6tPCapWQB2LUoS2VQiFMupVoDTEtNbVeFZJSgjAAnbDh\" target=\"_blank\" rel=\"noopener\">Filehoster: BayFiles</a></li><li><a href=\"https://pastefg.hermietkreeft.site/?1e8bf6b1a749e27e#DRf6ueYg65xAxWvFpbgZvJqCZUpD4bLN2mZkT64XkNKL\" target=\"_blank\" rel=\"noopener\">Filehoster: LetsUpload</a> [Use <a href=\"http://jdownloader.org/jdownloader2\" target=\"_blank\" rel=\"noopener\">JDownloader2</a>]</li><li><a href=\"https://pastefg.hermietkreeft.site/?29da29af6b00591c#YcqA52XKoEKfASd2b3xMthMpSYDFohdWLJmrz9MY1Mn\" target=\"_blank\" rel=\"noopener\">Filehoster: OneDrive</a> (Uploaded by DyR0 t(-_-t), NOT compatible with other mirrors)</li><p><!--  <li><a href=\"\" target=\"_blank\" rel=\"noopener\">Filehosters: Google Drive, OneDrive + others</a> (Uploaded by crackhub213)</li>  --></p></ul><p><a href=\"https://cs.rin.ru/forum/viewtopic.php?f=10&amp;t=112127\" target=\"_blank\" rel=\"noopener\">Discussion and (possible) future updates on CS.RIN.RU thread</a></p><h3>Screenshots (Click to enlarge)</h3><p><a target=\"_blank\" href=\"https://en.riotpixels.com/games/defend-the-rook/screenshots/7/?utm_source=emb-gfx-html&amp;utm_medium=image&amp;utm_campaign=rp-mass\" rel=\"noopener\"><img loading=\"lazy\" width=\"178\" height=\"100\" border=\"0\" src=\"https://s01.riotpixels.net/data/59/cc/59cc2925-303d-4fcf-a586-3991ad334e8c.jpg.240p.jpg\"></a><a target=\"_blank\" href=\"https://en.riotpixels.com/games/defend-the-rook/screenshots/6/?utm_source=emb-gfx-html&amp;utm_medium=image&amp;utm_campaign=rp-mass\" rel=\"noopener\"><img loading=\"lazy\" width=\"178\" height=\"100\" border=\"0\" src=\"https://s01.riotpixels.net/data/8a/f3/8af340e2-9c44-4d08-897c-19873768c5d6.jpg.240p.jpg\"></a><a target=\"_blank\" href=\"https://en.riotpixels.com/games/defend-the-rook/screenshots/5/?utm_source=emb-gfx-html&amp;utm_medium=image&amp;utm_campaign=rp-mass\" rel=\"noopener\"><img loading=\"lazy\" width=\"178\" height=\"100\" border=\"0\" src=\"https://s01.riotpixels.net/data/c3/ac/c3ac6ea4-96e8-4927-bbc6-b283ae1fd24b.jpg.240p.jpg\"></a><br><a target=\"_blank\" href=\"https://en.riotpixels.com/games/defend-the-rook/screenshots/4/?utm_source=emb-gfx-html&amp;utm_medium=image&amp;utm_campaign=rp-mass\" rel=\"noopener\"><img loading=\"lazy\" width=\"178\" height=\"100\" border=\"0\" src=\"https://s01.riotpixels.net/data/cc/39/cc399c91-2ffd-4c09-9595-d7210210a93d.jpg.240p.jpg\"></a><a target=\"_blank\" href=\"https://en.riotpixels.com/games/defend-the-rook/screenshots/3/?utm_source=emb-gfx-html&amp;utm_medium=image&amp;utm_campaign=rp-mass\" rel=\"noopener\"><img loading=\"lazy\" width=\"178\" height=\"100\" border=\"0\" src=\"https://s01.riotpixels.net/data/d8/4e/d84e1cd5-0a5d-45e1-a6c1-2ec83b405e7a.jpg.240p.jpg\"></a><a target=\"_blank\" href=\"https://en.riotpixels.com/games/defend-the-rook/screenshots/1/?utm_source=emb-gfx-html&amp;utm_medium=image&amp;utm_campaign=rp-mass\" rel=\"noopener\"><img loading=\"lazy\" width=\"178\" height=\"100\" border=\"0\" src=\"https://s01.riotpixels.net/data/a9/8c/a98c3da0-b629-47e7-8abb-88ab0ddb514c.jpg.240p.jpg\"></a></p><h3>Repack Features</h3><ul><li>Based on Defend_The_Rook-Razor1911 ISO release: rzr-defendtherook.iso (506,200,064 bytes)</li><li>100% Lossless &amp; MD5 Perfect: all files are identical to originals after installation</li><li>NOTHING ripped, NOTHING re-encoded</li><li>Significantly smaller archive size (compressed from 483 to 291 MB)</li><li>Installation takes half-a-minute</li><li>After-install integrity check so you could make sure that everything installed properly</li><li>HDD space after installation: 2.5 GB</li><li>Language can be changed in game settings</li><li>At least 2 GB of free RAM (inc. virtual) required for installing this repack</li></ul><div ><div><h2>Game Description</h2></div><div >A roguelike tactics board combat combined with tower defense elements. Defeat the invading hordes to stay alive and save the land!<p><b>Deploy your heroes to outsmart the enemy!</b><br>Enjoy more tactics than your average TD game, whilst fighting through waves of enemies.</p><p>Turn the tables on the invaders with the aid of devastating spells! Overcome the odds and outsmart the enemy.</p><p><b>Build and upgrade your towers to survive the onslaught!</b><br>To survive you\u2019ll need to utilize more than just your heroes wit and prowess! Careful placement of towers and upgrades will be necessary to ensure victory.</p><p><b>Place traps and barricades to defend your castle!</b><br>Use these wisely to funnel and confuse the invaders. Wreak havoc amongst their ranks and break up their carefully manicured ranks!</p><p><b>Become a champion to save the kingdom!</b></p><p>Do you have what it takes to save the land? Jump right in and enjoy a set of procedurally generated roguelike turn-based battles like no other! Every battle fought is unique.</p></div></div>             </div>"
}