{
    "link": null,
    "title": "Demon\u2019s Souls: Black Phantom Edition + RPCS3 Emu + Essential Mods + Multiplayer",
    "first_img": "https://i1.imageban.ru/out/2021/08/08/ae63235823d6366957a82038cbb05f28.jpg",
    "second_img": [],
    "body": "<div ><h2>Demon\u2019s Souls: Black Phantom Edition + RPCS3 Emu + Essential Mods + Multiplayer</h2><p ><div><a target=\"_blank\" href=\"https://en.riotpixels.com/games/demons-souls-i-2009/\" rel=\"noopener\"><img class=\"alignleft\" width=\"150\" src=\"https://i1.imageban.ru/out/2021/08/08/ae63235823d6366957a82038cbb05f28.jpg\"></a></div><br>Genres/Tags: <strong>RPG, Action RPG, Survival, Third-person, 3D</strong><br>Companies: <strong>From Software, Atlus U.S.A.</strong><br>Languages: <strong>RUS/ENG/MULTI6</strong><br>Original Size: <strong>9.5 GB</strong><br>Repack Size: <strong>from 3.2 GB</strong> [Selective Download]</p>&nbsp;<div>&nbsp;</div><h3>Download Mirrors</h3><ul><li><a href=\"https://1337x.to/torrent/4946440/Demon-s-Souls-Black-Phantom-Edition-RPCS3-Emu-Essential-Mods-Multiplayer-MULTi6-FitGirl-Repack-Selective-Download-from-3-2-GB/\" target=\"_blank\" rel=\"noopener\">1337x</a> | [<a href=\"magnet:?xt=urn:btih:41390D09A984E840419E5BD4875FCE98F3A494F0&amp;dn=Demon%26rsquo%3Bs+Souls%3A+Black+Phantom+Edition+%28%2B+RPCS3+Emu+%2B+Essential+Mods+%2B+Multiplayer%2C+MULTi6%29+%5BFitGirl+Repack%2C+Selective+Download+-+from+3.2+GB%5D&amp;tr=udp%3A%2F%2F46.148.18.250%3A2710&amp;tr=udp%3A%2F%2Fopentor.org%3A2710&amp;tr=udp%3A%2F%2Ftracker.coppersurfer.tk%3A6969%2Fannounce&amp;tr=udp%3A%2F%2Ftracker.opentrackr.org%3A1337%2Fannounce&amp;tr=http%3A%2F%2Ftracker.dler.org%3A6969%2Fannounce&amp;tr=udp%3A%2F%2Ftracker.leechers-paradise.org%3A6969%2Fannounce&amp;tr=udp%3A%2F%2F9.rarbg.me%3A2730%2Fannounce&amp;tr=udp%3A%2F%2F9.rarbg.to%3A2770%2Fannounce&amp;tr=udp%3A%2F%2Ftracker.pirateparty.gr%3A6969%2Fannounce&amp;tr=http%3A%2F%2Fretracker.local%2Fannounce&amp;tr=http%3A%2F%2Fretracker.ip.ncnet.ru%2Fannounce&amp;tr=udp%3A%2F%2Fexodus.desync.com%3A6969%2Fannounce&amp;tr=udp%3A%2F%2Fipv4.tracker.harry.lu%3A80%2Fannounce&amp;tr=udp%3A%2F%2Fopen.stealth.si%3A80%2Fannounce&amp;tr=udp%3A%2F%2Ftracker.zer0day.to%3A1337%2Fannounce&amp;tr=udp%3A%2F%2Ftracker.leechers-paradise.org%3A6969%2Fannounce&amp;tr=udp%3A%2F%2Fcoppersurfer.tk%3A6969%2Fannounce\">magnet</a>] [<a href=\"https://pastefg.hermietkreeft.site/?1010360dc8da6d77#HRYHq1e6ssCiN6rSD9zmySNh4418aSpPstiMueJH2ew2\" target=\"_blank\" rel=\"noopener\">.torrent file only</a>] <br><img src=\"https://torrent-stats.info/5bd4/1a0e34ae4.png\" style=\"display:block;clear:both\"></li><li><a href=\"http://rutor.info/torrent/828925/demon%E2%80%99s-souls-black-phantom-edition-rpcs3-emu-mods-multiplayer-2009-pc-repack-ot-fitgirl\" target=\"_blank\" rel=\"noopener\">RuTor</a> [<a href=\"magnet:?xt=urn:btih:41390d09a984e840419e5bd4875fce98f3a494f0&amp;dn=rutor.info_Demon%E2%80%99s+Souls%3A+Black+Phantom+Edition+%5B%2B+RPCS3+Emu+%2B+Mods+%2B+Multiplayer%5D+%282009%29+PC+%7C+RePack+%D0%BE%D1%82+FitGirl&amp;tr=udp://opentor.org:2710&amp;tr=udp://opentor.org:2710&amp;tr=http://retracker.local/announce\">magnet</a>]</li><li><a href=\"https://tapochek.net/viewtopic.php?p=2793502\" target=\"_blank\" rel=\"noopener\">Tapochek.net</a></li><li><a href=\"https://pastefg.hermietkreeft.site/?68d0a5bc9693f4e2#ATNnePLdpUH5GbL9J3wjgr4KfDMSd7hLruPZMGR7T6LG\" target=\"_blank\" rel=\"noopener\">Filehoster: MultiUpload</a> (10+ hosters, interchangeable) [Use <a href=\"http://jdownloader.org/jdownloader2\" target=\"_blank\" rel=\"noopener\">JDownloader2</a>]</li><li><a href=\"https://pastefg.hermietkreeft.site/?e73c7a1add5a3d80#K4Mi3eqCn355xNYm7MEcEuwhdFK7GmFVAey2fvvxqLh\" target=\"_blank\" rel=\"noopener\">Filehoster: PixelDrain</a></li><li><a href=\"https://pastefg.hermietkreeft.site/?d860f2c1573af33b#FLgmZByZSiVtL9fZTWku978Dwaw5ooeuBkyFZg9ZnwCN\" target=\"_blank\" rel=\"noopener\">Filehoster: ZippyShare</a></li><li><a href=\"https://pastefg.hermietkreeft.site/?a596bdd6a485604d#B8kU8wGez5DthoQG3uRbA2x2HiA7dVL3ZMGFA94Wenza\" target=\"_blank\" rel=\"noopener\">Filehoster: LetsUpload</a> [Use <a href=\"http://jdownloader.org/jdownloader2\" target=\"_blank\" rel=\"noopener\">JDownloader2</a>]</li><li><a href=\"https://crackhub.site/demons-souls-black-phantom-edition-rpcs3-emu-essential-mods-multiplayer-fitgirl-repack/\" target=\"_blank\" rel=\"noopener\">Filehosters: Google Drive, OneDrive + others</a> (Uploaded by crackhub213)</li><li><a href=\"https://pastefg.hermietkreeft.site/?88472a9287837b14#2BuWhjr6bg8HYwBFoUCKY7bKPbeqJ9Pk3kv8LcWt6Vpw\" target=\"_blank\" rel=\"noopener\">Filehoster: OneDrive</a> (Uploaded by DyR0 t(-_-t), NOT compatible with other mirrors)</li></ul><h3>Screenshots (Click to enlarge)</h3><p><a target=\"_blank\" href=\"https://en.riotpixels.com/games/demons-souls-i-2009/screenshots/37/?utm_source=emb-gfx-html&amp;utm_medium=image&amp;utm_campaign=rp-mass\" rel=\"noopener\"><img loading=\"lazy\" width=\"178\" height=\"100\" border=\"0\" src=\"https://s01.riotpixels.net/data/af/99/af9914dd-33a5-419f-862b-49cdb180349f.jpg.240p.jpg\"></a><a target=\"_blank\" href=\"https://en.riotpixels.com/games/demons-souls-i-2009/screenshots/13/?utm_source=emb-gfx-html&amp;utm_medium=image&amp;utm_campaign=rp-mass\" rel=\"noopener\"><img loading=\"lazy\" width=\"178\" height=\"100\" border=\"0\" src=\"https://s01.riotpixels.net/data/e6/46/e6464b98-39fc-4bcf-ae2f-9736f46ed58f.jpg.240p.jpg\"></a><a target=\"_blank\" href=\"https://en.riotpixels.com/games/demons-souls-i-2009/screenshots/10/?utm_source=emb-gfx-html&amp;utm_medium=image&amp;utm_campaign=rp-mass\" rel=\"noopener\"><img loading=\"lazy\" width=\"178\" height=\"100\" border=\"0\" src=\"https://s01.riotpixels.net/data/b2/ea/b2ea3d58-4651-4896-909f-4ba70bf4f6db.jpg.240p.jpg\"></a><br><a target=\"_blank\" href=\"https://en.riotpixels.com/games/demons-souls-i-2009/screenshots/9/?utm_source=emb-gfx-html&amp;utm_medium=image&amp;utm_campaign=rp-mass\" rel=\"noopener\"><img loading=\"lazy\" width=\"178\" height=\"100\" border=\"0\" src=\"https://s01.riotpixels.net/data/a2/3f/a23f4a63-4c8e-4249-ba8f-c4af186928a1.jpg.240p.jpg\"></a><a target=\"_blank\" href=\"https://en.riotpixels.com/games/demons-souls-i-2009/screenshots/5/?utm_source=emb-gfx-html&amp;utm_medium=image&amp;utm_campaign=rp-mass\" rel=\"noopener\"><img loading=\"lazy\" width=\"178\" height=\"100\" border=\"0\" src=\"https://s01.riotpixels.net/data/b3/db/b3db57ea-71f6-4082-9753-98c64144f441.jpg.240p.jpg\"></a><a target=\"_blank\" href=\"https://en.riotpixels.com/games/demons-souls-i-2009/screenshots/3/?utm_source=emb-gfx-html&amp;utm_medium=image&amp;utm_campaign=rp-mass\" rel=\"noopener\"><img loading=\"lazy\" width=\"178\" height=\"100\" border=\"0\" src=\"https://s01.riotpixels.net/data/fb/85/fb853dc8-49a4-4ebf-a323-c37cfcdcb7bb.jpg.240p.jpg\"></a></p><h3>Repack Features</h3><ul><li>Based on PS3 European BLES00932 ISO release: 8.4 GB</li><li>Bonus game guides (Official + Strategy) and soundtrack in MP3 320 KBPs added, 204 MB total</li><li>A few essential game mods (80 MB) are available in _MODS folder after installation</li><li>Optional Russian localization by Alliance (605 MB) added</li><li>PS3 Firmware v4.88 (197 MB) added</li><li>RPCS3 v0.0.17-12614 emulator with built-in updater included, so you can always keep the emu in the fresh condition</li><li>Three patches activated by default: FPS unlock, Disable Dynamic Exposure, Skip Intro Videos. 2 more patches are available for activating</li><li>100% Lossless &amp; MD5 Perfect: all files are identical to originals after installation</li><li>NOTHING ripped, NOTHING re-encoded</li><li>Selective Download feature: you may skip downloading and installing of bonus content and Russian localization</li><li>Significantly smaller archive size (compressed from cumulative 9.5 to 3.2~3.8 GB, depending on selected components)</li><li>Installation takes 3-5 minutes (depending on your system and selected components)</li><li>After-install integrity check so you could make sure that everything installed properly</li><li>HDD space after installation: up to 8.7 GB</li><li>After installing MULTi5 (non-Russian) version of the game language can be changed in emulator settings (RMB on game title \u2013&gt; Change Custom Configuration \u2013&gt; System \u2013&gt; Console Language)</li><li>By default some PS controller buttons are mapped to mouse, so you could play the game as any PC third-person slasher</li><li>By default the game runs in native 720p resolution, which you can increase in emu settings at cost of perfomance hit</li><li>If you have perfomance issues with configuring the emulator, use presets from \u201c_Low Level Config\u201d and \u201c_Mid Level Config\u201d folders</li><li>Some emulator settings are CPU-dependant, so you should check them all and adjust accordingly to your configuration</li><li>This repack combined with RPCS3 supports multiplayer on PC, check instructions here: <a href=\"https://thearchstones.com/serverinfo.html\" rel=\"noopener\" target=\"_blank\">https://thearchstones.com/serverinfo.html</a></li><li>Repack uses XTool library by Razor12911</li><li>At least 2 GB of free RAM (inc. virtual) required for installing this repack</li></ul><div ><div><h2>Game Description</h2></div><div ><p>Beautiful, compelling, and at times unforgiving, Demon\u2019s Souls is the hardcore RPG experience PS3 owners have been waiting for since the platform\u2019s launch. Revolutionary online features define your adventure like never before, presenting seamless interconnectivity that serves in every instance to enhance the single-player game. Unprecedented in its depth and subtlety, peerless in its relentlessly challenging gameplay, Demon\u2019s Souls is the ultimate action RPG.</p><p><b><h3>Game Features</h3></b></p><ul><li>Ultimate hardcore RPG challenge</li><li>In this brutal land, death is inevitable, but not final. Combining the best features of an action game and RPG, you\u2019ll slice, smash, shoot, and cast magic against some of the most horrible, vicious enemies ever encountered. Are you strong enough to face up to the impossible and win?</li><li>Ground-breaking online capabilities \u2013 Network features go far beyond any previous RPG, allowing players to leave hints for each other, replay death scenes, cooperatively revive dead players, or invade and wreak havoc in another\u2019s game. Not merely an add-on feature, multiplayer options are vast, and uniquely focused on changing and intensifying the single player experience.</li><li>Freeform and flexible</li><li>The open-ended structure of the game means that there is no single path, but rather a wealth of options. Set your own pace and progress as you like. Build exactly the character you want by creating a detailed avatar, nurturing the right stats, and customizing your skills and equipment.\u201d</li></ul><p><b>Included Quality-of-Life Mods</b></p><ul><li>Gray Outline Removal (removes visible gray lines around some GUI elements when played with upscaling)</li><li>HD Font (replaces original font with it\u2019s HD version, which is better for modern resolutions)</li><li>Lens Flare Disable (disables lens flare and DoF effects)</li><li>Lens Flare &amp; Bloom Disabled (same as above + bloom is disabled as well)</li><li>Stats Status from DS Remake (replaces icons and prompts with their copies from 2020\u2019s PS5 version of the game)</li><li>Unofficial Patches 3 (balance and game design changes)</li><li>Xbox Icons \u2013 Standard Font (Replaces PS controller prompts with Xbox ones, making less confusuion when playing with Xbox controller)</li><li>Xbox Icons \u2013 HD Font (same as above, but with HD Font enabled)</li></ul><p>Please note, that those mods are NOT activated for a game by default. You should manually copy \u201cBLES00932\u201d folder from corresponding \u201c_MODS\u201d subfolder to activate the particular mod. Backup files are also available.</p></div></div><p><b>Cross-repack compatibility</b></p><p>If you have downloaded and still have some of my RPCS3-powered repacks, you can use fg-ps3-firmware-v4.88.bin from any of those and save 145 MB of traffic.</p>             </div>"
}