{
    "link": "https://fitgirl-repacks.site/demon-turf/",
    "title": "Demon Turf",
    "first_img": "https://i2.imageban.ru/out/2021/11/08/10127cfd2c71469244e1e13b608e7f7e.jpg",
    "second_img": "https://s01.riotpixels.net/data/68/bb/68bb4249-92c6-4dca-a20d-86d7dd6c983a.jpg.240p.jpg",
    "body": "<div ><h2>Demon Turf</h2><p ><div><a target=\"_blank\" href=\"https://en.riotpixels.com/games/demon-turf/\" rel=\"noopener\"><img class=\"alignleft\" width=\"150\" src=\"https://i2.imageban.ru/out/2021/11/08/10127cfd2c71469244e1e13b608e7f7e.jpg\"></a></div><br>Genres/Tags: <strong>Arcade, Jump and run, Third-person, 3D</strong><br>Companies: <strong>Fabraz, Playtonic Friends</strong><br>Language: <strong>ENG</strong><br>Original Size: <strong>2.7 GB</strong><br>Repack Size: <strong>1.5 GB</strong></p>&nbsp;<div>&nbsp;</div><h3>Download Mirrors</h3><ul><li><a href=\"https://1337x.to/torrent/5044844/Demon-Turf-FitGirl-Repack/\" target=\"_blank\" rel=\"noopener\">1337x</a> | [<a href=\"magnet:?xt=urn:btih:C131CD8AB6EDEBDFE457A20F55E9EEA6D664CBE7&amp;dn=Demon+Turf+%5BFitGirl+Repack%5D&amp;tr=udp%3A%2F%2F46.148.18.250%3A2710&amp;tr=udp%3A%2F%2Fopentor.org%3A2710&amp;tr=udp%3A%2F%2Ftracker.coppersurfer.tk%3A6969%2Fannounce&amp;tr=udp%3A%2F%2Ftracker.opentrackr.org%3A1337%2Fannounce&amp;tr=http%3A%2F%2Ftracker.dler.org%3A6969%2Fannounce&amp;tr=udp%3A%2F%2Ftracker.leechers-paradise.org%3A6969%2Fannounce&amp;tr=udp%3A%2F%2F9.rarbg.me%3A2730%2Fannounce&amp;tr=udp%3A%2F%2F9.rarbg.to%3A2770%2Fannounce&amp;tr=udp%3A%2F%2Ftracker.pirateparty.gr%3A6969%2Fannounce&amp;tr=http%3A%2F%2Fretracker.local%2Fannounce&amp;tr=http%3A%2F%2Fretracker.ip.ncnet.ru%2Fannounce&amp;tr=udp%3A%2F%2Fexodus.desync.com%3A6969%2Fannounce&amp;tr=udp%3A%2F%2Fipv4.tracker.harry.lu%3A80%2Fannounce&amp;tr=udp%3A%2F%2Fopen.stealth.si%3A80%2Fannounce&amp;tr=udp%3A%2F%2Ftracker.zer0day.to%3A1337%2Fannounce&amp;tr=udp%3A%2F%2Ftracker.leechers-paradise.org%3A6969%2Fannounce&amp;tr=udp%3A%2F%2Fcoppersurfer.tk%3A6969%2Fannounce\">magnet</a>] [<a href=\"https://pastefg.hermietkreeft.site/?817eb9b61c6f9218#DcYbNpEtjAJskVHDj1fpGfQZSr6J1zSH69viezXFoSuJ\" target=\"_blank\" rel=\"noopener\">.torrent file only</a>] <br><img src=\"https://torrent-stats.info/a20f/2f1289431.png\" style=\"display:block;clear:both\"></li><li><a href=\"https://tapochek.net/viewtopic.php?p=2810761\" target=\"_blank\" rel=\"noopener\">Tapochek.net</a></li><li><a href=\"https://pastefg.hermietkreeft.site/?844ae59902559f99#8q5oHpbAwXgrsDH7wQiTv4gm3unDeeySs2UPu3WhC9HS\" target=\"_blank\" rel=\"noopener\">Filehoster: MultiUpload</a> (10+ hosters, interchangeable) [Use <a href=\"http://jdownloader.org/jdownloader2\" target=\"_blank\" rel=\"noopener\">JDownloader2</a>]</li><li><a href=\"https://pastefg.hermietkreeft.site/?25cb8e997604e877#8Vnw7edCDssbVDSCqneMmT3bUuS9StEx5vqzQC6XQiu2\" target=\"_blank\" rel=\"noopener\">Filehoster: ZippyShare</a></li><li><a href=\"https://pastefg.hermietkreeft.site/?e94064452b9d0f7c#4agaZtjBLPBzSV3pWK8oVxfCsmwNDyjLGzsexVhH4c3n\" target=\"_blank\" rel=\"noopener\">Filehoster: BayFiles</a></li><li><a href=\"https://pastefg.hermietkreeft.site/?d0790c159c5c8da5#7f7e9S94qmC88TUekUEQTBP2CgCQVVtMA6e4TGotZtQj\" target=\"_blank\" rel=\"noopener\">Filehoster: LetsUpload</a> [Use <a href=\"http://jdownloader.org/jdownloader2\" target=\"_blank\" rel=\"noopener\">JDownloader2</a>]</li><li><a href=\"https://pastefg.hermietkreeft.site/?0fc2212d4de0fb9f#5tTmKnCjB1YJxtvkdLfVY3ck9Qdi9k6oqd4zgN6SVY47\" target=\"_blank\" rel=\"noopener\">Filehoster: OneDrive</a> (Uploaded by DyR0 t(-_-t), NOT compatible with other mirrors)</li><p><!--  <li><a href=\"\" target=\"_blank\" rel=\"noopener\">Filehosters: Google Drive, OneDrive + others</a> (Uploaded by crackhub213)</li>  --></p></ul><p><a href=\"https://cs.rin.ru/forum/viewtopic.php?f=10&amp;t=105971\" target=\"_blank\" rel=\"noopener\">Discussion and (possible) future updates on CS.RIN.RU thread</a></p><h3>Screenshots (Click to enlarge)</h3><p><a target=\"_blank\" href=\"https://en.riotpixels.com/games/demon-turf/screenshots/14/?utm_source=emb-gfx-html&amp;utm_medium=image&amp;utm_campaign=rp-mass\" rel=\"noopener\"><img loading=\"lazy\" width=\"178\" height=\"100\" border=\"0\" src=\"https://s01.riotpixels.net/data/68/bb/68bb4249-92c6-4dca-a20d-86d7dd6c983a.jpg.240p.jpg\"></a><a target=\"_blank\" href=\"https://en.riotpixels.com/games/demon-turf/screenshots/12/?utm_source=emb-gfx-html&amp;utm_medium=image&amp;utm_campaign=rp-mass\" rel=\"noopener\"><img loading=\"lazy\" width=\"178\" height=\"100\" border=\"0\" src=\"https://s01.riotpixels.net/data/b8/45/b845b377-64ca-4e41-8dba-51c63090e73f.jpg.240p.jpg\"></a><a target=\"_blank\" href=\"https://en.riotpixels.com/games/demon-turf/screenshots/11/?utm_source=emb-gfx-html&amp;utm_medium=image&amp;utm_campaign=rp-mass\" rel=\"noopener\"><img loading=\"lazy\" width=\"178\" height=\"100\" border=\"0\" src=\"https://s01.riotpixels.net/data/a2/83/a28352c6-10de-45ce-9aad-dd2058abc594.jpg.240p.jpg\"></a><br><a target=\"_blank\" href=\"https://en.riotpixels.com/games/demon-turf/screenshots/8/?utm_source=emb-gfx-html&amp;utm_medium=image&amp;utm_campaign=rp-mass\" rel=\"noopener\"><img loading=\"lazy\" width=\"178\" height=\"100\" border=\"0\" src=\"https://s01.riotpixels.net/data/b6/24/b624df36-0c52-47b9-889c-20abc162259e.jpg.240p.jpg\"></a><a target=\"_blank\" href=\"https://en.riotpixels.com/games/demon-turf/screenshots/4/?utm_source=emb-gfx-html&amp;utm_medium=image&amp;utm_campaign=rp-mass\" rel=\"noopener\"><img loading=\"lazy\" width=\"178\" height=\"100\" border=\"0\" src=\"https://s01.riotpixels.net/data/a3/3a/a33aa5de-cee6-4334-a8ca-66aeed5d00e8.jpg.240p.jpg\"></a><a target=\"_blank\" href=\"https://en.riotpixels.com/games/demon-turf/screenshots/1/?utm_source=emb-gfx-html&amp;utm_medium=image&amp;utm_campaign=rp-mass\" rel=\"noopener\"><img loading=\"lazy\" width=\"178\" height=\"100\" border=\"0\" src=\"https://s01.riotpixels.net/data/e3/d6/e3d6a278-603d-4d66-ae32-015f3828ab94.jpg.240p.jpg\"></a></p><h3>Repack Features</h3><ul><li>Based on Demon.Turf-DOGE ISO release: wow-demon.turf.iso (2,898,853,888 bytes)</li><li>100% Lossless &amp; MD5 Perfect: all files are identical to originals after installation</li><li>NOTHING ripped, NOTHING re-encoded</li><li>Significantly smaller archive size (compressed from 2.7 to 1.5 GB)</li><li>Installation takes 3-10 minutes (depending on your system)</li><li>After-install integrity check so you could make sure that everything installed properly</li><li>HDD space after installation: 3.2 GB</li><li>Repack uses XTool library by Razor12911</li><li>At least 2 GB of free RAM (inc. virtual) required for installing this repack</li></ul><div ><div><h2>Game Description</h2></div><div ><b>SYNOPSIS:</b><br>The Demon World is inhabited by all kinds of nasties\u2026 Most of them lumped into gangs battling for dominion, each led by its own head honcho. Yet even these bad dudes are no match for the Demon King himself! Instead the task falls to Beebz, a young demon barely a thousand years old, who decides it\u2019s time for her to kick every turf leader\u2019s butt and become the Demon Queen herself.<p><b>HISTORY</b><br>From the makers of Slime-san comes their newest creation! The team used everything they learned from their 2D platformer to elevate this 3D platformer to the next level!</p><p><b><h3>Game Features</h3></b></p><ul><li>A unique aesthetic combining the expressiveness of 2D illustrations with the depth and sense of exploration 3D environments can offer!</li><li>A world chock-full of humor and style, from the music accompanied by the protagonist\u2019s rapping to the colorful characters inhabiting the world!</li><li>A unique take on progression! Take a victory lap and explore previously beaten levels to discover their liberated state, with plenty of mechanical and environmental changes to uncover. Or take some time off in the hub town taking on sidequests and other distinct challenges instead.</li><li>Pull off some clever platforming combinations or get physical with a special physics-driven combat system that ramps up the chaos and fun. Push, pull and spin your enemies out of your way.</li><li>A different take on checkpoints, freeing the player to place them wherever they want. Show off without them for a perfect run, or place one in preparation for a challenging section.</li><li>Unique challenges like the \u201cPhoto Hunt\u201d mode where you\u2019re tasked to take pictures of hidden locations &amp; surprising moments! Or simply take picures and selfies for fun and share them across all social media!</li><li>An awesome collection of purchasable mods that can be combined in clever ways to completely change your play style! Or you could buy some dyes &amp; pets instead, the world\u2019s your oyster!</li><li>Tons of carefully crafted levels that constantly introduce new challenges as well as en- gaging bosses full of character and life! Until Beebz gets to them\u2026</li></ul></div></div>             </div>"
}