{
    "link": "https://fitgirl-repacks.site/demon-skin/",
    "title": "Demon Skin \u2013 v1.1005",
    "first_img": "https://i6.imageban.ru/out/2021/07/13/f353d1b168823dc5590aa5dea5caf381.jpg",
    "second_img": "https://s01.riotpixels.net/data/3c/5f/3c5f82ae-818d-4642-a548-ba0629441e69.jpg.240p.jpg",
    "body": "<div ><h2>Demon Skin \u2013 v1.1005</h2><p ><div><a target=\"_blank\" href=\"http://en.riotpixels.com/games/demon-skin/\" rel=\"noopener\"><img class=\"alignleft\" width=\"150\" src=\"https://i6.imageban.ru/out/2021/07/13/f353d1b168823dc5590aa5dea5caf381.jpg\"></a></div><br>Genres/Tags: <strong>RPG, Action RPG, Side, 3D</strong><br>Companies: <strong>Ludus Future, Buka Entertainment</strong><br>Languages: <strong>RUS/ENG/MULTI5</strong><br>Original Size: <strong>6.7 GB</strong><br>Repack Size: <strong>4.6 GB</strong></p>&nbsp;<div>&nbsp;</div><h3>Download Mirrors</h3><ul><li><a href=\"https://1337x.to/torrent/4903600/Demon-Skin-v1-1005-MULTi5-FitGirl-Repack/\" target=\"_blank\" rel=\"noopener\">1337x</a> | [<a href=\"magnet:?xt=urn:btih:C49D4574D94D7074C3008D3B5ED91A6B6C234905&amp;dn=Demon+Skin+%28v1.1005%2C+MULTi5%29+%5BFitGirl+Repack%5D&amp;tr=udp%3A%2F%2F46.148.18.250%3A2710&amp;tr=udp%3A%2F%2Fopentor.org%3A2710&amp;tr=udp%3A%2F%2Ftracker.coppersurfer.tk%3A6969%2Fannounce&amp;tr=udp%3A%2F%2Ftracker.opentrackr.org%3A1337%2Fannounce&amp;tr=http%3A%2F%2Ftracker.dler.org%3A6969%2Fannounce&amp;tr=udp%3A%2F%2Ftracker.leechers-paradise.org%3A6969%2Fannounce&amp;tr=udp%3A%2F%2F9.rarbg.me%3A2730%2Fannounce&amp;tr=udp%3A%2F%2F9.rarbg.to%3A2770%2Fannounce&amp;tr=udp%3A%2F%2Ftracker.pirateparty.gr%3A6969%2Fannounce&amp;tr=http%3A%2F%2Fretracker.local%2Fannounce&amp;tr=http%3A%2F%2Fretracker.ip.ncnet.ru%2Fannounce&amp;tr=udp%3A%2F%2Fexodus.desync.com%3A6969%2Fannounce&amp;tr=udp%3A%2F%2Fipv4.tracker.harry.lu%3A80%2Fannounce&amp;tr=udp%3A%2F%2Fopen.stealth.si%3A80%2Fannounce&amp;tr=udp%3A%2F%2Ftracker.zer0day.to%3A1337%2Fannounce&amp;tr=udp%3A%2F%2Ftracker.leechers-paradise.org%3A6969%2Fannounce&amp;tr=udp%3A%2F%2Fcoppersurfer.tk%3A6969%2Fannounce\">magnet</a>] [<a href=\"https://pastefg.hermietkreeft.site/?03d0e4a046df614f#3gd6byZardCruMUo5k15ThSiDckgc1uaAjFg6oN2iN9j\" target=\"_blank\" rel=\"noopener\">.torrent file only</a>] <br><img src=\"https://torrent-stats.info/8d3b/27ba74a72.png\" style=\"display:block;clear:both\"></li><li><a href=\"http://rutor.info/torrent/822967/demon-skin-v-1.1005-2021-pc-repack-ot-fitgirl\" target=\"_blank\" rel=\"noopener\">RuTor</a> [<a href=\"magnet:?xt=urn:btih:c49d4574d94d7074c3008d3b5ed91a6b6c234905&amp;dn=rutor.info_Demon+Skin+%5Bv+1.1005%5D+%282021%29+PC+%7C+RePack+%D0%BE%D1%82+FitGirl&amp;tr=udp://opentor.org:2710&amp;tr=udp://opentor.org:2710&amp;tr=http://retracker.local/announce\">magnet</a>]</li><li><a href=\"https://tapochek.net/viewtopic.php?p=2786219\" target=\"_blank\" rel=\"noopener\">Tapochek.net</a></li><li><a href=\"https://pastefg.hermietkreeft.site/?db349f238cc5585b#DesGtSq1t9mhG3G8jkzeADRYSU9PfcfgYVdbszGz3mwG\" target=\"_blank\" rel=\"noopener\">Filehoster: MultiUpload</a> (10+ hosters, interchangeable) [Use <a href=\"http://jdownloader.org/jdownloader2\" target=\"_blank\" rel=\"noopener\">JDownloader2</a>]</li><li><a href=\"https://pastefg.hermietkreeft.site/?100923399a818f15#3HA3zL5TkbTTqQyE6JSD8hMDsMets5xqC1Rx6aKbXGxz\" target=\"_blank\" rel=\"noopener\">Filehoster: PixelDrain</a></li><li><a href=\"https://pastefg.hermietkreeft.site/?b764a4202f283641#4nif2NpiHEctDD2W6UM6ANnN7nfVQvPTRiYpMXHpaDnJ\" target=\"_blank\" rel=\"noopener\">Filehoster: LetsUpload</a> [Use <a href=\"http://jdownloader.org/jdownloader2\" target=\"_blank\" rel=\"noopener\">JDownloader2</a>]</li><li><a href=\"https://crackhub.site/demon-skin-v1-1005-fitgirl-repack/\" target=\"_blank\" rel=\"noopener\">Filehosters: Google Drive, OneDrive + others</a> (Uploaded by crackhub213)</li><li><a href=\"https://pastefg.hermietkreeft.site/?54551702d9768e6a#3G5oh4jwsiCtGZTUVwDErHL93sCBK8a11n5GotmA5Ap8\" target=\"_blank\" rel=\"noopener\">Filehoster: OneDrive</a> (Uploaded by DyR0 t(-_-t), NOT compatible with other mirrors)</li></ul><p><a href=\"https://cs.rin.ru/forum/viewtopic.php?f=10&amp;t=112696\" target=\"_blank\" rel=\"noopener\">Discussion and (possible) future updates on CS.RIN.RU thread</a></p><h3>Screenshots (Click to enlarge)</h3><p><a target=\"_blank\" href=\"http://en.riotpixels.com/games/demon-skin/screenshots/19/?utm_source=emb-gfx-html&amp;utm_medium=image&amp;utm_campaign=rp-mass\" rel=\"noopener\"><img loading=\"lazy\" width=\"178\" height=\"100\" border=\"0\" src=\"https://s01.riotpixels.net/data/3c/5f/3c5f82ae-818d-4642-a548-ba0629441e69.jpg.240p.jpg\"></a><a target=\"_blank\" href=\"http://en.riotpixels.com/games/demon-skin/screenshots/15/?utm_source=emb-gfx-html&amp;utm_medium=image&amp;utm_campaign=rp-mass\" rel=\"noopener\"><img loading=\"lazy\" width=\"178\" height=\"100\" border=\"0\" src=\"https://s01.riotpixels.net/data/dd/8a/dd8aef48-316b-4bb1-9c6a-ae3b16b4d354.jpg.240p.jpg\"></a><a target=\"_blank\" href=\"http://en.riotpixels.com/games/demon-skin/screenshots/13/?utm_source=emb-gfx-html&amp;utm_medium=image&amp;utm_campaign=rp-mass\" rel=\"noopener\"><img loading=\"lazy\" width=\"178\" height=\"100\" border=\"0\" src=\"https://s01.riotpixels.net/data/07/8c/078cb154-65a9-4f02-ae5f-f1c224b3856e.jpg.240p.jpg\"></a><br><a target=\"_blank\" href=\"http://en.riotpixels.com/games/demon-skin/screenshots/12/?utm_source=emb-gfx-html&amp;utm_medium=image&amp;utm_campaign=rp-mass\" rel=\"noopener\"><img loading=\"lazy\" width=\"178\" height=\"100\" border=\"0\" src=\"https://s01.riotpixels.net/data/6c/93/6c936223-8bc6-4988-bf30-efe102befe6a.jpg.240p.jpg\"></a><a target=\"_blank\" href=\"http://en.riotpixels.com/games/demon-skin/screenshots/7/?utm_source=emb-gfx-html&amp;utm_medium=image&amp;utm_campaign=rp-mass\" rel=\"noopener\"><img loading=\"lazy\" width=\"178\" height=\"100\" border=\"0\" src=\"https://s01.riotpixels.net/data/b9/41/b94196b9-78f8-4fc8-ba47-f67fd2b583c9.jpg.240p.jpg\"></a><a target=\"_blank\" href=\"http://en.riotpixels.com/games/demon-skin/screenshots/6/?utm_source=emb-gfx-html&amp;utm_medium=image&amp;utm_campaign=rp-mass\" rel=\"noopener\"><img loading=\"lazy\" width=\"178\" height=\"100\" border=\"0\" src=\"https://s01.riotpixels.net/data/28/cb/28cbcf5d-f056-42ea-9505-ae40637499a8.jpg.240p.jpg\"></a></p><h3>Repack Features</h3><ul><li>Based on Demon.Skin.Crossroad.of.the.Worlds-CODEX ISO release: codex-demon.skin.crossroad.of.the.worlds.iso (7,206,600,704 bytes)</li><li>Game version: v1.1005</li><li>100% Lossless &amp; MD5 Perfect: all files are identical to originals after installation</li><li>NOTHING ripped, NOTHING re-encoded</li><li>Significantly smaller archive size (compressed from 6.7 to 4.6 GB)</li><li>Installation takes 3-5 minutes (depending on your system)</li><li>After-install integrity check so you could make sure that everything installed properly</li><li>HDD space after installation: 6.9 GB</li><li>Language can be changed in game settings</li><li>Repack uses XTool library by Razor12911</li><li>At least 2 GB of free RAM (inc. virtual) required for installing this repack</li></ul><div ><div><h2>Game Description</h2></div><div >Demon Skin \u2013 is a brutal hack\u2019n\u2019slash set in a rough dark fantasy world, which combines unique combat mechanics, RPG and fighting game elements, and even some platformer features. With the flexible combat system each player can come up with their own unique tactic by skillfully combining stances with various types of weapons to achieve the ultimate efficiency in battle.<br></div></div><p><b>Backwards Compatibility</b></p><p>This repack is NOT backwards compatible with my previous DS repack.</p>             </div>"
}