{
    "link": "https://fitgirl-repacks.site/demon-strikes-back/",
    "title": "Demon Strikes Back \u2013 v1.0.20210816",
    "first_img": "https://i1.imageban.ru/out/2021/08/18/17f8c65cd789cecb98396555060879bc.jpg",
    "second_img": "https://s01.riotpixels.net/data/c2/66/c2664326-e591-4f3c-a1e0-db9a13bdecc8.jpg.240p.jpg",
    "body": "<div ><h2>Demon Strikes Back \u2013 v1.0.20210816</h2><p ><div><a target=\"_blank\" href=\"https://en.riotpixels.com/games/demon-strikes-back/\" rel=\"noopener\"><img class=\"alignleft\" width=\"150\" src=\"https://i1.imageban.ru/out/2021/08/18/17f8c65cd789cecb98396555060879bc.jpg\"></a></div><br>Genres/Tags: <strong>Action, RPG, Isometric, 3D</strong><br>Companies: <strong>WildPlanet, Gamera Game</strong><br>Languages: <strong>ENG/CHI</strong><br>Original Size: <strong>881 MB</strong><br>Repack Size: <strong>604 MB</strong></p>&nbsp;<div>&nbsp;</div><h3>Download Mirrors</h3><ul><li><a href=\"https://1337x.to/torrent/4956553/Demon-Strikes-Back-v1-0-20210816-MULTi2-FitGirl-Repack/\" target=\"_blank\" rel=\"noopener\">1337x</a> | [<a href=\"magnet:?xt=urn:btih:996B1BC60341247FA69EDB11C07A8F3022678540&amp;dn=Demon+Strikes+Back+%28v1.0.20210816%2C+MULTi2%29+%5BFitGirl+Repack%5D&amp;tr=udp%3A%2F%2F46.148.18.250%3A2710&amp;tr=udp%3A%2F%2Fopentor.org%3A2710&amp;tr=udp%3A%2F%2Ftracker.coppersurfer.tk%3A6969%2Fannounce&amp;tr=udp%3A%2F%2Ftracker.opentrackr.org%3A1337%2Fannounce&amp;tr=http%3A%2F%2Ftracker.dler.org%3A6969%2Fannounce&amp;tr=udp%3A%2F%2Ftracker.leechers-paradise.org%3A6969%2Fannounce&amp;tr=udp%3A%2F%2F9.rarbg.me%3A2730%2Fannounce&amp;tr=udp%3A%2F%2F9.rarbg.to%3A2770%2Fannounce&amp;tr=udp%3A%2F%2Ftracker.pirateparty.gr%3A6969%2Fannounce&amp;tr=http%3A%2F%2Fretracker.local%2Fannounce&amp;tr=http%3A%2F%2Fretracker.ip.ncnet.ru%2Fannounce&amp;tr=udp%3A%2F%2Fexodus.desync.com%3A6969%2Fannounce&amp;tr=udp%3A%2F%2Fipv4.tracker.harry.lu%3A80%2Fannounce&amp;tr=udp%3A%2F%2Fopen.stealth.si%3A80%2Fannounce&amp;tr=udp%3A%2F%2Ftracker.zer0day.to%3A1337%2Fannounce&amp;tr=udp%3A%2F%2Ftracker.leechers-paradise.org%3A6969%2Fannounce&amp;tr=udp%3A%2F%2Fcoppersurfer.tk%3A6969%2Fannounce\">magnet</a>] [<a href=\"https://pastefg.hermietkreeft.site/?d9bc57c7d43abbd4#7NPqF7KqC9zD1xHjine1BVcKfyAQPLTaSf8LTDZbtutD\" target=\"_blank\" rel=\"noopener\">.torrent file only</a>] <br><img src=\"https://torrent-stats.info/db11/3e4bd4c59.png\" style=\"display:block;clear:both\"></li><li><a href=\"https://tapochek.net/viewtopic.php?p=2795401\" target=\"_blank\" rel=\"noopener\">Tapochek.net</a></li><li><a href=\"https://pastefg.hermietkreeft.site/?134b98b53ec687f5#3ZNSmBSmz9uSyB5cXDKWbXLE74F7p1LB6qyLbNBzXvFz\" target=\"_blank\" rel=\"noopener\">Filehoster: MultiUpload</a> (10+ hosters, interchangeable) [Use <a href=\"http://jdownloader.org/jdownloader2\" target=\"_blank\" rel=\"noopener\">JDownloader2</a>]</li><li><a href=\"https://pastefg.hermietkreeft.site/?7778fdd8c0d3da88#CshkLp4ZLzeV3Q8qrurxXRoM189W9G6YQDBgabdtBWGq\" target=\"_blank\" rel=\"noopener\">Filehoster: PixelDrain</a></li><li><a href=\"https://pastefg.hermietkreeft.site/?954db4a9e2f6ef5c#8G4rEQCFuj9HEZgDdvMbTi4kDwYcVCVqCBVAr8Vo9LnB\" target=\"_blank\" rel=\"noopener\">Filehoster: ZippyShare</a></li><li><a href=\"https://pastefg.hermietkreeft.site/?e73a7c2382078d31#EX1Vc1eyEAARYM15rsfWdH1YZbuWkPFw82SSkBPhLgkM\" target=\"_blank\" rel=\"noopener\">Filehoster: OneDrive</a> (Uploaded by DyR0 t(-_-t), NOT compatible with other mirrors)</li></ul><p><a href=\"https://cs.rin.ru/forum/viewtopic.php?f=10&amp;t=109584\" target=\"_blank\" rel=\"noopener\">Discussion and (possible) future updates on CS.RIN.RU thread</a></p><h3>Screenshots (Click to enlarge)</h3><p><a target=\"_blank\" href=\"https://en.riotpixels.com/games/demon-strikes-back/screenshots/6/?utm_source=emb-gfx-html&amp;utm_medium=image&amp;utm_campaign=rp-mass\" rel=\"noopener\"><img loading=\"lazy\" width=\"178\" height=\"100\" border=\"0\" src=\"https://s01.riotpixels.net/data/c2/66/c2664326-e591-4f3c-a1e0-db9a13bdecc8.jpg.240p.jpg\"></a><a target=\"_blank\" href=\"https://en.riotpixels.com/games/demon-strikes-back/screenshots/5/?utm_source=emb-gfx-html&amp;utm_medium=image&amp;utm_campaign=rp-mass\" rel=\"noopener\"><img loading=\"lazy\" width=\"178\" height=\"100\" border=\"0\" src=\"https://s01.riotpixels.net/data/a4/5d/a45d2995-982b-462d-8a41-6d4078822f9d.jpg.240p.jpg\"></a><a target=\"_blank\" href=\"https://en.riotpixels.com/games/demon-strikes-back/screenshots/4/?utm_source=emb-gfx-html&amp;utm_medium=image&amp;utm_campaign=rp-mass\" rel=\"noopener\"><img loading=\"lazy\" width=\"178\" height=\"100\" border=\"0\" src=\"https://s01.riotpixels.net/data/ba/d1/bad192c5-4c87-45e6-9e07-725a3e4f6852.jpg.240p.jpg\"></a><br><a target=\"_blank\" href=\"https://en.riotpixels.com/games/demon-strikes-back/screenshots/3/?utm_source=emb-gfx-html&amp;utm_medium=image&amp;utm_campaign=rp-mass\" rel=\"noopener\"><img loading=\"lazy\" width=\"178\" height=\"100\" border=\"0\" src=\"https://s01.riotpixels.net/data/22/3c/223c8dce-2fd8-4542-933b-ec4e52c910aa.jpg.240p.jpg\"></a><a target=\"_blank\" href=\"https://en.riotpixels.com/games/demon-strikes-back/screenshots/2/?utm_source=emb-gfx-html&amp;utm_medium=image&amp;utm_campaign=rp-mass\" rel=\"noopener\"><img loading=\"lazy\" width=\"178\" height=\"100\" border=\"0\" src=\"https://s01.riotpixels.net/data/b0/1e/b01e163f-3035-4b97-bb6e-fbc98b1134e8.jpg.240p.jpg\"></a><a target=\"_blank\" href=\"https://en.riotpixels.com/games/demon-strikes-back/screenshots/1/?utm_source=emb-gfx-html&amp;utm_medium=image&amp;utm_campaign=rp-mass\" rel=\"noopener\"><img loading=\"lazy\" width=\"178\" height=\"100\" border=\"0\" src=\"https://s01.riotpixels.net/data/9d/50/9d509beb-3021-45c3-b406-269ddb9b15a4.jpg.240p.jpg\"></a></p><h3>Repack Features</h3><ul><li>Based on Demon_Strikes_Back-FLT ISO release: flt-demon_strikes_back.iso (924,248,064 bytes)</li><li>100% Lossless &amp; MD5 Perfect: all files are identical to originals after installation</li><li>NOTHING ripped, NOTHING re-encoded</li><li>Smaller archive size (compressed from 881 to 604 MB)</li><li>Installation takes one minute</li><li>After-install integrity check so you could make sure that everything installed properly</li><li>HDD space after installation: 1.8 GB</li><li>Language can be changed in game settings</li><li>At least 2 GB of free RAM (inc. virtual) required for installing this repack</li></ul><div ><div><h2>Game Description</h2></div><div ><b>Dungeon that never repeats itself\uff1a</b><br>Every challenge is a brand new start, beat unexpected foes and you will never get bored!<p><b>Reconstruct your village and empower yourself\uff1a</b><br>Assimilate your foes\u2019 soul, and use them to reconstruct your once destroyed village, demon gets stronger with a home behind!</p><p><b>Abundant equipment and relics\uff1a</b><br>Discover powerful weapons and equipment empowered with magical skills and unique attack moves during your adventure, and use relics to gain unique characteristics!</p><p><b>Unlock new skills\uff1a</b><br>As the villages regains its former prosperity, more skill options would unveil to grant you a refreshing battle experience.</p></div></div>             </div>"
}