{
    "link": "https://fitgirl-repacks.site/descenders/",
    "title": "Descenders \u2013 Build 7616560 (The Grand Tour Update)",
    "first_img": "https://i2.imageban.ru/out/2021/11/02/8cf77b81d755fdc9338735011e45c56f.jpg",
    "second_img": "https://s01.riotpixels.net/data/81/0e/810e8b50-535a-4b63-a6fb-e3bab6ae147c.jpg.240p.jpg",
    "body": "<div ><h2>Descenders \u2013 Build 7616560 (The Grand Tour Update)</h2><p ><div><a target=\"_blank\" href=\"https://en.riotpixels.com/games/descenders/\" rel=\"noopener\"><img class=\"alignleft\" width=\"150\" src=\"https://i2.imageban.ru/out/2021/11/02/8cf77b81d755fdc9338735011e45c56f.jpg\"></a></div><br>Genres/Tags: <strong>Arcade, Extreme sports, 3D</strong><br>Companies: <strong>RageSquid, No More Robots</strong><br>Languages: <strong>RUS/ENG/MULTI17</strong><br>Original Size: <strong>5.9 GB</strong><br>Repack Size: <strong>3.5 GB</strong></p>&nbsp;<div>&nbsp;</div><h3>Download Mirrors</h3><ul><li><a href=\"https://1337x.to/torrent/5038221/Descenders-Build-7616560-The-Grand-Tour-Update-MULTi17-FitGirl-Repack/\" target=\"_blank\" rel=\"noopener\">1337x</a> | [<a href=\"magnet:?xt=urn:btih:FC9598DAAFB69CA1F6F9489FB08D233510CEB711&amp;dn=Descenders+%28Build+7616560%2FThe+Grand+Tour+Update%2C+MULTi17%29+%5BFitGirl+Repack%5D&amp;tr=udp%3A%2F%2F46.148.18.250%3A2710&amp;tr=udp%3A%2F%2Fopentor.org%3A2710&amp;tr=udp%3A%2F%2Ftracker.coppersurfer.tk%3A6969%2Fannounce&amp;tr=udp%3A%2F%2Ftracker.opentrackr.org%3A1337%2Fannounce&amp;tr=http%3A%2F%2Ftracker.dler.org%3A6969%2Fannounce&amp;tr=udp%3A%2F%2Ftracker.leechers-paradise.org%3A6969%2Fannounce&amp;tr=udp%3A%2F%2F9.rarbg.me%3A2730%2Fannounce&amp;tr=udp%3A%2F%2F9.rarbg.to%3A2770%2Fannounce&amp;tr=udp%3A%2F%2Ftracker.pirateparty.gr%3A6969%2Fannounce&amp;tr=http%3A%2F%2Fretracker.local%2Fannounce&amp;tr=http%3A%2F%2Fretracker.ip.ncnet.ru%2Fannounce&amp;tr=udp%3A%2F%2Fexodus.desync.com%3A6969%2Fannounce&amp;tr=udp%3A%2F%2Fipv4.tracker.harry.lu%3A80%2Fannounce&amp;tr=udp%3A%2F%2Fopen.stealth.si%3A80%2Fannounce&amp;tr=udp%3A%2F%2Ftracker.zer0day.to%3A1337%2Fannounce&amp;tr=udp%3A%2F%2Ftracker.leechers-paradise.org%3A6969%2Fannounce&amp;tr=udp%3A%2F%2Fcoppersurfer.tk%3A6969%2Fannounce\">magnet</a>] [<a href=\"https://pastefg.hermietkreeft.site/?789ccc486e37ff6e#AA1WXcgBpYbJArL5KV9Ao9JHzn6NYFYcxabcjZ1GWqb1\" target=\"_blank\" rel=\"noopener\">.torrent file only</a>] <br><img src=\"https://torrent-stats.info/489f/150e7319e.png\" style=\"display:block;clear:both\"></li><li><a href=\"http://rutor.info/torrent/843230/descenders-build-7616560-2019-pc-repack-ot-fitgirl\" target=\"_blank\" rel=\"noopener\">RuTor</a> [<a href=\"magnet:?xt=urn:btih:fc9598daafb69ca1f6f9489fb08d233510ceb711&amp;dn=rutor.info_Descenders+%5BBuild+7616560%5D+%282019%29+PC+%7C+RePack+%D0%BE%D1%82+FitGirl&amp;tr=udp://opentor.net:6969&amp;tr=udp://opentor.org:2710&amp;tr=http://retracker.local/announce\">magnet</a>]</li><li><a href=\"https://tapochek.net/viewtopic.php?p=2721277\" target=\"_blank\" rel=\"noopener\">Tapochek.net</a></li><li><a href=\"https://pastefg.hermietkreeft.site/?322ade7d7b192f49#EY1SkZX54xszbqqYvya4cmUKGypfQ312FVBsAJkAGw9N\" target=\"_blank\" rel=\"noopener\">Filehoster: MultiUpload</a> (10+ hosters, interchangeable) [Use <a href=\"http://jdownloader.org/jdownloader2\" target=\"_blank\" rel=\"noopener\">JDownloader2</a>]</li><li><a href=\"https://pastefg.hermietkreeft.site/?7ce40beba90c44ad#61Nr2oWbWP8Q4rHXRkDu6LG4rqWC4qvD73wKXcRZ8YfW\" target=\"_blank\" rel=\"noopener\">Filehoster: PixelDrain</a></li><li><a href=\"https://pastefg.hermietkreeft.site/?70ab0840a2dce6ba#9nCqCJ696aPg7oyzwKC5gshmZKVdZf9b3C5LDWybHCWQ\" target=\"_blank\" rel=\"noopener\">Filehoster: ZippyShare</a></li><li><a href=\"https://pastefg.hermietkreeft.site/?7ffcc2c6a749012e#GJjVWUAJmbBGAA1NGHDZKN61P4Te1YRMWHkJw8nWhuVo\" target=\"_blank\" rel=\"noopener\">Filehoster: BayFiles</a></li><li><a href=\"https://pastefg.hermietkreeft.site/?5a3b2e56ac7b12b7#4XWb9zfi3AuKwV4aaDt51AcNHKDJsLfZJ1u3rsjLDoVi\" target=\"_blank\" rel=\"noopener\">Filehoster: LetsUpload</a> [Use <a href=\"http://jdownloader.org/jdownloader2\" target=\"_blank\" rel=\"noopener\">JDownloader2</a>]</li><li><a href=\"https://pastefg.hermietkreeft.site/?6f6fa4e6e2126263#A1q9RBFd4jrot6RYyeDcEvLMTPu4onRoTwsGR2Wauuao\" target=\"_blank\" rel=\"noopener\">Filehoster: OneDrive</a> (Uploaded by DyR0 t(-_-t), NOT compatible with other mirrors)</li><p><!--  <li><a href=\"\" target=\"_blank\" rel=\"noopener\">Filehosters: Google Drive, OneDrive + others</a> (Uploaded by crackhub213)</li>  --></p></ul><p><a href=\"https://cs.rin.ru/forum/viewtopic.php?f=10&amp;t=82309\" target=\"_blank\" rel=\"noopener\">Discussion and (possible) future updates on CS.RIN.RU thread</a></p><h3>Screenshots (Click to enlarge)</h3><p><a target=\"_blank\" href=\"https://en.riotpixels.com/games/descenders/screenshots/7/?utm_source=emb-gfx-html&amp;utm_medium=image&amp;utm_campaign=rp-mass\" rel=\"noopener\"><img loading=\"lazy\" width=\"178\" height=\"100\" border=\"0\" src=\"https://s01.riotpixels.net/data/81/0e/810e8b50-535a-4b63-a6fb-e3bab6ae147c.jpg.240p.jpg\"></a><a target=\"_blank\" href=\"https://en.riotpixels.com/games/descenders/screenshots/6/?utm_source=emb-gfx-html&amp;utm_medium=image&amp;utm_campaign=rp-mass\" rel=\"noopener\"><img loading=\"lazy\" width=\"178\" height=\"100\" border=\"0\" src=\"https://s01.riotpixels.net/data/fa/ba/faba9418-a18a-4d30-ab91-2e33c9c72632.jpg.240p.jpg\"></a><a target=\"_blank\" href=\"https://en.riotpixels.com/games/descenders/screenshots/5/?utm_source=emb-gfx-html&amp;utm_medium=image&amp;utm_campaign=rp-mass\" rel=\"noopener\"><img loading=\"lazy\" width=\"178\" height=\"100\" border=\"0\" src=\"https://s01.riotpixels.net/data/08/2f/082f4868-2b54-448e-b606-400e4ce2a3bd.jpg.240p.jpg\"></a><br><a target=\"_blank\" href=\"https://en.riotpixels.com/games/descenders/screenshots/4/?utm_source=emb-gfx-html&amp;utm_medium=image&amp;utm_campaign=rp-mass\" rel=\"noopener\"><img loading=\"lazy\" width=\"178\" height=\"100\" border=\"0\" src=\"https://s01.riotpixels.net/data/8a/65/8a65260b-bd37-4ebb-88d8-cc7f01eafcd8.jpg.240p.jpg\"></a><a target=\"_blank\" href=\"https://en.riotpixels.com/games/descenders/screenshots/3/?utm_source=emb-gfx-html&amp;utm_medium=image&amp;utm_campaign=rp-mass\" rel=\"noopener\"><img loading=\"lazy\" width=\"178\" height=\"100\" border=\"0\" src=\"https://s01.riotpixels.net/data/0a/24/0a24b2ec-0b94-44e2-8b82-b8c4d0245f31.jpg.240p.jpg\"></a><a target=\"_blank\" href=\"https://en.riotpixels.com/games/descenders/screenshots/2/?utm_source=emb-gfx-html&amp;utm_medium=image&amp;utm_campaign=rp-mass\" rel=\"noopener\"><img loading=\"lazy\" width=\"178\" height=\"100\" border=\"0\" src=\"https://s01.riotpixels.net/data/db/fa/dbfa8795-2b51-4b64-aa3a-7908187cb042.jpg.240p.jpg\"></a></p><h3>Repack Features</h3><ul><li>Based on Descenders.The.Grand.Tour-PLAZA ISO release: plaza-descenders.the.grand.tour.iso (6,366,298,112 bytes)</li><li>Game Version: Steam BuildID 7616560 (The Grand Tour Update)</li><li>100% Lossless &amp; MD5 Perfect: all files are identical to originals after installation</li><li>NOTHING ripped, NOTHING re-encoded</li><li>Significantly smaller archive size (compressed from 5.9 to 3.5 GB)</li><li>Installation takes 5-6 minutes</li><li>After-install integrity check so you could make sure that everything installed properly</li><li>HDD space after installation: 7.2 GB (13.8 GB during installation)</li><li>Language can be changed in game settings</li><li>At least 2 GB of free RAM (inc. virtual) required for installing this repack</li></ul><div ><div><h2>Game Description</h2></div><div ><p>From the developers of Action Henk, Descenders is a fast-paced extreme downhill biking game that\u2019s easy to pick up, but difficult to master.</p><p><b>Pick a Team, Become a Legend!</b><br>In Descenders, your team is your life. When you pick a side \u2014 Enemy, Arboreal or Kinetic \u2014 you\u2019ll be bound together with other players who choose the same side as you.</p><p>Grab your bike, pick your team, and attempt to live up to the legend of your Descender. Will you join the die-hard, trick-frenzy ranks of Team Enemy, the proficient, off-road stylings of Team Arboreal, or the high-octane, speed-is-everything Team Kinetic?</p><p><b>\u201cThe Grand Tour\u201d Update introduces:</b></p><ul><li>THREE NEW BIKE PARKS</li><li>NEW MISSIONS</li><li>NEW REWARDS</li><li>NEW CUSTOM LOBBY OPTIONS</li></ul><p><b><h3>Game Features</h3></b></p><ul><li><b>Procedurally generated worlds:</b> Take on different jumps, slopes and hillbombs every time you play</li><li><b>Freestyle bike controls:</b> Control every subtle movement of your rider, with an in-depth physics system made for slick whips and scrubs</li><li><b>Rogue-Bike:</b> Earn special mutators each time you play, and work out which abilities work best for your riding style</li><li><b>Build your Rep:</b> A fully-featured online Rep system lets you show off your worth, and earn new bikes and threads</li><li><b>Fully licensed soundtrack:</b> We\u2019ve partnered up with drum &amp; bass label Liquicity to bring you the perfect soundtrack for hitting the mountains</li><li><b>Become the next Descender:</b> Can you survive the game in a single run, and reach the ranks of the legendary Descenders?</li></ul></div></div><p><b>Backwards Compatibility</b></p><p>This repack IS NOT backwards compatible with my previous Descenders repack.</p>             </div>"
}