{
    "link": "https://fitgirl-repacks.site/devil-inside-us-roots-of-evil/",
    "title": "Devil Inside Us: Roots of Evil",
    "first_img": "https://i3.imageban.ru/out/2021/10/29/33019e3008d54d47da9dac68dc9c41a9.jpg",
    "second_img": "https://s01.riotpixels.net/data/25/b5/25b580ce-d2e1-45ed-a6ac-408214d571bb.jpg.240p.jpg",
    "body": "<div ><h2>Devil Inside Us: Roots of Evil</h2><p ><div><a target=\"_blank\" href=\"https://en.riotpixels.com/games/devil-inside-us-roots-of-evil/\" rel=\"noopener\"><img class=\"alignleft\" width=\"150\" src=\"https://i3.imageban.ru/out/2021/10/29/33019e3008d54d47da9dac68dc9c41a9.jpg\"></a></div><br>Genres/Tags: <strong>Adventure, First-person, Horror, 3D</strong><br>Companies: <strong>Fernando Tittz, Ahldain Michael, Mr.Skull Game Studio</strong><br>Languages: <strong>ENG/BRA</strong><br>Original Size: <strong>6.7 GB</strong><br>Repack Size: <strong> from 4.7 GB</strong> [Selective Download]</p>&nbsp;<div>&nbsp;</div><h3>Download Mirrors</h3><ul><li><a href=\"https://1337x.to/torrent/5033385/Devil-Inside-Us-Roots-of-Evil-MULTi2-FitGirl-Repack-Selective-Download-from-4-7-GB/\" target=\"_blank\" rel=\"noopener\">1337x</a> | [<a href=\"magnet:?xt=urn:btih:06D4438C5FF17901BE855361A9A5759AC42272EC&amp;dn=Devil+Inside+Us%3A+Roots+of+Evil+%28MULTi2%29+%5BFitGirl+Repack%2C+Selective+Download+-+from+4.7+GB%5D&amp;tr=udp%3A%2F%2F46.148.18.250%3A2710&amp;tr=udp%3A%2F%2Fopentor.org%3A2710&amp;tr=udp%3A%2F%2Ftracker.coppersurfer.tk%3A6969%2Fannounce&amp;tr=udp%3A%2F%2Ftracker.opentrackr.org%3A1337%2Fannounce&amp;tr=http%3A%2F%2Ftracker.dler.org%3A6969%2Fannounce&amp;tr=udp%3A%2F%2Ftracker.leechers-paradise.org%3A6969%2Fannounce&amp;tr=udp%3A%2F%2F9.rarbg.me%3A2730%2Fannounce&amp;tr=udp%3A%2F%2F9.rarbg.to%3A2770%2Fannounce&amp;tr=udp%3A%2F%2Ftracker.pirateparty.gr%3A6969%2Fannounce&amp;tr=http%3A%2F%2Fretracker.local%2Fannounce&amp;tr=http%3A%2F%2Fretracker.ip.ncnet.ru%2Fannounce&amp;tr=udp%3A%2F%2Fexodus.desync.com%3A6969%2Fannounce&amp;tr=udp%3A%2F%2Fipv4.tracker.harry.lu%3A80%2Fannounce&amp;tr=udp%3A%2F%2Fopen.stealth.si%3A80%2Fannounce&amp;tr=udp%3A%2F%2Ftracker.zer0day.to%3A1337%2Fannounce&amp;tr=udp%3A%2F%2Ftracker.leechers-paradise.org%3A6969%2Fannounce&amp;tr=udp%3A%2F%2Fcoppersurfer.tk%3A6969%2Fannounce\">magnet</a>] [<a href=\"https://pastefg.hermietkreeft.site/?903de6e9668b03e2#8SkcsqwFgbTKFVDNcH64wZp12QNa38ukcyZzDBQ8AtXj\" target=\"_blank\" rel=\"noopener\">.torrent file only</a>] <br><img src=\"https://torrent-stats.info/5361/18255634b.png\" style=\"display:block;clear:both\"></li><li><a href=\"https://tapochek.net/viewtopic.php?p=2808501\" target=\"_blank\" rel=\"noopener\">Tapochek.net</a></li><li><a href=\"https://pastefg.hermietkreeft.site/?c03561f18c841841#FZgQqkNzL5cdhSSv9ugQTTsq2zhsWT7zUYsrFiVqFKv6\" target=\"_blank\" rel=\"noopener\">Filehoster: MultiUpload</a> (10+ hosters, interchangeable) [Use <a href=\"http://jdownloader.org/jdownloader2\" target=\"_blank\" rel=\"noopener\">JDownloader2</a>]</li><li><a href=\"https://pastefg.hermietkreeft.site/?564a22385ca783fb#3ctYX7EYEPvwWrEF9oktbweMSxARcMYRjak3iQt1kRRD\" target=\"_blank\" rel=\"noopener\">Filehoster: PixelDrain</a></li><li><a href=\"https://pastefg.hermietkreeft.site/?aaa2e629cf4b5f66#BKhsFsffxNJCN9DkgGVmJLew2ByJnSkcCCu5xP3X8TV7\" target=\"_blank\" rel=\"noopener\">Filehoster: ZippyShare</a></li><li><a href=\"https://pastefg.hermietkreeft.site/?8d8f0034a8bda11b#hBvLUftMgamPGtsLhSw98icw6HmhLB6HQPvLRw88yua\" target=\"_blank\" rel=\"noopener\">Filehoster: BayFiles</a></li><li><a href=\"https://pastefg.hermietkreeft.site/?f26cf640564e54f8#91dm34BZnXxPeM8srzVQqYTk8vYDevJ392G7Fhr8EVAL\" target=\"_blank\" rel=\"noopener\">Filehoster: LetsUpload</a> [Use <a href=\"http://jdownloader.org/jdownloader2\" target=\"_blank\" rel=\"noopener\">JDownloader2</a>]</li><li><a href=\"https://pastefg.hermietkreeft.site/?e62e5d10d211d267#262H2GnHE1vKddkd2fTe5DzUGboSmvwAzPzKp6ZNktp4\" target=\"_blank\" rel=\"noopener\">Filehoster: OneDrive</a> (Uploaded by DyR0 t(-_-t), NOT compatible with other mirrors)</li><p><!--  <li><a href=\"\" target=\"_blank\" rel=\"noopener\">Filehosters: Google Drive, OneDrive + others</a> (Uploaded by crackhub213)</li>  --></p></ul><p><a href=\"https://cs.rin.ru/forum/viewtopic.php?f=10&amp;t=116857\" target=\"_blank\" rel=\"noopener\">Discussion and (possible) future updates on CS.RIN.RU thread</a></p><h3>Screenshots (Click to enlarge)</h3><p><a target=\"_blank\" href=\"https://en.riotpixels.com/games/devil-inside-us-roots-of-evil/screenshots/8/?utm_source=emb-gfx-html&amp;utm_medium=image&amp;utm_campaign=rp-mass\" rel=\"noopener\"><img loading=\"lazy\" width=\"196\" height=\"100\" border=\"0\" src=\"https://s01.riotpixels.net/data/25/b5/25b580ce-d2e1-45ed-a6ac-408214d571bb.jpg.240p.jpg\"></a><a target=\"_blank\" href=\"https://en.riotpixels.com/games/devil-inside-us-roots-of-evil/screenshots/6/?utm_source=emb-gfx-html&amp;utm_medium=image&amp;utm_campaign=rp-mass\" rel=\"noopener\"><img loading=\"lazy\" width=\"197\" height=\"100\" border=\"0\" src=\"https://s01.riotpixels.net/data/3f/73/3f731e8f-7d6c-488a-a295-acb0ad7f3813.jpg.240p.jpg\"></a><a target=\"_blank\" href=\"https://en.riotpixels.com/games/devil-inside-us-roots-of-evil/screenshots/5/?utm_source=emb-gfx-html&amp;utm_medium=image&amp;utm_campaign=rp-mass\" rel=\"noopener\"><img loading=\"lazy\" width=\"191\" height=\"100\" border=\"0\" src=\"https://s01.riotpixels.net/data/f2/b9/f2b9a291-9101-4aa3-93fb-7efd7b82198f.jpg.240p.jpg\"></a><br><a target=\"_blank\" href=\"https://en.riotpixels.com/games/devil-inside-us-roots-of-evil/screenshots/4/?utm_source=emb-gfx-html&amp;utm_medium=image&amp;utm_campaign=rp-mass\" rel=\"noopener\"><img loading=\"lazy\" width=\"218\" height=\"100\" border=\"0\" src=\"https://s01.riotpixels.net/data/1d/29/1d290104-bab2-49ba-b85f-2b37ff049e93.jpg.240p.jpg\"></a><a target=\"_blank\" href=\"https://en.riotpixels.com/games/devil-inside-us-roots-of-evil/screenshots/3/?utm_source=emb-gfx-html&amp;utm_medium=image&amp;utm_campaign=rp-mass\" rel=\"noopener\"><img loading=\"lazy\" width=\"198\" height=\"100\" border=\"0\" src=\"https://s01.riotpixels.net/data/40/16/40161653-d446-41a2-94c3-0f8922e1c7ec.jpg.240p.jpg\"></a><a target=\"_blank\" href=\"https://en.riotpixels.com/games/devil-inside-us-roots-of-evil/screenshots/2/?utm_source=emb-gfx-html&amp;utm_medium=image&amp;utm_campaign=rp-mass\" rel=\"noopener\"><img loading=\"lazy\" width=\"199\" height=\"100\" border=\"0\" src=\"https://s01.riotpixels.net/data/e9/d1/e9d11b86-bc06-498f-9e5e-4fb96dadf622.jpg.240p.jpg\"></a></p><h3>Repack Features</h3><ul><li>Based on Devil.Inside.Us.Roots.of.Evil-PLAZA ISO release: plaza-devil.inside.us.roots.of.evil.iso (7,181,697,024 bytes)</li><li>100% Lossless &amp; MD5 Perfect: all files are identical to originals after installation</li><li>NOTHING ripped, NOTHING re-encoded</li><li>Selective Download feature: you may skip downloading and installing of main menu animated background</li><li>Significantly smaller archive size (compressed from 6.7 to 4.7/5 GB)</li><li>Installation takes 2-3 minutes (depending on your system)</li><li>After-install integrity check so you could make sure that everything installed properly</li><li>HDD space after installation: up to 12.6 GB</li><li>Language can be changed in game settings</li><li>Repack uses XTool library by Razor12911</li><li>At least 2 GB of free RAM (inc. virtual) required for installing this repack</li></ul><p><img src=\"https://c.tenor.com/NHz15qBhPuoAAAAC/scary-movie-fuckthis.gif\" width=\"400\"></p><div ><div><h2>Game Description</h2></div><div ><b>\u201cDevil Inside Us: Roots of Evil\u201d</b> is a story focused horror game<p>Play as a priest and help a family with their cursed house, explore, follow your visions, exorcize the evil!</p><p><b>History</b><br>Aughust Heylel, an exorcist legitimized by the vatican and a relevant priest doesn\u2019t belive in his own faith anymore.</p><p>He writes a letter talking about his life and his worst mission, case \u201cRoots of Evil\u201d wich started in 1984</p><p>His mission was to investigate a house with paranormal activities, but the problem was way deeper.</p><p>The case stuck into Aughust\u2019s head for more than 30 years, and now, it\u2019s finally the time to finish it!</p><p><b><h3>Game Features</h3></b></p><ul><li>Explore the house and find items, notes and cursed objects</li><li>Control a 74 year old priest and his limited movement, beware of his condition</li><li>Aughust\u2019s medium skills will take you to unusual places and guide you to solve the mistery</li><li>Use your crucifix to exorcize cursed objects and Devils.</li></ul></div></div>             </div>"
}