{
    "link": "https://fitgirl-repacks.site/dice-legacy/",
    "title": "Dice Legacy",
    "first_img": "https://i1.imageban.ru/out/2021/09/10/fdf9a3a038fa3ec0f6ec93b7f1fb2c22.jpg",
    "second_img": "https://s01.riotpixels.net/data/55/33/55334b55-47f0-424a-80e9-1a016324229d.jpg.240p.jpg",
    "body": "<div ><h2>Dice Legacy</h2><p ><div><a target=\"_blank\" href=\"https://en.riotpixels.com/games/dice-legacy/\" rel=\"noopener\"><img class=\"alignleft\" width=\"150\" src=\"https://i1.imageban.ru/out/2021/09/10/fdf9a3a038fa3ec0f6ec93b7f1fb2c22.jpg\"></a></div><br>Genres/Tags: <strong>Managerial, Strategy, Isometric, Real-time, Roguelike, 3D</strong><br>Companies: <strong>DESTINYbit, Ravenscourt, Maple Whispering Limited</strong><br>Languages: <strong>RUS/ENG/MULTI12</strong><br>Original Size: <strong>1.8 GB</strong><br>Repack Size: <strong>1 GB</strong></p>&nbsp;<div>&nbsp;</div><h3>Download Mirrors</h3><ul><li><a href=\"https://1337x.to/torrent/4979403/Dice-Legacy-MULTi12-FitGirl-Repack/\" target=\"_blank\" rel=\"noopener\">1337x</a> | [<a href=\"magnet:?xt=urn:btih:CEA694D416B6D0F448FFB9551374E7B29CE89B17&amp;dn=Dice+Legacy+%28MULTi12%29+%5BFitGirl+Repack%5D&amp;tr=udp%3A%2F%2F46.148.18.250%3A2710&amp;tr=udp%3A%2F%2Fopentor.org%3A2710&amp;tr=udp%3A%2F%2Ftracker.coppersurfer.tk%3A6969%2Fannounce&amp;tr=udp%3A%2F%2Ftracker.opentrackr.org%3A1337%2Fannounce&amp;tr=http%3A%2F%2Ftracker.dler.org%3A6969%2Fannounce&amp;tr=udp%3A%2F%2Ftracker.leechers-paradise.org%3A6969%2Fannounce&amp;tr=udp%3A%2F%2F9.rarbg.me%3A2730%2Fannounce&amp;tr=udp%3A%2F%2F9.rarbg.to%3A2770%2Fannounce&amp;tr=udp%3A%2F%2Ftracker.pirateparty.gr%3A6969%2Fannounce&amp;tr=http%3A%2F%2Fretracker.local%2Fannounce&amp;tr=http%3A%2F%2Fretracker.ip.ncnet.ru%2Fannounce&amp;tr=udp%3A%2F%2Fexodus.desync.com%3A6969%2Fannounce&amp;tr=udp%3A%2F%2Fipv4.tracker.harry.lu%3A80%2Fannounce&amp;tr=udp%3A%2F%2Fopen.stealth.si%3A80%2Fannounce&amp;tr=udp%3A%2F%2Ftracker.zer0day.to%3A1337%2Fannounce&amp;tr=udp%3A%2F%2Ftracker.leechers-paradise.org%3A6969%2Fannounce&amp;tr=udp%3A%2F%2Fcoppersurfer.tk%3A6969%2Fannounce\">magnet</a>] [<a href=\"https://pastefg.hermietkreeft.site/?d2c19c6161cdb840#FbFNUFgV3ME8DFq2jXCjzfKBTWd7zGL3uvbd7VRjs2uX\" target=\"_blank\" rel=\"noopener\">.torrent file only</a>] <br><img src=\"https://torrent-stats.info/b955/34fbfcf00.png\" style=\"display:block;clear:both\"></li><li><a href=\"http://rutor.info/torrent/833673/dice-legacy-2021-pc-repack-ot-fitgirl\" target=\"_blank\" rel=\"noopener\">RuTor</a> [<a href=\"magnet:?xt=urn:btih:cea694d416b6d0f448ffb9551374e7b29ce89b17&amp;dn=rutor.info_Dice+Legacy+%282021%29+PC+%7C+RePack+%D0%BE%D1%82+FitGirl&amp;tr=udp://opentor.net:6969&amp;tr=udp://opentor.org:2710&amp;tr=http://retracker.local/announce\">magnet</a>]</li><li><a href=\"https://tapochek.net/viewtopic.php?p=2799422\" target=\"_blank\" rel=\"noopener\">Tapochek.net</a></li><li><a href=\"https://pastefg.hermietkreeft.site/?c7927c6df3ffbfed#9SxdMBxsBhYhtRJy8CgBTNGAeZZNyQ646sgGQnZii4xz\" target=\"_blank\" rel=\"noopener\">Filehoster: MultiUpload</a> (10+ hosters, interchangeable) [Use <a href=\"http://jdownloader.org/jdownloader2\" target=\"_blank\" rel=\"noopener\">JDownloader2</a>]</li><li><a href=\"https://pastefg.hermietkreeft.site/?314b4c57552879c1#3ttshbXzJXKus2KErBSZxjJmjtD11bgP84eDiZduFK5r\" target=\"_blank\" rel=\"noopener\">Filehoster: PixelDrain</a></li><li><a href=\"https://pastefg.hermietkreeft.site/?ce9e83c0a38d9243#5vSXtpSGsgbMzx7CAqsWKU2H8CcdGQ4raDUQfEuTKL1E\" target=\"_blank\" rel=\"noopener\">Filehoster: ZippyShare</a></li><li><a href=\"https://pastefg.hermietkreeft.site/?4ee941e68a1ec07f#Z84Bf8QXj5KUu8nHBv1gsEjwrkR52QBLqXnrPYMdKbN\" target=\"_blank\" rel=\"noopener\">Filehoster: LetsUpload</a> [Use <a href=\"http://jdownloader.org/jdownloader2\" target=\"_blank\" rel=\"noopener\">JDownloader2</a>]</li><li><a href=\"https://pastefg.hermietkreeft.site/?52d44db9a38fb13c#H7xvhXAABzHEKqWdKaxiU8N2ufKfwJ1DseYsGoX3kXfY\" target=\"_blank\" rel=\"noopener\">Filehoster: OneDrive</a> (Uploaded by DyR0 t(-_-t), NOT compatible with other mirrors)</li></ul><p><a href=\"https://cs.rin.ru/forum/viewtopic.php?f=10&amp;t=115723\" target=\"_blank\" rel=\"noopener\">Discussion and (possible) future updates on CS.RIN.RU thread</a></p><h3>Screenshots (Click to enlarge)</h3><p><a target=\"_blank\" href=\"https://en.riotpixels.com/games/dice-legacy/screenshots/12/?utm_source=emb-gfx-html&amp;utm_medium=image&amp;utm_campaign=rp-mass\" rel=\"noopener\"><img loading=\"lazy\" width=\"178\" height=\"100\" border=\"0\" src=\"https://s01.riotpixels.net/data/55/33/55334b55-47f0-424a-80e9-1a016324229d.jpg.240p.jpg\"></a><a target=\"_blank\" href=\"https://en.riotpixels.com/games/dice-legacy/screenshots/11/?utm_source=emb-gfx-html&amp;utm_medium=image&amp;utm_campaign=rp-mass\" rel=\"noopener\"><img loading=\"lazy\" width=\"178\" height=\"100\" border=\"0\" src=\"https://s01.riotpixels.net/data/82/89/8289f09a-ab2d-4b9e-8563-25ad81c27ef9.jpg.240p.jpg\"></a><a target=\"_blank\" href=\"https://en.riotpixels.com/games/dice-legacy/screenshots/10/?utm_source=emb-gfx-html&amp;utm_medium=image&amp;utm_campaign=rp-mass\" rel=\"noopener\"><img loading=\"lazy\" width=\"178\" height=\"100\" border=\"0\" src=\"https://s01.riotpixels.net/data/aa/7a/aa7a3ebb-4daf-4c2b-8f86-4fbc51fa9229.jpg.240p.jpg\"></a><br><a target=\"_blank\" href=\"https://en.riotpixels.com/games/dice-legacy/screenshots/8/?utm_source=emb-gfx-html&amp;utm_medium=image&amp;utm_campaign=rp-mass\" rel=\"noopener\"><img loading=\"lazy\" width=\"178\" height=\"100\" border=\"0\" src=\"https://s01.riotpixels.net/data/ec/63/ec632b8a-75af-4aa4-9f28-b809232fe62a.jpg.240p.jpg\"></a><a target=\"_blank\" href=\"https://en.riotpixels.com/games/dice-legacy/screenshots/6/?utm_source=emb-gfx-html&amp;utm_medium=image&amp;utm_campaign=rp-mass\" rel=\"noopener\"><img loading=\"lazy\" width=\"178\" height=\"100\" border=\"0\" src=\"https://s01.riotpixels.net/data/bf/fc/bffc2b9e-0177-41c7-9efd-c989874c61fe.jpg.240p.jpg\"></a><a target=\"_blank\" href=\"https://en.riotpixels.com/games/dice-legacy/screenshots/3/?utm_source=emb-gfx-html&amp;utm_medium=image&amp;utm_campaign=rp-mass\" rel=\"noopener\"><img loading=\"lazy\" width=\"178\" height=\"100\" border=\"0\" src=\"https://s01.riotpixels.net/data/15/7d/157d7c70-2880-4fc0-8227-12acf163bd4a.jpg.240p.jpg\"></a></p><h3>Repack Features</h3><ul><li>Based on Dice.Legacy-CODEX ISO release: codex-dice.legacy.iso (1,884,356,608 bytes)</li><li>100% Lossless &amp; MD5 Perfect: all files are identical to originals after installation</li><li>NOTHING ripped, NOTHING re-encoded</li><li>Significantly smaller archive size (compressed from 1.8 to 1 GB)</li><li>Installation takes 2-3 minutes</li><li>After-install integrity check so you could make sure that everything installed properly</li><li>HDD space after installation: 2.6 GB</li><li>Language can be changed in game settings</li><li>At least 2 GB of free RAM (inc. virtual) required for installing this repack</li></ul><div ><div><h2>Game Description</h2></div><div ><b>THE GAME</b><br>In this roguelike survival city builder, you lead your realm by rolling the dice \u2013 literally, because the dice rolls determining your fate aren\u2019t happening in the background but are one of the main gameplay elements of Dice Legacy. Discover uncharted lands and guide your loyal subjects.<p>Put your faith in the dice as you gather resources, construct buildings and expand the borders of your realm. Create a strategy that fits your playstyle as you explore the wilderness. Test your luck as you make contact with the enigmatic factions populating the ringworld. But beware: something wicked is lurking in the mists beyond your realm, waiting for its chance to strike.</p><p><b>THE WORLD</b><br>The enigmatic ring-shaped world of Dice Legacy seamlessly blends medieval and steampunk aesthetics, paying tribute to the steadily growing fascination of tabletop and miniature games. You land on the shores of a new, uncharted continent and raise and evolve your settlement, exploring the wilderness in the meantime.</p><p>On the other side of the ring, The Others await \u2013 unknown and ancient and yet eerily familiar at the same time. The Others pledged themselves to worshipping an ancient being, so powerful it is said to be able to change the very fabric of destiny itself. Will you fall prey to these tempting promises or be able to resist and face the truth?</p><p><b><h3>Game Features</h3></b></p><ul><li>Your dice represent the subjects of your realm. Keep them happy and healthy by providing food, ale and medicinal herbs \u2013 otherwise they might starve, get sick, be injured in combat or even freeze to death in the unforgiving cold of the winter blizzard.</li><li>Adapt your playstyle to the procedurally generated ringworld that is waiting for you to explore it. Chart the wilderness, gather ressources and construct new buildings to establish your rule. Recruit new subjects and research new technologies as you build your strategy to survive the winter.</li><li>Your population starts out as humble peasants, but as you roll your way to a clever strategy, they advance and become citizens, soldiers, priests or merchants. Work with the Council and pass new Policies to keep the various dice classes happy and potentially change the course of the game.</li><li>Create mighty Constructs by forging dice together and empower faces to unlock unique dice abilities. Create the ultimate dice to ensure your triumph through various playthroughs.</li><li>Roll. Die. Repeat. Unlock all 6 rulers and find out which fits your playstyle best. Face different starting conditions and get the hang of varied wager abilities. Every playthrough of Dice Legacy is unique and presents you with the chance to discover the secret that is hidden in the mists of the ringworld.</li><li>Discover mysterious civilizations and reveal the secrets of the ring. Defend your settlement against The Others. Find out who they are, how they got to this uncharted land and what lurks in the mists beyond their city.</li></ul></div></div>             </div>"
}