{
    "link": "https://fitgirl-repacks.site/dirt-5/",
    "title": "DIRT 5: Year One Edition \u2013 v1.2767.60.0 (Windows Store UWP Build) + All DLCs + Multiplayer",
    "first_img": "https://i7.imageban.ru/out/2022/04/09/df2bd12810e7df6e7ef4336c9ddb4544.jpg",
    "second_img": "https://s01.riotpixels.net/data/3a/a8/3aa8fb44-9785-4a4a-a43a-736afa6de428.jpg.240p.jpg",
    "body": "<div ><h2>DIRT 5: Year One Edition \u2013 v1.2767.60.0 (Windows Store UWP Build) + All DLCs + Multiplayer</h2><p ><div><a target=\"_blank\" href=\"https://en.riotpixels.com/games/dirt-5/\" rel=\"noopener\"><img class=\"alignleft\" width=\"150\" src=\"https://i7.imageban.ru/out/2022/04/09/df2bd12810e7df6e7ef4336c9ddb4544.jpg\"></a></div><br>Genres/Tags: <strong>Arcade, Racing, First-person, Third-person, 3D</strong><br>Companies: <strong>Codemasters, Electronic Arts</strong><br>Languages: <strong>ENG/MULTI9</strong><br><strong style=\"color: red\">This game requires Windows 10 v1909 and above</strong><br>Original Size: <strong>38.9 GB</strong><br>Repack Size: <strong>17.9/19.6 GB</strong></p>&nbsp;<div>&nbsp;</div><h3>Download Mirrors</h3><ul><li><a href=\"https://1337x.to/torrent/5212944/DIRT-5-Year-One-Edition-v1-2767-60-0-All-DLCs-Multiplayer-MULTi9-FitGirl-Repack-Selective-Download-from-17-9-GB/\" target=\"_blank\" rel=\"noopener\">1337x</a> | [<a href=\"magnet:?xt=urn:btih:BC6B147D52F8EBA47B14465B63C2CB99BC3985B9&amp;dn=DIRT+5%3A+Year+One+Edition+%28v1.2767.60.0+%2B+All+DLCs+%2B+Multiplayer%2C+MULTi9%29+%5BFitGirl+Repack%2C+Selective+Download+-+from+17.9+GB%5D&amp;tr=udp%3A%2F%2F46.148.18.250%3A2710&amp;tr=udp%3A%2F%2Fopentor.org%3A2710&amp;tr=udp%3A%2F%2Ftracker.coppersurfer.tk%3A6969%2Fannounce&amp;tr=udp%3A%2F%2Ftracker.opentrackr.org%3A1337%2Fannounce&amp;tr=http%3A%2F%2Ftracker.dler.org%3A6969%2Fannounce&amp;tr=udp%3A%2F%2Ftracker.leechers-paradise.org%3A6969%2Fannounce&amp;tr=udp%3A%2F%2F9.rarbg.me%3A2730%2Fannounce&amp;tr=udp%3A%2F%2F9.rarbg.to%3A2770%2Fannounce&amp;tr=udp%3A%2F%2Ftracker.pirateparty.gr%3A6969%2Fannounce&amp;tr=http%3A%2F%2Fretracker.local%2Fannounce&amp;tr=http%3A%2F%2Fretracker.ip.ncnet.ru%2Fannounce&amp;tr=udp%3A%2F%2Fexodus.desync.com%3A6969%2Fannounce&amp;tr=udp%3A%2F%2Fipv4.tracker.harry.lu%3A80%2Fannounce&amp;tr=udp%3A%2F%2Fopen.stealth.si%3A80%2Fannounce&amp;tr=udp%3A%2F%2Ftracker.opentrackr.org%3A1337%2Fannounce&amp;tr=http%3A%2F%2Ftracker.openbittorrent.com%3A80%2Fannounce&amp;tr=udp%3A%2F%2Fopentracker.i2p.rocks%3A6969%2Fannounce&amp;tr=udp%3A%2F%2Ftracker.internetwarriors.net%3A1337%2Fannounce&amp;tr=udp%3A%2F%2Ftracker.leechers-paradise.org%3A6969%2Fannounce&amp;tr=udp%3A%2F%2Fcoppersurfer.tk%3A6969%2Fannounce&amp;tr=udp%3A%2F%2Ftracker.zer0day.to%3A1337%2Fannounce\">magnet</a>] [<a href=\"https://pastefg.hermietkreeft.site/?a3d8516fcf206bd6#FKzkXKnmvtaRSQQzXQ2aY9QHEh4Cv4L5EznAbfG17h18\" target=\"_blank\" rel=\"noopener\">.torrent file only</a>] <br><img src=\"https://torrent-stats.info/465b/1534546ca.png\" style=\"display:block;clear:both\"></li><li><a href=\"https://tapochek.net/viewtopic.php?p=2845187\" target=\"_blank\" rel=\"noopener\">Tapochek.net</a></li><li><a href=\"https://pastefg.hermietkreeft.site/?a007db50b45b1460#EHnZkAozhumrsyRFygG7W5N5ZNWtXC7J24F7H9FBYYPC\" target=\"_blank\" rel=\"noopener\">Filehoster: MultiUpload</a> (10+ hosters, interchangeable) [Use <a href=\"http://jdownloader.org/jdownloader2\" target=\"_blank\" rel=\"noopener\">JDownloader2</a>]</li><li><a href=\"https://pastefg.hermietkreeft.site/?c4a6b05d4b72d2db#6k74idy8UyiyWTJDeeuns3XKihTgE75hPiZTWDTQZBAE\" target=\"_blank\" rel=\"noopener\">Filehoster: ZippyShare</a></li><li><a href=\"https://pastefg.hermietkreeft.site/?ecc25a67283d11bf#E6rwuxtrz52faCUn1g6umuzfPi9askJMv5SC6y7zDvvW\" target=\"_blank\" rel=\"noopener\">Filehoster: BayFiles</a></li><li><a href=\"https://pastefg.hermietkreeft.site/?440a268eabc761cf#5r4FrAjZG7fTPLTMhVjM7DVuro6TwpsGVB5556mSGAKa\" target=\"_blank\" rel=\"noopener\">Filehoster: OneDrive</a> (Uploaded by DyR0 t(-_-t), NOT compatible with other mirrors)</li><p><!--  <li><a href=\"\" target=\"_blank\" rel=\"noopener\">Filehosters: Google Drive, OneDrive + others</a> (Uploaded by crackhub213)</li>  --></p></ul><p><a href=\"https://cs.rin.ru/forum/viewtopic.php?f=10&amp;t=105296\" target=\"_blank\" rel=\"noopener\">Discussion and (possible) future updates on CS.RIN.RU thread</a></p><h3>Screenshots (Click to enlarge)</h3><p><a target=\"_blank\" href=\"https://en.riotpixels.com/games/dirt-5/screenshots/25/?utm_source=emb-gfx-html&amp;utm_medium=image&amp;utm_campaign=rp-mass\" rel=\"noopener\"><img loading=\"lazy\" width=\"178\" height=\"100\" border=\"0\" src=\"https://s01.riotpixels.net/data/3a/a8/3aa8fb44-9785-4a4a-a43a-736afa6de428.jpg.240p.jpg\"></a><a target=\"_blank\" href=\"https://en.riotpixels.com/games/dirt-5/screenshots/17/?utm_source=emb-gfx-html&amp;utm_medium=image&amp;utm_campaign=rp-mass\" rel=\"noopener\"><img loading=\"lazy\" width=\"178\" height=\"100\" border=\"0\" src=\"https://s01.riotpixels.net/data/b2/86/b286dc51-9180-4a6b-882d-86a3c2cefaed.jpg.240p.jpg\"></a><a target=\"_blank\" href=\"https://en.riotpixels.com/games/dirt-5/screenshots/14/?utm_source=emb-gfx-html&amp;utm_medium=image&amp;utm_campaign=rp-mass\" rel=\"noopener\"><img loading=\"lazy\" width=\"178\" height=\"100\" border=\"0\" src=\"https://s01.riotpixels.net/data/c7/7e/c77e367c-3a55-48f9-91f4-90f65f1cea9b.jpg.240p.jpg\"></a><br><a target=\"_blank\" href=\"https://en.riotpixels.com/games/dirt-5/screenshots/12/?utm_source=emb-gfx-html&amp;utm_medium=image&amp;utm_campaign=rp-mass\" rel=\"noopener\"><img loading=\"lazy\" width=\"178\" height=\"100\" border=\"0\" src=\"https://s01.riotpixels.net/data/ca/8f/ca8fd4cc-a0d2-4f09-b1d7-0d01c8fdafc1.jpg.240p.jpg\"></a><a target=\"_blank\" href=\"https://en.riotpixels.com/games/dirt-5/screenshots/9/?utm_source=emb-gfx-html&amp;utm_medium=image&amp;utm_campaign=rp-mass\" rel=\"noopener\"><img loading=\"lazy\" width=\"178\" height=\"100\" border=\"0\" src=\"https://s01.riotpixels.net/data/ce/a8/cea8f8fe-117c-48b2-88f5-cf899b950dc8.jpg.240p.jpg\"></a><a target=\"_blank\" href=\"https://en.riotpixels.com/games/dirt-5/screenshots/2/?utm_source=emb-gfx-html&amp;utm_medium=image&amp;utm_campaign=rp-mass\" rel=\"noopener\"><img loading=\"lazy\" width=\"178\" height=\"100\" border=\"0\" src=\"https://s01.riotpixels.net/data/12/69/1269af8e-3902-4c4e-99e2-6d70907feb65.jpg.240p.jpg\"></a></p><h3>Repack Features</h3><ul><li>Based on v1.2767.60.0 Windows Store UWP Build: 38.9 GB, thanks to 0xdeadc0de!</li><li>UWP crack/fixer V2 applied over, thanks to 0xdeadc0de!</li><li>13 DLCs are included and activated</li><li>Alternative, fully offline crack by Razor1911 located in NoDVD folder after installation. Be advised, that it doesn\u2019t unlock any DLCs, unlike 0xdeadc0de crack</li><li>100% Lossless &amp; MD5 Perfect: all files are identical to originals after installation (ONLY when installed with 4K videos)</li><li>NOTHING ripped, NOTHING re-encoded</li><li>Selective Download feature: you may skip downloading and installing of 4K Videos</li><li>Significantly smaller archive size (compressed from 38.9 to 17.9/19.6 GB)</li><li>Installation takes 7-20 minutes (depending on your system)</li><li>After-install integrity check so you could make sure that everything installed properly</li><li>HDD space after installation: 38.9 GB</li><li>Language is set by the game based on your OS language</li><li>Repack uses XTool library by Razor12911</li><li>At least 2 GB of free RAM (inc. virtual) required for installing this repack</li></ul><div ><div Crack Installation</div><div ><ul><li>Run \u201cDIRT 5 (Install Crack)\u201d shortcut as admin first, then press enter when following the given sequence of actions to install the app through CMD: (3 -&gt; 1 -&gt; 4 -&gt; 5)</li><li>After completing the above CMD sequence, run the game from the start menu; use a fake abox account to log in and play the game</li><li>If experiencing login issues when launching the game, then install/re-install services from \u201c_Support\u201d folder</li></ul></div></div><div ><div><h2>Game Description</h2></div><div ><p>DIRT 5 is a fun, amplified, off-road arcade racing experience created by Codemasters. Blaze a trail on routes across the world, covering gravel, ice, snow and sand, with a roster of cars ranging from rally icons to trucks, to GT heroes. With a star-studded Career, four-player split-screen, innovative online modes, livery editor and more new features, DIRT 5 is the next generation of extreme racing.</p><p><b><h3>Game Features</h3></b></p><ul><li><b>Let Loose:</b> Whilst respecting the heritage and retaining the DNA of the franchise, DIRT 5 writes a new chapter in the legacy of DIRT \u2013 bolder and braver than ever before. New features, new innovations and a fresh approach make DIRT 5 a hub of off-road racing, style and culture, where you can constantly create highlight-reel moments.</li><li><b>Blaze a Trail Across the Globe:</b> Take a trip around the world to and race on over 70+ unique routes across 10 different global locations in stunning, dynamic environments. From racing on the frozen East River in New York, to under the Christ the Redeemer in Brazil, to shining by the Northern Lights at Norway, take on opponents, the terrain and extreme, everchanging conditions.</li><li><b>Push The Limits with Incredible Cars:</b> Get behind the wheel of an eclectic and exciting roster of cars. Conquer the toughest of terrain with boulder-beating machines, take iconic rally cars to new locations, or feel the power of 900bhp sprint cars. Rallycross, GT, trophy trucks, buggies muscle cars complete the ultimate off-road garage.</li><li><b>Own the Spotlight in a Star-Studded Career:</b> Under the tutelage of an icon, all eyes are on you to become the new star of an amplified world of off-road racing. Earn sponsorships and unique rewards, conquer all locations, and take on a fierce rival in our biggest ever Career.</li><li><b>Compete or Co-Operate in Off-Road Action:</b> Local split-screen up to four players on offline modes, including Career, makes DIRT 5 the perfect couch multiplayer racing game as you battle for position with your friends. Online, throw down in curated race playlists for up to 12 players and compete in innovative objective-based modes.</li><li><b>Create and Capture with New Features:</b> Capture your biggest jumps and best moves with a detailed Photo Mode, and show your creative flair with DIRT\u2019s deepest-ever livery editor for all cars. Plus, more brand new features that allow all players to create and play in DIRT like never before.</li></ul><p><b>Included DLCs:</b></p><ul><li>Year One Lanyard</li><li>DIRT5 Amplified</li><li>Amplified Edition Lanyard</li><li>Porsche Macan</li><li>Ford F-150 Raptor PreRunner</li><li>Super Size Pack</li><li>Uproar Content Pack</li><li>Gamepass Bonus Pack</li><li>Gameplay Booster Pack</li><li>Junkyard Playground Pack</li><li>Junkyard Career Pack</li><li>Wild Spirits Content Pack</li></ul></div></div>             </div>"
}