{
    "link": "https://fitgirl-repacks.site/disco-elysium/",
    "title": "Disco Elysium: The Final Cut \u2013 GOG Build c09c4438",
    "first_img": "https://i4.imageban.ru/out/2021/10/18/a16cd4d6ac7ec8cc913af4d4dfb45456.jpg",
    "second_img": "https://s01.riotpixels.net/data/da/d1/dad19ded-233f-4887-b8c5-941b865c0f1f.jpg.240p.jpg",
    "body": "<div ><h2>Disco Elysium: The Final Cut \u2013 GOG Build c09c4438</h2><p ><div><a target=\"_blank\" href=\"https://en.riotpixels.com/games/disco-elysium/\" rel=\"noopener\"><img class=\"alignleft\" width=\"150\" src=\"https://i4.imageban.ru/out/2021/10/18/a16cd4d6ac7ec8cc913af4d4dfb45456.jpg\"></a></div><br>Genres/Tags: <strong>RPG, Open world, Isometric, 3D models on 2D backgrounds</strong><br>Company: <strong>ZA/UM</strong><br>Languages: <strong>RUS/ENG/MULTi9</strong><br>Original Size: <strong>8.7 GB</strong><br>Repack Size: <strong>7.8 GB</strong></p>&nbsp;<div>&nbsp;</div><h3>Download Mirrors</h3><ul><li><a href=\"https://1337x.to/torrent/5022181/Disco-Elysium-The-Final-Cut-GOG-Build-5a8522d9-Bonus-Content-MULTi9-FitGirl-Repack/\" target=\"_blank\" rel=\"noopener\">1337x</a> | [<a href=\"magnet:?xt=urn:btih:B48A973F28C9DD2877E2E176B8240F2270EB0BF4&amp;dn=Disco+Elysium%3A+The+Final+Cut+%28GOG+Build+5a8522d9+%2B+Bonus+Content%2C+MULTi9%29+%5BFitGirl+Repack%5D&amp;tr=udp%3A%2F%2F46.148.18.250%3A2710&amp;tr=udp%3A%2F%2Fopentor.org%3A2710&amp;tr=udp%3A%2F%2Ftracker.coppersurfer.tk%3A6969%2Fannounce&amp;tr=udp%3A%2F%2Ftracker.opentrackr.org%3A1337%2Fannounce&amp;tr=http%3A%2F%2Ftracker.dler.org%3A6969%2Fannounce&amp;tr=udp%3A%2F%2Ftracker.leechers-paradise.org%3A6969%2Fannounce&amp;tr=udp%3A%2F%2F9.rarbg.me%3A2730%2Fannounce&amp;tr=udp%3A%2F%2F9.rarbg.to%3A2770%2Fannounce&amp;tr=udp%3A%2F%2Ftracker.pirateparty.gr%3A6969%2Fannounce&amp;tr=http%3A%2F%2Fretracker.local%2Fannounce&amp;tr=http%3A%2F%2Fretracker.ip.ncnet.ru%2Fannounce&amp;tr=udp%3A%2F%2Fexodus.desync.com%3A6969%2Fannounce&amp;tr=udp%3A%2F%2Fipv4.tracker.harry.lu%3A80%2Fannounce&amp;tr=udp%3A%2F%2Fopen.stealth.si%3A80%2Fannounce&amp;tr=udp%3A%2F%2Ftracker.zer0day.to%3A1337%2Fannounce&amp;tr=udp%3A%2F%2Ftracker.leechers-paradise.org%3A6969%2Fannounce&amp;tr=udp%3A%2F%2Fcoppersurfer.tk%3A6969%2Fannounce\">magnet</a>] [<a href=\"https://pastefg.hermietkreeft.site/?548500a60bf65402#JBbGG3aLtdtQfo3dpRr7EDKVE4fXwvcp7kmo1newEDjJ\" target=\"_blank\" rel=\"noopener\">.torrent file only</a>] <br><img src=\"https://torrent-stats.info/e176/411259448.png\" style=\"display:block;clear:both\"></li><li><a href=\"http://rutor.info/torrent/840306/disco-elysium-the-final-cut-build-5a8522d9-bonus-2021-pc-repack-ot-fitgirl\" target=\"_blank\" rel=\"noopener\">RuTor</a> [<a href=\"magnet:?xt=urn:btih:b48a973f28c9dd2877e2e176b8240f2270eb0bf4&amp;dn=rutor.info_Disco+Elysium%3A+The+Final+Cut+%5BBuild+5a8522d9+%2B+Bonus%5D+%282021%29+PC+%7C+RePack+%D0%BE%D1%82+FitGirl&amp;tr=udp://opentor.net:6969&amp;tr=udp://opentor.org:2710&amp;tr=http://retracker.local/announce\">magnet</a>]</li><li><a href=\"https://tapochek.net/viewtopic.php?p=2806461\" target=\"_blank\" rel=\"noopener\">Tapochek.net</a></li><li><a href=\"https://pastefg.hermietkreeft.site/?d31029b5aba105ee#8iwtjh9E3wVifYAKgYEPx6TboeEZ2MoVX2xmkHhEcijw\" target=\"_blank\" rel=\"noopener\">Filehoster: MultiUpload</a> (10+ hosters, interchangeable) [Use <a href=\"http://jdownloader.org/jdownloader2\" target=\"_blank\" rel=\"noopener\">JDownloader2</a>]</li><li><a href=\"https://pastefg.hermietkreeft.site/?b7b16508a92520f6#G5Q6D5ByQ3gHGrBH1b4D2Z4eRADBnqsnhFiRKRwJwaXK\" target=\"_blank\" rel=\"noopener\">Filehoster: PixelDrain</a></li><li><a href=\"https://pastefg.hermietkreeft.site/?757698c801dd715f#276vHfKCmRiS1QLAH9hbJxqefkebHW8EZnAPpJ3DTTdS\" target=\"_blank\" rel=\"noopener\">Filehoster: ZippyShare</a></li><li><a href=\"https://pastefg.hermietkreeft.site/?96cfc57a07e569f0#XKXQq6eDRCsFZG9zjirM5ujRWRF9rCxvjMK2fn1KS1p\" target=\"_blank\" rel=\"noopener\">Filehoster: LetsUpload</a> [Use <a href=\"http://jdownloader.org/jdownloader2\" target=\"_blank\" rel=\"noopener\">JDownloader2</a>]</li><li><a href=\"https://pastefg.hermietkreeft.site/?b2c312ccfd76d3c8#TLMsawUCc7dLxzpyzNmuSr7i19GxpFwTfVmX1kvhs4s\" target=\"_blank\" rel=\"noopener\">Filehoster: OneDrive</a> (Uploaded by DyR0 t(-_-t), NOT compatible with other mirrors)</li><li><a href=\"https://crackhub.site/disco-elysium-the-final-cut-gog-build-5a8522d9-bonus-content-fitgirl-repack/\" target=\"_blank\" rel=\"noopener\">Filehosters: Google Drive, OneDrive + others</a> (Uploaded by crackhub213)</li></ul><p><a href=\"https://cs.rin.ru/forum/viewtopic.php?f=10&amp;t=93596\" target=\"_blank\" rel=\"noopener\">Discussion and (possible) future updates on CS.RIN.RU thread</a></p><h3>Screenshots (Click to enlarge)</h3><p><a target=\"_blank\" href=\"https://en.riotpixels.com/games/disco-elysium/screenshots/112/?utm_source=emb-gfx-html&amp;utm_medium=image&amp;utm_campaign=rp-mass\" rel=\"noopener\"><img loading=\"lazy\" width=\"178\" height=\"100\" border=\"0\" src=\"https://s01.riotpixels.net/data/da/d1/dad19ded-233f-4887-b8c5-941b865c0f1f.jpg.240p.jpg\"></a><a target=\"_blank\" href=\"https://en.riotpixels.com/games/disco-elysium/screenshots/111/?utm_source=emb-gfx-html&amp;utm_medium=image&amp;utm_campaign=rp-mass\" rel=\"noopener\"><img loading=\"lazy\" width=\"178\" height=\"100\" border=\"0\" src=\"https://s01.riotpixels.net/data/cb/41/cb413f55-dd60-4e79-9a13-cbfb907f4e1b.jpg.240p.jpg\"></a><a target=\"_blank\" href=\"https://en.riotpixels.com/games/disco-elysium/screenshots/101/?utm_source=emb-gfx-html&amp;utm_medium=image&amp;utm_campaign=rp-mass\" rel=\"noopener\"><img loading=\"lazy\" width=\"178\" height=\"100\" border=\"0\" src=\"https://s01.riotpixels.net/data/1b/99/1b990b2a-3f77-4cf4-9ebc-6d5e0910e7a0.jpg.240p.jpg\"></a><br><a target=\"_blank\" href=\"https://en.riotpixels.com/games/disco-elysium/screenshots/95/?utm_source=emb-gfx-html&amp;utm_medium=image&amp;utm_campaign=rp-mass\" rel=\"noopener\"><img loading=\"lazy\" width=\"178\" height=\"100\" border=\"0\" src=\"https://s01.riotpixels.net/data/ff/e6/ffe6b363-383f-4c33-bc05-2f4c190202f0.jpg.240p.jpg\"></a><a target=\"_blank\" href=\"https://en.riotpixels.com/games/disco-elysium/screenshots/74/?utm_source=emb-gfx-html&amp;utm_medium=image&amp;utm_campaign=rp-mass\" rel=\"noopener\"><img loading=\"lazy\" width=\"178\" height=\"100\" border=\"0\" src=\"https://s01.riotpixels.net/data/2c/50/2c5015ec-e2ee-48bd-ad29-6bfd1077b7d3.jpg.240p.jpg\"></a><a target=\"_blank\" href=\"https://en.riotpixels.com/games/disco-elysium/screenshots/33/?utm_source=emb-gfx-html&amp;utm_medium=image&amp;utm_campaign=rp-mass\" rel=\"noopener\"><img loading=\"lazy\" width=\"178\" height=\"100\" border=\"0\" src=\"https://s01.riotpixels.net/data/14/d1/14d12820-2c16-49d9-ad95-d9d8a0083376.jpg.240p.jpg\"></a></p><h3>Repack Features</h3><ul><li>Based on Disco.Elysium.The.Final.Cut.GOG-InsaneRamZes GOG release: 8.7 GB</li><li>Game version: GOG Build 5a8522d9; Bonus wallpapers and artbooklet are included by default</li><li>100% Lossless &amp; MD5 Perfect: all files are identical to originals after installation</li><li>NOTHING ripped, NOTHING re-encoded</li><li>Slightly smaller archive size (compressed from 8.7 to 7.8 GB)</li><li>Installation takes: ~4 minutes on 8-threads CPU; ~7 minutes on 4-threads CPU</li><li>After-install integrity check so you could make sure that everything installed properly</li><li>HDD space after installation: 9.5 GB</li><li>Language can be changed in game settings</li><li>At least 2 GB of free RAM (inc. virtual) required for installing this repack</li></ul><div ><div><h2>Game Description</h2></div><div >Disco Elysium \u2013 The Final Cut is the definitive edition of the groundbreaking role playing game. You\u2019re a detective with a unique skill system at your disposal and a whole city block to carve your path across. Interrogate unforgettable characters, crack murders, or take bribes. Become a hero or an absolute disaster of a human being.<p><b><h3>Game Features</h3></b></p><ul><li>Full voice acting. All of the city\u2019s beautiful people are brought to life with full English voiceover. Play characters against each other, try to help them, or fall hopelessly in love as each word is spoken to you with the appropriate accent and emotion.</li><li>New political vision quests. Face the reality of your worldview as your political compass leads you down new paths. Discover more citizens, a whole extra area, and monumental sights as you leave an even bigger mark on the world by chasing your dreams.</li><li>Unprecedented freedom of choice. Intimidate, sweet-talk, resort to violence, write poetry, sing karaoke, dance like a beast, or solve the meaning of life. Disco Elysium \u2013 The Final Cut is the most faithful representation of desktop role playing ever attempted in video games.</li><li>Countless tools for role playing. Mix and match from 24 wildly different skills. Develop a personal style with over 80 clothing items. Wield 14 tools from guns to flashlights to a boombox, or pour yourself a cocktail of 6 different psychoactive substances. Develop your character even further with 60 wild thoughts to think \u2013 with the detective\u2019s Thought Cabinet.</li><li>A revolutionary dialogue system with unforgettable characters. The world is alive with real people, not extras. Ask probing questions, make insightful observations, or express your wildest desires as you play cop or something completely different. Disco Elysium\u2019s revolutionary dialogue system lets you do almost anything.</li><li>Carve your unique path across the city. Explore, manipulate, collect tare, or become a millionaire in an open world unlike anything you\u2019ve seen before. The city of Revachol is yours for the taking, one small piece at a time. From the streets to the beaches \u2013 and beyond.</li><li>Hard boiled, hard core. Death, sex, taxes, and disco \u2013 nothing is off the table. Revachol is a real place with real challenges. Solve a massive murder investigation, or relax and kick back with sprawling side-cases. The detective decides, the citizens abide.</li></ul></div></div><p><b>Backwards Compatibility</b></p><p>This repack is NOT backwards compatible with my previous DE repacks.</p>             </div>"
}