{
    "link": "https://fitgirl-repacks.site/doctor-who-the-edge-of-reality/",
    "title": "Doctor Who: The Edge of Reality",
    "first_img": "https://i3.imageban.ru/out/2021/10/14/7db94d06389effe75ce5edf43cb066cd.jpg",
    "second_img": "https://s01.riotpixels.net/data/1c/f0/1cf0925c-0ea4-47cd-88aa-f1450009b8ea.jpg.240p.jpg",
    "body": "<div ><h2>Doctor Who: The Edge of Reality</h2><p ><div><a target=\"_blank\" href=\"https://en.riotpixels.com/games/doctor-who-the-edge-of-reality/\" rel=\"noopener\"><img class=\"alignleft\" width=\"150\" src=\"https://i3.imageban.ru/out/2021/10/14/7db94d06389effe75ce5edf43cb066cd.jpg\"></a></div><br>Genres/Tags: <strong>Adventure, First-person, 3D</strong><br>Companies: <strong>Maze Theory Ltd, Just Add Water, Ltd., Another Indie, Neon Doctrine</strong><br>Languages: <strong>RUS/ENG/MULTI12</strong><br>Original Size: <strong>6.9 GB</strong><br>Repack Size: <strong>4.6 GB</strong></p>&nbsp;<div>&nbsp;</div><h3>Download Mirrors</h3><ul><li><a href=\"https://1337x.to/torrent/5017687/Doctor-Who-The-Edge-of-Reality-MULTi12-FitGirl-Repack/\" target=\"_blank\" rel=\"noopener\">1337x</a> | [<a href=\"magnet:?xt=urn:btih:3BE8ECDDBC7C357F6551C3F22B10715D85B9A1F4&amp;dn=Doctor+Who%3A+The+Edge+of+Reality+%28MULTi12%29+%5BFitGirl+Repack%5D&amp;tr=udp%3A%2F%2F46.148.18.250%3A2710&amp;tr=udp%3A%2F%2Fopentor.org%3A2710&amp;tr=udp%3A%2F%2Ftracker.coppersurfer.tk%3A6969%2Fannounce&amp;tr=udp%3A%2F%2Ftracker.opentrackr.org%3A1337%2Fannounce&amp;tr=http%3A%2F%2Ftracker.dler.org%3A6969%2Fannounce&amp;tr=udp%3A%2F%2Ftracker.leechers-paradise.org%3A6969%2Fannounce&amp;tr=udp%3A%2F%2F9.rarbg.me%3A2730%2Fannounce&amp;tr=udp%3A%2F%2F9.rarbg.to%3A2770%2Fannounce&amp;tr=udp%3A%2F%2Ftracker.pirateparty.gr%3A6969%2Fannounce&amp;tr=http%3A%2F%2Fretracker.local%2Fannounce&amp;tr=http%3A%2F%2Fretracker.ip.ncnet.ru%2Fannounce&amp;tr=udp%3A%2F%2Fexodus.desync.com%3A6969%2Fannounce&amp;tr=udp%3A%2F%2Fipv4.tracker.harry.lu%3A80%2Fannounce&amp;tr=udp%3A%2F%2Fopen.stealth.si%3A80%2Fannounce&amp;tr=udp%3A%2F%2Ftracker.zer0day.to%3A1337%2Fannounce&amp;tr=udp%3A%2F%2Ftracker.leechers-paradise.org%3A6969%2Fannounce&amp;tr=udp%3A%2F%2Fcoppersurfer.tk%3A6969%2Fannounce\">magnet</a>] [<a href=\"https://pastefg.hermietkreeft.site/?bb7174ca920a638b#3hUcr5v4RgKzfQ1xF5EfnYoUGYLDy6a9SPHPvoeZgdMD\" target=\"_blank\" rel=\"noopener\">.torrent file only</a>] <br><img src=\"https://torrent-stats.info/c3f2/387af4ade.png\" style=\"display:block;clear:both\"></li><li><a href=\"http://rutor.info/torrent/839459/doctor-who-the-edge-of-reality-2021-pc-repack-ot-fitgirl\" target=\"_blank\" rel=\"noopener\">RuTor</a> [<a href=\"magnet:?xt=urn:btih:3be8ecddbc7c357f6551c3f22b10715d85b9a1f4&amp;dn=rutor.info_Doctor+Who%3A+The+Edge+of+Reality+%282021%29+PC+%7C+RePack+%D0%BE%D1%82+FitGirl&amp;tr=udp://opentor.net:6969&amp;tr=udp://opentor.org:2710&amp;tr=http://retracker.local/announce\">magnet</a>]</li><li><a href=\"https://tapochek.net/viewtopic.php?p=2805781\" target=\"_blank\" rel=\"noopener\">Tapochek.net</a></li><li><a href=\"https://pastefg.hermietkreeft.site/?f79f0dc1b450eb37#9dhGStYJNcKaUCgoW5WZHbaKo74cSe897phYjkvBZAyt\" target=\"_blank\" rel=\"noopener\">Filehoster: MultiUpload</a> (10+ hosters, interchangeable) [Use <a href=\"http://jdownloader.org/jdownloader2\" target=\"_blank\" rel=\"noopener\">JDownloader2</a>]</li><li><a href=\"https://pastefg.hermietkreeft.site/?c7f543864d172ddd#FZgNCTjzet7AnzkgtxCvfEaaqu79Z66ni2rFJ7gp3BS4\" target=\"_blank\" rel=\"noopener\">Filehoster: PixelDrain</a></li><li><a href=\"https://pastefg.hermietkreeft.site/?0ba6ad0d83b86cd9#H6JZ1dAjk8aYsLJKumE6w8CYQVRZiszHErh96L8wvPGt\" target=\"_blank\" rel=\"noopener\">Filehoster: ZippyShare</a></li><li><a href=\"https://pastefg.hermietkreeft.site/?ed00dc71b2e5b041#4V3fZoHtV5e5jS4fQFuRSmn95CdRv2T7pJmjCECiKg2J\" target=\"_blank\" rel=\"noopener\">Filehoster: LetsUpload</a> [Use <a href=\"http://jdownloader.org/jdownloader2\" target=\"_blank\" rel=\"noopener\">JDownloader2</a>]</li><li><a href=\"https://pastefg.hermietkreeft.site/?8bd38849a1013cea#4D43hxQV7yPKXHkTpHtvmV3tLBCYRNQcmYKmRc64zwmy\" target=\"_blank\" rel=\"noopener\">Filehoster: OneDrive</a> (Uploaded by DyR0 t(-_-t), NOT compatible with other mirrors)</li><li><a href=\"https://crackhub.site/doctor-who-the-edge-of-reality-fitgirl-repack/\" target=\"_blank\" rel=\"noopener\">Filehosters: Google Drive, OneDrive + others</a> (Uploaded by crackhub213)</li></ul><p><a href=\"https://cs.rin.ru/forum/viewtopic.php?f=10&amp;t=112610\" target=\"_blank\" rel=\"noopener\">Discussion and (possible) future updates on CS.RIN.RU thread</a></p><h3>Screenshots (Click to enlarge)</h3><p><a target=\"_blank\" href=\"https://en.riotpixels.com/games/doctor-who-the-edge-of-reality/screenshots/15/?utm_source=emb-gfx-html&amp;utm_medium=image&amp;utm_campaign=rp-mass\" rel=\"noopener\"><img loading=\"lazy\" width=\"178\" height=\"100\" border=\"0\" src=\"https://s01.riotpixels.net/data/1c/f0/1cf0925c-0ea4-47cd-88aa-f1450009b8ea.jpg.240p.jpg\"></a><a target=\"_blank\" href=\"https://en.riotpixels.com/games/doctor-who-the-edge-of-reality/screenshots/13/?utm_source=emb-gfx-html&amp;utm_medium=image&amp;utm_campaign=rp-mass\" rel=\"noopener\"><img loading=\"lazy\" width=\"178\" height=\"100\" border=\"0\" src=\"https://s01.riotpixels.net/data/ec/29/ec294bd5-5474-438d-bc24-7239f224b7f6.jpg.240p.jpg\"></a><a target=\"_blank\" href=\"https://en.riotpixels.com/games/doctor-who-the-edge-of-reality/screenshots/11/?utm_source=emb-gfx-html&amp;utm_medium=image&amp;utm_campaign=rp-mass\" rel=\"noopener\"><img loading=\"lazy\" width=\"178\" height=\"100\" border=\"0\" src=\"https://s01.riotpixels.net/data/b8/c0/b8c077fa-32cb-445f-b9ad-c6511cccde64.jpg.240p.jpg\"></a><br><a target=\"_blank\" href=\"https://en.riotpixels.com/games/doctor-who-the-edge-of-reality/screenshots/9/?utm_source=emb-gfx-html&amp;utm_medium=image&amp;utm_campaign=rp-mass\" rel=\"noopener\"><img loading=\"lazy\" width=\"178\" height=\"100\" border=\"0\" src=\"https://s01.riotpixels.net/data/e1/53/e1538c4b-23e7-453c-9874-18ef7563bb20.jpg.240p.jpg\"></a><a target=\"_blank\" href=\"https://en.riotpixels.com/games/doctor-who-the-edge-of-reality/screenshots/3/?utm_source=emb-gfx-html&amp;utm_medium=image&amp;utm_campaign=rp-mass\" rel=\"noopener\"><img loading=\"lazy\" width=\"179\" height=\"100\" border=\"0\" src=\"https://s01.riotpixels.net/data/c9/bf/c9bffa88-42cb-4f92-a0e3-b4bb9a1bc8f8.jpg.240p.jpg\"></a><a target=\"_blank\" href=\"https://en.riotpixels.com/games/doctor-who-the-edge-of-reality/screenshots/1/?utm_source=emb-gfx-html&amp;utm_medium=image&amp;utm_campaign=rp-mass\" rel=\"noopener\"><img loading=\"lazy\" width=\"178\" height=\"100\" border=\"0\" src=\"https://s01.riotpixels.net/data/23/40/2340d713-e074-4b27-adb8-70fdb3851267.jpg.240p.jpg\"></a></p><h3>Repack Features</h3><ul><li>Based on Doctor.Who.The.Edge.of.Reality-CODEX ISO release: codex-doctor.who.the.edge.of.reality.iso (7,361,200,128 bytes)</li><li>100% Lossless &amp; MD5 Perfect: all files are identical to originals after installation</li><li>NOTHING ripped, NOTHING re-encoded</li><li>Significantly smaller archive size (compressed from 6.9 to 4.6 GB)</li><li>Installation takes 3-4 minutes</li><li>After-install integrity check so you could make sure that everything installed properly</li><li>HDD space after installation: 11.6 GB</li><li>Language can be changed in game settings</li><li>At least 2 GB of free RAM (inc. virtual) required for installing this repack</li></ul><div ><div><h2>Game Description</h2></div><div >Wield the sonic screwdriver as you join the Thirteenth Doctor (voiced by Jodie Whittaker) on a quest to save the universe, and meet the Tenth Doctor along the way (voiced by David Tennant in a guest appearance).<p>Experience an unforgettable story-driven adventure through space and time, face terrifying monsters and solve a mind-bending mystery!</p><p><b>ENTER THE CHAOSVERSE</b><br>Enter the Chaosverse, where reality itself is threatened by a series of time-breaking glitches, in this original Doctor Who story from Gavin Collinson, the writer of the critically-acclaimed game Doctor Who: The Lonely Assassins.</p><p><b>NEW NEMESIS REVEALED</b><br>Face classic Doctor Who monsters, including Daleks, Weeping Angels and Cybermen and confront a terrifying new threat: The CyberReaper.</p><p><b>TWO DOCTORS, ONE UNFROGETTABLE ADVENTURE</b><br>Now for non-VR platforms, Doctor Who: The Edge of Reality features brand-new characters including the Tenth Doctor (voiced by David Tennant) and new locations to explore, with a reimagined and expanded story that builds on the previous game The Edge of Time.</p></div></div>             </div>"
}