{
    "link": "https://fitgirl-repacks.site/dreamscaper/",
    "title": "Dreamscaper: Supporter Edition \u2013 v1.0.3.2 + Kickstarter DLCs",
    "first_img": "https://i4.imageban.ru/out/2021/08/06/e98c15883cab1de77302e0de3de30416.jpg",
    "second_img": "https://s01.riotpixels.net/data/b3/f2/b3f20509-2f4e-4027-8715-416e2847f1c0.jpg.240p.jpg",
    "body": "<div ><h2>Dreamscaper: Supporter Edition \u2013 v1.0.3.2 + Kickstarter DLCs</h2><p ><div><a target=\"_blank\" href=\"https://en.riotpixels.com/games/dreamscaper/\" rel=\"noopener\"><img class=\"alignleft\" width=\"150\" src=\"https://i4.imageban.ru/out/2021/08/06/e98c15883cab1de77302e0de3de30416.jpg\"></a></div><br>Genres/Tags: <strong>Action, RPG, Isometric, Roguelike, 3D</strong><br>Companies: <strong>Afterburner Studios, Freedom Games, Maple Whispering Limited</strong><br>Languages: <strong>ENG/MULTI8</strong><br>Original Size: <strong>1.9 GB</strong><br>Repack Size: <strong>1.2 GB</strong></p>&nbsp;<div>&nbsp;</div><h3>Download Mirrors</h3><ul><li><a href=\"https://1337x.to/torrent/4943279/Dreamscaper-Supporter-Edition-v1-0-3-2-Kickstarter-DLCs-MULTi8-FitGirl-Repack/\" target=\"_blank\" rel=\"noopener\">1337x</a> | [<a href=\"magnet:?xt=urn:btih:14E837FD978DEC6D14002C9467A916BF4555B7AF&amp;dn=Dreamscaper%3A+Supporter+Edition+%28v1.0.3.2+%2B+Kickstarter+DLCs%2C+MULTi8%29+%5BFitGirl+Repack%5D&amp;tr=udp%3A%2F%2F46.148.18.250%3A2710&amp;tr=udp%3A%2F%2Fopentor.org%3A2710&amp;tr=udp%3A%2F%2Ftracker.coppersurfer.tk%3A6969%2Fannounce&amp;tr=udp%3A%2F%2Ftracker.opentrackr.org%3A1337%2Fannounce&amp;tr=http%3A%2F%2Ftracker.dler.org%3A6969%2Fannounce&amp;tr=udp%3A%2F%2Ftracker.leechers-paradise.org%3A6969%2Fannounce&amp;tr=udp%3A%2F%2F9.rarbg.me%3A2730%2Fannounce&amp;tr=udp%3A%2F%2F9.rarbg.to%3A2770%2Fannounce&amp;tr=udp%3A%2F%2Ftracker.pirateparty.gr%3A6969%2Fannounce&amp;tr=http%3A%2F%2Fretracker.local%2Fannounce&amp;tr=http%3A%2F%2Fretracker.ip.ncnet.ru%2Fannounce&amp;tr=udp%3A%2F%2Fexodus.desync.com%3A6969%2Fannounce&amp;tr=udp%3A%2F%2Fipv4.tracker.harry.lu%3A80%2Fannounce&amp;tr=udp%3A%2F%2Fopen.stealth.si%3A80%2Fannounce&amp;tr=udp%3A%2F%2Ftracker.zer0day.to%3A1337%2Fannounce&amp;tr=udp%3A%2F%2Ftracker.leechers-paradise.org%3A6969%2Fannounce&amp;tr=udp%3A%2F%2Fcoppersurfer.tk%3A6969%2Fannounce\">magnet</a>] [<a href=\"https://pastefg.hermietkreeft.site/?8607292b42a0ffdc#DdnzeZeh75Hbnu7WYBsxQjRSGinYTPQhZveWYfLfLctQ\" target=\"_blank\" rel=\"noopener\">.torrent file only</a>] <br><img src=\"https://torrent-stats.info/2c94/ca487520.png\" style=\"display:block;clear:both\"></li><li><a href=\"https://tapochek.net/viewtopic.php?p=2792823\" target=\"_blank\" rel=\"noopener\">Tapochek.net</a></li><li><a href=\"https://pastefg.hermietkreeft.site/?e7c5d7b64e013a7a#DqumXEVmqqw2zE7eeeg2gRjiyi3E5JiFVAb57hKEmksY\" target=\"_blank\" rel=\"noopener\">Filehoster: MultiUpload</a> (10+ hosters, interchangeable) [Use <a href=\"http://jdownloader.org/jdownloader2\" target=\"_blank\" rel=\"noopener\">JDownloader2</a>]</li><li><a href=\"https://pastefg.hermietkreeft.site/?cdfbcc09e8900bf1#5jmCJRULmvSopZTdY12XtTaQhCcVskNqptSZArowHrsg\" target=\"_blank\" rel=\"noopener\">Filehoster: PixelDrain</a></li><li><a href=\"https://pastefg.hermietkreeft.site/?7c8d37a2f19f8d9d#5BowZF4dFPB8sCqSyMCz7ArrWRSpL5826PhkLYNQn16z\" target=\"_blank\" rel=\"noopener\">Filehoster: ZippyShare</a></li><li><a href=\"https://pastefg.hermietkreeft.site/?f12624e798560f2c#2DrTJyG9TX5zAAwMmHcniUEyxBpXHCxtdwQbdw152Gz6\" target=\"_blank\" rel=\"noopener\">Filehoster: LetsUpload</a> [Use <a href=\"http://jdownloader.org/jdownloader2\" target=\"_blank\" rel=\"noopener\">JDownloader2</a>]</li><li><a href=\"https://crackhub.site/dreamscaper-supporter-edition-v1-0-3-2-kickstarter-dlcs-fitgirl-repack/\" target=\"_blank\" rel=\"noopener\">Filehosters: Google Drive, OneDrive + others</a> (Uploaded by crackhub213)</li><li><a href=\"https://pastefg.hermietkreeft.site/?e0256c3671e30cf6#3CmiaAGZz4u8G7ga1ypVNPMnNkSDYVdkVVSEPVHVWtd7\" target=\"_blank\" rel=\"noopener\">Filehoster: OneDrive</a> (Uploaded by DyR0 t(-_-t), NOT compatible with other mirrors)</li></ul><p><a href=\"https://cs.rin.ru/forum/viewtopic.php?f=10&amp;t=95539\" target=\"_blank\" rel=\"noopener\">Discussion and (possible) future updates on CS.RIN.RU thread</a></p><h3>Screenshots (Click to enlarge)</h3><p><a target=\"_blank\" href=\"https://en.riotpixels.com/games/dreamscaper/screenshots/15/?utm_source=emb-gfx-html&amp;utm_medium=image&amp;utm_campaign=rp-mass\" rel=\"noopener\"><img loading=\"lazy\" width=\"178\" height=\"100\" border=\"0\" src=\"https://s01.riotpixels.net/data/b3/f2/b3f20509-2f4e-4027-8715-416e2847f1c0.jpg.240p.jpg\"></a><a target=\"_blank\" href=\"https://en.riotpixels.com/games/dreamscaper/screenshots/11/?utm_source=emb-gfx-html&amp;utm_medium=image&amp;utm_campaign=rp-mass\" rel=\"noopener\"><img loading=\"lazy\" width=\"178\" height=\"100\" border=\"0\" src=\"https://s01.riotpixels.net/data/e4/9e/e49ed8ff-76bf-474d-8d99-92df0813c750.jpg.240p.jpg\"></a><a target=\"_blank\" href=\"https://en.riotpixels.com/games/dreamscaper/screenshots/10/?utm_source=emb-gfx-html&amp;utm_medium=image&amp;utm_campaign=rp-mass\" rel=\"noopener\"><img loading=\"lazy\" width=\"178\" height=\"100\" border=\"0\" src=\"https://s01.riotpixels.net/data/0b/77/0b77645d-13f8-4fa5-af37-a9c67e24f49b.jpg.240p.jpg\"></a><br><a target=\"_blank\" href=\"https://en.riotpixels.com/games/dreamscaper/screenshots/7/?utm_source=emb-gfx-html&amp;utm_medium=image&amp;utm_campaign=rp-mass\" rel=\"noopener\"><img loading=\"lazy\" width=\"178\" height=\"100\" border=\"0\" src=\"https://s01.riotpixels.net/data/0f/79/0f797b05-d7a0-42e5-b9dc-46d4e0ecd1a6.jpg.240p.jpg\"></a><a target=\"_blank\" href=\"https://en.riotpixels.com/games/dreamscaper/screenshots/6/?utm_source=emb-gfx-html&amp;utm_medium=image&amp;utm_campaign=rp-mass\" rel=\"noopener\"><img loading=\"lazy\" width=\"178\" height=\"100\" border=\"0\" src=\"https://s01.riotpixels.net/data/6f/5e/6f5e24af-9f5d-4808-b119-2c03cc114a5b.jpg.240p.jpg\"></a><a target=\"_blank\" href=\"https://en.riotpixels.com/games/dreamscaper/screenshots/2/?utm_source=emb-gfx-html&amp;utm_medium=image&amp;utm_campaign=rp-mass\" rel=\"noopener\"><img loading=\"lazy\" width=\"178\" height=\"100\" border=\"0\" src=\"https://s01.riotpixels.net/data/fd/cc/fdcc85db-8dca-4215-b9a4-b84a779abe5c.jpg.240p.jpg\"></a></p><h3>Repack Features</h3><ul><li>Based on Dreamscaper-CODEX ISO release: codex-dreamscaper.iso (2,069,463,040 bytes)</li><li>Kickstarter Rewards DLCs (Retro Mode, Character Skin, Cosmic Frying Pan and 2 more items) are included and activated</li><li>100% Lossless &amp; MD5 Perfect: all files are identical to originals after installation</li><li>NOTHING ripped, NOTHING re-encoded</li><li>Significantly smaller archive size (compressed from 1.9 to 1.2 GB)</li><li>Installation takes less than a minute</li><li>After-install integrity check so you could make sure that everything installed properly</li><li>HDD space after installation: 4.5 GB</li><li>Language can be changed in game settings</li><li>Repack uses XTool library by Razor12911</li><li>At least 2 GB of free RAM (inc. virtual) required for installing this repack</li></ul><div ><div><h2>Game Description</h2></div><div >Dreamscaper is an endlessly replayable Action Roguelike with a waking/dreaming gameplay cycle. By night, delve deep into your subconscious, facing nightmares in an ever-changing world filled with unique items, abilities, and challenges. By day, explore the city of Redhaven, build relationships and unlock permanent upgrades in order to take on the next dream stronger than ever.<p><b><h3>Game Features</h3></b></p><ul><li>Lean into the nightmares and make the rush of <b>permadeath</b> your ally.</li><li>Use <b>lucid powers</b> to manipulate the elements, warp space, and even control time itself.</li><li><b>Battle bosses</b> that embody Isolation, Fear, Negativity, Loss and more.</li><li>Upgrade a multitude of <b>surreal items</b> and discover powerful artifacts.</li><li>Live Cassidy\u2019s waking life and uncover the <b>mystery of her story</b>.</li><li>A <b>rich, expansive combat system</b> that rewards skilled play. Use <b>careful positioning, exact timing and quick reflexes</b> to defeat foes with an abundance of combat options.</li><li>Each weapon class in Dreamscaper is unique, from <b>rending the earth</b> below your nightmares to <b>whipping a yo-yo</b> into their faces. You\u2019ll have a myriad of ways to approach combat.</li><li>Enemies and bosses in Dreamscaper are representations of Cassidy\u2019s <b>most negative emotions</b>. Vanquish those deadly foes to clear the dark miasma surrounding her.</li><li>Adventure through beautiful, haunting dreams to <b>discover untold secrets, vanquish nightmares, and upgrade your gear</b> all while uncovering Cassidy\u2019s story as you plunge through her subconscious. Each dream is another peek into Cassidy\u2019s memories and experiences.</li><li>Live Cassidy\u2019s <b>waking life</b> and <b>forge friendships</b> with the people around her. <b>Empower Cassidy</b> with their <b>hopes and memories</b> to dispel the darkness of her nightmares.</li></ul></div></div>             </div>"
}