{
    "link": "https://fitgirl-repacks.site/dreams-of-desire-definitive-edition/",
    "title": "Dreams of Desire: Definitive Edition + Quality Patch",
    "first_img": "https://i3.imageban.ru/out/2021/10/27/5580acd8f671801beef3396cc02073ba.jpg",
    "second_img": "https://s01.riotpixels.net/data/09/70/097046e6-5b0a-4e12-beb3-6cdc55177ed4.jpg.240p.jpg",
    "body": "<div ><h2>Dreams of Desire: Definitive Edition + Quality Patch</h2><p ><div><a target=\"_blank\" href=\"https://en.riotpixels.com/games/dreams-of-desire-definitive-edition/\" rel=\"noopener\"><img class=\"alignleft\" width=\"150\" src=\"https://i3.imageban.ru/out/2021/10/27/5580acd8f671801beef3396cc02073ba.jpg\"></a></div><br>Genres/Tags: <strong>Adult, Adventure, First-person, 3D</strong><br>Company: <strong>Lewdlab</strong><br>Language: <strong>ENG</strong><br>Original Size: <strong>6 GB</strong><br>Repack Size: <strong>from 4 GB</strong> [Selective Download]</p>&nbsp;<div>&nbsp;</div><h3>Download Mirrors</h3><ul><li><a href=\"https://1337x.to/torrent/5032157/Dreams-of-Desire-Definitive-Edition-Quality-Patch-FitGirl-Repack-Selective-Download-from-4-GB/\" target=\"_blank\" rel=\"noopener\">1337x</a> | [<a href=\"magnet:?xt=urn:btih:DC122DFE8662B9678AA96D70B753E9A1616D1F40&amp;dn=Dreams+of+Desire%3A+Definitive+Edition+%28%2B+Quality+Patch%29+%5BFitGirl+Repack%2C+Selective+Download+-+from+4+GB%5D&amp;tr=udp%3A%2F%2F46.148.18.250%3A2710&amp;tr=udp%3A%2F%2Fopentor.org%3A2710&amp;tr=udp%3A%2F%2Ftracker.coppersurfer.tk%3A6969%2Fannounce&amp;tr=udp%3A%2F%2Ftracker.opentrackr.org%3A1337%2Fannounce&amp;tr=http%3A%2F%2Ftracker.dler.org%3A6969%2Fannounce&amp;tr=udp%3A%2F%2Ftracker.leechers-paradise.org%3A6969%2Fannounce&amp;tr=udp%3A%2F%2F9.rarbg.me%3A2730%2Fannounce&amp;tr=udp%3A%2F%2F9.rarbg.to%3A2770%2Fannounce&amp;tr=udp%3A%2F%2Ftracker.pirateparty.gr%3A6969%2Fannounce&amp;tr=http%3A%2F%2Fretracker.local%2Fannounce&amp;tr=http%3A%2F%2Fretracker.ip.ncnet.ru%2Fannounce&amp;tr=udp%3A%2F%2Fexodus.desync.com%3A6969%2Fannounce&amp;tr=udp%3A%2F%2Fipv4.tracker.harry.lu%3A80%2Fannounce&amp;tr=udp%3A%2F%2Fopen.stealth.si%3A80%2Fannounce&amp;tr=udp%3A%2F%2Ftracker.zer0day.to%3A1337%2Fannounce&amp;tr=udp%3A%2F%2Ftracker.leechers-paradise.org%3A6969%2Fannounce&amp;tr=udp%3A%2F%2Fcoppersurfer.tk%3A6969%2Fannounce\">magnet</a>] [<a href=\"https://pastefg.hermietkreeft.site/?c59f94d07d2838df#Df4Qa2voh61kwRtwuL1ENeyWKFH9PhErg5z2NSTJ1jfx\" target=\"_blank\" rel=\"noopener\">.torrent file only</a>] <br><img src=\"https://torrent-stats.info/6d70/1fae5f170.png\" style=\"display:block;clear:both\"></li><li><a href=\"https://tapochek.net/viewtopic.php?p=2808257\" target=\"_blank\" rel=\"noopener\">Tapochek.net</a></li><li><a href=\"https://pastefg.hermietkreeft.site/?21f7d36bd08e5be6#JAktvYonwNvxZpBvFFVoMJcCw381hcn4uFh4KQiWp5eG\" target=\"_blank\" rel=\"noopener\">Filehoster: MultiUpload</a> (10+ hosters, interchangeable) [Use <a href=\"http://jdownloader.org/jdownloader2\" target=\"_blank\" rel=\"noopener\">JDownloader2</a>]</li><li><a href=\"https://pastefg.hermietkreeft.site/?a989afa52bda3925#7fjnm5iWnXbNAZPfYw5ehVa5YDHsQayksk7254E6iT83\" target=\"_blank\" rel=\"noopener\">Filehoster: PixelDrain</a></li><li><a href=\"https://pastefg.hermietkreeft.site/?8563b45fde907f75#GvqtmrPM7mZuRUJbhZeFuMKKvVu3JhbBCNjWouReTS8Z\" target=\"_blank\" rel=\"noopener\">Filehoster: ZippyShare</a></li><li><a href=\"https://pastefg.hermietkreeft.site/?6685ccbdec749a63#DdiYJENkxLnqnuqEVNMUs4J49Yjdp2RyEAaHPX7dAzxL\" target=\"_blank\" rel=\"noopener\">Filehoster: BayFiles</a></li><li><a href=\"https://pastefg.hermietkreeft.site/?8d68060eab91ee4e#FWgxFxEBUeQQky1hPgQ5AasbeohNtPy8wmqeMXsUkLDT\" target=\"_blank\" rel=\"noopener\">Filehoster: LetsUpload</a> [Use <a href=\"http://jdownloader.org/jdownloader2\" target=\"_blank\" rel=\"noopener\">JDownloader2</a>]</li><li><a href=\"https://pastefg.hermietkreeft.site/?51757bb0f91bffe1#AnfG1Nd8pYkgtZPDkxasqwFvyGyDAKt5MvnmkeSCxAo9\" target=\"_blank\" rel=\"noopener\">Filehoster: OneDrive</a> (Uploaded by DyR0 t(-_-t), NOT compatible with other mirrors)</li><p><!--  <li><a href=\"\" target=\"_blank\" rel=\"noopener\">Filehosters: Google Drive, OneDrive + others</a> (Uploaded by crackhub213)</li>  --></p></ul><p><a href=\"https://cs.rin.ru/forum/viewtopic.php?f=10&amp;t=116693\" target=\"_blank\" rel=\"noopener\">Discussion and (possible) future updates on CS.RIN.RU thread</a></p><h3>Screenshots (Click to enlarge)</h3><p><a target=\"_blank\" href=\"https://en.riotpixels.com/games/dreams-of-desire-definitive-edition/screenshots/32/?utm_source=emb-gfx-html&amp;utm_medium=image&amp;utm_campaign=rp-mass\" rel=\"noopener\"><img loading=\"lazy\" width=\"178\" height=\"100\" border=\"0\" src=\"https://s01.riotpixels.net/data/09/70/097046e6-5b0a-4e12-beb3-6cdc55177ed4.jpg.240p.jpg\"></a><a target=\"_blank\" href=\"https://en.riotpixels.com/games/dreams-of-desire-definitive-edition/screenshots/24/?utm_source=emb-gfx-html&amp;utm_medium=image&amp;utm_campaign=rp-mass\" rel=\"noopener\"><img loading=\"lazy\" width=\"178\" height=\"100\" border=\"0\" src=\"https://s01.riotpixels.net/data/66/cc/66cca6df-12ad-4586-89ff-d8a820707917.jpg.240p.jpg\"></a><a target=\"_blank\" href=\"https://en.riotpixels.com/games/dreams-of-desire-definitive-edition/screenshots/21/?utm_source=emb-gfx-html&amp;utm_medium=image&amp;utm_campaign=rp-mass\" rel=\"noopener\"><img loading=\"lazy\" width=\"178\" height=\"100\" border=\"0\" src=\"https://s01.riotpixels.net/data/76/ab/76ab5483-4e03-45ae-bd21-84bde495b21b.jpg.240p.jpg\"></a><br><a target=\"_blank\" href=\"https://en.riotpixels.com/games/dreams-of-desire-definitive-edition/screenshots/14/?utm_source=emb-gfx-html&amp;utm_medium=image&amp;utm_campaign=rp-mass\" rel=\"noopener\"><img loading=\"lazy\" width=\"178\" height=\"100\" border=\"0\" src=\"https://s01.riotpixels.net/data/b0/29/b029144f-bf43-42e3-8514-5fb5b31b0efe.jpg.240p.jpg\"></a><a target=\"_blank\" href=\"https://en.riotpixels.com/games/dreams-of-desire-definitive-edition/screenshots/11/?utm_source=emb-gfx-html&amp;utm_medium=image&amp;utm_campaign=rp-mass\" rel=\"noopener\"><img loading=\"lazy\" width=\"178\" height=\"100\" border=\"0\" src=\"https://s01.riotpixels.net/data/7c/22/7c223c05-5852-41a2-a5ca-4b4b3b37fbed.jpg.240p.jpg\"></a><a target=\"_blank\" href=\"https://en.riotpixels.com/games/dreams-of-desire-definitive-edition/screenshots/1/?utm_source=emb-gfx-html&amp;utm_medium=image&amp;utm_campaign=rp-mass\" rel=\"noopener\"><img loading=\"lazy\" width=\"178\" height=\"100\" border=\"0\" src=\"https://s01.riotpixels.net/data/b7/13/b713e031-834c-4718-8283-29b9370f70c6.jpg.240p.jpg\"></a></p><h3>Repack Features</h3><ul><li>Based on Dreams.of.Desire.Definitive.Edition-DARKSiDERS ISO release: ds-dreamsofdesiredefinitiveedition.iso (5,675,819,008 bytes)</li><li>Quality Patch by Dr Krieger (737 MB) added</li><li>100% Lossless &amp; MD5 Perfect: all files are identical to originals after installation</li><li>NOTHING ripped, NOTHING re-encoded</li><li>Selective Download feature: you may skip downloading and installing of Quality Patch</li><li>You can enable image dump option in the installer, which will extract 5007 static images from game resources to the \u201cGallery\u201d folder</li><li>Significantly smaller archive size (compressed from cumulative 6 to 4/4.6 GB)</li><li>Installation takes from 5 to 30 minutes, depending on your configuration and selected components</li><li>After-install integrity check so you could make sure that everything installed properly</li><li>HDD space after installation: up to 11.1 GB</li><li>At least 2 GB of free RAM (inc. virtual) required for installing this repack</li></ul><div ><div><h2>Game Description</h2></div><div >Dreams of Desire is an interactive adult Visual Novel \u2013 A story about power, corruption and mystery.<p>You play as a male protagonist, due to unfortunate circumstances, it looks like he is forced to go to a military academy.</p><p>Our hero however, has other ideas. He never wanted to be a soldier. As things start to look inevitable, he stumbles upon an old book about the ways of the mind.</p><p>With the help of newfound knowledge he can change the course of his life. But how will he do it \u2013 and what is the price he has to pay?</p><p>Along your journey you\u2019ll meet memorable characters many of them being gorgeous women. Your decisions truly matter in Dreams of Desire and will determine the path you take to ultimately reach one of the game\u2019s 7 different endings, with many hot and steamy encounters along the way.</p><p>The story is interesting \u2013 even thrilling at times and will keep you guessing throughout.</p><p>You\u2019ll also find point-and-click minigames, which were designed to add to your experience, with a bit of exploration and interactivity, rather than to annoy you.</p><p><b>What you\u2019re getting in the Definitive Edition:</b></p><ul><li>Episode 1-12</li><li>The Lost Memories DLC (3 Chapters)</li><li>The Holiday Special DLC</li><li>Dozens of Extra Scenes</li></ul><p><b><h3>Game Features</h3></b></p><ul><li>Over 5000 images</li><li>Over 460 animations</li><li>37 Steam Achievements</li><li>Scene and Extras Gallery</li><li>Sandbox-style minigame</li><li>7 different endings</li><li>Multiple paths with characters creating many different playthroughs</li></ul><p><b>Quality Patch by Dr Krieger</b></p><p>Due to the first four episodes being released a long time back and the recent update did nothing to solve their visual status, the image files of the first four episodes were denoised with help of a third party software.</p></div></div>             </div>"
}