{
    "link": "https://fitgirl-repacks.site/dungeon-encounters/",
    "title": "DUNGEON ENCOUNTERS",
    "first_img": "https://i5.imageban.ru/out/2021/10/17/e6d417a896cd10d0245e87fa90081845.jpg",
    "second_img": "https://s01.riotpixels.net/data/56/61/566130a3-ac7b-4fc9-bea3-80b94ccb867d.jpg.240p.jpg",
    "body": "<div ><h2>DUNGEON ENCOUNTERS</h2><p ><div><a target=\"_blank\" href=\"https://en.riotpixels.com/games/dungeon-encounters/\" rel=\"noopener\"><img class=\"alignleft\" width=\"150\" src=\"https://i5.imageban.ru/out/2021/10/17/e6d417a896cd10d0245e87fa90081845.jpg\"></a></div><br>Genres/Tags: <strong>RPG, Dungeon crawl, Top-down, 2D</strong><br>Company: <strong>Square Enix</strong><br>Languages: <strong>ENG/JAP</strong><br>Original Size: <strong>620 MB</strong><br>Repack Size: <strong>344 MB</strong></p>&nbsp;<div>&nbsp;</div><h3>Download Mirrors</h3><ul><li><a href=\"https://1337x.to/torrent/5020257/DUNGEON-ENCOUNTERS-ENG-JAP-FitGirl-Repack/\" target=\"_blank\" rel=\"noopener\">1337x</a> | [<a href=\"magnet:?xt=urn:btih:B3AB4CF56A41077BCEF1AA81675D7076DF8ADE4B&amp;dn=DUNGEON+ENCOUNTERS+%28ENG%2FJAP%29+%5BFitGirl+Repack%5D&amp;tr=udp%3A%2F%2F46.148.18.250%3A2710&amp;tr=udp%3A%2F%2Fopentor.org%3A2710&amp;tr=udp%3A%2F%2Ftracker.coppersurfer.tk%3A6969%2Fannounce&amp;tr=udp%3A%2F%2Ftracker.opentrackr.org%3A1337%2Fannounce&amp;tr=http%3A%2F%2Ftracker.dler.org%3A6969%2Fannounce&amp;tr=udp%3A%2F%2Ftracker.leechers-paradise.org%3A6969%2Fannounce&amp;tr=udp%3A%2F%2F9.rarbg.me%3A2730%2Fannounce&amp;tr=udp%3A%2F%2F9.rarbg.to%3A2770%2Fannounce&amp;tr=udp%3A%2F%2Ftracker.pirateparty.gr%3A6969%2Fannounce&amp;tr=http%3A%2F%2Fretracker.local%2Fannounce&amp;tr=http%3A%2F%2Fretracker.ip.ncnet.ru%2Fannounce&amp;tr=udp%3A%2F%2Fexodus.desync.com%3A6969%2Fannounce&amp;tr=udp%3A%2F%2Fipv4.tracker.harry.lu%3A80%2Fannounce&amp;tr=udp%3A%2F%2Fopen.stealth.si%3A80%2Fannounce&amp;tr=udp%3A%2F%2Ftracker.zer0day.to%3A1337%2Fannounce&amp;tr=udp%3A%2F%2Ftracker.leechers-paradise.org%3A6969%2Fannounce&amp;tr=udp%3A%2F%2Fcoppersurfer.tk%3A6969%2Fannounce\">magnet</a>] [<a href=\"https://pastefg.hermietkreeft.site/?e26cf3c6fa72e428#8FUQ8ntGJ5Ns1X9RwuL4BEUhsujamojgKCBmtZGnM19r\" target=\"_blank\" rel=\"noopener\">.torrent file only</a>] <br><img src=\"https://torrent-stats.info/aa81/31313a8be.png\" style=\"display:block;clear:both\"></li><li><a href=\"https://tapochek.net/viewtopic.php?p=2806183\" target=\"_blank\" rel=\"noopener\">Tapochek.net</a></li><li><a href=\"https://pastefg.hermietkreeft.site/?23150699a6ac5fed#Hz2jzVYs8YSGiKBEtTVVQp6AAuQhxWmyZgAHXer1tA3N\" target=\"_blank\" rel=\"noopener\">Filehoster: MultiUpload</a> (10+ hosters, interchangeable) [Use <a href=\"http://jdownloader.org/jdownloader2\" target=\"_blank\" rel=\"noopener\">JDownloader2</a>]</li><li><a href=\"https://pastefg.hermietkreeft.site/?456ac67fac528bf8#EdxqDNc3Wy2B6uHVkBU9rE12Vh5KUWcXFcuZejhWi1TP\" target=\"_blank\" rel=\"noopener\">Filehoster: PixelDrain</a></li><li><a href=\"https://pastefg.hermietkreeft.site/?1d84b10a2e34550f#AR4MiTYT5VhcgMxhaC2ztbkoD6VwW7NaUCYaykGDV9Mr\" target=\"_blank\" rel=\"noopener\">Filehoster: ZippyShare</a></li><li><a href=\"https://pastefg.hermietkreeft.site/?a4f64e7ccfc535dd#7568c2hoR1oXcBjV9hLixbbrhxSMWVskirMW2yXhThuA\" target=\"_blank\" rel=\"noopener\">Filehoster: LetsUpload</a> [Use <a href=\"http://jdownloader.org/jdownloader2\" target=\"_blank\" rel=\"noopener\">JDownloader2</a>]</li><li><a href=\"https://pastefg.hermietkreeft.site/?6af367589b3a2519#CfkcyEDbNiZMgjN8ZPMbFKM9nKA9bShBgwcXQJwCK31m\" target=\"_blank\" rel=\"noopener\">Filehoster: OneDrive</a> (Uploaded by DyR0 t(-_-t), NOT compatible with other mirrors)</li><li><a href=\"https://crackhub.site/dungeon-encounters-fitgirl-repack/\" target=\"_blank\" rel=\"noopener\">Filehosters: Google Drive, OneDrive + others</a> (Uploaded by crackhub213)</li></ul><p><a href=\"https://cs.rin.ru/forum/viewtopic.php?f=10&amp;t=116210\" target=\"_blank\" rel=\"noopener\">Discussion and (possible) future updates on CS.RIN.RU thread</a></p><h3>Screenshots (Click to enlarge)</h3><p><a target=\"_blank\" href=\"https://en.riotpixels.com/games/dungeon-encounters/screenshots/14/?utm_source=emb-gfx-html&amp;utm_medium=image&amp;utm_campaign=rp-mass\" rel=\"noopener\"><img loading=\"lazy\" width=\"178\" height=\"100\" border=\"0\" src=\"https://s01.riotpixels.net/data/56/61/566130a3-ac7b-4fc9-bea3-80b94ccb867d.jpg.240p.jpg\"></a><a target=\"_blank\" href=\"https://en.riotpixels.com/games/dungeon-encounters/screenshots/13/?utm_source=emb-gfx-html&amp;utm_medium=image&amp;utm_campaign=rp-mass\" rel=\"noopener\"><img loading=\"lazy\" width=\"178\" height=\"100\" border=\"0\" src=\"https://s01.riotpixels.net/data/ec/37/ec374e0d-33bb-47bc-a671-79263299f137.jpg.240p.jpg\"></a><a target=\"_blank\" href=\"https://en.riotpixels.com/games/dungeon-encounters/screenshots/12/?utm_source=emb-gfx-html&amp;utm_medium=image&amp;utm_campaign=rp-mass\" rel=\"noopener\"><img loading=\"lazy\" width=\"178\" height=\"100\" border=\"0\" src=\"https://s01.riotpixels.net/data/ba/59/ba59818d-11e1-4747-98bf-ce2fda133566.jpg.240p.jpg\"></a><br><a target=\"_blank\" href=\"https://en.riotpixels.com/games/dungeon-encounters/screenshots/5/?utm_source=emb-gfx-html&amp;utm_medium=image&amp;utm_campaign=rp-mass\" rel=\"noopener\"><img loading=\"lazy\" width=\"178\" height=\"100\" border=\"0\" src=\"https://s01.riotpixels.net/data/8f/4d/8f4d3ed5-df50-411c-8af6-ade8bd534a13.jpg.240p.jpg\"></a><a target=\"_blank\" href=\"https://en.riotpixels.com/games/dungeon-encounters/screenshots/3/?utm_source=emb-gfx-html&amp;utm_medium=image&amp;utm_campaign=rp-mass\" rel=\"noopener\"><img loading=\"lazy\" width=\"178\" height=\"100\" border=\"0\" src=\"https://s01.riotpixels.net/data/fe/a0/fea0d185-8864-42c2-9807-f146011e7817.jpg.240p.jpg\"></a><a target=\"_blank\" href=\"https://en.riotpixels.com/games/dungeon-encounters/screenshots/1/?utm_source=emb-gfx-html&amp;utm_medium=image&amp;utm_campaign=rp-mass\" rel=\"noopener\"><img loading=\"lazy\" width=\"178\" height=\"100\" border=\"0\" src=\"https://s01.riotpixels.net/data/ad/8c/ad8ce740-a7cd-4f6d-8e0b-f42b64382982.jpg.240p.jpg\"></a></p><h3>Repack Features</h3><ul><li>Based on DUNGEON.ENCOUNTERS-DARKSiDERS ISO release: ds-dungeonencounters.iso (649,648,128 bytes)</li><li>Alternative Goldberg crack is available in NoDVD folder after installation in case you have problems with game controller</li><li>100% Lossless &amp; MD5 Perfect: all files are identical to originals after installation</li><li>NOTHING ripped, NOTHING re-encoded</li><li>Significantly smaller archive size (compressed from 620 to 344 MB)</li><li>Installation takes one minute</li><li>After-install integrity check so you could make sure that everything installed properly</li><li>HDD space after installation: 1.8 GB (3 GB during installation)</li><li>Repack uses XTool library by Razor12911</li><li>At least 2 GB of free RAM (inc. virtual) required for installing this repack</li></ul><div ><div><h2>Game Description</h2></div><div >An otherworldly labyrinth has suddenly appeared on the outskirts of a quiet town. Make clever use of your abilities to chart the depths, overcome obstacles and defeat your foes in thrilling battles!<p>From some of the key development team behind the legendary FINAL FANTASY franchise, DUNGEON ENCOUNTERS is a dungeon exploration RPG where you must strategize to survive. The streamlined interface gives you the freedom to prepare and manage your party as you strive to reach the final floor.</p><p>During your expeditions, you\u2019ll discover rare and powerful items, meet lost adventurers who might just become new allies, and come face-to-face with deadly monsters.</p><p>Do you have what it takes to overcome the numerous trials that await you and discover the dungeon\u2019s secrets?</p><p><b><h3>Game Features</h3></b></p><ul><li>By uncovering and visiting spaces with white numbers, you may obtain items, unlock and change abilities, restore your party to health, find hidden merchants, and much more.</li><li>Battle encounters, marked with black numbers, are hidden throughout the map. However, they can be revealed with a special ability, allowing you to choose when and where to engage your enemies.</li><li>Previously discovered events will be recorded in the Event Log, a valuable resource that allows you to reference past experiences to tackle future challenges.</li><li>Test your strategies in thrilling battles, featuring the Active Time Battle (ATB) system made famous by the FINAL FANTASY series.</li><li>Under the direction of Ito Hiroyuki, creator of the ATB system, battles play out in real-time, utilizing a polished and refined iteration of this classic design, which promises exciting, challenging combat.</li><li>The blank map awaits you, and by exploring and investigating every tile on each level, you will be awarded ability points. Navigate obstacles, including secret passages and hidden traps, and conquer the dungeon!</li></ul></div></div>             </div>"
}