{
    "link": "https://fitgirl-repacks.site/dungeon-no-dungeon/",
    "title": "Dungeon No Dungeon + 3 DLCs",
    "first_img": "https://i4.imageban.ru/out/2021/11/22/938613762eb55489661831ca99dc412f.jpg",
    "second_img": "https://s01.riotpixels.net/data/d5/5e/d55e3286-09a0-4508-8734-518cdd75b827.jpg.240p.jpg",
    "body": "<div ><h2>Dungeon No Dungeon + 3 DLCs</h2><p ><div><a target=\"_blank\" href=\"https://en.riotpixels.com/games/dungeon-no-dungeon/\" rel=\"noopener\"><img class=\"alignleft\" width=\"150\" src=\"https://i4.imageban.ru/out/2021/11/22/938613762eb55489661831ca99dc412f.jpg\"></a></div><br>Genres/Tags: <strong>RPG, Dungeon crawl, Roguelike, Side, Turn-based, 2D</strong><br>Companies: <strong>302 Studio</strong><br>Languages: <strong>ENG/MULTI3</strong><br>Original Size: <strong>645 MB</strong><br>Repack Size: <strong>349 MB</strong></p>&nbsp;<div>&nbsp;</div><h3>Download Mirrors</h3><ul><li><a href=\"https://1337x.to/torrent/5060871/Dungeon-No-Dungeon-3-DLCs-MULTi3-FitGirl-Repack/\" target=\"_blank\" rel=\"noopener\">1337x</a> | [<a href=\"magnet:?xt=urn:btih:51FD965C38C661A5C1CE592C019B70F169BDBF17&amp;dn=Dungeon+No+Dungeon+%28%2B+3+DLCs%2C+MULTi3%29+%5BFitGirl+Repack%5D&amp;tr=udp%3A%2F%2F46.148.18.250%3A2710&amp;tr=udp%3A%2F%2Fopentor.org%3A2710&amp;tr=udp%3A%2F%2Ftracker.coppersurfer.tk%3A6969%2Fannounce&amp;tr=udp%3A%2F%2Ftracker.opentrackr.org%3A1337%2Fannounce&amp;tr=http%3A%2F%2Ftracker.dler.org%3A6969%2Fannounce&amp;tr=udp%3A%2F%2Ftracker.leechers-paradise.org%3A6969%2Fannounce&amp;tr=udp%3A%2F%2F9.rarbg.me%3A2730%2Fannounce&amp;tr=udp%3A%2F%2F9.rarbg.to%3A2770%2Fannounce&amp;tr=udp%3A%2F%2Ftracker.pirateparty.gr%3A6969%2Fannounce&amp;tr=http%3A%2F%2Fretracker.local%2Fannounce&amp;tr=http%3A%2F%2Fretracker.ip.ncnet.ru%2Fannounce&amp;tr=udp%3A%2F%2Fexodus.desync.com%3A6969%2Fannounce&amp;tr=udp%3A%2F%2Fipv4.tracker.harry.lu%3A80%2Fannounce&amp;tr=udp%3A%2F%2Fopen.stealth.si%3A80%2Fannounce&amp;tr=udp%3A%2F%2Ftracker.zer0day.to%3A1337%2Fannounce&amp;tr=udp%3A%2F%2Ftracker.leechers-paradise.org%3A6969%2Fannounce&amp;tr=udp%3A%2F%2Fcoppersurfer.tk%3A6969%2Fannounce\">magnet</a>] [<a href=\"https://pastefg.hermietkreeft.site/?866a39d3a6e3da57#6dhwYjkkMwbJ7mRPuw4Nsh22gMyDqzwAf2rvSR9fXuKx\" target=\"_blank\" rel=\"noopener\">.torrent file only</a>] <br><img src=\"https://torrent-stats.info/592c/1a04f5e64.png\" style=\"display:block;clear:both\"></li><li><a href=\"https://tapochek.net/viewtopic.php?p=2814093\" target=\"_blank\" rel=\"noopener\">Tapochek.net</a></li><li><a href=\"https://pastefg.hermietkreeft.site/?8460451cd07d2ab0#7nYcz2jfHEbaSwiKhxZBDarPGxeR5Dvh25QnjxpGQaT8\" target=\"_blank\" rel=\"noopener\">Filehoster: MultiUpload</a> (10+ hosters, interchangeable) [Use <a href=\"http://jdownloader.org/jdownloader2\" target=\"_blank\" rel=\"noopener\">JDownloader2</a>]</li><li><a href=\"https://pastefg.hermietkreeft.site/?fe2ed949153ce38d#2EvRmwjmPBEenePmH9qigKEHLiAKvHmZJFYiscoqw4C7\" target=\"_blank\" rel=\"noopener\">Filehoster: ZippyShare</a></li><li><a href=\"https://pastefg.hermietkreeft.site/?759b2cf7d2a4ab95#FdKiPHXTAdKUSs2iDkUffaYAy3Gn6UC6d2zwTv8a1VNm\" target=\"_blank\" rel=\"noopener\">Filehoster: BayFiles</a></li><li><a href=\"https://pastefg.hermietkreeft.site/?b17602162407f0cd#C4CTALZCGW4mjoea3DaT94kbi9tCVY4hxBqLupQNAxQW\" target=\"_blank\" rel=\"noopener\">Filehoster: LetsUpload</a> [Use <a href=\"http://jdownloader.org/jdownloader2\" target=\"_blank\" rel=\"noopener\">JDownloader2</a>]</li><li><a href=\"https://pastefg.hermietkreeft.site/?8413f9eb3db76144#4v7epq8tnQUxAUxqu8WUWWgBcejnsLjNAyEcMtnunrpE\" target=\"_blank\" rel=\"noopener\">Filehoster: OneDrive</a> (Uploaded by DyR0 t(-_-t), NOT compatible with other mirrors)</li><li><a href=\"https://crackhub.site/dungeon-no-dungeon-3-dlcs-fitgirl-repack/\" target=\"_blank\" rel=\"noopener\">Filehosters: Google Drive, OneDrive + others</a> (Uploaded by crackhub213)</li></ul><p><a href=\"https://cs.rin.ru/forum/viewtopic.php?f=10&amp;t=111692\" target=\"_blank\" rel=\"noopener\">Discussion and (possible) future updates on CS.RIN.RU thread</a></p><h3>Screenshots (Click to enlarge)</h3><p><a target=\"_blank\" href=\"https://en.riotpixels.com/games/dungeon-no-dungeon/screenshots/16/?utm_source=emb-gfx-html&amp;utm_medium=image&amp;utm_campaign=rp-mass\" rel=\"noopener\"><img loading=\"lazy\" width=\"178\" height=\"100\" border=\"0\" src=\"https://s01.riotpixels.net/data/d5/5e/d55e3286-09a0-4508-8734-518cdd75b827.jpg.240p.jpg\"></a><a target=\"_blank\" href=\"https://en.riotpixels.com/games/dungeon-no-dungeon/screenshots/13/?utm_source=emb-gfx-html&amp;utm_medium=image&amp;utm_campaign=rp-mass\" rel=\"noopener\"><img loading=\"lazy\" width=\"178\" height=\"100\" border=\"0\" src=\"https://s01.riotpixels.net/data/16/f7/16f70b8e-6082-4870-8309-09ce7e821c22.jpg.240p.jpg\"></a><a target=\"_blank\" href=\"https://en.riotpixels.com/games/dungeon-no-dungeon/screenshots/9/?utm_source=emb-gfx-html&amp;utm_medium=image&amp;utm_campaign=rp-mass\" rel=\"noopener\"><img loading=\"lazy\" width=\"171\" height=\"100\" border=\"0\" src=\"https://s01.riotpixels.net/data/3a/e8/3ae80d89-4771-4083-873e-3371d2260ac1.jpg.240p.jpg\"></a><br><a target=\"_blank\" href=\"https://en.riotpixels.com/games/dungeon-no-dungeon/screenshots/6/?utm_source=emb-gfx-html&amp;utm_medium=image&amp;utm_campaign=rp-mass\" rel=\"noopener\"><img loading=\"lazy\" width=\"178\" height=\"100\" border=\"0\" src=\"https://s01.riotpixels.net/data/65/a0/65a0aa40-a782-4a0f-ac2f-ee15490121d1.jpg.240p.jpg\"></a><a target=\"_blank\" href=\"https://en.riotpixels.com/games/dungeon-no-dungeon/screenshots/5/?utm_source=emb-gfx-html&amp;utm_medium=image&amp;utm_campaign=rp-mass\" rel=\"noopener\"><img loading=\"lazy\" width=\"178\" height=\"100\" border=\"0\" src=\"https://s01.riotpixels.net/data/df/49/df491576-6380-4aba-b63a-311fa01e6ad3.jpg.240p.jpg\"></a><a target=\"_blank\" href=\"https://en.riotpixels.com/games/dungeon-no-dungeon/screenshots/2/?utm_source=emb-gfx-html&amp;utm_medium=image&amp;utm_campaign=rp-mass\" rel=\"noopener\"><img loading=\"lazy\" width=\"178\" height=\"100\" border=\"0\" src=\"https://s01.riotpixels.net/data/3f/57/3f573d4b-22d6-4c04-b2ef-dfcf009e29f5.jpg.240p.jpg\"></a></p><h3>Repack Features</h3><ul><li>Based on Dungeon.No.Dungeon-PLAZA ISO release: plaza-dungeon.no.dungeon.iso (676,364,288 bytes)</li><li>3 DLCs are included and activated</li><li>100% Lossless &amp; MD5 Perfect: all files are identical to originals after installation</li><li>NOTHING ripped, NOTHING re-encoded</li><li>Significantly smaller archive size (compressed from 645 to 349 MB)</li><li>Installation takes less than a minute</li><li>After-install integrity check so you could make sure that everything installed properly</li><li>HDD space after installation: 5.5 GB</li><li>Language can be changed in game settings</li><li>At least 2 GB of free RAM (inc. virtual) required for installing this repack</li></ul><div ><div><h2>Game Description</h2></div><div ><b>UNIQUE BATLLE SYSTEMS</b><br>In Dungeon No Dungeon, the focus is on the different results caused by the decisions you make on different body parts. We aim to integrate more fun possibilities and content within our game. Each body part has its own unique functions and dodges chances. Depending on the character, each one also has its own protective armor of various types that reduces various damage types.<p>For example: If their limbs (i.e. arms or legs) are severed in battle, any skills that use the limb can no longer be used. And if an adventurer\u2019s armor is destroyed, they\u2019ll be left bare (each state with its own corresponding art assets).</p><p><b>CHARACTER AND MONSTER SYSTEM</b><br><b>Races:</b> All kinds of strange and weird creatures exist in the world of Dungeon No Dungeon. Some unusual races or species that are often side characters or NPCs are now characters that the player can select and control themselves.</p><p><b>Levels and Skills:</b> Characters have 20 levels and start with one set skill (at Lv.1). After leveling up, they have a chance to roll for a skill, selecting 1 from 3 possible skills as a reward. Each character has around 20 possible skills. After Lv.10, they can gain new skills through random events.</p><p><b>Attributes:</b> Attributes do not increase upon leveling up, but you do get to influence them through a range of different events. No matter what kind of character you control, it\u2019s down to you how you develop their build.</p><p><b>Trinkets and Traits:</b> Over 100 kinds of trinkets provide players with even more options for character development. Along with this, there are also 100 traits to combine with each different character.</p><p><b>ROGUELIKE ELEMENTS</b><br>There are a lot of random elements in the game that allow the player to adopt a variety of constantly-shifting tactics and strategies. The player can enjoy maps with different terrains, different types of enemies, the butterfly effect of action and consequently set off by different events and puzzles, random mini-games, varying difficulty levels, equipment, items, skills, and traits, etc.</p><p><b>RANDOM EVENTS</b><br>Almost 100 random events can be triggered during expeditions, based solely on luck. Different events present different choices, random and uncertain paths, and completely unpredictable results!</p><p><b>EXPEDITION SYSTEM</b><br>During expeditions, characters enter \u2018rooms\u2019 containing random events, battles, resting areas, shops, etc. Room locations and routes are all randomly generated in each expedition, so each one provides something new. Which room you\u2019ll travel to is decided by the roll of the dice, while you actively decide which way to go when you reach a fork in the road.</p><p>Players have a chance to encounter Invasion Events from other players. In these, you\u2019ll face off against them, and earn extra rewards if you win.</p><p><b>Included DLCs:</b></p><ul><li>Blood Knight</li><li>Reaper</li><li>Seeker\u2019s Bundle</li></ul></div></div>             </div>"
}