{
    "link": "https://fitgirl-repacks.site/dungeon-defenders-awakened/",
    "title": "Dungeon Defenders: Awakened \u2013 v2.0.0.26384 (The Lycan\u2019s Keep Update) + 3 DLCs",
    "first_img": "https://i6.imageban.ru/out/2021/08/05/cc0e2a1ba2a73700dcda561fcc0384da.jpg",
    "second_img": "https://s01.riotpixels.net/data/2e/f3/2ef3ed87-dbd8-4d24-8c4e-0d097f46da41.jpg.240p.jpg",
    "body": "<div ><h2>Dungeon Defenders: Awakened \u2013 v2.0.0.26384 (The Lycan\u2019s Keep Update) + 3 DLCs</h2><p ><div><a target=\"_blank\" href=\"//en.riotpixels.com/games/dungeon-defenders-awakened/\" rel=\"noopener\"><img class=\"alignleft\" width=\"150\" src=\"https://i6.imageban.ru/out/2021/08/05/cc0e2a1ba2a73700dcda561fcc0384da.jpg\"></a></div><br>Genres/Tags: <strong>RPG, Action RPG, Tower defense, Third-person, 3D</strong><br>Company: <strong>Chromatic Games</strong><br>Languages: <strong>RUS/ENG/MULTI8</strong><br>Original Size: <strong>4.7 GB</strong><br>Repack Size: <strong>2.9 GB</strong></p>&nbsp;<div>&nbsp;</div><h3>Download Mirrors</h3><ul><li><a href=\"https://1337x.to/torrent/4942734/Dungeon-Defenders-Awakened-v2-0-0-26384-The-Lycan-s-Keep-Update-3-DLCs-MULTi8-FitGirl-Repack/\" target=\"_blank\" rel=\"noopener\">1337x</a> | [<a href=\"magnet:?xt=urn:btih:E2A930DEC9AC2B9E7B597120007E65BF366A1137&amp;dn=Dungeon+Defenders%3A+Awakened+%28v2.0.0.26384%2FThe+Lycan%26rsquo%3Bs+Keep+Update+%2B+3+DLCs%2C+MULTi8%29+%5BFitGirl+Repack%5D&amp;tr=udp%3A%2F%2F46.148.18.250%3A2710&amp;tr=udp%3A%2F%2Fopentor.org%3A2710&amp;tr=udp%3A%2F%2Ftracker.coppersurfer.tk%3A6969%2Fannounce&amp;tr=udp%3A%2F%2Ftracker.opentrackr.org%3A1337%2Fannounce&amp;tr=http%3A%2F%2Ftracker.dler.org%3A6969%2Fannounce&amp;tr=udp%3A%2F%2Ftracker.leechers-paradise.org%3A6969%2Fannounce&amp;tr=udp%3A%2F%2F9.rarbg.me%3A2730%2Fannounce&amp;tr=udp%3A%2F%2F9.rarbg.to%3A2770%2Fannounce&amp;tr=udp%3A%2F%2Ftracker.pirateparty.gr%3A6969%2Fannounce&amp;tr=http%3A%2F%2Fretracker.local%2Fannounce&amp;tr=http%3A%2F%2Fretracker.ip.ncnet.ru%2Fannounce&amp;tr=udp%3A%2F%2Fexodus.desync.com%3A6969%2Fannounce&amp;tr=udp%3A%2F%2Fipv4.tracker.harry.lu%3A80%2Fannounce&amp;tr=udp%3A%2F%2Fopen.stealth.si%3A80%2Fannounce&amp;tr=udp%3A%2F%2Ftracker.zer0day.to%3A1337%2Fannounce&amp;tr=udp%3A%2F%2Ftracker.leechers-paradise.org%3A6969%2Fannounce&amp;tr=udp%3A%2F%2Fcoppersurfer.tk%3A6969%2Fannounce\">magnet</a>] [<a href=\"https://pastefg.hermietkreeft.site/?a2f0792d980438c8#D9u4DvrsUDZSv7NSFDaCJfVT79CLibkpTwziLFtGcugf\" target=\"_blank\" rel=\"noopener\">.torrent file only</a>] <br><img src=\"https://torrent-stats.info/7120/2015062e0.png\" style=\"display:block;clear:both\"></li><li><a href=\"http://rutor.info/torrent/828309/dungeon-defenders-awakened-v.0.0.26384-dlcs-2020-pc-repack-ot-fitgirl\" target=\"_blank\" rel=\"noopener\">RuTor</a> [<a href=\"magnet:?xt=urn:btih:e2a930dec9ac2b9e7b597120007e65bf366a1137&amp;dn=rutor.info_Dungeon+Defenders%3A+Awakened+%5Bv.0.0.26384+%2B+DLCs%5D+%282020%29+PC+%7C+Repack+%D0%BE%D1%82+FitGirl&amp;tr=udp://opentor.org:2710&amp;tr=udp://opentor.org:2710&amp;tr=http://retracker.local/announce\">magnet</a>]</li><li><a href=\"https://tapochek.net/viewtopic.php?p=2792734\" target=\"_blank\" rel=\"noopener\">Tapochek.net</a></li><li><a href=\"https://pastefg.hermietkreeft.site/?90032cfc7d79cc6f#57RLWFvinVcHA9XPA5JZy14bTB38bPFMmRqFiS3tyozv\" target=\"_blank\" rel=\"noopener\">Filehoster: MultiUpload</a> (10+ hosters, interchangeable) [Use <a href=\"http://jdownloader.org/jdownloader2\" target=\"_blank\" rel=\"noopener\">JDownloader2</a>]</li><li><a href=\"https://pastefg.hermietkreeft.site/?768af62c4dd363eb#H1tEmxiFuQrbNXjhyLai4tG2sqQumQieUiYP1pTY7nRc\" target=\"_blank\" rel=\"noopener\">Filehoster: PixelDrain</a></li><li><a href=\"https://pastefg.hermietkreeft.site/?0bcc715a548b07b7#DWnGa57t6xtLXQTDQh8hgyjmpbevzXFci68ywqET6MNU\" target=\"_blank\" rel=\"noopener\">Filehoster: ZippyShare</a></li><li><a href=\"https://pastefg.hermietkreeft.site/?9dd3055087a71323#J5vStRw3hLLHEHvjN6U7JLswQs1uBqyZ8qeEDGTwANTL\" target=\"_blank\" rel=\"noopener\">Filehoster: LetsUpload</a> [Use <a href=\"http://jdownloader.org/jdownloader2\" target=\"_blank\" rel=\"noopener\">JDownloader2</a>]</li><li><a href=\"https://crackhub.site/dungeon-defenders-awakened-v2-0-0-26384-the-lycans-keep-update-3-dlcs-fitgirl-repack/\" target=\"_blank\" rel=\"noopener\">Filehosters: Google Drive, OneDrive + others</a> (Uploaded by crackhub213)</li><li><a href=\"https://pastefg.hermietkreeft.site/?17de0867495f68ac#4HhE23HYN6NhMKxRV3MD6GKoaK4wAYVd79CST8r7dihh\" target=\"_blank\" rel=\"noopener\">Filehoster: OneDrive</a> (Uploaded by DyR0 t(-_-t), NOT compatible with other mirrors)</li></ul><p><a href=\"https://cs.rin.ru/forum/viewtopic.php?f=10&amp;t=102452\" target=\"_blank\" rel=\"noopener\">Discussion and (possible) future updates on CS.RIN.RU thread</a></p><h3>Screenshots (Click to enlarge)</h3><p><a target=\"_blank\" href=\"https://en.riotpixels.com/games/dungeon-defenders-awakened/screenshots/40/?utm_source=emb-gfx-html&amp;utm_medium=image&amp;utm_campaign=rp-mass\" rel=\"noopener\"><img loading=\"lazy\" width=\"178\" height=\"100\" border=\"0\" src=\"https://s01.riotpixels.net/data/2e/f3/2ef3ed87-dbd8-4d24-8c4e-0d097f46da41.jpg.240p.jpg\"></a><a target=\"_blank\" href=\"https://en.riotpixels.com/games/dungeon-defenders-awakened/screenshots/33/?utm_source=emb-gfx-html&amp;utm_medium=image&amp;utm_campaign=rp-mass\" rel=\"noopener\"><img loading=\"lazy\" width=\"178\" height=\"100\" border=\"0\" src=\"https://s01.riotpixels.net/data/38/4d/384dd412-6a87-4cd7-8fb0-59cc193c584f.jpg.240p.jpg\"></a><a target=\"_blank\" href=\"https://en.riotpixels.com/games/dungeon-defenders-awakened/screenshots/19/?utm_source=emb-gfx-html&amp;utm_medium=image&amp;utm_campaign=rp-mass\" rel=\"noopener\"><img loading=\"lazy\" width=\"178\" height=\"100\" border=\"0\" src=\"https://s01.riotpixels.net/data/55/e2/55e27e04-f6a3-491f-ba53-8ab74d352bc2.jpg.240p.jpg\"></a><br><a target=\"_blank\" href=\"https://en.riotpixels.com/games/dungeon-defenders-awakened/screenshots/15/?utm_source=emb-gfx-html&amp;utm_medium=image&amp;utm_campaign=rp-mass\" rel=\"noopener\"><img loading=\"lazy\" width=\"178\" height=\"100\" border=\"0\" src=\"https://s01.riotpixels.net/data/13/ce/13ce20ca-c679-413d-b52a-8ab96756d5a7.jpg.240p.jpg\"></a><a target=\"_blank\" href=\"https://en.riotpixels.com/games/dungeon-defenders-awakened/screenshots/12/?utm_source=emb-gfx-html&amp;utm_medium=image&amp;utm_campaign=rp-mass\" rel=\"noopener\"><img loading=\"lazy\" width=\"178\" height=\"100\" border=\"0\" src=\"https://s01.riotpixels.net/data/54/9b/549b9994-b51c-4bbf-a0fc-d4441aeddb6b.jpg.240p.jpg\"></a><a target=\"_blank\" href=\"https://en.riotpixels.com/games/dungeon-defenders-awakened/screenshots/3/?utm_source=emb-gfx-html&amp;utm_medium=image&amp;utm_campaign=rp-mass\" rel=\"noopener\"><img loading=\"lazy\" width=\"178\" height=\"100\" border=\"0\" src=\"https://s01.riotpixels.net/data/bf/69/bf69dca3-e7b8-4134-afdc-b9174c2ea8e6.jpg.240p.jpg\"></a></p><h3>Repack Features</h3><ul><li>Based on Dungeon.Defenders.Awakened.The.Lycans.Keep-CODEX ISO release: codex-dungeon.defenders.awakened.the.lycans.keep.iso (5,007,605,760 bytes)</li><li>Game version: v2.0.0.26384 (The Lycan\u2019s Keep Update); 3 DLCs are included and activated</li><li>100% Lossless &amp; MD5 Perfect: all files are identical to originals after installation</li><li>NOTHING ripped, NOTHING re-encoded</li><li>Significantly smaller archive size (compressed from 4.7 to 2.9 GB)</li><li>Installation takes 1-2 minutes</li><li>After-install integrity check so you could make sure that everything installed properly</li><li>HDD space after installation: 9.5 GB</li><li>Language can be changed in game settings</li><li>Repack uses XTool library by Razor12911</li><li>At least 2 GB of free RAM (inc. virtual) required for installing this repack</li></ul><div ><div><h2>Game Description</h2></div><div >That\u2019s right, it\u2019s back! The Dungeon Defenders franchise is finally making its glorious return with Dungeon Defenders: Awakened from Chromatic Games.<p>Dungeon Defenders: Awakened is a co-operative Action RPG/Tower Defense game that brings loot, leveling, pets, and character customization to a legendary 4 player co-op experience.</p><p>The past has been changed! Choose your hero and construct an epic defense to fight off hordes of enemies while you jump into the fray to protect Etheria. Team up with up to four players as you level up, claim legendary loot, and take on the armies of enemies that await you!</p><p><b>Included DLCs</b></p><ul><li>Gator Gear Weapons and Accessories</li><li>Original Hero Paper Masks</li><li>Chromatic Costumes</li></ul></div></div><p><b>Backwards Compatibility</b></p><p>This repack is NOT backwards compatible with my previous DDA repack.</p>             </div>"
}