{
    "link": "https://fitgirl-repacks.site/dusk-diver-2/",
    "title": "Dusk Diver 2 \u2013 v1.0.2 + Summer Swimsuit Set 1 DLC",
    "first_img": "https://i1.imageban.ru/out/2022/02/26/893da03678345ff56631a987bd81bb5f.jpg",
    "second_img": "https://s01.riotpixels.net/data/f3/09/f3090889-d4fb-4e2d-81cd-e3d04cb88438.jpg.240p.jpg",
    "body": "<div ><h2>Dusk Diver 2 \u2013 v1.0.2 + Summer Swimsuit Set 1 DLC</h2><p ><div><a target=\"_blank\" href=\"https://en.riotpixels.com/games/dusk-diver-2/\" rel=\"noopener\"><img class=\"alignleft\" width=\"150\" src=\"https://i1.imageban.ru/out/2022/02/26/893da03678345ff56631a987bd81bb5f.jpg\"></a></div><br>Genres/Tags: <strong>Action, Japanese, Third-person, 3D</strong><br>Companies: <strong>Wanin International, Justdan International Co., Ltd.</strong><br>Languages: <strong>RUS/ENG/MULTI5</strong><br>Original Size: <strong>5.3 GB</strong><br>Repack Size: <strong>3.4 GB</strong></p>&nbsp;<div>&nbsp;</div><h3>Download Mirrors</h3><ul><li><a href=\"https://1337x.to/torrent/5163630/Dusk-Diver-2-v1-0-2-Summer-Swimsuit-Set-1-DLC-MULTi5-FitGirl-Repack/\" target=\"_blank\" rel=\"noopener\">1337x</a> | [<a href=\"magnet:?xt=urn:btih:9F39DC67CFA28C41E560187D9F7EF796F6F7E0BF&amp;dn=Dusk+Diver+2+%28v1.0.2+%2B+Summer+Swimsuit+Set+1+DLC%2C+MULTi5%29+%5BFitGirl+Repack%5D&amp;tr=udp%3A%2F%2F46.148.18.250%3A2710&amp;tr=udp%3A%2F%2Fopentor.org%3A2710&amp;tr=udp%3A%2F%2Ftracker.coppersurfer.tk%3A6969%2Fannounce&amp;tr=udp%3A%2F%2Ftracker.opentrackr.org%3A1337%2Fannounce&amp;tr=http%3A%2F%2Ftracker.dler.org%3A6969%2Fannounce&amp;tr=udp%3A%2F%2Ftracker.leechers-paradise.org%3A6969%2Fannounce&amp;tr=udp%3A%2F%2F9.rarbg.me%3A2730%2Fannounce&amp;tr=udp%3A%2F%2F9.rarbg.to%3A2770%2Fannounce&amp;tr=udp%3A%2F%2Ftracker.pirateparty.gr%3A6969%2Fannounce&amp;tr=http%3A%2F%2Fretracker.local%2Fannounce&amp;tr=http%3A%2F%2Fretracker.ip.ncnet.ru%2Fannounce&amp;tr=udp%3A%2F%2Fexodus.desync.com%3A6969%2Fannounce&amp;tr=udp%3A%2F%2Fipv4.tracker.harry.lu%3A80%2Fannounce&amp;tr=udp%3A%2F%2Fopen.stealth.si%3A80%2Fannounce&amp;tr=udp%3A%2F%2Ftracker.zer0day.to%3A1337%2Fannounce&amp;tr=udp%3A%2F%2Ftracker.leechers-paradise.org%3A6969%2Fannounce&amp;tr=udp%3A%2F%2Fcoppersurfer.tk%3A6969%2Fannounce\">magnet</a>] [<a href=\"https://pastefg.hermietkreeft.site/?10bbc7b719f5df52#AJAS6S9HqyyLizqLxkayUoVtyAcqpPJabiqJNzgqxKp6\" target=\"_blank\" rel=\"noopener\">.torrent file only</a>] <br><img src=\"https://torrent-stats.info/187d/7504579f.png\" style=\"display:block;clear:both\"></li><li><a href=\"http://rutor.info/torrent/864467/dusk-diver-2-v-1.0.2-dlc-2022-pc-repack-ot-fitgirl\" target=\"_blank\" rel=\"noopener\">RuTor</a> [<a href=\"magnet:?xt=urn:btih:9f39dc67cfa28c41e560187d9f7ef796f6f7e0bf&amp;dn=rutor.info_Dusk+Diver+2+%5Bv+1.0.2+%2B+DLC%5D+%282022%29+PC+%7C+RePack+%D0%BE%D1%82+FitGirl&amp;tr=udp://opentor.net:6969&amp;tr=udp://opentor.org:2710&amp;tr=http://retracker.local/announce\">magnet</a>]</li><li><a href=\"https://tapochek.net/viewtopic.php?p=2836388\" target=\"_blank\" rel=\"noopener\">Tapochek.net</a></li><li><a href=\"https://pastefg.hermietkreeft.site/?d4bd55b3e9eb81cb#AFujXXf9C9dUvccwyNh6WctTqjwtV6XHqG1UAuP9Jyty\" target=\"_blank\" rel=\"noopener\">Filehoster: MultiUpload</a> (10+ hosters, interchangeable) [Use <a href=\"http://jdownloader.org/jdownloader2\" target=\"_blank\" rel=\"noopener\">JDownloader2</a>]</li><li><a href=\"https://pastefg.hermietkreeft.site/?0ede9e5044f5505a#DTb2c8sqvqoAZuSLPncSVuxodouBWPjxRW3nuMxmRXg1\" target=\"_blank\" rel=\"noopener\">Filehoster: ZippyShare</a></li><li><a href=\"https://pastefg.hermietkreeft.site/?0a9d7c623da7fd11#39Ejo9f2VpRWBc6Y1kETSDSXHx1P3btw5nqR8WABRK72\" target=\"_blank\" rel=\"noopener\">Filehoster: BayFiles</a></li><li><a href=\"https://pastefg.hermietkreeft.site/?d76b03840efb9c11#3rS2ZueNCqNm2DZ9zz5n8j9QqgbHYaFsrkCgBsUFzQNr\" target=\"_blank\" rel=\"noopener\">Filehoster: OneDrive</a> (Uploaded by DyR0 t(-_-t), NOT compatible with other mirrors)</li><li><a href=\"https://crackhub.site/dusk-diver-2-v1-0-2-summer-swimsuit-set-1-dlc-fitgirl-repack/\" target=\"_blank\" rel=\"noopener\">Filehosters: Google Drive, OneDrive + others</a> (Uploaded by crackhub213)</li></ul><p><a href=\"https://cs.rin.ru/forum/viewtopic.php?f=10&amp;t=116208\" target=\"_blank\" rel=\"noopener\">Discussion and (possible) future updates on CS.RIN.RU thread</a></p><h3>Screenshots (Click to enlarge)</h3><p><a target=\"_blank\" href=\"https://en.riotpixels.com/games/dusk-diver-2/screenshots/6/?utm_source=emb-gfx-html&amp;utm_medium=image&amp;utm_campaign=rp-mass\" rel=\"noopener\"><img loading=\"lazy\" width=\"178\" height=\"100\" border=\"0\" src=\"https://s01.riotpixels.net/data/f3/09/f3090889-d4fb-4e2d-81cd-e3d04cb88438.jpg.240p.jpg\"></a><a target=\"_blank\" href=\"https://en.riotpixels.com/games/dusk-diver-2/screenshots/5/?utm_source=emb-gfx-html&amp;utm_medium=image&amp;utm_campaign=rp-mass\" rel=\"noopener\"><img loading=\"lazy\" width=\"178\" height=\"100\" border=\"0\" src=\"https://s01.riotpixels.net/data/0c/ba/0cbab614-20db-49a9-bdd1-f4091c97b948.jpg.240p.jpg\"></a><a target=\"_blank\" href=\"https://en.riotpixels.com/games/dusk-diver-2/screenshots/4/?utm_source=emb-gfx-html&amp;utm_medium=image&amp;utm_campaign=rp-mass\" rel=\"noopener\"><img loading=\"lazy\" width=\"178\" height=\"100\" border=\"0\" src=\"https://s01.riotpixels.net/data/4c/d7/4cd7625e-a1c7-4fa1-8c40-fc3d72c74030.jpg.240p.jpg\"></a><br><a target=\"_blank\" href=\"https://en.riotpixels.com/games/dusk-diver-2/screenshots/3/?utm_source=emb-gfx-html&amp;utm_medium=image&amp;utm_campaign=rp-mass\" rel=\"noopener\"><img loading=\"lazy\" width=\"178\" height=\"100\" border=\"0\" src=\"https://s01.riotpixels.net/data/7c/2f/7c2fc987-f386-4d39-8a14-962cc3265d7d.jpg.240p.jpg\"></a><a target=\"_blank\" href=\"https://en.riotpixels.com/games/dusk-diver-2/screenshots/2/?utm_source=emb-gfx-html&amp;utm_medium=image&amp;utm_campaign=rp-mass\" rel=\"noopener\"><img loading=\"lazy\" width=\"178\" height=\"100\" border=\"0\" src=\"https://s01.riotpixels.net/data/c6/87/c6877dcb-31fb-40bf-9831-5c1e7b843828.jpg.240p.jpg\"></a><a target=\"_blank\" href=\"https://en.riotpixels.com/games/dusk-diver-2/screenshots/1/?utm_source=emb-gfx-html&amp;utm_medium=image&amp;utm_campaign=rp-mass\" rel=\"noopener\"><img loading=\"lazy\" width=\"178\" height=\"100\" border=\"0\" src=\"https://s01.riotpixels.net/data/30/af/30afe65e-4bdb-4b40-a521-5a4958435201.jpg.240p.jpg\"></a></p><h3>Repack Features</h3><ul><li>Based on Dusk.Diver.2-SKIDROW ISO release: sr-duskdiver2.iso (5,683,116,032 bytes)</li><li>Game version: v1.0.2; Summer Swimsuit Set 1 DLC is included and activated</li><li>100% Lossless &amp; MD5 Perfect: all files are identical to originals after installation</li><li>NOTHING ripped, NOTHING re-encoded</li><li>Significantly smaller archive size (compressed from 5.3 to 3.4 GB)</li><li>Installation takes 2-3 minutes</li><li>After-install integrity check so you could make sure that everything installed properly</li><li>HDD space after installation: 5.4 GB</li><li>Language can be changed in game settings</li><li>Repack uses XTool library by Razor12911</li><li>At least 2 GB of free RAM (inc. virtual) required for installing this repack</li></ul><div ><div><h2>Game Description</h2></div><div ><p>It\u2019s the all new Dusk Diver 2!!</p><p>Yang Yumo, a college student with a daily part-time job.<br>Her body had been suffering from the aftermath<br>of the Youshanding incident a year back.</p><p>In an ordinary day,<br>Choas Beasts reappeared in the streets of Youshanding,<br>and Yumo had to once again step onto the battlefield!</p><p>\u2014A journey of adventure and guardianship is about to unfold!!</p><p><b><h3>Game Features</h3></b></p><ul><li>From combo attacks to break strikes, the new combat system is fully evolved!</li><li>Not limited to Ximending?! The story is set all over Taipei City!!</li><li>Freely customize the equipment, skill set, and outfit!!</li><li>New characters! New scenes! New customizations!</li><li>The fully enhanced Ximending action game sequel!</li></ul></div></div>             </div>"
}