{
    "link": "https://fitgirl-repacks.site/dustwind/",
    "title": "Dustwind \u2013 v7955",
    "first_img": "https://i1.imageban.ru/out/2021/09/22/53cae0ff35f03cb35625b52b1dac178d.jpg",
    "second_img": "https://s01.riotpixels.net/data/e5/50/e550b241-70ed-4243-b45f-dfe4d2df3773.jpg.240p.jpg",
    "body": "<div ><h2>Dustwind \u2013 v7955</h2><p ><div><a target=\"_blank\" href=\"https://en.riotpixels.com/games/dustwind/\" rel=\"noopener\"><img class=\"alignleft\" width=\"150\" src=\"https://i1.imageban.ru/out/2021/09/22/53cae0ff35f03cb35625b52b1dac178d.jpg\"></a></div><br>Genres/Tags: <strong>Strategy, Tactics, Post-apocalyptic, Real-time, Isometric, 3D</strong><br>Companies: <strong>Z-Software GmbH, Dustwind Studios</strong><br>Languages: <strong>RUS/ENG/MULTI11</strong><br>Original Size: <strong>3 GB</strong><br>Repack Size: <strong>2 GB</strong></p>&nbsp;<div>&nbsp;</div><h3>Download Mirrors</h3><ul><li><a href=\"https://1337x.to/torrent/4992177/Dustwind-v7955-MULTi11-FitGirl-Repack/\" target=\"_blank\" rel=\"noopener\">1337x</a> | [<a href=\"magnet:?xt=urn:btih:E55FC6E7E28B0CF5DF882046DCB769F86AC1AE50&amp;dn=Dustwind+%28v7955%2C+MULTi11%29+%5BFitGirl+Repack%5D&amp;tr=udp%3A%2F%2F46.148.18.250%3A2710&amp;tr=udp%3A%2F%2Fopentor.org%3A2710&amp;tr=udp%3A%2F%2Ftracker.coppersurfer.tk%3A6969%2Fannounce&amp;tr=udp%3A%2F%2Ftracker.opentrackr.org%3A1337%2Fannounce&amp;tr=http%3A%2F%2Ftracker.dler.org%3A6969%2Fannounce&amp;tr=udp%3A%2F%2Ftracker.leechers-paradise.org%3A6969%2Fannounce&amp;tr=udp%3A%2F%2F9.rarbg.me%3A2730%2Fannounce&amp;tr=udp%3A%2F%2F9.rarbg.to%3A2770%2Fannounce&amp;tr=udp%3A%2F%2Ftracker.pirateparty.gr%3A6969%2Fannounce&amp;tr=http%3A%2F%2Fretracker.local%2Fannounce&amp;tr=http%3A%2F%2Fretracker.ip.ncnet.ru%2Fannounce&amp;tr=udp%3A%2F%2Fexodus.desync.com%3A6969%2Fannounce&amp;tr=udp%3A%2F%2Fipv4.tracker.harry.lu%3A80%2Fannounce&amp;tr=udp%3A%2F%2Fopen.stealth.si%3A80%2Fannounce&amp;tr=udp%3A%2F%2Ftracker.zer0day.to%3A1337%2Fannounce&amp;tr=udp%3A%2F%2Ftracker.leechers-paradise.org%3A6969%2Fannounce&amp;tr=udp%3A%2F%2Fcoppersurfer.tk%3A6969%2Fannounce\">magnet</a>] [<a href=\"https://pastefg.hermietkreeft.site/?c15a20562f6581ec#J4nJ4XisGvmd3smvrYcUXSd2cdBdbu44H32X1ThFeJH7\" target=\"_blank\" rel=\"noopener\">.torrent file only</a>] <br><img src=\"https://torrent-stats.info/2046/93fcbab4.png\" style=\"display:block;clear:both\"></li><li><a href=\"http://rutor.info/torrent/835780/dustwind-v-7955-2018-pc-repack-ot-fitgirl\" target=\"_blank\" rel=\"noopener\">RuTor</a> [<a href=\"magnet:?xt=urn:btih:e55fc6e7e28b0cf5df882046dcb769f86ac1ae50&amp;dn=rutor.info_Dustwind+%5Bv+7955%5D+%282018%29+PC+%7C+RePack+%D0%BE%D1%82+FitGirl&amp;tr=udp://opentor.net:6969&amp;tr=udp://opentor.org:2710&amp;tr=http://retracker.local/announce\">magnet</a>]</li><li><a href=\"https://tapochek.net/viewtopic.php?p=2801742\" target=\"_blank\" rel=\"noopener\">Tapochek.net</a></li><li><a href=\"d\" target=\"_blank\" rel=\"noopener\">Filehoster: MultiUpload</a> (10+ hosters, interchangeable) [Use <a href=\"http://jdownloader.org/jdownloader2\" target=\"_blank\" rel=\"noopener\">JDownloader2</a>]</li><li><a href=\"https://pastefg.hermietkreeft.site/?da43e8414abb842a#BF27CwdrJPPsGZbFvxHAZj38FHDZ3S8MhBKtJL71VZ5B\" target=\"_blank\" rel=\"noopener\">Filehoster: PixelDrain</a></li><li><a href=\"https://pastefg.hermietkreeft.site/?a9d5cdf6da9b36cf#7RgFp2iHJnQBtcfheM7uVHWTfHhQHGVq8ZUmEnu6RUsC\" target=\"_blank\" rel=\"noopener\">Filehoster: ZippyShare</a></li><li><a href=\"https://pastefg.hermietkreeft.site/?99a97857a3e22451#4FFdmXEDSStfmFKkUx1HkZ8wwup9yyoEnfsXw1PpMj19\" target=\"_blank\" rel=\"noopener\">Filehoster: LetsUpload</a> [Use <a href=\"http://jdownloader.org/jdownloader2\" target=\"_blank\" rel=\"noopener\">JDownloader2</a>]</li><li><a href=\"https://crackhub.site/dustwind-v7955-fitgirl-repack/\" target=\"_blank\" rel=\"noopener\">Filehosters: Google Drive, OneDrive + others</a> (Uploaded by crackhub213)</li><li><a href=\"https://pastefg.hermietkreeft.site/?478e8af9109778cb#GoSsYWw3w9Y6yGwuGxvonWao9htkq2MdmFB1DYVijjAe\" target=\"_blank\" rel=\"noopener\">Filehoster: OneDrive</a> (Uploaded by DyR0 t(-_-t), NOT compatible with other mirrors)</li></ul><p><a href=\"https://cs.rin.ru/forum/viewtopic.php?f=10&amp;t=91674\" target=\"_blank\" rel=\"noopener\">Discussion and (possible) future updates on CS.RIN.RU thread</a></p><h3>Screenshots (Click to enlarge)</h3><p><a target=\"_blank\" href=\"https://en.riotpixels.com/games/dustwind/screenshots/80/?utm_source=emb-gfx-html&amp;utm_medium=image&amp;utm_campaign=rp-mass\" rel=\"noopener\"><img loading=\"lazy\" width=\"178\" height=\"100\" border=\"0\" src=\"https://s01.riotpixels.net/data/e5/50/e550b241-70ed-4243-b45f-dfe4d2df3773.jpg.240p.jpg\"></a><a target=\"_blank\" href=\"https://en.riotpixels.com/games/dustwind/screenshots/74/?utm_source=emb-gfx-html&amp;utm_medium=image&amp;utm_campaign=rp-mass\" rel=\"noopener\"><img loading=\"lazy\" width=\"178\" height=\"100\" border=\"0\" src=\"https://s01.riotpixels.net/data/1c/bf/1cbfd766-71f7-43b3-a7ff-4a4595096e3b.jpg.240p.jpg\"></a><a target=\"_blank\" href=\"https://en.riotpixels.com/games/dustwind/screenshots/70/?utm_source=emb-gfx-html&amp;utm_medium=image&amp;utm_campaign=rp-mass\" rel=\"noopener\"><img loading=\"lazy\" width=\"178\" height=\"100\" border=\"0\" src=\"https://s01.riotpixels.net/data/65/49/6549be6e-a15a-4ec5-bc30-d1291e9ce0b3.jpg.240p.jpg\"></a><br><a target=\"_blank\" href=\"https://en.riotpixels.com/games/dustwind/screenshots/69/?utm_source=emb-gfx-html&amp;utm_medium=image&amp;utm_campaign=rp-mass\" rel=\"noopener\"><img loading=\"lazy\" width=\"178\" height=\"100\" border=\"0\" src=\"https://s01.riotpixels.net/data/c8/07/c807a2b8-0a18-4903-98d6-3b8f166b7d0b.jpg.240p.jpg\"></a><a target=\"_blank\" href=\"https://en.riotpixels.com/games/dustwind/screenshots/65/?utm_source=emb-gfx-html&amp;utm_medium=image&amp;utm_campaign=rp-mass\" rel=\"noopener\"><img loading=\"lazy\" width=\"178\" height=\"100\" border=\"0\" src=\"https://s01.riotpixels.net/data/d9/4f/d94ff535-1795-4402-a7ea-be79fcdcc475.jpg.240p.jpg\"></a><a target=\"_blank\" href=\"https://en.riotpixels.com/games/dustwind/screenshots/59/?utm_source=emb-gfx-html&amp;utm_medium=image&amp;utm_campaign=rp-mass\" rel=\"noopener\"><img loading=\"lazy\" width=\"178\" height=\"100\" border=\"0\" src=\"https://s01.riotpixels.net/data/a6/90/a6906478-3cf0-48ee-be18-9460e088b16a.jpg.240p.jpg\"></a></p><h3>Repack Features</h3><ul><li>Based on Dustwind.v7955-PLAZA ISO release: plaza-dustwind.v7955.iso (3,169,222,656 bytes)</li><li>100% Lossless &amp; MD5 Perfect: all files are identical to originals after installation</li><li>NOTHING ripped, NOTHING re-encoded</li><li>Significantly smaller archive size (compressed from 3 to 2 GB)</li><li>Installation takes 1-3 minutes (depending on your system)</li><li>After-install integrity check so you could make sure that everything installed properly</li><li>HDD space after installation: 5.4 GB</li><li>Language can be changed in game settings</li><li>Repack uses XTool library by Razor12911</li><li>At least 2 GB of free RAM (inc. virtual) required for installing this repack</li></ul><div ><div><h2>Game Description</h2></div><div ><b>WELCOME TO DUSTWIND, A POST-APOCALYPTIC REAL-TIME TACTICS GAME!</b><br>After the apocalypse\u2026 The civilization like we know has come to an end and the few survivors have to fight each other. These are hard times in the wasteland! In this POST-APOCALYPTIC EXTRAVAGANZA, you have to make quick tactical decisions if you want to survive!<p><b>SINGLE PLAYER STORY CAMPAIGN</b><br>You are the nameless heroine! A vicious assault in the wasteland has hit you hard. Without your memory and hopelessly outnumbered you go on your crusade, fighting your way to your tormentors to take revenge. When you don\u2019t act carefully, tactical and clever, you won\u2019t stand a chance! During this adventure, it will occur to you that not only your own fate is on the stake but much more\u2026</p><p>The long-awaited story campaign contains 16 missions with a playing time of around 10 hours and tells an emotional story. Collect weapons and gear, develop your character based on your gameplay preferences, and become a leading figure in these dark times!</p><p><b>MULTIPLAYER ACTION</b><br>Get ready for loads of fun game modes! Go alone, fight other players in a team or work together to defeat the merciless AI: Enjoy the apocalypse with DUSTWIND!</p><p>Sneak, target specific body parts, deploy a variety of weapons and ammunition, flank your enemies, set and disarm traps, drive and repair vehicles \u2013 and try not to blow up your teammates! No, seriously: A bazooka is not a melee weapon!</p><p>No pre-determined character classes, no pay to win: Experiment with different character configurations without wasting time. Use your character points wisely to create the character best suited to your playstyle. Don\u2019t worry about weak builds \u2013 you can respec or create a new character whenever you want. As you unlock new player ranks, you acquire new interesting weapons which your characters can equip.</p><p>PLAY AS A DOG! Dogs are great support units who can throw grenades, drive cars, deploy turrets, fire mounted car guns, heal people (bring your DOGtor!), repair stuff, bite enemies in the butt, and more.. The only thing they can\u00b4t do is use (the most) human weapons. But so what? Show those humans how tactical fighting is done! Wuff!</p><p><b>MAP EDITOR</b><br>DUSTWIND features a powerful map editor! Tell your own stories in DUSTWIND\u2019s Badlands or create your own multiplayer maps with your very own rules</p></div></div>             </div>"
}