{
    "link": "https://fitgirl-repacks.site/dust-to-the-end/",
    "title": "Dust to the End",
    "first_img": "https://i2.imageban.ru/out/2021/08/12/9b5b873f5957bdf07668eea89415d3bf.jpg",
    "second_img": "https://s01.riotpixels.net/data/2e/11/2e11445d-adf6-4857-8998-ee854035ea75.jpg.240p.jpg",
    "body": "<div ><h2>Dust to the End</h2><p ><div><a target=\"_blank\" href=\"https://en.riotpixels.com/games/dust-to-the-end/\" rel=\"noopener\"><img class=\"alignleft\" width=\"150\" src=\"https://i2.imageban.ru/out/2021/08/12/9b5b873f5957bdf07668eea89415d3bf.jpg\"></a></div><br>Genres/Tags: <strong>Adventure, Action, RPG, Survival, Turn-based, Strategy, 2D</strong><br>Companies: <strong>Haojoy Game, Zjoy Game, 2P Games, Haojoy Game</strong><br>Languages: <strong>RUS/ENG/MULTI5</strong><br>Original Size: <strong>1.2 GB</strong><br>Repack Size: <strong>485 MB</strong></p>&nbsp;<div>&nbsp;</div><h3>Download Mirrors</h3><ul><li><a href=\"https://1337x.to/torrent/4950554/Dust-to-the-End-v1-0-MULTi5-FitGirl-Repack/\" target=\"_blank\" rel=\"noopener\">1337x</a> | [<a href=\"magnet:?xt=urn:btih:6DD73DA4F2DC0A4ED15A36A19701A31580C7BFB8&amp;dn=Dust+to+the+End+%28v1.0%2C+MULTi5%29+%5BFitGirl+Repack%5D&amp;tr=udp%3A%2F%2F46.148.18.250%3A2710&amp;tr=udp%3A%2F%2Fopentor.org%3A2710&amp;tr=udp%3A%2F%2Ftracker.coppersurfer.tk%3A6969%2Fannounce&amp;tr=udp%3A%2F%2Ftracker.opentrackr.org%3A1337%2Fannounce&amp;tr=http%3A%2F%2Ftracker.dler.org%3A6969%2Fannounce&amp;tr=udp%3A%2F%2Ftracker.leechers-paradise.org%3A6969%2Fannounce&amp;tr=udp%3A%2F%2F9.rarbg.me%3A2730%2Fannounce&amp;tr=udp%3A%2F%2F9.rarbg.to%3A2770%2Fannounce&amp;tr=udp%3A%2F%2Ftracker.pirateparty.gr%3A6969%2Fannounce&amp;tr=http%3A%2F%2Fretracker.local%2Fannounce&amp;tr=http%3A%2F%2Fretracker.ip.ncnet.ru%2Fannounce&amp;tr=udp%3A%2F%2Fexodus.desync.com%3A6969%2Fannounce&amp;tr=udp%3A%2F%2Fipv4.tracker.harry.lu%3A80%2Fannounce&amp;tr=udp%3A%2F%2Fopen.stealth.si%3A80%2Fannounce&amp;tr=udp%3A%2F%2Ftracker.zer0day.to%3A1337%2Fannounce&amp;tr=udp%3A%2F%2Ftracker.leechers-paradise.org%3A6969%2Fannounce&amp;tr=udp%3A%2F%2Fcoppersurfer.tk%3A6969%2Fannounce\">magnet</a>] [<a href=\"https://pastefg.hermietkreeft.site/?01986dd0be66a90f#A29fAPLHDCxkXNMX3zH1HRLGsGgRiF4WMJ7Gpa6FMJYq\" target=\"_blank\" rel=\"noopener\">.torrent file only</a>] <br><img src=\"https://torrent-stats.info/36a1/f83b8082.png\" style=\"display:block;clear:both\"></li><li><a href=\"http://rutor.info/torrent/829399/dust-to-the-end-2021-pc-repack-ot-fitgirl\" target=\"_blank\" rel=\"noopener\">RuTor</a> [<a href=\"magnet:?xt=urn:btih:6dd73da4f2dc0a4ed15a36a19701a31580c7bfb8&amp;dn=rutor.info_Dust+to+the+End+%282021%29+PC+%7C+RePack+%D0%BE%D1%82+FitGirl&amp;tr=udp://opentor.org:2710&amp;tr=udp://opentor.org:2710&amp;tr=http://retracker.local/announce\">magnet</a>]</li><li><a href=\"https://tapochek.net/viewtopic.php?p=2794302\" target=\"_blank\" rel=\"noopener\">Tapochek.net</a></li><li><a href=\"https://pastefg.hermietkreeft.site/?e0f37f77182e4406#FDbKNkiAuGBX7k5mKkThK8ME9RUzL4xYan3Mc3vYqRQx\" target=\"_blank\" rel=\"noopener\">Filehoster: MultiUpload</a> (10+ hosters, interchangeable) [Use <a href=\"http://jdownloader.org/jdownloader2\" target=\"_blank\" rel=\"noopener\">JDownloader2</a>]</li><li><a href=\"https://pastefg.hermietkreeft.site/?dcdf910ad7a88069#6fGkbAE7hiWTQaVEjUUuUN5Vrx8LNN8pszvoEfFc5f9g\" target=\"_blank\" rel=\"noopener\">Filehoster: PixelDrain</a></li><li><a href=\"https://pastefg.hermietkreeft.site/?ac28014edd099c24#4qvjBJsMUsTKpLBSGWhScVstXgS6ZFiGsWaoH7PHC8UH\" target=\"_blank\" rel=\"noopener\">Filehoster: ZippyShare</a></li><li><a href=\"https://pastefg.hermietkreeft.site/?e74838418fe74d0e#Txf5AgaDuARXGeCxTbpkeitbhcg5f1c2XEg9EL3Sqe5\" target=\"_blank\" rel=\"noopener\">Filehoster: LetsUpload</a> [Use <a href=\"http://jdownloader.org/jdownloader2\" target=\"_blank\" rel=\"noopener\">JDownloader2</a>]</li><li><a href=\"https://crackhub.site/dust-to-the-end-v1-0-fitgirl-repack/\" target=\"_blank\" rel=\"noopener\">Filehosters: Google Drive, OneDrive + others</a> (Uploaded by crackhub213)</li><li><a href=\"https://pastefg.hermietkreeft.site/?be4ba8ffcbca897a#4LZKUnpEMnpjLUZLk3zT5MFDFy4XGZaZQssnFRej8cP3\" target=\"_blank\" rel=\"noopener\">Filehoster: OneDrive</a> (Uploaded by DyR0 t(-_-t), NOT compatible with other mirrors)</li></ul><p><a href=\"https://cs.rin.ru/forum/viewtopic.php?f=10&amp;t=108799\" target=\"_blank\" rel=\"noopener\">Discussion and (possible) future updates on CS.RIN.RU thread</a></p><h3>Screenshots (Click to enlarge)</h3><p><a target=\"_blank\" href=\"https://en.riotpixels.com/games/dust-to-the-end/screenshots/17/?utm_source=emb-gfx-html&amp;utm_medium=image&amp;utm_campaign=rp-mass\" rel=\"noopener\"><img loading=\"lazy\" width=\"178\" height=\"100\" border=\"0\" src=\"https://s01.riotpixels.net/data/2e/11/2e11445d-adf6-4857-8998-ee854035ea75.jpg.240p.jpg\"></a><a target=\"_blank\" href=\"https://en.riotpixels.com/games/dust-to-the-end/screenshots/11/?utm_source=emb-gfx-html&amp;utm_medium=image&amp;utm_campaign=rp-mass\" rel=\"noopener\"><img loading=\"lazy\" width=\"178\" height=\"100\" border=\"0\" src=\"https://s01.riotpixels.net/data/84/44/844475c0-c5ac-4fd8-b21b-c01114292100.jpg.240p.jpg\"></a><a target=\"_blank\" href=\"https://en.riotpixels.com/games/dust-to-the-end/screenshots/8/?utm_source=emb-gfx-html&amp;utm_medium=image&amp;utm_campaign=rp-mass\" rel=\"noopener\"><img loading=\"lazy\" width=\"178\" height=\"100\" border=\"0\" src=\"https://s01.riotpixels.net/data/36/c3/36c30fad-e088-4a50-8a48-f8409f42a48a.jpg.240p.jpg\"></a><br><a target=\"_blank\" href=\"https://en.riotpixels.com/games/dust-to-the-end/screenshots/7/?utm_source=emb-gfx-html&amp;utm_medium=image&amp;utm_campaign=rp-mass\" rel=\"noopener\"><img loading=\"lazy\" width=\"178\" height=\"100\" border=\"0\" src=\"https://s01.riotpixels.net/data/f0/79/f07991ba-dcf6-4605-bc28-bb3331c61d0d.jpg.240p.jpg\"></a><a target=\"_blank\" href=\"https://en.riotpixels.com/games/dust-to-the-end/screenshots/6/?utm_source=emb-gfx-html&amp;utm_medium=image&amp;utm_campaign=rp-mass\" rel=\"noopener\"><img loading=\"lazy\" width=\"178\" height=\"100\" border=\"0\" src=\"https://s01.riotpixels.net/data/01/89/01898b8e-f50b-488b-9341-91bbf4fcf628.jpg.240p.jpg\"></a><a target=\"_blank\" href=\"https://en.riotpixels.com/games/dust-to-the-end/screenshots/1/?utm_source=emb-gfx-html&amp;utm_medium=image&amp;utm_campaign=rp-mass\" rel=\"noopener\"><img loading=\"lazy\" width=\"178\" height=\"100\" border=\"0\" src=\"https://s01.riotpixels.net/data/68/9b/689b6bbc-8a43-47de-803b-72c93aa695a2.jpg.240p.jpg\"></a></p><h3>Repack Features</h3><ul><li>Based on Steam v1.0 release (1.2 GB), thanks to twink333!</li><li>Modified CODEX crack/emu applied over, thanks to Christsnatcher!</li><li>100% Lossless &amp; MD5 Perfect: all files are identical to originals after installation</li><li>NOTHING ripped, NOTHING re-encoded</li><li>Significantly smaller archive size (compressed from 1.2 GB to 485 MB)</li><li>Installation takes one minute</li><li>After-install integrity check so you could make sure that everything installed properly</li><li>HDD space after installation: 1.2 GB (3.7 GB during installation)</li><li>Language can be changed in \u201cd2e_Data\\Plugins\\steam_emu.ini\u201d file</li><li>At least 2 GB of free RAM (inc. virtual) required for installing this repack</li></ul><div ><div><h2>Game Description</h2></div><div >Join a caravan of merchants to cross the unforgiving sands. Negotiate and barter to gain riches through trade. Build and defend your settlement, developing new industries from the scratches of the old world. Fight and kill your enemies and the strange creatures that inhabit the wasteland \u2013 or attack and plunder unsuspecting victims in this kill-or-be-killed merciless world.<p>Decades ago, a world-scale nuclear conflict destroyed human civilization as we knew it. The scant survivors hid in underground shelters and spent near a century in hiding. When the radiation dissipated enough for the ground to be safe, many groups of survivors resurfaced again and began re-colonizing the world, reconstructing civilization\u2026 to some extent: the human race failed to learn from the mistakes that led to their downfall. History started repeating very quickly, as new powers emerged in the wastelands \u2013 in a world where resources were scarce and far apart, growing settlements, petty warlords and roaming bands clashed in constant strife for land, food, water and other resources.</p><p>You grew up in Shelter 507, living a safe life (if dull and stagnate) until a day, not long ago, when your leaders and elders decided to open up the doors finally \u2013 sick of living buried, but also full of hope for the potential of the new world. That hope was cut short with rusty blades through your family\u2019s necks. Later on, you discovered the killers were members of a human trafficking organization who called themselves \u2018the Black Death\u2019. But at that moment they were just like walking nightmares, coming from the sun-scorched exterior to kill everyone you had known and loved for your whole life. Somehow, you managed to flee and survive and were nurtured back to health in a nearby settlement. But nothing comes for free in this new world, and you\u2019ll have to earn your due\u2026</p><p><b><h3>Game Features</h3></b></p><ul><li>Lead a merchant caravan through the unforgiving wasteland, selling and buying more than 100 kinds of goods in a dynamic economy where supply and demand constantly affect prices</li><li>Explore a vast semi-open post-apocalyptic world map where monsters, beasts, bandits and other caravans roam freely</li><li>Beware the hazards and challenges that this harsh natural environment will pose to your caravan!</li><li>Discover more than 50 cities and towns, each with different sizes, facilities and trade goods</li><li>Fight turn-based battles with 9 categories of weapons and dozens of special skills</li><li>Hire new mercenaries for your caravan, each with their own personality, which determines the mercenary\u2019s mood and team status, which in turn affects the team\u2019s combat effectiveness and attitude</li><li>Become a leader: explore bunkers, establish and operate underground bases, develop factories and facilities and buy or hire civilian assistants. Do whatever it takes to increase the economic output of your settlement</li><li>Wasteland-style design, with more than 40 exquisite hand-made character drawings</li><li>Multiple endings, different dialogue choices will affect the plot direction and the final ending</li></ul></div></div>             </div>"
}