{
    "link": "https://fitgirl-repacks.site/dysmantle/",
    "title": "DYSMANTLE \u2013 v1.0.0.3",
    "first_img": "https://i6.imageban.ru/out/2021/11/19/3e3a7f4d1ab7765c8c74900d4d6107f6.jpg",
    "second_img": "https://s01.riotpixels.net/data/55/ca/55cacfb0-a988-4787-b410-db3b11b162a7.jpg.240p.jpg",
    "body": "<div ><h2>DYSMANTLE \u2013 v1.0.0.3</h2><p ><div><a target=\"_blank\" href=\"https://en.riotpixels.com/games/dysmantle/\" rel=\"noopener\"><img class=\"alignleft\" width=\"150\" src=\"https://i6.imageban.ru/out/2021/11/19/3e3a7f4d1ab7765c8c74900d4d6107f6.jpg\"></a></div><br>Genres/Tags: <strong>Action, Open world, Survival, Post-apocalypse, 3D</strong><br>Company: <strong>10tons Ltd</strong><br>Languages: <strong>RUS/ENG/MULTI10</strong><br>Original Size: <strong>935 MB</strong><br>Repack Size: <strong>586 MB</strong></p>&nbsp;<div>&nbsp;</div><h3>Download Mirrors</h3><ul><li><a href=\"https://1337x.to/torrent/5056781/DYSMANTLE-v1-0-0-3-MULTi10-FitGirl-Repack/\" target=\"_blank\" rel=\"noopener\">1337x</a> | [<a href=\"magnet:?xt=urn:btih:E8205573608EC29512252242AA0A56F00937CA0A&amp;dn=DYSMANTLE+%28v1.0.0.3%2C+MULTi10%29+%5BFitGirl+Repack%5D&amp;tr=udp%3A%2F%2F46.148.18.250%3A2710&amp;tr=udp%3A%2F%2Fopentor.org%3A2710&amp;tr=udp%3A%2F%2Ftracker.coppersurfer.tk%3A6969%2Fannounce&amp;tr=udp%3A%2F%2Ftracker.opentrackr.org%3A1337%2Fannounce&amp;tr=http%3A%2F%2Ftracker.dler.org%3A6969%2Fannounce&amp;tr=udp%3A%2F%2Ftracker.leechers-paradise.org%3A6969%2Fannounce&amp;tr=udp%3A%2F%2F9.rarbg.me%3A2730%2Fannounce&amp;tr=udp%3A%2F%2F9.rarbg.to%3A2770%2Fannounce&amp;tr=udp%3A%2F%2Ftracker.pirateparty.gr%3A6969%2Fannounce&amp;tr=http%3A%2F%2Fretracker.local%2Fannounce&amp;tr=http%3A%2F%2Fretracker.ip.ncnet.ru%2Fannounce&amp;tr=udp%3A%2F%2Fexodus.desync.com%3A6969%2Fannounce&amp;tr=udp%3A%2F%2Fipv4.tracker.harry.lu%3A80%2Fannounce&amp;tr=udp%3A%2F%2Fopen.stealth.si%3A80%2Fannounce&amp;tr=udp%3A%2F%2Ftracker.zer0day.to%3A1337%2Fannounce&amp;tr=udp%3A%2F%2Ftracker.leechers-paradise.org%3A6969%2Fannounce&amp;tr=udp%3A%2F%2Fcoppersurfer.tk%3A6969%2Fannounce\">magnet</a>] [<a href=\"https://pastefg.hermietkreeft.site/?6e9748820d989c62#J4SCexZEXCWte1QrSrpXyHBavYQt6UWSezqyaXbqZw2W\" target=\"_blank\" rel=\"noopener\">.torrent file only</a>] <br><img src=\"https://torrent-stats.info/2242/9fc526d8.png\" style=\"display:block;clear:both\"></li><li><a href=\"http://rutor.info/torrent/846301/dysmantle-2021-pc-repack-ot-fitgirl\" target=\"_blank\" rel=\"noopener\">RuTor</a> [<a href=\"magnet:?xt=urn:btih:e8205573608ec29512252242aa0a56f00937ca0a&amp;dn=rutor.info_DYSMANTLE+%282021%29+PC+%7C+RePack+%D0%BE%D1%82+FitGirl&amp;tr=udp://opentor.net:6969&amp;tr=udp://opentor.org:2710&amp;tr=http://retracker.local/announce\">magnet</a>]</li><li><a href=\"https://tapochek.net/viewtopic.php?p=2813398\" target=\"_blank\" rel=\"noopener\">Tapochek.net</a></li><li><a href=\"https://pastefg.hermietkreeft.site/?de33f81942769e07#GDgD4Wafm7SnzjwquLPJXc81XWfycH9g1pN7JMtqaUep\" target=\"_blank\" rel=\"noopener\">Filehoster: MultiUpload</a> (10+ hosters, interchangeable) [Use <a href=\"http://jdownloader.org/jdownloader2\" target=\"_blank\" rel=\"noopener\">JDownloader2</a>]</li><li><a href=\"https://pastefg.hermietkreeft.site/?8816b4f1e404cab9#8FUkuyFegy8ZhUg5KxGhXTpkrtgQRJTif8AxvBpfruQG\" target=\"_blank\" rel=\"noopener\">Filehoster: ZippyShare</a></li><li><a href=\"https://pastefg.hermietkreeft.site/?6c93f8472349d316#AVFqFng1CTfYJmU7qHzL4Ftcm4sZn5kuzDAVZudAwMPR\" target=\"_blank\" rel=\"noopener\">Filehoster: BayFiles</a></li><li><a href=\"https://pastefg.hermietkreeft.site/?7b3b6158508d71d4#AfuroSwSzLbVE32drqcTUdazQ3B6n14W8m46J6NQjBRe\" target=\"_blank\" rel=\"noopener\">Filehoster: LetsUpload</a> [Use <a href=\"http://jdownloader.org/jdownloader2\" target=\"_blank\" rel=\"noopener\">JDownloader2</a>]</li><li><a href=\"https://pastefg.hermietkreeft.site/?11230935ec124051#AA84rLJDjVc9sSu2qFbhfKH6mWANBWQdKhhD1YRvkB8K\" target=\"_blank\" rel=\"noopener\">Filehoster: OneDrive</a> (Uploaded by DyR0 t(-_-t), NOT compatible with other mirrors)</li><p><!--  <li><a href=\"\" target=\"_blank\" rel=\"noopener\">Filehosters: Google Drive, OneDrive + others</a> (Uploaded by crackhub213)</li>  --></p></ul><p><a href=\"https://cs.rin.ru/forum/viewtopic.php?f=10&amp;t=94677\" target=\"_blank\" rel=\"noopener\">Discussion and (possible) future updates on CS.RIN.RU thread</a></p><h3>Screenshots (Click to enlarge)</h3><p><a target=\"_blank\" href=\"https://en.riotpixels.com/games/dysmantle/screenshots/16/?utm_source=emb-gfx-html&amp;utm_medium=image&amp;utm_campaign=rp-mass\" rel=\"noopener\"><img loading=\"lazy\" width=\"178\" height=\"100\" border=\"0\" src=\"https://s01.riotpixels.net/data/55/ca/55cacfb0-a988-4787-b410-db3b11b162a7.jpg.240p.jpg\"></a><a target=\"_blank\" href=\"https://en.riotpixels.com/games/dysmantle/screenshots/15/?utm_source=emb-gfx-html&amp;utm_medium=image&amp;utm_campaign=rp-mass\" rel=\"noopener\"><img loading=\"lazy\" width=\"178\" height=\"100\" border=\"0\" src=\"https://s01.riotpixels.net/data/d3/4b/d34b6d07-b040-48b1-b125-7ef909aba27e.jpg.240p.jpg\"></a><a target=\"_blank\" href=\"https://en.riotpixels.com/games/dysmantle/screenshots/9/?utm_source=emb-gfx-html&amp;utm_medium=image&amp;utm_campaign=rp-mass\" rel=\"noopener\"><img loading=\"lazy\" width=\"178\" height=\"100\" border=\"0\" src=\"https://s01.riotpixels.net/data/c7/bf/c7bf15a6-b567-46b9-8146-e55a5eb67b42.jpg.240p.jpg\"></a><br><a target=\"_blank\" href=\"https://en.riotpixels.com/games/dysmantle/screenshots/7/?utm_source=emb-gfx-html&amp;utm_medium=image&amp;utm_campaign=rp-mass\" rel=\"noopener\"><img loading=\"lazy\" width=\"178\" height=\"100\" border=\"0\" src=\"https://s01.riotpixels.net/data/29/2e/292e84b1-361d-4bb5-984b-0e14f7ffad05.jpg.240p.jpg\"></a><a target=\"_blank\" href=\"https://en.riotpixels.com/games/dysmantle/screenshots/4/?utm_source=emb-gfx-html&amp;utm_medium=image&amp;utm_campaign=rp-mass\" rel=\"noopener\"><img loading=\"lazy\" width=\"178\" height=\"100\" border=\"0\" src=\"https://s01.riotpixels.net/data/11/e2/11e27658-990f-4a97-90c6-a8cfb321c266.jpg.240p.jpg\"></a><a target=\"_blank\" href=\"https://en.riotpixels.com/games/dysmantle/screenshots/1/?utm_source=emb-gfx-html&amp;utm_medium=image&amp;utm_campaign=rp-mass\" rel=\"noopener\"><img loading=\"lazy\" width=\"178\" height=\"100\" border=\"0\" src=\"https://s01.riotpixels.net/data/ed/8c/ed8c0052-b669-4bb9-af02-8e5a11480ddd.jpg.240p.jpg\"></a></p><h3>Repack Features</h3><ul><li>Based on DYSMANTLE-CODEX ISO release: codex-dysmantle.iso (979,927,040 bytes)</li><li>100% Lossless &amp; MD5 Perfect: all files are identical to originals after installation</li><li>NOTHING ripped, NOTHING re-encoded</li><li>Significantly smaller archive size (compressed from 935 to 586 MB)</li><li>Installation takes 3 minutes</li><li>After-install integrity check so you could make sure that everything installed properly</li><li>HDD space after installation: 1.2 GB (2 GB during installation)</li><li>Language can be changed in game settings</li><li>At least 2 GB of free RAM (inc. virtual) required for installing this repack</li></ul><div ><div><h2>Game Description</h2></div><div ><b>WELCOME TO THE BITTERSWEET APOCALYPSE!</b><br>As you ascend from your shelter after the long long years, a brave new old world awaits you. A world inhabited with nasty and vile creatures. A world with no other human soul to be seen. A world with nature in reigns now. A world that\u2019s about to get even worse.<p>You need to find a way to escape the wretched island. But before that, enjoy the bittersweet apocalypse.</p><p><b>POST-APOCALYPTIC LEISURE!</b><br>Explore the ruins of the past and discover technology from the hitech era. Gain technological advantage against the hostile environment. Or go deeper and recover the ancient lost knowledge from the hidden tomb chambers of the old ones. Acquire materials with almost magic-like properties and use them to craft insanely powerful gear.</p><p><b>CRAFT AND GEAR UP!</b><br>Over 99% of everything can be broken for materials with the right equipment. Do that, and collect the sweet nectar of the old world: plastics, rubber, and metals. There is a reasonable number of different materials to gather. Find Recipes to craft permanent items and upgrades.</p><p><b>EXPLORE THE WORLD!</b><br>Explore the vast hand-crafted open world and build Outposts to establish your presence. Claim back the land area by area. Find hidden treasures and solve puzzles long ago forgotten. Find your means of escaping the island.</p><p><b>FIGHT OR FLIGHT?</b><br>The world after the end is inhabited by nasty creatures. Something vile has affected most of the wildlife and former human inhabitants of the island \u2014 turning them into aggressive beast-like creatures. Slay them and collect their loot. Harvest their organs and provide them eternal rest. Or run away and come back when you\u2019re stronger. Fight using various melee and ranged weapons. Create traps and lure monsters in. Do whatever it takes.</p><p><b>THRIVE \u2013 NEVER STARVE!</b><br>You will not be fighting just to maintain the status quo. This IS NOT a game about starving. You won\u2019t be constantly looking for a tasty cockroach to fill your over-metabolic stomach while waiting for the unavoidable bliss that is death. You will never die of hunger. You will get more powerful, and unlock permanent upgrades. The world is a dangerous place, and you may take a few steps back once in a while, but eventually you will thrive.</p><p>Enjoy the bittersweet apocalypse.</p><p><b><h3>Game Features</h3></b></p><ul><li>Break over 99% of all objects for materials with the right tools. No barrier will stop you.</li><li>Fight with (or run away) nasty and vile creatures of the post-apocalyptic era.</li><li>Explore the handcrafted open world and uncover its mysteries.</li><li>Survive. Clear areas of monsters and claim it as yours.</li><li>Build outposts to establish your presence.</li><li>Craft permanent weapons, tools, outfits, and trinkets.</li><li>Hunt various game or tame them for your post-apocalyptic zoo ranch.</li><li>Farm nutritious plants and reap the rewards as the crop gets ripe.</li><li>Solve puzzles above ground and underground in the Tombs of the Old Ones</li><li>Fish cunning scaly things under the watery surface.</li><li>Cook delicious recipes for permanent stat and ability upgrades.</li><li>Unravel the mysteries of the strange island.</li></ul></div></div>             </div>"
}