{
    "link": "https://fitgirl-repacks.site/eastern-exorcist/",
    "title": "Eastern Exorcist \u2013 v1.48.0711 (Build 7011579)",
    "first_img": "https://i6.imageban.ru/out/2021/07/12/b7b24f409c60664dba6e8d0c667c5320.jpg",
    "second_img": "https://s01.riotpixels.net/data/d2/65/d2650eae-4958-4c65-a8d6-3fe61c2a5a34.jpg.240p.jpg",
    "body": "<div ><h2>Eastern Exorcist \u2013 v1.48.0711 (Build 7011579)</h2><p ><div><a target=\"_blank\" href=\"https://en.riotpixels.com/games/eastern-exorcist/\" rel=\"noopener\"><img class=\"alignleft\" width=\"150\" src=\"https://i6.imageban.ru/out/2021/07/12/b7b24f409c60664dba6e8d0c667c5320.jpg\"></a></div><br>Genres/Tags: <strong>RPG, Action RPG, Side, Fantasy, 2D</strong><br>Companies: <strong>Wildfire Game, bilibili</strong><br>Languages: <strong>ENG/MULTI4</strong><br>Original Size: <strong>6.2 GB</strong><br>Repack Size: <strong>2.6 GB</strong></p>&nbsp;<div>&nbsp;</div><h3>Download Mirrors</h3><ul><li><a href=\"https://1337x.to/torrent/4917282/Eastern-Exorcist-v1-48-0711-Build-7011579-MULTi4-FitGirl-Repack/\" target=\"_blank\" rel=\"noopener\">1337x</a> | [<a href=\"magnet:?xt=urn:btih:3E0C4D23046A9A5682E595D276C723F66FBF07FE&amp;dn=Eastern+Exorcist+%28v1.48.0711%2FBuild+7011579%2C+MULTi4%29+%5BFitGirl+Repack%5D&amp;tr=udp%3A%2F%2F46.148.18.250%3A2710&amp;tr=udp%3A%2F%2Fopentor.org%3A2710&amp;tr=udp%3A%2F%2Ftracker.coppersurfer.tk%3A6969%2Fannounce&amp;tr=udp%3A%2F%2Ftracker.opentrackr.org%3A1337%2Fannounce&amp;tr=http%3A%2F%2Ftracker.dler.org%3A6969%2Fannounce&amp;tr=udp%3A%2F%2Ftracker.leechers-paradise.org%3A6969%2Fannounce&amp;tr=udp%3A%2F%2F9.rarbg.me%3A2730%2Fannounce&amp;tr=udp%3A%2F%2F9.rarbg.to%3A2770%2Fannounce&amp;tr=udp%3A%2F%2Ftracker.pirateparty.gr%3A6969%2Fannounce&amp;tr=http%3A%2F%2Fretracker.local%2Fannounce&amp;tr=http%3A%2F%2Fretracker.ip.ncnet.ru%2Fannounce&amp;tr=udp%3A%2F%2Fexodus.desync.com%3A6969%2Fannounce&amp;tr=udp%3A%2F%2Fipv4.tracker.harry.lu%3A80%2Fannounce&amp;tr=udp%3A%2F%2Fopen.stealth.si%3A80%2Fannounce&amp;tr=udp%3A%2F%2Ftracker.zer0day.to%3A1337%2Fannounce&amp;tr=udp%3A%2F%2Ftracker.leechers-paradise.org%3A6969%2Fannounce&amp;tr=udp%3A%2F%2Fcoppersurfer.tk%3A6969%2Fannounce\">magnet</a>] [<a href=\"https://pastefg.hermietkreeft.site/?76150a5283633b9d#Ge2Kzof9Yb9rX1CttoKXAXotRwLAw93N5Jx7jVhh3gia\" target=\"_blank\" rel=\"noopener\">.torrent file only</a>] <br><img src=\"https://torrent-stats.info/95d2/2a474f7ee.png\" style=\"display:block;clear:both\"></li><li><a href=\"https://tapochek.net/viewtopic.php?p=2788659\" target=\"_blank\" rel=\"noopener\">Tapochek.net</a></li><li><a href=\"https://pastefg.hermietkreeft.site/?a0c7151cb959fee2#Hs1AWR5DuYTF37hUqxSuSK9Y7GrTMZiyf7vaSVZJvpM2\" target=\"_blank\" rel=\"noopener\">Filehoster: MultiUpload</a> (10+ hosters, interchangeable) [Use <a href=\"http://jdownloader.org/jdownloader2\" target=\"_blank\" rel=\"noopener\">JDownloader2</a>]</li><li><a href=\"https://pastefg.hermietkreeft.site/?75f93c37be5e9244#4dm8wYegPSv61NijXi28XLicbtKq8wTdhNKCduYqb3a7\" target=\"_blank\" rel=\"noopener\">Filehoster: PixelDrain</a></li><li><a href=\"https://pastefg.hermietkreeft.site/?b8e58104ea46f087#9cnoKiTSV16mb1uD3SALGU496vxpuSDDFkQrPhaKfd3d\" target=\"_blank\" rel=\"noopener\">Filehoster: ZippyShare</a></li><li><a href=\"https://pastefg.hermietkreeft.site/?959f8e8d0751a1b6#F8SZdPWxsTTVgy5HKSKJYwe5ikQZkdrppDDiTidbiV2y\" target=\"_blank\" rel=\"noopener\">Filehoster: LetsUpload</a> [Use <a href=\"http://jdownloader.org/jdownloader2\" target=\"_blank\" rel=\"noopener\">JDownloader2</a>]</li><li><a href=\"https://crackhub.site/eastern-exorcist-v1-48-0711-build-7011579-fitgirl-repack/\" target=\"_blank\" rel=\"noopener\">Filehosters: Google Drive, OneDrive + others</a> (Uploaded by crackhub213)</li><li><a href=\"https://pastefg.hermietkreeft.site/?3f5e6e16c9e093cd#7Gw7kqfeMbuzWova2xwEeX4ESxqQZxQ8KTWaKVq5FzWB\" target=\"_blank\" rel=\"noopener\">Filehoster: OneDrive</a> (Uploaded by DyR0 t(-_-t), NOT compatible with other mirrors)</li></ul><p><a href=\"https://cs.rin.ru/forum/viewtopic.php?f=10&amp;t=98841\" target=\"_blank\" rel=\"noopener\">Discussion and (possible) future updates on CS.RIN.RU thread</a></p><h3>Screenshots (Click to enlarge)</h3><p><a target=\"_blank\" href=\"https://en.riotpixels.com/games/eastern-exorcist/screenshots/14/?utm_source=emb-gfx-html&amp;utm_medium=image&amp;utm_campaign=rp-mass\" rel=\"noopener\"><img loading=\"lazy\" width=\"178\" height=\"100\" border=\"0\" src=\"https://s01.riotpixels.net/data/d2/65/d2650eae-4958-4c65-a8d6-3fe61c2a5a34.jpg.240p.jpg\"></a><a target=\"_blank\" href=\"https://en.riotpixels.com/games/eastern-exorcist/screenshots/13/?utm_source=emb-gfx-html&amp;utm_medium=image&amp;utm_campaign=rp-mass\" rel=\"noopener\"><img loading=\"lazy\" width=\"178\" height=\"100\" border=\"0\" src=\"https://s01.riotpixels.net/data/04/16/0416fd16-d30f-4f5d-9d58-bab7a65d2d47.jpg.240p.jpg\"></a><a target=\"_blank\" href=\"https://en.riotpixels.com/games/eastern-exorcist/screenshots/9/?utm_source=emb-gfx-html&amp;utm_medium=image&amp;utm_campaign=rp-mass\" rel=\"noopener\"><img loading=\"lazy\" width=\"178\" height=\"100\" border=\"0\" src=\"https://s01.riotpixels.net/data/d9/73/d9730528-aeb7-48e3-a239-bea710ee9468.jpg.240p.jpg\"></a><br><a target=\"_blank\" href=\"https://en.riotpixels.com/games/eastern-exorcist/screenshots/5/?utm_source=emb-gfx-html&amp;utm_medium=image&amp;utm_campaign=rp-mass\" rel=\"noopener\"><img loading=\"lazy\" width=\"178\" height=\"100\" border=\"0\" src=\"https://s01.riotpixels.net/data/b5/87/b5874efc-8814-4344-b464-a81136ecefc1.jpg.240p.jpg\"></a><a target=\"_blank\" href=\"https://en.riotpixels.com/games/eastern-exorcist/screenshots/4/?utm_source=emb-gfx-html&amp;utm_medium=image&amp;utm_campaign=rp-mass\" rel=\"noopener\"><img loading=\"lazy\" width=\"178\" height=\"100\" border=\"0\" src=\"https://s01.riotpixels.net/data/87/51/87512e46-ff6d-419a-ba37-9d4f61154f0b.jpg.240p.jpg\"></a><a target=\"_blank\" href=\"https://en.riotpixels.com/games/eastern-exorcist/screenshots/2/?utm_source=emb-gfx-html&amp;utm_medium=image&amp;utm_campaign=rp-mass\" rel=\"noopener\"><img loading=\"lazy\" width=\"178\" height=\"100\" border=\"0\" src=\"https://s01.riotpixels.net/data/10/56/10561d7b-7439-4165-8a7f-a52cf5ff9e2a.jpg.240p.jpg\"></a></p><h3>Repack Features</h3><ul><li>Based on Steam release BuildID 7011579: 6.2 GB</li><li>CODEX-PLAZA crack/emu applied over</li><li>Game version: v1.48.0711</li><li>100% Lossless &amp; MD5 Perfect: all files are identical to originals after installation</li><li>NOTHING ripped, NOTHING re-encoded</li><li>Significantly smaller archive size (compressed from 6.2 to 2.6 GB)</li><li>Installation takes from 7 minutes on 16-threads CPU to 20 minutes on 4-threads CPU</li><li>After-install integrity check so you could make sure that everything installed properly</li><li>HDD space after installation: 6.2 GB (up to 14.9 GB during installation)</li><li>Language can be changed in game settings</li><li>At least 2 GB of free RAM (inc. virtual) required for installing this repack</li></ul><div ><div><h2>Game Description</h2></div><div >Eastern Exorcist is a stunning 2D side-scrolling action RPG set in a fictitious eastern world with the infestation of vicious demon monsters. Play as a skilled exorcist against chaotic evil to fight your way through the brutal world, and experience unforeseen entanglements of complex beings.<p><b>Art Direction</b><br>All hand-drawn Chinese ink painting style, with many atmospheric scenes.</p><p><b>Combat System</b><br>Use your sword to execute demons and monsters with tactical combat mechanics in hand-drawn frame-by-frame action design.</p><p><b>Storyline</b><br>Experience a complicated journey with joy and sorrow as an exorcist.</p><p><b>Cutscenes</b><br>Cutscenes are showed in the form of Chinese Opera.</p></div></div>             </div>"
}