{
    "link": "https://fitgirl-repacks.site/el-shaddai-ascension-of-the-metatron/",
    "title": "El Shaddai: Ascension of the Metatron",
    "first_img": "https://i6.imageban.ru/out/2021/09/03/42c45fd0a19732a5b5e3420987921031.jpg",
    "second_img": "https://s01.riotpixels.net/data/fa/46/fa46fb9e-3f1f-4d32-b3ff-d08570dd541a.jpg.240p.jpg",
    "body": "<div ><h2>El Shaddai: Ascension of the Metatron</h2><p ><div><a target=\"_blank\" href=\"https://en.riotpixels.com/games/el-shaddai-ascension-of-the-metatron/\" rel=\"noopener\"><img class=\"alignleft\" width=\"150\" src=\"https://i6.imageban.ru/out/2021/09/03/42c45fd0a19732a5b5e3420987921031.jpg\"></a></div><br>Genres/Tags: <strong>Action, Third-person, 3D</strong><br>Company: <strong>crim Co., Ltd</strong><br>Languages: <strong>ENG/MULTI6</strong><br><strong style=\"color: red\">This game requires a controller!</strong><br>Original Size: <strong>3.9 GB</strong><br>Repack Size: <strong>from 2.7 GB</strong> [Selective Download]</p>&nbsp;<div>&nbsp;</div><h3>Download Mirrors</h3><ul><li><a href=\"https://1337x.to/torrent/4972327/El-Shaddai-Ascension-of-the-Metatron-MULTi6-FitGirl-Repack-Selective-Download-from-2-7-GB/\" target=\"_blank\" rel=\"noopener\">1337x</a> | [<a href=\"magnet:?xt=urn:btih:5337E9788E4B161B2796C32EAF51598F84FB6F26&amp;dn=El+Shaddai%3A+Ascension+of+the+Metatron+%28MULTi6%29+%5BFitGirl+Repack%2C+Selective+Download+-+from+2.7+GB%5D&amp;tr=udp%3A%2F%2F46.148.18.250%3A2710&amp;tr=udp%3A%2F%2Fopentor.org%3A2710&amp;tr=udp%3A%2F%2Ftracker.coppersurfer.tk%3A6969%2Fannounce&amp;tr=udp%3A%2F%2Ftracker.opentrackr.org%3A1337%2Fannounce&amp;tr=http%3A%2F%2Ftracker.dler.org%3A6969%2Fannounce&amp;tr=udp%3A%2F%2Ftracker.leechers-paradise.org%3A6969%2Fannounce&amp;tr=udp%3A%2F%2F9.rarbg.me%3A2730%2Fannounce&amp;tr=udp%3A%2F%2F9.rarbg.to%3A2770%2Fannounce&amp;tr=udp%3A%2F%2Ftracker.pirateparty.gr%3A6969%2Fannounce&amp;tr=http%3A%2F%2Fretracker.local%2Fannounce&amp;tr=http%3A%2F%2Fretracker.ip.ncnet.ru%2Fannounce&amp;tr=udp%3A%2F%2Fexodus.desync.com%3A6969%2Fannounce&amp;tr=udp%3A%2F%2Fipv4.tracker.harry.lu%3A80%2Fannounce&amp;tr=udp%3A%2F%2Fopen.stealth.si%3A80%2Fannounce&amp;tr=udp%3A%2F%2Ftracker.zer0day.to%3A1337%2Fannounce&amp;tr=udp%3A%2F%2Ftracker.leechers-paradise.org%3A6969%2Fannounce&amp;tr=udp%3A%2F%2Fcoppersurfer.tk%3A6969%2Fannounce\">magnet</a>] [<a href=\"https://pastefg.hermietkreeft.site/?c825449563b31ead#AQGFUAQhPmGZUcZCDzCYATUaKCjPWjNCtxre9rMpyCKc\" target=\"_blank\" rel=\"noopener\">.torrent file only</a>] <br><img src=\"https://torrent-stats.info/c32e/37b3a617c.png\" style=\"display:block;clear:both\"></li><li><a href=\"https://tapochek.net/viewtopic.php?p=2798316\" target=\"_blank\" rel=\"noopener\">Tapochek.net</a></li><li><a href=\"https://pastefg.hermietkreeft.site/?c7b2185ff5ae56e2#2kRjTUUQGrxzCYv6thupZTTaFo4BQwvT52184TZQKdK4\" target=\"_blank\" rel=\"noopener\">Filehoster: MultiUpload</a> (10+ hosters, interchangeable) [Use <a href=\"http://jdownloader.org/jdownloader2\" target=\"_blank\" rel=\"noopener\">JDownloader2</a>]</li><li><a href=\"https://pastefg.hermietkreeft.site/?bbeed5ac239b46ea#EhFE4upjnSdRYzFRcSy6roD8xG5KMfHFzgwisBqWTf4L\" target=\"_blank\" rel=\"noopener\">Filehoster: PixelDrain</a></li><li><a href=\"https://pastefg.hermietkreeft.site/?0c955e3014b70438#2bjXBhcR3LrMfBGZ5GPkpXPQ7q5suGPNp44irdy9JPqq\" target=\"_blank\" rel=\"noopener\">Filehoster: ZippyShare</a></li><li><a href=\"https://pastefg.hermietkreeft.site/?4bb8cca06d9a165e#AAUzccBJSeDJyG1QzXtuEnCcZfdPnRPdVEEFvZ8pZy2o\" target=\"_blank\" rel=\"noopener\">Filehoster: LetsUpload</a> [Use <a href=\"http://jdownloader.org/jdownloader2\" target=\"_blank\" rel=\"noopener\">JDownloader2</a>]</li><li><a href=\"https://pastefg.hermietkreeft.site/?f7b852cd1ae73262#5gVUWrM1MAfhKJrBazoPsvDeAPgZ2p6ycpaKbFMywgig\" target=\"_blank\" rel=\"noopener\">Filehoster: OneDrive</a> (Uploaded by DyR0 t(-_-t), NOT compatible with other mirrors)</li></ul><p><a href=\"https://cs.rin.ru/forum/viewtopic.php?f=10&amp;t=111732\" target=\"_blank\" rel=\"noopener\">Discussion and (possible) future updates on CS.RIN.RU thread</a></p><h3>Screenshots (Click to enlarge)</h3><p><a target=\"_blank\" href=\"https://en.riotpixels.com/games/el-shaddai-ascension-of-the-metatron/screenshots/92/?utm_source=emb-gfx-html&amp;utm_medium=image&amp;utm_campaign=rp-mass\" rel=\"noopener\"><img loading=\"lazy\" width=\"178\" height=\"100\" border=\"0\" src=\"https://s01.riotpixels.net/data/fa/46/fa46fb9e-3f1f-4d32-b3ff-d08570dd541a.jpg.240p.jpg\"></a><a target=\"_blank\" href=\"https://en.riotpixels.com/games/el-shaddai-ascension-of-the-metatron/screenshots/51/?utm_source=emb-gfx-html&amp;utm_medium=image&amp;utm_campaign=rp-mass\" rel=\"noopener\"><img loading=\"lazy\" width=\"178\" height=\"100\" border=\"0\" src=\"https://s01.riotpixels.net/data/d1/02/d102cd61-d2b2-483d-93c2-0872a20ea985.jpg.240p.jpg\"></a><a target=\"_blank\" href=\"https://en.riotpixels.com/games/el-shaddai-ascension-of-the-metatron/screenshots/47/?utm_source=emb-gfx-html&amp;utm_medium=image&amp;utm_campaign=rp-mass\" rel=\"noopener\"><img loading=\"lazy\" width=\"178\" height=\"100\" border=\"0\" src=\"https://s01.riotpixels.net/data/de/c6/dec650ff-368d-47a5-a37d-94b790f85030.jpg.240p.jpg\"></a><br><a target=\"_blank\" href=\"https://en.riotpixels.com/games/el-shaddai-ascension-of-the-metatron/screenshots/6/?utm_source=emb-gfx-html&amp;utm_medium=image&amp;utm_campaign=rp-mass\" rel=\"noopener\"><img loading=\"lazy\" width=\"178\" height=\"100\" border=\"0\" src=\"https://s01.riotpixels.net/data/bc/3a/bc3aa15c-c0b5-492d-8f6e-f1c98c1cf513.jpg.240p.jpg\"></a><a target=\"_blank\" href=\"https://en.riotpixels.com/games/el-shaddai-ascension-of-the-metatron/screenshots/5/?utm_source=emb-gfx-html&amp;utm_medium=image&amp;utm_campaign=rp-mass\" rel=\"noopener\"><img loading=\"lazy\" width=\"178\" height=\"100\" border=\"0\" src=\"https://s01.riotpixels.net/data/ed/13/ed13e2b9-b7e6-41fc-96fc-64f4dc7a7bc8.jpg.240p.jpg\"></a><a target=\"_blank\" href=\"https://en.riotpixels.com/games/el-shaddai-ascension-of-the-metatron/screenshots/4/?utm_source=emb-gfx-html&amp;utm_medium=image&amp;utm_campaign=rp-mass\" rel=\"noopener\"><img loading=\"lazy\" width=\"178\" height=\"100\" border=\"0\" src=\"https://s01.riotpixels.net/data/a0/e0/a0e0fa08-5900-44c8-b378-c1ba00fc566c.jpg.240p.jpg\"></a></p><h3>Repack Features</h3><ul><li>Based on El.Shaddai.Ascension.of.the.Metatron-CODEX ISO release: codex-el.shaddai.ascension.of.the.metatron.iso (4,207,443,968 bytes)</li><li>100% Lossless &amp; MD5 Perfect: all files are identical to originals after installation (ONLY when installed with both voiceovers options)</li><li>NOTHING ripped, NOTHING re-encoded</li><li>You can skip downloading and installing of English and/or Japanese voiceovers. Make sure to enable the VO language you\u2019ve installed in game launcher before running the game</li><li>Significantly smaller archive size (compressed from 3.9 to 2.7~3.1 GB, depending on selected components)</li><li>Installation takes 3-6 minutes (depending on your system and selected components)</li><li>After-install integrity check so you could make sure that everything installed properly</li><li>HDD space after installation: 7.2 GB (8.7 GB during installation)</li><li>Language can be changed in game launcher settings</li><li>Repack uses XTool library by Razor12911</li><li>At least 2 GB of free RAM (inc. virtual) required for installing this repack</li></ul><div ><div><h2>Game Description</h2></div><div ><b>SUMMARY</b><br>El Shaddai: Ascension of the Metatron, originally released in 2011, is a unique third-person action adventure filled with a deeply artistic world-building, outstanding aesthetics and thrilling battles. Experience an incredible mix of 2D-like platformer action and a colorful 3D world in an exceptional setting.<p><b>An ever-changing endless visual experience</b><br>El Shaddai\u2019s artistic setting aims to provide a canvas-like world that changes in an organic way as long as you progress your adventure. The world keeps changing constantly in the most creative and innovative ways, perhaps even nostalgic.</p><p><b>Easy to play, hard to master</b><br>You\u2019ll only have four buttons: jump, attack, guard and weapon stealing. But this simple way of proceeding is deeper than one can expect. There is no need of manuals or walkthroughs to get into the game, but if anyone is ready to deepen into the mechanics, the game will offer a profound, precise and rewarding timing-based action experience. The motto of El Shaddai\u2019s gameplay always was to be \u201ceasy but profound\u201d. Many of the game\u2019s mechanics such as the offense-defense systems were carefully created to provide the best possible game feel.</p><p>The game received the \u201cFuture Game of the Show\u201d award in the Tokyo Game Show 2010 and the script, noting some of the characters lines, got a gold mention on the Internet Buzzword Awards 2010 as well. The original aesthetics, the uniqueness of its concept and the feeling of being ahead its time (2011) were widely discussed on the international media.</p></div></div>             </div>"
}