{
    "link": "https://fitgirl-repacks.site/eldest-souls/",
    "title": "Eldest Souls \u2013 v1.0.466",
    "first_img": "https://i7.imageban.ru/out/2021/08/01/0a86b4610ce2dbdc8524cefd399e13bb.jpg",
    "second_img": "https://s01.riotpixels.net/data/b3/64/b3648861-63ab-4657-a7e8-15e9f896fd50.jpg.240p.jpg",
    "body": "<div ><h2>Eldest Souls \u2013 v1.0.466</h2><p ><div><a target=\"_blank\" href=\"https://en.riotpixels.com/games/eldest-souls/\" rel=\"noopener\"><img class=\"alignleft\" width=\"150\" src=\"https://i7.imageban.ru/out/2021/08/01/0a86b4610ce2dbdc8524cefd399e13bb.jpg\"></a></div><br>Genres/Tags: <strong>Action, RPG, Top-down, Retro, 2D</strong><br>Companies: <strong>Fallen Flag Studio, United Label, CI Games</strong><br>Languages: <strong>RUS/ENG/MULTI6</strong><br>Original Size: <strong>649 MB</strong><br>Repack Size: <strong>491 MB</strong></p>&nbsp;<div>&nbsp;</div><h3>Download Mirrors</h3><ul><li><a href=\"https://1337x.to/torrent/4939160/Eldest-Souls-v1-0-466-MULTi11-FitGirl-Repack/\" target=\"_blank\" rel=\"noopener\">1337x</a> | [<a href=\"magnet:?xt=urn:btih:ABA5C7D07B983C3808F8B81EE43FA25660C545CC&amp;dn=Eldest+Souls+%28v1.0.466%2C+MULTi11%29+%5BFitGirl+Repack%5D&amp;tr=udp%3A%2F%2F46.148.18.250%3A2710&amp;tr=udp%3A%2F%2Fopentor.org%3A2710&amp;tr=udp%3A%2F%2Ftracker.coppersurfer.tk%3A6969%2Fannounce&amp;tr=udp%3A%2F%2Ftracker.opentrackr.org%3A1337%2Fannounce&amp;tr=http%3A%2F%2Ftracker.dler.org%3A6969%2Fannounce&amp;tr=udp%3A%2F%2Ftracker.leechers-paradise.org%3A6969%2Fannounce&amp;tr=udp%3A%2F%2F9.rarbg.me%3A2730%2Fannounce&amp;tr=udp%3A%2F%2F9.rarbg.to%3A2770%2Fannounce&amp;tr=udp%3A%2F%2Ftracker.pirateparty.gr%3A6969%2Fannounce&amp;tr=http%3A%2F%2Fretracker.local%2Fannounce&amp;tr=http%3A%2F%2Fretracker.ip.ncnet.ru%2Fannounce&amp;tr=udp%3A%2F%2Fexodus.desync.com%3A6969%2Fannounce&amp;tr=udp%3A%2F%2Fipv4.tracker.harry.lu%3A80%2Fannounce&amp;tr=udp%3A%2F%2Fopen.stealth.si%3A80%2Fannounce&amp;tr=udp%3A%2F%2Ftracker.zer0day.to%3A1337%2Fannounce&amp;tr=udp%3A%2F%2Ftracker.leechers-paradise.org%3A6969%2Fannounce&amp;tr=udp%3A%2F%2Fcoppersurfer.tk%3A6969%2Fannounce\">magnet</a>] [<a href=\"https://pastefg.hermietkreeft.site/?d950a55c72e468c4#3dxNfdCe2pa2YBf7j1sUfhMJLsdaYoN6qTuzMK5qQiAH\" target=\"_blank\" rel=\"noopener\">.torrent file only</a>] <br><img src=\"https://torrent-stats.info/b81e/342c45c46.png\" style=\"display:block;clear:both\"></li><li><a href=\"http://rutor.info/torrent/827800/eldest-souls-v-1.0.466-2021-pc-repack-ot-fitgirl\" target=\"_blank\" rel=\"noopener\">RuTor</a> [<a href=\"magnet:?xt=urn:btih:aba5c7d07b983c3808f8b81ee43fa25660c545cc&amp;dn=rutor.info_Eldest+Souls+%5Bv+1.0.466%5D+%282021%29+PC+%7C+RePack+%D0%BE%D1%82+FitGirl&amp;tr=udp://opentor.org:2710&amp;tr=udp://opentor.org:2710&amp;tr=http://retracker.local/announce\">magnet</a>]</li><li><a href=\"https://tapochek.net/viewtopic.php?p=2792170\" target=\"_blank\" rel=\"noopener\">Tapochek.net</a></li><li><a href=\"https://pastefg.hermietkreeft.site/?268f179f99e1daa3#4TwuuGGKfwzdGRXW7c5CnsxXZd9NKLND4TsEKh5SRypB\" target=\"_blank\" rel=\"noopener\">Filehoster: MultiUpload</a> (10+ hosters, interchangeable) [Use <a href=\"http://jdownloader.org/jdownloader2\" target=\"_blank\" rel=\"noopener\">JDownloader2</a>]</li><li><a href=\"https://pastefg.hermietkreeft.site/?b396b917d3297f0d#9rRm52Wg34TfhMNaJFYNxsyFNJGGHzaZixKQaW37ahjG\" target=\"_blank\" rel=\"noopener\">Filehoster: PixelDrain</a></li><li><a href=\"https://pastefg.hermietkreeft.site/?0acafb0092185985#2yfYfGX3bHRv9fyQZKwWpBToLGG55Tmo3p4v5p2qwNMC\" target=\"_blank\" rel=\"noopener\">Filehoster: ZippyShare</a></li><li><a href=\"https://pastefg.hermietkreeft.site/?f082483e1d81e701#9xficozz6ziUpZiwL6GF9tz3SWGiHsLA4tbrDrQspNkt\" target=\"_blank\" rel=\"noopener\">Filehoster: LetsUpload</a> [Use <a href=\"http://jdownloader.org/jdownloader2\" target=\"_blank\" rel=\"noopener\">JDownloader2</a>]</li><li><a href=\"https://crackhub.site/eldest-souls-v1-0-466-fitgirl-repack/\" target=\"_blank\" rel=\"noopener\">Filehosters: Google Drive, OneDrive + others</a> (Uploaded by crackhub213)</li><li><a href=\"https://pastefg.hermietkreeft.site/?dd8eb9bdd9e3ec33#BaGwMKiRV6bC6m6TVnuyuiGEWiZVnwrbdX98zg8GVqmR\" target=\"_blank\" rel=\"noopener\">Filehoster: OneDrive</a> (Uploaded by DyR0 t(-_-t), NOT compatible with other mirrors)</li></ul><p><a href=\"https://cs.rin.ru/forum/viewtopic.php?f=10&amp;t=100862&amp;p=2419881\" target=\"_blank\" rel=\"noopener\">Discussion and (possible) future updates on CS.RIN.RU thread</a></p><h3>Screenshots (Click to enlarge)</h3><p><a target=\"_blank\" href=\"https://en.riotpixels.com/games/eldest-souls/screenshots/24/?utm_source=emb-gfx-html&amp;utm_medium=image&amp;utm_campaign=rp-mass\" rel=\"noopener\"><img loading=\"lazy\" width=\"178\" height=\"100\" border=\"0\" src=\"https://s01.riotpixels.net/data/b3/64/b3648861-63ab-4657-a7e8-15e9f896fd50.jpg.240p.jpg\"></a><a target=\"_blank\" href=\"https://en.riotpixels.com/games/eldest-souls/screenshots/23/?utm_source=emb-gfx-html&amp;utm_medium=image&amp;utm_campaign=rp-mass\" rel=\"noopener\"><img loading=\"lazy\" width=\"178\" height=\"100\" border=\"0\" src=\"https://s01.riotpixels.net/data/4f/d9/4fd98769-7f78-40a8-9bfc-097070b5de5d.jpg.240p.jpg\"></a><a target=\"_blank\" href=\"https://en.riotpixels.com/games/eldest-souls/screenshots/21/?utm_source=emb-gfx-html&amp;utm_medium=image&amp;utm_campaign=rp-mass\" rel=\"noopener\"><img loading=\"lazy\" width=\"178\" height=\"100\" border=\"0\" src=\"https://s01.riotpixels.net/data/8e/24/8e24754e-ac41-4dc9-bdcc-e50b8385eda4.jpg.240p.jpg\"></a><br><a target=\"_blank\" href=\"https://en.riotpixels.com/games/eldest-souls/screenshots/20/?utm_source=emb-gfx-html&amp;utm_medium=image&amp;utm_campaign=rp-mass\" rel=\"noopener\"><img loading=\"lazy\" width=\"178\" height=\"100\" border=\"0\" src=\"https://s01.riotpixels.net/data/6b/f2/6bf2b066-895f-4865-8a4a-56a1a4bfdc7a.jpg.240p.jpg\"></a><a target=\"_blank\" href=\"https://en.riotpixels.com/games/eldest-souls/screenshots/19/?utm_source=emb-gfx-html&amp;utm_medium=image&amp;utm_campaign=rp-mass\" rel=\"noopener\"><img loading=\"lazy\" width=\"178\" height=\"100\" border=\"0\" src=\"https://s01.riotpixels.net/data/7a/b2/7ab20379-d8ec-4ba7-94a8-bebc79a33b41.jpg.240p.jpg\"></a><a target=\"_blank\" href=\"https://en.riotpixels.com/games/eldest-souls/screenshots/18/?utm_source=emb-gfx-html&amp;utm_medium=image&amp;utm_campaign=rp-mass\" rel=\"noopener\"><img loading=\"lazy\" width=\"178\" height=\"100\" border=\"0\" src=\"https://s01.riotpixels.net/data/35/23/3523bf8f-98b0-4079-9372-c430ec9074e8.jpg.240p.jpg\"></a></p><h3>Repack Features</h3><ul><li>Based on Eldest.Souls-CODEX ISO release: codex-eldest.souls.iso (680,656,896 bytes)</li><li>100% Lossless &amp; MD5 Perfect: all files are identical to originals after installation</li><li>NOTHING ripped, NOTHING re-encoded</li><li>Smaller archive size (compressed from 649 to 491 MB)</li><li>Installation takes 2-3 minutes</li><li>After-install integrity check so you could make sure that everything installed properly</li><li>HDD space after installation: 1 GB (2.1 GB during installation)</li><li>Language can be changed in game settings</li><li>At least 2 GB of free RAM (inc. virtual) required for installing this repack</li></ul><div ><div><h2>Game Description</h2></div><div >Following centuries of servitude, Man finally rebelled against the Old Gods, imprisoning these colossal calamities within the sacred walls of the Citadel.<p>But an evil stirred within\u2026</p><p>In a final act of vengeance, the Old Gods have unleashed a great Desolation upon the world. Mankind is fading, with but a glimmer of hope remaining.</p><p>Heavy is the burden that lies on one lone Warrior. Armed with a greatsword\u2026 of the purest Obsydian.</p><p><b>Challenging Combat</b><br>Fast-paced and challenging souls-like combat awaits, where every moment counts. Yet fortune favors the bold, and defeating the Old Gods may grant the player powers beyond mortal comprehension.</p><p><b>Boss-Rush Brutality</b><br>Eldest Souls focuses on only the toughest and most engaging of combat encounters \u2013 the Bosses! \u2013 with each Old God presenting a new and unique challenge for the player to overcome\u2026 with fitting rewards for those who triumph!</p><p><b>An Ancient Kingdom</b><br>As you explore the labyrinthine passages, in search of the Old Gods, you\u2019ll encounter intriguing NPCs, compelling questlines, and a series of dark and ominous mysteries. Slowly uncover the truth behind the Old Gods and their agelong imprisonment\u2026</p><p><b>Pixel Perfection</b><br>Bask in the pixel perfection of the consecrated Citadel, dripping in gorgeous 16-bit attention-to-detail. But don\u2019t gaze too long. This monument of Human triumph has long been forgotten, and something dark has taken root deep within.</p><p><b>Your Build. Your Rules.</b><br>Every encounter with the Old Gods presents its own unique challenge\u2026 and rewards. Claim their celestial powers to unlock a vast array of unique Talents and Abilities, ready to customize your own combat style from a multitude of combinations.</p><p><b><h3>Game Features</h3></b></p><ul><li>Battle your way through a series of uniquely challenging Boss-Rush combat encounters.</li><li>Discover a cast of intriguing NPCs and questlines as you explore the ancient Citadel.</li><li>Unearth the mystery of the Old Gods, before total devastation befalls the World.</li><li>Bask in the glorious pixel-perfect graphic style, dripping in gorgeous attention-to-detail.</li><li>Your Build. Your Rules. Customize your own combat style from a multitude of ability combinations.</li></ul></div></div>             </div>"
}