{
    "link": null,
    "title": "ELDEN RING: Deluxe Edition \u2013 v1.02 + DLC + Bonus Content",
    "first_img": "https://i2.imageban.ru/out/2022/02/25/c1011b00acdf486d8ceef2cc8b1a6767.jpg",
    "second_img": [],
    "body": "<div ><h2>ELDEN RING: Deluxe Edition \u2013 v1.02 + DLC + Bonus Content</h2><p ><div><a target=\"_blank\" href=\"https://en.riotpixels.com/games/elden-ring/\" rel=\"noopener\"><img class=\"alignleft\" width=\"150\" src=\"https://i2.imageban.ru/out/2022/02/25/c1011b00acdf486d8ceef2cc8b1a6767.jpg\"></a></div><br>Genres/Tags: <strong>Action, RPG, Third-person, 3D</strong><br>Companies: <strong>FromSoftware Inc., BANDAI NAMCO Entertainment</strong><br>Languages: <strong>RUS/ENG/MULTI14</strong><br>Original Size: <strong>48.2 GB</strong><br>Repack Size: <strong>from 36.4 GB</strong> [Selective Download]</p>&nbsp;<div>&nbsp;</div><h3>Download Mirrors</h3><ul><li><a href=\"https://1337x.to/torrent/5162116/ELDEN-RING-Deluxe-Edition-v1-02-DLC-Bonus-Content-MULTi14-FitGirl-Repack-Selective-Download-from-36-4-GB/\" target=\"_blank\" rel=\"noopener\">1337x</a> | [<a href=\"magnet:?xt=urn:btih:30C6C3B1840879A0EE9BB44DB6AB7BDF7877FE9B&amp;dn=ELDEN+RING%3A+Deluxe+Edition+%28v1.02+%2B+DLC+%2B+Bonus+Content%2C+MULTi14%29+%5BFitGirl+Repack%2C+Selective+Download+-+from+36.4+GB%5D&amp;tr=http%3A%2F%2Fh4.trakx.nibba.trade%3A80%2Fannounce&amp;tr=http%3A%2F%2Ftracker.grepler.com%3A6969%2Fannounce&amp;tr=udp%3A%2F%2Ftracker.bitsearch.to%3A1337%2Fannounce&amp;tr=udp%3A%2F%2Ftracker.dler.com%3A6969%2Fannounce&amp;tr=udp%3A%2F%2F46.148.18.250%3A2710&amp;tr=udp%3A%2F%2Fopentor.org%3A2710&amp;tr=udp%3A%2F%2Ftracker.coppersurfer.tk%3A6969%2Fannounce&amp;tr=udp%3A%2F%2Ftracker.opentrackr.org%3A1337%2Fannounce&amp;tr=http%3A%2F%2Ftracker.dler.org%3A6969%2Fannounce&amp;tr=udp%3A%2F%2Ftracker.leechers-paradise.org%3A6969%2Fannounce&amp;tr=udp%3A%2F%2F9.rarbg.me%3A2730%2Fannounce&amp;tr=udp%3A%2F%2F9.rarbg.to%3A2770%2Fannounce&amp;tr=udp%3A%2F%2Ftracker.pirateparty.gr%3A6969%2Fannounce&amp;tr=http%3A%2F%2Fretracker.local%2Fannounce&amp;tr=udp%3A%2F%2Ftracker.zer0day.to%3A1337%2Fannounce&amp;tr=udp%3A%2F%2Ftracker.leechers-paradise.org%3A6969%2Fannounce&amp;tr=udp%3A%2F%2Fcoppersurfer.tk%3A6969%2Fannounce\">magnet</a>] [<a href=\"https://pastefg.hermietkreeft.site/?d0f51d77458a93c8#2KCBC6iejUcD8c5D7quo9JsyzaH7ZVEMsL4jZ12BA5Qd\" target=\"_blank\" rel=\"noopener\">.torrent file only</a>] <br><img src=\"https://torrent-stats.info/b44d/35d5d439a.png\" style=\"display:block;clear:both\"></li><li><a href=\"http://rutor.info/torrent/864283/elden-ring-deluxe-edition-v-1.02-dlc-bonus-2022-pc-repack-ot-fitgirl\" target=\"_blank\" rel=\"noopener\">RuTor</a> [<a href=\"magnet:?xt=urn:btih:30c6c3b1840879a0ee9bb44db6ab7bdf7877fe9b&amp;dn=rutor.info_ELDEN+RING%3A+Deluxe+Edition+%5Bv+1.02+%2B+DLC+%2B+Bonus%5D+%282022%29+PC+%7C+RePack+%D0%BE%D1%82+FitGirl&amp;tr=udp://opentor.net:6969&amp;tr=udp://opentor.org:2710&amp;tr=http://retracker.local/announce\">magnet</a>]</li><li><a href=\"https://tapochek.net/viewtopic.php?p=2835927\" target=\"_blank\" rel=\"noopener\">Tapochek.net</a></li><li><a href=\"https://pastefg.hermietkreeft.site/?f624b6a0b953380e#AEaGRpUEPTx3TzBNf6SFQSkpNLmDoKKBPRGXcSjFsJqG\" target=\"_blank\" rel=\"noopener\">Filehoster: MultiUpload</a> (10+ hosters, interchangeable) [Use <a href=\"http://jdownloader.org/jdownloader2\" target=\"_blank\" rel=\"noopener\">JDownloader2</a>]</li><li><a href=\"https://pastefg.hermietkreeft.site/?638e62e27dd6cddc#31rQPRwpk7BY5DyP36pnibWafj4mGbE7ZTQLJHca5mVZ\" target=\"_blank\" rel=\"noopener\">Filehoster: ZippyShare</a></li><li><a href=\"https://pastefg.hermietkreeft.site/?4bcbd81109dd62b9#3KseceBKHQHB7wQEHQgNjezzeAHnKD8iRK13vEBRjMpn\" target=\"_blank\" rel=\"noopener\">Filehoster: BayFiles</a></li><li><a href=\"https://pastefg.hermietkreeft.site/?be3c5675eed26fe2#CJNeEWhAg3frDQ7Apn7A2ZDDgo8RbaGGnXWboEjFq69v\" target=\"_blank\" rel=\"noopener\">Filehoster: OneDrive</a> (Uploaded by DyR0 t(-_-t), NOT compatible with other mirrors)</li><li><a href=\"https://crackhub.site/elden-ring-deluxe-edition-v1-02-dlc-bonus-content-fitgirl-repack/\" target=\"_blank\" rel=\"noopener\">Filehosters: Google Drive, OneDrive + others</a> (Uploaded by crackhub213)</li></ul><p><!--  <h3>Windows 7 Fix</h3>Credits: okt04175 & alan2350; Unpack to installed folder and run with eldenring_win7.exe.<ul><li><a target=\"_blank\" href=\"https://pixeldrain.com/u/LthCiVTU\" rel=\"noopener\">https://pixeldrain.com/u/LthCiVTU</a><li><a target=\"_blank\" href=\"https://www50.zippyshare.com/v/psDJtXcE/file.html\" rel=\"noopener\">https://www50.zippyshare.com/v/psDJtXcE/file.html</a><li><a href=\"https://bayfiles.com/v1edk0Kex0/ER_Windows7_Fix_rar\" rel=\"noopener\" target=\"_blank\">https://bayfiles.com/v1edk0Kex0/ER_Windows7_Fix_rar</a></ul>  --></p><p><a href=\"https://cs.rin.ru/forum/viewtopic.php?f=10&amp;t=97635\" target=\"_blank\" rel=\"noopener\">Discussion and (possible) future updates on CS.RIN.RU thread</a></p><h3>Screenshots (Click to enlarge)</h3><p><a target=\"_blank\" href=\"https://en.riotpixels.com/games/elden-ring/screenshots/50/?utm_source=emb-gfx-html&amp;utm_medium=image&amp;utm_campaign=rp-mass\" rel=\"noopener\"><img loading=\"lazy\" width=\"178\" height=\"100\" border=\"0\" src=\"https://s01.riotpixels.net/data/98/83/9883bebb-8e2b-4118-98c1-7d003fd43dd8.jpg.240p.jpg\"></a><a target=\"_blank\" href=\"https://en.riotpixels.com/games/elden-ring/screenshots/49/?utm_source=emb-gfx-html&amp;utm_medium=image&amp;utm_campaign=rp-mass\" rel=\"noopener\"><img loading=\"lazy\" width=\"178\" height=\"100\" border=\"0\" src=\"https://s01.riotpixels.net/data/b9/0a/b90a16fa-e85c-485c-ba1f-d3676dea7e8f.jpg.240p.jpg\"></a><a target=\"_blank\" href=\"https://en.riotpixels.com/games/elden-ring/screenshots/48/?utm_source=emb-gfx-html&amp;utm_medium=image&amp;utm_campaign=rp-mass\" rel=\"noopener\"><img loading=\"lazy\" width=\"178\" height=\"100\" border=\"0\" src=\"https://s01.riotpixels.net/data/bb/d6/bbd65bb9-a34f-4e35-9cd3-d91038638250.jpg.240p.jpg\"></a><br><a target=\"_blank\" href=\"https://en.riotpixels.com/games/elden-ring/screenshots/34/?utm_source=emb-gfx-html&amp;utm_medium=image&amp;utm_campaign=rp-mass\" rel=\"noopener\"><img loading=\"lazy\" width=\"178\" height=\"100\" border=\"0\" src=\"https://s01.riotpixels.net/data/a2/62/a262645c-cfec-4512-b082-0a7fb5793a06.jpg.240p.jpg\"></a><a target=\"_blank\" href=\"https://en.riotpixels.com/games/elden-ring/screenshots/29/?utm_source=emb-gfx-html&amp;utm_medium=image&amp;utm_campaign=rp-mass\" rel=\"noopener\"><img loading=\"lazy\" width=\"178\" height=\"100\" border=\"0\" src=\"https://s01.riotpixels.net/data/31/08/3108d518-c4ec-4c15-ad8f-43fe8a6fc169.jpg.240p.jpg\"></a><a target=\"_blank\" href=\"https://en.riotpixels.com/games/elden-ring/screenshots/26/?utm_source=emb-gfx-html&amp;utm_medium=image&amp;utm_campaign=rp-mass\" rel=\"noopener\"><img loading=\"lazy\" width=\"178\" height=\"100\" border=\"0\" src=\"https://s01.riotpixels.net/data/3a/d8/3ad87385-c2e6-456f-a960-26dc764640b9.jpg.240p.jpg\"></a></p><h3>Repack Features</h3><ul><li>Based on ELDEN.RING-PLAZA ISO release: plaza-elden.ring.iso (49,825,972,224 bytes)</li><li>Missing Deluxe Edition Content (OST, ArtBook and Adventure Guide, 1.8 GB) added, thanks to InsaneRamZes!</li><li>Game version: v1.02; Bonus Gesture DLC is included and activated; Goldberg emu/crack applied over bonus executables</li><li>100% Lossless &amp; MD5 Perfect: all files are identical to originals after installation</li><li>NOTHING ripped, NOTHING re-encoded</li><li>Selective Download feature: you may skip downloading and installing of bonus content</li><li>Smaller archive size (compressed from cumulative 48.2 to 36.4/37.2 GB)</li><li>Installation takes 15-70 minutes (depending on your system and selected components)</li><li>After-install integrity check so you could make sure that everything installed properly</li><li>HDD space after installation: up to 50.1 GB</li><li>Use \u201cLanguage Selector.exe\u201d in \u201cGame\u201d folder to change the game language</li><li>Repack uses compression library by Razor12911</li><li>At least 2 GB of free RAM (inc. virtual) required for installing this repack</li></ul><div ><div><h2>Game Description</h2></div><div ><p><b>THE NEW FANTASY ACTION RPG.</b><br>Rise, Tarnished, and be guided by grace to brandish the power of the Elden Ring and become an Elden Lord in the Lands Between.</p><p><b><h3>Game Features</h3></b></p><ul><li><b>A Vast World Full of Excitement:</b> A vast world where open fields with a variety of situations and huge dungeons with complex and three-dimensional designs are seamlessly connected. As you explore, the joy of discovering unknown and overwhelming threats await you, leading to a high sense of accomplishment.</li><li><b>Create your Own Character:</b> In addition to customizing the appearance of your character, you can freely combine the weapons, armor, and magic that you equip. You can develop your character according to your play style, such as increasing your muscle strength to become a strong warrior, or mastering magic.</li><li><b>An Epic Drama Born from a Myth:</b> A multilayered story told in fragments. An epic drama in which the various thoughts of the characters intersect in the Lands Between.</li><li><b>Unique Online Play that Loosely Connects You to Others:</b> In addition to multiplayer, where you can directly connect with other players and travel together, the game supports a unique asynchronous online element that allows you to feel the presence of others.</li></ul><p><b>Deluxe Edition includes the following content:</b></p><ul><li>Digital Artbook</li><li>Original Soundtrack</li><li>Adventure Guide</li><li>Bonus Gesture DLC</li></ul></div></div>             </div>"
}