{
    "link": "https://fitgirl-repacks.site/emanate/",
    "title": "Emanate",
    "first_img": "https://i1.imageban.ru/out/2022/02/20/b7d04f05118383d94ce2b7e56aa8bc02.jpg",
    "second_img": "https://s01.riotpixels.net/data/31/19/31190211-c500-4046-9848-0c3706e96ba1.jpg.240p.jpg",
    "body": "<div ><h2>Emanate</h2><p ><div><a target=\"_blank\" href=\"https://en.riotpixels.com/games/emanate/\" rel=\"noopener\"><img class=\"alignleft\" width=\"150\" src=\"https://i1.imageban.ru/out/2022/02/20/b7d04f05118383d94ce2b7e56aa8bc02.jpg\"></a></div><br>Genres/Tags: <strong>Arcade, Jump and run, Third-person, 3D</strong><br>Companies: <strong>DOOMISH</strong><br>Language: <strong>ENG</strong><br>Original Size: <strong>3.1 GB</strong><br>Repack Size: <strong>2.1 GB</strong></p>&nbsp;<div>&nbsp;</div><h3>Download Mirrors</h3><ul><li><a href=\"https://1337x.to/torrent/5156051/Emanate-FitGirl-Repack/\" target=\"_blank\" rel=\"noopener\">1337x</a> | [<a href=\"magnet:?xt=urn:btih:B0224DC5042783C0CAEAE04C3B45A6347135C782&amp;dn=Emanate+%5BFitGirl+Repack%5D&amp;tr=udp%3A%2F%2F46.148.18.250%3A2710&amp;tr=udp%3A%2F%2Fopentor.org%3A2710&amp;tr=udp%3A%2F%2Ftracker.coppersurfer.tk%3A6969%2Fannounce&amp;tr=udp%3A%2F%2Ftracker.opentrackr.org%3A1337%2Fannounce&amp;tr=http%3A%2F%2Ftracker.dler.org%3A6969%2Fannounce&amp;tr=udp%3A%2F%2Ftracker.leechers-paradise.org%3A6969%2Fannounce&amp;tr=udp%3A%2F%2F9.rarbg.me%3A2730%2Fannounce&amp;tr=udp%3A%2F%2F9.rarbg.to%3A2770%2Fannounce&amp;tr=udp%3A%2F%2Ftracker.pirateparty.gr%3A6969%2Fannounce&amp;tr=http%3A%2F%2Fretracker.local%2Fannounce&amp;tr=http%3A%2F%2Fretracker.ip.ncnet.ru%2Fannounce&amp;tr=udp%3A%2F%2Fexodus.desync.com%3A6969%2Fannounce&amp;tr=udp%3A%2F%2Fipv4.tracker.harry.lu%3A80%2Fannounce&amp;tr=udp%3A%2F%2Fopen.stealth.si%3A80%2Fannounce&amp;tr=udp%3A%2F%2Ftracker.zer0day.to%3A1337%2Fannounce&amp;tr=udp%3A%2F%2Ftracker.leechers-paradise.org%3A6969%2Fannounce&amp;tr=udp%3A%2F%2Fcoppersurfer.tk%3A6969%2Fannounce\">magnet</a>] [<a href=\"https://pastefg.hermietkreeft.site/?4a38f1f7b6b1f0d8#EwhnabV3aQYRw4fvG8N7Nst3oGYBnFQw1rzQyCpHbNEh\" target=\"_blank\" rel=\"noopener\">.torrent file only</a>] <br><img src=\"https://torrent-stats.info/e04c/42e931ffc.png\" style=\"display:block;clear:both\"></li><li><a href=\"https://tapochek.net/viewtopic.php?p=2834803\" target=\"_blank\" rel=\"noopener\">Tapochek.net</a></li><li><a href=\"https://pastefg.hermietkreeft.site/?c4ba7f96c3f54ab0#EUhYvRdapsmBGHcJdACg5a5HvZpjji2TpcEQESy9CYN9\" target=\"_blank\" rel=\"noopener\">Filehoster: MultiUpload</a> (10+ hosters, interchangeable) [Use <a href=\"http://jdownloader.org/jdownloader2\" target=\"_blank\" rel=\"noopener\">JDownloader2</a>]</li><li><a href=\"https://pastefg.hermietkreeft.site/?159124b873f3c8b1#JEAMXQXVF5owMUSuyP9rpc79nL4sBBvnJYCURFPB1cy6\" target=\"_blank\" rel=\"noopener\">Filehoster: ZippyShare</a></li><li><a href=\"https://pastefg.hermietkreeft.site/?77e308c2082fbc7a#5suWWT82ynpiku21Q6wMWh671Q876KL8sAZ6eychhgo5\" target=\"_blank\" rel=\"noopener\">Filehoster: BayFiles</a></li><li><a href=\"https://pastefg.hermietkreeft.site/?092bb68755d4a211#AaohCdv4VEXdSZnkZKB1k3nVXXZqGMSi7ejcJ5J1zxpz\" target=\"_blank\" rel=\"noopener\">Filehoster: OneDrive</a> (Uploaded by DyR0 t(-_-t), NOT compatible with other mirrors)</li><li><a href=\"https://crackhub.site/emanate-fitgirl-repack/\" target=\"_blank\" rel=\"noopener\">Filehosters: Google Drive, OneDrive + others</a> (Uploaded by crackhub213)</li></ul><p><a href=\"https://cs.rin.ru/forum/viewtopic.php?f=10&amp;t=119730\" target=\"_blank\" rel=\"noopener\">Discussion and (possible) future updates on CS.RIN.RU thread</a></p><h3>Screenshots (Click to enlarge)</h3><p><a target=\"_blank\" href=\"https://en.riotpixels.com/games/emanate/screenshots/12/?utm_source=emb-gfx-html&amp;utm_medium=image&amp;utm_campaign=rp-mass\" rel=\"noopener\"><img loading=\"lazy\" width=\"178\" height=\"100\" border=\"0\" src=\"https://s01.riotpixels.net/data/31/19/31190211-c500-4046-9848-0c3706e96ba1.jpg.240p.jpg\"></a><a target=\"_blank\" href=\"https://en.riotpixels.com/games/emanate/screenshots/11/?utm_source=emb-gfx-html&amp;utm_medium=image&amp;utm_campaign=rp-mass\" rel=\"noopener\"><img loading=\"lazy\" width=\"178\" height=\"100\" border=\"0\" src=\"https://s01.riotpixels.net/data/b2/cd/b2cd2484-2136-4cd2-bf41-5b1fc33133a3.jpg.240p.jpg\"></a><a target=\"_blank\" href=\"https://en.riotpixels.com/games/emanate/screenshots/7/?utm_source=emb-gfx-html&amp;utm_medium=image&amp;utm_campaign=rp-mass\" rel=\"noopener\"><img loading=\"lazy\" width=\"178\" height=\"100\" border=\"0\" src=\"https://s01.riotpixels.net/data/c9/a2/c9a2dcac-c4ef-4994-b688-69dc57a67dc9.jpg.240p.jpg\"></a><br><a target=\"_blank\" href=\"https://en.riotpixels.com/games/emanate/screenshots/5/?utm_source=emb-gfx-html&amp;utm_medium=image&amp;utm_campaign=rp-mass\" rel=\"noopener\"><img loading=\"lazy\" width=\"178\" height=\"100\" border=\"0\" src=\"https://s01.riotpixels.net/data/a0/74/a074c027-5db0-4922-8e78-0aaaf816811e.jpg.240p.jpg\"></a><a target=\"_blank\" href=\"https://en.riotpixels.com/games/emanate/screenshots/4/?utm_source=emb-gfx-html&amp;utm_medium=image&amp;utm_campaign=rp-mass\" rel=\"noopener\"><img loading=\"lazy\" width=\"178\" height=\"100\" border=\"0\" src=\"https://s01.riotpixels.net/data/d7/08/d7080a18-19e1-4d01-bb64-2e3d76f761bf.jpg.240p.jpg\"></a><a target=\"_blank\" href=\"https://en.riotpixels.com/games/emanate/screenshots/2/?utm_source=emb-gfx-html&amp;utm_medium=image&amp;utm_campaign=rp-mass\" rel=\"noopener\"><img loading=\"lazy\" width=\"178\" height=\"100\" border=\"0\" src=\"https://s01.riotpixels.net/data/44/55/4455892d-bc36-44bf-8e46-19ab68c156be.jpg.240p.jpg\"></a></p><h3>Repack Features</h3><ul><li>Based on Emanate-PLAZA ISO release: plaza-emanate.iso (3,332,276,224 bytes)</li><li>100% Lossless &amp; MD5 Perfect: all files are identical to originals after installation</li><li>NOTHING ripped, NOTHING re-encoded</li><li>Significantly smaller archive size (compressed from 3.1 to 2.1 GB)</li><li>Installation takes 1-2 minutes</li><li>After-install integrity check so you could make sure that everything installed properly</li><li>HDD space after installation: 8 GB</li><li>Repack uses XTool library by Razor12911</li><li>At least 2 GB of free RAM (inc. virtual) required for installing this repack</li></ul><div ><div><h2>Game Description</h2></div><div ><p>Emanate is a \u2018to the top\u2019 style of platformer, meaning it\u2019s a single-level, vertical world. If you fall, you\u2019ll have to retrace your steps to get back to where you were and continue making progress! The game starts slow and steady, then builds up to a fiercely challenging platformer towards the end, with a multitude of mechanics to memorize and adapt to. These mechanics appear in front of you as you move, keeping you on your toes as you climb to the top.</p><p>The most common mechanics you\u2019ll encounter are the orange/red bounce pads, purple wall-jump pads, and the fading platforms, that vanish from under your feet after a very short amount of time. Combining these simple mechanics urges you to keep moving forward, making for some incredibly challenging and intense platforming gameplay.</p><p><b><h3>Game Features</h3></b></p><ul><li><b>Moody, atmospheric environments:</b> Starting from the bedrock of oblivion, up through deep ethereal forests and vast looming clouds, to huge other-worldly cathedrals.</li><li><b>Fast, exciting soundtrack:</b> An ambient, break-techno tracklist that increases in speed and intensity as you progress through the game.</li><li><b>Emanation orbs:</b> In normal mode, you have three chances per checkpoint to learn the patterns ahead of you. If you fall, expend an orb and you\u2019ll recall back to the last checkpoint you activated. Any misstep after your orbs are gone and you\u2019ll find yourself falling back down below. Or, for the braver souls, hard mode strips you of this ability, leaving you to face the consequences of your missteps and blunders each and every time.</li></ul></div></div>             </div>"
}