{
    "link": "https://fitgirl-repacks.site/embr/",
    "title": "Embr \u2013 Build 125b + 2 DLCs",
    "first_img": "https://i2.imageban.ru/out/2021/09/25/67c63469021b3ac170f93d2be06a8b67.jpg",
    "second_img": "https://s01.riotpixels.net/data/c4/17/c41754a3-ac86-4219-9766-2f3419f614cd.jpg.240p.jpg",
    "body": "<div ><h2>Embr \u2013 Build 125b + 2 DLCs</h2><p ><div><a target=\"_blank\" href=\"https://en.riotpixels.com/games/embr/\" rel=\"noopener\"><img class=\"alignleft\" width=\"150\" src=\"https://i2.imageban.ru/out/2021/09/25/67c63469021b3ac170f93d2be06a8b67.jpg\"></a></div><br>Genres/Tags: <strong>Arcade, First-person, 3D</strong><br>Companies: <strong>Muse Games, Curve Digital</strong><br>Languages: <strong>RUS/ENG/MULTI12</strong><br>Original Size: <strong>2.2 GB</strong><br>Repack Size: <strong>968 MB</strong></p>&nbsp;<div>&nbsp;</div><h3>Download Mirrors</h3><ul><li><a href=\"https://1337x.to/torrent/4995917/Embr-Build-125b-2-DLCs-MULTi12-FitGirl-Repack/\" target=\"_blank\" rel=\"noopener\">1337x</a> | [<a href=\"magnet:?xt=urn:btih:AE7C4E6292F548AE471BCE651CE1411289DC70C7&amp;dn=Embr+%28Build+125b+%2B+2+DLCs%2C+MULTi12%29+%5BFitGirl+Repack%5D&amp;tr=udp%3A%2F%2F46.148.18.250%3A2710&amp;tr=udp%3A%2F%2Fopentor.org%3A2710&amp;tr=udp%3A%2F%2Ftracker.coppersurfer.tk%3A6969%2Fannounce&amp;tr=udp%3A%2F%2Ftracker.opentrackr.org%3A1337%2Fannounce&amp;tr=http%3A%2F%2Ftracker.dler.org%3A6969%2Fannounce&amp;tr=udp%3A%2F%2Ftracker.leechers-paradise.org%3A6969%2Fannounce&amp;tr=udp%3A%2F%2F9.rarbg.me%3A2730%2Fannounce&amp;tr=udp%3A%2F%2F9.rarbg.to%3A2770%2Fannounce&amp;tr=udp%3A%2F%2Ftracker.pirateparty.gr%3A6969%2Fannounce&amp;tr=http%3A%2F%2Fretracker.local%2Fannounce&amp;tr=http%3A%2F%2Fretracker.ip.ncnet.ru%2Fannounce&amp;tr=udp%3A%2F%2Fexodus.desync.com%3A6969%2Fannounce&amp;tr=udp%3A%2F%2Fipv4.tracker.harry.lu%3A80%2Fannounce&amp;tr=udp%3A%2F%2Fopen.stealth.si%3A80%2Fannounce&amp;tr=udp%3A%2F%2Ftracker.zer0day.to%3A1337%2Fannounce&amp;tr=udp%3A%2F%2Ftracker.leechers-paradise.org%3A6969%2Fannounce&amp;tr=udp%3A%2F%2Fcoppersurfer.tk%3A6969%2Fannounce\">magnet</a>] [<a href=\"https://pastefg.hermietkreeft.site/?70122613d6728c4a#C9ZydtEWkHiv68FrKYL3PCkFCAvvkWoMLLPCNPTzwPts\" target=\"_blank\" rel=\"noopener\">.torrent file only</a>] <br><img src=\"https://torrent-stats.info/ce65/3b33c9cbe.png\" style=\"display:block;clear:both\"></li><li><a href=\"http://rutor.info/torrent/836335/embr-build-125b-dlcs-2021-pc-repack-ot-fitgirl\" target=\"_blank\" rel=\"noopener\">RuTor</a> [<a href=\"magnet:?xt=urn:btih:ae7c4e6292f548ae471bce651ce1411289dc70c7&amp;dn=rutor.info_Embr+%5BBuild+125b+%2B+DLCs%5D+%282021%29+PC+%7C+RePack+%D0%BE%D1%82+FitGirl&amp;tr=udp://opentor.net:6969&amp;tr=udp://opentor.org:2710&amp;tr=http://retracker.local/announce\">magnet</a>]</li><li><a href=\"https://tapochek.net/viewtopic.php?p=2802429\" target=\"_blank\" rel=\"noopener\">Tapochek.net</a></li><li><a href=\"https://pastefg.hermietkreeft.site/?e21c8034680638a5#XgEz8SQbTSWuFTPxf1DCvxG1mu3QH9xhhrfV5QgTo8e\" target=\"_blank\" rel=\"noopener\">Filehoster: MultiUpload</a> (10+ hosters, interchangeable) [Use <a href=\"http://jdownloader.org/jdownloader2\" target=\"_blank\" rel=\"noopener\">JDownloader2</a>]</li><li><a href=\"https://pastefg.hermietkreeft.site/?1408c165013438fe#CSgKadkuJMDX9BNaefuLKwQFLxCNnCvp96D3wPBChGSk\" target=\"_blank\" rel=\"noopener\">Filehoster: PixelDrain</a></li><li><a href=\"https://pastefg.hermietkreeft.site/?ea9c1b1b807f3a46#8Djjmrn5RsHsttMJzLo3yehaayShwnYAHAqD1Vhv1DZD\" target=\"_blank\" rel=\"noopener\">Filehoster: ZippyShare</a></li><li><a href=\"https://pastefg.hermietkreeft.site/?5a066e422996b46b#H1zqewNn7GqoMVKDKuypDq1uq1H79kHGeV7uszz6cfvM\" target=\"_blank\" rel=\"noopener\">Filehoster: LetsUpload</a> [Use <a href=\"http://jdownloader.org/jdownloader2\" target=\"_blank\" rel=\"noopener\">JDownloader2</a>]</li><li><a href=\"https://pastefg.hermietkreeft.site/?f6a9c235feacafad#6CJ1T9UdmJD76tWdE2NGxtQ7dVCaarN2L9yxidGfutZL\" target=\"_blank\" rel=\"noopener\">Filehoster: OneDrive</a> (Uploaded by DyR0 t(-_-t), NOT compatible with other mirrors)</li></ul><p><a href=\"https://cs.rin.ru/forum/viewtopic.php?f=10&amp;t=100398\" target=\"_blank\" rel=\"noopener\">Discussion and (possible) future updates on CS.RIN.RU thread</a></p><h3>Screenshots (Click to enlarge)</h3><p><a target=\"_blank\" href=\"https://en.riotpixels.com/games/embr/screenshots/22/?utm_source=emb-gfx-html&amp;utm_medium=image&amp;utm_campaign=rp-mass\" rel=\"noopener\"><img loading=\"lazy\" width=\"178\" height=\"100\" border=\"0\" src=\"https://s01.riotpixels.net/data/c4/17/c41754a3-ac86-4219-9766-2f3419f614cd.jpg.240p.jpg\"></a><a target=\"_blank\" href=\"https://en.riotpixels.com/games/embr/screenshots/16/?utm_source=emb-gfx-html&amp;utm_medium=image&amp;utm_campaign=rp-mass\" rel=\"noopener\"><img loading=\"lazy\" width=\"178\" height=\"100\" border=\"0\" src=\"https://s01.riotpixels.net/data/09/6e/096e32e3-ef9b-4f28-82fb-310352f21bc3.jpg.240p.jpg\"></a><a target=\"_blank\" href=\"https://en.riotpixels.com/games/embr/screenshots/14/?utm_source=emb-gfx-html&amp;utm_medium=image&amp;utm_campaign=rp-mass\" rel=\"noopener\"><img loading=\"lazy\" width=\"178\" height=\"100\" border=\"0\" src=\"https://s01.riotpixels.net/data/13/fa/13fa2e9f-64b7-4971-aa38-2fe2d95d0ffa.jpg.240p.jpg\"></a><br><a target=\"_blank\" href=\"https://en.riotpixels.com/games/embr/screenshots/12/?utm_source=emb-gfx-html&amp;utm_medium=image&amp;utm_campaign=rp-mass\" rel=\"noopener\"><img loading=\"lazy\" width=\"178\" height=\"100\" border=\"0\" src=\"https://s01.riotpixels.net/data/f3/e6/f3e60b39-af4b-49c2-9bf1-8229d2209fdc.jpg.240p.jpg\"></a><a target=\"_blank\" href=\"https://en.riotpixels.com/games/embr/screenshots/6/?utm_source=emb-gfx-html&amp;utm_medium=image&amp;utm_campaign=rp-mass\" rel=\"noopener\"><img loading=\"lazy\" width=\"178\" height=\"100\" border=\"0\" src=\"https://s01.riotpixels.net/data/7f/35/7f3542fa-1299-4a19-a23b-34f4f12d9d95.jpg.240p.jpg\"></a><a target=\"_blank\" href=\"https://en.riotpixels.com/games/embr/screenshots/5/?utm_source=emb-gfx-html&amp;utm_medium=image&amp;utm_campaign=rp-mass\" rel=\"noopener\"><img loading=\"lazy\" width=\"178\" height=\"100\" border=\"0\" src=\"https://s01.riotpixels.net/data/7c/1f/7c1ffc07-2624-48ee-bc16-2b62dfcfdcef.jpg.240p.jpg\"></a></p><h3>Repack Features</h3><ul><li>Based on Embr-CODEX ISO release: codex-embr.iso (2,349,694,976 bytes)</li><li>Game version: Build 125b; 2 DLCs are included and activated</li><li>100% Lossless &amp; MD5 Perfect: all files are identical to originals after installation</li><li>NOTHING ripped, NOTHING re-encoded</li><li>Significantly smaller archive size (compressed from 2.2 GB to 968 MB)</li><li>Installation takes 1-2 minutes</li><li>After-install integrity check so you could make sure that everything installed properly</li><li>HDD space after installation: 9.1 GB (10.2 GB during installation)</li><li>Language can be changed in game settings</li><li>At least 2 GB of free RAM (inc. virtual) required for installing this repack</li></ul><div ><div><h2>Game Description</h2></div><div ><b>WHAT IS EMBR?</b><br>Team up with friends to become the most \u00fcber firefighters money can buy. Rush into burning buildings filled with dangerous hazards, valuables, and top-of-the-line security systems. Fight fires, save lives, salvage goods, and make life-changing money. Buy high tech tools with advanced upgrades, and fresh outfits that unlock new ways to play.<p><b>TEAMWORK MAKES THE DREAM WORK!</b><br>There\u2019s plenty of fire to go around! Play by yourself or join a response crew of up to 4 players online, with dynamic difficulty that adapts to the size of your team.</p><p><b>HANDCRAFTED MAYHEM!</b><br>Play through 25 unique levels across 3 districts filled with traps, hazards, and escalating danger.</p><p><b>SAVE THE DAY, YOUR WAY!</b><br>There\u2019s more than one way to be a hero. Break down doors, smash windows, fix electrical circuits, clear gas leaks, evade security systems, and do whatever you can to get the job done and get paid.</p><p><b>CHOOSE A FULFILLING CAREER PATH!</b><br>Earn five star ratings to attract the attention of wealthy customers. And if you\u2019re short on cash, try snatching a few valuables while the clients aren\u2019t looking.</p><p><b>PERSONALIZE YOUR GEAR!</b><br>Create the ultimate private firefighting experience with a range of tools, upgrades, vehicles, and outfits. Leap off tall buildings with the greatest of ease with the fall-damage reducing Dummy Helmet, defy gravity with the patented Double Jump Baseball Cap, slip on a pair of insulated gloves to survive a brush with those pesky electrical hazards, or try any one of the 17 equipment options available.</p><p>Embr will keep you coming back for more with new mission types, daily and weekly challenges, and plenty of achievements to hunt.</p><p><b>Included DLCs:</b></p><ul><li>Curve Digital Costume Pack</li><li>Lunar New Year Ox Head Helmet</li></ul></div></div>             </div>"
}