{
    "link": "https://fitgirl-repacks.site/ender-lilies-quietus-of-the-knights/",
    "title": "ENDER LILIES: Quietus of the Knights \u2013 v1.1.0.13839",
    "first_img": "https://i2.imageban.ru/out/2021/08/19/ccbff2f1083d4396fd322cf720367c60.jpg",
    "second_img": "https://s01.riotpixels.net/data/37/0f/370f91d0-76d0-49d7-86bf-4a0e9c4d7991.jpg.240p.jpg",
    "body": "<div ><h2>ENDER LILIES: Quietus of the Knights \u2013 v1.1.0.13839</h2><p ><div><a target=\"_blank\" href=\"https://en.riotpixels.com/games/ender-lilies-quietus-of-the-knights/\" rel=\"noopener\"><img class=\"alignleft\" width=\"150\" src=\"https://i2.imageban.ru/out/2021/08/19/ccbff2f1083d4396fd322cf720367c60.jpg\"></a></div><br>Genres/Tags: <strong>Action, RPG, Side, 2D</strong><br>Companies: <strong>Live Wire, Adglobe, Binary Haze Interactive</strong><br>Languages: <strong>RUS/ENG/MULTI11</strong><br>Original Size: <strong>1.4 GB</strong><br>Repack Size: <strong>799 MB</strong></p>&nbsp;<div>&nbsp;</div><h3>Download Mirrors</h3><ul><li><a href=\"https://1337x.to/torrent/4957466/ENDER-LILIES-Quietus-of-the-Knights-v1-1-0-13839-MULTi11-FitGirl-Repack/\" target=\"_blank\" rel=\"noopener\">1337x</a> | [<a href=\"magnet:?xt=urn:btih:9B4E7B6B7F423E886320893741A25C1B0D9EF0BE&amp;dn=ENDER+LILIES%3A+Quietus+of+the+Knights+%28v1.1.0.13839%2C+MULTi11%29+%5BFitGirl+Repack%5D&amp;tr=udp%3A%2F%2F46.148.18.250%3A2710&amp;tr=udp%3A%2F%2Fopentor.org%3A2710&amp;tr=udp%3A%2F%2Ftracker.coppersurfer.tk%3A6969%2Fannounce&amp;tr=udp%3A%2F%2Ftracker.opentrackr.org%3A1337%2Fannounce&amp;tr=http%3A%2F%2Ftracker.dler.org%3A6969%2Fannounce&amp;tr=udp%3A%2F%2Ftracker.leechers-paradise.org%3A6969%2Fannounce&amp;tr=udp%3A%2F%2F9.rarbg.me%3A2730%2Fannounce&amp;tr=udp%3A%2F%2F9.rarbg.to%3A2770%2Fannounce&amp;tr=udp%3A%2F%2Ftracker.pirateparty.gr%3A6969%2Fannounce&amp;tr=http%3A%2F%2Fretracker.local%2Fannounce&amp;tr=http%3A%2F%2Fretracker.ip.ncnet.ru%2Fannounce&amp;tr=udp%3A%2F%2Fexodus.desync.com%3A6969%2Fannounce&amp;tr=udp%3A%2F%2Fipv4.tracker.harry.lu%3A80%2Fannounce&amp;tr=udp%3A%2F%2Fopen.stealth.si%3A80%2Fannounce&amp;tr=udp%3A%2F%2Ftracker.zer0day.to%3A1337%2Fannounce&amp;tr=udp%3A%2F%2Ftracker.leechers-paradise.org%3A6969%2Fannounce&amp;tr=udp%3A%2F%2Fcoppersurfer.tk%3A6969%2Fannounce\">magnet</a>] [<a href=\"https://pastefg.hermietkreeft.site/?17abc9b516fcbb6e#F8V1McvD3aCjEjibBqcoBmFB6m8zxCFLAmWf6VBu9kDN\" target=\"_blank\" rel=\"noopener\">.torrent file only</a>] <br><img src=\"https://torrent-stats.info/8937/27067c9fe.png\" style=\"display:block;clear:both\"></li><li><a href=\"http://rutor.info/torrent/830417/ender-lilies-quietus-of-the-knights-v-1.1.0.13839-2021-pc-repack-ot-fitgirl\" target=\"_blank\" rel=\"noopener\">RuTor</a> [<a href=\"magnet:?xt=urn:btih:9b4e7b6b7f423e886320893741a25c1b0d9ef0be&amp;dn=rutor.info_Ender+Lilies%3A+Quietus+of+the+Knights+%5Bv+1.1.0.13839%5D+%282021%29+PC+%7C+RePack+%D0%BE%D1%82+FitGirl&amp;tr=udp://opentor.org:2710&amp;tr=udp://opentor.org:2710&amp;tr=http://retracker.local/announce\">magnet</a>]</li><li><a href=\"https://tapochek.net/viewtopic.php?p=2795550\" target=\"_blank\" rel=\"noopener\">Tapochek.net</a></li><li><a href=\"https://pastefg.hermietkreeft.site/?faea8766b4a57cc3#CYaFG8P3cNsdWefV1RopYVDhkV5diVKXGcnbt4uGAs5Y\" target=\"_blank\" rel=\"noopener\">Filehoster: MultiUpload</a> (10+ hosters, interchangeable) [Use <a href=\"http://jdownloader.org/jdownloader2\" target=\"_blank\" rel=\"noopener\">JDownloader2</a>]</li><li><a href=\"https://pastefg.hermietkreeft.site/?9db62d67acf623db#CgFKPvFg7LpNDyoFhJuh5vkYjfDbBRKYbZ4JQwoofEqm\" target=\"_blank\" rel=\"noopener\">Filehoster: PixelDrain</a></li><li><a href=\"https://pastefg.hermietkreeft.site/?b638b0c41663bcf1#2oW2oAmn8NaSkmVPw4bfeBgQgZbk3JaKm3jFqBpD9pHe\" target=\"_blank\" rel=\"noopener\">Filehoster: ZippyShare</a></li><li><a href=\"https://pastefg.hermietkreeft.site/?83df6d4181cd5f2a#Bnqyt1hkfNkaD4DCRU6ojeojRiancMS6coFqK6vKiwe\" target=\"_blank\" rel=\"noopener\">Filehoster: LetsUpload</a> [Use <a href=\"http://jdownloader.org/jdownloader2\" target=\"_blank\" rel=\"noopener\">JDownloader2</a>]</li><li><a href=\"https://pastefg.hermietkreeft.site/?6c27f2e6be8553da#63JZ2B67kvtJgKMJRdS87wfQ4EYoLz9dTGwgWUauBvmM\" target=\"_blank\" rel=\"noopener\">Filehoster: OneDrive</a> (Uploaded by DyR0 t(-_-t), NOT compatible with other mirrors)</li></ul><p><a href=\"https://cs.rin.ru/forum/viewtopic.php?f=10&amp;t=108420\" target=\"_blank\" rel=\"noopener\">Discussion and (possible) future updates on CS.RIN.RU thread</a></p><h3>Screenshots (Click to enlarge)</h3><p><a target=\"_blank\" href=\"https://en.riotpixels.com/games/ender-lilies-quietus-of-the-knights/screenshots/23/?utm_source=emb-gfx-html&amp;utm_medium=image&amp;utm_campaign=rp-mass\" rel=\"noopener\"><img loading=\"lazy\" width=\"178\" height=\"100\" border=\"0\" src=\"https://s01.riotpixels.net/data/37/0f/370f91d0-76d0-49d7-86bf-4a0e9c4d7991.jpg.240p.jpg\"></a><a target=\"_blank\" href=\"https://en.riotpixels.com/games/ender-lilies-quietus-of-the-knights/screenshots/20/?utm_source=emb-gfx-html&amp;utm_medium=image&amp;utm_campaign=rp-mass\" rel=\"noopener\"><img loading=\"lazy\" width=\"178\" height=\"100\" border=\"0\" src=\"https://s01.riotpixels.net/data/6c/9d/6c9dc03e-c8a7-491b-b6cc-4321919fd645.jpg.240p.jpg\"></a><a target=\"_blank\" href=\"https://en.riotpixels.com/games/ender-lilies-quietus-of-the-knights/screenshots/17/?utm_source=emb-gfx-html&amp;utm_medium=image&amp;utm_campaign=rp-mass\" rel=\"noopener\"><img loading=\"lazy\" width=\"178\" height=\"100\" border=\"0\" src=\"https://s01.riotpixels.net/data/1e/a0/1ea013ce-6a67-4446-be38-943145c735c1.jpg.240p.jpg\"></a><br><a target=\"_blank\" href=\"https://en.riotpixels.com/games/ender-lilies-quietus-of-the-knights/screenshots/15/?utm_source=emb-gfx-html&amp;utm_medium=image&amp;utm_campaign=rp-mass\" rel=\"noopener\"><img loading=\"lazy\" width=\"178\" height=\"100\" border=\"0\" src=\"https://s01.riotpixels.net/data/88/b7/88b76003-48d2-4d24-b0e4-f676d7512186.jpg.240p.jpg\"></a><a target=\"_blank\" href=\"https://en.riotpixels.com/games/ender-lilies-quietus-of-the-knights/screenshots/14/?utm_source=emb-gfx-html&amp;utm_medium=image&amp;utm_campaign=rp-mass\" rel=\"noopener\"><img loading=\"lazy\" width=\"178\" height=\"100\" border=\"0\" src=\"https://s01.riotpixels.net/data/6e/60/6e607c82-0d98-4fb7-83fb-7609bc35a1d9.jpg.240p.jpg\"></a><a target=\"_blank\" href=\"https://en.riotpixels.com/games/ender-lilies-quietus-of-the-knights/screenshots/13/?utm_source=emb-gfx-html&amp;utm_medium=image&amp;utm_campaign=rp-mass\" rel=\"noopener\"><img loading=\"lazy\" width=\"178\" height=\"100\" border=\"0\" src=\"https://s01.riotpixels.net/data/ba/ff/baffeef8-e86a-43b6-9b64-f4e55a8ad7d9.jpg.240p.jpg\"></a></p><h3>Repack Features</h3><ul><li>Based on ENDER.LILIES.Quietus.of.the.Knights-CODEX ISO release: codex-ender.lilies.quietus.of.the.knights.iso (1,292,435,456 bytes)</li><li>ENDER.LILIES.Quietus.of.the.Knights.Update.v1.1.0-CODEX (171 MB) applied over; game version: v1.1.0.13839</li><li>100% Lossless &amp; MD5 Perfect: all files are identical to originals after installation</li><li>NOTHING ripped, NOTHING re-encoded</li><li>Significantly smaller archive size (compressed from cumulative 1.4 GB to 799 MB)</li><li>Installation takes one minute</li><li>After-install integrity check so you could make sure that everything installed properly</li><li>HDD space after installation: 1.2 GB</li><li>Language can be changed in game settings</li><li>Repack uses XTool library by Razor12911</li><li>At least 2 GB of free RAM (inc. virtual) required for installing this repack</li></ul><div ><div><h2>Game Description</h2></div><div >Long ago, in the distant reaches of Land\u2019s End, an unforeseen rainfall transformed all living things into frenzied undead monstrosities known as the Blighted. Faced with a calamity far beyond their understanding, the kingdom fell into ruin with no end to the accursed rain in sight.<p>Meanwhile in the remnants of this devastated land, a young woman named Lily awakens in the depths of a church\u2026</p><p>Unravel the mystery of the kingdom destroyed by the Rain of Death. Journey through the sprawling and hauntingly beautiful Land\u2019s End, traversing a submerged forest, a sealed-off contaminated underground cavern, and a grand castle.</p><p>Formidable bosses await that will gladly claim your life given even the slightest chance. Defeat these powerful foes and release them from their unending curse to recruit them as allies. Overcome the challenges before you and search for the truth with powerful knights at your side.</p><p><b><h3>Game Features</h3></b></p><ul><li>Lead a contrasting cast of characters: a young woman joins forces with cursed knights</li><li>Explore the vast kingdom of Land\u2019s End and discover all its secrets</li><li>Attack, evade, dash, and aim for victory</li><li>Read opponents\u2019 attacks to survive intense battles against former friends gone mad</li><li>Acquire melee, ranged, magic, and other skills by recruiting defeated foes</li><li>Mix and match abilities and equip hidden relics to suit your playstyle</li><li>Take in fantastic landscapes and animations drawn in a beautiful dark fantasy style</li><li>Immerse yourself in an atmospheric soundtrack from musical group Mili</li><li>Uncover the mysteries of the remaining ruins and the Rain of Death in a violent world</li><li>Determine how the story ends through your actions</li><li>Find beauty in despair</li></ul></div></div>             </div>"
}