{
    "link": "https://fitgirl-repacks.site/endzone-a-world-apart/",
    "title": "Endzone: A World Apart \u2013 v1.1.7964.20330 + Prosperity DLC + Windows 7 Fix",
    "first_img": "https://i5.imageban.ru/out/2021/11/04/26f125dfbfbbc69234f4ae667cce2692.jpg",
    "second_img": "https://s01.riotpixels.net/data/34/35/3435ccdd-feb9-45ed-b50d-de13f41dfb0d.png.240p.jpg",
    "body": "<div ><h2>Endzone: A World Apart \u2013 v1.1.7964.20330 + Prosperity DLC + Windows 7 Fix</h2><p ><div><a target=\"_blank\" href=\"https://en.riotpixels.com/games/endzone-a-world-apart/\" rel=\"noopener\"><img class=\"alignleft\" width=\"150\" src=\"https://i5.imageban.ru/out/2021/11/04/26f125dfbfbbc69234f4ae667cce2692.jpg\"></a></div><br>Genres/Tags: <strong>Managerial, Strategy, Isometric, 3D</strong><br>Companies: <strong>gentlymad, Assemble Entertainment</strong><br>Languages: <strong>RUS/ENG/MULTI9</strong><br>Original Size: <strong>9.1 GB</strong><br>Repack Size: <strong>from 2 GB</strong> [Selective Download]</p>&nbsp;<div>&nbsp;</div><h3>Download Mirrors</h3><ul><li><a href=\"https://1337x.to/torrent/5039567/Endzone-A-World-Apart-v1-1-7964-20330-DLC-Win7-Fix-MULTi9-FitGirl-Repack-Selective-Download-from-2-GB/\" target=\"_blank\" rel=\"noopener\">1337x</a> | [<a href=\"magnet:?xt=urn:btih:13BFD4D96DC56367C566F65D5E374AD4F6A8F16F&amp;dn=Endzone%3A+A+World+Apart+%28v1.1.7964.20330+%2B+DLC+%2B+Win7+Fix%2C+MULTi9%29+%5BFitGirl+Repack%2C+Selective+Download+-+from+2+GB%5D&amp;tr=udp%3A%2F%2F46.148.18.250%3A2710&amp;tr=udp%3A%2F%2Fopentor.org%3A2710&amp;tr=udp%3A%2F%2Ftracker.coppersurfer.tk%3A6969%2Fannounce&amp;tr=udp%3A%2F%2Ftracker.opentrackr.org%3A1337%2Fannounce&amp;tr=http%3A%2F%2Ftracker.dler.org%3A6969%2Fannounce&amp;tr=udp%3A%2F%2Ftracker.leechers-paradise.org%3A6969%2Fannounce&amp;tr=udp%3A%2F%2F9.rarbg.me%3A2730%2Fannounce&amp;tr=udp%3A%2F%2F9.rarbg.to%3A2770%2Fannounce&amp;tr=udp%3A%2F%2Ftracker.pirateparty.gr%3A6969%2Fannounce&amp;tr=http%3A%2F%2Fretracker.local%2Fannounce&amp;tr=http%3A%2F%2Fretracker.ip.ncnet.ru%2Fannounce&amp;tr=udp%3A%2F%2Fexodus.desync.com%3A6969%2Fannounce&amp;tr=udp%3A%2F%2Fipv4.tracker.harry.lu%3A80%2Fannounce&amp;tr=udp%3A%2F%2Fopen.stealth.si%3A80%2Fannounce&amp;tr=udp%3A%2F%2Ftracker.zer0day.to%3A1337%2Fannounce&amp;tr=udp%3A%2F%2Ftracker.leechers-paradise.org%3A6969%2Fannounce&amp;tr=udp%3A%2F%2Fcoppersurfer.tk%3A6969%2Fannounce\">magnet</a>] [<a href=\"https://pastefg.hermietkreeft.site/?9873c6f5b1bd87e6#6gpo1L7hshKfroHxj5SNuk5rEQcNLnaVVV9ycZGaDBe8\" target=\"_blank\" rel=\"noopener\">.torrent file only</a>] <br><img src=\"https://torrent-stats.info/f65d/47789fb11.png\" style=\"display:block;clear:both\"></li><li><a href=\"http://rutor.info/torrent/843507/endzone-a-world-apart-v-1.1.7964.20330-dlc-win7-fix-2021-pc-repack-ot-fitgirl\" target=\"_blank\" rel=\"noopener\">RuTor</a> [<a href=\"magnet:?xt=urn:btih:13bfd4d96dc56367c566f65d5e374ad4f6a8f16f&amp;dn=rutor.info_Endzone+-+A+World+Apart+%5Bv+1.1.7964.20330+%2B+DLC+%2B+Win7+Fix%5D+%282021%29+PC+%7C+RePack+%D0%BE%D1%82+FitGirl&amp;tr=udp://opentor.net:6969&amp;tr=udp://opentor.org:2710&amp;tr=http://retracker.local/announce\">magnet</a>]</li><li><a href=\"https://tapochek.net/viewtopic.php?p=2809533\" target=\"_blank\" rel=\"noopener\">Tapochek.net</a></li><li><a href=\"https://pastefg.hermietkreeft.site/?49d2f7657bcc7906#72qf48BRWM3J4v6CEATa7dswwG5igbAZRRNvz7L2chkA\" target=\"_blank\" rel=\"noopener\">Filehoster: MultiUpload</a> (10+ hosters, interchangeable) [Use <a href=\"http://jdownloader.org/jdownloader2\" target=\"_blank\" rel=\"noopener\">JDownloader2</a>]</li><li><a href=\"https://pastefg.hermietkreeft.site/?bc0083e8dd60ea6f#949bAQ3gBjBzKFAG196RjYRRFxZ2K3NEMg4fEALPER5r\" target=\"_blank\" rel=\"noopener\">Filehoster: PixelDrain</a></li><li><a href=\"https://pastefg.hermietkreeft.site/?0b2c858646381883#6RrCQMnuEHv8NUz6MSHUoCPEz7BKnvfHCFJaWTJX2aoG\" target=\"_blank\" rel=\"noopener\">Filehoster: ZippyShare</a></li><li><a href=\"https://pastefg.hermietkreeft.site/?a38ae5066d702636#CSDwvKcHTpeAKcFcehop9qrPbaRJTbaMmPcqoFjF28zF\" target=\"_blank\" rel=\"noopener\">Filehoster: BayFiles</a></li><li><a href=\"https://pastefg.hermietkreeft.site/?4b4142ba1b97fb60#BvqShJ2EYesHjBqJBajwkYpHjupD5RfiSSNmu4YZ8cKo\" target=\"_blank\" rel=\"noopener\">Filehoster: LetsUpload</a> [Use <a href=\"http://jdownloader.org/jdownloader2\" target=\"_blank\" rel=\"noopener\">JDownloader2</a>]</li><li><a href=\"https://pastefg.hermietkreeft.site/?6b00fe5df364a974#68N4dUfHTf8pPKt33qkKUVixjKxrr5BUncti4VsKgvhK\" target=\"_blank\" rel=\"noopener\">Filehoster: OneDrive</a> (Uploaded by DyR0 t(-_-t), NOT compatible with other mirrors)</li><p><!--  <li><a href=\"\" target=\"_blank\" rel=\"noopener\">Filehosters: Google Drive, OneDrive + others</a> (Uploaded by crackhub213)</li>  --></p></ul><p><a href=\"https://cs.rin.ru/forum/viewtopic.php?f=10&amp;t=104525\" target=\"_blank\" rel=\"noopener\">Discussion and (possible) future updates on CS.RIN.RU thread</a></p><h3>Screenshots (Click to enlarge)</h3><p><a target=\"_blank\" href=\"https://en.riotpixels.com/games/endzone-a-world-apart/screenshots/41/?utm_source=emb-gfx-html&amp;utm_medium=image&amp;utm_campaign=rp-mass\" rel=\"noopener\"><img loading=\"lazy\" width=\"178\" height=\"100\" border=\"0\" src=\"https://s01.riotpixels.net/data/34/35/3435ccdd-feb9-45ed-b50d-de13f41dfb0d.png.240p.jpg\"></a><a target=\"_blank\" href=\"https://en.riotpixels.com/games/endzone-a-world-apart/screenshots/39/?utm_source=emb-gfx-html&amp;utm_medium=image&amp;utm_campaign=rp-mass\" rel=\"noopener\"><img loading=\"lazy\" width=\"178\" height=\"100\" border=\"0\" src=\"https://s01.riotpixels.net/data/ce/bc/cebcc325-31bd-44e0-a720-19fa8a229123.png.240p.jpg\"></a><a target=\"_blank\" href=\"https://en.riotpixels.com/games/endzone-a-world-apart/screenshots/38/?utm_source=emb-gfx-html&amp;utm_medium=image&amp;utm_campaign=rp-mass\" rel=\"noopener\"><img loading=\"lazy\" width=\"178\" height=\"100\" border=\"0\" src=\"https://s01.riotpixels.net/data/47/61/47610460-db23-4243-a81c-202349f3720d.png.240p.jpg\"></a><br><a target=\"_blank\" href=\"https://en.riotpixels.com/games/endzone-a-world-apart/screenshots/37/?utm_source=emb-gfx-html&amp;utm_medium=image&amp;utm_campaign=rp-mass\" rel=\"noopener\"><img loading=\"lazy\" width=\"178\" height=\"100\" border=\"0\" src=\"https://s01.riotpixels.net/data/c1/d4/c1d4eb38-9d72-44b2-af7e-993dd57fb5bd.png.240p.jpg\"></a><a target=\"_blank\" href=\"https://en.riotpixels.com/games/endzone-a-world-apart/screenshots/36/?utm_source=emb-gfx-html&amp;utm_medium=image&amp;utm_campaign=rp-mass\" rel=\"noopener\"><img loading=\"lazy\" width=\"178\" height=\"100\" border=\"0\" src=\"https://s01.riotpixels.net/data/c3/e5/c3e587e3-dc75-4ed2-90fc-74df67a49963.png.240p.jpg\"></a><a target=\"_blank\" href=\"https://en.riotpixels.com/games/endzone-a-world-apart/screenshots/28/?utm_source=emb-gfx-html&amp;utm_medium=image&amp;utm_campaign=rp-mass\" rel=\"noopener\"><img loading=\"lazy\" width=\"178\" height=\"100\" border=\"0\" src=\"https://s01.riotpixels.net/data/54/f6/54f64ab0-d33a-40f2-8b50-4c517f4683ac.png.240p.jpg\"></a></p><h3>Repack Features</h3><ul><li>Based on Endzone.A.World.Apart.Prosperity.MULTi9-PLAZA ISO release: plaza-endzone.a.world.apart.prosperity.multi9.iso (9,756,672,000 bytes)</li><li>Game version: v1.1.7964.20330; Prosperity DLC is included and activated</li><li>100% Lossless &amp; MD5 Perfect: all files are identical to originals after installation</li><li>NOTHING ripped, NOTHING re-encoded</li><li>Selective Download feature: you may skip downloading and installing of languages you don\u2019t need</li><li>Significantly smaller archive size (compressed from 9.1 to 2~2.2 GB for any single language)</li><li>Installation takes 3-5 minutes</li><li>After-install integrity check so you could make sure that everything installed properly</li><li>HDD space after installation: up to 5.5 GB</li><li>Repack uses XTool library by Razor12911</li><li>At least 2 GB of free RAM (inc. virtual) required for installing this repack</li><li>DXVK-based fix for Windows 7 is available in \u201c_Windows7_Fix\u201d folder after installation (copy DLL files from it to the game root). Use it only if the game crashes for you before the main menu; once you\u2019ve reached the menu, you can close the game and remove those DLL files \u2013 the game will continue to work</li></ul><div ><div><h2>Game Description</h2></div><div >In 2021, a group of terrorists blew up nuclear power plants around the world and plunged the world into chaos. Only few were able to escape into underground facilities called \u201cEndzones\u201d. 150 years later, mankind returns to the surface \u2013 under your command! In an extremely hostile environment full of radioactivity, contaminated rain and extreme climate change, you\u2019ll have to prove your worth as a leader.<p><b><h3>Game Features</h3></b></p><ul><li>Build a settlement on the hostile surface of the earth with over 70 different buildings and take care of your men, women and children.</li><li>Gather &amp; refine many different resources and manage your economy by building an efficient infrastructure with streets and depositories.</li><li>Experience dynamically simulated, believable environments! Every ground cell in the game has its own humidity and radiation values.</li><li>Survive in a world of constant threats including radioactively contaminated ground, droughts, toxic rain, sandstorms, and raiders.</li><li>Send expeditions to forgotten places and make meaningful decisions that change the fate of your people.</li><li>Experience a living settlement and fulfill side missions to cater for your settlers needs.</li><li>A variety of challenging scenarios with specific winning conditions and a distinct storyline will put your survival skills to the test.</li></ul><p><b>Prosperity DLC</b></p><p>All life begins to flourish again! While the first settlers struggled for simple survival, their descendants were already able to bring modest prosperity to this world. Among the survivors, an unimagined zeal is now stirring. They dedicate themselves to great ideas and work hard to make them a reality. People have begun to dream; they look to the future full of wishes but also with high expectations.</p><p>Lead this hopeful generation into a period of prosperity and new inventions. Make the former pioneers into citizens of a newly blossoming civilisation.</p><ul><li>New era, new resources: Make use of additional luxury goods like soap and coffee for better quality of life while sand, concrete and cement supply for enhanced constructions.</li><li>Prosperous time: New technologies and research help you to cater for your new civilisations needs and demands, because they have never been more challenging than now.</li><li>Concrete dreams: A flourishing settlement needs new buildings to grow; secure your settlers\u2019 well-being with sand mines, a concrete factory and aqua farms, just to name a few.</li><li>Beautiful scenery: Three new scenarios challenge you to explore your settlement\u2019s hopes and dreams to provide for a glorious future.</li></ul></div></div><p><b>Backwards Compatibility</b></p><p>This repack IS NOT backwards compatible with my previous Endzone repack.</p>             </div>"
}