{
    "link": "https://fitgirl-repacks.site/epic-chef/",
    "title": "Epic Chef",
    "first_img": "https://i3.imageban.ru/out/2021/11/14/8755105abb4ea102a2dfb3d978c0f17b.jpg",
    "second_img": "https://s01.riotpixels.net/data/78/d2/78d2ec58-645f-4143-994c-7e9d027e33c4.jpg.240p.jpg",
    "body": "<div ><h2>Epic Chef</h2><p ><div><a target=\"_blank\" href=\"https://en.riotpixels.com/games/epic-chef/\" rel=\"noopener\"><img class=\"alignleft\" width=\"150\" src=\"https://i3.imageban.ru/out/2021/11/14/8755105abb4ea102a2dfb3d978c0f17b.jpg\"></a></div><br>Genres/Tags: <strong>Lifestyle, Third-person, 3D</strong><br>Companies: <strong>Infinigon Games, Team17</strong><br>Languages: <strong>RUS/ENG/MULTI8</strong><br>Original Size: <strong>2.8 GB</strong><br>Repack Size: <strong>910 MB</strong></p>&nbsp;<div>&nbsp;</div><h3>Download Mirrors</h3><ul><li><a href=\"https://1337x.to/torrent/5050956/Epic-Chef-MULTi8-FitGirl-Repack/\" target=\"_blank\" rel=\"noopener\">1337x</a> | [<a href=\"magnet:?xt=urn:btih:A50ECC6D0B4BD190C855B779BCC709A468A365F4&amp;dn=Epic+Chef+%28MULTi8%29+%5BFitGirl+Repack%5D&amp;tr=udp%3A%2F%2F46.148.18.250%3A2710&amp;tr=udp%3A%2F%2Fopentor.org%3A2710&amp;tr=udp%3A%2F%2Ftracker.coppersurfer.tk%3A6969%2Fannounce&amp;tr=udp%3A%2F%2Ftracker.opentrackr.org%3A1337%2Fannounce&amp;tr=http%3A%2F%2Ftracker.dler.org%3A6969%2Fannounce&amp;tr=udp%3A%2F%2Ftracker.leechers-paradise.org%3A6969%2Fannounce&amp;tr=udp%3A%2F%2F9.rarbg.me%3A2730%2Fannounce&amp;tr=udp%3A%2F%2F9.rarbg.to%3A2770%2Fannounce&amp;tr=udp%3A%2F%2Ftracker.pirateparty.gr%3A6969%2Fannounce&amp;tr=http%3A%2F%2Fretracker.local%2Fannounce&amp;tr=http%3A%2F%2Fretracker.ip.ncnet.ru%2Fannounce&amp;tr=udp%3A%2F%2Fexodus.desync.com%3A6969%2Fannounce&amp;tr=udp%3A%2F%2Fipv4.tracker.harry.lu%3A80%2Fannounce&amp;tr=udp%3A%2F%2Fopen.stealth.si%3A80%2Fannounce&amp;tr=udp%3A%2F%2Ftracker.zer0day.to%3A1337%2Fannounce&amp;tr=udp%3A%2F%2Ftracker.leechers-paradise.org%3A6969%2Fannounce&amp;tr=udp%3A%2F%2Fcoppersurfer.tk%3A6969%2Fannounce\">magnet</a>] [<a href=\"https://pastefg.hermietkreeft.site/?ae898164ea9ce5ed#4iSiLGu3VYuzBzozmgdTuDRLMvpqC3h3thgc3mCy7DoF\" target=\"_blank\" rel=\"noopener\">.torrent file only</a>] <br><img src=\"https://torrent-stats.info/b779/3565c9b58.png\" style=\"display:block;clear:both\"></li><li><a href=\"http://rutor.info/torrent/845454/epic-chef-2021-pc-repack-ot-fitgirl\" target=\"_blank\" rel=\"noopener\">RuTor</a> [<a href=\"magnet:?xt=urn:btih:a50ecc6d0b4bd190c855b779bcc709a468a365f4&amp;dn=rutor.info_Epic+Chef+%282021%29+PC+%7C+RePack+%D0%BE%D1%82+FitGirl&amp;tr=udp://opentor.net:6969&amp;tr=udp://opentor.org:2710&amp;tr=http://retracker.local/announce\">magnet</a>]</li><li><a href=\"https://tapochek.net/viewtopic.php?p=2812267\" target=\"_blank\" rel=\"noopener\">Tapochek.net</a></li><li><a href=\"https://pastefg.hermietkreeft.site/?14645b40d024cd94#D5b48UnSygMVfkQSrNZSpYUKEQkMbhobLu2ngRzKhHaN\" target=\"_blank\" rel=\"noopener\">Filehoster: MultiUpload</a> (10+ hosters, interchangeable) [Use <a href=\"http://jdownloader.org/jdownloader2\" target=\"_blank\" rel=\"noopener\">JDownloader2</a>]</li><li><a href=\"https://pastefg.hermietkreeft.site/?ecc2529c824a7e1f#FcFrAcqRFQ8UPAajtbFvHzuVsZe4axZZT16ykk5onENc\" target=\"_blank\" rel=\"noopener\">Filehoster: ZippyShare</a></li><li><a href=\"https://pastefg.hermietkreeft.site/?78a032b2b828a17a#AL1cayKpfCLU51XyipamnNdSDavpBM2SXMgDaS44qXWu\" target=\"_blank\" rel=\"noopener\">Filehoster: BayFiles</a></li><li><a href=\"https://pastefg.hermietkreeft.site/?db402ef5823a594f#4fG8joJSYwvH7YA2h43vSSntFCsagPmP6fLVJZsRDKDo\" target=\"_blank\" rel=\"noopener\">Filehoster: LetsUpload</a> [Use <a href=\"http://jdownloader.org/jdownloader2\" target=\"_blank\" rel=\"noopener\">JDownloader2</a>]</li><li><a href=\"https://pastefg.hermietkreeft.site/?1d8ff9254c18e90f#4Up75SbdW4bGrGyWLUJDLRm1c42E8Hd6biSwAtmLwNBf\" target=\"_blank\" rel=\"noopener\">Filehoster: OneDrive</a> (Uploaded by DyR0 t(-_-t), NOT compatible with other mirrors)</li><p><!--  <li><a href=\"\" target=\"_blank\" rel=\"noopener\">Filehosters: Google Drive, OneDrive + others</a> (Uploaded by crackhub213)</li>  --></p></ul><p><a href=\"https://cs.rin.ru/forum/viewtopic.php?f=10&amp;t=105693\" target=\"_blank\" rel=\"noopener\">Discussion and (possible) future updates on CS.RIN.RU thread</a></p><h3>Screenshots (Click to enlarge)</h3><p><a target=\"_blank\" href=\"https://en.riotpixels.com/games/epic-chef/screenshots/17/?utm_source=emb-gfx-html&amp;utm_medium=image&amp;utm_campaign=rp-mass\" rel=\"noopener\"><img loading=\"lazy\" width=\"196\" height=\"100\" border=\"0\" src=\"https://s01.riotpixels.net/data/78/d2/78d2ec58-645f-4143-994c-7e9d027e33c4.jpg.240p.jpg\"></a><a target=\"_blank\" href=\"https://en.riotpixels.com/games/epic-chef/screenshots/16/?utm_source=emb-gfx-html&amp;utm_medium=image&amp;utm_campaign=rp-mass\" rel=\"noopener\"><img loading=\"lazy\" width=\"178\" height=\"100\" border=\"0\" src=\"https://s01.riotpixels.net/data/d1/07/d10720c2-f5c8-4220-bcb9-c67be4bedee1.jpg.240p.jpg\"></a><a target=\"_blank\" href=\"https://en.riotpixels.com/games/epic-chef/screenshots/12/?utm_source=emb-gfx-html&amp;utm_medium=image&amp;utm_campaign=rp-mass\" rel=\"noopener\"><img loading=\"lazy\" width=\"178\" height=\"100\" border=\"0\" src=\"https://s01.riotpixels.net/data/b6/65/b6659c3b-dee9-4b1c-80d2-7a94d9a60e03.jpg.240p.jpg\"></a><br><a target=\"_blank\" href=\"https://en.riotpixels.com/games/epic-chef/screenshots/11/?utm_source=emb-gfx-html&amp;utm_medium=image&amp;utm_campaign=rp-mass\" rel=\"noopener\"><img loading=\"lazy\" width=\"178\" height=\"100\" border=\"0\" src=\"https://s01.riotpixels.net/data/64/98/64988e7d-2813-430f-b368-d4a5e6ef171d.jpg.240p.jpg\"></a><a target=\"_blank\" href=\"https://en.riotpixels.com/games/epic-chef/screenshots/10/?utm_source=emb-gfx-html&amp;utm_medium=image&amp;utm_campaign=rp-mass\" rel=\"noopener\"><img loading=\"lazy\" width=\"178\" height=\"100\" border=\"0\" src=\"https://s01.riotpixels.net/data/10/d6/10d67747-e138-44a4-b393-c06b60e3b895.jpg.240p.jpg\"></a><a target=\"_blank\" href=\"https://en.riotpixels.com/games/epic-chef/screenshots/2/?utm_source=emb-gfx-html&amp;utm_medium=image&amp;utm_campaign=rp-mass\" rel=\"noopener\"><img loading=\"lazy\" width=\"178\" height=\"100\" border=\"0\" src=\"https://s01.riotpixels.net/data/d8/2b/d82bd0d5-60ed-4379-b5bb-f508ab9d5386.jpg.240p.jpg\"></a></p><h3>Repack Features</h3><ul><li>Based on Epic.Chef-CODEX ISO release: codex-epic.chef.iso (3,057,680,384 bytes)</li><li>100% Lossless &amp; MD5 Perfect: all files are identical to originals after installation</li><li>NOTHING ripped, NOTHING re-encoded</li><li>Significantly smaller archive size (compressed from 2.8 GB to 910 MB)</li><li>Installation takes ~12 minutes</li><li>After-install integrity check so you could make sure that everything installed properly</li><li>HDD space after installation: 5.9 GB (8.7 GB during installation)</li><li>Use \u201cLanguage Selector.exe\u201d in game root to change the game language</li><li>At least 2 GB of free RAM (inc. virtual) required for installing this repack</li></ul><div ><div><h2>Game Description</h2></div><div >Epic Chef is a story-driven adventure game flavoured with life-sim farming, and crafting elements, blended together into one delicious dish via an interactive cooking experience \u2013 all served with a side of humour and elaborate cast of characters inspired by classics such as Mister Ajikko, or the writing of Sir Terry Pratchett. Grab your spatula and start on your journey to become\u2026 Epic Chef!<p><b>COOKING MASTERCHEF</b><br>In Epic Chef you will combine ingredients, stirring and tossing with culinary precision to bring out the flavour elements of Vigor, Sophistication and Spirit in your dishes. This forms the core of the cooking experience that you must master in order to become the very best chef in Ambrosia.</p><p><b>DELICIOUS DISHES</b><br>Dish synergy and ingredient properties combine with a dynamic recipe creation system, meaning that you can experiment with thousands of different combinations to create a unique menu of decadent delights. Serving Rats with Tomatoes and Potatoes? Don\u2019t you mean Tomato Souffl\u00e9 and Vermin Slices in Starchy Cream?!</p><p><b>INTENSE CHEF BATTLES</b><br>Take on bitter rival chefs in epic culinary clashes to see who is crowned cooking king of Ambrosia! Dishes are scored on a variety of things from ingredients, to flavours, strength and more, with no two judges having the same taste. Become an even greater chef by utilising the addition of sauces to alter the properties of your dishes and influence the judges to win their favour.</p><p><b>HOMEGROWN N\u2019HOMEMADE</b><br>Live off your land by growing foods such as fruit and vegetables, gather resources to craft specialised machinery that can process your ingredients further, and even create new recipe components whilst you tend to an eclectic mix of animal livestock from cows to unicorns! And don\u2019t forget to repair and customise your dilapidated (and slightly haunted) villa!</p><p><b>VISIT AMBROSIA</b><br>Welcome to Ambrosia, a place of gastronomic delight and agriculture wonder, renowned the world over. You are free to explore all that Ambrosia has to offer, from winding narrow streets to lush green fields, from quaint restaurants to bustling taverns, all full to the brim with \u2018friendly\u2019 locals eager to meet you.</p></div></div>             </div>"
}