{
    "link": "https://fitgirl-repacks.site/escape-from-naraka/",
    "title": "Escape from Naraka",
    "first_img": "https://i6.imageban.ru/out/2021/07/30/ebbb4820aa60eb06554d2a25562db174.jpg",
    "second_img": "https://s01.riotpixels.net/data/43/48/4348848c-46e1-4d67-bc96-4dad2054aa20.jpg.240p.jpg",
    "body": "<div ><h2>Escape from Naraka</h2><p ><div><a target=\"_blank\" href=\"https://en.riotpixels.com/games/escape-from-naraka/\" rel=\"noopener\"><img class=\"alignleft\" width=\"150\" src=\"https://i6.imageban.ru/out/2021/07/30/ebbb4820aa60eb06554d2a25562db174.jpg\"></a></div><br>Genres/Tags: <strong>Arcade, Jump and run, First-person, 3D</strong><br>Companies: <strong>XeloGames, Headup</strong><br>Languages: <strong>RUS/ENG/MULTI9</strong><br>Original Size: <strong>11.3 GB</strong><br>Repack Size: <strong>7.6 GB</strong></p>&nbsp;<div>&nbsp;</div><h3>Download Mirrors</h3><ul><li><a href=\"https://1337x.to/torrent/4937541/Escape-from-Naraka-MULTi9-FitGirl-Repack/\" target=\"_blank\" rel=\"noopener\">1337x</a> | [<a href=\"magnet:?xt=urn:btih:328B3F69A4958EDD3A536F3981A168056C1668BF&amp;dn=Escape+from+Naraka+%28MULTi9%29+%5BFitGirl+Repack%5D&amp;tr=udp%3A%2F%2F46.148.18.250%3A2710&amp;tr=udp%3A%2F%2Fopentor.org%3A2710&amp;tr=udp%3A%2F%2Ftracker.coppersurfer.tk%3A6969%2Fannounce&amp;tr=udp%3A%2F%2Ftracker.opentrackr.org%3A1337%2Fannounce&amp;tr=http%3A%2F%2Ftracker.dler.org%3A6969%2Fannounce&amp;tr=udp%3A%2F%2Ftracker.leechers-paradise.org%3A6969%2Fannounce&amp;tr=udp%3A%2F%2F9.rarbg.me%3A2730%2Fannounce&amp;tr=udp%3A%2F%2F9.rarbg.to%3A2770%2Fannounce&amp;tr=udp%3A%2F%2Ftracker.pirateparty.gr%3A6969%2Fannounce&amp;tr=http%3A%2F%2Fretracker.local%2Fannounce&amp;tr=http%3A%2F%2Fretracker.ip.ncnet.ru%2Fannounce&amp;tr=udp%3A%2F%2Fexodus.desync.com%3A6969%2Fannounce&amp;tr=udp%3A%2F%2Fipv4.tracker.harry.lu%3A80%2Fannounce&amp;tr=udp%3A%2F%2Fopen.stealth.si%3A80%2Fannounce&amp;tr=udp%3A%2F%2Ftracker.zer0day.to%3A1337%2Fannounce&amp;tr=udp%3A%2F%2Ftracker.leechers-paradise.org%3A6969%2Fannounce&amp;tr=udp%3A%2F%2Fcoppersurfer.tk%3A6969%2Fannounce\">magnet</a>] [<a href=\"https://pastefg.hermietkreeft.site/?594666a4341f8e05#Rvknj2U2yvo6RV6hR7G8aCmvEgGwf1PPf61uYUKEmvE\" target=\"_blank\" rel=\"noopener\">.torrent file only</a>] <br><img src=\"https://torrent-stats.info/6f39/1f81b4cec.png\" style=\"display:block;clear:both\"></li><li><a href=\"http://rutor.info/torrent/827484/escape-from-naraka-2021-pc-repack-ot-fitgirl\" target=\"_blank\" rel=\"noopener\">RuTor</a> [<a href=\"magnet:?xt=urn:btih:328b3f69a4958edd3a536f3981a168056c1668bf&amp;dn=rutor.info_Escape+from+Naraka+%282021%29+PC+%7C+RePack+%D0%BE%D1%82+FitGirl&amp;tr=udp://opentor.org:2710&amp;tr=udp://opentor.org:2710&amp;tr=http://retracker.local/announce\">magnet</a>]</li><li><a href=\"https://tapochek.net/viewtopic.php?p=2791807\" target=\"_blank\" rel=\"noopener\">Tapochek.net</a></li><li><a href=\"https://pastefg.hermietkreeft.site/?e84c9bda128316f0#CCvjwm9Z1qJnb98ZMjr5nQaJRZa5Enrr81ATBT3Rd8Sv\" target=\"_blank\" rel=\"noopener\">Filehoster: MultiUpload</a> (10+ hosters, interchangeable) [Use <a href=\"http://jdownloader.org/jdownloader2\" target=\"_blank\" rel=\"noopener\">JDownloader2</a>]</li><li><a href=\"https://pastefg.hermietkreeft.site/?5c368e0a1ea74d42#28CW8cPpb1SVR4C4TzbcuJwDv62KKZqosMA1L91Y8oVj\" target=\"_blank\" rel=\"noopener\">Filehoster: PixelDrain</a></li><li><a href=\"https://pastefg.hermietkreeft.site/?cb54551687bce990#2fJaSWby19aRFpV9dayVGrsgb2io9k7Ek6qC7uag4hNe\" target=\"_blank\" rel=\"noopener\">Filehoster: ZippyShare</a></li><li><a href=\"https://pastefg.hermietkreeft.site/?90a15ae59035444d#GSMEf6jBUAndnepRxzKMUwKop7NTvDyGJKBGwsLCi2qt\" target=\"_blank\" rel=\"noopener\">Filehoster: LetsUpload</a> [Use <a href=\"http://jdownloader.org/jdownloader2\" target=\"_blank\" rel=\"noopener\">JDownloader2</a>]</li><li><a href=\"https://crackhub.site/escape-from-naraka-fitgirl-repack/\" target=\"_blank\" rel=\"noopener\">Filehosters: Google Drive, OneDrive + others</a> (Uploaded by crackhub213)</li><li><a href=\"https://pastefg.hermietkreeft.site/?6550fb6fbbdb91da#FPCBscYBLEbcPCG5FqQxmSg3Pniok6jGt22y9uBULGTw\" target=\"_blank\" rel=\"noopener\">Filehoster: OneDrive</a> (Uploaded by DyR0 t(-_-t), NOT compatible with other mirrors)</li></ul><p><a href=\"https://cs.rin.ru/forum/viewtopic.php?f=10&amp;t=114814\" target=\"_blank\" rel=\"noopener\">Discussion and (possible) future updates on CS.RIN.RU thread</a></p><h3>Screenshots (Click to enlarge)</h3><p><a target=\"_blank\" href=\"https://en.riotpixels.com/games/escape-from-naraka/screenshots/14/?utm_source=emb-gfx-html&amp;utm_medium=image&amp;utm_campaign=rp-mass\" rel=\"noopener\"><img loading=\"lazy\" width=\"178\" height=\"100\" border=\"0\" src=\"https://s01.riotpixels.net/data/43/48/4348848c-46e1-4d67-bc96-4dad2054aa20.jpg.240p.jpg\"></a><a target=\"_blank\" href=\"https://en.riotpixels.com/games/escape-from-naraka/screenshots/13/?utm_source=emb-gfx-html&amp;utm_medium=image&amp;utm_campaign=rp-mass\" rel=\"noopener\"><img loading=\"lazy\" width=\"178\" height=\"100\" border=\"0\" src=\"https://s01.riotpixels.net/data/d1/0f/d10f2470-d9e1-46ab-bd70-f8465257ba97.jpg.240p.jpg\"></a><a target=\"_blank\" href=\"https://en.riotpixels.com/games/escape-from-naraka/screenshots/11/?utm_source=emb-gfx-html&amp;utm_medium=image&amp;utm_campaign=rp-mass\" rel=\"noopener\"><img loading=\"lazy\" width=\"178\" height=\"100\" border=\"0\" src=\"https://s01.riotpixels.net/data/6b/18/6b189d25-aff2-4713-bd50-bd97975d1239.jpg.240p.jpg\"></a><br><a target=\"_blank\" href=\"https://en.riotpixels.com/games/escape-from-naraka/screenshots/8/?utm_source=emb-gfx-html&amp;utm_medium=image&amp;utm_campaign=rp-mass\" rel=\"noopener\"><img loading=\"lazy\" width=\"185\" height=\"100\" border=\"0\" src=\"https://s01.riotpixels.net/data/ee/29/ee292f9f-e88b-4fe7-9f59-d0d67953655b.jpg.240p.jpg\"></a><a target=\"_blank\" href=\"https://en.riotpixels.com/games/escape-from-naraka/screenshots/6/?utm_source=emb-gfx-html&amp;utm_medium=image&amp;utm_campaign=rp-mass\" rel=\"noopener\"><img loading=\"lazy\" width=\"185\" height=\"100\" border=\"0\" src=\"https://s01.riotpixels.net/data/1a/48/1a48e5f0-7967-4d92-9a48-72289465b925.jpg.240p.jpg\"></a><a target=\"_blank\" href=\"https://en.riotpixels.com/games/escape-from-naraka/screenshots/4/?utm_source=emb-gfx-html&amp;utm_medium=image&amp;utm_campaign=rp-mass\" rel=\"noopener\"><img loading=\"lazy\" width=\"183\" height=\"100\" border=\"0\" src=\"https://s01.riotpixels.net/data/14/d5/14d5d535-25e8-466d-a89b-41e40facd86a.jpg.240p.jpg\"></a></p><h3>Repack Features</h3><ul><li>Based on Escape.from.Naraka-CODEX ISO release: codex-escape.from.naraka.iso (12,158,730,240 bytes)</li><li>100% Lossless &amp; MD5 Perfect: all files are identical to originals after installation</li><li>NOTHING ripped, NOTHING re-encoded</li><li>Significantly smaller archive size (compressed from 11.3 to 7.6 GB)</li><li>Installation takes 3-7 minutes (depending on your system)</li><li>After-install integrity check so you could make sure that everything installed properly</li><li>HDD space after installation: 11.3 GB</li><li>Language can be changed in game settings</li><li>Repack uses XTool library by Razor12911</li><li>At least 2 GB of free RAM (inc. virtual) required for installing this repack</li></ul><div ><div><h2>Game Description</h2></div><div ><b>Speedrun in hell! Inspired by SEUM, Dark Deception and DOOM!</b><p><b>Escape from Naraka</b> is a first-person action platformer with exotic Balinese themes. Taking huge inspiration from Balinese legends and local mythologies, the game makes you platform your way through a nightmarish temple. Every level will challenge you through several themed stages, each of which giving you new trials to complete. You will have to master the arts of dodging and timing to be able to survive! <b>What are you waiting for? Download it now and challenge yourself!</b></p><p><b><h3>Game Features</h3></b></p><ul><li>Exotic Balinese themed levels full of platforming challenges, traps, and adversities</li><li>Terrifying enemies that bar the way to your freedom</li><li>Unique abilities which are essential for your successful escape</li><li>3D scan technology was used to build this unique world, so most of the environmental assets exist in real life</li><li>Lots of secrets to uncover for those who are keen enough to find them</li><li>Leaderboards for each level and one for the complete run so you can see how you fare against others</li><li>Original soundtracks with Balinese instrument</li></ul></div></div>             </div>"
}