{
    "link": "https://fitgirl-repacks.site/europa-universalis-iv/",
    "title": "Europa Universalis IV \u2013 v1.32.0.0 (f507) Songhai + All DLCs + Bonus OSTs",
    "first_img": "https://i5.imageban.ru/out/2021/11/13/d7590740bcf8c800706c6560d5d07600.jpg",
    "second_img": "https://s01.riotpixels.net/data/04/0e/040e4b36-c2b1-454a-98f9-0eb11ae49a96.jpg.240p.jpg",
    "body": "<div ><h2>Europa Universalis IV \u2013 v1.32.0.0 (f507) Songhai + All DLCs + Bonus OSTs</h2><p ><div><a target=\"_blank\" href=\"https://en.riotpixels.com/games/europa-universalis-4-emperor/\" rel=\"noopener\"><img class=\"alignleft\" width=\"150\" src=\"https://i5.imageban.ru/out/2021/11/13/d7590740bcf8c800706c6560d5d07600.jpg\"></a></div><br>Genres/Tags: <strong>Strategy, Grand strategy, Top-down, 3D, Real-time</strong><br>Companies: <strong>Paradox Development Studio, Paradox Interactive</strong><br>Languages: <strong>ENG/MULTI4</strong><br>Original Size: <strong>3.2 GB</strong><br>Repack Size: <strong>2.3 GB</strong></p>&nbsp;<div>&nbsp;</div><h3>Download Mirrors</h3><ul><li><a href=\"https://1337x.to/torrent/5050745/Europa-Universalis-IV-v1-32-0-0-All-DLCs-Bonus-OSTs-MULTi4-FitGirl-Repack/\" target=\"_blank\" rel=\"noopener\">1337x</a> | [<a href=\"magnet:?xt=urn:btih:ED5DC80705634E1672A1F90353ADDF5AC11C9428&amp;dn=Europa+Universalis+IV+%28v1.32.0.0+%2B+All+DLCs%2FBonus+OSTs%2C+MULTi4%29+%5BFitGirl+Repack%5D&amp;tr=udp%3A%2F%2F46.148.18.250%3A2710&amp;tr=udp%3A%2F%2Fopentor.org%3A2710&amp;tr=udp%3A%2F%2Ftracker.coppersurfer.tk%3A6969%2Fannounce&amp;tr=udp%3A%2F%2Ftracker.opentrackr.org%3A1337%2Fannounce&amp;tr=http%3A%2F%2Ftracker.dler.org%3A6969%2Fannounce&amp;tr=udp%3A%2F%2Ftracker.leechers-paradise.org%3A6969%2Fannounce&amp;tr=udp%3A%2F%2F9.rarbg.me%3A2730%2Fannounce&amp;tr=udp%3A%2F%2F9.rarbg.to%3A2770%2Fannounce&amp;tr=udp%3A%2F%2Ftracker.pirateparty.gr%3A6969%2Fannounce&amp;tr=http%3A%2F%2Fretracker.local%2Fannounce&amp;tr=http%3A%2F%2Fretracker.ip.ncnet.ru%2Fannounce&amp;tr=udp%3A%2F%2Fexodus.desync.com%3A6969%2Fannounce&amp;tr=udp%3A%2F%2Fipv4.tracker.harry.lu%3A80%2Fannounce&amp;tr=udp%3A%2F%2Fopen.stealth.si%3A80%2Fannounce&amp;tr=udp%3A%2F%2Ftracker.zer0day.to%3A1337%2Fannounce&amp;tr=udp%3A%2F%2Ftracker.leechers-paradise.org%3A6969%2Fannounce&amp;tr=udp%3A%2F%2Fcoppersurfer.tk%3A6969%2Fannounce\">magnet</a>] [<a href=\"https://pastefg.hermietkreeft.site/?199e0c85b5eacb3a#6GMSX2y1p9pmxmxhJLCfin4hWKMSUHfvHqK1TXCwgCuz\" target=\"_blank\" rel=\"noopener\">.torrent file only</a>] <br><img src=\"https://torrent-stats.info/f903/48751018e.png\" style=\"display:block;clear:both\"></li><li><a href=\"https://tapochek.net/viewtopic.php?p=2812227\" target=\"_blank\" rel=\"noopener\">Tapochek.net</a></li><li><a href=\"https://pastefg.hermietkreeft.site/?af6bfda151898ae2#FRrnbzAhx4Am8FdSCDgFDBnmA27StJR5SJRp123GPKJW\" target=\"_blank\" rel=\"noopener\">Filehoster: MultiUpload</a> (10+ hosters, interchangeable) [Use <a href=\"http://jdownloader.org/jdownloader2\" target=\"_blank\" rel=\"noopener\">JDownloader2</a>]</li><li><a href=\"https://pastefg.hermietkreeft.site/?250a51016208cc4b#J38SreZzAAz9wQki3CH5idCrudxwfuy113poHeYcbpZZ\" target=\"_blank\" rel=\"noopener\">Filehoster: ZippyShare</a></li><li><a href=\"https://pastefg.hermietkreeft.site/?7765c3aa50d7eda3#65Ne7XUjsYcJeoCvxVEtWQXJDAiMaNsk3SegZwcXj1We\" target=\"_blank\" rel=\"noopener\">Filehoster: BayFiles</a></li><li><a href=\"https://pastefg.hermietkreeft.site/?e95b78b5ada135fd#7AK6suztket3eNAPqEkPVNi7Q6MMksbSs6f23HhX176z\" target=\"_blank\" rel=\"noopener\">Filehoster: LetsUpload</a> [Use <a href=\"http://jdownloader.org/jdownloader2\" target=\"_blank\" rel=\"noopener\">JDownloader2</a>]</li><li><a href=\"https://pastefg.hermietkreeft.site/?f22d63e394d39ed6#a6m1sxRnEqLFLBEMvdGkQUApEDgjbZ2tzhB3WHi3Dbg\" target=\"_blank\" rel=\"noopener\">Filehoster: OneDrive</a> (Uploaded by DyR0 t(-_-t), NOT compatible with other mirrors)</li><p><!--  <li><a href=\"\" target=\"_blank\" rel=\"noopener\">Filehosters: Google Drive, OneDrive + others</a> (Uploaded by crackhub213)</li>  --></p></ul><p><a href=\"https://cs.rin.ru/forum/viewtopic.php?f=10&amp;t=63384\" target=\"_blank\" rel=\"noopener\">Discussion and (possible) future updates on CS.RIN.RU thread</a></p><h3>Screenshots (Click to enlarge)</h3><p><a target=\"_blank\" href=\"https://en.riotpixels.com/games/europa-universalis-4-emperor/screenshots/12/?utm_source=emb-gfx-html&amp;utm_medium=image&amp;utm_campaign=rp-mass\" rel=\"noopener\"><img loading=\"lazy\" width=\"178\" height=\"100\" border=\"0\" src=\"https://s01.riotpixels.net/data/04/0e/040e4b36-c2b1-454a-98f9-0eb11ae49a96.jpg.240p.jpg\"></a><a target=\"_blank\" href=\"https://en.riotpixels.com/games/europa-universalis-4-emperor/screenshots/8/?utm_source=emb-gfx-html&amp;utm_medium=image&amp;utm_campaign=rp-mass\" rel=\"noopener\"><img loading=\"lazy\" width=\"178\" height=\"100\" border=\"0\" src=\"https://s01.riotpixels.net/data/c0/66/c0668b26-d4a4-4149-ba76-67f13470669f.jpg.240p.jpg\"></a><a target=\"_blank\" href=\"https://en.riotpixels.com/games/europa-universalis-4-emperor/screenshots/5/?utm_source=emb-gfx-html&amp;utm_medium=image&amp;utm_campaign=rp-mass\" rel=\"noopener\"><img loading=\"lazy\" width=\"178\" height=\"100\" border=\"0\" src=\"https://s01.riotpixels.net/data/bf/ee/bfeee724-9726-45f4-aaca-831451825488.jpg.240p.jpg\"></a><br><a target=\"_blank\" href=\"https://en.riotpixels.com/games/europa-universalis-4-emperor/screenshots/4/?utm_source=emb-gfx-html&amp;utm_medium=image&amp;utm_campaign=rp-mass\" rel=\"noopener\"><img loading=\"lazy\" width=\"178\" height=\"100\" border=\"0\" src=\"https://s01.riotpixels.net/data/68/ad/68ad3205-f30b-43ae-944b-c309b64813d1.jpg.240p.jpg\"></a><a target=\"_blank\" href=\"https://en.riotpixels.com/games/europa-universalis-4-emperor/screenshots/2/?utm_source=emb-gfx-html&amp;utm_medium=image&amp;utm_campaign=rp-mass\" rel=\"noopener\"><img loading=\"lazy\" width=\"178\" height=\"100\" border=\"0\" src=\"https://s01.riotpixels.net/data/20/59/20598c2d-2fb0-4b30-8402-f667f9486927.jpg.240p.jpg\"></a><a target=\"_blank\" href=\"https://en.riotpixels.com/games/europa-universalis-4-emperor/screenshots/1/?utm_source=emb-gfx-html&amp;utm_medium=image&amp;utm_campaign=rp-mass\" rel=\"noopener\"><img loading=\"lazy\" width=\"178\" height=\"100\" border=\"0\" src=\"https://s01.riotpixels.net/data/80/a0/80a0caeb-3a6a-4460-bf96-45b8222c1f9d.jpg.240p.jpg\"></a></p><h3>Repack Features</h3><ul><li>Based on Europa.Universalis.IV.Origins-CODEX ISO release: codex-europa.universalis.iv.origins.iso (3,383,558,144 bytes)</li><li>Game version is v1.32.0.0 (f507) Songhai; All released DLCs and bonus soundtracks are included</li><li>100% Lossless &amp; MD5 Perfect: all files are identical to originals after installation</li><li>NOTHING ripped, NOTHING re-encoded</li><li>Smaller archive size (compressed from 3.2 to 2.3 GB)</li><li>Installation takes 4-8 minutes (depending on your system)</li><li>After-install integrity check so you could make sure that everything installed properly</li><li>HDD space after installation: 5.1 GB</li><li>Use \u201cEdit game language.bat\u201d in game root to open \u201csettings.txt\u201d for editing of the game language</li><li>Repack uses XTool library by Razor12911</li><li>If you want to run the game via Paradox Launcher, install it during repack installation, then copy \u201clauncher-settings.json.for_launcher\u201d to \u201clauncher-settings.json\u201d and run the game via \u201cdowser.exe\u201d</li><li>At least 2 GB of free RAM (inc. virtual) required for installing this repack</li></ul><div ><div><h2>Game Description</h2></div><div >Fulfill Your Quest For Global Domination<p>Paradox Development Studio is back with the fourth installment of the award-winning Europa Universalis series. The empire building game Europa Universalis IV gives you control of a nation to guide through the years in order to create a dominant global empire. Rule your nation through the centuries, with unparalleled freedom, depth and historical accuracy. True exploration, trade, warfare and diplomacy will be brought to life in this epic title rife with rich strategic and tactical depth.</p><p><b>Included DLCs</b></p><ul><li>100 Years War Unit Pack</li><li>Horsemen of the Crescent Unit Pack</li><li>Winged Hussars Unit Pack</li><li>Star and Crescent DLC</li><li>American Dream DLC</li><li>Purple Phoenix</li><li>National Monuments</li><li>Conquest of Constantinople Music Pack</li><li>National Monuments II</li><li>Conquest of Paradise</li><li>Conquistadors Unit pack</li><li>Native Americans Unit Pack</li><li>Songs of the New World</li><li>Songs of Yuletide</li><li>Native Americans II Unit Pack</li><li>Colonial British and French Unit Pack</li><li>Muslim Advisor Portraits</li><li>Wealth of Nations</li><li>Muslim Ships Unit Pack</li><li>Trade Nations Unit Pack</li><li>Res Publica</li><li>Anthology of Alternate History</li><li>Indian Subcontinent Unit Pack</li><li>Indian Ships Unit Pack</li><li>Wealth of Nations E-book</li><li>Republican Music Pack</li><li>Art of War</li><li>Evangelical Union Unit Pack</li><li>Catholic League Unit Pack</li><li>Songs of War Music Pack</li><li>Guns, Drums and Steel Music Pack</li><li>Art of War Ebook</li><li>El Dorado</li><li>El Dorado Content Pack</li><li>Guns, Drums and Steel Volume 2</li><li>Common Sense</li><li>Women in History</li><li>Common Sense Content Pack</li><li>Common Sense E-Book</li><li>The Cossacks</li><li>The Cossacks Content Pack</li><li>Sounds from the community \u2013 Kairis Soundtrack</li><li>Catholic Majors Unit Pack</li><li>Sabaton Soundtrack</li><li>Mare Nostrum</li><li>Mare Nostrum Content Pack</li><li>Kairis Soundtrack Part II</li><li>Fredman\u2019s Epistles</li><li>Rights of Man</li><li>Rights of Man Content Pack</li><li>Fredman\u2019s Midsummer Epistles</li><li>Songs of Regency</li><li>Mandate of Heaven</li><li>Mandate of Heaven Content Pack</li><li>Evangelical Majors Unit Pack</li><li>Third Rome</li><li>The Rus Awakening</li><li>Cradle of Civilization</li><li>Cradle of Civilization Content Pack</li><li>Rule Britannia</li><li>Dharma</li><li>Dharma Content Pack</li><li>Golden Century</li><li>Imperator Unit Pack</li><li>Emperor</li><li>Emperor Content Pack</li><li>Leviathan</li><li>Origins</li></ul></div></div><p><b>Backwards compatibility</b></p><p>This repack IS NOT backwards compatible with my previous EU4 repacks.</p>             </div>"
}