{
    "link": "https://fitgirl-repacks.site/eximius-seize-the-frontline/",
    "title": "Eximius: Seize the Frontline \u2013 v1.1.0 (Season 2: Nemesis) + 5 DLCs*",
    "first_img": "https://i6.imageban.ru/out/2021/09/25/7d1dd9342892b13bd25a9edb47adb206.jpg",
    "second_img": "https://s01.riotpixels.net/data/31/6a/316addcc-1e91-4934-9108-f6b98fbe684e.jpg.240p.jpg",
    "body": "<div ><h2>Eximius: Seize the Frontline \u2013 v1.1.0 (Season 2: Nemesis) + 5 DLCs*</h2><p ><div><a target=\"_blank\" href=\"http://en.riotpixels.com/games/eximius-seize-the-frontline/\" rel=\"noopener\"><img class=\"alignleft\" width=\"150\" src=\"https://i6.imageban.ru/out/2021/09/25/7d1dd9342892b13bd25a9edb47adb206.jpg\"></a></div><br>Genres/Tags: <strong>Action, Shooter, Strategy, RTS, First-person, Top-down, 3D</strong><br>Company: <strong>Ammobox Studios</strong><br>Language: <strong>RUS/ENG/MULTi5</strong><br>Original Size: <strong>16.6 GB</strong><br>Repack Size: <strong>from 10.7 GB</strong> [Selective Download]</p>&nbsp;<div>&nbsp;</div><h3>Download Mirrors</h3><ul><li><a href=\"https://1337x.to/torrent/4995222/Eximius-Seize-the-Frontline-v1-1-0-Season-2-Nemesis-5-DLCs-MULTi5-FitGirl-Repack-Selective-Download-from-10-7-GB/\" target=\"_blank\" rel=\"noopener\">1337x</a> | [<a href=\"magnet:?xt=urn:btih:840CD3C45BD09BF6EDE1DEC237EC987AE9010631&amp;dn=Eximius%3A+Seize+the+Frontline+%28v1.1.0%2FSeason+2%3A+Nemesis+%2B+5+DLCs%2C+MULTi5%29+%5BFitGirl+Repack%2C+Selective+Download+-+from+10.7+GB%5D&amp;tr=udp%3A%2F%2F46.148.18.250%3A2710&amp;tr=udp%3A%2F%2Fopentor.org%3A2710&amp;tr=udp%3A%2F%2Ftracker.coppersurfer.tk%3A6969%2Fannounce&amp;tr=udp%3A%2F%2Ftracker.opentrackr.org%3A1337%2Fannounce&amp;tr=http%3A%2F%2Ftracker.dler.org%3A6969%2Fannounce&amp;tr=udp%3A%2F%2Ftracker.leechers-paradise.org%3A6969%2Fannounce&amp;tr=udp%3A%2F%2F9.rarbg.me%3A2730%2Fannounce&amp;tr=udp%3A%2F%2F9.rarbg.to%3A2770%2Fannounce&amp;tr=udp%3A%2F%2Ftracker.pirateparty.gr%3A6969%2Fannounce&amp;tr=http%3A%2F%2Fretracker.local%2Fannounce&amp;tr=http%3A%2F%2Fretracker.ip.ncnet.ru%2Fannounce&amp;tr=udp%3A%2F%2Fexodus.desync.com%3A6969%2Fannounce&amp;tr=udp%3A%2F%2Fipv4.tracker.harry.lu%3A80%2Fannounce&amp;tr=udp%3A%2F%2Fopen.stealth.si%3A80%2Fannounce&amp;tr=udp%3A%2F%2Ftracker.zer0day.to%3A1337%2Fannounce&amp;tr=udp%3A%2F%2Ftracker.leechers-paradise.org%3A6969%2Fannounce&amp;tr=udp%3A%2F%2Fcoppersurfer.tk%3A6969%2Fannounce\">magnet</a>] [<a href=\"https://pastefg.hermietkreeft.site/?da046ff2a842345c#BpkgtebSM8jsd59WptRusV5LwPPXP9Jq9ukCngyonvUd\" target=\"_blank\" rel=\"noopener\">.torrent file only</a>] <br><img src=\"https://torrent-stats.info/dec2/3fe39174a.png\" style=\"display:block;clear:both\"></li><li><a href=\"http://rutor.info/torrent/836140/eximius-seize-the-frontline-v-1.1.0-dlcs-2021-pc-repack-ot-fitgirl\" target=\"_blank\" rel=\"noopener\">RuTor</a> [<a href=\"magnet:?xt=urn:btih:840cd3c45bd09bf6ede1dec237ec987ae9010631&amp;dn=rutor.info_Eximius%3A+Seize+the+Frontline+%5Bv+1.1.0+%2B+DLCs%5D+%282021%29+PC+%7C+RePack+%D0%BE%D1%82+FitGirl&amp;tr=udp://opentor.net:6969&amp;tr=udp://opentor.org:2710&amp;tr=http://retracker.local/announce\">magnet</a>]</li><li><a href=\"https://tapochek.net/viewtopic.php?p=2802175\" target=\"_blank\" rel=\"noopener\">Tapochek.net</a></li><li><a href=\"https://pastefg.hermietkreeft.site/?ab9c03c5a5ccdb4d#6uJUX72gTGXumgKfmDEhpfUHKzN62AdnaGVzKgsofwLu\" target=\"_blank\" rel=\"noopener\">Filehoster: MultiUpload</a> (10+ hosters, interchangeable) [Use <a href=\"http://jdownloader.org/jdownloader2\" target=\"_blank\" rel=\"noopener\">JDownloader2</a>]</li><li><a href=\"https://pastefg.hermietkreeft.site/?eaa478a1b30f7aab#4iJ4sH7SVtKCkGgPQcNKgX7iSFXUHYqiW8wQaW34sV5Q\" target=\"_blank\" rel=\"noopener\">Filehoster: PixelDrain</a></li><li><a href=\"https://pastefg.hermietkreeft.site/?f3068f2323148e80#2N4XwPKwfqnvStcpo4AytvLDRqL4G9tJqaZM9NqeSrua\" target=\"_blank\" rel=\"noopener\">Filehoster: ZippyShare</a></li><li><a href=\"https://pastefg.hermietkreeft.site/?e590672d4820aada#CY1xJ3suh2wJJbKnyrMGFdBoNqbSzXzCZtjtWt6pTcMY\" target=\"_blank\" rel=\"noopener\">Filehoster: LetsUpload</a> [Use <a href=\"http://jdownloader.org/jdownloader2\" target=\"_blank\" rel=\"noopener\">JDownloader2</a>]</li><li><a href=\"https://pastefg.hermietkreeft.site/?bcad66930c28e039#4oLUzFZbFdgSLGFknNPHH65iM73NEyfg2rbCRA6C5i1U\" target=\"_blank\" rel=\"noopener\">Filehoster: OneDrive</a> (Uploaded by DyR0 t(-_-t), NOT compatible with other mirrors)</li></ul><p><a href=\"https://cs.rin.ru/forum/viewtopic.php?f=10&amp;t=92174&amp;p=2347815#p2347815\" target=\"_blank\" rel=\"noopener\">Discussion and (possible) future updates on CS.RIN.RU thread</a></p><h3>Screenshots (Click to enlarge)</h3><p><a target=\"_blank\" href=\"http://en.riotpixels.com/games/eximius-seize-the-frontline/screenshots/57/?utm_source=emb-gfx-html&amp;utm_medium=image&amp;utm_campaign=rp-mass\" rel=\"noopener\"><img loading=\"lazy\" width=\"178\" height=\"100\" border=\"0\" src=\"https://s01.riotpixels.net/data/31/6a/316addcc-1e91-4934-9108-f6b98fbe684e.jpg.240p.jpg\"></a><a target=\"_blank\" href=\"http://en.riotpixels.com/games/eximius-seize-the-frontline/screenshots/50/?utm_source=emb-gfx-html&amp;utm_medium=image&amp;utm_campaign=rp-mass\" rel=\"noopener\"><img loading=\"lazy\" width=\"189\" height=\"100\" border=\"0\" src=\"https://s01.riotpixels.net/data/b1/3b/b13b5b14-a12e-42c3-a568-16bc7af0736c.jpg.240p.jpg\"></a><a target=\"_blank\" href=\"http://en.riotpixels.com/games/eximius-seize-the-frontline/screenshots/43/?utm_source=emb-gfx-html&amp;utm_medium=image&amp;utm_campaign=rp-mass\" rel=\"noopener\"><img loading=\"lazy\" width=\"178\" height=\"100\" border=\"0\" src=\"https://s01.riotpixels.net/data/de/77/de775616-6797-4d20-a881-797db4180237.jpg.240p.jpg\"></a><br><a target=\"_blank\" href=\"http://en.riotpixels.com/games/eximius-seize-the-frontline/screenshots/42/?utm_source=emb-gfx-html&amp;utm_medium=image&amp;utm_campaign=rp-mass\" rel=\"noopener\"><img loading=\"lazy\" width=\"178\" height=\"100\" border=\"0\" src=\"https://s01.riotpixels.net/data/25/96/25962ca1-f726-4090-af5f-b6b45d71cfbb.jpg.240p.jpg\"></a><a target=\"_blank\" href=\"http://en.riotpixels.com/games/eximius-seize-the-frontline/screenshots/37/?utm_source=emb-gfx-html&amp;utm_medium=image&amp;utm_campaign=rp-mass\" rel=\"noopener\"><img loading=\"lazy\" width=\"178\" height=\"100\" border=\"0\" src=\"https://s01.riotpixels.net/data/22/38/22381f47-d0fd-4b00-93ad-0d0360bf2030.jpg.240p.jpg\"></a><a target=\"_blank\" href=\"http://en.riotpixels.com/games/eximius-seize-the-frontline/screenshots/33/?utm_source=emb-gfx-html&amp;utm_medium=image&amp;utm_campaign=rp-mass\" rel=\"noopener\"><img loading=\"lazy\" width=\"178\" height=\"100\" border=\"0\" src=\"https://s01.riotpixels.net/data/f7/d0/f7d0ac4a-5215-4c32-aa32-9159a5832c48.jpg.240p.jpg\"></a></p><h3>Repack Features</h3><ul><li>Based on Eximius.Seize.the.Frontline.Nemesis-PLAZA ISO release: plaza-eximius.seize.the.frontline.nemesis.iso (17,864,982,528 bytes)</li><li>Game version is v1.1.0 (Season 2: Nemesis); 5 DLCs are included and activated; Please note, that bonus soundtrack, which is a part of those DLCs, IS NOT included</li><li>100% Lossless &amp; MD5 Perfect: all files are identical to originals after installation</li><li>NOTHING ripped, NOTHING re-encoded</li><li>Selective Download feature: you may skip downloading and installing of useless game files (PDB/webm)</li><li>Significantly smaller archive size (compressed from 16.6 to 10.7/11.4 GB)</li><li>Installation takes 3-7 minutes (depending on your system)</li><li>After-install integrity check so you could make sure that everything installed properly</li><li>HDD space after installation: up to 30.8 GB</li><li>Repack uses XTool library by Razor12911</li><li>At least 2 GB of free RAM (inc. virtual) required for installing this repack</li></ul><div ><div><h2>Game Description</h2></div><div >Eximius combines tactical First Person Shooter gameplay with high level strategic decision-making of a Real-time Strategy(RTS) game. The game features a competitive 5v5 team battles where players square off in a post apocalyptic urban environment.<p>Play as a Commander ( RTS ) ; build base, train an army and call down support abilities to help your allies on the ground to gain territory.</p><p>Play as an Officer ( FPS ) ; lead your infantry squad into combat and crush your enemies with your agile tactics or brute force. Capture resources for your team, upgrade weapons and equip battlesuits suitable for your combat role.</p><p><b>Included DLCs</b></p><ul><li>Weapons of War</li><li>The Unseen</li><li>The Hardened</li><li>Kings of Frontline</li><li>Signs of Destiny</li></ul><p>Please note, that bonus soundtrack, which is a part of those DLCs, IS NOT included.</p></div></div><p><b>Backwards Compatibility</b></p><p>This repack is partially backwards compatible with my previous Eximius repack. You can rehash fg-02.bin and save 1.2 GB of traffic.</p>             </div>"
}