{
    "link": "https://fitgirl-repacks.site/exo-one/",
    "title": "Exo One \u2013 v21.11.18.1756",
    "first_img": "https://i6.imageban.ru/out/2021/11/21/6ac38cdabe8a180163d7bdc4773ff129.jpg",
    "second_img": "https://s01.riotpixels.net/data/8c/29/8c29ab07-6575-4e39-a44a-5c1d4ae30c24.jpg.240p.jpg",
    "body": "<div ><h2>Exo One \u2013 v21.11.18.1756</h2><p ><div><a target=\"_blank\" href=\"https://en.riotpixels.com/games/exo-one/\" rel=\"noopener\"><img class=\"alignleft\" width=\"150\" src=\"https://i6.imageban.ru/out/2021/11/21/6ac38cdabe8a180163d7bdc4773ff129.jpg\"></a></div><br>Genres/Tags: <strong>Exploration, Third-person, 3D</strong><br>Companies: <strong>Exbleative, Future Friends Games</strong><br>Languages: <strong>RUS/ENG/MULTI9</strong><br><strong style=\"color:red\">This game requires Windows 10+ to run</strong><br>Original Size: <strong>1.9 GB</strong><br>Repack Size: <strong>1.4 GB</strong></p>&nbsp;<div>&nbsp;</div><h3>Download Mirrors</h3><ul><li><a href=\"https://1337x.to/torrent/5059734/Exo-One-v21-11-18-1756-MULTi9-FitGirl-Repack/\" target=\"_blank\" rel=\"noopener\">1337x</a> | [<a href=\"magnet:?xt=urn:btih:C3B13917B6983C9984FBC521DE8680E1D91B33EF&amp;dn=Exo+One+%28v21.11.18.1756%2C+MULTi9%29+%5BFitGirl+Repack%5D&amp;tr=udp%3A%2F%2F46.148.18.250%3A2710&amp;tr=udp%3A%2F%2Fopentor.org%3A2710&amp;tr=udp%3A%2F%2Ftracker.coppersurfer.tk%3A6969%2Fannounce&amp;tr=udp%3A%2F%2Ftracker.opentrackr.org%3A1337%2Fannounce&amp;tr=http%3A%2F%2Ftracker.dler.org%3A6969%2Fannounce&amp;tr=udp%3A%2F%2Ftracker.leechers-paradise.org%3A6969%2Fannounce&amp;tr=udp%3A%2F%2F9.rarbg.me%3A2730%2Fannounce&amp;tr=udp%3A%2F%2F9.rarbg.to%3A2770%2Fannounce&amp;tr=udp%3A%2F%2Ftracker.pirateparty.gr%3A6969%2Fannounce&amp;tr=http%3A%2F%2Fretracker.local%2Fannounce&amp;tr=http%3A%2F%2Fretracker.ip.ncnet.ru%2Fannounce&amp;tr=udp%3A%2F%2Fexodus.desync.com%3A6969%2Fannounce&amp;tr=udp%3A%2F%2Fipv4.tracker.harry.lu%3A80%2Fannounce&amp;tr=udp%3A%2F%2Fopen.stealth.si%3A80%2Fannounce&amp;tr=udp%3A%2F%2Ftracker.zer0day.to%3A1337%2Fannounce&amp;tr=udp%3A%2F%2Ftracker.leechers-paradise.org%3A6969%2Fannounce&amp;tr=udp%3A%2F%2Fcoppersurfer.tk%3A6969%2Fannounce\">magnet</a>] [<a href=\"https://pastefg.hermietkreeft.site/?d1e262e11b542d78#8mDPPFkpbJQ3FgShbxBtJijXU3gfKbrmeXYq1oL2qip6\" target=\"_blank\" rel=\"noopener\">.torrent file only</a>] <br><img src=\"https://torrent-stats.info/c521/398192c01.png\" style=\"display:block;clear:both\"></li><li><a href=\"http://rutor.info/torrent/846881/exo-one-v21.11.18.1756-2021-pc-repack-ot-fitgirl\" target=\"_blank\" rel=\"noopener\">RuTor</a> [<a href=\"magnet:?xt=urn:btih:c3b13917b6983c9984fbc521de8680e1d91b33ef&amp;dn=rutor.info_Exo+One+%5Bv21.11.18.1756%5D+%282021%29+PC+%7C+RePack+%D0%BE%D1%82+FitGirl&amp;tr=udp://opentor.net:6969&amp;tr=udp://opentor.org:2710&amp;tr=http://retracker.local/announce\">magnet</a>]</li><li><a href=\"https://tapochek.net/viewtopic.php?p=2813880\" target=\"_blank\" rel=\"noopener\">Tapochek.net</a></li><li><a href=\"https://pastefg.hermietkreeft.site/?13da4bbb099e79e6#GRoDm4Jdkw3ASrPkbBetZwVmXeorkuqB6ZkNC7ntmpok\" target=\"_blank\" rel=\"noopener\">Filehoster: MultiUpload</a> (10+ hosters, interchangeable) [Use <a href=\"http://jdownloader.org/jdownloader2\" target=\"_blank\" rel=\"noopener\">JDownloader2</a>]</li><li><a href=\"https://pastefg.hermietkreeft.site/?a302117060e118e0#EtRoR3RyTN1vTrmQXXBAfTKG9tCLaSy3XCibuASyoH6t\" target=\"_blank\" rel=\"noopener\">Filehoster: ZippyShare</a></li><li><a href=\"https://pastefg.hermietkreeft.site/?b0b3e4f60d886341#GdAhweHUnYQwX4W3QSJsDSk64GbirKVuBvrpcibo4Z5b\" target=\"_blank\" rel=\"noopener\">Filehoster: BayFiles</a></li><li><a href=\"https://pastefg.hermietkreeft.site/?392f5b670263ad81#FtWCMiHFfQrRJv1EciT6HTqz1bDDUi2YQV8cSRAKkfKS\" target=\"_blank\" rel=\"noopener\">Filehoster: LetsUpload</a> [Use <a href=\"http://jdownloader.org/jdownloader2\" target=\"_blank\" rel=\"noopener\">JDownloader2</a>]</li><li><a href=\"https://pastefg.hermietkreeft.site/?8ae0c3bce8340331#8DSuom8X4ZxQK7KiZG3fFbRuJQ8ZsAYFEv5yktoWTCeH\" target=\"_blank\" rel=\"noopener\">Filehoster: OneDrive</a> (Uploaded by DyR0 t(-_-t), NOT compatible with other mirrors)</li><p><!--  <li><a href=\"\" target=\"_blank\" rel=\"noopener\">Filehosters: Google Drive, OneDrive + others</a> (Uploaded by crackhub213)</li>  --></p></ul><p><a href=\"https://cs.rin.ru/forum/viewtopic.php?f=10&amp;t=102372\" target=\"_blank\" rel=\"noopener\">Discussion and (possible) future updates on CS.RIN.RU thread</a></p><h3>Screenshots (Click to enlarge)</h3><p><a target=\"_blank\" href=\"https://en.riotpixels.com/games/exo-one/screenshots/11/?utm_source=emb-gfx-html&amp;utm_medium=image&amp;utm_campaign=rp-mass\" rel=\"noopener\"><img loading=\"lazy\" width=\"178\" height=\"100\" border=\"0\" src=\"https://s01.riotpixels.net/data/8c/29/8c29ab07-6575-4e39-a44a-5c1d4ae30c24.jpg.240p.jpg\"></a><a target=\"_blank\" href=\"https://en.riotpixels.com/games/exo-one/screenshots/8/?utm_source=emb-gfx-html&amp;utm_medium=image&amp;utm_campaign=rp-mass\" rel=\"noopener\"><img loading=\"lazy\" width=\"178\" height=\"100\" border=\"0\" src=\"https://s01.riotpixels.net/data/a3/2b/a32b1af0-0dff-4a55-85ad-682d08af32dc.jpg.240p.jpg\"></a><a target=\"_blank\" href=\"https://en.riotpixels.com/games/exo-one/screenshots/7/?utm_source=emb-gfx-html&amp;utm_medium=image&amp;utm_campaign=rp-mass\" rel=\"noopener\"><img loading=\"lazy\" width=\"178\" height=\"100\" border=\"0\" src=\"https://s01.riotpixels.net/data/08/9a/089a08ec-d6ce-4569-8eb6-5c82772edeaa.jpg.240p.jpg\"></a><br><a target=\"_blank\" href=\"https://en.riotpixels.com/games/exo-one/screenshots/6/?utm_source=emb-gfx-html&amp;utm_medium=image&amp;utm_campaign=rp-mass\" rel=\"noopener\"><img loading=\"lazy\" width=\"178\" height=\"100\" border=\"0\" src=\"https://s01.riotpixels.net/data/b2/3a/b23aa795-c590-4083-aca3-103360a0e755.jpg.240p.jpg\"></a><a target=\"_blank\" href=\"https://en.riotpixels.com/games/exo-one/screenshots/5/?utm_source=emb-gfx-html&amp;utm_medium=image&amp;utm_campaign=rp-mass\" rel=\"noopener\"><img loading=\"lazy\" width=\"178\" height=\"100\" border=\"0\" src=\"https://s01.riotpixels.net/data/8a/91/8a91e382-8123-4115-ada8-56e4c772293b.jpg.240p.jpg\"></a><a target=\"_blank\" href=\"https://en.riotpixels.com/games/exo-one/screenshots/4/?utm_source=emb-gfx-html&amp;utm_medium=image&amp;utm_campaign=rp-mass\" rel=\"noopener\"><img loading=\"lazy\" width=\"178\" height=\"100\" border=\"0\" src=\"https://s01.riotpixels.net/data/6f/46/6f46eda4-fa8a-4e5b-aedd-53fe4da22122.jpg.240p.jpg\"></a></p><h3>Repack Features</h3><ul><li>Based on Exo.One-CODEX ISO release: codex-exo.one.iso (2,033,123,328 bytes)</li><li>100% Lossless &amp; MD5 Perfect: all files are identical to originals after installation</li><li>NOTHING ripped, NOTHING re-encoded</li><li>Smaller archive size (compressed from 1.9 to 1.4 GB)</li><li>Installation takes two minutes</li><li>After-install integrity check so you could make sure that everything installed properly</li><li>HDD space after installation: 3.3 GB</li><li>Language can be changed in game settings</li><li>At least 2 GB of free RAM (inc. virtual) required for installing this repack</li></ul><div ><div><h2>Game Description</h2></div><div ><b>A STRANGE SIGNAL</b><br>On the anniversary of the Jupiter disaster, an alien signal transmits construction blueprints for an alien craft, which humanity builds, called Exo One.<p><b>AN ALIEN CRAFT</b><br>Master a truly alien traversal system and move through enigmatic and desolate alien landscapes in ways you\u2019ve never experienced. Control gravity itself and build momentum to reach colossal speeds and exhilarating heights.</p><p><b>AN INTERPLANETARY JOURNEY</b><br>Ride thermal updrafts into boiling cloud formations, careen down hillsides and launch off mountain tops, all the time drifting toward the shining blue beam on the horizon. Atmospheric, diffused visuals are merged with otherworldly sound effects and a hypnotic electric guitar soundtrack.</p><p>Pilot your craft on mankind\u2019s first voyage outside the solar system, and go on an interplanetary journey across space and time.</p></div></div>             </div>"
}