{
    "link": "https://fitgirl-repacks.site/exodus-borealis/",
    "title": "Exodus Borealis",
    "first_img": "https://i7.imageban.ru/out/2021/11/19/11dacb3db8139402542df4d83ebce5bb.jpg",
    "second_img": "https://s01.riotpixels.net/data/fc/a4/fca403f0-f535-4d25-b7b9-76f9fd16cde9.jpg.240p.jpg",
    "body": "<div ><h2>Exodus Borealis</h2><p ><div><a target=\"_blank\" href=\"https://en.riotpixels.com/games/exodus-borealis/\" rel=\"noopener\"><img class=\"alignleft\" width=\"150\" src=\"https://i7.imageban.ru/out/2021/11/19/11dacb3db8139402542df4d83ebce5bb.jpg\"></a></div><br>Genres/Tags: <strong>Managerial, Tower defense, Isometric, 3D</strong><br>Company: <strong>Smug Marmot Studios</strong><br>Languages: <strong>ENG/MULTI3</strong><br>Original Size: <strong>3.2 GB</strong><br>Repack Size: <strong>1.9 GB</strong></p>&nbsp;<div>&nbsp;</div><h3>Download Mirrors</h3><ul><li><a href=\"https://1337x.to/torrent/5057687/Exodus-Borealis-MULTi3-FitGirl-Repack/\" target=\"_blank\" rel=\"noopener\">1337x</a> | [<a href=\"magnet:?xt=urn:btih:13CEEB164A63F489CFF7AC7F57C4F868FE13EB92&amp;dn=Exodus+Borealis+%28MULTi3%29+%5BFitGirl+Repack%5D&amp;tr=udp%3A%2F%2F46.148.18.250%3A2710&amp;tr=udp%3A%2F%2Fopentor.org%3A2710&amp;tr=udp%3A%2F%2Ftracker.coppersurfer.tk%3A6969%2Fannounce&amp;tr=udp%3A%2F%2Ftracker.opentrackr.org%3A1337%2Fannounce&amp;tr=http%3A%2F%2Ftracker.dler.org%3A6969%2Fannounce&amp;tr=udp%3A%2F%2Ftracker.leechers-paradise.org%3A6969%2Fannounce&amp;tr=udp%3A%2F%2F9.rarbg.me%3A2730%2Fannounce&amp;tr=udp%3A%2F%2F9.rarbg.to%3A2770%2Fannounce&amp;tr=udp%3A%2F%2Ftracker.pirateparty.gr%3A6969%2Fannounce&amp;tr=http%3A%2F%2Fretracker.local%2Fannounce&amp;tr=http%3A%2F%2Fretracker.ip.ncnet.ru%2Fannounce&amp;tr=udp%3A%2F%2Fexodus.desync.com%3A6969%2Fannounce&amp;tr=udp%3A%2F%2Fipv4.tracker.harry.lu%3A80%2Fannounce&amp;tr=udp%3A%2F%2Fopen.stealth.si%3A80%2Fannounce&amp;tr=udp%3A%2F%2Ftracker.zer0day.to%3A1337%2Fannounce&amp;tr=udp%3A%2F%2Ftracker.leechers-paradise.org%3A6969%2Fannounce&amp;tr=udp%3A%2F%2Fcoppersurfer.tk%3A6969%2Fannounce\">magnet</a>] [<a href=\"https://pastefg.hermietkreeft.site/?274eefeb77002667#BYeap1s4YyNh9Fc6FEzq66DWzUmqP7hFA8Z46oLRY3LY\" target=\"_blank\" rel=\"noopener\">.torrent file only</a>] <br><img src=\"https://torrent-stats.info/ac7f/324a3f657.png\" style=\"display:block;clear:both\"></li><li><a href=\"https://tapochek.net/viewtopic.php?p=2813517\" target=\"_blank\" rel=\"noopener\">Tapochek.net</a></li><li><a href=\"https://pastefg.hermietkreeft.site/?2e5480af438eb6ff#FAhPGGHCxiYDi5F5FAiNeyrE8vDEpjeWsrzUBELJdUjw\" target=\"_blank\" rel=\"noopener\">Filehoster: MultiUpload</a> (10+ hosters, interchangeable) [Use <a href=\"http://jdownloader.org/jdownloader2\" target=\"_blank\" rel=\"noopener\">JDownloader2</a>]</li><li><a href=\"https://pastefg.hermietkreeft.site/?062d8cba012377d9#4SQwjDUwjBV6RzRK1XDPK8VjuD3Z1rzRzdgVDUshp3FM\" target=\"_blank\" rel=\"noopener\">Filehoster: ZippyShare</a></li><li><a href=\"https://pastefg.hermietkreeft.site/?d0882cf027841ef7#3WKZ4CcEEdpMasRykkbz5iaVksbM6HK3zi6F3whqzFCQ\" target=\"_blank\" rel=\"noopener\">Filehoster: BayFiles</a></li><li><a href=\"https://pastefg.hermietkreeft.site/?99f229369d824409#BQD8qzeFuuNL4cpZfKxoCEHmys8QzkAPcoLpxgWmwSga\" target=\"_blank\" rel=\"noopener\">Filehoster: LetsUpload</a> [Use <a href=\"http://jdownloader.org/jdownloader2\" target=\"_blank\" rel=\"noopener\">JDownloader2</a>]</li><li><a href=\"https://pastefg.hermietkreeft.site/?cb4ea900dbaefea4#6deCeTKPiCUUwzm1DjgWu969yHKP54UmcibnsKJQpg7H\" target=\"_blank\" rel=\"noopener\">Filehoster: OneDrive</a> (Uploaded by DyR0 t(-_-t), NOT compatible with other mirrors)</li><p><!--  <li><a href=\"\" target=\"_blank\" rel=\"noopener\">Filehosters: Google Drive, OneDrive + others</a> (Uploaded by crackhub213)</li>  --></p></ul><p><a href=\"https://cs.rin.ru/forum/viewtopic.php?f=10&amp;t=114325\" target=\"_blank\" rel=\"noopener\">Discussion and (possible) future updates on CS.RIN.RU thread</a></p><h3>Screenshots (Click to enlarge)</h3><p><a target=\"_blank\" href=\"https://en.riotpixels.com/games/exodus-borealis/screenshots/7/?utm_source=emb-gfx-html&amp;utm_medium=image&amp;utm_campaign=rp-mass\" rel=\"noopener\"><img loading=\"lazy\" width=\"178\" height=\"100\" border=\"0\" src=\"https://s01.riotpixels.net/data/fc/a4/fca403f0-f535-4d25-b7b9-76f9fd16cde9.jpg.240p.jpg\"></a><a target=\"_blank\" href=\"https://en.riotpixels.com/games/exodus-borealis/screenshots/6/?utm_source=emb-gfx-html&amp;utm_medium=image&amp;utm_campaign=rp-mass\" rel=\"noopener\"><img loading=\"lazy\" width=\"178\" height=\"100\" border=\"0\" src=\"https://s01.riotpixels.net/data/a0/b2/a0b2dd6b-8007-4b9c-9f9c-9300c312eb4d.jpg.240p.jpg\"></a><a target=\"_blank\" href=\"https://en.riotpixels.com/games/exodus-borealis/screenshots/5/?utm_source=emb-gfx-html&amp;utm_medium=image&amp;utm_campaign=rp-mass\" rel=\"noopener\"><img loading=\"lazy\" width=\"178\" height=\"100\" border=\"0\" src=\"https://s01.riotpixels.net/data/14/8a/148a9af7-0c19-4563-a123-d67763a76b42.jpg.240p.jpg\"></a><br><a target=\"_blank\" href=\"https://en.riotpixels.com/games/exodus-borealis/screenshots/3/?utm_source=emb-gfx-html&amp;utm_medium=image&amp;utm_campaign=rp-mass\" rel=\"noopener\"><img loading=\"lazy\" width=\"178\" height=\"100\" border=\"0\" src=\"https://s01.riotpixels.net/data/63/09/6309a2ad-5c83-4fa5-803e-2454b1e8e370.jpg.240p.jpg\"></a><a target=\"_blank\" href=\"https://en.riotpixels.com/games/exodus-borealis/screenshots/2/?utm_source=emb-gfx-html&amp;utm_medium=image&amp;utm_campaign=rp-mass\" rel=\"noopener\"><img loading=\"lazy\" width=\"178\" height=\"100\" border=\"0\" src=\"https://s01.riotpixels.net/data/d3/15/d315f61a-5446-489a-882e-698639abbd0b.jpg.240p.jpg\"></a><a target=\"_blank\" href=\"https://en.riotpixels.com/games/exodus-borealis/screenshots/1/?utm_source=emb-gfx-html&amp;utm_medium=image&amp;utm_campaign=rp-mass\" rel=\"noopener\"><img loading=\"lazy\" width=\"178\" height=\"100\" border=\"0\" src=\"https://s01.riotpixels.net/data/ec/9a/ec9aadb1-db98-4f2d-89fa-cbbeec70b76a.jpg.240p.jpg\"></a></p><h3>Repack Features</h3><ul><li>Based on Exodus.Borealis-PLAZA ISO release: plaza-exodus.borealis.iso (3,451,060,224 bytes)</li><li>100% Lossless &amp; MD5 Perfect: all files are identical to originals after installation</li><li>NOTHING ripped, NOTHING re-encoded</li><li>Significantly smaller archive size (compressed from 3.2 to 1.9 GB)</li><li>Installation takes 3-4 minutes</li><li>After-install integrity check so you could make sure that everything installed properly</li><li>HDD space after installation: 5.6 GB</li><li>Language can be changed in game settings</li><li>At least 2 GB of free RAM (inc. virtual) required for installing this repack</li></ul><div ><div><h2>Game Description</h2></div><div >A community of Vupfox have fled their homeland to seek refuge across the perilous north sea. Only a few are fortunate to survive the journey and have crashed upon an unknown island. This fertile isle offers sanctuary, a chance to rebuild. But something is not right; any attempt to sail away results in crashing back upon the island. Ominously, along the backside in the cliffs, lies a narrow slot canyon. A menacing arch sits at the canyon\u2019s entrance.<p>In this city builder and tower defense strategy game, it is up to you to guide the few remaining survivors. Progress from from just hoping to survive to ultimately overcoming the challenges with an efficient and prospering society. Design new settlements, task the colonists with jobs, manage resources, and architect a defense that can protect from the whatever comes from beyond the gate.</p><p><b><h3>Game Features</h3></b></p><ul><li><b>Settle the islands:</b> Build your way across 6 hand-crafted islands.</li><li><b>Survive the environment:</b> Each day, season, and generation faces tough challenges to overcome.</li><li><b>Research:</b> New buildings, resources, and citizen efficiencies will have to be researched in order to face the trials ahead.</li><li><b>Construct a production machine:</b> Balance building construction, jobs, research, resources, and citizen needs to create an effective society.</li><li><b>Maze the invaders:</b> The invading forces blindly seek their targets to destroy. Use this to your advantage and create a clever labyrinth to maximize damage.</li><li><b>Make use of the elemental gems:</b> Mining the island has unveiled powerful elemental gems. These gems can be used by an array of offensive towers, applying unique elemental effects to the invading forces. Conversely the elemental gems can be applied to boosts towers, applying unique buffs to nearby towers.</li><li><b>Master elemental synergy and nullification strategy:</b> Elements boost the effect of neighboring elemental damage effects, while nullifying opposing elements. Strategic use and placement of these elements will be paramount to creating a dominate defense.</li></ul></div></div>             </div>"
}