{
    "link": "https://fitgirl-repacks.site/f-i-s-t-forged-in-shadow-torch/",
    "title": "F.I.S.T.: Forged In Shadow Torch \u2013 v1.004 + Windows 7 Fix",
    "first_img": "https://i1.imageban.ru/out/2021/10/04/72b4b714d1fdc90a481152246eb3f522.jpg",
    "second_img": "https://s01.riotpixels.net/data/62/0b/620b25cb-31a1-46f1-8fa7-db59ec5407b5.jpg.240p.jpg",
    "body": "<div ><h2>F.I.S.T.: Forged In Shadow Torch \u2013 v1.004 + Windows 7 Fix</h2><p ><div><a target=\"_blank\" href=\"https://en.riotpixels.com/games/f-i-s-t-forged-in-shadow-torch/\" rel=\"noopener\"><img class=\"alignleft\" width=\"150\" src=\"https://i1.imageban.ru/out/2021/10/04/72b4b714d1fdc90a481152246eb3f522.jpg\"></a></div><br>Genres/Tags: <strong>Arcade, Action, Platform adventure, Beat \u2019em up (Brawler), Side, 3D</strong><br>Companies: <strong>TiGames, Antiidelay</strong><br>Languages: <strong>RUS/ENG/MULTI9</strong><br>Original Size: <strong>20.7 GB</strong><br>Repack Size: <strong>13.1 GB</strong></p>&nbsp;<div>&nbsp;</div><h3>Download Mirrors</h3><ul><li><a href=\"https://1337x.to/torrent/5006075/F-I-S-T-Forged-In-Shadow-Torch-v1-004-Windows-7-Fix-MULTi9-FitGirl-Repack/\" target=\"_blank\" rel=\"noopener\">1337x</a> | [<a href=\"magnet:?xt=urn:btih:186C25E8A2DD6F2D28AC36BE1E80E7961036B9B3&amp;dn=F.I.S.T.%3A+Forged+In+Shadow+Torch+%28v1.004+%2B+Windows+7+Fix%2C+MULTi9%29+%5BFitGirl+Repack%5D&amp;tr=udp%3A%2F%2F46.148.18.250%3A2710&amp;tr=udp%3A%2F%2Fopentor.org%3A2710&amp;tr=udp%3A%2F%2Ftracker.coppersurfer.tk%3A6969%2Fannounce&amp;tr=udp%3A%2F%2Ftracker.opentrackr.org%3A1337%2Fannounce&amp;tr=http%3A%2F%2Ftracker.dler.org%3A6969%2Fannounce&amp;tr=udp%3A%2F%2Ftracker.leechers-paradise.org%3A6969%2Fannounce&amp;tr=udp%3A%2F%2F9.rarbg.me%3A2730%2Fannounce&amp;tr=udp%3A%2F%2F9.rarbg.to%3A2770%2Fannounce&amp;tr=udp%3A%2F%2Ftracker.pirateparty.gr%3A6969%2Fannounce&amp;tr=http%3A%2F%2Fretracker.local%2Fannounce&amp;tr=http%3A%2F%2Fretracker.ip.ncnet.ru%2Fannounce&amp;tr=udp%3A%2F%2Fexodus.desync.com%3A6969%2Fannounce&amp;tr=udp%3A%2F%2Fipv4.tracker.harry.lu%3A80%2Fannounce&amp;tr=udp%3A%2F%2Fopen.stealth.si%3A80%2Fannounce&amp;tr=udp%3A%2F%2Ftracker.zer0day.to%3A1337%2Fannounce&amp;tr=udp%3A%2F%2Ftracker.leechers-paradise.org%3A6969%2Fannounce&amp;tr=udp%3A%2F%2Fcoppersurfer.tk%3A6969%2Fannounce\">magnet</a>] [<a href=\"https://pastefg.hermietkreeft.site/?acce9469f014b8cb#GVAGenLBm7juCKAqH75xQZGyqWzPpGCBZQB5aobqZaAD\" target=\"_blank\" rel=\"noopener\">.torrent file only</a>] <br><img src=\"https://torrent-stats.info/36be/fbc3a7c4.png\" style=\"display:block;clear:both\"></li><li><a href=\"http://rutor.info/torrent/837871/f.i.s.t-forged-in-shadow-torch-v-1.004-windows-7-fix-2021-pc-repack-ot-fitgirl\" target=\"_blank\" rel=\"noopener\">RuTor</a> [<a href=\"magnet:?xt=urn:btih:186c25e8a2dd6f2d28ac36be1e80e7961036b9b3&amp;dn=rutor.info_F.I.S.T.%3A+Forged+In+Shadow+Torch+%5Bv+1.004+%2B+Windows+7+Fix%5D+%282021%29+PC+%7C+RePack+%D0%BE%D1%82+FitGirl&amp;tr=udp://opentor.net:6969&amp;tr=udp://opentor.org:2710&amp;tr=http://retracker.local/announce\">magnet</a>]</li><li><a href=\"https://tapochek.net/viewtopic.php?p=2804096\" target=\"_blank\" rel=\"noopener\">Tapochek.net</a></li><li><a href=\"https://pastefg.hermietkreeft.site/?97a13dec6a984899#8bVKSLb6ro5ua8Cx1G5iD6EDZdSDpSkwqwGVjYaev54J\" target=\"_blank\" rel=\"noopener\">Filehoster: MultiUpload</a> (10+ hosters, interchangeable) [Use <a href=\"http://jdownloader.org/jdownloader2\" target=\"_blank\" rel=\"noopener\">JDownloader2</a>]</li><li><a href=\"https://pastefg.hermietkreeft.site/?4a65dc04b64c370b#41d4z1SPt288dJi9qkk5cp1asaAZi8eC1RMyumGzicC7\" target=\"_blank\" rel=\"noopener\">Filehoster: PixelDrain</a></li><li><a href=\"https://pastefg.hermietkreeft.site/?fafd48bb3eb7d4bb#H87oYj8cGorknaCL9xyXEZTaRtTbRMPtvzzWBSGEJ7fF\" target=\"_blank\" rel=\"noopener\">Filehoster: ZippyShare</a></li><li><a href=\"https://pastefg.hermietkreeft.site/?cb0012697f513107#EvLvDPwGf8YTaBDtNmq8ACjxsDQpEq9dvYZhfiKwNxEA\" target=\"_blank\" rel=\"noopener\">Filehoster: LetsUpload</a> [Use <a href=\"http://jdownloader.org/jdownloader2\" target=\"_blank\" rel=\"noopener\">JDownloader2</a>]</li><li><a href=\"https://pastefg.hermietkreeft.site/?3231574920ed6ef4#5192rCxpXSE8robKkJdNkjafmgGMiDSo2GX17CjB3kr\" target=\"_blank\" rel=\"noopener\">Filehoster: OneDrive</a> (Uploaded by DyR0 t(-_-t), NOT compatible with other mirrors)</li></ul><p><a href=\"https://cs.rin.ru/forum/viewtopic.php?f=10&amp;t=106427\" target=\"_blank\" rel=\"noopener\">Discussion and (possible) future updates on CS.RIN.RU thread</a></p><h3>Screenshots (Click to enlarge)</h3><p><a target=\"_blank\" href=\"https://en.riotpixels.com/games/f-i-s-t-forged-in-shadow-torch/screenshots/18/?utm_source=emb-gfx-html&amp;utm_medium=image&amp;utm_campaign=rp-mass\" rel=\"noopener\"><img loading=\"lazy\" width=\"178\" height=\"100\" border=\"0\" src=\"https://s01.riotpixels.net/data/62/0b/620b25cb-31a1-46f1-8fa7-db59ec5407b5.jpg.240p.jpg\"></a><a target=\"_blank\" href=\"https://en.riotpixels.com/games/f-i-s-t-forged-in-shadow-torch/screenshots/15/?utm_source=emb-gfx-html&amp;utm_medium=image&amp;utm_campaign=rp-mass\" rel=\"noopener\"><img loading=\"lazy\" width=\"178\" height=\"100\" border=\"0\" src=\"https://s01.riotpixels.net/data/21/b0/21b0f507-9ce0-4377-be46-c63239c93e24.jpg.240p.jpg\"></a><a target=\"_blank\" href=\"https://en.riotpixels.com/games/f-i-s-t-forged-in-shadow-torch/screenshots/10/?utm_source=emb-gfx-html&amp;utm_medium=image&amp;utm_campaign=rp-mass\" rel=\"noopener\"><img loading=\"lazy\" width=\"178\" height=\"100\" border=\"0\" src=\"https://s01.riotpixels.net/data/e9/2f/e92f5ab1-0c60-42b0-b487-294d8c227d11.jpg.240p.jpg\"></a><br><a target=\"_blank\" href=\"https://en.riotpixels.com/games/f-i-s-t-forged-in-shadow-torch/screenshots/6/?utm_source=emb-gfx-html&amp;utm_medium=image&amp;utm_campaign=rp-mass\" rel=\"noopener\"><img loading=\"lazy\" width=\"178\" height=\"100\" border=\"0\" src=\"https://s01.riotpixels.net/data/cf/8e/cf8ea225-a7db-4eb0-bfa1-0cfe6d2fe35f.jpg.240p.jpg\"></a><a target=\"_blank\" href=\"https://en.riotpixels.com/games/f-i-s-t-forged-in-shadow-torch/screenshots/3/?utm_source=emb-gfx-html&amp;utm_medium=image&amp;utm_campaign=rp-mass\" rel=\"noopener\"><img loading=\"lazy\" width=\"178\" height=\"100\" border=\"0\" src=\"https://s01.riotpixels.net/data/8a/98/8a98b3af-59d9-4f49-8644-f147a7009a72.jpg.240p.jpg\"></a><a target=\"_blank\" href=\"https://en.riotpixels.com/games/f-i-s-t-forged-in-shadow-torch/screenshots/2/?utm_source=emb-gfx-html&amp;utm_medium=image&amp;utm_campaign=rp-mass\" rel=\"noopener\"><img loading=\"lazy\" width=\"178\" height=\"100\" border=\"0\" src=\"https://s01.riotpixels.net/data/5a/88/5a888e1f-6887-49a7-81d7-115d6886f209.jpg.240p.jpg\"></a></p><h3>Repack Features</h3><ul><li>Based on F.I.S.T_Forged_In_Shadow_Torch-FLT ISO release: flt-f.i.s.t_forged_in_shadow_torch.iso (22,202,796,032 bytes)</li><li>Game version: v1.004</li><li>DXVK-based Windows 7 Fix is available in \u201c_Windows 7 Fix\u201d folder. To run the game under Windows 7, copy \u201cZingangGame\u201d from \u201c_Windows 7 Fix\u201d folder to the game root and run the game with \u201cF.I.S.T. (DirectX 11)\u201d desktop icon</li><li>100% Lossless &amp; MD5 Perfect: all files are identical to originals after installation</li><li>NOTHING ripped, NOTHING re-encoded</li><li>Significantly smaller archive size (compressed from 20.7 to 13.1 GB)</li><li>Installation takes from 6 minutes on 16-threads CPU to 20 minutes on 4-threads CPU</li><li>After-install integrity check so you could make sure that everything installed properly</li><li>HDD space after installation: 20.7 GB (24.7 GB during installation)</li><li>Language can be changed in game settings</li><li>Repack uses XTool library by Razor12911</li><li>At least 2 GB of free RAM (inc. virtual) required for installing this repack</li></ul><div ><div><h2>Game Description</h2></div><div >Six years ago, the Machine Legion invaded and colonized the Torch City, which was originally inhabited by animals. Rayton, the former soldier in the resistance war, has been living in seclusion since then. After his friend is forcibly arrested, Rayton reclaims his mechanical fist and steps to his journey fighting back. And he never expects that he has been involved in a bigger scheme between the mafia, the rebellion, and the legion.<p><b>Sophisticated and Interconnected Game Map with Countless Secrets</b><br>Exploring the Metroidvania game world with a dozen of areas with distinguishing vision themes and level designs. Earning the rewards by conquering the challenges of combats, puzzles and platformers in countless chambers, tunnels and shortcuts.<br>Interconnected and automatically loading game map makes the detailed Torch City more convincing and beautiful.</p><p><b>Arcade-styled Combat System with Three Unique Weapons</b><br>Mastering the Fist, the Drill and the Whip, depending on the situation of the battlefield, switch your advantages between the long hits, the high damage and the wide range, taking every enemy standing in front of you down.<br>Dozens of enemies wielding their unique weapons challenge you with exquisite cooperation tactics, and various bosses with totally different combat patterns provides you never repeated experience.</p><p><b>Unique Dieselpunk Aesthetic Powered by Unreal Engine 4</b><br>The combining of the dieselpunk aesthetics and the oriental-style architecture constructs the core visual style of Torch City, exposing the world with the intense conflict between the furry animals and the mechanical army from their appearance to the nature.<br>Powered by Unreal Engine 4 with physically based rendering and extremely detailed textures, presenting a gorgeous 3D visual performance and pushing the genre to a whole new level.</p></div></div>             </div>"
}