{
    "link": null,
    "title": "F1 2020: Deluxe Schumacher Edition \u2013 v1.18 + 5 DLCs",
    "first_img": "https://i5.imageban.ru/out/2021/10/03/8be8654c7fa387b573c2354a2b427c28.jpg",
    "second_img": [],
    "body": "<div ><h2>F1 2020: Deluxe Schumacher Edition \u2013 v1.18 + 5 DLCs</h2><p ><div><a target=\"_blank\" href=\"https://en.riotpixels.com/games/f1-2020/\" rel=\"noopener\"><img class=\"alignleft\" width=\"150\" src=\"https://i5.imageban.ru/out/2021/10/03/8be8654c7fa387b573c2354a2b427c28.jpg\"></a></div><br>Genres/Tags: <strong>Racing, Simulation, First-person, Third-person, Open-wheel cars, 3D</strong><br>Companies: <strong>Codemasters, Electronic Arts</strong><br>Languages: <strong>RUS/ENG/MULTI11</strong><br>Original Size: <strong>32.9 GB</strong><br>Repack Size: <strong>from 19.7 GB</strong> [Selective Download]</p>&nbsp;<div>&nbsp;</div><h3>Download Mirrors</h3><ul><li><a href=\"https://1337x.to/torrent/5004992/F1-2020-Deluxe-Schumacher-Edition-v1-18-5-DLCs-MULTi11-FitGirl-Repack-Selective-Download-from-19-7-GB/\" target=\"_blank\" rel=\"noopener\">1337x</a> | [<a href=\"magnet:?xt=urn:btih:08F4B6EE7FA8C58BF8A32D73A92BF0DFD3A5660E&amp;dn=F1+2020%3A+Deluxe+Schumacher+Edition+%28v1.18+%2B+5+DLCs%2C+MULTi11%29+%5BFitGirl+Repack%2C+Selective+Download+-+from+19.7+GB%5D&amp;tr=udp%3A%2F%2F46.148.18.250%3A2710&amp;tr=udp%3A%2F%2Fopentor.org%3A2710&amp;tr=udp%3A%2F%2Ftracker.coppersurfer.tk%3A6969%2Fannounce&amp;tr=udp%3A%2F%2Ftracker.opentrackr.org%3A1337%2Fannounce&amp;tr=http%3A%2F%2Ftracker.dler.org%3A6969%2Fannounce&amp;tr=udp%3A%2F%2Ftracker.leechers-paradise.org%3A6969%2Fannounce&amp;tr=udp%3A%2F%2F9.rarbg.me%3A2730%2Fannounce&amp;tr=udp%3A%2F%2F9.rarbg.to%3A2770%2Fannounce&amp;tr=udp%3A%2F%2Ftracker.pirateparty.gr%3A6969%2Fannounce&amp;tr=http%3A%2F%2Fretracker.local%2Fannounce&amp;tr=http%3A%2F%2Fretracker.ip.ncnet.ru%2Fannounce&amp;tr=udp%3A%2F%2Fexodus.desync.com%3A6969%2Fannounce&amp;tr=udp%3A%2F%2Fipv4.tracker.harry.lu%3A80%2Fannounce&amp;tr=udp%3A%2F%2Fopen.stealth.si%3A80%2Fannounce&amp;tr=udp%3A%2F%2Ftracker.zer0day.to%3A1337%2Fannounce&amp;tr=udp%3A%2F%2Ftracker.leechers-paradise.org%3A6969%2Fannounce&amp;tr=udp%3A%2F%2Fcoppersurfer.tk%3A6969%2Fannounce\">magnet</a>] [<a href=\"https://pastefg.hermietkreeft.site/?3dce01d906e5c97a#4MVCSBEb6mGpp59aQa37UVi146wV3byDNrztGoLrsdqe\" target=\"_blank\" rel=\"noopener\">.torrent file only</a>] <br><img src=\"https://torrent-stats.info/2d73/d0f6f925.png\" style=\"display:block;clear:both\"></li><li><a href=\"http://rutor.info/torrent/837743/f1-2020-deluxe-schumacher-edition-v-1.18-dlcs-2020-pc-repack-ot-fitgirl\" target=\"_blank\" rel=\"noopener\">RuTor</a> [<a href=\"magnet:?xt=urn:btih:08f4b6ee7fa8c58bf8a32d73a92bf0dfd3a5660e&amp;dn=rutor.info_F1+2020%3A+Deluxe+Schumacher+Edition+%5Bv+1.18+%2B+DLCs%5D+%282020%29+PC+%7C+RePack+%D0%BE%D1%82+FitGirl&amp;tr=udp://opentor.net:6969&amp;tr=udp://opentor.org:2710&amp;tr=http://retracker.local/announce\">magnet</a>]</li><li><a href=\"https://tapochek.net/viewtopic.php?p=2803963\" target=\"_blank\" rel=\"noopener\">Tapochek.net</a></li><li><a href=\"https://pastefg.hermietkreeft.site/?9a57a65f29ec3736#ArxoKPxjeuiEoe71tUbjYQq3zuiWK6dQa1Uo4VSfK5HU\" target=\"_blank\" rel=\"noopener\">Filehoster: MultiUpload</a> (10+ hosters, interchangeable) [Use <a href=\"http://jdownloader.org/jdownloader2\" target=\"_blank\" rel=\"noopener\">JDownloader2</a>]</li><li><a href=\"https://pastefg.hermietkreeft.site/?a4f629da08f6e728#Ab4de52c8upaNcwSCTXUgmxsSiwBKzEagaqjTpM5mUke\" target=\"_blank\" rel=\"noopener\">Filehoster: PixelDrain</a></li><li><a href=\"https://pastefg.hermietkreeft.site/?9bbc16b2d3650038#Agot2dsPKRYWmPaC53b4TF7ryzfwaNsbuVKisMkTt2kA\" target=\"_blank\" rel=\"noopener\">Filehoster: ZippyShare</a></li><li><a href=\"https://pastefg.hermietkreeft.site/?b4ba386872c3e4e3#D76dxKb5wPamZNd1EYhdoFExSaiEdr7R1nBAwwiT9Tjj\" target=\"_blank\" rel=\"noopener\">Filehoster: LetsUpload</a> [Use <a href=\"http://jdownloader.org/jdownloader2\" target=\"_blank\" rel=\"noopener\">JDownloader2</a>]</li><li><a href=\"https://pastefg.hermietkreeft.site/?00acca6a1014ef30#44ZZCx8ZSEfi3ZJXhXA1TyahXW4uxqfnsJa9uqPz7ceH\" target=\"_blank\" rel=\"noopener\">Filehoster: OneDrive</a> (Uploaded by DyR0 t(-_-t), NOT compatible with other mirrors)</li></ul><h3 style=\"color:red\">Quickfix for non-installable English voiceovers</h3><p>Due to a tiny mistake in the installer on components check window you can\u2019t select English voiceovers if you don\u2019t have Spanish VO pack downloaded. No, you don\u2019t need to download it. You either copy fg-selective-english.bin to fg-selective-spanish.bin or copy ANY other file to fg-selective-spanish.bin or create and empty file with that name. Just be sure NOT to install that fake Spanish \ud83d\ude42</p><p>Sorry for inconvenience.</p><p><a href=\"https://cs.rin.ru/forum/viewtopic.php?f=10&amp;t=104894\" target=\"_blank\" rel=\"noopener\">Discussion and (possible) future updates on CS.RIN.RU thread</a></p><h3>Screenshots (Click to enlarge)</h3><p><a target=\"_blank\" href=\"https://en.riotpixels.com/games/f1-2020/screenshots/51/?utm_source=emb-gfx-html&amp;utm_medium=image&amp;utm_campaign=rp-mass\" rel=\"noopener\"><img loading=\"lazy\" width=\"178\" height=\"100\" border=\"0\" src=\"https://s01.riotpixels.net/data/1d/d4/1dd41c43-9e06-49a8-bc0c-953ed552df19.jpg.240p.jpg\"></a><a target=\"_blank\" href=\"https://en.riotpixels.com/games/f1-2020/screenshots/49/?utm_source=emb-gfx-html&amp;utm_medium=image&amp;utm_campaign=rp-mass\" rel=\"noopener\"><img loading=\"lazy\" width=\"178\" height=\"100\" border=\"0\" src=\"https://s01.riotpixels.net/data/53/3c/533c5e8e-7f39-4f88-9927-a2fd348ca981.jpg.240p.jpg\"></a><a target=\"_blank\" href=\"https://en.riotpixels.com/games/f1-2020/screenshots/48/?utm_source=emb-gfx-html&amp;utm_medium=image&amp;utm_campaign=rp-mass\" rel=\"noopener\"><img loading=\"lazy\" width=\"178\" height=\"100\" border=\"0\" src=\"https://s01.riotpixels.net/data/79/1b/791b6866-902d-4e3b-819d-41ba965382d5.jpg.240p.jpg\"></a><br><a target=\"_blank\" href=\"https://en.riotpixels.com/games/f1-2020/screenshots/44/?utm_source=emb-gfx-html&amp;utm_medium=image&amp;utm_campaign=rp-mass\" rel=\"noopener\"><img loading=\"lazy\" width=\"178\" height=\"100\" border=\"0\" src=\"https://s01.riotpixels.net/data/86/28/8628f713-c41c-4ae4-87d9-ce11a1c30c55.jpg.240p.jpg\"></a><a target=\"_blank\" href=\"https://en.riotpixels.com/games/f1-2020/screenshots/38/?utm_source=emb-gfx-html&amp;utm_medium=image&amp;utm_campaign=rp-mass\" rel=\"noopener\"><img loading=\"lazy\" width=\"178\" height=\"100\" border=\"0\" src=\"https://s01.riotpixels.net/data/62/f9/62f93545-8c45-40db-b5c0-24b6e316e63a.jpg.240p.jpg\"></a><a target=\"_blank\" href=\"https://en.riotpixels.com/games/f1-2020/screenshots/37/?utm_source=emb-gfx-html&amp;utm_medium=image&amp;utm_campaign=rp-mass\" rel=\"noopener\"><img loading=\"lazy\" width=\"178\" height=\"100\" border=\"0\" src=\"https://s01.riotpixels.net/data/5b/73/5b738938-b914-41a6-90f0-e6eaeb8d08bb.jpg.240p.jpg\"></a></p><h3>Repack Features</h3><ul><li>Based on F1.2020-PLAZA ISO release: plaza-f1.2020.iso (35,378,888,704 bytes)</li><li>Game version: v1.18; 5 DLCs are included and activated</li><li>100% Lossless &amp; MD5 Perfect: all files are identical to originals after installation</li><li>NOTHING ripped, NOTHING re-encoded</li><li>Selective Download feature: you may skip downloading and installing of credits/attract videos and commentaries voicepacks you don\u2019t need</li><li>Significantly smaller archive size (compressed from 32.9 to 19.7~24.5 GB, depending on selected components)</li><li>Installation takes 7-15 minutes (depending on your system and selected components)</li><li>After-install integrity check so you could make sure that everything installed properly</li><li>HDD space after installation: up to 45.2 GB</li><li>Use \u201cLanguage Selector.exe\u201d in game root to change the game UI language</li><li>Subtitles/Audio language can be changed in game settings</li><li>At least 2 GB of free RAM (inc. virtual) required for installing this repack</li></ul><div ><div><h2>Game Description</h2></div><div >F1 2020 is the most comprehensive F1 game yet, putting players firmly in the driving seat as they race against the best drivers in the world. For the first time, players can create their own F1 team by creating a driver, then choosing a sponsor, an engine supplier, hiring a teammate and competing as the 11th team on the grid. Build facilities, develop the team over time and drive to the top.<p><b><h3>Game Features</h3></b></p><ul><li>Customise your 10-year career mode, with a choice of F2 Championship introduction options and season lengths to allow for a more exciting, multiple seasons, career.</li><li>The addition of split-screen racing, a new steering assist and a more accessible race experience means that you can enjoy the game with friends, no matter what your skill level.</li><li>F1 2020 features all the official teams, drivers and 22 circuits, including two new races: Hanoi Circuit and Circuit Zandvoort</li><li>NEW MYTEAM MODE \u2013 An immersive driving game, players can now create their own F1 team.</li><li>Create a driver, then choose a sponsor, an engine supplier, hire a teammate and compete as the 11th team on the grid.</li><li>Build facilities and develop the team over time and drive to the top.</li><li>NEW \u2013 Two new races: Hanoi Circuit and Circuit Zandvoort.</li><li>NEW \u2013 Split-screen racing.</li><li>NEW \u2013 Casual race options for more relaxed racing.</li><li>NEW \u2013 Shorter season-length options: 10, 16 or full 22 race options.</li><li>All the official teams, the drivers and circuits from the 2020 Formula One World Championship.</li><li>Acclaimed ten-year career mode.</li><li>Formula 2, the ultimate training ground for F1, is also included, now with new half or full season options and 2019 and 2020* season content.</li><li>x16 classic F1 cars from 1988-2010.</li><li>Esports \u2013 in-game area for the online qualification events, latest news and even watch the new F1 Esports Challenger and Pro Series races.</li><li>More ways to race: Time Trial, Grand Prix Mode, Championships and relive your glory with saveable automated highlights.</li></ul><p><b>Included DLCs:</b></p><ul><li>Seventy Edition DLC</li><li>Deluxe Schumacher Edition DLC</li><li>Keep Fighting Foundation DLC</li><li>Seventy Edition DLC (PrePurchase)</li><li>Schumacher Edition DLC (PrePurchase)</li></ul><p>Since PITCOIN DLCs are not working in cracked offline version, I don\u2019t count them as included DLCs</p></div></div>             </div>"
}