{
    "link": null,
    "title": "Famicom Detective Club: Duology + Ryujinx Emu for PC",
    "first_img": "https://i1.imageban.ru/out/2021/07/13/d64d7841a44b583d73c7a85076a04e50.jpg",
    "second_img": [],
    "body": "<div ><h2>Famicom Detective Club: Duology + Ryujinx Emu for PC</h2><p ><div><a target=\"_blank\" href=\"https://en.riotpixels.com/games/famicom-detective-club-the-missing-heir/\" rel=\"noopener\"><img class=\"alignleft\" width=\"150\" src=\"https://i1.imageban.ru/out/2021/07/13/d64d7841a44b583d73c7a85076a04e50.jpg\"></a></div><br>Genres/Tags: <strong>Adventure, First-person, 2D, Detective Fiction</strong><br>Companies: <strong>Mages, Nintendo</strong><br>Language: <strong>ENG</strong><br>Original Size: <strong>3.8 GB</strong><br>Repack Size: <strong>2.7 GB</strong></p>&nbsp;<div>&nbsp;</div><h3>Download Mirrors</h3><ul><li><a href=\"https://1337x.to/torrent/4903015/Famicom-Detective-Club-Duology-Ryujinx-Emu-for-PC-FitGirl-Repack/\" target=\"_blank\" rel=\"noopener\">1337x</a> | [<a href=\"magnet:?xt=urn:btih:FF594132E5F9B39D6D9B724D3BDCF7B9AAB3C692&amp;dn=Famicom+Detective+Club%3A+Duology+%28%2B+Ryujinx+Emu+for+PC%29+%5BFitGirl+Repack%5D&amp;tr=udp%3A%2F%2F46.148.18.250%3A2710&amp;tr=udp%3A%2F%2Fopentor.org%3A2710&amp;tr=udp%3A%2F%2Ftracker.coppersurfer.tk%3A6969%2Fannounce&amp;tr=udp%3A%2F%2Ftracker.opentrackr.org%3A1337%2Fannounce&amp;tr=http%3A%2F%2Ftracker.dler.org%3A6969%2Fannounce&amp;tr=udp%3A%2F%2Ftracker.leechers-paradise.org%3A6969%2Fannounce&amp;tr=udp%3A%2F%2F9.rarbg.me%3A2730%2Fannounce&amp;tr=udp%3A%2F%2F9.rarbg.to%3A2770%2Fannounce&amp;tr=udp%3A%2F%2Ftracker.pirateparty.gr%3A6969%2Fannounce&amp;tr=http%3A%2F%2Fretracker.local%2Fannounce&amp;tr=http%3A%2F%2Fretracker.ip.ncnet.ru%2Fannounce&amp;tr=udp%3A%2F%2Fexodus.desync.com%3A6969%2Fannounce&amp;tr=udp%3A%2F%2Fipv4.tracker.harry.lu%3A80%2Fannounce&amp;tr=udp%3A%2F%2Fopen.stealth.si%3A80%2Fannounce&amp;tr=udp%3A%2F%2Ftracker.zer0day.to%3A1337%2Fannounce&amp;tr=udp%3A%2F%2Ftracker.leechers-paradise.org%3A6969%2Fannounce&amp;tr=udp%3A%2F%2Fcoppersurfer.tk%3A6969%2Fannounce\">magnet</a>] [<a href=\"https://pastefg.hermietkreeft.site/?8c35963e2470c132#9BxJtUZzsNrooqvCEpzHFQzSnkhNpz7hkum7dnrJBytw\" target=\"_blank\" rel=\"noopener\">.torrent file only</a>] <br><img src=\"https://torrent-stats.info/724d/202636e04.png\" style=\"display:block;clear:both\"></li><li><a href=\"https://tapochek.net/viewtopic.php?p=2786091\" target=\"_blank\" rel=\"noopener\">Tapochek.net</a></li><li><a href=\"https://pastefg.hermietkreeft.site/?884615daf3a3f42d#4dSFH5oDCoZjTBx6JzJz6YNBb1C5PTEx7Lmmcovogzc4\" target=\"_blank\" rel=\"noopener\">Filehoster: MultiUpload</a> (10+ hosters, interchangeable) [Use <a href=\"http://jdownloader.org/jdownloader2\" target=\"_blank\" rel=\"noopener\">JDownloader2</a>]</li><li><a href=\"https://pastefg.hermietkreeft.site/?442f28537e81a2e4#2znd6koVMxJQpvzgvQeWCAugUWr5VwfymmE6p1dh5F2p\" target=\"_blank\" rel=\"noopener\">Filehoster: PixelDrain</a></li><li><a href=\"https://pastefg.hermietkreeft.site/?375e5cf131933687#DE8tZZV9MVdGsJkoxDMNZFy6FvGBdXoiK1s65LqZtUjZ\" target=\"_blank\" rel=\"noopener\">Filehoster: LetsUpload</a> [Use <a href=\"http://jdownloader.org/jdownloader2\" target=\"_blank\" rel=\"noopener\">JDownloader2</a>]</li><li><a href=\"https://crackhub.site/famicom-detective-club-duology-ryujinx-emu-for-pc-fitgirl-repack/\" target=\"_blank\" rel=\"noopener\">Filehosters: Google Drive, OneDrive + others</a> (Uploaded by crackhub213)</li><li><a href=\"https://pastefg.hermietkreeft.site/?297cfb19529794ae#4Cyi9BKhZhiY6A9KbfuCKRgJ6LXRFJQ5x9gBsr35fuoE\" target=\"_blank\" rel=\"noopener\">Filehoster: OneDrive</a> (Uploaded by DyR0 t(-_-t), NOT compatible with other mirrors)</li></ul><h3>Screenshots (Click to enlarge)</h3><p><a target=\"_blank\" href=\"https://en.riotpixels.com/games/famicom-detective-club-the-missing-heir/screenshots/9/?utm_source=emb-gfx-html&amp;utm_medium=image&amp;utm_campaign=rp-mass\" rel=\"noopener\"><img loading=\"lazy\" width=\"178\" height=\"100\" border=\"0\" src=\"https://s01.riotpixels.net/data/a3/51/a351fc68-7483-417b-b0fa-f7a6c38f6ad1.jpg.240p.jpg\"></a><a target=\"_blank\" href=\"https://en.riotpixels.com/games/famicom-detective-club-the-missing-heir/screenshots/8/?utm_source=emb-gfx-html&amp;utm_medium=image&amp;utm_campaign=rp-mass\" rel=\"noopener\"><img loading=\"lazy\" width=\"178\" height=\"100\" border=\"0\" src=\"https://s01.riotpixels.net/data/77/5c/775c5195-0f03-45c7-aec2-f80cfef71dc8.jpg.240p.jpg\"></a><a target=\"_blank\" href=\"https://en.riotpixels.com/games/famicom-detective-club-the-missing-heir/screenshots/7/?utm_source=emb-gfx-html&amp;utm_medium=image&amp;utm_campaign=rp-mass\" rel=\"noopener\"><img loading=\"lazy\" width=\"178\" height=\"100\" border=\"0\" src=\"https://s01.riotpixels.net/data/0a/7e/0a7e579c-a349-4127-8ba1-e88e4b68af88.jpg.240p.jpg\"></a><br><a target=\"_blank\" href=\"https://en.riotpixels.com/games/famicom-detective-club-the-girl-who-stands-behind/screenshots/8/?utm_source=emb-gfx-html&amp;utm_medium=image&amp;utm_campaign=rp-mass\" rel=\"noopener\"><img loading=\"lazy\" width=\"178\" height=\"100\" border=\"0\" src=\"https://s01.riotpixels.net/data/65/74/6574defe-8e4e-4632-aa27-dde6013fce5b.jpg.240p.jpg\"></a><a target=\"_blank\" href=\"https://en.riotpixels.com/games/famicom-detective-club-the-girl-who-stands-behind/screenshots/4/?utm_source=emb-gfx-html&amp;utm_medium=image&amp;utm_campaign=rp-mass\" rel=\"noopener\"><img loading=\"lazy\" width=\"178\" height=\"100\" border=\"0\" src=\"https://s01.riotpixels.net/data/ca/5d/ca5d8221-336a-416e-acd6-d9c41e01a0a3.jpg.240p.jpg\"></a><a target=\"_blank\" href=\"https://en.riotpixels.com/games/famicom-detective-club-the-girl-who-stands-behind/screenshots/2/?utm_source=emb-gfx-html&amp;utm_medium=image&amp;utm_campaign=rp-mass\" rel=\"noopener\"><img loading=\"lazy\" width=\"178\" height=\"100\" border=\"0\" src=\"https://s01.riotpixels.net/data/45/47/4547b6e4-2d4d-45bc-a768-7827cece2fd5.jpg.240p.jpg\"></a></p><h3>Repack Features</h3><p>This repack includes two games: FDC: The Missing Heir &amp; FDC: The Girl Who Stands Behind</p><ul><li>Based on two Switch scene releases: Famicom_Detective_Club_The_Missing_Heir_NSW-VENOM (v-famicom_detective_club_the_missing_heir.nsp, 1,677,362,447 bytes) and Famicom_Detective_Club_The_Girl_Who_Stands_Behind_NSW-VENOM (2,074,484,495 bytes)</li><li>Ryujinx Switch emulator v1.0.6939 (47 MB) is included</li><li>Switch Firmware v11.0.1 (317 MB) added as a requirement for Ryujinx</li><li>100% Lossless, but NOT MD5 Perfect: encryption was removed and compression has been changed on some game files for better repack size</li><li>NOTHING ripped, NOTHING re-encoded</li><li>Smaller archive size (compressed from cumulative 3.8 to 2.7 GB)</li><li>Installation takes 3-7 minutes</li><li>After-install integrity check so you could make sure that everything installed properly</li><li>HDD space after installation: 4.2 GB (~13 GB during installation)</li><li>At least 2 GB of free RAM (inc. virtual) required for installing this repack</li></ul><div ><div><h2>Game Description</h2></div><div ><b>Famicom Detective Club: The Missing Heir</b><p>Solve a murder mystery surrounding a wealthy Japanese family</p><p>Hunt for clues, talk to suspects, and explore the Japanese countryside after tragedy strikes the wealthy Ayashiro family. Filled with suspense, this tale follows an amnesia-stricken detective trying to unravel his own past amidst the horrors of a harrowing murder investigation.</p><p><b>Famicom Detective Club: The Girl Who Stands Behind</b></p><p>Find the secret behind a grisly rumor haunting a Japanese high school</p><p>Interrogate suspects and hunt for clues to piece together chilling conundrums plaguing a high school in Japan. Suspense (and a little bit of horror) ensues as you try to free students from their nightmare. Can you figure out who the culprit is\u2026before it\u2019s too late?</p></div></div><p><b>Cross-repack compatibility</b></p><p>If you have downloaded and still have some of my Ryujinx-powered repacks, you can use fg-ryujinx-firmware-11.0.1.bin from any of those and save 316 MB of traffic.</p>             </div>"
}