{
    "link": "https://fitgirl-repacks.site/faraday-protocol/",
    "title": "Faraday Protocol",
    "first_img": "https://i4.imageban.ru/out/2021/08/14/fdb267bcddc64b00fcdf8006de60f9e3.jpg",
    "second_img": "https://s01.riotpixels.net/data/6b/93/6b9349b7-9ce5-4857-9fd9-05e7dcef9812.jpg.240p.jpg",
    "body": "<div ><h2>Faraday Protocol</h2><p ><div><a target=\"_blank\" href=\"https://en.riotpixels.com/games/faraday-protocol/\" rel=\"noopener\"><img class=\"alignleft\" width=\"150\" src=\"https://i4.imageban.ru/out/2021/08/14/fdb267bcddc64b00fcdf8006de60f9e3.jpg\"></a></div><br>Genres/Tags: <strong>Logic, Puzzle, First-person, 3D</strong><br>Companies: <strong>Red Koi Box, Deck13</strong><br>Languages: <strong>RUS/ENG/MULTI6</strong><br>Original Size: <strong>1.7 GB</strong><br>Repack Size: <strong>977 MB</strong></p>&nbsp;<div>&nbsp;</div><h3>Download Mirrors</h3><ul><li><a href=\"https://1337x.to/torrent/4952565/Faraday-Protocol-MULTi6-FitGirl-Repack/\" target=\"_blank\" rel=\"noopener\">1337x</a> | [<a href=\"magnet:?xt=urn:btih:7BBED067BF01F8D14131839D0A28C68A78956D89&amp;dn=Faraday+Protocol+%28MULTi6%29+%5BFitGirl+Repack%5D&amp;tr=udp%3A%2F%2F46.148.18.250%3A2710&amp;tr=udp%3A%2F%2Fopentor.org%3A2710&amp;tr=udp%3A%2F%2Ftracker.coppersurfer.tk%3A6969%2Fannounce&amp;tr=udp%3A%2F%2Ftracker.opentrackr.org%3A1337%2Fannounce&amp;tr=http%3A%2F%2Ftracker.dler.org%3A6969%2Fannounce&amp;tr=udp%3A%2F%2Ftracker.leechers-paradise.org%3A6969%2Fannounce&amp;tr=udp%3A%2F%2F9.rarbg.me%3A2730%2Fannounce&amp;tr=udp%3A%2F%2F9.rarbg.to%3A2770%2Fannounce&amp;tr=udp%3A%2F%2Ftracker.pirateparty.gr%3A6969%2Fannounce&amp;tr=http%3A%2F%2Fretracker.local%2Fannounce&amp;tr=http%3A%2F%2Fretracker.ip.ncnet.ru%2Fannounce&amp;tr=udp%3A%2F%2Fexodus.desync.com%3A6969%2Fannounce&amp;tr=udp%3A%2F%2Fipv4.tracker.harry.lu%3A80%2Fannounce&amp;tr=udp%3A%2F%2Fopen.stealth.si%3A80%2Fannounce&amp;tr=udp%3A%2F%2Ftracker.zer0day.to%3A1337%2Fannounce&amp;tr=udp%3A%2F%2Ftracker.leechers-paradise.org%3A6969%2Fannounce&amp;tr=udp%3A%2F%2Fcoppersurfer.tk%3A6969%2Fannounce\">magnet</a>] [<a href=\"https://pastefg.hermietkreeft.site/?20a2b6724de89495#CCppTY9ZU32DsgqSrR1zSCaQ46GwWefSdxEyeHgUKr2C\" target=\"_blank\" rel=\"noopener\">.torrent file only</a>] <br><img src=\"https://torrent-stats.info/839d/256649af6.png\" style=\"display:block;clear:both\"></li><li><a href=\"http://rutor.info/torrent/829787/faraday-protocol-2021-pc-repack-ot-fitgirl\" target=\"_blank\" rel=\"noopener\">RuTor</a> [<a href=\"magnet:?xt=urn:btih:7bbed067bf01f8d14131839d0a28c68a78956d89&amp;dn=rutor.info_Faraday+Protocol+%282021%29+PC+%7C+RePack+%D0%BE%D1%82+FitGirl&amp;tr=udp://opentor.org:2710&amp;tr=udp://opentor.org:2710&amp;tr=http://retracker.local/announce\">magnet</a>]</li><li><a href=\"https://tapochek.net/viewtopic.php?p=2794675\" target=\"_blank\" rel=\"noopener\">Tapochek.net</a></li><li><a href=\"https://pastefg.hermietkreeft.site/?c91c64bf57eed636#B9qYgYCr21jSPwYcnXXdBZ4QWQ9B3JHieCk3Q9evUqAz\" target=\"_blank\" rel=\"noopener\">Filehoster: MultiUpload</a> (10+ hosters, interchangeable) [Use <a href=\"http://jdownloader.org/jdownloader2\" target=\"_blank\" rel=\"noopener\">JDownloader2</a>]</li><li><a href=\"https://pastefg.hermietkreeft.site/?d119b4e396c9ef02#4V7GnGdJoUBjPizQrzy2kC4ARoPPUjLg56dusuHFuRvU\" target=\"_blank\" rel=\"noopener\">Filehoster: PixelDrain</a></li><li><a href=\"https://pastefg.hermietkreeft.site/?c0423f711f1edb49#3bpx6ucyvhotFGSQ363wijvXVAv2KVNCkmyL7byXTBny\" target=\"_blank\" rel=\"noopener\">Filehoster: ZippyShare</a></li><li><a href=\"https://pastefg.hermietkreeft.site/?dfe1452ea08a10c5#C7B6sSE91ukAgFoxVRgUMGiX497MgLG4M73SNHSPiwgR\" target=\"_blank\" rel=\"noopener\">Filehoster: LetsUpload</a> [Use <a href=\"http://jdownloader.org/jdownloader2\" target=\"_blank\" rel=\"noopener\">JDownloader2</a>]</li><li><a href=\"https://crackhub.site/faraday-protocol-fitgirl-repack/\" target=\"_blank\" rel=\"noopener\">Filehosters: Google Drive, OneDrive + others</a> (Uploaded by crackhub213)</li><li><a href=\"https://pastefg.hermietkreeft.site/?a59f2d7afbc49ab1#83YA8U8srMNUmccti612QLTiYK7ftYvXWsrr8vz45EQr\" target=\"_blank\" rel=\"noopener\">Filehoster: OneDrive</a> (Uploaded by DyR0 t(-_-t), NOT compatible with other mirrors)</li></ul><p><a href=\"https://cs.rin.ru/forum/viewtopic.php?f=10&amp;t=112495\" target=\"_blank\" rel=\"noopener\">Discussion and (possible) future updates on CS.RIN.RU thread</a></p><h3>Screenshots (Click to enlarge)</h3><p><a target=\"_blank\" href=\"https://en.riotpixels.com/games/faraday-protocol/screenshots/7/?utm_source=emb-gfx-html&amp;utm_medium=image&amp;utm_campaign=rp-mass\" rel=\"noopener\"><img loading=\"lazy\" width=\"178\" height=\"100\" border=\"0\" src=\"https://s01.riotpixels.net/data/6b/93/6b9349b7-9ce5-4857-9fd9-05e7dcef9812.jpg.240p.jpg\"></a><a target=\"_blank\" href=\"https://en.riotpixels.com/games/faraday-protocol/screenshots/6/?utm_source=emb-gfx-html&amp;utm_medium=image&amp;utm_campaign=rp-mass\" rel=\"noopener\"><img loading=\"lazy\" width=\"178\" height=\"100\" border=\"0\" src=\"https://s01.riotpixels.net/data/8f/62/8f62b4fe-af2e-4e65-ad4d-3bda90f5c070.jpg.240p.jpg\"></a><a target=\"_blank\" href=\"https://en.riotpixels.com/games/faraday-protocol/screenshots/5/?utm_source=emb-gfx-html&amp;utm_medium=image&amp;utm_campaign=rp-mass\" rel=\"noopener\"><img loading=\"lazy\" width=\"178\" height=\"100\" border=\"0\" src=\"https://s01.riotpixels.net/data/f9/9f/f99f032f-5a42-40e4-b630-dd4ba1a91754.jpg.240p.jpg\"></a><br><a target=\"_blank\" href=\"https://en.riotpixels.com/games/faraday-protocol/screenshots/3/?utm_source=emb-gfx-html&amp;utm_medium=image&amp;utm_campaign=rp-mass\" rel=\"noopener\"><img loading=\"lazy\" width=\"178\" height=\"100\" border=\"0\" src=\"https://s01.riotpixels.net/data/bf/58/bf588684-e111-4f4c-9754-8674964631ee.jpg.240p.jpg\"></a><a target=\"_blank\" href=\"https://en.riotpixels.com/games/faraday-protocol/screenshots/2/?utm_source=emb-gfx-html&amp;utm_medium=image&amp;utm_campaign=rp-mass\" rel=\"noopener\"><img loading=\"lazy\" width=\"178\" height=\"100\" border=\"0\" src=\"https://s01.riotpixels.net/data/8c/59/8c59bca5-f21c-4d07-831e-047c0a1ae5f2.jpg.240p.jpg\"></a><a target=\"_blank\" href=\"https://en.riotpixels.com/games/faraday-protocol/screenshots/1/?utm_source=emb-gfx-html&amp;utm_medium=image&amp;utm_campaign=rp-mass\" rel=\"noopener\"><img loading=\"lazy\" width=\"178\" height=\"100\" border=\"0\" src=\"https://s01.riotpixels.net/data/6d/91/6d91fcac-20ec-4c25-8106-163dec9142f0.jpg.240p.jpg\"></a></p><h3>Repack Features</h3><ul><li>Based on Faraday.Protocol-CODEX ISO release: codex-faraday.protocol.iso (1,800,404,992 bytes)</li><li>100% Lossless &amp; MD5 Perfect: all files are identical to originals after installation</li><li>NOTHING ripped, NOTHING re-encoded</li><li>Significantly smaller archive size (compressed from 1.7 GB to 977 MB)</li><li>Installation takes one minute</li><li>After-install integrity check so you could make sure that everything installed properly</li><li>HDD space after installation: 1.8 GB</li><li>Use \u201cLanguage Changer.bat\u201d in game root to change the game language</li><li>Repack uses XTool library by Razor12911</li><li>At least 2 GB of free RAM (inc. virtual) required for installing this repack</li></ul><div ><div><h2>Game Description</h2></div><div ><b>Faraday Protocol</b> is a first-person, story-driven puzzle game that will test your curiosity and keen perception. You are Raug Zeekon: interstellar archeologist from planet Cunor. You have been sent by your company to investigate the source of a mysterious signal coming from an unexplored star system.<p><b>EXPLORE</b><br>As you deploy from your spaceship, you\u2019ll find yourself in a new and unknown environment. A voice will welcome you to \u201cOpis\u201d \u2013 the mysterious place where you have landed.</p><p><b>EXPLOIT</b><br>Opis is structured with a succession of puzzles and trials you\u2019ll need to conquer in order to keep exploring. Solve intricate puzzles by re-distributing energy through the use of your Bia-Tool and demonstrate your abilities during the stations\u2019 challenges.</p><p><b>EXPOSE</b><br>The mysteries of Opis are hidden within its core. Who built it? When and why? And where are they now? Investigate lore elements spread throughout the station, interact with the governing A.I. \u201cIris\u201d, and expose secrets lost in the millennia.</p></div></div>             </div>"
}