{
    "link": "https://fitgirl-repacks.site/farlight-commanders/",
    "title": "Farlight Commanders",
    "first_img": "https://i4.imageban.ru/out/2021/11/26/8902959424a4f264df51a8b0724a162c.jpg",
    "second_img": "https://s01.riotpixels.net/data/b5/4b/b54ba498-4057-4e4a-a896-7710cf2a47d7.jpg.240p.jpg",
    "body": "<div ><h2>Farlight Commanders</h2><p ><div><a target=\"_blank\" href=\"https://en.riotpixels.com/games/farlight-commanders/\" rel=\"noopener\"><img class=\"alignleft\" width=\"150\" src=\"https://i4.imageban.ru/out/2021/11/26/8902959424a4f264df51a8b0724a162c.jpg\"></a></div><br>Genres/Tags: <strong>Arcade, Jump and run, Shoot \u2019em up, Side, 2D</strong><br>Company: <strong>Farlight Games Industry</strong><br>Languages: <strong>RUS/ENG/MULTI12</strong><br>Original Size: <strong>2.3 GB</strong><br>Repack Size: <strong>1.1 GB</strong></p>&nbsp;<div>&nbsp;</div><h3>Download Mirrors</h3><ul><li><a href=\"https://1337x.to/torrent/5065687/Farlight-Commanders-MULTi12-FitGirl-Repack/\" target=\"_blank\" rel=\"noopener\">1337x</a> | [<a href=\"magnet:?xt=urn:btih:D5DF1F7A4B58A6AF318D7BE80A9F883B4C319722&amp;dn=Farlight+Commanders+%28MULTi12%29+%5BFitGirl+Repack%5D&amp;tr=udp%3A%2F%2F46.148.18.250%3A2710&amp;tr=udp%3A%2F%2Fopentor.org%3A2710&amp;tr=udp%3A%2F%2Ftracker.coppersurfer.tk%3A6969%2Fannounce&amp;tr=udp%3A%2F%2Ftracker.opentrackr.org%3A1337%2Fannounce&amp;tr=http%3A%2F%2Ftracker.dler.org%3A6969%2Fannounce&amp;tr=udp%3A%2F%2Ftracker.leechers-paradise.org%3A6969%2Fannounce&amp;tr=udp%3A%2F%2F9.rarbg.me%3A2730%2Fannounce&amp;tr=udp%3A%2F%2F9.rarbg.to%3A2770%2Fannounce&amp;tr=udp%3A%2F%2Ftracker.pirateparty.gr%3A6969%2Fannounce&amp;tr=http%3A%2F%2Fretracker.local%2Fannounce&amp;tr=http%3A%2F%2Fretracker.ip.ncnet.ru%2Fannounce&amp;tr=udp%3A%2F%2Fexodus.desync.com%3A6969%2Fannounce&amp;tr=udp%3A%2F%2Fipv4.tracker.harry.lu%3A80%2Fannounce&amp;tr=udp%3A%2F%2Fopen.stealth.si%3A80%2Fannounce&amp;tr=udp%3A%2F%2Ftracker.zer0day.to%3A1337%2Fannounce&amp;tr=udp%3A%2F%2Ftracker.leechers-paradise.org%3A6969%2Fannounce&amp;tr=udp%3A%2F%2Fcoppersurfer.tk%3A6969%2Fannounce\">magnet</a>] [<a href=\"https://pastefg.hermietkreeft.site/?b6d233555d8275f4#FqZuxyStr4JXPHsoSVE4EaBuqD2oeYK8Hg5EXYHuwRG8\" target=\"_blank\" rel=\"noopener\">.torrent file only</a>] <br><img src=\"https://torrent-stats.info/7be8/24348e7a8.png\" style=\"display:block;clear:both\"></li><li><a href=\"http://rutor.info/torrent/847797/farlight-commanders-2021-pc-repack-ot-fitgirl\" target=\"_blank\" rel=\"noopener\">RuTor</a> [<a href=\"magnet:?xt=urn:btih:d5df1f7a4b58a6af318d7be80a9f883b4c319722&amp;dn=rutor.info_Farlight+Commanders+%282021%29+PC+%7C+RePack+%D0%BE%D1%82+FitGirl&amp;tr=udp://opentor.net:6969&amp;tr=udp://opentor.org:2710&amp;tr=http://retracker.local/announce\">magnet</a>]</li><li><a href=\"https://tapochek.net/viewtopic.php?p=2814750\" target=\"_blank\" rel=\"noopener\">Tapochek.net</a></li><li><a href=\"https://pastefg.hermietkreeft.site/?a7a291589cb628de#4hKuPTv98sF27qfrG71y5tFmYEGuxdP7fP8xLrty8Shb\" target=\"_blank\" rel=\"noopener\">Filehoster: MultiUpload</a> (10+ hosters, interchangeable) [Use <a href=\"http://jdownloader.org/jdownloader2\" target=\"_blank\" rel=\"noopener\">JDownloader2</a>]</li><li><a href=\"https://pastefg.hermietkreeft.site/?dbdb35b1c891fdf8#7A4hDy3ZzEmBrJPHTTm99vFR6KFSTb1Qrjxmkhctp2nZ\" target=\"_blank\" rel=\"noopener\">Filehoster: ZippyShare</a></li><li><a href=\"https://pastefg.hermietkreeft.site/?4db5e7683ad2ce01#6vpQWQyS8kSzh9biHtErdaQWBNj4DWxrVeMg9FU44DQk\" target=\"_blank\" rel=\"noopener\">Filehoster: BayFiles</a></li><li><a href=\"https://pastefg.hermietkreeft.site/?58d38d32c8319752#5qk21yqmNqdPDV9DvkPyJk7jfZkNJqLKLrWcxevQYDWn\" target=\"_blank\" rel=\"noopener\">Filehoster: LetsUpload</a> [Use <a href=\"http://jdownloader.org/jdownloader2\" target=\"_blank\" rel=\"noopener\">JDownloader2</a>]</li><li><a href=\"https://pastefg.hermietkreeft.site/?bf0d78c8b893d37e#CtG2MsbPQgpxhqT9CHq5JxFQnwarwnX8DCvXjagp2eEE\" target=\"_blank\" rel=\"noopener\">Filehoster: OneDrive</a> (Uploaded by DyR0 t(-_-t), NOT compatible with other mirrors)</li><p><!--  <li><a href=\"\" target=\"_blank\" rel=\"noopener\">Filehosters: Google Drive, OneDrive + others</a> (Uploaded by crackhub213)</li>  --></p></ul><p><a href=\"https://cs.rin.ru/forum/viewtopic.php?f=10&amp;t=117463\" target=\"_blank\" rel=\"noopener\">Discussion and (possible) future updates on CS.RIN.RU thread</a></p><h3>Screenshots (Click to enlarge)</h3><p><a target=\"_blank\" href=\"https://en.riotpixels.com/games/farlight-commanders/screenshots/16/?utm_source=emb-gfx-html&amp;utm_medium=image&amp;utm_campaign=rp-mass\" rel=\"noopener\"><img loading=\"lazy\" width=\"178\" height=\"100\" border=\"0\" src=\"https://s01.riotpixels.net/data/b5/4b/b54ba498-4057-4e4a-a896-7710cf2a47d7.jpg.240p.jpg\"></a><a target=\"_blank\" href=\"https://en.riotpixels.com/games/farlight-commanders/screenshots/11/?utm_source=emb-gfx-html&amp;utm_medium=image&amp;utm_campaign=rp-mass\" rel=\"noopener\"><img loading=\"lazy\" width=\"178\" height=\"100\" border=\"0\" src=\"https://s01.riotpixels.net/data/2a/a9/2aa9f3b4-d17f-4cca-bf9a-6b70c7ed7e2a.jpg.240p.jpg\"></a><a target=\"_blank\" href=\"https://en.riotpixels.com/games/farlight-commanders/screenshots/10/?utm_source=emb-gfx-html&amp;utm_medium=image&amp;utm_campaign=rp-mass\" rel=\"noopener\"><img loading=\"lazy\" width=\"178\" height=\"100\" border=\"0\" src=\"https://s01.riotpixels.net/data/c5/5a/c55a65fb-6358-497c-929b-0d21ecfc86eb.jpg.240p.jpg\"></a><br><a target=\"_blank\" href=\"https://en.riotpixels.com/games/farlight-commanders/screenshots/4/?utm_source=emb-gfx-html&amp;utm_medium=image&amp;utm_campaign=rp-mass\" rel=\"noopener\"><img loading=\"lazy\" width=\"178\" height=\"100\" border=\"0\" src=\"https://s01.riotpixels.net/data/34/79/34796632-7d15-4de8-9f17-5c6a76f45725.jpg.240p.jpg\"></a><a target=\"_blank\" href=\"https://en.riotpixels.com/games/farlight-commanders/screenshots/3/?utm_source=emb-gfx-html&amp;utm_medium=image&amp;utm_campaign=rp-mass\" rel=\"noopener\"><img loading=\"lazy\" width=\"178\" height=\"100\" border=\"0\" src=\"https://s01.riotpixels.net/data/4a/6e/4a6e6d96-c570-4216-a1f4-346c89d1f39f.jpg.240p.jpg\"></a><a target=\"_blank\" href=\"https://en.riotpixels.com/games/farlight-commanders/screenshots/2/?utm_source=emb-gfx-html&amp;utm_medium=image&amp;utm_campaign=rp-mass\" rel=\"noopener\"><img loading=\"lazy\" width=\"178\" height=\"100\" border=\"0\" src=\"https://s01.riotpixels.net/data/92/94/929447fb-cba2-461d-8e09-42e52f5dbd0e.jpg.240p.jpg\"></a></p><h3>Repack Features</h3><ul><li>Based on FARLIGHT.COMMANDERS-TiNYiSO ISO release: tn-farlightcommanders.iso (2,427,648,000 bytes)</li><li>100% Lossless &amp; MD5 Perfect: all files are identical to originals after installation</li><li>NOTHING ripped, NOTHING re-encoded</li><li>Significantly smaller archive size (compressed from 2.3 to 1.1 GB)</li><li>Installation takes 1-2 minutes</li><li>After-install integrity check so you could make sure that everything installed properly</li><li>HDD space after installation: 10.6 GB</li><li>Language can be changed in game settings</li><li>At least 2 GB of free RAM (inc. virtual) required for installing this repack</li></ul><div ><div><h2>Game Description</h2></div><div >Since the first Farlight Explorers, the life in this galaxy is not easy. Near the core of the galaxy a rich mineral was discovered and the company who sent the explorers years ago wanted to control the planets. After many years of war, the corporation own more than half of the galaxy and they are exploiting the planets with tiranny. Pushed to the border of the galaxy, after new elections, the council is preparing a counterattack, using olds war spaceships in a desperate act, the council wants to force a truce, however people is tired of the war and each day the public opinion is decreasing. Players will team up to command one of the spaceships and liberate the planets.<p><b>Cooperate</b><br>Cooperate with your friends up to 4, crew a spaceship and fight in differents places. Each player will have an unique rol in the game. Commander, Soldier, Medic and Technician. During the space battle each part of the spaceship could suffer damage, so the crew members should repair it before everything is lost.</p><p><b>Spaceship</b><br>The Cantharis is a destroyer class destroyer used in the first war against the Corporation were the first Farlight Explorers colonists achieved to win the war destroying the Singularity Gate.Right now is an obsolete spaceship, however it has the best balance and the cost to produce it is really low.</p><p>The spaceship has 4 main stations. Drive, shields, energy, artillery. Each station has unique actions</p><p>so handle your crew wisely in each station to win different battles.</p><p><b>Landing</b><br>Land with your crew and conquest the enemy Base in order to claim the planet.</p></div></div>             </div>"
}