{
    "link": "https://fitgirl-repacks.site/farmer-life-simulator/",
    "title": "Farmer Life Simulator",
    "first_img": "https://i7.imageban.ru/out/2021/08/22/7833865412b300b5276fc92226d249c0.jpg",
    "second_img": "https://s01.riotpixels.net/data/3e/d4/3ed4de00-b628-4fd4-92c1-8c8b2593548e.jpg.240p.jpg",
    "body": "<div ><h2>Farmer Life Simulator</h2><p ><div><a target=\"_blank\" href=\"https://en.riotpixels.com/games/farmer-life-simulator/\" rel=\"noopener\"><img class=\"alignleft\" width=\"150\" src=\"https://i7.imageban.ru/out/2021/08/22/7833865412b300b5276fc92226d249c0.jpg\"></a></div><br>Genres/Tags: <strong>Managerial, Strategy, Simulation, 3D</strong><br>Company: <strong>DNA ARMY GAMING</strong><br>Languages: <strong>ENG/MULTI8</strong><br>Original Size: <strong>8.7 GB</strong><br>Repack Size: <strong>6 GB</strong></p>&nbsp;<div>&nbsp;</div><h3>Download Mirrors</h3><ul><li><a href=\"https://1337x.to/torrent/4960699/Farmer-Life-Simulator-MULTi8-FitGirl-Repack/\" target=\"_blank\" rel=\"noopener\">1337x</a> | [<a href=\"magnet:?xt=urn:btih:4229C1EAD686F45FBD61DC1707D532CDEA9238F1&amp;dn=Farmer+Life+Simulator+%28MULTi8%29+%5BFitGirl+Repack%5D&amp;tr=udp%3A%2F%2F46.148.18.250%3A2710&amp;tr=udp%3A%2F%2Fopentor.org%3A2710&amp;tr=udp%3A%2F%2Ftracker.coppersurfer.tk%3A6969%2Fannounce&amp;tr=udp%3A%2F%2Ftracker.opentrackr.org%3A1337%2Fannounce&amp;tr=http%3A%2F%2Ftracker.dler.org%3A6969%2Fannounce&amp;tr=udp%3A%2F%2Ftracker.leechers-paradise.org%3A6969%2Fannounce&amp;tr=udp%3A%2F%2F9.rarbg.me%3A2730%2Fannounce&amp;tr=udp%3A%2F%2F9.rarbg.to%3A2770%2Fannounce&amp;tr=udp%3A%2F%2Ftracker.pirateparty.gr%3A6969%2Fannounce&amp;tr=http%3A%2F%2Fretracker.local%2Fannounce&amp;tr=http%3A%2F%2Fretracker.ip.ncnet.ru%2Fannounce&amp;tr=udp%3A%2F%2Fexodus.desync.com%3A6969%2Fannounce&amp;tr=udp%3A%2F%2Fipv4.tracker.harry.lu%3A80%2Fannounce&amp;tr=udp%3A%2F%2Fopen.stealth.si%3A80%2Fannounce&amp;tr=udp%3A%2F%2Ftracker.zer0day.to%3A1337%2Fannounce&amp;tr=udp%3A%2F%2Ftracker.leechers-paradise.org%3A6969%2Fannounce&amp;tr=udp%3A%2F%2Fcoppersurfer.tk%3A6969%2Fannounce\">magnet</a>] [<a href=\"https://pastefg.hermietkreeft.site/?82ed778eb4345b7b#BNYa5ch531jRe8YwzSWAfSrmd3bri72pnqeWUENWtgvU\" target=\"_blank\" rel=\"noopener\">.torrent file only</a>] <br><img src=\"https://torrent-stats.info/dc17/3ea2cd6e7.png\" style=\"display:block;clear:both\"></li><li><a href=\"https://tapochek.net/viewtopic.php?p=2796172\" target=\"_blank\" rel=\"noopener\">Tapochek.net</a></li><li><a href=\"https://pastefg.hermietkreeft.site/?47d995cb6ebb5513#9gQD5kxTbM3NLrWcc8vzs64HuuDXE7K2T3SjL2Ndu1TF\" target=\"_blank\" rel=\"noopener\">Filehoster: MultiUpload</a> (10+ hosters, interchangeable) [Use <a href=\"http://jdownloader.org/jdownloader2\" target=\"_blank\" rel=\"noopener\">JDownloader2</a>]</li><li><a href=\"https://pastefg.hermietkreeft.site/?3887b18429cf5241#6oQMHyNy7bkiCqCcXachCm4XCYxqmcSR1G2sT3HCkQ81\" target=\"_blank\" rel=\"noopener\">Filehoster: PixelDrain</a></li><li><a href=\"https://pastefg.hermietkreeft.site/?fb9fab43725d0a34#AXGE1iqWHxM3Aezcc5mcYkkv2cb7D6MTPGnw7ZTbcKxG\" target=\"_blank\" rel=\"noopener\">Filehoster: ZippyShare</a></li><li><a href=\"https://pastefg.hermietkreeft.site/?35ef5cc37ce6b66d#9GefMzuK2d3LHXYZAJEjAfWGqCb9RuEjN81bBAdNtGLE\" target=\"_blank\" rel=\"noopener\">Filehoster: LetsUpload</a> [Use <a href=\"http://jdownloader.org/jdownloader2\" target=\"_blank\" rel=\"noopener\">JDownloader2</a>]</li><li><a href=\"https://pastefg.hermietkreeft.site/?b315d2b3da5da9b2#HKYwoPMcFgmAq4j3KeBa8fbSJCjcvDhos8Gm2QXNh4Hj\" target=\"_blank\" rel=\"noopener\">Filehoster: OneDrive</a> (Uploaded by DyR0 t(-_-t), NOT compatible with other mirrors)</li></ul><p><a href=\"https://cs.rin.ru/forum/viewtopic.php?f=10&amp;t=115280\" target=\"_blank\" rel=\"noopener\">Discussion and (possible) future updates on CS.RIN.RU thread</a></p><h3>Screenshots (Click to enlarge)</h3><p><a target=\"_blank\" href=\"https://en.riotpixels.com/games/farmer-life-simulator/screenshots/21/?utm_source=emb-gfx-html&amp;utm_medium=image&amp;utm_campaign=rp-mass\" rel=\"noopener\"><img loading=\"lazy\" width=\"178\" height=\"100\" border=\"0\" src=\"https://s01.riotpixels.net/data/3e/d4/3ed4de00-b628-4fd4-92c1-8c8b2593548e.jpg.240p.jpg\"></a><a target=\"_blank\" href=\"https://en.riotpixels.com/games/farmer-life-simulator/screenshots/12/?utm_source=emb-gfx-html&amp;utm_medium=image&amp;utm_campaign=rp-mass\" rel=\"noopener\"><img loading=\"lazy\" width=\"178\" height=\"100\" border=\"0\" src=\"https://s01.riotpixels.net/data/5d/4d/5d4da8c6-c75d-4e74-988d-14400749b13a.jpg.240p.jpg\"></a><a target=\"_blank\" href=\"https://en.riotpixels.com/games/farmer-life-simulator/screenshots/10/?utm_source=emb-gfx-html&amp;utm_medium=image&amp;utm_campaign=rp-mass\" rel=\"noopener\"><img loading=\"lazy\" width=\"178\" height=\"100\" border=\"0\" src=\"https://s01.riotpixels.net/data/5f/07/5f073c77-ec86-4c16-99b3-4021cfb77234.jpg.240p.jpg\"></a><br><a target=\"_blank\" href=\"https://en.riotpixels.com/games/farmer-life-simulator/screenshots/6/?utm_source=emb-gfx-html&amp;utm_medium=image&amp;utm_campaign=rp-mass\" rel=\"noopener\"><img loading=\"lazy\" width=\"178\" height=\"100\" border=\"0\" src=\"https://s01.riotpixels.net/data/80/9b/809b3eff-adb6-4ad6-a0cd-b71a827d8532.jpg.240p.jpg\"></a><a target=\"_blank\" href=\"https://en.riotpixels.com/games/farmer-life-simulator/screenshots/4/?utm_source=emb-gfx-html&amp;utm_medium=image&amp;utm_campaign=rp-mass\" rel=\"noopener\"><img loading=\"lazy\" width=\"178\" height=\"100\" border=\"0\" src=\"https://s01.riotpixels.net/data/b3/c5/b3c55129-0047-4714-a1d6-87e0cd6206ad.jpg.240p.jpg\"></a><a target=\"_blank\" href=\"https://en.riotpixels.com/games/farmer-life-simulator/screenshots/1/?utm_source=emb-gfx-html&amp;utm_medium=image&amp;utm_campaign=rp-mass\" rel=\"noopener\"><img loading=\"lazy\" width=\"178\" height=\"100\" border=\"0\" src=\"https://s01.riotpixels.net/data/2f/3a/2f3aec83-ee88-44ef-8383-5d72054bc3a7.jpg.240p.jpg\"></a></p><h3>Repack Features</h3><ul><li>Based on Farmer.Life.Simulator-DOGE ISO release: wow-farmer.life.simulator.iso (9,377,699,840 bytes)</li><li>100% Lossless &amp; MD5 Perfect: all files are identical to originals after installation</li><li>NOTHING ripped, NOTHING re-encoded</li><li>Significantly smaller archive size (compressed from 8.7 to 6 GB)</li><li>Installation takes 2-3 minutes</li><li>After-install integrity check so you could make sure that everything installed properly</li><li>HDD space after installation: 15.7 GB</li><li>Language can be changed in game settings</li><li>At least 2 GB of free RAM (inc. virtual) required for installing this repack</li></ul><div ><div><h2>Game Description</h2></div><div >Farmer Life Simulator is a game where you Live in a small house beside your farm on top of a hill. <p>You can buy lands, grow crops, trade-in vegetables and fruits.</p><p>You Can load the crops on your truck and travel to the town to sell large quantities of fruits and vegetables, or you can sell them in your own shop!</p><p>Have fun driving your vehicle through cliffs and unpaved roads. In the town, you will find many shops that you can interact with and buy from them. you can also buy shops and start your own new business in the town!</p></div></div>             </div>"
}