{
    "link": "https://fitgirl-repacks.site/farming-life/",
    "title": "Farming Life",
    "first_img": "https://i6.imageban.ru/out/2021/10/19/ff10fe44dfddb9a02db569f74199ec6f.jpg",
    "second_img": "https://s01.riotpixels.net/data/aa/e0/aae02049-a01b-42fa-bc15-223f411e0889.jpg.240p.jpg",
    "body": "<div ><h2>Farming Life</h2><p ><div><a target=\"_blank\" href=\"https://en.riotpixels.com/games/farming-life/\" rel=\"noopener\"><img class=\"alignleft\" width=\"150\" src=\"https://i6.imageban.ru/out/2021/10/19/ff10fe44dfddb9a02db569f74199ec6f.jpg\"></a></div><br>Genres/Tags: <strong>Managerial, Isometric, 3D</strong><br>Companies: <strong>\u25b2 Pyramid Games, Gaming Factory S.A., Ultimate Games S.A.</strong><br>Languages: <strong>RUS/ENG/MULTI8</strong><br>Original Size: <strong>843 MB</strong><br>Repack Size: <strong>539 MB</strong></p>&nbsp;<div>&nbsp;</div><h3>Download Mirrors</h3><ul><li><a href=\"https://1337x.to/torrent/5023239/Farming-Life-MULTi8-FitGirl-Repack/\" target=\"_blank\" rel=\"noopener\">1337x</a> | [<a href=\"magnet:?xt=urn:btih:26948EE5035E06DAA9278CF0A1A1876F9B15D727&amp;dn=Farming+Life+%28MULTi8%29+%5BFitGirl+Repack%5D&amp;tr=udp%3A%2F%2F46.148.18.250%3A2710&amp;tr=udp%3A%2F%2Fopentor.org%3A2710&amp;tr=udp%3A%2F%2Ftracker.coppersurfer.tk%3A6969%2Fannounce&amp;tr=udp%3A%2F%2Ftracker.opentrackr.org%3A1337%2Fannounce&amp;tr=http%3A%2F%2Ftracker.dler.org%3A6969%2Fannounce&amp;tr=udp%3A%2F%2Ftracker.leechers-paradise.org%3A6969%2Fannounce&amp;tr=udp%3A%2F%2F9.rarbg.me%3A2730%2Fannounce&amp;tr=udp%3A%2F%2F9.rarbg.to%3A2770%2Fannounce&amp;tr=udp%3A%2F%2Ftracker.pirateparty.gr%3A6969%2Fannounce&amp;tr=http%3A%2F%2Fretracker.local%2Fannounce&amp;tr=http%3A%2F%2Fretracker.ip.ncnet.ru%2Fannounce&amp;tr=udp%3A%2F%2Fexodus.desync.com%3A6969%2Fannounce&amp;tr=udp%3A%2F%2Fipv4.tracker.harry.lu%3A80%2Fannounce&amp;tr=udp%3A%2F%2Fopen.stealth.si%3A80%2Fannounce&amp;tr=udp%3A%2F%2Ftracker.zer0day.to%3A1337%2Fannounce&amp;tr=udp%3A%2F%2Ftracker.leechers-paradise.org%3A6969%2Fannounce&amp;tr=udp%3A%2F%2Fcoppersurfer.tk%3A6969%2Fannounce\">magnet</a>] [<a href=\"https://pastefg.hermietkreeft.site/?69bfdd2107a69442#A2zwRBdPhnCkp78cNERMFAtAFPBqwRmaaFRf65p3TyCE\" target=\"_blank\" rel=\"noopener\">.torrent file only</a>] <br><img src=\"https://torrent-stats.info/8cf0/28b020b10.png\" style=\"display:block;clear:both\"></li><li><a href=\"http://rutor.info/torrent/840436/farming-life-2021-pc-repack-ot-fitgirl\" target=\"_blank\" rel=\"noopener\">RuTor</a> [<a href=\"magnet:?xt=urn:btih:26948ee5035e06daa9278cf0a1a1876f9b15d727&amp;dn=rutor.info_Farming+Life+%282021%29+PC+%7C+RePack+%D0%BE%D1%82+FitGirl&amp;tr=udp://opentor.net:6969&amp;tr=udp://opentor.org:2710&amp;tr=http://retracker.local/announce\">magnet</a>]</li><li><a href=\"https://tapochek.net/viewtopic.php?p=2806602\" target=\"_blank\" rel=\"noopener\">Tapochek.net</a></li><li><a href=\"https://pastefg.hermietkreeft.site/?1d926ccc6e27605b#C9fVCr2Bu4ou2HSWguMDMM7UUS433vgEWa4DkTeuvNAs\" target=\"_blank\" rel=\"noopener\">Filehoster: MultiUpload</a> (10+ hosters, interchangeable) [Use <a href=\"http://jdownloader.org/jdownloader2\" target=\"_blank\" rel=\"noopener\">JDownloader2</a>]</li><li><a href=\"https://pastefg.hermietkreeft.site/?b73b3a450d3b7eda#6jvnuC8jkRy3BFsDbykzPC2kc9T9wBJM38U3gYRDQEUn\" target=\"_blank\" rel=\"noopener\">Filehoster: PixelDrain</a></li><li><a href=\"https://pastefg.hermietkreeft.site/?d7c9e687ea7a8599#4Beg6EPnURKMQmMFLzjNDQ5bYrRnWC1eFwUgasEGotQg\" target=\"_blank\" rel=\"noopener\">Filehoster: ZippyShare</a></li><li><a href=\"https://pastefg.hermietkreeft.site/?9a1a12637c2a0491#9Utuu6FpTg9EGAMhpzDWsmAbLQZM3LLtGtQWrgraFXSe\" target=\"_blank\" rel=\"noopener\">Filehoster: LetsUpload</a> [Use <a href=\"http://jdownloader.org/jdownloader2\" target=\"_blank\" rel=\"noopener\">JDownloader2</a>]</li><li><a href=\"https://pastefg.hermietkreeft.site/?43ffb3aa6bc1a988#9hKcLQps9dQPgST5EoKMruZCVCS5nagdqcEJoSXXdptg\" target=\"_blank\" rel=\"noopener\">Filehoster: OneDrive</a> (Uploaded by DyR0 t(-_-t), NOT compatible with other mirrors)</li><li><a href=\"https://crackhub.site/farming-life-fitgirl-repack/\" target=\"_blank\" rel=\"noopener\">Filehosters: Google Drive, OneDrive + others</a> (Uploaded by crackhub213)</li></ul><p><a href=\"https://cs.rin.ru/forum/viewtopic.php?f=10&amp;t=97914\" target=\"_blank\" rel=\"noopener\">Discussion and (possible) future updates on CS.RIN.RU thread</a></p><h3>Screenshots (Click to enlarge)</h3><p><a target=\"_blank\" href=\"https://en.riotpixels.com/games/farming-life/screenshots/21/?utm_source=emb-gfx-html&amp;utm_medium=image&amp;utm_campaign=rp-mass\" rel=\"noopener\"><img loading=\"lazy\" width=\"178\" height=\"100\" border=\"0\" src=\"https://s01.riotpixels.net/data/aa/e0/aae02049-a01b-42fa-bc15-223f411e0889.jpg.240p.jpg\"></a><a target=\"_blank\" href=\"https://en.riotpixels.com/games/farming-life/screenshots/20/?utm_source=emb-gfx-html&amp;utm_medium=image&amp;utm_campaign=rp-mass\" rel=\"noopener\"><img loading=\"lazy\" width=\"178\" height=\"100\" border=\"0\" src=\"https://s01.riotpixels.net/data/31/20/31202709-0756-4c0d-bfed-5430805150f6.jpg.240p.jpg\"></a><a target=\"_blank\" href=\"https://en.riotpixels.com/games/farming-life/screenshots/14/?utm_source=emb-gfx-html&amp;utm_medium=image&amp;utm_campaign=rp-mass\" rel=\"noopener\"><img loading=\"lazy\" width=\"178\" height=\"100\" border=\"0\" src=\"https://s01.riotpixels.net/data/30/b3/30b3b1b9-2891-44a4-91e7-417b3d73fd75.jpg.240p.jpg\"></a><br><a target=\"_blank\" href=\"https://en.riotpixels.com/games/farming-life/screenshots/5/?utm_source=emb-gfx-html&amp;utm_medium=image&amp;utm_campaign=rp-mass\" rel=\"noopener\"><img loading=\"lazy\" width=\"178\" height=\"100\" border=\"0\" src=\"https://s01.riotpixels.net/data/7a/da/7ada799f-9b80-445a-bb0a-da54bf63cb05.jpg.240p.jpg\"></a><a target=\"_blank\" href=\"https://en.riotpixels.com/games/farming-life/screenshots/4/?utm_source=emb-gfx-html&amp;utm_medium=image&amp;utm_campaign=rp-mass\" rel=\"noopener\"><img loading=\"lazy\" width=\"178\" height=\"100\" border=\"0\" src=\"https://s01.riotpixels.net/data/3c/3d/3c3df105-003b-4465-8560-b29eb4172176.jpg.240p.jpg\"></a><a target=\"_blank\" href=\"https://en.riotpixels.com/games/farming-life/screenshots/1/?utm_source=emb-gfx-html&amp;utm_medium=image&amp;utm_campaign=rp-mass\" rel=\"noopener\"><img loading=\"lazy\" width=\"178\" height=\"100\" border=\"0\" src=\"https://s01.riotpixels.net/data/d7/e1/d7e14a12-5768-46c4-994c-4519c595f76c.jpg.240p.jpg\"></a></p><h3>Repack Features</h3><ul><li>Based on Farming.Life-PLAZA ISO release: plaza-farming.life.iso (884,113,408 bytes)</li><li>100% Lossless &amp; MD5 Perfect: all files are identical to originals after installation</li><li>NOTHING ripped, NOTHING re-encoded</li><li>Smaller archive size (compressed from 843 to 539 MB)</li><li>Installation takes one minute</li><li>After-install integrity check so you could make sure that everything installed properly</li><li>HDD space after installation: 3 GB</li><li>Language can be changed in game settings</li><li>At least 2 GB of free RAM (inc. virtual) required for installing this repack</li></ul><div ><div><h2>Game Description</h2></div><div ><b>Become the greatest agricultural entrepreneur!</b><p>Are you tired of corporate life? Create your own farm from scratch! Plant vegetables and fruits, harvest crops, employ workers, take care of animals. Buy farm equipment, manage employees and just relax! After a hard day\u2019s work \u2013 chill out at a farm!</p><p>Build your own farm full of village houses, sheds and granaries. Build roads and design optimal fields with various crops. Choose what you want to plant or sow: apples, beetroots, cabbages, carrots, corns, leeks, onions, pepper, pumpkins, sunflowers, tomatoes, wheat.</p><p>Make sure the crops are watered and kept away from pests!</p><p>Remember to take care of your animals! Prepare a place to live for cats, chickens, cows, dogs, goats, geese, horses, pigs, ostriches, rabbits and sheep. Don\u2019t forget to feed them! Keeping them clean is also very important.</p><p>Running a big farm will teach you managing financial operations, recruiting human resources and most importantly being responsible for your crops and animals. Make your farm profitable and gain resources to develop it even more!</p><p>And remember: Always look on the bright side of a farm!</p></div></div>             </div>"
}