{
    "link": "https://fitgirl-repacks.site/fast-furious-spy-racers-rise-of-sh1ft3r/",
    "title": "Fast & Furious: Spy Racers \u2013 Rise of SH1FT3R",
    "first_img": "https://i4.imageban.ru/out/2021/11/06/b3475727580e16cdd8779adf1dea1173.jpg",
    "second_img": "https://s01.riotpixels.net/data/68/c8/68c8e6fa-2718-4be3-85db-f34583af5f2b.jpg.240p.jpg",
    "body": "<div ><h2>Fast & Furious: Spy Racers \u2013 Rise of SH1FT3R</h2><p ><div><a target=\"_blank\" href=\"https://en.riotpixels.com/games/fast-and-furious-spy-racers-rise-of-sh1ft3r/\" rel=\"noopener\"><img class=\"alignleft\" width=\"150\" src=\"https://i4.imageban.ru/out/2021/11/06/b3475727580e16cdd8779adf1dea1173.jpg\"></a></div><br>Genres/Tags: <strong>Arcade, Racing, Cars, Third-person, 3D</strong><br>Companies: <strong>3D Clouds, Outright Games Ltd.</strong><br>Languages: <strong>RUS/ENG/MULTI17</strong><br>Original Size: <strong>2.5 GB</strong><br>Repack Size: <strong>1.4 GB</strong></p>&nbsp;<div>&nbsp;</div><h3>Download Mirrors</h3><ul><li><a href=\"https://1337x.to/torrent/5042903/Fast-Furious-Spy-Racers-Rise-of-SH1FT3R-MULTi17-FitGirl-Repack/\" target=\"_blank\" rel=\"noopener\">1337x</a> | [<a href=\"magnet:?xt=urn:btih:15F9CD9517B7B8E793ED74396A008F40F450BE5C&amp;dn=Fast+%26amp%3B+Furious%3A+Spy+Racers+-+Rise+of+SH1FT3R+%28MULTi17%29+%5BFitGirl+Repack%5D&amp;tr=udp%3A%2F%2F46.148.18.250%3A2710&amp;tr=udp%3A%2F%2Fopentor.org%3A2710&amp;tr=udp%3A%2F%2Ftracker.coppersurfer.tk%3A6969%2Fannounce&amp;tr=udp%3A%2F%2Ftracker.opentrackr.org%3A1337%2Fannounce&amp;tr=http%3A%2F%2Ftracker.dler.org%3A6969%2Fannounce&amp;tr=udp%3A%2F%2Ftracker.leechers-paradise.org%3A6969%2Fannounce&amp;tr=udp%3A%2F%2F9.rarbg.me%3A2730%2Fannounce&amp;tr=udp%3A%2F%2F9.rarbg.to%3A2770%2Fannounce&amp;tr=udp%3A%2F%2Ftracker.pirateparty.gr%3A6969%2Fannounce&amp;tr=http%3A%2F%2Fretracker.local%2Fannounce&amp;tr=http%3A%2F%2Fretracker.ip.ncnet.ru%2Fannounce&amp;tr=udp%3A%2F%2Fexodus.desync.com%3A6969%2Fannounce&amp;tr=udp%3A%2F%2Fipv4.tracker.harry.lu%3A80%2Fannounce&amp;tr=udp%3A%2F%2Fopen.stealth.si%3A80%2Fannounce&amp;tr=udp%3A%2F%2Ftracker.zer0day.to%3A1337%2Fannounce&amp;tr=udp%3A%2F%2Ftracker.leechers-paradise.org%3A6969%2Fannounce&amp;tr=udp%3A%2F%2Fcoppersurfer.tk%3A6969%2Fannounce\">magnet</a>] [<a href=\"https://pastefg.hermietkreeft.site/?2120234ef4d258fe#BnwbV7SH2LpvjxbSwV6rUkZvRqv8KAFY4K8smWAUm92u\" target=\"_blank\" rel=\"noopener\">.torrent file only</a>] <br><img src=\"https://torrent-stats.info/7439/21be12b05.png\" style=\"display:block;clear:both\"></li><li><a href=\"http://rutor.info/torrent/844120/fast-furious-spy-racers-rise-of-sh1ft3r-2021-pc-repack-ot-fitgirl\" target=\"_blank\" rel=\"noopener\">RuTor</a> [<a href=\"magnet:?xt=urn:btih:15f9cd9517b7b8e793ed74396a008f40f450be5c&amp;dn=rutor.info_Fast+%26+Furious%3A+Spy+Racers+-+Rise+of+SH1FT3R+%282021%29+PC+%7C+Repack+%D0%BE%D1%82+FitGirl&amp;tr=udp://opentor.net:6969&amp;tr=udp://opentor.org:2710&amp;tr=http://retracker.local/announce\">magnet</a>]</li><li><a href=\"https://tapochek.net/viewtopic.php?p=2810299\" target=\"_blank\" rel=\"noopener\">Tapochek.net</a></li><li><a href=\"https://pastefg.hermietkreeft.site/?656f6a28b9a7cbd3#5RcmdNXjBbT6UGdPWi1x9Sje5K3wJMBrW99gnhFpod1T\" target=\"_blank\" rel=\"noopener\">Filehoster: MultiUpload</a> (10+ hosters, interchangeable) [Use <a href=\"http://jdownloader.org/jdownloader2\" target=\"_blank\" rel=\"noopener\">JDownloader2</a>]</li><li><a href=\"https://pastefg.hermietkreeft.site/?8bc8b03c47755599#9VfMvSr1sbm8kVs8NqxUP4sbAxFWNTwvnSLAAwsuQpVV\" target=\"_blank\" rel=\"noopener\">Filehoster: ZippyShare</a></li><li><a href=\"https://pastefg.hermietkreeft.site/?fcac450bda1976f1#E5bbkiMSLxSx4oo864rF5bqsU6ZzJ16Wi6KndbWuR67B\" target=\"_blank\" rel=\"noopener\">Filehoster: BayFiles</a></li><li><a href=\"https://pastefg.hermietkreeft.site/?6556a7d2e6a2a50c#8hSncgs72aiU8CFPFG9AmduhPQS5WLUVuKSgq55QyimS\" target=\"_blank\" rel=\"noopener\">Filehoster: LetsUpload</a> [Use <a href=\"http://jdownloader.org/jdownloader2\" target=\"_blank\" rel=\"noopener\">JDownloader2</a>]</li><li><a href=\"https://pastefg.hermietkreeft.site/?7e0298f1c1dab1ff#FimUCqwo5232GpbrE7VUZzjhnok89P98cAoAsWn2WgkQ\" target=\"_blank\" rel=\"noopener\">Filehoster: OneDrive</a> (Uploaded by DyR0 t(-_-t), NOT compatible with other mirrors)</li><p><!--  <li><a href=\"\" target=\"_blank\" rel=\"noopener\">Filehosters: Google Drive, OneDrive + others</a> (Uploaded by crackhub213)</li>  --></p></ul><p><a href=\"https://cs.rin.ru/forum/viewtopic.php?f=10&amp;t=113680\" target=\"_blank\" rel=\"noopener\">Discussion and (possible) future updates on CS.RIN.RU thread</a></p><h3>Screenshots (Click to enlarge)</h3><p><a target=\"_blank\" href=\"https://en.riotpixels.com/games/fast-and-furious-spy-racers-rise-of-sh1ft3r/screenshots/6/?utm_source=emb-gfx-html&amp;utm_medium=image&amp;utm_campaign=rp-mass\" rel=\"noopener\"><img loading=\"lazy\" width=\"178\" height=\"100\" border=\"0\" src=\"https://s01.riotpixels.net/data/68/c8/68c8e6fa-2718-4be3-85db-f34583af5f2b.jpg.240p.jpg\"></a><a target=\"_blank\" href=\"https://en.riotpixels.com/games/fast-and-furious-spy-racers-rise-of-sh1ft3r/screenshots/5/?utm_source=emb-gfx-html&amp;utm_medium=image&amp;utm_campaign=rp-mass\" rel=\"noopener\"><img loading=\"lazy\" width=\"178\" height=\"100\" border=\"0\" src=\"https://s01.riotpixels.net/data/29/0b/290b650e-8933-43f4-9e92-ae77bb71e17e.jpg.240p.jpg\"></a><a target=\"_blank\" href=\"https://en.riotpixels.com/games/fast-and-furious-spy-racers-rise-of-sh1ft3r/screenshots/4/?utm_source=emb-gfx-html&amp;utm_medium=image&amp;utm_campaign=rp-mass\" rel=\"noopener\"><img loading=\"lazy\" width=\"178\" height=\"100\" border=\"0\" src=\"https://s01.riotpixels.net/data/5d/b3/5db39f82-2742-45a4-80dc-546415138d68.jpg.240p.jpg\"></a><br><a target=\"_blank\" href=\"https://en.riotpixels.com/games/fast-and-furious-spy-racers-rise-of-sh1ft3r/screenshots/3/?utm_source=emb-gfx-html&amp;utm_medium=image&amp;utm_campaign=rp-mass\" rel=\"noopener\"><img loading=\"lazy\" width=\"178\" height=\"100\" border=\"0\" src=\"https://s01.riotpixels.net/data/a3/c6/a3c60c88-feab-4f29-a239-99cb1283b7d3.jpg.240p.jpg\"></a><a target=\"_blank\" href=\"https://en.riotpixels.com/games/fast-and-furious-spy-racers-rise-of-sh1ft3r/screenshots/2/?utm_source=emb-gfx-html&amp;utm_medium=image&amp;utm_campaign=rp-mass\" rel=\"noopener\"><img loading=\"lazy\" width=\"178\" height=\"100\" border=\"0\" src=\"https://s01.riotpixels.net/data/b0/61/b0619d38-f91d-421f-abeb-74c33fbceba8.jpg.240p.jpg\"></a><a target=\"_blank\" href=\"https://en.riotpixels.com/games/fast-and-furious-spy-racers-rise-of-sh1ft3r/screenshots/1/?utm_source=emb-gfx-html&amp;utm_medium=image&amp;utm_campaign=rp-mass\" rel=\"noopener\"><img loading=\"lazy\" width=\"178\" height=\"100\" border=\"0\" src=\"https://s01.riotpixels.net/data/73/fa/73fa117b-17d0-465f-bb17-7c2cf7f82c83.jpg.240p.jpg\"></a></p><h3>Repack Features</h3><ul><li>Based on Fast.and.Furious.Spy.Racers.Rise.of.SH1FT3R-CODEX ISO release: codex-fast.and.furious.spy.racers.rise.of.sh1ft3r.iso (2,654,633,984 bytes)</li><li>100% Lossless &amp; MD5 Perfect: all files are identical to originals after installation</li><li>NOTHING ripped, NOTHING re-encoded</li><li>Significantly smaller archive size (compressed from 2.5 to 1.4 GB)</li><li>Installation takes 1-2 minutes</li><li>After-install integrity check so you could make sure that everything installed properly</li><li>HDD space after installation: 2.5 GB</li><li>Language can be changed in game settings</li><li>Repack uses XTool library by Razor12911</li></ul><div ><div><h2>Game Description</h2></div><div ><b>SH1FT3R IS BACK!</b><br>The criminal organization, SH1FT3R, is on the rise, now it\u2019s time for you to stop their plans! Get ready to trigger traps, hit speed boosts, and out-race the competition to claim victory. To be the champion, you\u2019ll need to beat the growing threat of SH1FT3R in a high-stakes, adrenaline-fueled racing tournament from the South Pacific to the Sahara Desert and more! Or grab your friends and warm up those tires with up to 6 players online or 2 player local multiplayer; there\u2019s no shortage of action to keep the whole crew entertained.<p><b>FIGHT TO THE FINISH LINE!</b><br>Get behind the wheel of all your favorite Spy Racers vehicles and show SH1FT3R you didn\u2019t come to lose. You\u2019ll need to use your brains, speed, and secret shortcuts hidden within levels to edge ahead and claim victory. But that\u2019s not all, your car comes equipped with spy gadgets that will help you boost past rivals with superchargers, blind them with paintball bullets, or use your character\u2019s unique Spy Skills to push through the pack!</p><p><b>CHASE YOUR LEGACY!</b><br>With 17 pulse pounding tracks across 5 locations, you\u2019ll need to master them all to prove you\u2019re the best racer around. Play as 13 racers, including SH1FT3R in Quick Race and Online Multiplayer, and use the unique spy gear for each one. Ride out and race your way to victory!</p><p><b><h3>Game Features</h3></b></p><ul><li><b>Join the Spy Racers</b> \u2013 Become your favorite Spy Racers character, including Tony Toretto, Echo, Cisco and Layla Gray.</li><li><b>The World is Your Track</b> \u2013 Race from the South Pacific to the Sahara Desert and more!</li><li><b>Take Down Challengers</b> \u2013 Compete in couch co-op with a friend or play online</li><li><b>Customization is Key</b> \u2013 Customize your vehicle with unlockable skins, upgrade your HQ spy gear and more!</li><li><b>PLAY</b>\u2013 local co-op with a friend or play online multiplayer with up to 5 other people.</li></ul></div></div>             </div>"
}