{
    "link": "https://fitgirl-repacks.site/firelight-fantasy-phoenix-crew/",
    "title": "Firelight Fantasy: Phoenix Crew",
    "first_img": "https://i2.imageban.ru/out/2021/08/17/0a9ce7e9a0d67f66184b50311513215d.jpg",
    "second_img": "https://s01.riotpixels.net/data/49/df/49dfb0c0-97fa-4885-8ac5-1cc539dfdb20.jpg.240p.jpg",
    "body": "<div ><h2>Firelight Fantasy: Phoenix Crew</h2><p ><div><a target=\"_blank\" href=\"https://en.riotpixels.com/games/firelight-fantasy-phoenix-crew/\" rel=\"noopener\"><img class=\"alignleft\" width=\"150\" src=\"https://i2.imageban.ru/out/2021/08/17/0a9ce7e9a0d67f66184b50311513215d.jpg\"></a></div><br>Genres/Tags: <strong>Action, Medieval, Third-person, 3D</strong><br>Company: <strong>Firelight Interactive</strong><br>Languages: <strong>RUS/ENG/MULTI14</strong><br>Original Size: <strong>3.6 GB</strong><br>Repack Size: <strong>2.3 GB</strong></p>&nbsp;<div>&nbsp;</div><h3>Download Mirrors</h3><ul><li><a href=\"https://1337x.to/torrent/4954797/Firelight-Fantasy-Phoenix-Crew-MULTi14-FitGirl-Repack/\" target=\"_blank\" rel=\"noopener\">1337x</a> | [<a href=\"magnet:?xt=urn:btih:96EB22C572F154DB598F440A7E4E477E929E335B&amp;dn=Firelight+Fantasy%3A+Phoenix+Crew+%28MULTi14%29+%5BFitGirl+Repack%5D&amp;tr=udp%3A%2F%2F46.148.18.250%3A2710&amp;tr=udp%3A%2F%2Fopentor.org%3A2710&amp;tr=udp%3A%2F%2Ftracker.coppersurfer.tk%3A6969%2Fannounce&amp;tr=udp%3A%2F%2Ftracker.opentrackr.org%3A1337%2Fannounce&amp;tr=http%3A%2F%2Ftracker.dler.org%3A6969%2Fannounce&amp;tr=udp%3A%2F%2Ftracker.leechers-paradise.org%3A6969%2Fannounce&amp;tr=udp%3A%2F%2F9.rarbg.me%3A2730%2Fannounce&amp;tr=udp%3A%2F%2F9.rarbg.to%3A2770%2Fannounce&amp;tr=udp%3A%2F%2Ftracker.pirateparty.gr%3A6969%2Fannounce&amp;tr=http%3A%2F%2Fretracker.local%2Fannounce&amp;tr=http%3A%2F%2Fretracker.ip.ncnet.ru%2Fannounce&amp;tr=udp%3A%2F%2Fexodus.desync.com%3A6969%2Fannounce&amp;tr=udp%3A%2F%2Fipv4.tracker.harry.lu%3A80%2Fannounce&amp;tr=udp%3A%2F%2Fopen.stealth.si%3A80%2Fannounce&amp;tr=udp%3A%2F%2Ftracker.zer0day.to%3A1337%2Fannounce&amp;tr=udp%3A%2F%2Ftracker.leechers-paradise.org%3A6969%2Fannounce&amp;tr=udp%3A%2F%2Fcoppersurfer.tk%3A6969%2Fannounce\">magnet</a>] [<a href=\"https://pastefg.hermietkreeft.site/?6969174a2291fc80#hj8GD4vQRK5JxQug9Y6FtscHBoi1ftw9iCL3KYKuWuv\" target=\"_blank\" rel=\"noopener\">.torrent file only</a>] <br><img src=\"https://torrent-stats.info/440a/135756384.png\" style=\"display:block;clear:both\"></li><li><a href=\"http://rutor.info/torrent/830064/firelight-fantasy-phoenix-crew-2021-pc-repack-ot-fitgirl\" target=\"_blank\" rel=\"noopener\">RuTor</a> [<a href=\"magnet:?xt=urn:btih:96eb22c572f154db598f440a7e4e477e929e335b&amp;dn=rutor.info_Firelight+Fantasy%3A+Phoenix+Crew+%282021%29+PC+%7C+RePack+%D0%BE%D1%82+FitGirl&amp;tr=udp://opentor.org:2710&amp;tr=udp://opentor.org:2710&amp;tr=http://retracker.local/announce\">magnet</a>]</li><li><a href=\"https://tapochek.net/viewtopic.php?p=2795057\" target=\"_blank\" rel=\"noopener\">Tapochek.net</a></li><li><a href=\"https://pastefg.hermietkreeft.site/?3a8f6dcff6165289#397ZgQiCnwMurcE9tPaJ3wCPGMGKwCNG1bhnGWAb5ypT\" target=\"_blank\" rel=\"noopener\">Filehoster: MultiUpload</a> (10+ hosters, interchangeable) [Use <a href=\"http://jdownloader.org/jdownloader2\" target=\"_blank\" rel=\"noopener\">JDownloader2</a>]</li><li><a href=\"https://pastefg.hermietkreeft.site/?8762d34e65ec6e27#5jAq1xJpofHXEe1TEbZCcMyEhrgDDojZe2zXrJGDBHBo\" target=\"_blank\" rel=\"noopener\">Filehoster: PixelDrain</a></li><li><a href=\"https://pastefg.hermietkreeft.site/?30f281925b551d20#9SVanNCEeQs9nvQ5bkFEMnxGbCbZtMtSYi9gWTVuR9Re\" target=\"_blank\" rel=\"noopener\">Filehoster: ZippyShare</a></li><li><a href=\"https://pastefg.hermietkreeft.site/?ecd64df6f7ce05b4#35RBKeYrbWxNRpMxN5p7LcVUuJBzqQ7Jr4btJFuLursk\" target=\"_blank\" rel=\"noopener\">Filehoster: LetsUpload</a> [Use <a href=\"http://jdownloader.org/jdownloader2\" target=\"_blank\" rel=\"noopener\">JDownloader2</a>]</li><li><a href=\"https://pastefg.hermietkreeft.site/?84f08815ef4896ad#4x2pANsybPjVUPJ9L3KMm5zAbm2nFTkes6kjV7TH5LXJ\" target=\"_blank\" rel=\"noopener\">Filehoster: OneDrive</a> (Uploaded by DyR0 t(-_-t), NOT compatible with other mirrors)</li></ul><p><a href=\"https://cs.rin.ru/forum/viewtopic.php?f=10&amp;t=115207\" target=\"_blank\" rel=\"noopener\">Discussion and (possible) future updates on CS.RIN.RU thread</a></p><h3>Screenshots (Click to enlarge)</h3><p><a target=\"_blank\" href=\"https://en.riotpixels.com/games/firelight-fantasy-phoenix-crew/screenshots/7/?utm_source=emb-gfx-html&amp;utm_medium=image&amp;utm_campaign=rp-mass\" rel=\"noopener\"><img loading=\"lazy\" width=\"178\" height=\"100\" border=\"0\" src=\"https://s01.riotpixels.net/data/49/df/49dfb0c0-97fa-4885-8ac5-1cc539dfdb20.jpg.240p.jpg\"></a><a target=\"_blank\" href=\"https://en.riotpixels.com/games/firelight-fantasy-phoenix-crew/screenshots/6/?utm_source=emb-gfx-html&amp;utm_medium=image&amp;utm_campaign=rp-mass\" rel=\"noopener\"><img loading=\"lazy\" width=\"178\" height=\"100\" border=\"0\" src=\"https://s01.riotpixels.net/data/c3/03/c303d761-2d0f-4635-b637-ec9723e20fc9.jpg.240p.jpg\"></a><a target=\"_blank\" href=\"https://en.riotpixels.com/games/firelight-fantasy-phoenix-crew/screenshots/5/?utm_source=emb-gfx-html&amp;utm_medium=image&amp;utm_campaign=rp-mass\" rel=\"noopener\"><img loading=\"lazy\" width=\"178\" height=\"100\" border=\"0\" src=\"https://s01.riotpixels.net/data/ef/df/efdff6fe-c1f5-4db0-9791-2a6c7ad0ef88.jpg.240p.jpg\"></a><br><a target=\"_blank\" href=\"https://en.riotpixels.com/games/firelight-fantasy-phoenix-crew/screenshots/3/?utm_source=emb-gfx-html&amp;utm_medium=image&amp;utm_campaign=rp-mass\" rel=\"noopener\"><img loading=\"lazy\" width=\"178\" height=\"100\" border=\"0\" src=\"https://s01.riotpixels.net/data/58/f4/58f42a6a-96e1-40bd-8668-0375a9f3c0ae.jpg.240p.jpg\"></a><a target=\"_blank\" href=\"https://en.riotpixels.com/games/firelight-fantasy-phoenix-crew/screenshots/2/?utm_source=emb-gfx-html&amp;utm_medium=image&amp;utm_campaign=rp-mass\" rel=\"noopener\"><img loading=\"lazy\" width=\"178\" height=\"100\" border=\"0\" src=\"https://s01.riotpixels.net/data/5e/c0/5ec0e923-f003-48d2-b885-cf8738427098.jpg.240p.jpg\"></a><a target=\"_blank\" href=\"https://en.riotpixels.com/games/firelight-fantasy-phoenix-crew/screenshots/1/?utm_source=emb-gfx-html&amp;utm_medium=image&amp;utm_campaign=rp-mass\" rel=\"noopener\"><img loading=\"lazy\" width=\"178\" height=\"100\" border=\"0\" src=\"https://s01.riotpixels.net/data/94/3d/943d3374-d378-4295-ba1a-fe6a64f31ed7.jpg.240p.jpg\"></a></p><h3>Repack Features</h3><ul><li>Based on Firelight.Fantasy.Phoenix.Crew-DOGE ISO release: wow-firelight.fantasy.phoenix.crew.iso (3,850,784,768 bytes)</li><li>100% Lossless &amp; MD5 Perfect: all files are identical to originals after installation</li><li>NOTHING ripped, NOTHING re-encoded</li><li>Significantly smaller archive size (compressed from 3.6 to 2.3 GB)</li><li>Installation takes 1-2 minutes</li><li>After-install integrity check so you could make sure that everything installed properly</li><li>HDD space after installation: 6.1 GB</li><li>Language can be changed in game settings</li><li>Repack uses XTool library by Razor12911</li><li>At least 2 GB of free RAM (inc. virtual) required for installing this repack</li></ul><div ><div><h2>Game Description</h2></div><div ><b>Firelight Fantasy: Phoenix Crew</b> is a game about spectacular sword battles from the third person.<br>This game is an action game based on Scandinavian mythology. Immerse yourself in the unusual story of how the Avov fortress was built.<p><b>MIGHTY GIANT</b><br>The mighty giant makes a very tempting offer to the gods. He is ready to build a wall around Asgard. After some deliberation, the gods gave their consent. However, what in return will they have to give the giant? Could this be some clever trick, or was the proposal made from the heart?</p><p><b>WRATH OF THE GODS</b><br>However, the fun is just beginning. The giant must build a wall around the fortress in just one day. Will he cope with this difficult task? It is difficult to give an answer. Otherwise, the giant will face the wrath of the gods and a tough confrontation. But first of all, you need to get to the fortress itself.</p><p><b>THUNDER STRIKE</b><br>When you make a promise, then you need to get down to deal and bring it to the end. This time you have to make a way through difficult lands. Opponents who were sent by the gods will be waiting for you so that you cannot be in time. But the fun is just beginning.</p><p><b><h3>Game Features</h3></b></p><ul><li>6 maps and a story based on the myth of the Avov fortress</li><li>Spectacular battles</li><li>Procedurally generated worlds</li><li>Different types of weapons and types of attacks</li><li>Enemies of different difficulty</li><li>Stunning soundtrack</li></ul></div></div>             </div>"
}