{
    "link": "https://fitgirl-repacks.site/first-class-escape-the-train-of-thought/",
    "title": "First Class Escape: The Train of Thought",
    "first_img": "https://i1.imageban.ru/out/2021/09/18/81ba70464706663681e7468d98a7f827.jpg",
    "second_img": "https://s01.riotpixels.net/data/fd/03/fd039677-df3c-4e48-82c6-9c9006470b00.jpg.240p.jpg",
    "body": "<div ><h2>First Class Escape: The Train of Thought</h2><p ><div><a target=\"_blank\" href=\"https://en.riotpixels.com/games/first-class-escape-the-train-of-thought/\" rel=\"noopener\"><img class=\"alignleft\" width=\"150\" src=\"https://i1.imageban.ru/out/2021/09/18/81ba70464706663681e7468d98a7f827.jpg\"></a></div><br>Genres/Tags: <strong>Adventure, First-Person, Puzzle-solving, 3D</strong><br>Company: <strong>0 Deer Soft Partnership</strong><br>Language: <strong>ENG</strong><br>Original Size: <strong>2.8 GB</strong><br>Repack Size: <strong>1.7 GB</strong></p>&nbsp;<div>&nbsp;</div><h3>Download Mirrors</h3><ul><li><a href=\"https://1337x.to/torrent/4987133/First-Class-Escape-The-Train-of-Thought-FitGirl-Repack/\" target=\"_blank\" rel=\"noopener\">1337x</a> | [<a href=\"magnet:?xt=urn:btih:B3B60C589C85602A92A9C55363961B675F2FDDCD&amp;dn=First+Class+Escape%3A+The+Train+of+Thought+%5BFitGirl+Repack%5D&amp;tr=udp%3A%2F%2F46.148.18.250%3A2710&amp;tr=udp%3A%2F%2Fopentor.org%3A2710&amp;tr=udp%3A%2F%2Ftracker.coppersurfer.tk%3A6969%2Fannounce&amp;tr=udp%3A%2F%2Ftracker.opentrackr.org%3A1337%2Fannounce&amp;tr=http%3A%2F%2Ftracker.dler.org%3A6969%2Fannounce&amp;tr=udp%3A%2F%2Ftracker.leechers-paradise.org%3A6969%2Fannounce&amp;tr=udp%3A%2F%2F9.rarbg.me%3A2730%2Fannounce&amp;tr=udp%3A%2F%2F9.rarbg.to%3A2770%2Fannounce&amp;tr=udp%3A%2F%2Ftracker.pirateparty.gr%3A6969%2Fannounce&amp;tr=http%3A%2F%2Fretracker.local%2Fannounce&amp;tr=http%3A%2F%2Fretracker.ip.ncnet.ru%2Fannounce&amp;tr=udp%3A%2F%2Fexodus.desync.com%3A6969%2Fannounce&amp;tr=udp%3A%2F%2Fipv4.tracker.harry.lu%3A80%2Fannounce&amp;tr=udp%3A%2F%2Fopen.stealth.si%3A80%2Fannounce&amp;tr=udp%3A%2F%2Ftracker.zer0day.to%3A1337%2Fannounce&amp;tr=udp%3A%2F%2Ftracker.leechers-paradise.org%3A6969%2Fannounce&amp;tr=udp%3A%2F%2Fcoppersurfer.tk%3A6969%2Fannounce\">magnet</a>] [<a href=\"https://pastefg.hermietkreeft.site/?f63eb4d24e89cd3f#BxpSUZi8KF7iBNzLdG6QYhHj2B9KfykC31BFqYnCTUXr\" target=\"_blank\" rel=\"noopener\">.torrent file only</a>] <br><img src=\"https://torrent-stats.info/c553/388107f3f.png\" style=\"display:block;clear:both\"></li><li><a href=\"https://tapochek.net/viewtopic.php?p=2800849\" target=\"_blank\" rel=\"noopener\">Tapochek.net</a></li><li><a href=\"https://pastefg.hermietkreeft.site/?d7a73a99dcf8953b#EBtUZMMSQjxJXNrS5P49rXKxAua2DAHdsszyXeByWXen\" target=\"_blank\" rel=\"noopener\">Filehoster: MultiUpload</a> (10+ hosters, interchangeable) [Use <a href=\"http://jdownloader.org/jdownloader2\" target=\"_blank\" rel=\"noopener\">JDownloader2</a>]</li><li><a href=\"https://pastefg.hermietkreeft.site/?87e1bbcbab31fa76#GSPAYFm42c59hTFE3cf2rGsUjdbgBY6pY5K2s3sk2TEV\" target=\"_blank\" rel=\"noopener\">Filehoster: PixelDrain</a></li><li><a href=\"https://pastefg.hermietkreeft.site/?c7eff90792f0dadf#BkF1JZuVTh1q3DobQrEsKSDM7U56D4PUtfRubuEPZY45\" target=\"_blank\" rel=\"noopener\">Filehoster: ZippyShare</a></li><li><a href=\"https://pastefg.hermietkreeft.site/?449ca3653c683419#GbAhF351kjVg1eBbsj2RAaEkAKUaSkUCfYLkXbFP2DEo\" target=\"_blank\" rel=\"noopener\">Filehoster: LetsUpload</a> [Use <a href=\"http://jdownloader.org/jdownloader2\" target=\"_blank\" rel=\"noopener\">JDownloader2</a>]</li><li><a href=\"https://pastefg.hermietkreeft.site/?e1ed600e6cc34847#3CAkcyoBNRAGYwc6Ae8rhP7YxLuEsk59RCFhZFKTbxYo\" target=\"_blank\" rel=\"noopener\">Filehoster: OneDrive</a> (Uploaded by DyR0 t(-_-t), NOT compatible with other mirrors)</li></ul><p><a href=\"https://cs.rin.ru/forum/viewtopic.php?f=10&amp;t=115906\" target=\"_blank\" rel=\"noopener\">Discussion and (possible) future updates on CS.RIN.RU thread</a></p><h3>Screenshots (Click to enlarge)</h3><p><a target=\"_blank\" href=\"https://en.riotpixels.com/games/first-class-escape-the-train-of-thought/screenshots/6/?utm_source=emb-gfx-html&amp;utm_medium=image&amp;utm_campaign=rp-mass\" rel=\"noopener\"><img loading=\"lazy\" width=\"239\" height=\"100\" border=\"0\" src=\"https://s01.riotpixels.net/data/fd/03/fd039677-df3c-4e48-82c6-9c9006470b00.jpg.240p.jpg\"></a><a target=\"_blank\" href=\"https://en.riotpixels.com/games/first-class-escape-the-train-of-thought/screenshots/5/?utm_source=emb-gfx-html&amp;utm_medium=image&amp;utm_campaign=rp-mass\" rel=\"noopener\"><img loading=\"lazy\" width=\"239\" height=\"100\" border=\"0\" src=\"https://s01.riotpixels.net/data/cd/28/cd28db53-f13e-4dcb-bfc1-d140895b07ef.jpg.240p.jpg\"></a><br><a target=\"_blank\" href=\"https://en.riotpixels.com/games/first-class-escape-the-train-of-thought/screenshots/4/?utm_source=emb-gfx-html&amp;utm_medium=image&amp;utm_campaign=rp-mass\" rel=\"noopener\"><img loading=\"lazy\" width=\"239\" height=\"100\" border=\"0\" src=\"https://s01.riotpixels.net/data/78/ad/78ad15e4-c89e-4010-bb3d-81d2dc6f265f.jpg.240p.jpg\"></a><a target=\"_blank\" href=\"https://en.riotpixels.com/games/first-class-escape-the-train-of-thought/screenshots/3/?utm_source=emb-gfx-html&amp;utm_medium=image&amp;utm_campaign=rp-mass\" rel=\"noopener\"><img loading=\"lazy\" width=\"239\" height=\"100\" border=\"0\" src=\"https://s01.riotpixels.net/data/bc/a9/bca9c623-5846-4f52-9615-60d2fe73be0f.jpg.240p.jpg\"></a><br><a target=\"_blank\" href=\"https://en.riotpixels.com/games/first-class-escape-the-train-of-thought/screenshots/2/?utm_source=emb-gfx-html&amp;utm_medium=image&amp;utm_campaign=rp-mass\" rel=\"noopener\"><img loading=\"lazy\" width=\"239\" height=\"100\" border=\"0\" src=\"https://s01.riotpixels.net/data/9c/c7/9cc7affd-c0b0-4adc-861e-fbac0c05b7c1.jpg.240p.jpg\"></a><a target=\"_blank\" href=\"https://en.riotpixels.com/games/first-class-escape-the-train-of-thought/screenshots/1/?utm_source=emb-gfx-html&amp;utm_medium=image&amp;utm_campaign=rp-mass\" rel=\"noopener\"><img loading=\"lazy\" width=\"239\" height=\"100\" border=\"0\" src=\"https://s01.riotpixels.net/data/03/c0/03c0be23-2233-4533-abe7-2d7f209d2544.jpg.240p.jpg\"></a></p><h3>Repack Features</h3><ul><li>Based on First.Class.Escape.The.Train.of.Thought-DOGE ISO release: wow-first.class.escape.the.train.of.thought.iso (3,030,056,960 bytes)</li><li>100% Lossless &amp; MD5 Perfect: all files are identical to originals after installation</li><li>NOTHING ripped, NOTHING re-encoded</li><li>Significantly smaller archive size (compressed from 2.8 to 1.7 GB)</li><li>Installation takes one minute</li><li>After-install integrity check so you could make sure that everything installed properly</li><li>HDD space after installation: 5.3 GB</li><li>At least 2 GB of free RAM (inc. virtual) required for installing this repack</li></ul><div ><div><h2>Game Description</h2></div><div ><p>\u201cFirst Class Escape: The Train of Thought\u201d is an escape room game, where you need to escape from a vintage luxury train.</p><p>You must make good use of your wits if you are to overcome the various puzzles you will encounter on the train.</p><p><b><h3>Game Features</h3></b></p><ul><li>You will get to explore a beautifully realized vintage train and experience its relaxing atmosphere</li><li>Wide variety of different kinds of puzzles from simple logic puzzles to complicated mechanical devices</li><li>Plenty of optional hidden collectibles to find</li></ul></div></div>             </div>"
}