{
    "link": "https://fitgirl-repacks.site/foreclosed/",
    "title": "FORECLOSED",
    "first_img": "https://i1.imageban.ru/out/2021/08/15/b55e97c1521f35b80b34e25a2912293b.jpg",
    "second_img": "https://s01.riotpixels.net/data/a7/90/a7906dcb-8e2b-4784-a8a2-cd8b07e3d7be.jpg.240p.jpg",
    "body": "<div ><h2>FORECLOSED</h2><p ><div><a target=\"_blank\" href=\"https://en.riotpixels.com/games/foreclosed/\" rel=\"noopener\"><img class=\"alignleft\" width=\"150\" src=\"https://i1.imageban.ru/out/2021/08/15/b55e97c1521f35b80b34e25a2912293b.jpg\"></a></div><br>Genres/Tags: <strong>Action, Shooter, Adventure, Cyberpunk, Third-person, 3D</strong><br>Companies: <strong>Antab Studio </strong><br>Languages: <strong>RUS/ENG/MULTI9</strong><br>Original Size: <strong>537 MB</strong><br>Repack Size: <strong>375 MB</strong></p>&nbsp;<div>&nbsp;</div><h3>Download Mirrors</h3><ul><li><a href=\"https://1337x.to/torrent/4953496/FORECLOSED-MULTi9-FitGirl-Repack/\" target=\"_blank\" rel=\"noopener\">1337x</a> | [<a href=\"magnet:?xt=urn:btih:2781198241A556BBA6E97CFE2C4D5F20900284F8&amp;dn=FORECLOSED+%28MULTi9%29+%5BFitGirl+Repack%5D&amp;tr=udp%3A%2F%2F46.148.18.250%3A2710&amp;tr=udp%3A%2F%2Fopentor.org%3A2710&amp;tr=udp%3A%2F%2Ftracker.coppersurfer.tk%3A6969%2Fannounce&amp;tr=udp%3A%2F%2Ftracker.opentrackr.org%3A1337%2Fannounce&amp;tr=http%3A%2F%2Ftracker.dler.org%3A6969%2Fannounce&amp;tr=udp%3A%2F%2Ftracker.leechers-paradise.org%3A6969%2Fannounce&amp;tr=udp%3A%2F%2F9.rarbg.me%3A2730%2Fannounce&amp;tr=udp%3A%2F%2F9.rarbg.to%3A2770%2Fannounce&amp;tr=udp%3A%2F%2Ftracker.pirateparty.gr%3A6969%2Fannounce&amp;tr=http%3A%2F%2Fretracker.local%2Fannounce&amp;tr=http%3A%2F%2Fretracker.ip.ncnet.ru%2Fannounce&amp;tr=udp%3A%2F%2Fexodus.desync.com%3A6969%2Fannounce&amp;tr=udp%3A%2F%2Fipv4.tracker.harry.lu%3A80%2Fannounce&amp;tr=udp%3A%2F%2Fopen.stealth.si%3A80%2Fannounce&amp;tr=udp%3A%2F%2Ftracker.zer0day.to%3A1337%2Fannounce&amp;tr=udp%3A%2F%2Ftracker.leechers-paradise.org%3A6969%2Fannounce&amp;tr=udp%3A%2F%2Fcoppersurfer.tk%3A6969%2Fannounce\">magnet</a>] [<a href=\"https://pastefg.hermietkreeft.site/?bd9865a59eabd4e0#Gsz8n2J4vK1unZ5Un3FGyNXPCA9rS2HxsbhyHKcMSpZw\" target=\"_blank\" rel=\"noopener\">.torrent file only</a>] <br><img src=\"https://torrent-stats.info/7cfe/2385846ea.png\" style=\"display:block;clear:both\"></li><li><a href=\"http://rutor.info/torrent/829917/foreclosed-2021-pc-repack-ot-fitgirl\" target=\"_blank\" rel=\"noopener\">RuTor</a> [<a href=\"magnet:?xt=urn:btih:2781198241a556bba6e97cfe2c4d5f20900284f8&amp;dn=rutor.info_FORECLOSED+%282021%29+PC+%7C+RePack+%D0%BE%D1%82+FitGirl&amp;tr=udp://opentor.org:2710&amp;tr=udp://opentor.org:2710&amp;tr=http://retracker.local/announce\">magnet</a>]</li><li><a href=\"https://tapochek.net/viewtopic.php?p=2794831\" target=\"_blank\" rel=\"noopener\">Tapochek.net</a></li><li><a href=\"https://pastefg.hermietkreeft.site/?1af8642ecf130211#Hp3MGyHe9A91UjkKSCxYZcuDSDDQqSXU84uBvYQ2pBd3\" target=\"_blank\" rel=\"noopener\">Filehoster: MultiUpload</a> (10+ hosters, interchangeable) [Use <a href=\"http://jdownloader.org/jdownloader2\" target=\"_blank\" rel=\"noopener\">JDownloader2</a>]</li><li><a href=\"https://pastefg.hermietkreeft.site/?ea4d5fba45cb5577#G6fEyep7sshaqjP62g1heztmfVTtYs9q1mViyzftsg3r\" target=\"_blank\" rel=\"noopener\">Filehoster: PixelDrain</a></li><li><a href=\"https://pastefg.hermietkreeft.site/?c89fc41a8c8231e4#GS2ivhR9Vp7xuYtoSDBywkhKsGXbig6h2ZTbrh7qfhoU\" target=\"_blank\" rel=\"noopener\">Filehoster: ZippyShare</a></li><li><a href=\"https://pastefg.hermietkreeft.site/?3927461d54456a5b#8QsKcJgwvBt13cwdALKpT32Xxb8mcnbSnFNhedWQQdpD\" target=\"_blank\" rel=\"noopener\">Filehoster: LetsUpload</a> [Use <a href=\"http://jdownloader.org/jdownloader2\" target=\"_blank\" rel=\"noopener\">JDownloader2</a>]</li><li><a href=\"https://crackhub.site/foreclosed-fitgirl-repack/\" target=\"_blank\" rel=\"noopener\">Filehosters: Google Drive, OneDrive + others</a> (Uploaded by crackhub213)</li><li><a href=\"https://pastefg.hermietkreeft.site/?d1619f755ef5fcd7#7XZdDj8YkbCzf42nPukdYQMkHxp9pZcH3pMahXbhG4EN\" target=\"_blank\" rel=\"noopener\">Filehoster: OneDrive</a> (Uploaded by DyR0 t(-_-t), NOT compatible with other mirrors)</li></ul><p><a href=\"https://cs.rin.ru/forum/viewtopic.php?f=10&amp;t=106003&amp;p=2427592#p2427592\" target=\"_blank\" rel=\"noopener\">Discussion and (possible) future updates on CS.RIN.RU thread</a></p><h3>Screenshots (Click to enlarge)</h3><p><a target=\"_blank\" href=\"https://en.riotpixels.com/games/foreclosed/screenshots/9/?utm_source=emb-gfx-html&amp;utm_medium=image&amp;utm_campaign=rp-mass\" rel=\"noopener\"><img loading=\"lazy\" width=\"178\" height=\"100\" border=\"0\" src=\"https://s01.riotpixels.net/data/a7/90/a7906dcb-8e2b-4784-a8a2-cd8b07e3d7be.jpg.240p.jpg\"></a><a target=\"_blank\" href=\"https://en.riotpixels.com/games/foreclosed/screenshots/8/?utm_source=emb-gfx-html&amp;utm_medium=image&amp;utm_campaign=rp-mass\" rel=\"noopener\"><img loading=\"lazy\" width=\"178\" height=\"100\" border=\"0\" src=\"https://s01.riotpixels.net/data/f5/67/f567e388-49f1-49e9-bbd4-fbf99ef2a5c3.jpg.240p.jpg\"></a><a target=\"_blank\" href=\"https://en.riotpixels.com/games/foreclosed/screenshots/6/?utm_source=emb-gfx-html&amp;utm_medium=image&amp;utm_campaign=rp-mass\" rel=\"noopener\"><img loading=\"lazy\" width=\"178\" height=\"100\" border=\"0\" src=\"https://s01.riotpixels.net/data/de/31/de3152f3-18cb-4541-bdcc-90be6f95bcf1.jpg.240p.jpg\"></a><br><a target=\"_blank\" href=\"https://en.riotpixels.com/games/foreclosed/screenshots/5/?utm_source=emb-gfx-html&amp;utm_medium=image&amp;utm_campaign=rp-mass\" rel=\"noopener\"><img loading=\"lazy\" width=\"178\" height=\"100\" border=\"0\" src=\"https://s01.riotpixels.net/data/ea/8d/ea8d8bbc-c3d0-4f57-83f4-e9c902a5ff9a.jpg.240p.jpg\"></a><a target=\"_blank\" href=\"https://en.riotpixels.com/games/foreclosed/screenshots/4/?utm_source=emb-gfx-html&amp;utm_medium=image&amp;utm_campaign=rp-mass\" rel=\"noopener\"><img loading=\"lazy\" width=\"178\" height=\"100\" border=\"0\" src=\"https://s01.riotpixels.net/data/a3/82/a382fbd8-ace7-402d-817b-1a34e024ab7b.jpg.240p.jpg\"></a><a target=\"_blank\" href=\"https://en.riotpixels.com/games/foreclosed/screenshots/1/?utm_source=emb-gfx-html&amp;utm_medium=image&amp;utm_campaign=rp-mass\" rel=\"noopener\"><img loading=\"lazy\" width=\"178\" height=\"100\" border=\"0\" src=\"https://s01.riotpixels.net/data/16/f0/16f00c44-3fdc-44ad-ad6c-5c1e4e039026.jpg.240p.jpg\"></a></p><h3>Repack Features</h3><ul><li>Based on FORECLOSED-CODEX ISO release: codex-foreclosed.iso (562,135,040 bytes)</li><li>100% Lossless &amp; MD5 Perfect: all files are identical to originals after installation</li><li>NOTHING ripped, NOTHING re-encoded</li><li>Significantly smaller archive size (compressed from 537 to 375 MB)</li><li>Installation takes 3-4 minutes (depending on your system)</li><li>After-install integrity check so you could make sure that everything installed properly</li><li>HDD space after installation: 668 MB (1.2 GB during installation)</li><li>Language can be changed in game settings</li><li>At least 2 GB of free RAM (inc. virtual) required for installing this repack</li></ul><div ><div><h2>Game Description</h2></div><div >FORECLOSED is a narrative-driven action-adventure set in a Cyberpunk world filled with action, suspense, and experimental augmentations. Follow the story of Evan Kapnos, his identity recently Foreclosed, stripped of his job, his brain implants and his access to the city Block-chain, he must now escape before his identity and implants are auctioned off.<p><b>An Interactive Graphic Novel and Immersive Narrative</b><br>FORECLOSED combines the playability of video games with the sleek visual aesthetic of comic books. Everything from game-play to cinematics are experienced within the stylistic framework of a graphic novel. Full screen and comic panel perspectives are seamlessly blended as you move throughout FORECLOSED\u2019s Cyberpunk city, uncovering a gripping conspiracy story. Cutscenes are also interactive and transition smoothly between alternative game-play styles.</p><p><b>Hi-Tech Combat</b><br>Discover and unlock new abilities with an RPG-like skill system. Upgrade your weapon\u2019s potential with futuristic modifications like the Explosive or Machine-Gun Rounds mods, enhance your brain with experimental augmentations and fight back against your enemies. Learn to control your new abilities, fight opponents, and manipulate your surroundings. Acquire superhero-like abilities such as telekinesis to launch your enemies into the air or hurl huge objects at groups. Hack into different systems to create traps or even overheat the implants in your enemies\u2019 heads.</p><p><b>If you like these games, FORECLOSED is for you:</b></p><ul><li>Max Payne</li><li>Liberated</li><li>Deus Ex series (Human Revolution, Mankind Divided, Invisible War)</li><li>Cloudpunk</li></ul><p><b><h3>Game Features</h3></b></p><ul><li><b>Slick Cyberpunk Action</b> \u2013 FORECLOSED is a narrative-driven action-adventure set in a Cyberpunk world filled with action, suspense, and experimental augmentations.</li><li><b>Interactive Comic Book</b> \u2013 Everything from gameplay to cinematics are experienced within the stylistic framework of a graphic novel to make you truly feel like a comic book hero.</li><li><b>Immersive Narrative</b> \u2013 Follow the story of Evan Kapnos, his identity recently Foreclosed, stripped of his job, brain implants and access to the city Blockchain. He must now escape the city before his identity and implants are auctioned off\u2026</li><li><b>Hi-tech Combat</b> \u2013 Modify your Symbiotic Pistol with an assortment of customisations that can be swapped out or even combined.</li><li><b>Augmentation Upgrades</b> \u2013 Discover and unlock brain implant abilities with an RPG-like skill system</li></ul></div></div>             </div>"
}