{
    "link": "https://fitgirl-repacks.site/forgive-me-father/",
    "title": "Forgive Me Father",
    "first_img": "https://i3.imageban.ru/out/2022/04/08/3b011555da65c494a93874cd9aa66935.jpg",
    "second_img": "https://s01.riotpixels.net/data/46/97/4697bf57-252f-4eb3-ac26-297b815b21ed.jpg.240p.jpg",
    "body": "<div ><h2>Forgive Me Father</h2><p ><div><a target=\"_blank\" href=\"https://en.riotpixels.com/games/forgive-me-father/\" rel=\"noopener\"><img class=\"alignleft\" width=\"150\" src=\"https://i3.imageban.ru/out/2022/04/08/3b011555da65c494a93874cd9aa66935.jpg\"></a></div><br>Genres/Tags: <strong>Action, Shooter, First-person, 3D</strong><br>Companies: <strong>Byte Barrel, 1C Entertainment</strong><br>Languages: <strong>RUS/ENG/MULTI7</strong><br>Original Size: <strong>3.9 GB</strong><br>Repack Size: <strong>2.1 GB</strong></p>&nbsp;<div>&nbsp;</div><h3>Download Mirrors</h3><ul><li><a href=\"https://1337x.to/torrent/5211461/Forgive-Me-Father-MULTi7-FitGirl-Repack/\" target=\"_blank\" rel=\"noopener\">1337x</a> | [<a href=\"magnet:?xt=urn:btih:88C7F201A4A47EF9B3205294C47B62EAD6DD6239&amp;dn=Forgive+Me+Father+%28MULTi7%29+%5BFitGirl+Repack%5D&amp;tr=udp%3A%2F%2F46.148.18.250%3A2710&amp;tr=udp%3A%2F%2Fopentor.org%3A2710&amp;tr=udp%3A%2F%2Ftracker.coppersurfer.tk%3A6969%2Fannounce&amp;tr=udp%3A%2F%2Ftracker.opentrackr.org%3A1337%2Fannounce&amp;tr=http%3A%2F%2Ftracker.dler.org%3A6969%2Fannounce&amp;tr=udp%3A%2F%2Ftracker.leechers-paradise.org%3A6969%2Fannounce&amp;tr=udp%3A%2F%2F9.rarbg.me%3A2730%2Fannounce&amp;tr=udp%3A%2F%2F9.rarbg.to%3A2770%2Fannounce&amp;tr=udp%3A%2F%2Ftracker.pirateparty.gr%3A6969%2Fannounce&amp;tr=http%3A%2F%2Fretracker.local%2Fannounce&amp;tr=http%3A%2F%2Fretracker.ip.ncnet.ru%2Fannounce&amp;tr=udp%3A%2F%2Fexodus.desync.com%3A6969%2Fannounce&amp;tr=udp%3A%2F%2Fipv4.tracker.harry.lu%3A80%2Fannounce&amp;tr=udp%3A%2F%2Fopen.stealth.si%3A80%2Fannounce&amp;tr=udp%3A%2F%2Ftracker.opentrackr.org%3A1337%2Fannounce&amp;tr=http%3A%2F%2Ftracker.openbittorrent.com%3A80%2Fannounce&amp;tr=udp%3A%2F%2Fopentracker.i2p.rocks%3A6969%2Fannounce&amp;tr=udp%3A%2F%2Ftracker.internetwarriors.net%3A1337%2Fannounce&amp;tr=udp%3A%2F%2Ftracker.leechers-paradise.org%3A6969%2Fannounce&amp;tr=udp%3A%2F%2Fcoppersurfer.tk%3A6969%2Fannounce&amp;tr=udp%3A%2F%2Ftracker.zer0day.to%3A1337%2Fannounce\">magnet</a>] [<a href=\"https://pastefg.hermietkreeft.site/?784158ebc3456fac#A5sE2EjYBnq1TeaZ512fYWahYad7pryC8VnGPwSEYP6W\" target=\"_blank\" rel=\"noopener\">.torrent file only</a>] <br><img src=\"https://torrent-stats.info/5294/18e129140.png\" style=\"display:block;clear:both\"></li><li><a href=\"http://rutor.info/torrent/869723/forgive-me-father-2022-pc-repack-ot-fitgirl\" target=\"_blank\" rel=\"noopener\">RuTor</a> [<a href=\"magnet:?xt=urn:btih:88c7f201a4a47ef9b3205294c47b62ead6dd6239&amp;dn=rutor.info_Forgive+Me+Father+%282022%29+PC+%7C+RePack+%D0%BE%D1%82+FitGirl&amp;tr=udp://opentor.net:6969&amp;tr=http://retracker.local/announce\">magnet</a>]</li><li><a href=\"https://tapochek.net/viewtopic.php?p=2844966\" target=\"_blank\" rel=\"noopener\">Tapochek.net</a></li><li><a href=\"https://pastefg.hermietkreeft.site/?4615840b8edd8743#G7rmCzxPN4adukX1rZfB736GPDhRpQemjpuhctb4e6df\" target=\"_blank\" rel=\"noopener\">Filehoster: MultiUpload</a> (10+ hosters, interchangeable) [Use <a href=\"http://jdownloader.org/jdownloader2\" target=\"_blank\" rel=\"noopener\">JDownloader2</a>]</li><li><a href=\"https://pastefg.hermietkreeft.site/?b62fefd8a81f81a8#DyriUcro5GDR3hzWnKjSDWFYbWMQ1VoBnVaQmbGm2fRm\" target=\"_blank\" rel=\"noopener\">Filehoster: ZippyShare</a></li><li><a href=\"https://pastefg.hermietkreeft.site/?ec822152d56aff19#GSxUHjvdB6T8KTVf1nGqgcijzkopyY9aah5oQEAcY7g4\" target=\"_blank\" rel=\"noopener\">Filehoster: BayFiles</a></li><li><a href=\"https://pastefg.hermietkreeft.site/?4ee55bfac986dc20#4zSf5ybZJVyitzkDgr1ZavCp5GR1E79Wjjm2p43yhyDu\" target=\"_blank\" rel=\"noopener\">Filehoster: OneDrive</a> (Uploaded by DyR0 t(-_-t), NOT compatible with other mirrors)</li><p><!--  <li><a href=\"\" target=\"_blank\" rel=\"noopener\">Filehosters: Google Drive, OneDrive + others</a> (Uploaded by crackhub213)</li>  --></p></ul><p><a href=\"https://cs.rin.ru/forum/viewtopic.php?f=10&amp;t=115124\" target=\"_blank\" rel=\"noopener\">Discussion and (possible) future updates on CS.RIN.RU thread</a></p><h3>Screenshots (Click to enlarge)</h3><p><a target=\"_blank\" href=\"https://en.riotpixels.com/games/forgive-me-father/screenshots/45/?utm_source=emb-gfx-html&amp;utm_medium=image&amp;utm_campaign=rp-mass\" rel=\"noopener\"><img loading=\"lazy\" width=\"178\" height=\"100\" border=\"0\" src=\"https://s01.riotpixels.net/data/46/97/4697bf57-252f-4eb3-ac26-297b815b21ed.jpg.240p.jpg\"></a><a target=\"_blank\" href=\"https://en.riotpixels.com/games/forgive-me-father/screenshots/43/?utm_source=emb-gfx-html&amp;utm_medium=image&amp;utm_campaign=rp-mass\" rel=\"noopener\"><img loading=\"lazy\" width=\"178\" height=\"100\" border=\"0\" src=\"https://s01.riotpixels.net/data/ef/5e/ef5eabfd-7dbf-4c30-868a-2cabc13caddc.jpg.240p.jpg\"></a><a target=\"_blank\" href=\"https://en.riotpixels.com/games/forgive-me-father/screenshots/34/?utm_source=emb-gfx-html&amp;utm_medium=image&amp;utm_campaign=rp-mass\" rel=\"noopener\"><img loading=\"lazy\" width=\"178\" height=\"100\" border=\"0\" src=\"https://s01.riotpixels.net/data/2c/d6/2cd65449-392c-407b-9586-f4dd48e8cde2.jpg.240p.jpg\"></a><br><a target=\"_blank\" href=\"https://en.riotpixels.com/games/forgive-me-father/screenshots/16/?utm_source=emb-gfx-html&amp;utm_medium=image&amp;utm_campaign=rp-mass\" rel=\"noopener\"><img loading=\"lazy\" width=\"178\" height=\"100\" border=\"0\" src=\"https://s01.riotpixels.net/data/11/18/11180c88-8013-4eeb-9504-aea20e243c47.jpg.240p.jpg\"></a><a target=\"_blank\" href=\"https://en.riotpixels.com/games/forgive-me-father/screenshots/14/?utm_source=emb-gfx-html&amp;utm_medium=image&amp;utm_campaign=rp-mass\" rel=\"noopener\"><img loading=\"lazy\" width=\"178\" height=\"100\" border=\"0\" src=\"https://s01.riotpixels.net/data/c4/ea/c4ea37e9-d80d-4179-8299-f83844b582c0.jpg.240p.jpg\"></a><a target=\"_blank\" href=\"https://en.riotpixels.com/games/forgive-me-father/screenshots/13/?utm_source=emb-gfx-html&amp;utm_medium=image&amp;utm_campaign=rp-mass\" rel=\"noopener\"><img loading=\"lazy\" width=\"178\" height=\"100\" border=\"0\" src=\"https://s01.riotpixels.net/data/10/01/1001d1f4-9503-41ea-980d-61a2fb4e539a.jpg.240p.jpg\"></a></p><h3>Repack Features</h3><ul><li>Based on Forgive.Me.Father-DOGE ISO release: wow-forgive.me.father.iso (4,186,374,144 bytes)</li><li>100% Lossless &amp; MD5 Perfect: all files are identical to originals after installation</li><li>NOTHING ripped, NOTHING re-encoded</li><li>Significantly smaller archive size (compressed from 3.9 to 2.1 GB)</li><li>Installation takes 1-3 minutes (depending on your system)</li><li>After-install integrity check so you could make sure that everything installed properly</li><li>HDD space after installation: 4 GB</li><li>Language can be changed in game settings</li><li>Repack uses XTool library by Razor12911</li><li>At least 2 GB of free RAM (inc. virtual) required for installing this repack</li></ul><div ><div><h2>Game Description</h2></div><div ><p>As the only one left with full senses, you embark on a journey in search of answers and relief in this FPS game that is created in a distinctive retro horror comic book style and feels as if it came straight out of Lovecraft\u2019s books.</p><p>Be aware of your madness level which dynamically changes during gameplay and gives you additional power. Choose your active skills depending on your play style and use them to fight against the eternal evil.</p><p>Explore this Lovecraft-inspired world that is full of hidden and hard to reach areas, and uncover the entire story to solve the mystery of this crazy place.</p><p><b><h3>Game Features</h3></b></p><ul><li><b>Feeling of a classic FPS from the 90s:</b> Timelapse animations, opponents and elements of 2D in a 3D environment; first aid kits and life points, non-reloading weapons, powerups during dynamic combat with numerous opponents.</li><li><b>Custom combat experience:</b> With scripture in one hand and weapons powered by an unknown substance in the other, the player will face the challenge of maintaining their humanity. It is up to the player to decide how their equipment evolves, and to find ways of defeating hordes of unpredictable opponents.</li><li><b>Dynamic level of madness:</b> Directly influencing not only the audio-visual experience, but the gameplay itself, its effect varies depending on the current level of player\u2019s madness.</li><li><b>The gameplay is presented in a comic book style:</b> Hand-drawn graphics designed to maintain a distinctive comic book look, where any screenshot from the game could be a part of a new comic book.</li><li><b>Mood straight from Lovecraft\u2019s dark novels:</b> All throughout the game, the player will feel the atmosphere of dread and horror that the works of H.P. Lovecraft are renowned for. Surrounded by the occult and forces of eternal evil, experience the feelings of hopelessness, madness and confusion, and the burning need to find answers and bring back some semblance of reason and sanity to the world.</li><li><b>Many climatic levels and varied bestiary:</b> A diverse world entirely made by hand, full of interesting enemies ranging from possessed inhabitants to monsters straight out of your worst nightmares.</li><li><b>Two heroes to choose from:</b> Each with their own, unique development tree. Experience the story from the perspective of either a priest or a journalist.</li></ul></div></div>             </div>"
}