{
    "link": "https://fitgirl-repacks.site/forza-horizon-5/",
    "title": "Forza Horizon 5: Premium Edition \u2013 v.1.405.2.0 + DLCs + Multiplayer",
    "first_img": "https://i5.imageban.ru/out/2021/11/13/4e9836b6111a572bef2f43048c7ef4c6.jpg",
    "second_img": "https://s01.riotpixels.net/data/b2/f9/b2f935b1-a62b-472a-ae7f-2b000c34bdf9.jpg.240p.jpg",
    "body": "<div ><h2>Forza Horizon 5: Premium Edition \u2013 v.1.405.2.0 + DLCs + Multiplayer</h2><p ><div><a target=\"_blank\" href=\"https://en.riotpixels.com/games/forza-horizon-5/\" rel=\"noopener\"><img class=\"alignleft\" width=\"150\" src=\"https://i5.imageban.ru/out/2021/11/13/4e9836b6111a572bef2f43048c7ef4c6.jpg\"></a></div><br>Genres/Tags: <strong>Arcade, Racing, Open world, First-person, Third-person, Cars, 3D</strong><br>Companies: <strong>Playground Games, Xbox Game Studios</strong><br>Languages: <strong>RUS/ENG/MULTI16</strong><br>Original Size: <strong>91.7 GB</strong><br>Repack Size: <strong>from 50.5 GB</strong> [Selective Download[</p>&nbsp;<div>&nbsp;</div><h3>Download Mirrors</h3><ul><li><a href=\"https://1337x.to/torrent/5050571/Forza-Horizon-5-Premium-Edition-v-1-405-2-0-DLCs-Multiplayer-MULTi16-FitGirl-Repack-Selective-Download-from-50-5-GB/\" target=\"_blank\" rel=\"noopener\">1337x</a> | [<a href=\"magnet:?xt=urn:btih:1296F96619CBCDA2C20E1F43C16F74D5AA584B9D&amp;dn=Forza+Horizon+5%3A+Premium+Edition+%28v.1.405.2.0+%2B+DLCs+%2B+Multiplayer%2C+MULTi16%29+%5BFitGirl+Repack%2C+Selective+Download+-+from+50.5+GB%5D&amp;tr=udp%3A%2F%2F46.148.18.250%3A2710&amp;tr=udp%3A%2F%2Fopentor.org%3A2710&amp;tr=udp%3A%2F%2Ftracker.coppersurfer.tk%3A6969%2Fannounce&amp;tr=udp%3A%2F%2Ftracker.opentrackr.org%3A1337%2Fannounce&amp;tr=http%3A%2F%2Ftracker.dler.org%3A6969%2Fannounce&amp;tr=udp%3A%2F%2Ftracker.leechers-paradise.org%3A6969%2Fannounce&amp;tr=udp%3A%2F%2F9.rarbg.me%3A2730%2Fannounce&amp;tr=udp%3A%2F%2F9.rarbg.to%3A2770%2Fannounce&amp;tr=udp%3A%2F%2Ftracker.pirateparty.gr%3A6969%2Fannounce&amp;tr=http%3A%2F%2Fretracker.local%2Fannounce&amp;tr=http%3A%2F%2Fretracker.ip.ncnet.ru%2Fannounce&amp;tr=udp%3A%2F%2Fexodus.desync.com%3A6969%2Fannounce&amp;tr=udp%3A%2F%2Fipv4.tracker.harry.lu%3A80%2Fannounce&amp;tr=udp%3A%2F%2Fopen.stealth.si%3A80%2Fannounce&amp;tr=udp%3A%2F%2Ftracker.zer0day.to%3A1337%2Fannounce&amp;tr=udp%3A%2F%2Ftracker.leechers-paradise.org%3A6969%2Fannounce&amp;tr=udp%3A%2F%2Fcoppersurfer.tk%3A6969%2Fannounce\">magnet</a>] [<a href=\"https://pastefg.hermietkreeft.site/?cfb4ac0736e8946f#9RQC8v7EZZJrUvqSgnoXQjLbEaRhF3L8qG44q3cTQQ37\" target=\"_blank\" rel=\"noopener\">.torrent file only</a>] <br><img src=\"https://torrent-stats.info/1f43/918ab7bf.png\" style=\"display:block;clear:both\"></li><li><a href=\"http://rutor.info/torrent/845390/forza-horizon-5-premium-edition-v-1.405.2.0-dlcs-multiplayer-2021-pc-repack-ot-fitgirl\" target=\"_blank\" rel=\"noopener\">RuTor</a> [<a href=\"magnet:?xt=urn:btih:1296f96619cbcda2c20e1f43c16f74d5aa584b9d&amp;dn=rutor.info_Forza+Horizon+5%3A+Premium+Edition+%5Bv+1.405.2.0+%2B+DLCs+%2B+Multiplayer%5D+%282021%29+PC+%7C+RePack+%D0%BE%D1%82+FitGirl&amp;tr=udp://opentor.net:6969&amp;tr=udp://opentor.org:2710&amp;tr=http://retracker.local/announce\">magnet</a>]</li><li><a href=\"https://tapochek.net/viewtopic.php?t=248344\" target=\"_blank\" rel=\"noopener\">Tapochek.net</a></li><li><a href=\"https://pastefg.hermietkreeft.site/?69b3f0cece92b7c1#736JvXKg2MQUC2WwprShp38ARn2hnF6cJ6BChbmiH2bd\" target=\"_blank\" rel=\"noopener\">Filehoster: MultiUpload</a> (10+ hosters, interchangeable) [Use <a href=\"http://jdownloader.org/jdownloader2\" target=\"_blank\" rel=\"noopener\">JDownloader2</a>]</li><li><a href=\"https://pastefg.hermietkreeft.site/?6ea05facfe526e0f#BqQfu1wVEszrjHUK6RGjCvof8ZdMMDe5rLFpzLAoccYG\" target=\"_blank\" rel=\"noopener\">Filehoster: ZippyShare</a></li><li><a href=\"https://pastefg.hermietkreeft.site/?8155a55442e51eff#CNgQKhFf1R9Nx5286XAxo9whWNrkCaszfD52qpE6r8fG\" target=\"_blank\" rel=\"noopener\">Filehoster: BayFiles</a></li><li><a href=\"https://pastefg.hermietkreeft.site/?186c11948d04c7a4#EYFabL7SVBYVFnrECDkcQShtpVXQCprGzaANdFX1Jx4k\" target=\"_blank\" rel=\"noopener\">Filehoster: LetsUpload</a> [Use <a href=\"http://jdownloader.org/jdownloader2\" target=\"_blank\" rel=\"noopener\">JDownloader2</a>]</li><li><a href=\"https://pastefg.hermietkreeft.site/?32d10e2f42ea04aa#2h3M2ruW7V99tjJCQ4QREZX5GWVmAr8hPH859eRLJYi5\" target=\"_blank\" rel=\"noopener\">Filehoster: OneDrive</a> (Uploaded by DyR0 t(-_-t), NOT compatible with other mirrors)</li><p><!--  <li><a href=\"\" target=\"_blank\" rel=\"noopener\">Filehosters: Google Drive, OneDrive + others</a> (Uploaded by crackhub213)</li>  --></p></ul><p><a href=\"https://cs.rin.ru/forum/viewtopic.php?f=10&amp;t=113901\" target=\"_blank\" rel=\"noopener\">Discussion and (possible) future updates on CS.RIN.RU thread</a></p><h3>Screenshots (Click to enlarge)</h3><p><a target=\"_blank\" href=\"https://en.riotpixels.com/games/forza-horizon-5/screenshots/26/?utm_source=emb-gfx-html&amp;utm_medium=image&amp;utm_campaign=rp-mass\" rel=\"noopener\"><img loading=\"lazy\" width=\"178\" height=\"100\" border=\"0\" src=\"https://s01.riotpixels.net/data/b2/f9/b2f935b1-a62b-472a-ae7f-2b000c34bdf9.jpg.240p.jpg\"></a><a target=\"_blank\" href=\"https://en.riotpixels.com/games/forza-horizon-5/screenshots/24/?utm_source=emb-gfx-html&amp;utm_medium=image&amp;utm_campaign=rp-mass\" rel=\"noopener\"><img loading=\"lazy\" width=\"178\" height=\"100\" border=\"0\" src=\"https://s01.riotpixels.net/data/f6/52/f65245f0-e38b-4ec2-bfaf-276aad536508.jpg.240p.jpg\"></a><a target=\"_blank\" href=\"https://en.riotpixels.com/games/forza-horizon-5/screenshots/14/?utm_source=emb-gfx-html&amp;utm_medium=image&amp;utm_campaign=rp-mass\" rel=\"noopener\"><img loading=\"lazy\" width=\"178\" height=\"100\" border=\"0\" src=\"https://s01.riotpixels.net/data/d7/dc/d7dcb928-dd9b-45cc-bcca-332ae5ce95da.jpg.240p.jpg\"></a><br><a target=\"_blank\" href=\"https://en.riotpixels.com/games/forza-horizon-5/screenshots/8/?utm_source=emb-gfx-html&amp;utm_medium=image&amp;utm_campaign=rp-mass\" rel=\"noopener\"><img loading=\"lazy\" width=\"178\" height=\"100\" border=\"0\" src=\"https://s01.riotpixels.net/data/ab/a9/aba97e11-b4af-444e-b4de-f65e6b0fa9bf.jpg.240p.jpg\"></a><a target=\"_blank\" href=\"https://en.riotpixels.com/games/forza-horizon-5/screenshots/5/?utm_source=emb-gfx-html&amp;utm_medium=image&amp;utm_campaign=rp-mass\" rel=\"noopener\"><img loading=\"lazy\" width=\"178\" height=\"100\" border=\"0\" src=\"https://s01.riotpixels.net/data/70/77/7077641f-e476-49f5-869f-352b7400a0c9.jpg.240p.jpg\"></a><a target=\"_blank\" href=\"https://en.riotpixels.com/games/forza-horizon-5/screenshots/1/?utm_source=emb-gfx-html&amp;utm_medium=image&amp;utm_campaign=rp-mass\" rel=\"noopener\"><img loading=\"lazy\" width=\"178\" height=\"100\" border=\"0\" src=\"https://s01.riotpixels.net/data/18/ae/18ae4d79-3675-4dd0-9cc1-50232325857b.jpg.240p.jpg\"></a></p><h3>Repack Features</h3><ul><li>Based on Forza.Horizon.5-CODEX ISO release: codex-forza.horizon.5.iso (98,502,180,864 bytes)</li><li>Forza.Horizon.5.Crackfix-CODEX applied over; All released DLCs (available w/o MS online checks) are included and activated</li><li>Steam Online Fix by 0xdeadc0de is available in NoDVD folder after installation, allowing multiplayer support via Steam (use fake Steam/Microsoft accounts for that), check \u201c_Instructions.txt\u201d</li><li>100% Lossless &amp; MD5 Perfect: all files are identical to originals after installation</li><li>NOTHING ripped, NOTHING re-encoded</li><li>Selective Download feature: you may skip downloading and installing of 4K videos and voiceover packs you don\u2019t need</li><li>Significantly smaller archive size (compressed from 91.7 to 50.5~55.7 GB, depending on selected components)</li><li>Installation takes: ~35 minutes on 16-threads CPU; ~1 hour on 8-threads CPU; ~2 hours on 4-threads CPU</li><li>After-install integrity check so you could make sure that everything installed properly</li><li>HDD space after installation: up to 101.4 GB</li><li>Language can be changed in game settings</li><li>Repack uses XTool library by Razor12911</li><li>At least 2 GB of free RAM (inc. virtual) required for installing this repack</li></ul><div ><div><h2>Game Description</h2></div><div >Your Ultimate Horizon Adventure awaits! Explore the vibrant and ever-evolving open world landscapes of Mexico with limitless, fun driving action in hundreds of the world\u2019s greatest cars.<p>Begin Your Horizon Adventure today!</p><p><b><h3>Game Features</h3></b></p><ul><li><b>This is Your Horizon Adventure:</b> Lead breathtaking expeditions across the vibrant and ever-evolving open world landscapes of Mexico with limitless, fun driving action in hundreds of the world\u2019s greatest cars.</li><li><b>This is a Diverse Open World:</b> Explore a world of striking contrast and beauty. Discover living deserts, lush jungles, historic cities, hidden ruins, pristine beaches, vast canyons and a towering snow-capped volcano.</li><li><b>This is an Adventurous Open World:</b> Immerse yourself in a deep campaign with hundreds of challenges that reward you for engaging in the activities you love. Meet new characters and choose the outcomes of their Horizon Story missions.</li><li><b>This is an Evolving Open World:</b> Take on awe-inspiring weather events such as towering dust storms and intense tropical storms as Mexico\u2019s unique, dynamic seasons change the world every week. Keep coming back for new events, challenges, collectibles, and rewards, and new areas to explore. No two seasons will ever be the same.</li><li><b>This is a Social Open World:</b> Team up with other players and enter the Horizon Arcade for a continuing series of fun, over-the-top challenges that keep you and your friends in the action and having fun with no menus, loading screens or lobbies. Meet new friends in Horizon Open and Tours and share your creations with new community gift sharing.</li><li><b>This is Your Open World:</b> Create your own expressions of fun with the powerful new EventLab gameplay toolset including custom races, challenges, stunts, and entirely new game modes. Customize your cars in more ways than ever before with new options such as the ability open and close convertible tops, paint brake calipers, and more. Use the new Gift Drops feature to share your custom creations with the community.</li></ul><p><b>Included DLCs in FH5: Premium Edition:</b></p><ul><li>Car Pass</li><li>Expansion Bundle (inc. Expansion 1 + Expansion 2)</li><li>Formula Drift Pack</li><li>Treasure Map</li><li>VIP Bundle (inc. 3 exclusive cars, in-game rewards and more)</li><li>Welcome Pack</li></ul><p>*Please note, that due to online features not all DLC bonuses are available from the start or ever</p></div></div>             </div>"
}