{
    "link": "https://fitgirl-repacks.site/fuga-melodies-of-steel/",
    "title": "Fuga: Melodies of Steel \u2013 v1.20 + 4 DLCs",
    "first_img": "https://i7.imageban.ru/out/2021/07/30/8fb53e2d6269a96d7e2e810f1ccc9a21.jpg",
    "second_img": "https://s01.riotpixels.net/data/de/06/de0676cc-e351-4bd4-bada-ca504d62492d.jpg.240p.jpg",
    "body": "<div ><h2>Fuga: Melodies of Steel \u2013 v1.20 + 4 DLCs</h2><p ><div><a target=\"_blank\" href=\"https://en.riotpixels.com/games/fuga-melodies-of-steel/\" rel=\"noopener\"><img class=\"alignleft\" width=\"150\" src=\"https://i7.imageban.ru/out/2021/07/30/8fb53e2d6269a96d7e2e810f1ccc9a21.jpg\"></a></div><br>Genres/Tags: <strong>RPG, Side, 3D</strong><br>Company: <strong>CyberConnect2</strong><br>Languages: <strong>ENG/MULTI9</strong><br>Original Size: <strong>1.2 GB</strong><br>Repack Size: <strong>829 MB</strong></p>&nbsp;<div>&nbsp;</div><h3>Download Mirrors</h3><ul><li><a href=\"https://1337x.to/torrent/5123817/Fuga-Melodies-of-Steel-v1-20-4-DLCs-MULTi9-FitGirl-Repack/\" target=\"_blank\" rel=\"noopener\">1337x</a> | [<a href=\"magnet:?xt=urn:btih:155E954DB7E8AC02848B62FB58407FBDBC461EDA&amp;dn=Fuga%3A+Melodies+of+Steel+%28v1.20+%2B+4+DLCs%2C+MULTi9%29+%5BFitGirl+Repack%5D&amp;tr=udp%3A%2F%2F46.148.18.250%3A2710&amp;tr=udp%3A%2F%2Fopentor.org%3A2710&amp;tr=udp%3A%2F%2Ftracker.coppersurfer.tk%3A6969%2Fannounce&amp;tr=udp%3A%2F%2Ftracker.opentrackr.org%3A1337%2Fannounce&amp;tr=http%3A%2F%2Ftracker.dler.org%3A6969%2Fannounce&amp;tr=udp%3A%2F%2Ftracker.leechers-paradise.org%3A6969%2Fannounce&amp;tr=udp%3A%2F%2F9.rarbg.me%3A2730%2Fannounce&amp;tr=udp%3A%2F%2F9.rarbg.to%3A2770%2Fannounce&amp;tr=udp%3A%2F%2Ftracker.pirateparty.gr%3A6969%2Fannounce&amp;tr=http%3A%2F%2Fretracker.local%2Fannounce&amp;tr=http%3A%2F%2Fretracker.ip.ncnet.ru%2Fannounce&amp;tr=udp%3A%2F%2Fexodus.desync.com%3A6969%2Fannounce&amp;tr=udp%3A%2F%2Fipv4.tracker.harry.lu%3A80%2Fannounce&amp;tr=udp%3A%2F%2Fopen.stealth.si%3A80%2Fannounce&amp;tr=udp%3A%2F%2Ftracker.zer0day.to%3A1337%2Fannounce&amp;tr=udp%3A%2F%2Ftracker.leechers-paradise.org%3A6969%2Fannounce&amp;tr=udp%3A%2F%2Fcoppersurfer.tk%3A6969%2Fannounce\">magnet</a>] [<a href=\"https://pastefg.hermietkreeft.site/?5c5b04600da7200d#746h22gZ8HQpZd3cvxywhcdykNHraT3EWNDZK5kjuYpU\" target=\"_blank\" rel=\"noopener\">.torrent file only</a>] <br><img src=\"https://torrent-stats.info/62fb/1d56e4665.png\" style=\"display:block;clear:both\"></li><li><a href=\"https://tapochek.net/viewtopic.php?p=2828179\" target=\"_blank\" rel=\"noopener\">Tapochek.net</a></li><li><a href=\"https://pastefg.hermietkreeft.site/?99d97c2b49a54246#GduiZVuVohuEeekX18kZSGAnkhrYk5xCo3MX6o7FiGoY\" target=\"_blank\" rel=\"noopener\">Filehoster: MultiUpload</a> (10+ hosters, interchangeable) [Use <a href=\"http://jdownloader.org/jdownloader2\" target=\"_blank\" rel=\"noopener\">JDownloader2</a>]</li><li><a href=\"https://pastefg.hermietkreeft.site/?caca9946c716adf9#Fa2vcX3QQwDmWWWTazaq3PcFPpwH3Qs6XdAjc1adpTmQ\" target=\"_blank\" rel=\"noopener\">Filehoster: ZippyShare</a></li><li><a href=\"https://pastefg.hermietkreeft.site/?0c5f94527e47a714#9jz3X7JfiuXe9YxNJSBLk4WjhAYDSXZDLywHcQfyNtHw\" target=\"_blank\" rel=\"noopener\">Filehoster: BayFiles</a></li><p><!--  <li><a href=\"\" target=\"_blank\" rel=\"noopener\">Filehoster: OneDrive</a> (Uploaded by DyR0 t(-_-t), NOT compatible with other mirrors)</li>  --><br><!--  <li><a href=\"\" target=\"_blank\" rel=\"noopener\">Filehosters: Google Drive, OneDrive + others</a> (Uploaded by crackhub213)</li>  --></p></ul><p><a href=\"https://cs.rin.ru/forum/viewtopic.php?f=10&amp;t=113934\" target=\"_blank\" rel=\"noopener\">Discussion and (possible) future updates on CS.RIN.RU thread</a></p><h3>Screenshots (Click to enlarge)</h3><p><a target=\"_blank\" href=\"https://en.riotpixels.com/games/fuga-melodies-of-steel/screenshots/17/?utm_source=emb-gfx-html&amp;utm_medium=image&amp;utm_campaign=rp-mass\" rel=\"noopener\"><img loading=\"lazy\" width=\"178\" height=\"100\" border=\"0\" src=\"https://s01.riotpixels.net/data/de/06/de0676cc-e351-4bd4-bada-ca504d62492d.jpg.240p.jpg\"></a><a target=\"_blank\" href=\"https://en.riotpixels.com/games/fuga-melodies-of-steel/screenshots/15/?utm_source=emb-gfx-html&amp;utm_medium=image&amp;utm_campaign=rp-mass\" rel=\"noopener\"><img loading=\"lazy\" width=\"178\" height=\"100\" border=\"0\" src=\"https://s01.riotpixels.net/data/09/ce/09ce991b-b2fd-46e6-a1d3-3b90a7e8f688.jpg.240p.jpg\"></a><a target=\"_blank\" href=\"https://en.riotpixels.com/games/fuga-melodies-of-steel/screenshots/12/?utm_source=emb-gfx-html&amp;utm_medium=image&amp;utm_campaign=rp-mass\" rel=\"noopener\"><img loading=\"lazy\" width=\"178\" height=\"100\" border=\"0\" src=\"https://s01.riotpixels.net/data/ae/11/ae119d09-0dea-4917-b0e2-1881ae515ccd.jpg.240p.jpg\"></a><br><a target=\"_blank\" href=\"https://en.riotpixels.com/games/fuga-melodies-of-steel/screenshots/9/?utm_source=emb-gfx-html&amp;utm_medium=image&amp;utm_campaign=rp-mass\" rel=\"noopener\"><img loading=\"lazy\" width=\"178\" height=\"100\" border=\"0\" src=\"https://s01.riotpixels.net/data/aa/d0/aad0b6b5-738e-4efe-982d-04e082ff4d4c.jpg.240p.jpg\"></a><a target=\"_blank\" href=\"https://en.riotpixels.com/games/fuga-melodies-of-steel/screenshots/8/?utm_source=emb-gfx-html&amp;utm_medium=image&amp;utm_campaign=rp-mass\" rel=\"noopener\"><img loading=\"lazy\" width=\"178\" height=\"100\" border=\"0\" src=\"https://s01.riotpixels.net/data/1e/76/1e76e4f0-a31b-4bb9-9d8c-6b27d425b3b9.jpg.240p.jpg\"></a><a target=\"_blank\" href=\"https://en.riotpixels.com/games/fuga-melodies-of-steel/screenshots/2/?utm_source=emb-gfx-html&amp;utm_medium=image&amp;utm_campaign=rp-mass\" rel=\"noopener\"><img loading=\"lazy\" width=\"178\" height=\"100\" border=\"0\" src=\"https://s01.riotpixels.net/data/34/13/34131865-01f3-45af-b77a-00c9ba329770.jpg.240p.jpg\"></a></p><h3>Repack Features</h3><ul><li>Based on Fuga.Melodies.of.Steel.v1.20-PLAZA ISO release: plaza-fuga.melodies.of.steel.v1.20.iso (1,303,674,880 bytes)</li><li>Game version: v1.20; 4 DLCs (Additional Costumes, Set of Items, Dummy Sacrifice and Back to School Costume Pack) are included and activated</li><li>100% Lossless &amp; MD5 Perfect: all files are identical to originals after installation</li><li>NOTHING ripped, NOTHING re-encoded</li><li>Significantly smaller archive size (compressed from 1.2 GB to 829 MB)</li><li>Installation takes one minute</li><li>After-install integrity check so you could make sure that everything installed properly</li><li>HDD space after installation: 2.3 GB</li><li>Language can be changed in game settings</li><li>Repack uses XTool library by Razor12911</li><li>At least 2 GB of free RAM (inc. virtual) required for installing this repack</li></ul><div ><div><h2>Game Description</h2></div><div ><b>\u201cWe have to fight! If we don\u2019t, everyone we love will be taken away!\u201d</b><p>One fateful night, a peaceful village is thrown into the flames of war. Determined to save their families, a group of children boards a giant tank and begins an offensive charge!</p><p>Fuga: Melodies of Steel is an RPG where you place children, each with their own unique characteristics and skills, at different gun turrets in a tank to fight against the enemy.</p><p>Living inside the tank, the children show emotion and gain affinity amongst each other. Manage these both to change the outcome of their journey!</p><p><b>A mysterious ancient weapon: The Taranis</b><br>Taranis, the giant tank sheltering the children, conceals many mysteries and somehow seems to have its own will. In situations of crisis, it can release a forbidden weapon, the dreadful Soul Cannon.</p><p><b>Your adventure. Your choices.</b><br>Will you make sacrifices for victory? Or will you seek another path?</p><p>In this RPG, many choices have to be made in order to progress\u2026 but taking the safest road may not always be the best option.<br>Faced with a desperate situation, what course of action will you choose?</p></div></div><p><b>Backwards Compatibility</b></p><p>This repack IS NOT backwards compatible with my previous Fuga repack.</p>             </div>"
}