{
    "link": "https://fitgirl-repacks.site/george/",
    "title": "George",
    "first_img": "https://i2.imageban.ru/out/2021/10/30/3e5f42a3b7cc691218c4368434827274.jpg",
    "second_img": "https://s01.riotpixels.net/data/dd/94/dd946f77-d86a-402d-b6ac-d2cafd5a9a29.jpg.240p.jpg",
    "body": "<div ><h2>George</h2><p ><div><a target=\"_blank\" href=\"https://en.riotpixels.com/games/george/\" rel=\"noopener\"><img class=\"alignleft\" width=\"150\" src=\"https://i2.imageban.ru/out/2021/10/30/3e5f42a3b7cc691218c4368434827274.jpg\"></a></div><br>Genres/Tags: <strong>Action, Arcade, Exploration, Survival, Horror, Shooter, First-Person, 3D</strong><br>Company: <strong>Mug Ugly Games</strong><br>Language: <strong>ENG</strong><br>Original Size: <strong>14.7 GB</strong><br>Repack Size: <strong>7.9 GB</strong></p>&nbsp;<div>&nbsp;</div><h3>Download Mirrors</h3><ul><li><a href=\"https://1337x.to/torrent/5035178/George-FitGirl-Repack/\" target=\"_blank\" rel=\"noopener\">1337x</a> | [<a href=\"magnet:?xt=urn:btih:140BEFD1ACA36E7004EAD13D1901D1D96ECED83C&amp;dn=George+%5BFitGirl+Repack%5D&amp;tr=udp%3A%2F%2F46.148.18.250%3A2710&amp;tr=udp%3A%2F%2Fopentor.org%3A2710&amp;tr=udp%3A%2F%2Ftracker.coppersurfer.tk%3A6969%2Fannounce&amp;tr=udp%3A%2F%2Ftracker.opentrackr.org%3A1337%2Fannounce&amp;tr=http%3A%2F%2Ftracker.dler.org%3A6969%2Fannounce&amp;tr=udp%3A%2F%2Ftracker.leechers-paradise.org%3A6969%2Fannounce&amp;tr=udp%3A%2F%2F9.rarbg.me%3A2730%2Fannounce&amp;tr=udp%3A%2F%2F9.rarbg.to%3A2770%2Fannounce&amp;tr=udp%3A%2F%2Ftracker.pirateparty.gr%3A6969%2Fannounce&amp;tr=http%3A%2F%2Fretracker.local%2Fannounce&amp;tr=http%3A%2F%2Fretracker.ip.ncnet.ru%2Fannounce&amp;tr=udp%3A%2F%2Fexodus.desync.com%3A6969%2Fannounce&amp;tr=udp%3A%2F%2Fipv4.tracker.harry.lu%3A80%2Fannounce&amp;tr=udp%3A%2F%2Fopen.stealth.si%3A80%2Fannounce&amp;tr=udp%3A%2F%2Ftracker.zer0day.to%3A1337%2Fannounce&amp;tr=udp%3A%2F%2Ftracker.leechers-paradise.org%3A6969%2Fannounce&amp;tr=udp%3A%2F%2Fcoppersurfer.tk%3A6969%2Fannounce\">magnet</a>] [<a href=\"https://pastefg.hermietkreeft.site/?cc81eea0b7b68ff5#81qNRetdLLZNYzJsWJD7nW3Bst1pWgJfADunR1SUhfZr\" target=\"_blank\" rel=\"noopener\">.torrent file only</a>] <br><img src=\"https://torrent-stats.info/d13d/3c9f642cc.png\" style=\"display:block;clear:both\"></li><li><a href=\"https://tapochek.net/viewtopic.php?p=2808850\" target=\"_blank\" rel=\"noopener\">Tapochek.net</a></li><li><a href=\"https://pastefg.hermietkreeft.site/?5b71760c73a684ae#HFREfWMxr8UWxkVJEHKeyLUEsC6o1bkt9CoPADD148ic\" target=\"_blank\" rel=\"noopener\">Filehoster: MultiUpload</a> (10+ hosters, interchangeable) [Use <a href=\"http://jdownloader.org/jdownloader2\" target=\"_blank\" rel=\"noopener\">JDownloader2</a>]</li><li><a href=\"https://pastefg.hermietkreeft.site/?7472ab15b63b5818#6qt3stcTAtLep72jqBBP28ziwCLFwv4vjpzSYdBtpr1S\" target=\"_blank\" rel=\"noopener\">Filehoster: PixelDrain</a></li><li><a href=\"https://pastefg.hermietkreeft.site/?369178a6d20e7b89#875BDRJhmFGk1WHeXdH17S6PLiCjoMrEXijfDrrEcnvt\" target=\"_blank\" rel=\"noopener\">Filehoster: ZippyShare</a></li><li><a href=\"https://pastefg.hermietkreeft.site/?5ce2d7c01b3df090#GPayzVBrPFbv8fvVZiWYnSnWigSKqJ2pG9pSmQ9HHU9H\" target=\"_blank\" rel=\"noopener\">Filehoster: BayFiles</a></li><li><a href=\"https://pastefg.hermietkreeft.site/?c1764bf08284f6d5#6mVS7LC1Qxp1VEwj22MtTbCmSsWbjcrSru4nRT2BWL7B\" target=\"_blank\" rel=\"noopener\">Filehoster: LetsUpload</a> [Use <a href=\"http://jdownloader.org/jdownloader2\" target=\"_blank\" rel=\"noopener\">JDownloader2</a>]</li><li><a href=\"https://pastefg.hermietkreeft.site/?94f9c054e64e9842#5eFZ9dFXYafvtw9umcFELR1QgAgohBsWeRKTkCNs5xYt\" target=\"_blank\" rel=\"noopener\">Filehoster: OneDrive</a> (Uploaded by DyR0 t(-_-t), NOT compatible with other mirrors)</li><p><!--  <li><a href=\"\" target=\"_blank\" rel=\"noopener\">Filehosters: Google Drive, OneDrive + others</a> (Uploaded by crackhub213)</li>  --></p></ul><p><a href=\"https://cs.rin.ru/forum/viewtopic.php?f=10&amp;t=116865\" target=\"_blank\" rel=\"noopener\">Discussion and (possible) future updates on CS.RIN.RU thread</a></p><h3>Screenshots (Click to enlarge)</h3><p><a target=\"_blank\" href=\"https://en.riotpixels.com/games/george/screenshots/11/?utm_source=emb-gfx-html&amp;utm_medium=image&amp;utm_campaign=rp-mass\" rel=\"noopener\"><img loading=\"lazy\" width=\"178\" height=\"100\" border=\"0\" src=\"https://s01.riotpixels.net/data/dd/94/dd946f77-d86a-402d-b6ac-d2cafd5a9a29.jpg.240p.jpg\"></a><a target=\"_blank\" href=\"https://en.riotpixels.com/games/george/screenshots/10/?utm_source=emb-gfx-html&amp;utm_medium=image&amp;utm_campaign=rp-mass\" rel=\"noopener\"><img loading=\"lazy\" width=\"178\" height=\"100\" border=\"0\" src=\"https://s01.riotpixels.net/data/57/ef/57efdb2b-29ee-4784-aa04-524c829509af.jpg.240p.jpg\"></a><a target=\"_blank\" href=\"https://en.riotpixels.com/games/george/screenshots/7/?utm_source=emb-gfx-html&amp;utm_medium=image&amp;utm_campaign=rp-mass\" rel=\"noopener\"><img loading=\"lazy\" width=\"178\" height=\"100\" border=\"0\" src=\"https://s01.riotpixels.net/data/51/06/5106fd1e-30a0-4b1a-bb56-61ce3aaaf017.jpg.240p.jpg\"></a><br><a target=\"_blank\" href=\"https://en.riotpixels.com/games/george/screenshots/4/?utm_source=emb-gfx-html&amp;utm_medium=image&amp;utm_campaign=rp-mass\" rel=\"noopener\"><img loading=\"lazy\" width=\"178\" height=\"100\" border=\"0\" src=\"https://s01.riotpixels.net/data/3e/d8/3ed8daa5-c425-422f-b66e-8c09c5293938.jpg.240p.jpg\"></a><a target=\"_blank\" href=\"https://en.riotpixels.com/games/george/screenshots/2/?utm_source=emb-gfx-html&amp;utm_medium=image&amp;utm_campaign=rp-mass\" rel=\"noopener\"><img loading=\"lazy\" width=\"178\" height=\"100\" border=\"0\" src=\"https://s01.riotpixels.net/data/36/70/3670fa6c-6024-46c9-8d82-b87911c6fcfe.jpg.240p.jpg\"></a><a target=\"_blank\" href=\"https://en.riotpixels.com/games/george/screenshots/1/?utm_source=emb-gfx-html&amp;utm_medium=image&amp;utm_campaign=rp-mass\" rel=\"noopener\"><img loading=\"lazy\" width=\"178\" height=\"100\" border=\"0\" src=\"https://s01.riotpixels.net/data/e0/6c/e06c9bf2-b199-4d21-8857-c889266f07fc.jpg.240p.jpg\"></a></p><h3>Repack Features</h3><ul><li>Based on George-SKIDROW ISO release: sr-george.iso (15,733,692,416 bytes)</li><li>100% Lossless &amp; MD5 Perfect: all files are identical to originals after installation</li><li>NOTHING ripped, NOTHING re-encoded</li><li>Significantly smaller archive size (compressed from 14.7 to 7.9 GB)</li><li>Installation takes 4-7 minutes (depending on your system)</li><li>After-install integrity check so you could make sure that everything installed properly</li><li>HDD space after installation: 23.5 GB</li><li>At least 2 GB of free RAM (inc. virtual) required for installing this repack</li></ul><div ><div><h2>Game Description</h2></div><div ><b>You are lost.</b><p>While out on a relaxing hike in the woods, George loses his bearing and finds himself lost in the mountains. He now has one goal. Finding a way back to civilization and safety, and escaping the dangers of these lands. Little does George realize that the mountains are soon to be the least of his problems.</p><p><b>George</b> is a first person, survival horror game set in the Cascade Mountains of the United States. Using first person combat and exploration, the player must face the horrors that hide in these woods and find a way to survive the nightmare.</p><p><b><h3>Game Features</h3></b></p><ul><li>Explore various maps and landscapes in an effort to survive.</li><li>Follow the clues to find your way.</li><li>Fight against the evil with a variety of discoverable weapons.</li><li>Learn the story of what has happened in this hidden part of the world.</li><li>Travel by foot and vehicle in an effort to escape the madness.</li></ul></div></div>             </div>"
}