{
    "link": "https://fitgirl-repacks.site/ghost-on-the-shore/",
    "title": "Ghost on the Shore",
    "first_img": "https://i3.imageban.ru/out/2022/02/28/27c7381cab30fc8992e86dbc92e06766.jpg",
    "second_img": "https://s01.riotpixels.net/data/13/a5/13a58fe2-80f3-44eb-95d2-0819865fc825.jpg.240p.jpg",
    "body": "<div ><h2>Ghost on the Shore</h2><p ><div><a target=\"_blank\" href=\"https://en.riotpixels.com/games/ghost-on-the-shore/\" rel=\"noopener\"><img class=\"alignleft\" width=\"150\" src=\"https://i3.imageban.ru/out/2022/02/28/27c7381cab30fc8992e86dbc92e06766.jpg\"></a></div><br>Genres/Tags: <strong>Adventure, Exploration, First-Person, 3D</strong><br>Companies: <strong>like Charlie, Application Systems Heidelberg</strong><br>Languages: <strong>ENG/GER</strong><br>Original Size: <strong>1.8 GB</strong><br>Repack Size: <strong>1.1 GB</strong></p>&nbsp;<div>&nbsp;</div><h3>Download Mirrors</h3><ul><li><a href=\"https://1337x.to/torrent/5164903/Ghost-on-the-Shore-ENG-GER-FitGirl-Repack/\" target=\"_blank\" rel=\"noopener\">1337x</a> | [<a href=\"magnet:?xt=urn:btih:AB8D8307E596C927D64BB268532E281A01801E83&amp;dn=Ghost+on+the+Shore+%28ENG%2FGER%29+%5BFitGirl+Repack%5D&amp;tr=udp%3A%2F%2F46.148.18.250%3A2710&amp;tr=udp%3A%2F%2Fopentor.org%3A2710&amp;tr=udp%3A%2F%2Ftracker.coppersurfer.tk%3A6969%2Fannounce&amp;tr=udp%3A%2F%2Ftracker.opentrackr.org%3A1337%2Fannounce&amp;tr=http%3A%2F%2Ftracker.dler.org%3A6969%2Fannounce&amp;tr=udp%3A%2F%2Ftracker.leechers-paradise.org%3A6969%2Fannounce&amp;tr=udp%3A%2F%2F9.rarbg.me%3A2730%2Fannounce&amp;tr=udp%3A%2F%2F9.rarbg.to%3A2770%2Fannounce&amp;tr=udp%3A%2F%2Ftracker.pirateparty.gr%3A6969%2Fannounce&amp;tr=http%3A%2F%2Fretracker.local%2Fannounce&amp;tr=http%3A%2F%2Fretracker.ip.ncnet.ru%2Fannounce&amp;tr=udp%3A%2F%2Fexodus.desync.com%3A6969%2Fannounce&amp;tr=udp%3A%2F%2Fipv4.tracker.harry.lu%3A80%2Fannounce&amp;tr=udp%3A%2F%2Fopen.stealth.si%3A80%2Fannounce&amp;tr=udp%3A%2F%2Ftracker.zer0day.to%3A1337%2Fannounce&amp;tr=udp%3A%2F%2Ftracker.leechers-paradise.org%3A6969%2Fannounce&amp;tr=udp%3A%2F%2Fcoppersurfer.tk%3A6969%2Fannounce\">magnet</a>] [<a href=\"https://pastefg.hermietkreeft.site/?655fe41698c8cc35#EGncLbKKCKLHKeqPzVFxzvgvXq1UEvW53aBdBcNPfMMZ\" target=\"_blank\" rel=\"noopener\">.torrent file only</a>] <br><img src=\"https://torrent-stats.info/b268/354c1d508.png\" style=\"display:block;clear:both\"></li><li><a href=\"https://tapochek.net/viewtopic.php?p=2836700\" target=\"_blank\" rel=\"noopener\">Tapochek.net</a></li><li><a href=\"https://pastefg.hermietkreeft.site/?9e83610c9653c202#4En3XfkAuchf28z9HpitPioVrFeRbrn2TVkVggYiErff\" target=\"_blank\" rel=\"noopener\">Filehoster: MultiUpload</a> (10+ hosters, interchangeable) [Use <a href=\"http://jdownloader.org/jdownloader2\" target=\"_blank\" rel=\"noopener\">JDownloader2</a>]</li><li><a href=\"https://pastefg.hermietkreeft.site/?87cc64263cb2b516#4e63DuaKohegZYmYd8DNm3jP1kfjgWENjgySG1hpQfMJ\" target=\"_blank\" rel=\"noopener\">Filehoster: ZippyShare</a></li><li><a href=\"https://pastefg.hermietkreeft.site/?2c5b3ffadb68ac9b#2ULDdbtFdRotwWYTcb5j4TLdZeAf29KhfcGVZE53YjNB\" target=\"_blank\" rel=\"noopener\">Filehoster: BayFiles</a></li><li><a href=\"https://pastefg.hermietkreeft.site/?88a62e1c56b817c6#87gZxc6uUo4rNxoWK4ptdSCh5bwXMAA1GsBqg8717Qa2\" target=\"_blank\" rel=\"noopener\">Filehoster: OneDrive</a> (Uploaded by DyR0 t(-_-t), NOT compatible with other mirrors)</li><li><a href=\"https://crackhub.site/ghost-on-the-shore-fitgirl-repack/\" target=\"_blank\" rel=\"noopener\">Filehosters: Google Drive, OneDrive + others</a> (Uploaded by crackhub213)</li></ul><p><a href=\"https://cs.rin.ru/forum/viewtopic.php?f=10&amp;t=103289\" target=\"_blank\" rel=\"noopener\">Discussion and (possible) future updates on CS.RIN.RU thread</a></p><h3>Screenshots (Click to enlarge)</h3><p><a target=\"_blank\" href=\"https://en.riotpixels.com/games/ghost-on-the-shore/screenshots/13/?utm_source=emb-gfx-html&amp;utm_medium=image&amp;utm_campaign=rp-mass\" rel=\"noopener\"><img loading=\"lazy\" width=\"178\" height=\"100\" border=\"0\" src=\"https://s01.riotpixels.net/data/13/a5/13a58fe2-80f3-44eb-95d2-0819865fc825.jpg.240p.jpg\"></a><a target=\"_blank\" href=\"https://en.riotpixels.com/games/ghost-on-the-shore/screenshots/9/?utm_source=emb-gfx-html&amp;utm_medium=image&amp;utm_campaign=rp-mass\" rel=\"noopener\"><img loading=\"lazy\" width=\"178\" height=\"100\" border=\"0\" src=\"https://s01.riotpixels.net/data/a6/41/a641b349-19d0-4854-8b89-14aef24d90e7.jpg.240p.jpg\"></a><a target=\"_blank\" href=\"https://en.riotpixels.com/games/ghost-on-the-shore/screenshots/8/?utm_source=emb-gfx-html&amp;utm_medium=image&amp;utm_campaign=rp-mass\" rel=\"noopener\"><img loading=\"lazy\" width=\"178\" height=\"100\" border=\"0\" src=\"https://s01.riotpixels.net/data/5e/21/5e21486a-f25f-48ce-abb3-ccd26f3f4668.jpg.240p.jpg\"></a><br><a target=\"_blank\" href=\"https://en.riotpixels.com/games/ghost-on-the-shore/screenshots/7/?utm_source=emb-gfx-html&amp;utm_medium=image&amp;utm_campaign=rp-mass\" rel=\"noopener\"><img loading=\"lazy\" width=\"178\" height=\"100\" border=\"0\" src=\"https://s01.riotpixels.net/data/93/58/9358faf4-e4da-48fc-afa2-f4a82fcb1235.jpg.240p.jpg\"></a><a target=\"_blank\" href=\"https://en.riotpixels.com/games/ghost-on-the-shore/screenshots/3/?utm_source=emb-gfx-html&amp;utm_medium=image&amp;utm_campaign=rp-mass\" rel=\"noopener\"><img loading=\"lazy\" width=\"178\" height=\"100\" border=\"0\" src=\"https://s01.riotpixels.net/data/6f/99/6f99e7e0-0ca1-4def-8c1d-a617d73c119e.jpg.240p.jpg\"></a><a target=\"_blank\" href=\"https://en.riotpixels.com/games/ghost-on-the-shore/screenshots/1/?utm_source=emb-gfx-html&amp;utm_medium=image&amp;utm_campaign=rp-mass\" rel=\"noopener\"><img loading=\"lazy\" width=\"178\" height=\"100\" border=\"0\" src=\"https://s01.riotpixels.net/data/53/2e/532e10b5-c538-4f2b-a714-db570bd7e5a8.jpg.240p.jpg\"></a></p><h3>Repack Features</h3><ul><li>Based on Ghost.on.the.Shore-DARKSiDERS ISO release: ds-ghostontheshore.iso (1,932,111,872 bytes)</li><li>100% Lossless &amp; MD5 Perfect: all files are identical to originals after installation</li><li>NOTHING ripped, NOTHING re-encoded</li><li>Significantly smaller archive size (compressed from 1.8 to 1.1 GB)</li><li>Installation takes 2-3 minutes</li><li>After-install integrity check so you could make sure that everything installed properly</li><li>HDD space after installation: 2.5 GB</li><li>Language can be changed in game settings</li><li>Repack uses XTool library by Razor12911</li><li>At least 2 GB of free RAM (inc. virtual) required for installing this repack</li></ul><div ><div><h2>Game Description</h2></div><div ><p><b>Ghost on the Shore is a story exploration game about emotional ties that transcend even death.</b></p><p>You play as Riley, a young woman who finds herself stranded on a desolate island with a headstrong ghost, dead for as long as he can remember.</p><p>As you explore the crumbling homes of the vanished islanders and discover their belongings, you get to know the ghost Josh. As you make irrevocable choices in dialogue you shape the bond with him, which ultimately influences the outcome of the game.</p><p>As Riley puts it all together, she comes to understand how an island\u2019s history has led to Josh\u2019 death.</p><p><b>Exploration and Environmental Storytelling:</b><br>You explore the beautiful scenery of The Rogue Islands on foot. As you do, you talk to Josh about the history of the islands, his memories, his feelings, but also about Riley\u2019s dreams and goals, and why she\u2019s running from her old life. As a team, you and Josh discover the old islanders\u2019 belongings and uncover the stories behind them. Which creates a specific sense of what life was like on these islands before people started leaving.</p><p><b>Immersive Dialogue:</b><br>A unique feature that allows the player to make choices in a subtle immersive way. You don\u2019t always know how your words will affect the other. Words are powerful tools. Just like in real life, things can become fun, exciting or plain awkward.</p><p><b>Irrevocable Choices:</b><br>Every dialogue option is shown only once, which makes your choices definite.</p><p><b>Branching Narrative:</b><br>The relationship you choose to build with the ghost defines the narrative branch you get to explore. There are four branches with a different ending for each.</p><p><b><h3>Game Features</h3></b></p><ul><li>Discover the branching narrative and multiple endings</li><li>Make emotional choices and experience the consequences</li><li>Immerse yourself into a rich story and atmospheric setting</li><li>Gather clues and investigate what happened</li><li>Full Voice Over in English, Subtitles in English and German</li></ul></div></div>             </div>"
}