{
    "link": "https://fitgirl-repacks.site/ghostship-chronicles/",
    "title": "Ghostship Chronicles \u2013 v1.1.0",
    "first_img": "https://i114.fastpic.ru/big/2020/1119/84/21fe3e5f0b19b5b14d048066928c4e84.jpg",
    "second_img": "https://s01.riotpixels.net/data/7a/92/7a92c468-fff8-42c9-8c30-ea419acf85ae.jpg.240p.jpg",
    "body": "<div ><h2>Ghostship Chronicles \u2013 v1.1.0</h2><p ><div><a target=\"_blank\" href=\"http://en.riotpixels.com/games/ghostship-chronicles/\" rel=\"noopener\"><img class=\"alignleft\" width=\"150\" src=\"https://i114.fastpic.ru/big/2020/1119/84/21fe3e5f0b19b5b14d048066928c4e84.jpg\"></a></div><br>Genres/Tags: <strong>Action, Shooter, First-person, Third-person, 3D</strong><br>Compan\u043d: <strong>MAG Studios</strong><br>Language: <strong>ENG</strong><br>Original Size: <strong>12.8 GB</strong><br>Repack Size: <strong>5.3 GB</strong></p>&nbsp;<div>&nbsp;</div><h3>Download Mirrors</h3><ul><li><a href=\"https://1337x.to/torrent/4899369/Ghostship-Chronicles-v1-1-0-FitGirl-Repack/\" target=\"_blank\" rel=\"noopener\">1337x</a> | [<a href=\"magnet:?xt=urn:btih:68D389F323AB33E10F52C787792E63EA32403332&amp;dn=Ghostship+Chronicles+%28v1.1.0%29+%5BFitGirl+Repack%5D&amp;tr=udp%3A%2F%2F46.148.18.250%3A2710&amp;tr=udp%3A%2F%2Fopentor.org%3A2710&amp;tr=udp%3A%2F%2Ftracker.coppersurfer.tk%3A6969%2Fannounce&amp;tr=udp%3A%2F%2Ftracker.opentrackr.org%3A1337%2Fannounce&amp;tr=http%3A%2F%2Ftracker.dler.org%3A6969%2Fannounce&amp;tr=udp%3A%2F%2Ftracker.leechers-paradise.org%3A6969%2Fannounce&amp;tr=udp%3A%2F%2F9.rarbg.me%3A2730%2Fannounce&amp;tr=udp%3A%2F%2F9.rarbg.to%3A2770%2Fannounce&amp;tr=udp%3A%2F%2Ftracker.pirateparty.gr%3A6969%2Fannounce&amp;tr=http%3A%2F%2Fretracker.local%2Fannounce&amp;tr=http%3A%2F%2Fretracker.ip.ncnet.ru%2Fannounce&amp;tr=udp%3A%2F%2Fexodus.desync.com%3A6969%2Fannounce&amp;tr=udp%3A%2F%2Fipv4.tracker.harry.lu%3A80%2Fannounce&amp;tr=udp%3A%2F%2Fopen.stealth.si%3A80%2Fannounce&amp;tr=udp%3A%2F%2Ftracker.zer0day.to%3A1337%2Fannounce&amp;tr=udp%3A%2F%2Ftracker.leechers-paradise.org%3A6969%2Fannounce&amp;tr=udp%3A%2F%2Fcoppersurfer.tk%3A6969%2Fannounce\">magnet</a>] [<a href=\"https://pastefg.hermietkreeft.site/?647be321e8121fb9#97K4gJ6DdpMwhRYAcUDLJxKJ3UNyKHVUtwRsbqix5oRG\" target=\"_blank\" rel=\"noopener\">.torrent file only</a>] <br><img src=\"https://torrent-stats.info/c787/3813407fc.png\" style=\"display:block;clear:both\"></li><li><a href=\"https://tapochek.net/viewtopic.php?p=2785416\" target=\"_blank\" rel=\"noopener\">Tapochek.net</a></li><li><a href=\"https://pastefg.hermietkreeft.site/?573cfb8320f2e747#9CzsNrKFrow8ZR81peHScMH6bHcaxYfrjypzzh6LmpMs\" target=\"_blank\" rel=\"noopener\">Filehoster: MultiUpload</a> (10+ hosters, interchangeable) [Use <a href=\"http://jdownloader.org/jdownloader2\" target=\"_blank\" rel=\"noopener\">JDownloader2</a>]</li><li><a href=\"https://pastefg.hermietkreeft.site/?6e24872fe22022b3#A5mWcocisB8yRBRC9uRpShuwdhe7JaMy95wiRPe3F7y2\" target=\"_blank\" rel=\"noopener\">Filehoster: PixelDrain</a></li><li><a href=\"https://pastefg.hermietkreeft.site/?c32b6edc8adfe5cb#HEniTbU1vCFbiPudwN3ErJRNAy7BvLzwx46FpEACh8w4\" target=\"_blank\" rel=\"noopener\">Filehoster: LetsUpload</a> [Use <a href=\"http://jdownloader.org/jdownloader2\" target=\"_blank\" rel=\"noopener\">JDownloader2</a>]</li><li><a href=\"https://crackhub.site/ghostship-chronicles-v1-1-0-fitgirl-repack/\" target=\"_blank\" rel=\"noopener\">Filehosters: Google Drive, OneDrive + others</a> (Uploaded by crackhub213)</li><li><a href=\"https://pastefg.hermietkreeft.site/?241df51e5c71e57f#31Mps15ASd16mEMyBJ7Ctv9HQqtjLhNoa1Ehsyr3eA4h\" target=\"_blank\" rel=\"noopener\">Filehoster: OneDrive</a> (Uploaded by DyR0 t(-_-t), NOT compatible with other mirrors)</li></ul><p><a href=\"https://cs.rin.ru/forum/viewtopic.php?f=10&amp;t=109483\" target=\"_blank\" rel=\"noopener\">Discussion and (possible) future updates on CS.RIN.RU thread</a></p><h3>Screenshots (Click to enlarge)</h3><p><a target=\"_blank\" href=\"http://en.riotpixels.com/games/ghostship-chronicles/screenshots/30/?utm_source=emb-gfx-html&amp;utm_medium=image&amp;utm_campaign=rp-mass\" rel=\"noopener\"><img loading=\"lazy\" width=\"178\" height=\"100\" border=\"0\" src=\"https://s01.riotpixels.net/data/7a/92/7a92c468-fff8-42c9-8c30-ea419acf85ae.jpg.240p.jpg\"></a><a target=\"_blank\" href=\"http://en.riotpixels.com/games/ghostship-chronicles/screenshots/26/?utm_source=emb-gfx-html&amp;utm_medium=image&amp;utm_campaign=rp-mass\" rel=\"noopener\"><img loading=\"lazy\" width=\"178\" height=\"100\" border=\"0\" src=\"https://s01.riotpixels.net/data/99/2b/992b06fa-dc8b-466a-9ab9-ffc7787e42f7.jpg.240p.jpg\"></a><a target=\"_blank\" href=\"http://en.riotpixels.com/games/ghostship-chronicles/screenshots/18/?utm_source=emb-gfx-html&amp;utm_medium=image&amp;utm_campaign=rp-mass\" rel=\"noopener\"><img loading=\"lazy\" width=\"178\" height=\"100\" border=\"0\" src=\"https://s01.riotpixels.net/data/21/53/2153c48c-83c0-43d1-9a47-aa0ef61571e4.jpg.240p.jpg\"></a><br><a target=\"_blank\" href=\"http://en.riotpixels.com/games/ghostship-chronicles/screenshots/9/?utm_source=emb-gfx-html&amp;utm_medium=image&amp;utm_campaign=rp-mass\" rel=\"noopener\"><img loading=\"lazy\" width=\"178\" height=\"100\" border=\"0\" src=\"https://s01.riotpixels.net/data/b9/c7/b9c78440-cd47-4cea-bdbd-0f8dfe52eace.jpg.240p.jpg\"></a><a target=\"_blank\" href=\"http://en.riotpixels.com/games/ghostship-chronicles/screenshots/8/?utm_source=emb-gfx-html&amp;utm_medium=image&amp;utm_campaign=rp-mass\" rel=\"noopener\"><img loading=\"lazy\" width=\"178\" height=\"100\" border=\"0\" src=\"https://s01.riotpixels.net/data/49/a5/49a513ab-12d2-4737-ab2c-87c5c250abbf.jpg.240p.jpg\"></a><a target=\"_blank\" href=\"http://en.riotpixels.com/games/ghostship-chronicles/screenshots/1/?utm_source=emb-gfx-html&amp;utm_medium=image&amp;utm_campaign=rp-mass\" rel=\"noopener\"><img loading=\"lazy\" width=\"178\" height=\"100\" border=\"0\" src=\"https://s01.riotpixels.net/data/51/db/51db71f7-c97e-4990-aa26-45549197391b.jpg.240p.jpg\"></a></p><h3>Repack Features</h3><ul><li>Based on Ghostship.Chronicles.v1.1-CODEX ISO release: codex-ghostship.chronicles.v1.1.iso (13,742,866,432 bytes)</li><li>100% Lossless &amp; MD5 Perfect: all files are identical to originals after installation</li><li>NOTHING ripped, NOTHING re-encoded</li><li>Significantly smaller archive size (compressed from 12.8 to 5.3 GB)</li><li>Installation takes 5-10 minutes (depending on your system)</li><li>After-install integrity check so you could make sure that everything installed properly</li><li>HDD space after installation: 13.1 GB</li><li>Repack uses XTool library by Razor12911</li><li>At least 2 GB of free RAM (inc. virtual) required for installing this repack</li></ul><div ><div><h2>Game Description</h2></div><div >Prepare to board the Heckel and Thomas as a black ops CDF detachment who were sent to investigate the disappearance of the long lost colonization ship. Keep your team teammates alive to evolve more stories and stand a chance of survival with 3 different endings. With random loot from lockers, team mate survival at any given time gives you a unique experience every time along with random enemies and how well you explore and use inventory to match each situation, will you survive, alone or with some team mates. Keep them alive as long as you can!<p>Ghostship Chronicles is the third and final chapter in the Ghostship Trilogy. Based a year before the Icarus 3 Incident in CDF Ghostship/Ghostship Aftermath, this secret Black Ops mission was to investigate and salvage a lost CDF colonisation ship. The ship disappeared for almost a year and has now been located. A small CDF Marine detachment was dispatched to investigate and salvage the ship if possible.</p><p>Ghostship Chronicles is an indie game which has some cool and unique features and gameplay as well as a story mode with 3 different endings in the release version. We plan on adding more free content over the coming months.</p></div></div><p><b>Backwards Compatibility</b></p><p>This repack is NOT backwards compatible with my previous GC repack.</p>             </div>"
}