{
    "link": "https://fitgirl-repacks.site/golf-club-wasteland/",
    "title": "Golf Club: Wasteland",
    "first_img": "https://i5.imageban.ru/out/2021/09/07/0a164effede9d8cdf6f4a160218fe6ad.jpg",
    "second_img": "https://s01.riotpixels.net/data/29/a0/29a02ed9-656a-4be2-a154-eba04ad7dd00.jpg.240p.jpg",
    "body": "<div ><h2>Golf Club: Wasteland</h2><p ><div><a target=\"_blank\" href=\"https://en.riotpixels.com/games/golf-club-wasteland/\" rel=\"noopener\"><img class=\"alignleft\" width=\"150\" src=\"https://i5.imageban.ru/out/2021/09/07/0a164effede9d8cdf6f4a160218fe6ad.jpg\"></a></div><br>Genres/Tags: <strong>Arcade, Logic, Puzzle, Post-apocalyptic, Side, 2D</strong><br>Companies: <strong>Demagog Studio</strong><br>Languages: <strong>RUS/ENG/MULTI10</strong><br>Original Size: <strong>1.1 GB</strong><br>Repack Size: <strong>593 MB</strong></p>&nbsp;<div>&nbsp;</div><h3>Download Mirrors</h3><ul><li><a href=\"https://1337x.to/torrent/4976728/Golf-Club-Wasteland-MULTi10-FitGirl-Repack/\" target=\"_blank\" rel=\"noopener\">1337x</a> | [<a href=\"magnet:?xt=urn:btih:7B6D1A4CE470EA0D2B23D7957045B6EA4413994B&amp;dn=Golf+Club%3A+Wasteland+%28MULTi10%29+%5BFitGirl+Repack%5D&amp;tr=udp%3A%2F%2F46.148.18.250%3A2710&amp;tr=udp%3A%2F%2Fopentor.org%3A2710&amp;tr=udp%3A%2F%2Ftracker.coppersurfer.tk%3A6969%2Fannounce&amp;tr=udp%3A%2F%2Ftracker.opentrackr.org%3A1337%2Fannounce&amp;tr=http%3A%2F%2Ftracker.dler.org%3A6969%2Fannounce&amp;tr=udp%3A%2F%2Ftracker.leechers-paradise.org%3A6969%2Fannounce&amp;tr=udp%3A%2F%2F9.rarbg.me%3A2730%2Fannounce&amp;tr=udp%3A%2F%2F9.rarbg.to%3A2770%2Fannounce&amp;tr=udp%3A%2F%2Ftracker.pirateparty.gr%3A6969%2Fannounce&amp;tr=http%3A%2F%2Fretracker.local%2Fannounce&amp;tr=http%3A%2F%2Fretracker.ip.ncnet.ru%2Fannounce&amp;tr=udp%3A%2F%2Fexodus.desync.com%3A6969%2Fannounce&amp;tr=udp%3A%2F%2Fipv4.tracker.harry.lu%3A80%2Fannounce&amp;tr=udp%3A%2F%2Fopen.stealth.si%3A80%2Fannounce&amp;tr=udp%3A%2F%2Ftracker.zer0day.to%3A1337%2Fannounce&amp;tr=udp%3A%2F%2Ftracker.leechers-paradise.org%3A6969%2Fannounce&amp;tr=udp%3A%2F%2Fcoppersurfer.tk%3A6969%2Fannounce\">magnet</a>] [<a href=\"https://pastefg.hermietkreeft.site/?53448ac1aefffe7d#5Lz6qrhjaPuaDfW8ZNUTUkDcjof3pCDYu6EcdvQaetdw\" target=\"_blank\" rel=\"noopener\">.torrent file only</a>] <br><img src=\"https://torrent-stats.info/d795/3d956fa0f.png\" style=\"display:block;clear:both\"></li><li><a href=\"http://rutor.info/torrent/833288/golf-club-wasteland-2021-pc-repack-ot-fitgirl\" target=\"_blank\" rel=\"noopener\">RuTor</a> [<a href=\"magnet:?xt=urn:btih:7b6d1a4ce470ea0d2b23d7957045b6ea4413994b&amp;dn=rutor.info_Golf+Club%3A+Wasteland+%282021%29+PC+%7C+RePack+%D0%BE%D1%82+FitGirl&amp;tr=udp://opentor.net:6969&amp;tr=udp://opentor.org:2710&amp;tr=http://retracker.local/announce\">magnet</a>]</li><li><a href=\"https://tapochek.net/viewtopic.php?p=2799003\" target=\"_blank\" rel=\"noopener\">Tapochek.net</a></li><li><a href=\"https://pastefg.hermietkreeft.site/?89de48f8881867dd#B5qDEKoV3MeHuVUMRruqf9rGWWiqERsHDYdxhY4FSXwS\" target=\"_blank\" rel=\"noopener\">Filehoster: MultiUpload</a> (10+ hosters, interchangeable) [Use <a href=\"http://jdownloader.org/jdownloader2\" target=\"_blank\" rel=\"noopener\">JDownloader2</a>]</li><li><a href=\"https://pastefg.hermietkreeft.site/?57e8918866b3ff5b#9JNDjhJVX4c9JG3mdk5yr1kPjnVrtkHyGszPUNrxRU8y\" target=\"_blank\" rel=\"noopener\">Filehoster: PixelDrain</a></li><li><a href=\"https://pastefg.hermietkreeft.site/?48a1c681ee61b299#CVDUmSaeLacqh8bux3mzRRbmNxzjHsDCAtypWf5xYCtq\" target=\"_blank\" rel=\"noopener\">Filehoster: ZippyShare</a></li><li><a href=\"https://pastefg.hermietkreeft.site/?31b07c0a6d302653#5NRsAyJznNia2dQGb895mJbnKufcY24mLGpV8CwNbunU\" target=\"_blank\" rel=\"noopener\">Filehoster: LetsUpload</a> [Use <a href=\"http://jdownloader.org/jdownloader2\" target=\"_blank\" rel=\"noopener\">JDownloader2</a>]</li><li><a href=\"https://crackhub.site/golf-club-wasteland-fitgirl-repack/\" target=\"_blank\" rel=\"noopener\">Filehosters: Google Drive, OneDrive + others</a> (Uploaded by crackhub213)</li><li><a href=\"https://pastefg.hermietkreeft.site/?eaaf5e56d6626661#DxVFp2gKNLY3gbYuHhNEkKTrwa6WpxRhMAQmwvHFAQbj\" target=\"_blank\" rel=\"noopener\">Filehoster: OneDrive</a> (Uploaded by DyR0 t(-_-t), NOT compatible with other mirrors)</li></ul><p><a href=\"https://cs.rin.ru/forum/viewtopic.php?f=10&amp;t=115416\" target=\"_blank\" rel=\"noopener\">Discussion and (possible) future updates on CS.RIN.RU thread</a></p><h3>Screenshots (Click to enlarge)</h3><p><a target=\"_blank\" href=\"https://en.riotpixels.com/games/golf-club-wasteland/screenshots/11/?utm_source=emb-gfx-html&amp;utm_medium=image&amp;utm_campaign=rp-mass\" rel=\"noopener\"><img loading=\"lazy\" width=\"178\" height=\"100\" border=\"0\" src=\"https://s01.riotpixels.net/data/29/a0/29a02ed9-656a-4be2-a154-eba04ad7dd00.jpg.240p.jpg\"></a><a target=\"_blank\" href=\"https://en.riotpixels.com/games/golf-club-wasteland/screenshots/10/?utm_source=emb-gfx-html&amp;utm_medium=image&amp;utm_campaign=rp-mass\" rel=\"noopener\"><img loading=\"lazy\" width=\"178\" height=\"100\" border=\"0\" src=\"https://s01.riotpixels.net/data/51/d7/51d70ceb-ae53-44a8-ac1f-88d826e09d12.jpg.240p.jpg\"></a><a target=\"_blank\" href=\"https://en.riotpixels.com/games/golf-club-wasteland/screenshots/9/?utm_source=emb-gfx-html&amp;utm_medium=image&amp;utm_campaign=rp-mass\" rel=\"noopener\"><img loading=\"lazy\" width=\"178\" height=\"100\" border=\"0\" src=\"https://s01.riotpixels.net/data/32/75/327523d7-5abe-4af2-98de-c9f5b6bbf9c9.jpg.240p.jpg\"></a><br><a target=\"_blank\" href=\"https://en.riotpixels.com/games/golf-club-wasteland/screenshots/8/?utm_source=emb-gfx-html&amp;utm_medium=image&amp;utm_campaign=rp-mass\" rel=\"noopener\"><img loading=\"lazy\" width=\"178\" height=\"100\" border=\"0\" src=\"https://s01.riotpixels.net/data/c7/38/c7386ed8-e8d8-4079-a084-c8e17905b538.jpg.240p.jpg\"></a><a target=\"_blank\" href=\"https://en.riotpixels.com/games/golf-club-wasteland/screenshots/7/?utm_source=emb-gfx-html&amp;utm_medium=image&amp;utm_campaign=rp-mass\" rel=\"noopener\"><img loading=\"lazy\" width=\"178\" height=\"100\" border=\"0\" src=\"https://s01.riotpixels.net/data/f0/3c/f03c6fe0-0ea8-4542-8cc4-cbafd189297b.jpg.240p.jpg\"></a><a target=\"_blank\" href=\"https://en.riotpixels.com/games/golf-club-wasteland/screenshots/6/?utm_source=emb-gfx-html&amp;utm_medium=image&amp;utm_campaign=rp-mass\" rel=\"noopener\"><img loading=\"lazy\" width=\"178\" height=\"100\" border=\"0\" src=\"https://s01.riotpixels.net/data/a8/d0/a8d00c8a-1e1c-4a03-b223-30ce3c91e630.jpg.240p.jpg\"></a></p><h3>Repack Features</h3><ul><li>Based on Golf.Club.Wasteland-CODEX ISO release: codex-golf.club.wasteland.iso (1,179,484,160 bytes)</li><li>100% Lossless &amp; MD5 Perfect: all files are identical to originals after installation</li><li>NOTHING ripped, NOTHING re-encoded</li><li>Significantly smaller archive size (compressed from 1.1 GB to 593 MB)</li><li>Installation takes ~7 minutes</li><li>After-install integrity check so you could make sure that everything installed properly</li><li>HDD space after installation: 2.2 GB (4.3 GB during installation)</li><li>Language can be changed in game settings</li><li>At least 2 GB of free RAM (inc. virtual) required for installing this repack</li></ul><div ><div><h2>Game Description</h2></div><div ><b>URBAN WASTELAND ADVENTURE GOLF:</b><br>The rich fled to Mars but venture back to a desolate Earth for a round of golf. Each hole in the wasteland offers its own little story and possible puzzle to sink the perfect shot. Play through destroyed brutalist monuments, crumbling shopping malls, and abandoned museums as neon signs and poignant graffiti take swings at current events, Silicon Valley culture and humanity.<p><b>THREE STORIES MAKE A (W)HOLE:</b><br>Piece together the full story of how humanity fell through three distinct sources. Details from the lone golfer\u2019s story, who\u2019s come back to Earth for one last game. The Radio Nostalgia From Mars broadcast that gives a glimpse into the lives of those who escaped. And the narration of a \u201csecret spectator\u201d watching from a distance\u2026</p><p><b>THE 1% KILLED THE RADIO STAR:</b><br>Be accompanied by a purposefully composed soundtrack as well as personal stories broadcasted on Radio Nostalgia From Mars. The station caters to citizens of Mars, nostalgic for Earth as they listen to music from the 2020s, and dial in to share their memories of the planet. A smooth-voiced radio DJ keeps the show flowing with updates and announcements hinting at a not-so-glamorous life on Mars.</p><p><b>FITS LIKE A GLOVE:</b><br>Three distinct modes mean every golfer can find something for their tastes. Casual players can focus just on the story and a relaxing scenic round of golf in Story Mode. Those looking for an extra challenge can beat each hole under par using skill and puzzle solving through Challenge Mode. While the total pros can try Iron Mode, where there\u2019s almost zero room for error. Easy-to grasp controls and a minimalist UI underpin the whole game so anyone can easily pick up and play at their own pace.</p><p><b>THAT\u2019S A KEEPER:</b><br>Included with every copy of the game is the digital Golf Club: Wasteland Official Soundtrack plus a Graphic Novel Art Book that further expands the back story of the lone golfer Charley in a stunning visual format.</p></div></div>             </div>"
}