{
    "link": "https://fitgirl-repacks.site/grand-theft-auto-the-original-trilogy/",
    "title": "Grand Theft Auto: The Original Trilogy + The Definitive Edition Project Modpack",
    "first_img": "https://i3.imageban.ru/out/2021/11/17/23f0adac73f4781149096117bf359a33.jpg",
    "second_img": "https://s01.riotpixels.net/data/e9/1b/e91b41b4-2f9c-4582-9703-7581ea81dbb3.jpg.240p.jpg",
    "body": "<div ><h2>Grand Theft Auto: The Original Trilogy + The Definitive Edition Project Modpack</h2><p ><div><a target=\"_blank\" href=\"https://en.riotpixels.com/games/grand-theft-auto-3/\" rel=\"noopener\"><img class=\"alignleft\" width=\"150\" src=\"https://i3.imageban.ru/out/2021/11/17/23f0adac73f4781149096117bf359a33.jpg\"></a></div><br>Genres/Tags: <strong>Action, Shooter, Driving, Racing, Open world, QTE, Stealth, First-person, Third-person, 3D</strong><br>Companies: <strong>Rockstar Games</strong><br>Languages: <strong>RUS/ENG/MULTI9</strong><br>Original Size: <strong>18.3 GB</strong><br>Repack Size: <strong>6.4 GB</strong></p>&nbsp;<div>&nbsp;</div><h3>Download Mirrors</h3><ul><li><a href=\"https://1337x.to/torrent/5054279/Grand-Theft-Auto-The-Original-Trilogy-The-Definitive-Edition-Project-Modpack-MULTi9-FitGirl-Repack/\" target=\"_blank\" rel=\"noopener\">1337x</a> | [<a href=\"magnet:?xt=urn:btih:02383F19C9FD13E93F33BFCAE31008F95FD39562&amp;dn=Grand+Theft+Auto%3A+The+Original+Trilogy+%28%2B+The+Definitive+Edition+Project+Modpack%2C+MULTi9%29+%5BFitGirl+Repack%5D&amp;tr=udp%3A%2F%2F46.148.18.250%3A2710&amp;tr=udp%3A%2F%2Fopentor.org%3A2710&amp;tr=udp%3A%2F%2Ftracker.coppersurfer.tk%3A6969%2Fannounce&amp;tr=udp%3A%2F%2Ftracker.opentrackr.org%3A1337%2Fannounce&amp;tr=http%3A%2F%2Ftracker.dler.org%3A6969%2Fannounce&amp;tr=udp%3A%2F%2Ftracker.leechers-paradise.org%3A6969%2Fannounce&amp;tr=udp%3A%2F%2F9.rarbg.me%3A2730%2Fannounce&amp;tr=udp%3A%2F%2F9.rarbg.to%3A2770%2Fannounce&amp;tr=udp%3A%2F%2Ftracker.pirateparty.gr%3A6969%2Fannounce&amp;tr=http%3A%2F%2Fretracker.local%2Fannounce&amp;tr=http%3A%2F%2Fretracker.ip.ncnet.ru%2Fannounce&amp;tr=udp%3A%2F%2Fexodus.desync.com%3A6969%2Fannounce&amp;tr=udp%3A%2F%2Fipv4.tracker.harry.lu%3A80%2Fannounce&amp;tr=udp%3A%2F%2Fopen.stealth.si%3A80%2Fannounce&amp;tr=udp%3A%2F%2Ftracker.zer0day.to%3A1337%2Fannounce&amp;tr=udp%3A%2F%2Ftracker.leechers-paradise.org%3A6969%2Fannounce&amp;tr=udp%3A%2F%2Fcoppersurfer.tk%3A6969%2Fannounce\">magnet</a>] [<a href=\"https://pastefg.hermietkreeft.site/?059150d7d6ee0ac2#4QxgHEpEG8mMpvnLJyuhfc8hoYHd8H2c4PVc4gsSxhfx\" target=\"_blank\" rel=\"noopener\">.torrent file only</a>] <br><img src=\"https://torrent-stats.info/bfca/37ddd130a.png\" style=\"display:block;clear:both\"></li><li><a href=\"http://rutor.info/torrent/845947/grand-theft-auto-the-original-trilogy-the-definitive-edition-project-modpack-2002-2005-pc-repack-ot-fitgirl\" target=\"_blank\" rel=\"noopener\">RuTor</a> [<a href=\"magnet:?xt=urn:btih:02383f19c9fd13e93f33bfcae31008f95fd39562&amp;dn=rutor.info_Grand+Theft+Auto%3A+The+Original+Trilogy+%5B%2B+The+Definitive+Edition+Project+Modpack%5D+%282002-2005%29+PC+%7C+RePack+%D0%BE%D1%82+FitGirl&amp;tr=udp://opentor.net:6969&amp;tr=udp://opentor.org:2710&amp;tr=http://retracker.local/announce\">magnet</a>]</li><li><a href=\"https://tapochek.net/viewtopic.php?p=2812922\" target=\"_blank\" rel=\"noopener\">Tapochek.net</a></li><li><a href=\"https://pastefg.hermietkreeft.site/?627ac9c8867a0d47#6x9UddsceDH4rLzz4fqizZi33HM8q4ULtwaEsFv353Kc\" target=\"_blank\" rel=\"noopener\">Filehoster: MultiUpload</a> (10+ hosters, interchangeable) [Use <a href=\"http://jdownloader.org/jdownloader2\" target=\"_blank\" rel=\"noopener\">JDownloader2</a>]</li><li><a href=\"https://pastefg.hermietkreeft.site/?ae2a9a62583db733#5jQGVec4428MSsR4PXW73hapduVz7JF9A7Pe27WeavhP\" target=\"_blank\" rel=\"noopener\">Filehoster: ZippyShare</a></li><li><a href=\"https://pastefg.hermietkreeft.site/?81c4239bb1421955#3cu8xFqd9JCg1VtqiWVWbeWVYvHEUVeTdiHm5qob6kM9\" target=\"_blank\" rel=\"noopener\">Filehoster: BayFiles</a></li><li><a href=\"https://pastefg.hermietkreeft.site/?ac25c9ad83666c5a#71DMpDgnxd43GN8VvpwHhZefYbC6ZtUGL5DvJueqAsDD\" target=\"_blank\" rel=\"noopener\">Filehoster: LetsUpload</a> [Use <a href=\"http://jdownloader.org/jdownloader2\" target=\"_blank\" rel=\"noopener\">JDownloader2</a>]</li><li><a href=\"https://pastefg.hermietkreeft.site/?732a8e4b484cc3df#CySijr8GTm6KdxyftvKRmfNnpv7heyGFdjuADcjy1UUn\" target=\"_blank\" rel=\"noopener\">Filehoster: OneDrive</a> (Uploaded by DyR0 t(-_-t), NOT compatible with other mirrors)</li><p><!--  <li><a href=\"\" target=\"_blank\" rel=\"noopener\">Filehosters: Google Drive, OneDrive + others</a> (Uploaded by crackhub213)</li>  --></p></ul><p><a href=\"https://cs.rin.ru/forum/viewtopic.php?f=10&amp;t=76528\" target=\"_blank\" rel=\"noopener\">Discussion and (possible) future updates on CS.RIN.RU thread</a></p><h3>Screenshots (Click to enlarge)</h3><p><a target=\"_blank\" href=\"https://en.riotpixels.com/games/grand-theft-auto-3/screenshots/89/?utm_source=emb-gfx-html&amp;utm_medium=image&amp;utm_campaign=rp-mass\" rel=\"noopener\"><img loading=\"lazy\" width=\"170\" height=\"100\" border=\"0\" src=\"https://s01.riotpixels.net/data/e9/1b/e91b41b4-2f9c-4582-9703-7581ea81dbb3.jpg.240p.jpg\"></a><a target=\"_blank\" href=\"https://en.riotpixels.com/games/grand-theft-auto-3/screenshots/86/?utm_source=emb-gfx-html&amp;utm_medium=image&amp;utm_campaign=rp-mass\" rel=\"noopener\"><img loading=\"lazy\" width=\"170\" height=\"100\" border=\"0\" src=\"https://s01.riotpixels.net/data/87/dc/87dc56d9-7357-4f70-89ea-67786d5ef06f.jpg.240p.jpg\"></a><a target=\"_blank\" href=\"https://en.riotpixels.com/games/grand-theft-auto-vice-city/screenshots/119/?utm_source=emb-gfx-html&amp;utm_medium=image&amp;utm_campaign=rp-mass\" rel=\"noopener\"><img loading=\"lazy\" width=\"178\" height=\"100\" border=\"0\" src=\"https://s01.riotpixels.net/data/7f/66/7f66dc80-f7f2-4a0f-bc29-09a57b259908.jpg.240p.jpg\"></a><br><a target=\"_blank\" href=\"https://en.riotpixels.com/games/grand-theft-auto-san-andreas/screenshots/323/?utm_source=emb-gfx-html&amp;utm_medium=image&amp;utm_campaign=rp-mass\" rel=\"noopener\"><img loading=\"lazy\" width=\"150\" height=\"100\" border=\"0\" src=\"https://s01.riotpixels.net/data/17/29/1729a817-05b3-4144-8f5b-f6442a54c067.jpg.240p.jpg\"></a><a target=\"_blank\" href=\"https://en.riotpixels.com/games/grand-theft-auto-san-andreas/screenshots/105/?utm_source=emb-gfx-html&amp;utm_medium=image&amp;utm_campaign=rp-mass\" rel=\"noopener\"><img loading=\"lazy\" width=\"178\" height=\"100\" border=\"0\" src=\"https://s01.riotpixels.net/data/43/2f/432ff6e1-1245-42e4-b73b-bd08193bd2b9.jpg.240p.jpg\"></a><a target=\"_blank\" href=\"https://en.riotpixels.com/games/grand-theft-auto-san-andreas/screenshots/28/?utm_source=emb-gfx-html&amp;utm_medium=image&amp;utm_campaign=rp-mass\" rel=\"noopener\"><img loading=\"lazy\" width=\"178\" height=\"100\" border=\"0\" src=\"https://s01.riotpixels.net/data/49/03/4903b55b-f032-4e60-ada4-69dd3a0df2d1.jpg.240p.jpg\"></a></p><h3>Repack Features</h3><ul><li>Based on three latest Steam releases with D.E.P. Modpack applied over: 18.3 GB</li><li>Fan-made localizations for Russian, Turkish, Ukrainian (GTA3 only) and Portuguese-Brazil (GTASA only) languages added</li><li>Custom launcher created for one-click game launching and languages switching</li><li>100% Lossless &amp; MD5 Perfect: all files are identical to originals after installation</li><li>NOTHING ripped, NOTHING re-encoded</li><li>Significantly smaller archive size (compressed from 18.3 to 6.4 GB)</li><li>Installation takes 8-15 minutes (depending on your system)</li><li>After-install integrity check so you could make sure that everything installed properly</li><li>HDD space after installation: 18.3 GB</li><li>Use \u201cLauncher.exe\u201d in game root to change games language</li><li>After converting to either Russian or Turkish language for GTA 3 through my launcher, in case if the game language still displays English subs, then you can change them to the desired sub language by heading over to the in-game language setup menu. Just change to French or German to trigger the desired language to replace English in the same menu and select them there</li><li>At least 2 GB of free RAM (inc. virtual) required for installing this repack</li></ul><p><img src=\"https://i1.imageban.ru/out/2021/11/17/57c034a7568bd6d5a85f202f9c436c08.jpg&lt;/a\"></p><div ><div><h2>Game Description</h2></div><div ><b>Grand Theft Auto 3:</b><br>The sprawling crime epic that changed open-world games forever.<br>Welcome to Liberty City. Where it all began.<p>The critically acclaimed blockbuster Grand Theft Auto III brings to life the dark and seedy underworld of Liberty City. With a massive and diverse open world, a wild cast of characters from every walk of life and the freedom to explore at will, Grand Theft Auto III puts the dark, intriguing and ruthless world of crime at your fingertips.</p><p>With stellar voice acting, a darkly comic storyline, a stunning soundtrack and revolutionary open-world gameplay, Grand Theft Auto III is the game that defined the open world genre for a generation.</p><p><b>Grand Theft Auto \u2013 Vice City:</b><br>Welcome to Vice City. Welcome to the 1980s.</p><p>From the decade of big hair, excess and pastel suits comes a story of one man\u2019s rise to the top of the criminal pile. Vice City, a huge urban sprawl ranging from the beach to the swamps and the glitz to the ghetto, was one of the most varied, complete and alive digital cities ever created. Combining open-world gameplay with a character driven narrative, you arrive in a town brimming with delights and degradation and given the opportunity to take it over as you choose.</p><p>Having just made it back onto the streets of Liberty City after a long stretch in maximum security, Tommy Vercetti is sent to Vice City by his old boss, Sonny Forelli. They were understandably nervous about his re-appearance in Liberty City, so a trip down south seemed like a good idea. But all does not go smoothly upon his arrival in the glamorous, hedonistic metropolis of Vice City. He\u2019s set up and is left with no money and no merchandise. Sonny wants his money back, but the biker gangs, Cuban gangsters, and corrupt politicians stand in his way. Most of Vice City seems to want Tommy dead. His only answer is to fight back and take over the city himself.</p><p><b>Grand Theft Auto \u2013 San Andreas:</b><br>Five years ago Carl Johnson escaped from the pressures of life in Los Santos, San Andreas\u2026 a city tearing itself apart with gang trouble, drugs and corruption. Where filmstars and millionaires do their best to avoid the dealers and gangbangers.</p><p>Now, it\u2019s the early 90s. Carl\u2019s got to go home. His mother has been murdered, his family has fallen apart and his childhood friends are all heading towards disaster.</p><p>On his return to the neighborhood, a couple of corrupt cops frame him for homicide. CJ is forced on a journey that takes him across the entire state of San Andreas, to save his family and to take control of the streets.</p><p><b>The Definitive Edition Project Modpack</b></p><p><a target=\"_blank\" href=\"https://www.definitive-edition-project.com/\" rel=\"noopener\">https://www.definitive-edition-project.com/</a></p><p>Fixes porting errors, bugs in the game and crashes on Windows 10. Adds support for widescreens, 60 FPS and gamepads. Introduces AI upscaled videos, textures and some elements straight from the PS2, Xbox and mobile platforms.</p><p>\u201cWe are a group of modders, artists and fans of Rockstar Games from all around the world, gathered under one project called \u201cDefinitive Edition\u201d. Our goal is to fix and improve the old and buggy PC ports of Rockstar\u2019s titles and to do that we work as a team thanks to that amazing thing called internet! :3</p><p>Our patches are created by combining mods created by the community and by us, to bring a unique package that can offer an experience as faithful as possible to the original game but with various technical and graphical improvements. The patches are also constantly updated with new mods and updates in order to stay relevant and up to date.\u201d</p><p><b>The Definitive Edition Project Discord Channel</b></p><p><a href=\"https://discord.gg/ZJ7Bru8bsR\">https://discord.gg/ZJ7Bru8bsR</a></p></div></div>             </div>"
}