{
    "link": "https://fitgirl-repacks.site/grand-tactician-the-civil-war-1861-1865/",
    "title": "Grand Tactician: The Civil War (1861-1865)",
    "first_img": "https://i5.imageban.ru/out/2021/09/27/6f43156ef7010934506fa1901ba8e72c.jpg",
    "second_img": "https://s01.riotpixels.net/data/84/c1/84c18710-a397-47e9-8541-d292cb402837.jpg.240p.jpg",
    "body": "<div ><h2>Grand Tactician: The Civil War (1861-1865)</h2><p ><div><a target=\"_blank\" href=\"https://en.riotpixels.com/games/grand-tactician-the-civil-war-1861-1865/\" rel=\"noopener\"><img class=\"alignleft\" width=\"150\" src=\"https://i5.imageban.ru/out/2021/09/27/6f43156ef7010934506fa1901ba8e72c.jpg\"></a></div><br>Genres/Tags: <strong>Strategy, Isometric, , Real-time, 3D</strong><br>Company: <strong>Oliver Keppelm\u00fcller</strong><br>Language: <strong>ENG</strong><br>Original Size: <strong>7.8 GB</strong><br>Repack Size: <strong>4.9 GB</strong></p>&nbsp;<div>&nbsp;</div><h3>Download Mirrors</h3><ul><li><a href=\"https://1337x.to/torrent/4997726/Grand-Tactician-The-Civil-War-1861-1865-FitGirl-Repack/\" target=\"_blank\" rel=\"noopener\">1337x</a> | [<a href=\"magnet:?xt=urn:btih:06A52AFA5DD3A06DC253E0ABD60FF9DDAF575F77&amp;dn=Grand+Tactician%3A+The+Civil+War+%281861-1865%29+%5BFitGirl+Repack%5D&amp;tr=udp%3A%2F%2F46.148.18.250%3A2710&amp;tr=udp%3A%2F%2Fopentor.org%3A2710&amp;tr=udp%3A%2F%2Ftracker.coppersurfer.tk%3A6969%2Fannounce&amp;tr=udp%3A%2F%2Ftracker.opentrackr.org%3A1337%2Fannounce&amp;tr=http%3A%2F%2Ftracker.dler.org%3A6969%2Fannounce&amp;tr=udp%3A%2F%2Ftracker.leechers-paradise.org%3A6969%2Fannounce&amp;tr=udp%3A%2F%2F9.rarbg.me%3A2730%2Fannounce&amp;tr=udp%3A%2F%2F9.rarbg.to%3A2770%2Fannounce&amp;tr=udp%3A%2F%2Ftracker.pirateparty.gr%3A6969%2Fannounce&amp;tr=http%3A%2F%2Fretracker.local%2Fannounce&amp;tr=http%3A%2F%2Fretracker.ip.ncnet.ru%2Fannounce&amp;tr=udp%3A%2F%2Fexodus.desync.com%3A6969%2Fannounce&amp;tr=udp%3A%2F%2Fipv4.tracker.harry.lu%3A80%2Fannounce&amp;tr=udp%3A%2F%2Fopen.stealth.si%3A80%2Fannounce&amp;tr=udp%3A%2F%2Ftracker.zer0day.to%3A1337%2Fannounce&amp;tr=udp%3A%2F%2Ftracker.leechers-paradise.org%3A6969%2Fannounce&amp;tr=udp%3A%2F%2Fcoppersurfer.tk%3A6969%2Fannounce\">magnet</a>] [<a href=\"https://pastefg.hermietkreeft.site/?b96795cf04d32aab#FgerbNAssVkebjc4G1C1TKHAFJgTNEHmqXpLXQUcpgFZ\" target=\"_blank\" rel=\"noopener\">.torrent file only</a>] <br><img src=\"https://torrent-stats.info/e0ab/40772af19.png\" style=\"display:block;clear:both\"></li><li><a href=\"https://tapochek.net/viewtopic.php?p=2802735\" target=\"_blank\" rel=\"noopener\">Tapochek.net</a></li><li><a href=\"https://pastefg.hermietkreeft.site/?d60b1fdddb3ca136#43DQG2KYf2svm1FiUKBKyjAQgw18Yg6U7c5FE6b32aXL\" target=\"_blank\" rel=\"noopener\">Filehoster: MultiUpload</a> (10+ hosters, interchangeable) [Use <a href=\"http://jdownloader.org/jdownloader2\" target=\"_blank\" rel=\"noopener\">JDownloader2</a>]</li><li><a href=\"https://pastefg.hermietkreeft.site/?b07403f75d326620#HbFhNwqH3d8FdDFbGogkzSPHFrWagdcuERF2rYJwqUCN\" target=\"_blank\" rel=\"noopener\">Filehoster: PixelDrain</a></li><li><a href=\"https://pastefg.hermietkreeft.site/?f0b56992dcd137ac#ESrg5F6tKWRViRBcVFrAVopZT5npRdMHh5euzwhp8GbD\" target=\"_blank\" rel=\"noopener\">Filehoster: ZippyShare</a></li><li><a href=\"https://pastefg.hermietkreeft.site/?be72da3c7c7b14c6#9m7kqUQ2d9RF82QocRLHadVQB8kAoqoG3KhHd9nXxE9Z\" target=\"_blank\" rel=\"noopener\">Filehoster: LetsUpload</a> [Use <a href=\"http://jdownloader.org/jdownloader2\" target=\"_blank\" rel=\"noopener\">JDownloader2</a>]</li><li><a href=\"https://pastefg.hermietkreeft.site/?ef64077b38c308b1#GggVhUtm7DQbBdCGuoLYbtXyksg4gZ2yAzwjrn4hE1ut\" target=\"_blank\" rel=\"noopener\">Filehoster: OneDrive</a> (Uploaded by DyR0 t(-_-t), NOT compatible with other mirrors)</li></ul><p><a href=\"https://cs.rin.ru/forum/viewtopic.php?f=10&amp;t=107378\" target=\"_blank\" rel=\"noopener\">Discussion and (possible) future updates on CS.RIN.RU thread</a></p><h3>Screenshots (Click to enlarge)</h3><p><a target=\"_blank\" href=\"https://en.riotpixels.com/games/grand-tactician-the-civil-war-1861-1865/screenshots/16/?utm_source=emb-gfx-html&amp;utm_medium=image&amp;utm_campaign=rp-mass\" rel=\"noopener\"><img loading=\"lazy\" width=\"178\" height=\"100\" border=\"0\" src=\"https://s01.riotpixels.net/data/84/c1/84c18710-a397-47e9-8541-d292cb402837.jpg.240p.jpg\"></a><a target=\"_blank\" href=\"https://en.riotpixels.com/games/grand-tactician-the-civil-war-1861-1865/screenshots/13/?utm_source=emb-gfx-html&amp;utm_medium=image&amp;utm_campaign=rp-mass\" rel=\"noopener\"><img loading=\"lazy\" width=\"178\" height=\"100\" border=\"0\" src=\"https://s01.riotpixels.net/data/a7/fd/a7fd8e9d-62b5-4f3f-a8e6-7127fd131592.jpg.240p.jpg\"></a><a target=\"_blank\" href=\"https://en.riotpixels.com/games/grand-tactician-the-civil-war-1861-1865/screenshots/9/?utm_source=emb-gfx-html&amp;utm_medium=image&amp;utm_campaign=rp-mass\" rel=\"noopener\"><img loading=\"lazy\" width=\"178\" height=\"100\" border=\"0\" src=\"https://s01.riotpixels.net/data/0f/80/0f800f5c-f211-49c5-868d-e37d33e6af6f.jpg.240p.jpg\"></a><br><a target=\"_blank\" href=\"https://en.riotpixels.com/games/grand-tactician-the-civil-war-1861-1865/screenshots/7/?utm_source=emb-gfx-html&amp;utm_medium=image&amp;utm_campaign=rp-mass\" rel=\"noopener\"><img loading=\"lazy\" width=\"178\" height=\"100\" border=\"0\" src=\"https://s01.riotpixels.net/data/8f/79/8f79a27d-213c-404f-adfd-9f05cb82588e.jpg.240p.jpg\"></a><a target=\"_blank\" href=\"https://en.riotpixels.com/games/grand-tactician-the-civil-war-1861-1865/screenshots/5/?utm_source=emb-gfx-html&amp;utm_medium=image&amp;utm_campaign=rp-mass\" rel=\"noopener\"><img loading=\"lazy\" width=\"178\" height=\"100\" border=\"0\" src=\"https://s01.riotpixels.net/data/8c/92/8c92daf3-735d-4c3d-85c7-02a3c03ea627.jpg.240p.jpg\"></a><a target=\"_blank\" href=\"https://en.riotpixels.com/games/grand-tactician-the-civil-war-1861-1865/screenshots/1/?utm_source=emb-gfx-html&amp;utm_medium=image&amp;utm_campaign=rp-mass\" rel=\"noopener\"><img loading=\"lazy\" width=\"178\" height=\"100\" border=\"0\" src=\"https://s01.riotpixels.net/data/7b/04/7b048aba-20fa-47e9-a42f-ec0bbc086e9d.jpg.240p.jpg\"></a></p><h3>Repack Features</h3><ul><li>Based on Grand.Tactician.The.Civil.War.1861.1865-SKIDROW ISO release: sr-grandtacticianthecivilwar18611865.iso (8,391,043,072 bytes)</li><li>100% Lossless &amp; MD5 Perfect: all files are identical to originals after installation</li><li>NOTHING ripped, NOTHING re-encoded</li><li>Significantly smaller archive size (compressed from 7.8 to 4.9 GB)</li><li>Installation takes 3-5 minutes (depending on your system)</li><li>After-install integrity check so you could make sure that everything installed properly</li><li>HDD space after installation: 14.2 GB</li><li>At least 2 GB of free RAM (inc. virtual) required for installing this repack</li></ul><div ><div><h2>Game Description</h2></div><div ><b>Grand Tactician: The Civil War (1861-1865)</b> is a real-time strategy game combining a strategic campaign with tactical battle game-play. Run your nation, muster, manage and support great armies, and maneuver them to defeat the enemy. Once the opposing armies meet, command your troops to victory in battles fought on historical battlefields.<p><b><h3>Game Features</h3></b></p><ul><li><b>Choose your side in the American Civil War:</b> Real-time campaign, spanning from Secession to the end of the war, with historical objectives for both sides.</li><li><b>Five campaign scenarios:</b> (Pre-War, 1861, 1862, 1863, 1864) and sixteen (16) stand-alone battles from 1st Manassas in 1861 to Appomattox Court House in 1865.</li><li><b>Change history:</b> What if European superpowers intervened to end the war, or Lincoln lost the presidential election of 1864?</li><li><b>Scott\u2019s Great Snake:</b> Lay siege, raid and blockade your enemy on land and sea or use blockade runners to keep the life-lines to Europe open.</li><li><b>From Fort Sumter to Appomattox:</b> Watch closely the morale of your citizens and troops. As the war drags on, fervor turns to fatigue, the treasury threatens to run dry, and measures like drafting will cause unrest.</li><li><b>Keep the armies marching:</b> Build and manage the flow of supplies to your armies. Utilize and expand railroad lines to supply and move armies for the first time in history!</li><li><b>Pivotal battles:</b> Fight battles lasting multiple days on historical battlefields. Use engineers to build pontoons and dig trenches, see reinforcements change the tide and commit your reserves to defeat the enemy.</li><li><b>Grant vs. Lee:</b> Manage hundreds of historical commanders with personal attributes and specialization. Famous commanders inspire soldiers and citizens alike and loss of reputation can be irreparable.</li><li><b>Command Great Armies:</b> Huge armies of infantry, cavalry and artillery, with realistic command structures and historical Order of Battle.</li><li><b>Bring the Civil War to life:</b> Amazing Civil War re-enactment and combat footage from LionHeart FilmWorks, and an original soundtrack of old time music and drum and fife band.</li></ul></div></div>             </div>"
}