{
    "link": "https://fitgirl-repacks.site/grapple-hoops/",
    "title": "Grapple Hoops",
    "first_img": "https://i1.imageban.ru/out/2021/10/19/d8420cabdf83fc1db4d40715200e2f6d.jpg",
    "second_img": "https://s01.riotpixels.net/data/c4/8d/c48d2b57-5eb5-46ee-952c-e052e35ebfef.jpg.240p.jpg",
    "body": "<div ><h2>Grapple Hoops</h2><p ><div><a target=\"_blank\" href=\"https://en.riotpixels.com/games/grapple-hoops/\" rel=\"noopener\"><img class=\"alignleft\" width=\"150\" src=\"https://i1.imageban.ru/out/2021/10/19/d8420cabdf83fc1db4d40715200e2f6d.jpg\"></a></div><br>Genres/Tags: <strong>Action, First-person, 3D</strong><br>Company: <strong>Andreas Georgiou</strong><br>Language: <strong>ENG</strong><br>Original Size: <strong>4.2 GB</strong><br>Repack Size: <strong>2.3/2.5 GB</strong></p>&nbsp;<div>&nbsp;</div><h3>Download Mirrors</h3><ul><li><a href=\"https://1337x.to/torrent/5022428/Grapple-Hoops-FitGirl-Repack-Selective-Download-from-2-3-GB/\" target=\"_blank\" rel=\"noopener\">1337x</a> | [<a href=\"magnet:?xt=urn:btih:506D22393AD56294FE9DB37A07693EF47FAC8A36&amp;dn=Grapple+Hoops+%5BFitGirl+Repack%2C+Selective+Download+-+from+2.3+GB%5D&amp;tr=udp%3A%2F%2F46.148.18.250%3A2710&amp;tr=udp%3A%2F%2Fopentor.org%3A2710&amp;tr=udp%3A%2F%2Ftracker.coppersurfer.tk%3A6969%2Fannounce&amp;tr=udp%3A%2F%2Ftracker.opentrackr.org%3A1337%2Fannounce&amp;tr=http%3A%2F%2Ftracker.dler.org%3A6969%2Fannounce&amp;tr=udp%3A%2F%2Ftracker.leechers-paradise.org%3A6969%2Fannounce&amp;tr=udp%3A%2F%2F9.rarbg.me%3A2730%2Fannounce&amp;tr=udp%3A%2F%2F9.rarbg.to%3A2770%2Fannounce&amp;tr=udp%3A%2F%2Ftracker.pirateparty.gr%3A6969%2Fannounce&amp;tr=http%3A%2F%2Fretracker.local%2Fannounce&amp;tr=http%3A%2F%2Fretracker.ip.ncnet.ru%2Fannounce&amp;tr=udp%3A%2F%2Fexodus.desync.com%3A6969%2Fannounce&amp;tr=udp%3A%2F%2Fipv4.tracker.harry.lu%3A80%2Fannounce&amp;tr=udp%3A%2F%2Fopen.stealth.si%3A80%2Fannounce&amp;tr=udp%3A%2F%2Ftracker.zer0day.to%3A1337%2Fannounce&amp;tr=udp%3A%2F%2Ftracker.leechers-paradise.org%3A6969%2Fannounce&amp;tr=udp%3A%2F%2Fcoppersurfer.tk%3A6969%2Fannounce\">magnet</a>] [<a href=\"https://pastefg.hermietkreeft.site/?07c7981589545110#2cwBAvyXQxYMH4Ckz75ShmQyCaEirpXNdfVgHpZiESqJ\" target=\"_blank\" rel=\"noopener\">.torrent file only</a>] <br><img src=\"https://torrent-stats.info/b37a/33cebb16a.png\" style=\"display:block;clear:both\"></li><li><a href=\"https://tapochek.net/viewtopic.php?p=2806495\" target=\"_blank\" rel=\"noopener\">Tapochek.net</a></li><li><a href=\"https://pastefg.hermietkreeft.site/?9622735e5d27a6fe#GjXN2LcgyEBHpWTofKwKxXtT6YNGB87YsaoCf6bGyVe7\" target=\"_blank\" rel=\"noopener\">Filehoster: MultiUpload</a> (10+ hosters, interchangeable) [Use <a href=\"http://jdownloader.org/jdownloader2\" target=\"_blank\" rel=\"noopener\">JDownloader2</a>]</li><li><a href=\"https://pastefg.hermietkreeft.site/?c6c380b2af8044ec#D4s1FFRG7d15KiBewQiuRY3nnuvQekBwTV53VvxGYmmF\" target=\"_blank\" rel=\"noopener\">Filehoster: PixelDrain</a></li><li><a href=\"https://pastefg.hermietkreeft.site/?63a62aae99c4001b#DoUDZvRJsuM22QWDgAi5cABXeL88oqNY7i8NRCnsgfgq\" target=\"_blank\" rel=\"noopener\">Filehoster: ZippyShare</a></li><li><a href=\"https://pastefg.hermietkreeft.site/?fa1da6ac4d7166a3#3Ucn9wQwkvJWGNTfUJrD6ARhoM59xsybCAyD5PgKr46E\" target=\"_blank\" rel=\"noopener\">Filehoster: LetsUpload</a> [Use <a href=\"http://jdownloader.org/jdownloader2\" target=\"_blank\" rel=\"noopener\">JDownloader2</a>]</li><li><a href=\"https://pastefg.hermietkreeft.site/?78e2a6771916d23d#8n163YHfatZFAqM2w9Eh31GQZWoiyDGUApYuVyEYWPuB\" target=\"_blank\" rel=\"noopener\">Filehoster: OneDrive</a> (Uploaded by DyR0 t(-_-t), NOT compatible with other mirrors)</li><li><a href=\"https://crackhub.site/grapple-hoops-fitgirl-repack/\" target=\"_blank\" rel=\"noopener\">Filehosters: Google Drive, OneDrive + others</a> (Uploaded by crackhub213)</li></ul><p><a href=\"https://cs.rin.ru/forum/viewtopic.php?f=10&amp;t=116627\" target=\"_blank\" rel=\"noopener\">Discussion and (possible) future updates on CS.RIN.RU thread</a></p><h3>Screenshots (Click to enlarge)</h3><p><a target=\"_blank\" href=\"https://en.riotpixels.com/games/grapple-hoops/screenshots/10/?utm_source=emb-gfx-html&amp;utm_medium=image&amp;utm_campaign=rp-mass\" rel=\"noopener\"><img loading=\"lazy\" width=\"178\" height=\"100\" border=\"0\" src=\"https://s01.riotpixels.net/data/c4/8d/c48d2b57-5eb5-46ee-952c-e052e35ebfef.jpg.240p.jpg\"></a><a target=\"_blank\" href=\"https://en.riotpixels.com/games/grapple-hoops/screenshots/7/?utm_source=emb-gfx-html&amp;utm_medium=image&amp;utm_campaign=rp-mass\" rel=\"noopener\"><img loading=\"lazy\" width=\"178\" height=\"100\" border=\"0\" src=\"https://s01.riotpixels.net/data/05/dd/05dd28d5-7c61-4362-975a-0c5577cbfdc1.jpg.240p.jpg\"></a><a target=\"_blank\" href=\"https://en.riotpixels.com/games/grapple-hoops/screenshots/6/?utm_source=emb-gfx-html&amp;utm_medium=image&amp;utm_campaign=rp-mass\" rel=\"noopener\"><img loading=\"lazy\" width=\"178\" height=\"100\" border=\"0\" src=\"https://s01.riotpixels.net/data/d3/99/d3993419-27f3-46d4-814c-14d36c37b78d.jpg.240p.jpg\"></a><br><a target=\"_blank\" href=\"https://en.riotpixels.com/games/grapple-hoops/screenshots/3/?utm_source=emb-gfx-html&amp;utm_medium=image&amp;utm_campaign=rp-mass\" rel=\"noopener\"><img loading=\"lazy\" width=\"178\" height=\"100\" border=\"0\" src=\"https://s01.riotpixels.net/data/66/71/66711d55-0725-4ef5-86c0-281c689ba8ea.jpg.240p.jpg\"></a><a target=\"_blank\" href=\"https://en.riotpixels.com/games/grapple-hoops/screenshots/2/?utm_source=emb-gfx-html&amp;utm_medium=image&amp;utm_campaign=rp-mass\" rel=\"noopener\"><img loading=\"lazy\" width=\"178\" height=\"100\" border=\"0\" src=\"https://s01.riotpixels.net/data/6b/40/6b407bf4-238a-468b-92e2-df5bc10ef19e.jpg.240p.jpg\"></a><a target=\"_blank\" href=\"https://en.riotpixels.com/games/grapple-hoops/screenshots/1/?utm_source=emb-gfx-html&amp;utm_medium=image&amp;utm_campaign=rp-mass\" rel=\"noopener\"><img loading=\"lazy\" width=\"178\" height=\"100\" border=\"0\" src=\"https://s01.riotpixels.net/data/39/5f/395f5f6a-c1de-4a4a-8e9d-6f70196cd5ac.jpg.240p.jpg\"></a></p><h3>Repack Features</h3><ul><li>Based on Grapple.Hoops-DOGE ISO release: wow-grapple.hoops.iso (4,508,133,376 bytes)</li><li>100% Lossless &amp; MD5 Perfect: all files are identical to originals after installation</li><li>NOTHING ripped, NOTHING re-encoded</li><li>You can skip downloading and installing of main menu animated background</li><li>Significantly smaller archive size (compressed from 4.2 to 2.3/2.5 GB)</li><li>Installation takes 2-3 minutes (depending on your system)</li><li>After-install integrity check so you could make sure that everything installed properly</li><li>HDD space after installation: up to 4.2 GB</li><li>Repack uses XTool library by Razor12911</li><li>At least 2 GB of free RAM (inc. virtual) required for installing this repack</li></ul><div ><div><h2>Game Description</h2></div><div >Dunk on your opponents in a fast-paced first person action game with basketball, grappling hooks, parkour and explosions!<p><b>FAST-PACED AND AGGRESSIVE COMBAT</b><br>Outmaneuver opponents as you wall run and slide behind them leaving them paralyzed after a devastating blow with a basketball to the head.</p><p><b>FAST AND FLUID GAMEPLAY</b><br>Grapple and swing around like crazy, kick doors and windows, run horizontally on any wall, slide under obstacles and use jump pads to launch yourself up in the air and hit top speed quickly.</p><p><b><h3>Game Features</h3></b></p><ul><li>Simple Controls For Complex Movement Options</li><li>A Diverse And Powerful Soundtrack</li><li>Player Customization</li><li>Compete In Global Leaderboards</li><li>Create Your Own Levels</li></ul></div></div>             </div>"
}