{
    "link": "https://fitgirl-repacks.site/gravitators/",
    "title": "Gravitators \u2013 v1.0.5",
    "first_img": "https://i5.imageban.ru/out/2021/11/21/4e18c9ae85679aa264bfb1344b1ba119.jpg",
    "second_img": "https://s01.riotpixels.net/data/c4/05/c4059d36-88bf-4fc8-9929-8792b52a54fd.jpg.240p.jpg",
    "body": "<div ><h2>Gravitators \u2013 v1.0.5</h2><p ><div><a target=\"_blank\" href=\"https://en.riotpixels.com/games/gravitators/\" rel=\"noopener\"><img class=\"alignleft\" width=\"150\" src=\"https://i5.imageban.ru/out/2021/11/21/4e18c9ae85679aa264bfb1344b1ba119.jpg\"></a></div><br>Genres/Tags: <strong>Action, Shooter, Shoot\u2019Em-Up, Top-Down, 2D</strong><br>Company: <strong>Insular Games</strong><br>Language: <strong>ENG</strong><br>Original Size: <strong>1 GB</strong><br>Repack Size: <strong>688 MB</strong></p>&nbsp;<div>&nbsp;</div><h3>Download Mirrors</h3><ul><li><a href=\"https://1337x.to/torrent/5059879/Gravitators-v1-0-5-FitGirl-Repack/\" target=\"_blank\" rel=\"noopener\">1337x</a> | [<a href=\"magnet:?xt=urn:btih:EF8D49699FB4682D219DD9ECF750F45D4BCB74B0&amp;dn=Gravitators+%28v1.0.5%29+%5BFitGirl+Repack%5D&amp;tr=udp%3A%2F%2F46.148.18.250%3A2710&amp;tr=udp%3A%2F%2Fopentor.org%3A2710&amp;tr=udp%3A%2F%2Ftracker.coppersurfer.tk%3A6969%2Fannounce&amp;tr=udp%3A%2F%2Ftracker.opentrackr.org%3A1337%2Fannounce&amp;tr=http%3A%2F%2Ftracker.dler.org%3A6969%2Fannounce&amp;tr=udp%3A%2F%2Ftracker.leechers-paradise.org%3A6969%2Fannounce&amp;tr=udp%3A%2F%2F9.rarbg.me%3A2730%2Fannounce&amp;tr=udp%3A%2F%2F9.rarbg.to%3A2770%2Fannounce&amp;tr=udp%3A%2F%2Ftracker.pirateparty.gr%3A6969%2Fannounce&amp;tr=http%3A%2F%2Fretracker.local%2Fannounce&amp;tr=http%3A%2F%2Fretracker.ip.ncnet.ru%2Fannounce&amp;tr=udp%3A%2F%2Fexodus.desync.com%3A6969%2Fannounce&amp;tr=udp%3A%2F%2Fipv4.tracker.harry.lu%3A80%2Fannounce&amp;tr=udp%3A%2F%2Fopen.stealth.si%3A80%2Fannounce&amp;tr=udp%3A%2F%2Ftracker.zer0day.to%3A1337%2Fannounce&amp;tr=udp%3A%2F%2Ftracker.leechers-paradise.org%3A6969%2Fannounce&amp;tr=udp%3A%2F%2Fcoppersurfer.tk%3A6969%2Fannounce\">magnet</a>] [<a href=\"https://pastefg.hermietkreeft.site/?6b909a4fd4c05ce9#D2WHaYPRgS66Fvp9DdBsW8rR1igUPpuuvVgXBefeXwwY\" target=\"_blank\" rel=\"noopener\">.torrent file only</a>] <br><img src=\"https://torrent-stats.info/d9ec/3f93e163c.png\" style=\"display:block;clear:both\"></li><li><a href=\"https://tapochek.net/viewtopic.php?p=2813923\" target=\"_blank\" rel=\"noopener\">Tapochek.net</a></li><li><a href=\"https://pastefg.hermietkreeft.site/?53cefa3c78104569#DxCv2N7S4Czt1yHXPK5gxHrjcHYrGQLkyGivx8ei85Py\" target=\"_blank\" rel=\"noopener\">Filehoster: MultiUpload</a> (10+ hosters, interchangeable) [Use <a href=\"http://jdownloader.org/jdownloader2\" target=\"_blank\" rel=\"noopener\">JDownloader2</a>]</li><li><a href=\"https://pastefg.hermietkreeft.site/?d27e9735cfc8caa4#2Ldn9yMqATywnnxmmwCSKaGjBFgw42BJ38NQip3oPgMU\" target=\"_blank\" rel=\"noopener\">Filehoster: ZippyShare</a></li><li><a href=\"https://pastefg.hermietkreeft.site/?2c644e8b0b7488e9#9J24MDL3riJfXsVZUV2xrK3pmCFkYJaCxfRDZdgVGVNb\" target=\"_blank\" rel=\"noopener\">Filehoster: BayFiles</a></li><li><a href=\"https://pastefg.hermietkreeft.site/?c5f12630941d01c8#8qMGgtFytxr41XVP2zFjM4vKzDjkYWtvqXQgSfKoGcik\" target=\"_blank\" rel=\"noopener\">Filehoster: LetsUpload</a> [Use <a href=\"http://jdownloader.org/jdownloader2\" target=\"_blank\" rel=\"noopener\">JDownloader2</a>]</li><li><a href=\"https://pastefg.hermietkreeft.site/?eb03cb167c28cdc2#JBvXRTKTL6kD58SteZNyhvKrzVE4wbegttPS1HH1HGjp\" target=\"_blank\" rel=\"noopener\">Filehoster: OneDrive</a> (Uploaded by DyR0 t(-_-t), NOT compatible with other mirrors)</li><p><!--  <li><a href=\"\" target=\"_blank\" rel=\"noopener\">Filehosters: Google Drive, OneDrive + others</a> (Uploaded by crackhub213)</li>  --></p></ul><p><a href=\"https://cs.rin.ru/forum/viewtopic.php?f=10&amp;t=117281\" target=\"_blank\" rel=\"noopener\">Discussion and (possible) future updates on CS.RIN.RU thread</a></p><h3>Screenshots (Click to enlarge)</h3><p><a target=\"_blank\" href=\"https://en.riotpixels.com/games/gravitators/screenshots/9/?utm_source=emb-gfx-html&amp;utm_medium=image&amp;utm_campaign=rp-mass\" rel=\"noopener\"><img loading=\"lazy\" width=\"178\" height=\"100\" border=\"0\" src=\"https://s01.riotpixels.net/data/c4/05/c4059d36-88bf-4fc8-9929-8792b52a54fd.jpg.240p.jpg\"></a><a target=\"_blank\" href=\"https://en.riotpixels.com/games/gravitators/screenshots/7/?utm_source=emb-gfx-html&amp;utm_medium=image&amp;utm_campaign=rp-mass\" rel=\"noopener\"><img loading=\"lazy\" width=\"178\" height=\"100\" border=\"0\" src=\"https://s01.riotpixels.net/data/9b/0d/9b0d76c0-d83e-4332-a7d3-953120c54db8.jpg.240p.jpg\"></a><a target=\"_blank\" href=\"https://en.riotpixels.com/games/gravitators/screenshots/5/?utm_source=emb-gfx-html&amp;utm_medium=image&amp;utm_campaign=rp-mass\" rel=\"noopener\"><img loading=\"lazy\" width=\"178\" height=\"100\" border=\"0\" src=\"https://s01.riotpixels.net/data/54/b8/54b88a63-2ec1-408b-baf5-d62062545638.jpg.240p.jpg\"></a><br><a target=\"_blank\" href=\"https://en.riotpixels.com/games/gravitators/screenshots/4/?utm_source=emb-gfx-html&amp;utm_medium=image&amp;utm_campaign=rp-mass\" rel=\"noopener\"><img loading=\"lazy\" width=\"178\" height=\"100\" border=\"0\" src=\"https://s01.riotpixels.net/data/2c/00/2c00d1fa-4ad4-4567-afc5-369fd002dae7.jpg.240p.jpg\"></a><a target=\"_blank\" href=\"https://en.riotpixels.com/games/gravitators/screenshots/3/?utm_source=emb-gfx-html&amp;utm_medium=image&amp;utm_campaign=rp-mass\" rel=\"noopener\"><img loading=\"lazy\" width=\"178\" height=\"100\" border=\"0\" src=\"https://s01.riotpixels.net/data/e8/65/e8651f2d-4fed-489e-b501-afe413c7d870.jpg.240p.jpg\"></a><a target=\"_blank\" href=\"https://en.riotpixels.com/games/gravitators/screenshots/2/?utm_source=emb-gfx-html&amp;utm_medium=image&amp;utm_campaign=rp-mass\" rel=\"noopener\"><img loading=\"lazy\" width=\"178\" height=\"100\" border=\"0\" src=\"https://s01.riotpixels.net/data/e7/1c/e71c4e91-8bbf-4e50-97ba-f4a690d171c0.jpg.240p.jpg\"></a></p><h3>Repack Features</h3><ul><li>Based on Gravitators-PLAZA ISO release: plaza-gravitators.iso (1,102,348,288 bytes)</li><li>100% Lossless &amp; MD5 Perfect: all files are identical to originals after installation</li><li>NOTHING ripped, NOTHING re-encoded</li><li>Smaller archive size (compressed from 1 GB to 688 MB)</li><li>Installation takes 2-3 minutes</li><li>After-install integrity check so you could make sure that everything installed properly</li><li>HDD space after installation: 7 GB</li><li>At least 2 GB of free RAM (inc. virtual) required for installing this repack</li></ul><div ><div><h2>Game Description</h2></div><div ><b>GRAVITATORS:</b><br>Gravitators is a twin stick shooter game where you pilot ships and complete mission objectives to secure the future of humankind. Defend the Earth and travel through the galaxy to repel a relentless alien invasion.<p>Inspired by classic games like Thrust, Gravitar, Asteroids, Solar Jetman and others, Gravitators unshelves this old genre and overhauls it into modern times, while keeping the genre\u2019s trademark features: maneuvering through tight spots while carrying heavy objects, fighting enemies and preserving fuel.</p><p><b>SHIPS:</b><br>Each Gravitator ship has unique piloting controls and distinct weaponry.</p><p>Flying each one completely changes the game experience, as the variations in thrusting, rotation controls and weaponry require alternative combat strategies.</p><p>Mastering all 4 Gravitator ships is already a challenge on its own.</p><p><b>ENVIRONMENTS:</b><br>Travel throughout the Solar System and the Milky Way. Missions will take place on Earth, the Moon, asteroids, planets, exoplanets, outer space and even wormholes and black holes!</p><p>Don\u2019t let the battle prevent you from admiring the scenery though: it\u2019s all beautifully done in Low Poly Art style, featuring an original soundtrack that will immerse you into all these locations.</p><p><b><h4>MISSIONS:</h4></b><br>There is a huge variety of mission objectives: escort nuclear weapons, destroy enemy structures or bases, rush to save civilians from a doomed city, hack enemy terminals, collect samples, retrieve objects from exploding bases, chase escaping enemies, rescue human prisoners, steal enemy machinery, protect important targets, and many more!</p><p>Experience gravity, but in its full mind-bending extent: pulling your ship down, up, left and right. Or no gravity at all, forcing you to thrust into the opposite direction to slow down!</p><p>Missions will sometimes have clouds or gases that obstruct your view, underwater sections that will slow you down, and pitch black areas that hide lurking enemies. There are many, many obstacles and enemies that will try to stop you from completing missions.</p><p>Exploring the battlefield can unlock hidden objectives and rewards.</p><p><b>POWER-UPS AND PERKS:</b><br>Every mission has 12 awards for pilots to achieve. Specific awards will unlock one of the 30 Power Ups and 30 Perks available to aid you in battle.</p><p>Power Ups can increase your damage output, add effects to your weapons, increase your speed or hull, improve your ship armor and shield, or add certain useful abilities. Choosing the right power up for your mission can make a huge difference in its outcome.</p><p>Perks permanently increase the stats of your ship or other human objects and structures.</p><p><b>DIFFICULTY:</b><br>True to its genre, Gravitators is a difficult game. Scenarios are unforgiving and mistakes can be deadly. Missions will challenge your skills and reflexes.</p><p>If you\u2019ve never played this kind of games before, you should probably start the game in EASY and learn the ropes. Contrary to many games today, EASY mode is actually very challenging as well. And don\u2019t worry: you can switch mission difficulty at any time, your progress won\u2019t be affected by it.</p><p>On the other hand, if you\u2019re an experienced pilot looking for real challenge, HARD has been specifically tailored for you.</p><p>You ready to gravitate?</p></div></div>             </div>"
}