{
    "link": "https://fitgirl-repacks.site/graveyard-keeper/",
    "title": "Graveyard Keeper \u2013 v1.400 + 4 DLCs + Bonus Content",
    "first_img": "https://i2.imageban.ru/out/2021/10/28/be959ef60c7096adbfd73c2c89fa5815.jpg",
    "second_img": "https://s01.riotpixels.net/data/0c/d1/0cd17baf-aa4c-4d8a-8a57-0c54f2589393.png.240p.jpg",
    "body": "<div ><h2>Graveyard Keeper \u2013 v1.400 + 4 DLCs + Bonus Content</h2><p ><div><a target=\"_blank\" href=\"https://en.riotpixels.com/games/graveyard-keeper/\" rel=\"noopener\"><img class=\"alignleft\" width=\"150\" src=\"https://i2.imageban.ru/out/2021/10/28/be959ef60c7096adbfd73c2c89fa5815.jpg\"></a></div><br>Genres/Tags: <strong>Lifestyle, Managerial, Medieval, Top-down, Real-time, 2D</strong><br>Companies: <strong>Lazy Bear Games, tinyBuild</strong><br>Languages: <strong>RUS/ENG/MULTI11</strong><br>Original Size: <strong>779 MB</strong><br>Repack Size: <strong>386/624 MB</strong></p>&nbsp;<div>&nbsp;</div><h3>Download Mirrors</h3><ul><li><a href=\"https://1337x.to/torrent/5032943/Graveyard-Keeper-v1-400-4-DLCs-Bonus-Content-MULTi11-FitGirl-Repack-Selective-Download-from-386-MB/\" target=\"_blank\" rel=\"noopener\">1337x</a> | [<a href=\"magnet:?xt=urn:btih:A2ECEF591115DBCB8D31465496B952C61BB57B0E&amp;dn=Graveyard+Keeper+%28v1.400+%2B+4+DLCs+%2B+Bonus+Content%2C+MULTi11%29+%5BFitGirl+Repack%2C+Selective+Download+-+from+386+MB%5D&amp;tr=udp%3A%2F%2F46.148.18.250%3A2710&amp;tr=udp%3A%2F%2Fopentor.org%3A2710&amp;tr=udp%3A%2F%2Ftracker.coppersurfer.tk%3A6969%2Fannounce&amp;tr=udp%3A%2F%2Ftracker.opentrackr.org%3A1337%2Fannounce&amp;tr=http%3A%2F%2Ftracker.dler.org%3A6969%2Fannounce&amp;tr=udp%3A%2F%2Ftracker.leechers-paradise.org%3A6969%2Fannounce&amp;tr=udp%3A%2F%2F9.rarbg.me%3A2730%2Fannounce&amp;tr=udp%3A%2F%2F9.rarbg.to%3A2770%2Fannounce&amp;tr=udp%3A%2F%2Ftracker.pirateparty.gr%3A6969%2Fannounce&amp;tr=http%3A%2F%2Fretracker.local%2Fannounce&amp;tr=http%3A%2F%2Fretracker.ip.ncnet.ru%2Fannounce&amp;tr=udp%3A%2F%2Fexodus.desync.com%3A6969%2Fannounce&amp;tr=udp%3A%2F%2Fipv4.tracker.harry.lu%3A80%2Fannounce&amp;tr=udp%3A%2F%2Fopen.stealth.si%3A80%2Fannounce&amp;tr=udp%3A%2F%2Ftracker.zer0day.to%3A1337%2Fannounce&amp;tr=udp%3A%2F%2Ftracker.leechers-paradise.org%3A6969%2Fannounce&amp;tr=udp%3A%2F%2Fcoppersurfer.tk%3A6969%2Fannounce\">magnet</a>] [<a href=\"https://pastefg.hermietkreeft.site/?a07fc4b790dc5653#6UFNqiUp2uz49dCggtawhrcrZXdyHp659dJuEcsmPyti\" target=\"_blank\" rel=\"noopener\">.torrent file only</a>] <br><img src=\"https://torrent-stats.info/4654/145cc3618.png\" style=\"display:block;clear:both\"></li><li><a href=\"http://rutor.info/torrent/842037/graveyard-keeper-v-1.400-dlcs-bonus-2018-pc-repack-ot-fitgirl\" target=\"_blank\" rel=\"noopener\">RuTor</a> [<a href=\"magnet:?xt=urn:btih:a2ecef591115dbcb8d31465496b952c61bb57b0e&amp;dn=rutor.info_Graveyard+Keeper+%5Bv+1.400+%2B+DLCs+%2B+Bonus%5D+%282018%29+PC+%7C+RePack+%D0%BE%D1%82+FitGirl&amp;tr=udp://opentor.net:6969&amp;tr=udp://opentor.org:2710&amp;tr=http://retracker.local/announce\">magnet</a>]</li><li><a href=\"https://tapochek.net/viewtopic.php?p=2808404\" target=\"_blank\" rel=\"noopener\">Tapochek.net</a></li><li><a href=\"https://pastefg.hermietkreeft.site/?021148722b00c9af#DHT52t75HBCdiTxqBoMZ4qxbsxzMaekKwq5qmg5fys8i\" target=\"_blank\" rel=\"noopener\">Filehoster: MultiUpload</a> (10+ hosters, interchangeable) [Use <a href=\"http://jdownloader.org/jdownloader2\" target=\"_blank\" rel=\"noopener\">JDownloader2</a>]</li><li><a href=\"https://pastefg.hermietkreeft.site/?a067dcb300ac744b#9Mjg8H3QxDx6d1iuw1aEJnQEvcxW6uixsk3tjRJJAPBj\" target=\"_blank\" rel=\"noopener\">Filehoster: ZippyShare</a></li><li><a href=\"https://pastefg.hermietkreeft.site/?2d24ea9afdf85c39#7CByJXbqVaMFr55HkX6xAsVxTSdxov7bu8oaxNiX5CSS\" target=\"_blank\" rel=\"noopener\">Filehoster: BayFiles</a></li><li><a href=\"https://pastefg.hermietkreeft.site/?82efab850ec150d7#9y7sWvwtRLYt8HVSUZB2VXtwefP9PN3yuQVw69dAEpDE\" target=\"_blank\" rel=\"noopener\">Filehoster: LetsUpload</a> [Use <a href=\"http://jdownloader.org/jdownloader2\" target=\"_blank\" rel=\"noopener\">JDownloader2</a>]</li><li><a href=\"https://pastefg.hermietkreeft.site/?73beb2fb13df0bf4#3jwX5A16nJMNwcewxxLgam1MN18pcQo3nM2uVYcHwity\" target=\"_blank\" rel=\"noopener\">Filehoster: OneDrive</a> (Uploaded by DyR0 t(-_-t), NOT compatible with other mirrors)</li><p><!--  <li><a href=\"\" target=\"_blank\" rel=\"noopener\">Filehosters: Google Drive, OneDrive + others</a> (Uploaded by crackhub213)</li>  --></p></ul><p><a href=\"https://cs.rin.ru/forum/viewtopic.php?f=10&amp;t=78269\" target=\"_blank\" rel=\"noopener\">Discussion and (possible) future updates on CS.RIN.RU thread</a></p><h3>Screenshots (Click to enlarge)</h3><p><a target=\"_blank\" href=\"https://en.riotpixels.com/games/graveyard-keeper/screenshots/20/?utm_source=emb-gfx-html&amp;utm_medium=image&amp;utm_campaign=rp-mass\" rel=\"noopener\"><img loading=\"lazy\" width=\"178\" height=\"100\" border=\"0\" src=\"https://s01.riotpixels.net/data/0c/d1/0cd17baf-aa4c-4d8a-8a57-0c54f2589393.png.240p.jpg\"></a><a target=\"_blank\" href=\"https://en.riotpixels.com/games/graveyard-keeper/screenshots/15/?utm_source=emb-gfx-html&amp;utm_medium=image&amp;utm_campaign=rp-mass\" rel=\"noopener\"><img loading=\"lazy\" width=\"178\" height=\"100\" border=\"0\" src=\"https://s01.riotpixels.net/data/e0/26/e026e7f2-c010-4944-8598-7a28ecba94a5.jpg.240p.jpg\"></a><a target=\"_blank\" href=\"https://en.riotpixels.com/games/graveyard-keeper/screenshots/13/?utm_source=emb-gfx-html&amp;utm_medium=image&amp;utm_campaign=rp-mass\" rel=\"noopener\"><img loading=\"lazy\" width=\"178\" height=\"100\" border=\"0\" src=\"https://s01.riotpixels.net/data/bc/e8/bce80c09-9967-4de3-84b0-e6092b42da03.jpg.240p.jpg\"></a><br><a target=\"_blank\" href=\"https://en.riotpixels.com/games/graveyard-keeper/screenshots/12/?utm_source=emb-gfx-html&amp;utm_medium=image&amp;utm_campaign=rp-mass\" rel=\"noopener\"><img loading=\"lazy\" width=\"178\" height=\"100\" border=\"0\" src=\"https://s01.riotpixels.net/data/09/87/0987b399-0e56-4d09-8fc0-e28880bc2be0.jpg.240p.jpg\"></a><a target=\"_blank\" href=\"https://en.riotpixels.com/games/graveyard-keeper/screenshots/11/?utm_source=emb-gfx-html&amp;utm_medium=image&amp;utm_campaign=rp-mass\" rel=\"noopener\"><img loading=\"lazy\" width=\"178\" height=\"100\" border=\"0\" src=\"https://s01.riotpixels.net/data/dd/9d/dd9d58ce-513b-4b7d-bc2a-8d9b2ff54a9b.jpg.240p.jpg\"></a><a target=\"_blank\" href=\"https://en.riotpixels.com/games/graveyard-keeper/screenshots/6/?utm_source=emb-gfx-html&amp;utm_medium=image&amp;utm_campaign=rp-mass\" rel=\"noopener\"><img loading=\"lazy\" width=\"178\" height=\"100\" border=\"0\" src=\"https://s01.riotpixels.net/data/84/60/84604525-d549-4200-9538-b4a405e451b8.png.240p.jpg\"></a></p><h3>Repack Features</h3><ul><li>Based on Graveyard.Keeper.Better.Save.Soul-PLAZA ISO release: plaza-graveyard.keeper.better.save.soul.iso (817,332,224 bytes)</li><li>Game version: v1.400; 4 DLCs and bonus content (OSTs + ArtBook) are included and activated</li><li>100% Lossless &amp; MD5 Perfect: all files are identical to originals after installation</li><li>NOTHING ripped, NOTHING re-encoded</li><li>Selective Download feature: you can skip downloading and installing of bonus content</li><li>Smaller archive size (compressed from 779 to 386/624 MB)</li><li>Installation takes 1-2 minutes (depending on your system)</li><li>After-install integrity check so you could make sure that everything installed properly</li><li>HDD space after installation: up to 2 GB</li><li>Language can be changed in game settings</li><li>At least 2 GB of free RAM (inc. virtual) required for installing this repack</li></ul><div ><div><h2>Game Description</h2></div><div >Graveyard Keeper is the most inaccurate medieval cemetery management sim of all time. Build and manage your own graveyard, and expand into other ventures, while finding shortcuts to cut costs. Use all the resources you can find. After all, this is a game about the spirit of capitalism, and doing whatever it takes to build a thriving business. And it\u2019s also a love story.<p><b><h3>Game Features</h3></b></p><ul><li>Face ethical dilemmas. Do you really want to spend money on that proper burger meat for the witch-burning festival, when you have so many resources lying around?</li><li>Gather valuable materials and craft new items. Expand your Graveyard into a thriving business. Help yourself \u2014 gather the valuable resources scattered across the surrounding areas, and explore what this land has to offer.</li><li>Quests and corpses. These dead bodies don\u2019t need all those organs, do they? Why not grind them up and sell them to the local butcher? Or you can go on proper quests, you roleplayer.</li><li>Explore mysterious dungeons. No medieval game would be complete without those! Take a trip into the unknown, and find discover new alchemy ingredients \u2014 which may or may not poison a whole bunch of nearby villagers.</li></ul><p><b>Included DLCs and Bonuses:</b></p><ul><li>Breaking Dead</li><li>Game of Crone</li><li>Stranger Sins</li><li>Better Save Soul</li><li>Artbook</li><li>OSTs</li></ul></div></div>             </div>"
}