{
    "link": "https://fitgirl-repacks.site/greak-memories-of-azur/",
    "title": "Greak: Memories of Azur \u2013 v1.0.6_94",
    "first_img": "https://i2.imageban.ru/out/2021/08/18/a76d6a751c41ff04c51652b3925a1dbe.jpg",
    "second_img": "https://s01.riotpixels.net/data/63/2a/632a55a4-6841-4db4-aeb8-e1e3e6ea6e12.jpg.240p.jpg",
    "body": "<div ><h2>Greak: Memories of Azur \u2013 v1.0.6_94</h2><p ><div><a target=\"_blank\" href=\"https://en.riotpixels.com/games/greak-memories-of-azur/\" rel=\"noopener\"><img class=\"alignleft\" width=\"150\" src=\"https://i2.imageban.ru/out/2021/08/18/a76d6a751c41ff04c51652b3925a1dbe.jpg\"></a></div><br>Genres/Tags: <strong>Arcade, Jump and run, Side, 2D</strong><br>Companies: <strong>Navegante Entertainment, Team17</strong><br>Languages: <strong>RUS/ENG/MULTI10</strong><br>Original Size: <strong>1 GB</strong><br>Repack Size: <strong>746/895 MB</strong></p>&nbsp;<div>&nbsp;</div><h3>Download Mirrors</h3><ul><li><a href=\"https://1337x.to/torrent/4956512/Greak-Memories-of-Azur-v1-0-6_94-MULTi10-FitGirl-Repack-Selective-Download-from-746-MB/\" target=\"_blank\" rel=\"noopener\">1337x</a> | [<a href=\"magnet:?xt=urn:btih:715DC39D2CE1F1ADACEA75789C9153E7CBB8CCC8&amp;dn=Greak%3A+Memories+of+Azur+%28v1.0.6_94%2C+MULTi10%29+%5BFitGirl+Repack%2C+Selective+Download+-+from+746+MB%5D&amp;tr=udp%3A%2F%2F46.148.18.250%3A2710&amp;tr=udp%3A%2F%2Fopentor.org%3A2710&amp;tr=udp%3A%2F%2Ftracker.coppersurfer.tk%3A6969%2Fannounce&amp;tr=udp%3A%2F%2Ftracker.opentrackr.org%3A1337%2Fannounce&amp;tr=http%3A%2F%2Ftracker.dler.org%3A6969%2Fannounce&amp;tr=udp%3A%2F%2Ftracker.leechers-paradise.org%3A6969%2Fannounce&amp;tr=udp%3A%2F%2F9.rarbg.me%3A2730%2Fannounce&amp;tr=udp%3A%2F%2F9.rarbg.to%3A2770%2Fannounce&amp;tr=udp%3A%2F%2Ftracker.pirateparty.gr%3A6969%2Fannounce&amp;tr=http%3A%2F%2Fretracker.local%2Fannounce&amp;tr=http%3A%2F%2Fretracker.ip.ncnet.ru%2Fannounce&amp;tr=udp%3A%2F%2Fexodus.desync.com%3A6969%2Fannounce&amp;tr=udp%3A%2F%2Fipv4.tracker.harry.lu%3A80%2Fannounce&amp;tr=udp%3A%2F%2Fopen.stealth.si%3A80%2Fannounce&amp;tr=udp%3A%2F%2Ftracker.zer0day.to%3A1337%2Fannounce&amp;tr=udp%3A%2F%2Ftracker.leechers-paradise.org%3A6969%2Fannounce&amp;tr=udp%3A%2F%2Fcoppersurfer.tk%3A6969%2Fannounce\">magnet</a>] [<a href=\"https://pastefg.hermietkreeft.site/?9c6c6f563baa25a3#CdGjDnyob4xJ31UJUBTnRLvrq54bYCBW5n8rGvFSK7zz\" target=\"_blank\" rel=\"noopener\">.torrent file only</a>] <br><img src=\"https://torrent-stats.info/7578/21678f048.png\" style=\"display:block;clear:both\"></li><li><a href=\"http://rutor.info/torrent/830286/greak-memories-of-azur-v-1.0.6-94-2021-pc-repack-ot-fitgirl\" target=\"_blank\" rel=\"noopener\">RuTor</a> [<a href=\"magnet:?xt=urn:btih:715dc39d2ce1f1adacea75789c9153e7cbb8ccc8&amp;dn=rutor.info_Greak%3A+Memories+of+Azur+%5Bv+1.0.6+94%5D+%282021%29+PC+%7C+RePack+%D0%BE%D1%82+FitGirl&amp;tr=udp://opentor.org:2710&amp;tr=udp://opentor.org:2710&amp;tr=http://retracker.local/announce\">magnet</a>]</li><li><a href=\"https://tapochek.net/viewtopic.php?p=2795383\" target=\"_blank\" rel=\"noopener\">Tapochek.net</a></li><li><a href=\"https://pastefg.hermietkreeft.site/?8c7ead748988e45a#Awi9M95xf6Hr8bWZrFsucfUiyzLAoYF8iNaCe8Fbj4ih\" target=\"_blank\" rel=\"noopener\">Filehoster: MultiUpload</a> (10+ hosters, interchangeable) [Use <a href=\"http://jdownloader.org/jdownloader2\" target=\"_blank\" rel=\"noopener\">JDownloader2</a>]</li><li><a href=\"https://pastefg.hermietkreeft.site/?f8e87db26a898617#2XHBWNnHHqtbPJKRmc3A5644K9VDaiKdQUh2JyJYQGvg\" target=\"_blank\" rel=\"noopener\">Filehoster: PixelDrain</a></li><li><a href=\"https://pastefg.hermietkreeft.site/?173530ecb395441d#CRrBYgPvtXpGdDe5crnNsBdkScx9AWAXZTMFLxHtiZbm\" target=\"_blank\" rel=\"noopener\">Filehoster: ZippyShare</a></li><li><a href=\"https://pastefg.hermietkreeft.site/?afb0739cfdc049f4#Ad3LHHf9YwyCV4gtWx6LxcUv8aqx2ADN27RVeCfspJCd\" target=\"_blank\" rel=\"noopener\">Filehoster: LetsUpload</a> [Use <a href=\"http://jdownloader.org/jdownloader2\" target=\"_blank\" rel=\"noopener\">JDownloader2</a>]</li><li><a href=\"https://pastefg.hermietkreeft.site/?c0bd5ecb2e3b8ad2#FBPRbE6k3G1rH78pzjTrSgryn7yVhRohvQeYVbBv9Aju\" target=\"_blank\" rel=\"noopener\">Filehoster: OneDrive</a> (Uploaded by DyR0 t(-_-t), NOT compatible with other mirrors)</li></ul><p><a href=\"https://cs.rin.ru/forum/viewtopic.php?f=10&amp;t=101434\" target=\"_blank\" rel=\"noopener\">Discussion and (possible) future updates on CS.RIN.RU thread</a></p><h3>Screenshots (Click to enlarge)</h3><p><a target=\"_blank\" href=\"https://en.riotpixels.com/games/greak-memories-of-azur/screenshots/24/?utm_source=emb-gfx-html&amp;utm_medium=image&amp;utm_campaign=rp-mass\" rel=\"noopener\"><img loading=\"lazy\" width=\"178\" height=\"100\" border=\"0\" src=\"https://s01.riotpixels.net/data/63/2a/632a55a4-6841-4db4-aeb8-e1e3e6ea6e12.jpg.240p.jpg\"></a><a target=\"_blank\" href=\"https://en.riotpixels.com/games/greak-memories-of-azur/screenshots/21/?utm_source=emb-gfx-html&amp;utm_medium=image&amp;utm_campaign=rp-mass\" rel=\"noopener\"><img loading=\"lazy\" width=\"178\" height=\"100\" border=\"0\" src=\"https://s01.riotpixels.net/data/f0/d3/f0d361c4-ce6a-4d12-a5d3-8c69d6e18bf3.jpg.240p.jpg\"></a><a target=\"_blank\" href=\"https://en.riotpixels.com/games/greak-memories-of-azur/screenshots/19/?utm_source=emb-gfx-html&amp;utm_medium=image&amp;utm_campaign=rp-mass\" rel=\"noopener\"><img loading=\"lazy\" width=\"178\" height=\"100\" border=\"0\" src=\"https://s01.riotpixels.net/data/f6/31/f631e555-552f-4305-a93b-e33be8dc14db.jpg.240p.jpg\"></a><br><a target=\"_blank\" href=\"https://en.riotpixels.com/games/greak-memories-of-azur/screenshots/16/?utm_source=emb-gfx-html&amp;utm_medium=image&amp;utm_campaign=rp-mass\" rel=\"noopener\"><img loading=\"lazy\" width=\"178\" height=\"100\" border=\"0\" src=\"https://s01.riotpixels.net/data/cf/10/cf10d87a-fecf-4c1a-8166-c5d8888b0a2b.jpg.240p.jpg\"></a><a target=\"_blank\" href=\"https://en.riotpixels.com/games/greak-memories-of-azur/screenshots/14/?utm_source=emb-gfx-html&amp;utm_medium=image&amp;utm_campaign=rp-mass\" rel=\"noopener\"><img loading=\"lazy\" width=\"178\" height=\"100\" border=\"0\" src=\"https://s01.riotpixels.net/data/1c/50/1c504e80-89a1-4a7f-810b-95a4585b8182.jpg.240p.jpg\"></a><a target=\"_blank\" href=\"https://en.riotpixels.com/games/greak-memories-of-azur/screenshots/11/?utm_source=emb-gfx-html&amp;utm_medium=image&amp;utm_campaign=rp-mass\" rel=\"noopener\"><img loading=\"lazy\" width=\"178\" height=\"100\" border=\"0\" src=\"https://s01.riotpixels.net/data/45/77/45776414-1504-45d0-9266-1e4a41546ad5.png.240p.jpg\"></a></p><h3>Repack Features</h3><ul><li>Based on Greak.Memories.of.Azur-CODEX ISO release: codex-greak.memories.of.azur.iso (1,124,499,456 bytes)</li><li>100% Lossless &amp; MD5 Perfect: all files are identical to originals after installation</li><li>NOTHING ripped, NOTHING re-encoded</li><li>Selective Download feature: you may skip downloading and installing of 720p videos</li><li>Smaller archive size (compressed from 1 GB to 746/895 MB)</li><li>Installation takes one minute</li><li>After-install integrity check so you could make sure that everything installed properly</li><li>HDD space after installation: 2.7 GB</li><li>Language can be changed in game settings</li><li>At least 2 GB of free RAM (inc. virtual) required for installing this repack</li></ul><div ><div><h2>Game Description</h2></div><div >Greak: Memories of Azur is a side scrolling single-player game with hand-drawn animations. You will take the role of three siblings: Greak, Adara and Raydel to guide them through the lands of Azur. Alternate control between them and use their unique abilities to escape from the Urlag invasion.<p>Greak is the name of the main character, and the smallest brother of three. He belongs to a magical race called the Courines, which are currently under the attack of an enemy invasion from a faction called the Urlags.</p><p>This battle has been going on for a long time, and the Courines are starting to flee their own lands. Greak\u2019s goal is to reunite with his brother (Raydel) and his sister (Adara) and then escape the lands of Azur by Building an Airship piece by piece.</p><p>Throughout the game, you will find each sibling in different scenarios, and once you do, they will join the adventure and help you progress through the game.</p><p><b><h3>Game Features</h3></b></p><ul><li><b>Hand-Drawn Art and Animation:</b> Enjoy a captivating story line about family, home and union in difficult times while you discover colorful and expressive scenarios.</li><li><b>Specially Crafted Puzzles:</b> Solve specially crafted puzzles to find and collect the missing pieces of an Airship through an Interconnected World.</li><li><b>Unique Gameplay:</b> Alternate between the three characters and use their different abilities to explore the Magical lands of Azur.</li><li><b>Fast-Paced Combat:</b> Discover new areas and fight against a wide variety of enemies to rescue the Courines from the Urlag invasion.</li><li><b>Cinematic Clips:</b> Throughout the game, you will encounter beautiful hand-drawn cinematic clips that will accompany key story moments to immerse you into the world of Azur.</li><li><b>Live Orchestra Soundtrack:</b> Enjoy the expressive and atmospheric music themes specially created to experience a unique adventure.</li></ul></div></div>             </div>"
}