{
    "link": "https://fitgirl-repacks.site/greedfall/",
    "title": "GreedFall: Gold Edition \u2013 Build 6892431 + 2 DLCs + Windows 7 Fix",
    "first_img": "https://i5.imageban.ru/out/2021/07/01/99e8dc1c90acdb942679e7fdbc975c1c.jpg",
    "second_img": "https://s01.riotpixels.net/data/45/44/4544aaec-60df-44bb-95c5-de242823316d.jpg.240p.jpg",
    "body": "<div ><h2>GreedFall: Gold Edition \u2013 Build 6892431 + 2 DLCs + Windows 7 Fix</h2><p ><div><a target=\"_blank\" href=\"http://en.riotpixels.com/games/greedfall/\" rel=\"noopener\"><img class=\"alignleft\" width=\"150\" src=\"https://i5.imageban.ru/out/2021/07/01/99e8dc1c90acdb942679e7fdbc975c1c.jpg\"></a></div><br>Genres/Tags: <strong>RPG, Third-person, 3D</strong><br>Companies: <strong>Spiders, Focus Home Interactive</strong><br>Languages: <strong>RUS/ENG/MULTI9</strong><br>Original Size: <strong>20.2 GB</strong><br>Repack Size: <strong>11.7 GB</strong></p>&nbsp;<div>&nbsp;</div><h3>Download Mirrors</h3><ul><li><a href=\"https://1337x.to/torrent/4910007/GreedFall-Gold-Edition-Build-6892431-2-DLCs-Windows-7-Fix-MULTi9-FitGirl-Repack/\" target=\"_blank\" rel=\"noopener\">1337x</a> | [<a href=\"magnet:?xt=urn:btih:885C23C538C3AB71388C478F772D1F3B417C1C64&amp;dn=GreedFall%3A+Gold+Edition+%28Build+6892431+%2B+2+DLCs+%2B+Windows+7+Fix%2C+MULTi9%29+%5BFitGirl+Repack%5D&amp;tr=udp%3A%2F%2F46.148.18.250%3A2710&amp;tr=udp%3A%2F%2Fopentor.org%3A2710&amp;tr=udp%3A%2F%2Ftracker.coppersurfer.tk%3A6969%2Fannounce&amp;tr=udp%3A%2F%2Ftracker.opentrackr.org%3A1337%2Fannounce&amp;tr=http%3A%2F%2Ftracker.dler.org%3A6969%2Fannounce&amp;tr=udp%3A%2F%2Ftracker.leechers-paradise.org%3A6969%2Fannounce&amp;tr=udp%3A%2F%2F9.rarbg.me%3A2730%2Fannounce&amp;tr=udp%3A%2F%2F9.rarbg.to%3A2770%2Fannounce&amp;tr=udp%3A%2F%2Ftracker.pirateparty.gr%3A6969%2Fannounce&amp;tr=http%3A%2F%2Fretracker.local%2Fannounce&amp;tr=http%3A%2F%2Fretracker.ip.ncnet.ru%2Fannounce&amp;tr=udp%3A%2F%2Fexodus.desync.com%3A6969%2Fannounce&amp;tr=udp%3A%2F%2Fipv4.tracker.harry.lu%3A80%2Fannounce&amp;tr=udp%3A%2F%2Fopen.stealth.si%3A80%2Fannounce&amp;tr=udp%3A%2F%2Ftracker.zer0day.to%3A1337%2Fannounce&amp;tr=udp%3A%2F%2Ftracker.leechers-paradise.org%3A6969%2Fannounce&amp;tr=udp%3A%2F%2Fcoppersurfer.tk%3A6969%2Fannounce\">magnet</a>] [<a href=\"https://pastefg.hermietkreeft.site/?549468febb4afa4f#2H8CdSpvePaU5y1b4Z17Tc5dUNR8LsvAXx3vAJNtURrP\" target=\"_blank\" rel=\"noopener\">.torrent file only</a>] <br><img src=\"https://torrent-stats.info/478f/1429ea305.png\" style=\"display:block;clear:both\"></li><li><a href=\"http://rutor.info/torrent/823922/greedfall-gold-edition-build-6892431-dlcs-windows-7-fix-2019-pc-repack-ot-fitgirl\" target=\"_blank\" rel=\"noopener\">RuTor</a> [<a href=\"magnet:?xt=urn:btih:885c23c538c3ab71388c478f772d1f3b417c1c64&amp;dn=rutor.info_GreedFall%3A+Gold+Edition+%5BBuild+6892431+%2B+DLCs+%2B+Windows+7+Fix%5D+%282019%29+PC+%7C+RePack+%D0%BE%D1%82+FitGirl&amp;tr=udp://opentor.org:2710&amp;tr=udp://opentor.org:2710&amp;tr=http://retracker.local/announce\">magnet</a>]</li><li><a href=\"https://tapochek.net/viewtopic.php?p=2618392\" target=\"_blank\" rel=\"noopener\">Tapochek.net</a></li><li><a href=\"https://pastefg.hermietkreeft.site/?298bfa5f0a305b58#C5gJEoKBibDC4DQwqpHPxQxs2T9rGHzfDpdJumDCDonL\" target=\"_blank\" rel=\"noopener\">Filehoster: MultiUpload</a> (10+ hosters, interchangeable) [Use <a href=\"http://jdownloader.org/jdownloader2\" target=\"_blank\" rel=\"noopener\">JDownloader2</a>]</li><li><a href=\"https://pastefg.hermietkreeft.site/?b25db62de43c33e4#H3jH2nzaMiJv8FMfF6E9jm8q5iodda866UgNPFdYteeq\" target=\"_blank\" rel=\"noopener\">Filehoster: PixelDrain</a></li><li><a href=\"https://pastefg.hermietkreeft.site/?5cf14d52c7bf6e16#CYZ3gVMtkPj18UYhmuwXjW4cHTHiRvFyhsVdCZ9D9wu8\" target=\"_blank\" rel=\"noopener\">Filehoster: LetsUpload</a> [Use <a href=\"http://jdownloader.org/jdownloader2\" target=\"_blank\" rel=\"noopener\">JDownloader2</a>]</li><li><a href=\"https://crackhub.site/greedfall-gold-edition-build-6892431-2-dlcs-windows-7-fix-fitgirl-repack/\" target=\"_blank\" rel=\"noopener\">Filehosters: Google Drive, OneDrive + others</a> (Uploaded by crackhub213)</li><li><a href=\"https://pastefg.hermietkreeft.site/?1bac10f9de71076c#6hVJvozCwVYp1XfPKxz6i99hPDsWm3bBXqtqa6TAzJoT\" target=\"_blank\" rel=\"noopener\">Filehoster: OneDrive</a> (Uploaded by DyR0 t(-_-t), NOT compatible with other mirrors)</li></ul><p><a href=\"https://cs.rin.ru/forum/viewtopic.php?f=10&amp;t=77687\" target=\"_blank\" rel=\"noopener\">Discussion and (possible) future updates on CS.RIN.RU thread</a></p><h3>Screenshots (Click to enlarge)</h3><p><a target=\"_blank\" href=\"http://en.riotpixels.com/games/greedfall/screenshots/19/?utm_source=emb-gfx-html&amp;utm_medium=image&amp;utm_campaign=rp-mass\" rel=\"noopener\"><img loading=\"lazy\" width=\"178\" height=\"100\" border=\"0\" src=\"https://s01.riotpixels.net/data/45/44/4544aaec-60df-44bb-95c5-de242823316d.jpg.240p.jpg\"></a><a target=\"_blank\" href=\"http://en.riotpixels.com/games/greedfall/screenshots/18/?utm_source=emb-gfx-html&amp;utm_medium=image&amp;utm_campaign=rp-mass\" rel=\"noopener\"><img loading=\"lazy\" width=\"178\" height=\"100\" border=\"0\" src=\"https://s01.riotpixels.net/data/d7/0a/d70a9e5d-0f73-4538-a242-b4defb120307.jpg.240p.jpg\"></a><a target=\"_blank\" href=\"http://en.riotpixels.com/games/greedfall/screenshots/17/?utm_source=emb-gfx-html&amp;utm_medium=image&amp;utm_campaign=rp-mass\" rel=\"noopener\"><img loading=\"lazy\" width=\"178\" height=\"100\" border=\"0\" src=\"https://s01.riotpixels.net/data/0d/a7/0da773da-34f7-42ba-aa5c-5dc46dd48ae2.jpg.240p.jpg\"></a><br><a target=\"_blank\" href=\"http://en.riotpixels.com/games/greedfall/screenshots/16/?utm_source=emb-gfx-html&amp;utm_medium=image&amp;utm_campaign=rp-mass\" rel=\"noopener\"><img loading=\"lazy\" width=\"178\" height=\"100\" border=\"0\" src=\"https://s01.riotpixels.net/data/fd/c4/fdc4a434-3eb1-42fc-b55d-8e75623cee74.jpg.240p.jpg\"></a><a target=\"_blank\" href=\"http://en.riotpixels.com/games/greedfall/screenshots/13/?utm_source=emb-gfx-html&amp;utm_medium=image&amp;utm_campaign=rp-mass\" rel=\"noopener\"><img loading=\"lazy\" width=\"178\" height=\"100\" border=\"0\" src=\"https://s01.riotpixels.net/data/ce/70/ce70a9a0-ed71-4d2a-8225-520f95e3a6b7.jpg.240p.jpg\"></a><a target=\"_blank\" href=\"http://en.riotpixels.com/games/greedfall/screenshots/11/?utm_source=emb-gfx-html&amp;utm_medium=image&amp;utm_campaign=rp-mass\" rel=\"noopener\"><img loading=\"lazy\" width=\"178\" height=\"100\" border=\"0\" src=\"https://s01.riotpixels.net/data/0c/9a/0c9a2c9b-0d3e-4eff-963a-198a86944712.jpg.240p.jpg\"></a></p><h3>Repack Features</h3><ul><li>Based on GreedFall_The_De_Vespe_Conspiracy-FLT ISO release: flt-greedfall_the_de_vespe_conspiracy.iso (21,727,350,784 bytes)</li><li>2 DLCs (Adventurer\u2019s Gear &amp; The De Vespe Conspiracy) are included and activated; game version is Steam BuildID 6892431</li><li>Windows 7 Fix is available in \u201c_Windows 7 Fix\u201d folder after installation, copy files to game root to make it work</li><li>100% Lossless &amp; MD5 Perfect: all files are identical to originals after installation</li><li>NOTHING ripped, NOTHING re-encoded</li><li>Significantly smaller archive size (compressed from 20.2 to 11.7 GB)</li><li>Installation takes: ~10 minutes on 8-threads CPU; ~20 minutes on 4-threads CPU</li><li>After-install integrity check so you could make sure that everything installed properly</li><li>HDD space after installation: 21 GB (~23 GB during installation)</li><li>Language can be changed in FLT.ini</li><li>Repack uses XTool library by Razor12911</li><li>At least 2 GB of free RAM (inc. virtual) required for installing this repack</li></ul><div ><div><h2>Game Description</h2></div><div ><p>Explore uncharted new lands as you set foot on a remote island seeping with magic, and filled with riches, lost secrets, and fantastic creatures.</p><p>Forge this new world\u2019s destiny, as you befriend or betray companions and entire factions. With diplomacy, deception and force, become part of a living, evolving world \u2013 influence its course and shape your story.</p><p><b><h3>Game Features</h3></b></p><ul><li>Engage in a core roleplaying experience \u2013 achieve quests and complete objectives in a multitude of different ways \u2013 through combat, diplomacy, deception, or stealth.</li><li>Complete freedom in character progression \u2013 play as a male or female, customize your appearance, and freely choose your abilities, spells and skills.</li><li>Delve into a mysterious world of magic \u2013 begin a grand journey and uncover ancient secrets protected by supernatural beings, manifestations of the island\u2019s earthly magic.</li></ul></div></div><p><b>Backwards Compatibility</b></p><p>This repack is NOT backwards compatible with my previous GreedFall repack.</p>             </div>"
}