{
    "link": "https://fitgirl-repacks.site/griftlands/",
    "title": "Griftlands \u2013 v484799",
    "first_img": "https://i7.imageban.ru/out/2021/11/22/7f50a5fe3aa6801aecd38defaa48f3f7.jpg",
    "second_img": "https://s01.riotpixels.net/data/0f/d8/0fd85016-99eb-4ae0-8d9f-45fd95fede6b.jpg.240p.jpg",
    "body": "<div ><h2>Griftlands \u2013 v484799</h2><p ><div><a target=\"_blank\" href=\"https://en.riotpixels.com/games/griftlands/\" rel=\"noopener\"><img class=\"alignleft\" width=\"150\" src=\"https://i7.imageban.ru/out/2021/11/22/7f50a5fe3aa6801aecd38defaa48f3f7.jpg\"></a></div><br>Genres/Tags: <strong>RPG, Rogue-like, Deck-building, Side, Turn-based, 2D</strong><br>Company: <strong>Klei Entertainment</strong><br>Languages: <strong>RUS/ENG/MULTI11</strong><br>Original Size: <strong>5 GB</strong><br>Repack Size: <strong>3 GB</strong></p>&nbsp;<div>&nbsp;</div><h3>Download Mirrors</h3><ul><li><a href=\"https://1337x.to/torrent/5059965/Griftlands-v484799-MULTi11-FitGirl-Repack/\" target=\"_blank\" rel=\"noopener\">1337x</a> | [<a href=\"magnet:?xt=urn:btih:3603C482BB3DF0BEC694CB26A999A021F8002241&amp;dn=Griftlands+%28v484799%2C+MULTi11%29+%5BFitGirl+Repack%5D&amp;tr=udp%3A%2F%2F46.148.18.250%3A2710&amp;tr=udp%3A%2F%2Fopentor.org%3A2710&amp;tr=udp%3A%2F%2Ftracker.coppersurfer.tk%3A6969%2Fannounce&amp;tr=udp%3A%2F%2Ftracker.opentrackr.org%3A1337%2Fannounce&amp;tr=http%3A%2F%2Ftracker.dler.org%3A6969%2Fannounce&amp;tr=udp%3A%2F%2Ftracker.leechers-paradise.org%3A6969%2Fannounce&amp;tr=udp%3A%2F%2F9.rarbg.me%3A2730%2Fannounce&amp;tr=udp%3A%2F%2F9.rarbg.to%3A2770%2Fannounce&amp;tr=udp%3A%2F%2Ftracker.pirateparty.gr%3A6969%2Fannounce&amp;tr=http%3A%2F%2Fretracker.local%2Fannounce&amp;tr=http%3A%2F%2Fretracker.ip.ncnet.ru%2Fannounce&amp;tr=udp%3A%2F%2Fexodus.desync.com%3A6969%2Fannounce&amp;tr=udp%3A%2F%2Fipv4.tracker.harry.lu%3A80%2Fannounce&amp;tr=udp%3A%2F%2Fopen.stealth.si%3A80%2Fannounce&amp;tr=udp%3A%2F%2Ftracker.zer0day.to%3A1337%2Fannounce&amp;tr=udp%3A%2F%2Ftracker.leechers-paradise.org%3A6969%2Fannounce&amp;tr=udp%3A%2F%2Fcoppersurfer.tk%3A6969%2Fannounce\">magnet</a>] [<a href=\"https://pastefg.hermietkreeft.site/?b44002ca6380feb5#DVZsL9HnxmLY3QYUBXuRqGgWk9QWf6DEdP1gK9EUJviZ\" target=\"_blank\" rel=\"noopener\">.torrent file only</a>] <br><img src=\"https://torrent-stats.info/cb26/3b4518656.png\" style=\"display:block;clear:both\"></li><li><a href=\"http://rutor.info/torrent/846953/griftlands-v-484799-2021-pc-repack-ot-fitgirl\" target=\"_blank\" rel=\"noopener\">RuTor</a> [<a href=\"magnet:?xt=urn:btih:3603c482bb3df0bec694cb26a999a021f8002241&amp;dn=rutor.info_Griftlands+%5Bv+484799%5D+%282021%29+PC+%7C+RePack+%D0%BE%D1%82+FitGirl&amp;tr=udp://opentor.net:6969&amp;tr=udp://opentor.org:2710&amp;tr=http://retracker.local/announce\">magnet</a>]</li><li><a href=\"https://tapochek.net/viewtopic.php?p=2813928#\" target=\"_blank\" rel=\"noopener\">Tapochek.net</a></li><li><a href=\"https://pastefg.hermietkreeft.site/?3ce96365fbfb6898#iNvcJaCkGvyTy64y7WSXTt9qnFo2nxbN5dVtRZXCPgP\" target=\"_blank\" rel=\"noopener\">Filehoster: MultiUpload</a> (10+ hosters, interchangeable) [Use <a href=\"http://jdownloader.org/jdownloader2\" target=\"_blank\" rel=\"noopener\">JDownloader2</a>]</li><li><a href=\"https://pastefg.hermietkreeft.site/?711f83dd9cbf8703#DH2wtGfrPjfMPtVS3BFYiMxz9zEMWRK55uhPh1yXtXUo\" target=\"_blank\" rel=\"noopener\">Filehoster: ZippyShare</a></li><li><a href=\"https://pastefg.hermietkreeft.site/?a398d131cec53998#6dXEeDVr7kJz1cuJ2xxXaZfAzpmTisMQkUosTwyTzXnz\" target=\"_blank\" rel=\"noopener\">Filehoster: BayFiles</a></li><li><a href=\"https://pastefg.hermietkreeft.site/?8ba5b0b5259584ae#Aw1tXkpjYyhAPSXhYiTgHSjxEN7AgvL4k2H1H9HKkdgP\" target=\"_blank\" rel=\"noopener\">Filehoster: LetsUpload</a> [Use <a href=\"http://jdownloader.org/jdownloader2\" target=\"_blank\" rel=\"noopener\">JDownloader2</a>]</li><li><a href=\"https://pastefg.hermietkreeft.site/?28294097ba150d7c#6mgMxoaGB7MVY78oB2Xx3rbPjm3n6yniRHTgXxb7tTkd\" target=\"_blank\" rel=\"noopener\">Filehoster: OneDrive</a> (Uploaded by DyR0 t(-_-t), NOT compatible with other mirrors)</li><p><!--  <li><a href=\"\" target=\"_blank\" rel=\"noopener\">Filehosters: Google Drive, OneDrive + others</a> (Uploaded by crackhub213)</li>  --></p></ul><p><a href=\"https://cs.rin.ru/forum/viewtopic.php?f=10&amp;t=81385\" target=\"_blank\" rel=\"noopener\">Discussion and (possible) future updates on CS.RIN.RU thread</a></p><h3>Screenshots (Click to enlarge)</h3><p><a target=\"_blank\" href=\"https://en.riotpixels.com/games/griftlands/screenshots/15/?utm_source=emb-gfx-html&amp;utm_medium=image&amp;utm_campaign=rp-mass\" rel=\"noopener\"><img loading=\"lazy\" width=\"178\" height=\"100\" border=\"0\" src=\"https://s01.riotpixels.net/data/0f/d8/0fd85016-99eb-4ae0-8d9f-45fd95fede6b.jpg.240p.jpg\"></a><a target=\"_blank\" href=\"https://en.riotpixels.com/games/griftlands/screenshots/14/?utm_source=emb-gfx-html&amp;utm_medium=image&amp;utm_campaign=rp-mass\" rel=\"noopener\"><img loading=\"lazy\" width=\"178\" height=\"100\" border=\"0\" src=\"https://s01.riotpixels.net/data/4e/db/4edbf711-964a-404d-b51d-d3cbd6b900c6.jpg.240p.jpg\"></a><a target=\"_blank\" href=\"https://en.riotpixels.com/games/griftlands/screenshots/13/?utm_source=emb-gfx-html&amp;utm_medium=image&amp;utm_campaign=rp-mass\" rel=\"noopener\"><img loading=\"lazy\" width=\"178\" height=\"100\" border=\"0\" src=\"https://s01.riotpixels.net/data/77/c2/77c25732-360d-4f82-8946-55c5f8027599.jpg.240p.jpg\"></a><br><a target=\"_blank\" href=\"https://en.riotpixels.com/games/griftlands/screenshots/9/?utm_source=emb-gfx-html&amp;utm_medium=image&amp;utm_campaign=rp-mass\" rel=\"noopener\"><img loading=\"lazy\" width=\"178\" height=\"100\" border=\"0\" src=\"https://s01.riotpixels.net/data/c9/db/c9dbeb53-212e-441f-9245-81521375b952.jpg.240p.jpg\"></a><a target=\"_blank\" href=\"https://en.riotpixels.com/games/griftlands/screenshots/5/?utm_source=emb-gfx-html&amp;utm_medium=image&amp;utm_campaign=rp-mass\" rel=\"noopener\"><img loading=\"lazy\" width=\"178\" height=\"100\" border=\"0\" src=\"https://s01.riotpixels.net/data/ac/0d/ac0d2826-1f74-4893-a101-22172fb599ed.jpg.240p.jpg\"></a><a target=\"_blank\" href=\"https://en.riotpixels.com/games/griftlands/screenshots/1/?utm_source=emb-gfx-html&amp;utm_medium=image&amp;utm_campaign=rp-mass\" rel=\"noopener\"><img loading=\"lazy\" width=\"178\" height=\"100\" border=\"0\" src=\"https://s01.riotpixels.net/data/9a/a8/9aa8afff-5184-4aff-84bb-b5c5ef9d12d0.jpg.240p.jpg\"></a></p><h3>Repack Features</h3><ul><li>Based on Griftlands.v484799-PLAZA ISO release: plaza-griftlands.v484799.iso (5,416,026,112 bytes)</li><li>Game version: v484799</li><li>100% Lossless &amp; MD5 Perfect: all files are identical to originals after installation</li><li>NOTHING ripped, NOTHING re-encoded</li><li>Significantly smaller archive size (compressed from 5 to 3 GB)</li><li>Installation takes 3-7 minutes (depending on your system)</li><li>After-install integrity check so you could make sure that everything installed properly</li><li>HDD space after installation: 5.2 GB (7.3 GB during installation)</li><li>Language can be changed in game settings</li><li>Repack uses XTool library by Razor12911</li><li>At least 3 GB of free RAM (inc. virtual) required for installing this repack</li></ul><div ><div><h2>Game Description</h2></div><div >Griftlands is a deck-building rogue-like where you fight and negotiate your way through a broken-down sci-fi world. Every decision is important, be it the jobs you take, the friends you make, or the cards you collect. Death comes quickly, but each play offers new situations and strategies to explore.<p>At this stage of development you can play as Sal or Rook, with a third character and campaign in development. Sal is an adventurer out for profit and revenge. Rook is an aging spy working his own agenda. </p><p><b><h3>Game Features</h3></b></p><ul><li><b>Battle Challenging Bosses:</b> Test your combat decks against powerful foes with unique mechanics and attacks.</li><li><b>Build a Team \u2013 or Buy One:</b> Hire mercenaries, find pets, or impose upon your friends to accomplish your goals.</li><li><b>Master Hundreds of Cards:</b> Each character has unique negotiation and combat decks to draft from. Get powerful item cards from fallen foes, or as rewards.</li><li><b>Decisions Matter:</b> Killing foes may incur the wrath of their friends, but sparing them leaves a dangerous piece on the board. Choose wisely, everyone remembers everything you do!</li><li><b>Welcome to Havaria:</b> Each playable character\u2019s story takes place in a unique environment, with different factions and locations to explore and exploit.</li><li><b>Explore A Broken-Down Sci-Fi World:</b> The world of Havaria is a harsh place, full of harsher denizens. Explore lush, hand-illustrated environments full of people who want to kill you.</li><li><b>Playing Politics For Keeps:</b> Each character has a factional allegiance and an opinion of you. Play politics between rivals, and try to capture the most powerful social boons. But watch out \u2014 doublecross the wrong person, and you\u2019ll be subject to their bane!</li><li><b>Outwit or Overpower:</b> Overcome obstacles with the power of your fists \u2013 or your words. You\u2019ll need to pick your cards and play them right if you\u2019re going to survive. Build two decks simultaneously, balancing the tradeoffs of each.</li><li>Learn from each attempted run through the various stories of the Griftlands. Encounter different combinations of enemies, quests, and events every time you play. Your fate is determined by your choices, and by fate.</li></ul></div></div><p><b>Backwards Compatibility</b></p><p>This repack is HEAVILY backwards compatible with my previous Griftlands repack. Two largest files, fg-01.bin &amp; fg-02.bin didn\u2019t change, so you can rehash them and save 2.7 GB of traffic.</p>             </div>"
}