{
    "link": "https://fitgirl-repacks.site/grime/",
    "title": "GRIME",
    "first_img": "https://i3.imageban.ru/out/2021/08/03/81ada6888981e5869df4f32febc5b105.jpg",
    "second_img": "https://s01.riotpixels.net/data/9c/8b/9c8b7006-a194-456e-8d84-ffcc5f0491d5.jpg.240p.jpg",
    "body": "<div ><h2>GRIME</h2><p ><div><a target=\"_blank\" href=\"https://en.riotpixels.com/games/grime/\" rel=\"noopener\"><img class=\"alignleft\" width=\"150\" src=\"https://i3.imageban.ru/out/2021/08/03/81ada6888981e5869df4f32febc5b105.jpg\"></a></div><br>Genres/Tags: <strong>Action, Adventure, RPG, Side, 3D</strong><br>Companies: <strong>Clover Bite, Akupara Games</strong><br>Languages: <strong>RUS/ENG/MULTI10</strong><br>Original Size: <strong>2.8 GB</strong><br>Repack Size: <strong>2.1 GB</strong></p>&nbsp;<div>&nbsp;</div><h3>Download Mirrors</h3><ul><li><a href=\"https://1337x.to/torrent/4941058/GRIME-MULTi10-FitGirl-Repack/\" target=\"_blank\" rel=\"noopener\">1337x</a> | [<a href=\"magnet:?xt=urn:btih:5477249846577B1134B312959078D4648AFC0561&amp;dn=GRIME+%28MULTi10%29+%5BFitGirl+Repack%5D&amp;tr=udp%3A%2F%2F46.148.18.250%3A2710&amp;tr=udp%3A%2F%2Fopentor.org%3A2710&amp;tr=udp%3A%2F%2Ftracker.coppersurfer.tk%3A6969%2Fannounce&amp;tr=udp%3A%2F%2Ftracker.opentrackr.org%3A1337%2Fannounce&amp;tr=http%3A%2F%2Ftracker.dler.org%3A6969%2Fannounce&amp;tr=udp%3A%2F%2Ftracker.leechers-paradise.org%3A6969%2Fannounce&amp;tr=udp%3A%2F%2F9.rarbg.me%3A2730%2Fannounce&amp;tr=udp%3A%2F%2F9.rarbg.to%3A2770%2Fannounce&amp;tr=udp%3A%2F%2Ftracker.pirateparty.gr%3A6969%2Fannounce&amp;tr=http%3A%2F%2Fretracker.local%2Fannounce&amp;tr=http%3A%2F%2Fretracker.ip.ncnet.ru%2Fannounce&amp;tr=udp%3A%2F%2Fexodus.desync.com%3A6969%2Fannounce&amp;tr=udp%3A%2F%2Fipv4.tracker.harry.lu%3A80%2Fannounce&amp;tr=udp%3A%2F%2Fopen.stealth.si%3A80%2Fannounce&amp;tr=udp%3A%2F%2Ftracker.zer0day.to%3A1337%2Fannounce&amp;tr=udp%3A%2F%2Ftracker.leechers-paradise.org%3A6969%2Fannounce&amp;tr=udp%3A%2F%2Fcoppersurfer.tk%3A6969%2Fannounce\">magnet</a>] [<a href=\"https://pastefg.hermietkreeft.site/?432e74d67b392577#85HRwmbUbjdbPUHTB5LdLoSUxTH5AnAcni7QYny45uv\" target=\"_blank\" rel=\"noopener\">.torrent file only</a>] <br><img src=\"https://torrent-stats.info/1295/54468967.png\" style=\"display:block;clear:both\"></li><li><a href=\"http://rutor.info/torrent/828080/grime-2021-pc-repack-ot-fitgirl\" target=\"_blank\" rel=\"noopener\">RuTor</a> [<a href=\"magnet:?xt=urn:btih:5477249846577b1134b312959078d4648afc0561&amp;dn=rutor.info_GRIME+%282021%29+PC+%7C+RePack+%D0%BE%D1%82+FitGirl&amp;tr=udp://opentor.org:2710&amp;tr=udp://opentor.org:2710&amp;tr=http://retracker.local/announce\">magnet</a>]</li><li><a href=\"https://tapochek.net/viewtopic.php?p=2792516\" target=\"_blank\" rel=\"noopener\">Tapochek.net</a></li><li><a href=\"https://pastefg.hermietkreeft.site/?ae00af5ada4a4d5a#4f3pWibBhFotp4cKd9g7vMCP6NzqkxVyfz7AgB4n9vUv\" target=\"_blank\" rel=\"noopener\">Filehoster: MultiUpload</a> (10+ hosters, interchangeable) [Use <a href=\"http://jdownloader.org/jdownloader2\" target=\"_blank\" rel=\"noopener\">JDownloader2</a>]</li><li><a href=\"https://pastefg.hermietkreeft.site/?1a30b553903fdfad#AFmt7uxgQEVEjHgs7rHVCTw4XWZv5FuN7oPyusudhdim\" target=\"_blank\" rel=\"noopener\">Filehoster: PixelDrain</a></li><li><a href=\"https://pastefg.hermietkreeft.site/?ff279e5b1dd78254#GtQQtfv5ebEYXWdNp5m9esd7BrjEXvq9F7GCGYgV5q5c\" target=\"_blank\" rel=\"noopener\">Filehoster: ZippyShare</a></li><li><a href=\"https://pastefg.hermietkreeft.site/?ee3343c641480397#9os18xE7coBz3NBeG7hBAc8nYrT8SozX5HaPvvkw9fUF\" target=\"_blank\" rel=\"noopener\">Filehoster: LetsUpload</a> [Use <a href=\"http://jdownloader.org/jdownloader2\" target=\"_blank\" rel=\"noopener\">JDownloader2</a>]</li><li><a href=\"https://crackhub.site/grime-fitgirl-repack/\" target=\"_blank\" rel=\"noopener\">Filehosters: Google Drive, OneDrive + others</a> (Uploaded by crackhub213)</li><li><a href=\"https://pastefg.hermietkreeft.site/?f5a62d78911157b6#3tVKRsiyPfAjqsjuincFnmNzBUWnAXQQ3qmjnNjLk4Tq\" target=\"_blank\" rel=\"noopener\">Filehoster: OneDrive</a> (Uploaded by DyR0 t(-_-t), NOT compatible with other mirrors)</li></ul><p><a href=\"https://cs.rin.ru/forum/viewtopic.php?f=10&amp;t=98758\" target=\"_blank\" rel=\"noopener\">Discussion and (possible) future updates on CS.RIN.RU thread</a></p><h3>Screenshots (Click to enlarge)</h3><p><a target=\"_blank\" href=\"https://en.riotpixels.com/games/grime/screenshots/16/?utm_source=emb-gfx-html&amp;utm_medium=image&amp;utm_campaign=rp-mass\" rel=\"noopener\"><img loading=\"lazy\" width=\"178\" height=\"100\" border=\"0\" src=\"https://s01.riotpixels.net/data/9c/8b/9c8b7006-a194-456e-8d84-ffcc5f0491d5.jpg.240p.jpg\"></a><a target=\"_blank\" href=\"https://en.riotpixels.com/games/grime/screenshots/14/?utm_source=emb-gfx-html&amp;utm_medium=image&amp;utm_campaign=rp-mass\" rel=\"noopener\"><img loading=\"lazy\" width=\"178\" height=\"100\" border=\"0\" src=\"https://s01.riotpixels.net/data/51/1f/511f2f69-6bba-4374-a131-149884b2d411.jpg.240p.jpg\"></a><a target=\"_blank\" href=\"https://en.riotpixels.com/games/grime/screenshots/11/?utm_source=emb-gfx-html&amp;utm_medium=image&amp;utm_campaign=rp-mass\" rel=\"noopener\"><img loading=\"lazy\" width=\"178\" height=\"100\" border=\"0\" src=\"https://s01.riotpixels.net/data/2b/b5/2bb539cd-f3c6-431c-b86c-c0b604aa56d7.jpg.240p.jpg\"></a><br><a target=\"_blank\" href=\"https://en.riotpixels.com/games/grime/screenshots/10/?utm_source=emb-gfx-html&amp;utm_medium=image&amp;utm_campaign=rp-mass\" rel=\"noopener\"><img loading=\"lazy\" width=\"178\" height=\"100\" border=\"0\" src=\"https://s01.riotpixels.net/data/7e/b8/7eb8f7be-3f72-4a8a-95dd-a61bbfb71a31.jpg.240p.jpg\"></a><a target=\"_blank\" href=\"https://en.riotpixels.com/games/grime/screenshots/9/?utm_source=emb-gfx-html&amp;utm_medium=image&amp;utm_campaign=rp-mass\" rel=\"noopener\"><img loading=\"lazy\" width=\"178\" height=\"100\" border=\"0\" src=\"https://s01.riotpixels.net/data/29/90/2990277d-f65b-42ab-84e1-0f064a77b67a.jpg.240p.jpg\"></a><a target=\"_blank\" href=\"https://en.riotpixels.com/games/grime/screenshots/6/?utm_source=emb-gfx-html&amp;utm_medium=image&amp;utm_campaign=rp-mass\" rel=\"noopener\"><img loading=\"lazy\" width=\"178\" height=\"100\" border=\"0\" src=\"https://s01.riotpixels.net/data/9b/fe/9bfe61f0-aded-4729-ab46-727fae9f58bf.jpg.240p.jpg\"></a></p><h3>Repack Features</h3><ul><li>Based on GRIME-CODEX ISO release: codex-grime.iso (2,967,470,080 bytes)</li><li>100% Lossless &amp; MD5 Perfect: all files are identical to originals after installation</li><li>NOTHING ripped, NOTHING re-encoded</li><li>Significantly smaller archive size (compressed from 2.8 to 2.1 GB)</li><li>Installation takes two minutes</li><li>After-install integrity check so you could make sure that everything installed properly</li><li>HDD space after installation: 6.2 GB</li><li>Language can be changed in game settings</li><li>At least 2 GB of free RAM (inc. virtual) required for installing this repack</li></ul><div ><div><h2>Game Description</h2></div><div >An unusual material collapses in on itself, the world shudders and contracts, and suddenly you are squeezed into existence.<p>What awaits you is a world unknown, alien in its own familiarity, and you must survive what terrors you face. Explore your surreal surroundings, absorb the many enemies you encounter, and use their own traits against them as you let yourself become far more than you once were.</p><p>GRIME lets you play to your preference, upgrading only those traits you feel most suited to your unique style. You\u2019ll find there is more than one way to break open an enemy as you move through a variety of evocative environments, meet their inhabitants, and discover the source of their madness.</p><p><b><h3>Game Features</h3></b></p><ul><li><b>Eye-Popping Surrealism</b> \u2013 Uncover mysterious secrets in weeping caves and face-covered deserts. Meet otherworldly characters in distinct civilizations across an organic, interconnected world \u2013 all rendered in unearthly 3D. Face foes born of the world itself, and swallow them whole.</li><li><b>Death-Defying Combat</b> \u2013 Punish enemies by parrying their attacks, smash them from the ground or even airborne, and absorb them to grow your strength as you wage war on a living world.</li><li><b>Living Weapons</b> \u2013 Seamlessly swap weapons made of living creatures that mutate form during combat, from clawing swords to centipede whips.</li><li><b>Unique Skill Progression</b> \u2013 Hunt down and absorb challenging monsters to improve your skills and bring true customization to your play style.</li><li><b>Challenge Menacing Bosses</b> \u2013 Battle against creatures dozens of times your size. Adapt to their strategies, withstand their assault, and consume them to gain game-changing abilities that affect both combat and traversal.</li></ul></div></div>             </div>"
}