{
    "link": "https://fitgirl-repacks.site/growing-up/",
    "title": "Growing Up \u2013 v1.0.3760",
    "first_img": "https://i2.imageban.ru/out/2021/10/16/8d26d3600fe20fcef3fe79be07efc9bf.jpg",
    "second_img": "https://s01.riotpixels.net/data/4a/33/4a33f04a-b42d-460a-8a52-c6ab23107e57.jpg.240p.jpg",
    "body": "<div ><h2>Growing Up \u2013 v1.0.3760</h2><p ><div><a target=\"_blank\" href=\"https://en.riotpixels.com/games/growing-up/\" rel=\"noopener\"><img class=\"alignleft\" width=\"150\" src=\"https://i2.imageban.ru/out/2021/10/16/8d26d3600fe20fcef3fe79be07efc9bf.jpg\"></a></div><br>Genres/Tags: <strong>Managerial, 2D</strong><br>Company: <strong>Vile Monarch</strong><br>Languages: <strong>RUS/ENG/MULTI9</strong><br>Original Size: <strong>828 MB</strong><br>Repack Size: <strong>496 MB</strong></p>&nbsp;<div>&nbsp;</div><h3>Download Mirrors</h3><ul><li><a href=\"https://1337x.to/torrent/5019963/Growing-Up-v1-0-3760-MULTi9-FitGirl-Repack/\" target=\"_blank\" rel=\"noopener\">1337x</a> | [<a href=\"magnet:?xt=urn:btih:03AAFDD81349F640AEE44388EE196D8547831817&amp;dn=Growing+Up+%28v1.0.3760%2C+MULTi9%29+%5BFitGirl+Repack%5D&amp;tr=udp%3A%2F%2F46.148.18.250%3A2710&amp;tr=udp%3A%2F%2Fopentor.org%3A2710&amp;tr=udp%3A%2F%2Ftracker.coppersurfer.tk%3A6969%2Fannounce&amp;tr=udp%3A%2F%2Ftracker.opentrackr.org%3A1337%2Fannounce&amp;tr=http%3A%2F%2Ftracker.dler.org%3A6969%2Fannounce&amp;tr=udp%3A%2F%2Ftracker.leechers-paradise.org%3A6969%2Fannounce&amp;tr=udp%3A%2F%2F9.rarbg.me%3A2730%2Fannounce&amp;tr=udp%3A%2F%2F9.rarbg.to%3A2770%2Fannounce&amp;tr=udp%3A%2F%2Ftracker.pirateparty.gr%3A6969%2Fannounce&amp;tr=http%3A%2F%2Fretracker.local%2Fannounce&amp;tr=http%3A%2F%2Fretracker.ip.ncnet.ru%2Fannounce&amp;tr=udp%3A%2F%2Fexodus.desync.com%3A6969%2Fannounce&amp;tr=udp%3A%2F%2Fipv4.tracker.harry.lu%3A80%2Fannounce&amp;tr=udp%3A%2F%2Fopen.stealth.si%3A80%2Fannounce&amp;tr=udp%3A%2F%2Ftracker.zer0day.to%3A1337%2Fannounce&amp;tr=udp%3A%2F%2Ftracker.leechers-paradise.org%3A6969%2Fannounce&amp;tr=udp%3A%2F%2Fcoppersurfer.tk%3A6969%2Fannounce\">magnet</a>] [<a href=\"https://pastefg.hermietkreeft.site/?f419fccb9a558843#3mQkzNQmsfvvNYADMcgMcLFZgB52pbo7QwbpitDtpqPV\" target=\"_blank\" rel=\"noopener\">.torrent file only</a>] <br><img src=\"https://torrent-stats.info/4388/137a9cc38.png\" style=\"display:block;clear:both\"></li><li><a href=\"http://rutor.info/torrent/839939/growing-up-v1.0.3760-2021-pc-repack-ot-fitgirl\" target=\"_blank\" rel=\"noopener\">RuTor</a> [<a href=\"magnet:?xt=urn:btih:03aafdd81349f640aee44388ee196d8547831817&amp;dn=rutor.info_Growing+Up+%5Bv1.0.3760%5D+%282021%29+PC+%7C+RePack+%D0%BE%D1%82+FitGirl&amp;tr=udp://opentor.net:6969&amp;tr=udp://opentor.org:2710&amp;tr=http://retracker.local/announce\">magnet</a>]</li><li><a href=\"https://tapochek.net/viewtopic.php?p=2806152\" target=\"_blank\" rel=\"noopener\">Tapochek.net</a></li><li><a href=\"https://pastefg.hermietkreeft.site/?7e7af7ffa1475ca8#7AHZAaV3Dr7MJ8igtGaiosij3VmNugJgewRi16Y2f8xd\" target=\"_blank\" rel=\"noopener\">Filehoster: MultiUpload</a> (10+ hosters, interchangeable) [Use <a href=\"http://jdownloader.org/jdownloader2\" target=\"_blank\" rel=\"noopener\">JDownloader2</a>]</li><li><a href=\"https://pastefg.hermietkreeft.site/?09d321960e01db23#533ZM1ZQDxLgXbeUAYeCcf2jUwrh4T1dSWK7VQKoVk4H\" target=\"_blank\" rel=\"noopener\">Filehoster: PixelDrain</a></li><li><a href=\"https://pastefg.hermietkreeft.site/?2f1b92e2cea5d074#2cyBchKdnze6PS82wnvdbC9GW9PTawSHuSLC4GvWx8oW\" target=\"_blank\" rel=\"noopener\">Filehoster: ZippyShare</a></li><li><a href=\"https://pastefg.hermietkreeft.site/?6c71fe2302810461#CtcggicjdQpaSH68wPT4gz7LUCxNkboRLfCedjadzbi8\" target=\"_blank\" rel=\"noopener\">Filehoster: LetsUpload</a> [Use <a href=\"http://jdownloader.org/jdownloader2\" target=\"_blank\" rel=\"noopener\">JDownloader2</a>]</li><li><a href=\"https://pastefg.hermietkreeft.site/?3df6dcb850ecee74#GbK79dsLyhUpvdJe8PkwBqrgFJmPEJPt2ZLfvNCyBPzz\" target=\"_blank\" rel=\"noopener\">Filehoster: OneDrive</a> (Uploaded by DyR0 t(-_-t), NOT compatible with other mirrors)</li><li><a href=\"https://crackhub.site/growing-up-v1-0-3760-fitgirl-repack/\" target=\"_blank\" rel=\"noopener\">Filehosters: Google Drive, OneDrive + others</a> (Uploaded by crackhub213)</li></ul><p><a href=\"https://cs.rin.ru/forum/viewtopic.php?f=10&amp;t=114498\" target=\"_blank\" rel=\"noopener\">Discussion and (possible) future updates on CS.RIN.RU thread</a></p><h3>Screenshots (Click to enlarge)</h3><p><a target=\"_blank\" href=\"https://en.riotpixels.com/games/growing-up/screenshots/17/?utm_source=emb-gfx-html&amp;utm_medium=image&amp;utm_campaign=rp-mass\" rel=\"noopener\"><img loading=\"lazy\" width=\"178\" height=\"100\" border=\"0\" src=\"https://s01.riotpixels.net/data/4a/33/4a33f04a-b42d-460a-8a52-c6ab23107e57.jpg.240p.jpg\"></a><a target=\"_blank\" href=\"https://en.riotpixels.com/games/growing-up/screenshots/16/?utm_source=emb-gfx-html&amp;utm_medium=image&amp;utm_campaign=rp-mass\" rel=\"noopener\"><img loading=\"lazy\" width=\"178\" height=\"100\" border=\"0\" src=\"https://s01.riotpixels.net/data/22/1a/221a6188-6202-4b87-84fc-e2db71ef6b2b.jpg.240p.jpg\"></a><a target=\"_blank\" href=\"https://en.riotpixels.com/games/growing-up/screenshots/8/?utm_source=emb-gfx-html&amp;utm_medium=image&amp;utm_campaign=rp-mass\" rel=\"noopener\"><img loading=\"lazy\" width=\"178\" height=\"100\" border=\"0\" src=\"https://s01.riotpixels.net/data/da/37/da375268-d483-4a32-b682-1ef29dc71cdf.jpg.240p.jpg\"></a><br><a target=\"_blank\" href=\"https://en.riotpixels.com/games/growing-up/screenshots/7/?utm_source=emb-gfx-html&amp;utm_medium=image&amp;utm_campaign=rp-mass\" rel=\"noopener\"><img loading=\"lazy\" width=\"178\" height=\"100\" border=\"0\" src=\"https://s01.riotpixels.net/data/e4/b4/e4b40c55-8881-4608-8a0e-95ed0c938276.jpg.240p.jpg\"></a><a target=\"_blank\" href=\"https://en.riotpixels.com/games/growing-up/screenshots/3/?utm_source=emb-gfx-html&amp;utm_medium=image&amp;utm_campaign=rp-mass\" rel=\"noopener\"><img loading=\"lazy\" width=\"178\" height=\"100\" border=\"0\" src=\"https://s01.riotpixels.net/data/2c/8d/2c8d613d-68b9-4770-be41-b633848616c4.jpg.240p.jpg\"></a><a target=\"_blank\" href=\"https://en.riotpixels.com/games/growing-up/screenshots/2/?utm_source=emb-gfx-html&amp;utm_medium=image&amp;utm_campaign=rp-mass\" rel=\"noopener\"><img loading=\"lazy\" width=\"178\" height=\"100\" border=\"0\" src=\"https://s01.riotpixels.net/data/6c/8c/6c8cd45e-584b-4ce8-ba4c-48a12cf9627f.jpg.240p.jpg\"></a></p><h3>Repack Features</h3><ul><li>Based on Growing.Up-DARKSiDERS ISO release: ds-growingup.iso (867,731,456 bytes)</li><li>100% Lossless &amp; MD5 Perfect: all files are identical to originals after installation</li><li>NOTHING ripped, NOTHING re-encoded</li><li>Significantly smaller archive size (compressed from 828 to 496 MB)</li><li>Installation takes 3-6 minutes (depending on your system)</li><li>After-install integrity check so you could make sure that everything installed properly</li><li>HDD space after installation: 1.3 GB (4.5 GB during installation)</li><li>Language can be changed in game settings</li><li>At least 2 GB of free RAM (inc. virtual) required for installing this repack</li></ul><div ><div><h2>Game Description</h2></div><div >Your life is in your hands! Sculpt your childhood as well as parenthood with endless choices. Take control of what you learn, who you befriend, and find that special someone in this coming-of-age game.<p>Experience the entire journey from toddler to adulthood as you learn new skills, participate in various activities, develop your mind, manage your daily schedule, explore the city, forge friendships, and survive through school. Upon reaching adulthood, your future career, as well as your romantic partner will be revealed to you as you continue the legacy of your family by having a child of your own! And then\u2026 experience the life of your child, as the cycle begins anew, and brand new adventures await you!</p><p><b><h3>Game Features</h3></b></p><ul><li><b>Chilling in 1990s:</b> Lose yourself in the lavishly handcrafted sceneries straight from the 90s. In an era of rapid social change as well as the soaring rise of pop culture, your journey through life will be accompanied by both endearing friends and nostalgic city, with more than 30 locations to explore. Visit the cinema, grab popcorn to watch \u201cDino Park\u201d, toss a few coins to get a tape recorded by \u201cBoys Next Door\u201d from a street shop. Take your time, the city is not going anywhere.</li><li><b>Unique Playthroughs:</b> Each life is different, and each and every character you create will face different challenges and meet different people. The choices you make will result in wildly different outcomes!</li><li><b>Branching Narrative:</b> Your choices dictate the development of the narrative. With more than 1000 lines of dialogues for each character, as well as multiple endings for you and your friends, depending on your choices, every decision you make will echo through the entire journey of your character.</li><li><b>Friends For Life:</b> Playing, fighting, falling in love, few things in your journey to adulthood can be done without a friend. Growing Up features 19 characters whose stories unfold alongside yours. Forge your relationship with them in any way your heart desires, romantic or purely platonic \u2013 the choice is yours.</li><li><b>Dynamic Game Experience:</b> Growing Up features a variety of systems. Build your mind and aptitude with our handcrafted mini-game; Master the art of scheduling your daily activities; Ace your way into the best school in challenging exams; Build your character by participating in a plethora of extracurricular activities.</li><li><b>In-Depth Skill System:</b> With more than 200 skills to acquire and master, you will have the ultimate freedom to shape the future of your character and end up with one of 42 unique careers! Some are easy, some are hard to get, but how about becoming an Astronaut, a CEO of a gaming company, a famous actress\u2026 or maybe even the President of the United States of America?</li><li><b>Shopping &amp; Customization:</b> Customize your character with a wide range of items, including clothing and hairstyles. Your character\u2019s room appearance will also differ depending the skills you learn! Different choices uniquely enhance your gameplay experience including unlocking new locations, characters and certain features of a future offspring.</li><li><b>All-star Team:</b> Growing Up is a game with rich storytelling and unique art style, from an all-star team of creators \u2013 including creative director Daniel Sadowski (director and lead writer on Gardens Inc. &amp; Dr. Cares series), art director Gracjana Zieli\u0144ska (lead artist on Cinders &amp; Solstice), Kacper Kwiatkowski (designer and writer on This War of Mine), Christian Divine (Captain Spirit), Matthew Ritter (writer on Tales from the Borderlands &amp; Twin Mirror), Emma Vieceli (comic book writer on Doctor Who, Back to the Future), and the music composer Jim Guthrie (Planet Coaster &amp; Reigns: Her Majesty).</li></ul></div></div>             </div>"
}