{
    "link": "https://fitgirl-repacks.site/guild-of-ascension/",
    "title": "Guild of Ascension",
    "first_img": "https://i3.imageban.ru/out/2021/09/25/305615732039faf5189f8a704b3cbccf.jpg",
    "second_img": "https://s01.riotpixels.net/data/18/8b/188b419a-91a1-4749-ad72-9e936a166628.jpg.240p.jpg",
    "body": "<div ><h2>Guild of Ascension</h2><p ><div><a target=\"_blank\" href=\"https://en.riotpixels.com/games/guild-of-ascension/\" rel=\"noopener\"><img class=\"alignleft\" width=\"150\" src=\"https://i3.imageban.ru/out/2021/09/25/305615732039faf5189f8a704b3cbccf.jpg\"></a></div><br>Genres/Tags: <strong>Action, RPG, Strategy, Tactics, Isometric, Turn-based, 3D</strong><br>Companies: <strong>WhileOne Productions, PID Games</strong><br>Languages: <strong>ENG/MULTI8</strong><br>Original Size: <strong>1.3 GB</strong><br>Repack Size: <strong>729 MB</strong></p>&nbsp;<div>&nbsp;</div><h3>Download Mirrors</h3><ul><li><a href=\"https://1337x.to/torrent/4995725/Guild-of-Ascension-MULTi8-FitGirl-Repack/\" target=\"_blank\" rel=\"noopener\">1337x</a> | [<a href=\"magnet:?xt=urn:btih:CB49C80789399C74F47F6B62310FA6A8BC372EEE&amp;dn=Guild+of+Ascension+%28MULTi8%29+%5BFitGirl+Repack%5D&amp;tr=udp%3A%2F%2F46.148.18.250%3A2710&amp;tr=udp%3A%2F%2Fopentor.org%3A2710&amp;tr=udp%3A%2F%2Ftracker.coppersurfer.tk%3A6969%2Fannounce&amp;tr=udp%3A%2F%2Ftracker.opentrackr.org%3A1337%2Fannounce&amp;tr=http%3A%2F%2Ftracker.dler.org%3A6969%2Fannounce&amp;tr=udp%3A%2F%2Ftracker.leechers-paradise.org%3A6969%2Fannounce&amp;tr=udp%3A%2F%2F9.rarbg.me%3A2730%2Fannounce&amp;tr=udp%3A%2F%2F9.rarbg.to%3A2770%2Fannounce&amp;tr=udp%3A%2F%2Ftracker.pirateparty.gr%3A6969%2Fannounce&amp;tr=http%3A%2F%2Fretracker.local%2Fannounce&amp;tr=http%3A%2F%2Fretracker.ip.ncnet.ru%2Fannounce&amp;tr=udp%3A%2F%2Fexodus.desync.com%3A6969%2Fannounce&amp;tr=udp%3A%2F%2Fipv4.tracker.harry.lu%3A80%2Fannounce&amp;tr=udp%3A%2F%2Fopen.stealth.si%3A80%2Fannounce&amp;tr=udp%3A%2F%2Ftracker.zer0day.to%3A1337%2Fannounce&amp;tr=udp%3A%2F%2Ftracker.leechers-paradise.org%3A6969%2Fannounce&amp;tr=udp%3A%2F%2Fcoppersurfer.tk%3A6969%2Fannounce\">magnet</a>] [<a href=\"https://pastefg.hermietkreeft.site/?e2821d48f25c16bc#8n3YCAZypxHnQhBsvkptoYcEPmjoDfht1WCG5LjRSVVc\" target=\"_blank\" rel=\"noopener\">.torrent file only</a>] <br><img src=\"https://torrent-stats.info/6b62/1ecd1cd22.png\" style=\"display:block;clear:both\"></li><li><a href=\"https://tapochek.net/viewtopic.php?p=2802349\" target=\"_blank\" rel=\"noopener\">Tapochek.net</a></li><li><a href=\"https://pastefg.hermietkreeft.site/?3ddb7eb7acc2a612#G8chfiWuwy6D9dxTeCPeUxLwzBUZP6nLLzZpdDps5XC6\" target=\"_blank\" rel=\"noopener\">Filehoster: MultiUpload</a> (10+ hosters, interchangeable) [Use <a href=\"http://jdownloader.org/jdownloader2\" target=\"_blank\" rel=\"noopener\">JDownloader2</a>]</li><li><a href=\"https://pastefg.hermietkreeft.site/?1549de79c3e20c12#83ekKyRJmXjT18AhLwUouK275fdG2B41tB3jqUTp3ndf\" target=\"_blank\" rel=\"noopener\">Filehoster: PixelDrain</a></li><li><a href=\"https://pastefg.hermietkreeft.site/?7bb3e4c9834d2104#BYyitFtYXqtDTTSezbABgML4STxbtt16867BpeSMtiJD\" target=\"_blank\" rel=\"noopener\">Filehoster: ZippyShare</a></li><li><a href=\"https://pastefg.hermietkreeft.site/?82a9bff7451cb055#AteFbqB5dnJEr6CiGwmX9ygaRPMiDnDFrdhxm2HgSutU\" target=\"_blank\" rel=\"noopener\">Filehoster: LetsUpload</a> [Use <a href=\"http://jdownloader.org/jdownloader2\" target=\"_blank\" rel=\"noopener\">JDownloader2</a>]</li><li><a href=\"https://pastefg.hermietkreeft.site/?9c67c7c77dce1838#BTFCYuAwzgT4PoXwC6xEXPtm5K6MaxxscqcUgxSCJ3MN\" target=\"_blank\" rel=\"noopener\">Filehoster: OneDrive</a> (Uploaded by DyR0 t(-_-t), NOT compatible with other mirrors)</li></ul><p><a href=\"https://cs.rin.ru/forum/viewtopic.php?f=10&amp;t=101323\" target=\"_blank\" rel=\"noopener\">Discussion and (possible) future updates on CS.RIN.RU thread</a></p><h3>Screenshots (Click to enlarge)</h3><p><a target=\"_blank\" href=\"https://en.riotpixels.com/games/guild-of-ascension/screenshots/9/?utm_source=emb-gfx-html&amp;utm_medium=image&amp;utm_campaign=rp-mass\" rel=\"noopener\"><img loading=\"lazy\" width=\"178\" height=\"100\" border=\"0\" src=\"https://s01.riotpixels.net/data/18/8b/188b419a-91a1-4749-ad72-9e936a166628.jpg.240p.jpg\"></a><a target=\"_blank\" href=\"https://en.riotpixels.com/games/guild-of-ascension/screenshots/7/?utm_source=emb-gfx-html&amp;utm_medium=image&amp;utm_campaign=rp-mass\" rel=\"noopener\"><img loading=\"lazy\" width=\"178\" height=\"100\" border=\"0\" src=\"https://s01.riotpixels.net/data/a6/09/a609bfa8-4a33-44a7-80db-f71e1cec823f.jpg.240p.jpg\"></a><a target=\"_blank\" href=\"https://en.riotpixels.com/games/guild-of-ascension/screenshots/6/?utm_source=emb-gfx-html&amp;utm_medium=image&amp;utm_campaign=rp-mass\" rel=\"noopener\"><img loading=\"lazy\" width=\"178\" height=\"100\" border=\"0\" src=\"https://s01.riotpixels.net/data/e5/88/e58824a4-5d39-405b-b24b-8d7c4566bc2f.jpg.240p.jpg\"></a><br><a target=\"_blank\" href=\"https://en.riotpixels.com/games/guild-of-ascension/screenshots/5/?utm_source=emb-gfx-html&amp;utm_medium=image&amp;utm_campaign=rp-mass\" rel=\"noopener\"><img loading=\"lazy\" width=\"178\" height=\"100\" border=\"0\" src=\"https://s01.riotpixels.net/data/4a/3b/4a3b1ccb-48f6-4228-a26c-34798d34c949.jpg.240p.jpg\"></a><a target=\"_blank\" href=\"https://en.riotpixels.com/games/guild-of-ascension/screenshots/4/?utm_source=emb-gfx-html&amp;utm_medium=image&amp;utm_campaign=rp-mass\" rel=\"noopener\"><img loading=\"lazy\" width=\"178\" height=\"100\" border=\"0\" src=\"https://s01.riotpixels.net/data/2f/0d/2f0d57b3-1b86-4a2c-ad96-c2ea677daece.jpg.240p.jpg\"></a><a target=\"_blank\" href=\"https://en.riotpixels.com/games/guild-of-ascension/screenshots/2/?utm_source=emb-gfx-html&amp;utm_medium=image&amp;utm_campaign=rp-mass\" rel=\"noopener\"><img loading=\"lazy\" width=\"178\" height=\"100\" border=\"0\" src=\"https://s01.riotpixels.net/data/64/f8/64f80e58-07db-405a-8edb-2e6144b5f9d9.jpg.240p.jpg\"></a></p><h3>Repack Features</h3><ul><li>Based on Guild.of.Ascension-PLAZA ISO release: plaza-guild.of.ascension.iso (1,373,896,704 bytes)</li><li>100% Lossless &amp; MD5 Perfect: all files are identical to originals after installation</li><li>NOTHING ripped, NOTHING re-encoded</li><li>Significantly smaller archive size (compressed from 1.3 GB to 729 MB)</li><li>Installation takes one minute</li><li>After-install integrity check so you could make sure that everything installed properly</li><li>HDD space after installation: 4.6 GB</li><li>Language can be changed in game settings</li><li>At least 2 GB of free RAM (inc. virtual) required for installing this repack</li></ul><div ><div><h2>Game Description</h2></div><div >Guild of Ascension is a Tactical-Action-RPG with rogue-lite elements, mixing turn-based combat with real-time action combo system.<p>Craft weapons, learn skills, befriend critters, encounter bizarre creatures, and fight giant Bosses in your Ascension of the Tower!</p><p><b>Real-Time action combo system</b><br>The Tower grants you few seconds to act freely during your turn, make sure to use them wisely by learning and master your weapons combo and special attacks.</p><p><b>One player, Two characters</b><br>If your group wants to succeed in the Tower, it must plan and act in perfect harmony, like they are sharing the same mind.</p><p><b>Collect the loot</b><br>The Tower will reward you after each fight, keep the money and materials for the guild.</p><p>But make sure to ask for privileges that will help you during your next challenges, as climbing the Tower is no easy task.</p><p><b>Craft better equipment</b><br>Once you are back from you latest trip in the Tower, make sure to ask the Guild to craft you some new equipment.</p><p>You will need all the help you can get if you hope to Ascend to the top.</p><p><b>Battle Giants Bosses</b><br>Once you find the Guardians of the Tower floors, don\u2019t be afraid by their massive size, and use what you learned to overcome the challenge!</p><p><b>Good luck on your Ascension.</b></p></div></div>             </div>"
}