{
    "link": "https://fitgirl-repacks.site/guild-of-dungeoneering/",
    "title": "Guild of Dungeoneering: Ultimate Edition + 2 DLCs + Bonus Soundtrack",
    "first_img": "https://i3.imageban.ru/out/2021/11/22/94d2553e68aefbcbb0366fc2211d7f86.jpg",
    "second_img": "https://s01.riotpixels.net/data/50/de/50de42a8-4dc0-457e-868d-8d7c1757d074.jpg.240p.jpg",
    "body": "<div ><h2>Guild of Dungeoneering: Ultimate Edition + 2 DLCs + Bonus Soundtrack</h2><p ><div><a target=\"_blank\" href=\"https://en.riotpixels.com/games/guild-of-dungeoneering/\" rel=\"noopener\"><img class=\"alignleft\" width=\"150\" src=\"https://i3.imageban.ru/out/2021/11/22/94d2553e68aefbcbb0366fc2211d7f86.jpg\"></a></div><br>Genres/Tags: <strong>RPG, Top-down, Turn-based, 2D</strong><br>Company: <strong>Gambrinous</strong><br>Languages: <strong>ENG/CHI</strong><br>Original Size: <strong>1.2 GB</strong><br>Repack Size: <strong>524/744 MB</strong></p>&nbsp;<div>&nbsp;</div><h3>Download Mirrors</h3><ul><li><a href=\"https://1337x.to/torrent/5060655/Guild-of-Dungeoneering-Ultimate-Edition-2-DLCs-Bonus-OST-MULTi2-FitGirl-Repack-Selective-Download-from-524-MB/\" target=\"_blank\" rel=\"noopener\">1337x</a> | [<a href=\"magnet:?xt=urn:btih:CBAF17595E6E451BE269025A02E9BEE1346A81EF&amp;dn=Guild+of+Dungeoneering%3A+Ultimate+Edition+%28%2B+2+DLCs+%2B+Bonus+OST%2C+MULTi2%29+%5BFitGirl+Repack%2C+Selective+Download+-+from+524+MB%5D&amp;tr=udp%3A%2F%2F46.148.18.250%3A2710&amp;tr=udp%3A%2F%2Fopentor.org%3A2710&amp;tr=udp%3A%2F%2Ftracker.coppersurfer.tk%3A6969%2Fannounce&amp;tr=udp%3A%2F%2Ftracker.opentrackr.org%3A1337%2Fannounce&amp;tr=http%3A%2F%2Ftracker.dler.org%3A6969%2Fannounce&amp;tr=udp%3A%2F%2Ftracker.leechers-paradise.org%3A6969%2Fannounce&amp;tr=udp%3A%2F%2F9.rarbg.me%3A2730%2Fannounce&amp;tr=udp%3A%2F%2F9.rarbg.to%3A2770%2Fannounce&amp;tr=udp%3A%2F%2Ftracker.pirateparty.gr%3A6969%2Fannounce&amp;tr=http%3A%2F%2Fretracker.local%2Fannounce&amp;tr=http%3A%2F%2Fretracker.ip.ncnet.ru%2Fannounce&amp;tr=udp%3A%2F%2Fexodus.desync.com%3A6969%2Fannounce&amp;tr=udp%3A%2F%2Fipv4.tracker.harry.lu%3A80%2Fannounce&amp;tr=udp%3A%2F%2Fopen.stealth.si%3A80%2Fannounce&amp;tr=udp%3A%2F%2Ftracker.zer0day.to%3A1337%2Fannounce&amp;tr=udp%3A%2F%2Ftracker.leechers-paradise.org%3A6969%2Fannounce&amp;tr=udp%3A%2F%2Fcoppersurfer.tk%3A6969%2Fannounce\">magnet</a>] [<a href=\"https://pastefg.hermietkreeft.site/?e5663c25caf04c00#LdMWobZWJiNc1usAhJjcpRoeyLuAeG1DTUd9rZnBUdD\" target=\"_blank\" rel=\"noopener\">.torrent file only</a>] <br><img src=\"https://torrent-stats.info/025a/afa72a8.png\" style=\"display:block;clear:both\"></li><li><a href=\"https://tapochek.net/viewtopic.php?p=2814045\" target=\"_blank\" rel=\"noopener\">Tapochek.net</a></li><li><a href=\"https://pastefg.hermietkreeft.site/?f8abc4bfbc67214b#6UV6512e4X4KS3fTqqaMWoYJFMqJxL814WAWrjrPZYFp\" target=\"_blank\" rel=\"noopener\">Filehoster: MultiUpload</a> (10+ hosters, interchangeable) [Use <a href=\"http://jdownloader.org/jdownloader2\" target=\"_blank\" rel=\"noopener\">JDownloader2</a>]</li><li><a href=\"https://pastefg.hermietkreeft.site/?ea4971a4b392b17d#AAP5eM3hcb5fVog9MGPefpf1z738RePmJY33y1Wriu2n\" target=\"_blank\" rel=\"noopener\">Filehoster: ZippyShare</a></li><li><a href=\"https://pastefg.hermietkreeft.site/?aa4363e34a3fac70#7wE9eqxdzWgKjS32tJMu68yCXAPr6ucSt6xbwkT4JPhZ\" target=\"_blank\" rel=\"noopener\">Filehoster: BayFiles</a></li><li><a href=\"https://pastefg.hermietkreeft.site/?81884347926056a4#DCe62PWkdwWzPigVzUZEkFPaRy2No5ofATeFxywc3GE8\" target=\"_blank\" rel=\"noopener\">Filehoster: LetsUpload</a> [Use <a href=\"http://jdownloader.org/jdownloader2\" target=\"_blank\" rel=\"noopener\">JDownloader2</a>]</li><p><!--  <li><a href=\"\" target=\"_blank\" rel=\"noopener\">Filehoster: OneDrive</a> (Uploaded by DyR0 t(-_-t), NOT compatible with other mirrors)</li>  --><br><!--  <li><a href=\"\" target=\"_blank\" rel=\"noopener\">Filehosters: Google Drive, OneDrive + others</a> (Uploaded by crackhub213)</li>  --></p></ul><p><a href=\"https://cs.rin.ru/forum/viewtopic.php?f=10&amp;t=68197\" target=\"_blank\" rel=\"noopener\">Discussion and (possible) future updates on CS.RIN.RU thread</a></p><h3>Screenshots (Click to enlarge)</h3><p><a target=\"_blank\" href=\"https://en.riotpixels.com/games/guild-of-dungeoneering/screenshots/21/?utm_source=emb-gfx-html&amp;utm_medium=image&amp;utm_campaign=rp-mass\" rel=\"noopener\"><img loading=\"lazy\" width=\"160\" height=\"100\" border=\"0\" src=\"https://s01.riotpixels.net/data/50/de/50de42a8-4dc0-457e-868d-8d7c1757d074.jpg.240p.jpg\"></a><a target=\"_blank\" href=\"https://en.riotpixels.com/games/guild-of-dungeoneering/screenshots/19/?utm_source=emb-gfx-html&amp;utm_medium=image&amp;utm_campaign=rp-mass\" rel=\"noopener\"><img loading=\"lazy\" width=\"160\" height=\"100\" border=\"0\" src=\"https://s01.riotpixels.net/data/38/87/38875860-505c-4bb8-a4da-73b787b7078d.jpg.240p.jpg\"></a><a target=\"_blank\" href=\"https://en.riotpixels.com/games/guild-of-dungeoneering/screenshots/18/?utm_source=emb-gfx-html&amp;utm_medium=image&amp;utm_campaign=rp-mass\" rel=\"noopener\"><img loading=\"lazy\" width=\"160\" height=\"100\" border=\"0\" src=\"https://s01.riotpixels.net/data/af/ee/afee2db7-1cf0-47d6-98e9-23d9c0f0e2ee.png.240p.jpg\"></a><br><a target=\"_blank\" href=\"https://en.riotpixels.com/games/guild-of-dungeoneering/screenshots/15/?utm_source=emb-gfx-html&amp;utm_medium=image&amp;utm_campaign=rp-mass\" rel=\"noopener\"><img loading=\"lazy\" width=\"160\" height=\"100\" border=\"0\" src=\"https://s01.riotpixels.net/data/b5/ac/b5ac9ae8-cdbb-49b9-8e1c-7afe0650b378.jpg.240p.jpg\"></a><a target=\"_blank\" href=\"https://en.riotpixels.com/games/guild-of-dungeoneering/screenshots/14/?utm_source=emb-gfx-html&amp;utm_medium=image&amp;utm_campaign=rp-mass\" rel=\"noopener\"><img loading=\"lazy\" width=\"160\" height=\"100\" border=\"0\" src=\"https://s01.riotpixels.net/data/19/68/1968d5c2-d048-43f7-b439-736ace1c6ad3.jpg.240p.jpg\"></a><a target=\"_blank\" href=\"https://en.riotpixels.com/games/guild-of-dungeoneering/screenshots/9/?utm_source=emb-gfx-html&amp;utm_medium=image&amp;utm_campaign=rp-mass\" rel=\"noopener\"><img loading=\"lazy\" width=\"160\" height=\"100\" border=\"0\" src=\"https://s01.riotpixels.net/data/5e/19/5e19f9f9-81a5-4a99-8668-0e546060140b.jpg.240p.jpg\"></a></p><h3>Repack Features</h3><ul><li>Based on Guild.of.Dungeoneering.Ultimate.Edition-PLAZA ISO release: plaza-guild.of.dungeoneering.ultimate.edition.iso (1,327,431,680 bytes)</li><li>Both released DLCs and bonus soundtrack are included</li><li>100% Lossless &amp; MD5 Perfect: all files are identical to originals after installation</li><li>NOTHING ripped, NOTHING re-encoded</li><li>Selective Download feature: you can skip downloading and installing of bonus soundtrack</li><li>Significantly smaller archive size (compressed from 1.2 GB to 524/744 MB)</li><li>Installation takes two minutes</li><li>After-install integrity check so you could make sure that everything installed properly</li><li>HDD space after installation: 1.6 GB</li><li>At least 2 GB of free RAM (inc. virtual) required for installing this repack</li></ul><div ><div><h2>Game Description</h2></div><div >Now fully rebuilt and remastered, Guild of Dungeoneering Ultimate Edition is a turn-based dungeon crawler with a twist: instead of controlling the hero you build the dungeon around them. Using cards drawn from your Guild decks, you lay down rooms, monsters, traps and of course loot! Meanwhile your hero is making their own decisions on where to go and what to fight. But will they be strong enough to take on the deepest dungeons? In between dungeon runs you manage your Guild, building new rooms to attract new classes of adventurer and expand your decks of cards with more powerful items.<p><b><h3>Game Features</h3></b></p><ul><li><b>Bigger and better than ever,</b> all content from Pirates Cove and Ice Cream Headaches is now included in the game for FREE! Not to mention new classes, new monsters, new quests and new chests full of loot.</li><li><b>Customise your dungeoneers like never before</b> with dozens of new hairstyles and accessories, as well as new victory traits to help them survive that little bit longer among the dangers you throw at them.</li><li><b>Improved game mechanics and complete re-balance</b> will make your time spent in the guilds and dungeons as fun and enjoyable as it\u2019s ever been. Sending Chumps to their doom has never been such a blast!</li><li><b>New writing, animations, music and sound effects</b> bring the dungeons and guild to life more than ever. But beware, the bard is back with his unique brand of snark.</li></ul><p><b>Included Content:</b></p><ul><li>Original Soundtrack</li><li>Pirate\u2019s Cove DLC</li><li>Ice Cream Headaches DLC</li></ul></div></div>             </div>"
}