{
    "link": "https://fitgirl-repacks.site/gunfire-reborn/",
    "title": "Gunfire Reborn + Multiplayer",
    "first_img": "https://i4.imageban.ru/out/2021/11/26/1042bea654bd720d63490d7eae7507c8.jpg",
    "second_img": "https://s01.riotpixels.net/data/3d/f0/3df04456-cd6e-4d20-8e93-72c582936bb4.jpg.240p.jpg",
    "body": "<div ><h2>Gunfire Reborn + Multiplayer</h2><p ><div><a target=\"_blank\" href=\"https://en.riotpixels.com/games/gunfire-reborn/\" rel=\"noopener\"><img class=\"alignleft\" width=\"150\" src=\"https://i4.imageban.ru/out/2021/11/26/1042bea654bd720d63490d7eae7507c8.jpg\"></a></div><br>Genres/Tags: <strong>Action, Arcade, Shooter, First-Person, 3D</strong><br>Company: <strong>Duoyi Games</strong><br>Languages: <strong>RUS/ENG/MULTI17</strong><br>Original Size: <strong>2.1 GB</strong><br>Repack Size: <strong>1.4 GB</strong></p>&nbsp;<div>&nbsp;</div><h3>Download Mirrors</h3><ul><li><a href=\"https://1337x.to/torrent/5064998/Gunfire-Reborn-Multiplayer-MULTi17-FitGirl-Repack/\" target=\"_blank\" rel=\"noopener\">1337x</a> | [<a href=\"magnet:?xt=urn:btih:5A19A2F30EEF97BADD412E256B62B29365F07EF9&amp;dn=Gunfire+Reborn+%28%2B+Multiplayer%2C+MULTi17%29+%5BFitGirl+Repack%5D&amp;tr=udp%3A%2F%2F46.148.18.250%3A2710&amp;tr=udp%3A%2F%2Fopentor.org%3A2710&amp;tr=udp%3A%2F%2Ftracker.coppersurfer.tk%3A6969%2Fannounce&amp;tr=udp%3A%2F%2Ftracker.opentrackr.org%3A1337%2Fannounce&amp;tr=http%3A%2F%2Ftracker.dler.org%3A6969%2Fannounce&amp;tr=udp%3A%2F%2Ftracker.leechers-paradise.org%3A6969%2Fannounce&amp;tr=udp%3A%2F%2F9.rarbg.me%3A2730%2Fannounce&amp;tr=udp%3A%2F%2F9.rarbg.to%3A2770%2Fannounce&amp;tr=udp%3A%2F%2Ftracker.pirateparty.gr%3A6969%2Fannounce&amp;tr=http%3A%2F%2Fretracker.local%2Fannounce&amp;tr=http%3A%2F%2Fretracker.ip.ncnet.ru%2Fannounce&amp;tr=udp%3A%2F%2Fexodus.desync.com%3A6969%2Fannounce&amp;tr=udp%3A%2F%2Fipv4.tracker.harry.lu%3A80%2Fannounce&amp;tr=udp%3A%2F%2Fopen.stealth.si%3A80%2Fannounce&amp;tr=udp%3A%2F%2Ftracker.zer0day.to%3A1337%2Fannounce&amp;tr=udp%3A%2F%2Ftracker.leechers-paradise.org%3A6969%2Fannounce&amp;tr=udp%3A%2F%2Fcoppersurfer.tk%3A6969%2Fannounce\">magnet</a>] [<a href=\"https://pastefg.hermietkreeft.site/?8c810e79891a3d08#CUo2TZ756yXyR6rg9CdS6zi68fqxEBjTcBpw6ePVJn1P\" target=\"_blank\" rel=\"noopener\">.torrent file only</a>] <br><img src=\"https://torrent-stats.info/2e25/d7b43926.png\" style=\"display:block;clear:both\"></li><li><a href=\"http://rutor.info/torrent/847653/gunfire-reborn-multiplayer-2021-pc-repack-ot-fitgirl\" target=\"_blank\" rel=\"noopener\">RuTor</a> [<a href=\"magnet:?xt=urn:btih:5a19a2f30eef97badd412e256b62b29365f07ef9&amp;dn=rutor.info_Gunfire+Reborn+%5B%2B+Multiplayer%5D+%282021%29+PC+%7C+RePack+%D0%BE%D1%82+FitGirl&amp;tr=udp://opentor.net:6969&amp;tr=udp://opentor.org:2710&amp;tr=http://retracker.local/announce\">magnet</a>]</li><li><a href=\"https://tapochek.net/viewtopic.php?p=2814648\" target=\"_blank\" rel=\"noopener\">Tapochek.net</a></li><li><a href=\"https://pastefg.hermietkreeft.site/?c2ceb5c135f231be#CQH7TovzU66M71E3vkuP9if48XfiQKzLmYd9eQ64pzAF\" target=\"_blank\" rel=\"noopener\">Filehoster: MultiUpload</a> (10+ hosters, interchangeable) [Use <a href=\"http://jdownloader.org/jdownloader2\" target=\"_blank\" rel=\"noopener\">JDownloader2</a>]</li><li><a href=\"https://pastefg.hermietkreeft.site/?f19df52b731df1b6#DXKZSYDnuhod139HiVkHMTFmKq4XqSLdkEhrXSzuED6t\" target=\"_blank\" rel=\"noopener\">Filehoster: ZippyShare</a></li><li><a href=\"https://pastefg.hermietkreeft.site/?db70a156eab34932#mqcoR8TMZGiUi3ZtspUoicXrE7eSgv5S1Jq9urpRGtb\" target=\"_blank\" rel=\"noopener\">Filehoster: BayFiles</a></li><li><a href=\"https://pastefg.hermietkreeft.site/?0c177a94b37071cd#9s4QvxwecaXyChVL5ipt3hie51fdxWWsMP6bLABoFma5\" target=\"_blank\" rel=\"noopener\">Filehoster: LetsUpload</a> [Use <a href=\"http://jdownloader.org/jdownloader2\" target=\"_blank\" rel=\"noopener\">JDownloader2</a>]</li><li><a href=\"https://pastefg.hermietkreeft.site/?4c75ae1571b8d87d#DBg1EQCsjcge7Xz2UA9t3sDWEW8Yknnhy9GDXMkP45fi\" target=\"_blank\" rel=\"noopener\">Filehoster: OneDrive</a> (Uploaded by DyR0 t(-_-t), NOT compatible with other mirrors)</li><p><!--  <li><a href=\"\" target=\"_blank\" rel=\"noopener\">Filehosters: Google Drive, OneDrive + others</a> (Uploaded by crackhub213)</li>  --></p></ul><p><a href=\"https://cs.rin.ru/forum/viewtopic.php?f=10&amp;t=105259\" target=\"_blank\" rel=\"noopener\">Discussion and (possible) future updates on CS.RIN.RU thread</a></p><h3>Screenshots (Click to enlarge)</h3><p><a target=\"_blank\" href=\"https://en.riotpixels.com/games/gunfire-reborn/screenshots/15/?utm_source=emb-gfx-html&amp;utm_medium=image&amp;utm_campaign=rp-mass\" rel=\"noopener\"><img loading=\"lazy\" width=\"178\" height=\"100\" border=\"0\" src=\"https://s01.riotpixels.net/data/3d/f0/3df04456-cd6e-4d20-8e93-72c582936bb4.jpg.240p.jpg\"></a><a target=\"_blank\" href=\"https://en.riotpixels.com/games/gunfire-reborn/screenshots/14/?utm_source=emb-gfx-html&amp;utm_medium=image&amp;utm_campaign=rp-mass\" rel=\"noopener\"><img loading=\"lazy\" width=\"178\" height=\"100\" border=\"0\" src=\"https://s01.riotpixels.net/data/c5/74/c574cca8-7815-46ed-bbfe-51fcedea1390.jpg.240p.jpg\"></a><a target=\"_blank\" href=\"https://en.riotpixels.com/games/gunfire-reborn/screenshots/6/?utm_source=emb-gfx-html&amp;utm_medium=image&amp;utm_campaign=rp-mass\" rel=\"noopener\"><img loading=\"lazy\" width=\"178\" height=\"100\" border=\"0\" src=\"https://s01.riotpixels.net/data/6e/26/6e26c639-40fa-4f40-a464-9ae5171baecc.jpg.240p.jpg\"></a><br><a target=\"_blank\" href=\"https://en.riotpixels.com/games/gunfire-reborn/screenshots/4/?utm_source=emb-gfx-html&amp;utm_medium=image&amp;utm_campaign=rp-mass\" rel=\"noopener\"><img loading=\"lazy\" width=\"178\" height=\"100\" border=\"0\" src=\"https://s01.riotpixels.net/data/3b/e5/3be577ca-66c3-4202-8492-872d459beab6.jpg.240p.jpg\"></a><a target=\"_blank\" href=\"https://en.riotpixels.com/games/gunfire-reborn/screenshots/3/?utm_source=emb-gfx-html&amp;utm_medium=image&amp;utm_campaign=rp-mass\" rel=\"noopener\"><img loading=\"lazy\" width=\"178\" height=\"100\" border=\"0\" src=\"https://s01.riotpixels.net/data/36/ef/36efe74a-f173-43d3-88b8-4a8f38e4f071.jpg.240p.jpg\"></a><a target=\"_blank\" href=\"https://en.riotpixels.com/games/gunfire-reborn/screenshots/2/?utm_source=emb-gfx-html&amp;utm_medium=image&amp;utm_campaign=rp-mass\" rel=\"noopener\"><img loading=\"lazy\" width=\"178\" height=\"100\" border=\"0\" src=\"https://s01.riotpixels.net/data/c6/19/c6197d69-7906-4b1e-a07e-422ecbba0388.jpg.240p.jpg\"></a></p><h3>Repack Features</h3><ul><li>Based on Gunfire.Reborn-CODEX ISO release: codex-gunfire.reborn.iso (2,228,748,288 bytes)</li><li>Multiplayer online fix by 0xdeadc0de is available in NoDVD folder after installation, allowing multiplayer mode with the same crack owners</li><li>100% Lossless &amp; MD5 Perfect: all files are identical to originals after installation</li><li>NOTHING ripped, NOTHING re-encoded</li><li>Significantly smaller archive size (compressed from 2.1 to 1.4 GB)</li><li>Installation takes 2-6 minutes (depending on your system)</li><li>After-install integrity check so you could make sure that everything installed properly</li><li>HDD space after installation: 2.7 GB (5.6 GB during installation)</li><li>Language can be changed in game settings</li><li>At least 2 GB of free RAM (inc. virtual) required for installing this repack</li></ul><div ><div><h2>Game Description</h2></div><div >Gunfire Reborn is an adventure level-based game featuring FPS, roguelite, and RPG elements. Players can control unique heroes\u2014each with different abilities\u2014as they adventure through random levels and pick up randomly dropped weapons. You can play Gunfire Reborn alone or cooperatively with up to three other players (4-player co-op).<p>Every level is random; each new restart is a brand-new experience. You will meet different heroes and experience new weapons, items, checkpoints, and unique combat rhythms across the game\u2019s many levels.</p><p><b><h3>Game Features</h3></b></p><ul><li>FPS + Roguelite + RPG combined gameplay, construct diverse Build through death cycle for different experience</li><li>Elaborate, yet randomized stage experience</li><li>Over 100 different items and various weapons</li><li>Many heroes and multiple game plus with different game mechanism</li><li>Unique art style</li><li>Co-op level-based adventure</li></ul></div></div>             </div>"
}