{
    "link": "https://fitgirl-repacks.site/guntech-2/",
    "title": "Guntech 2",
    "first_img": "https://i4.imageban.ru/out/2022/02/19/c01c2a348fa5b59352afd4a6874995fe.jpg",
    "second_img": "https://s01.riotpixels.net/data/0b/01/0b01f5e8-b017-416b-960d-171c241f2d72.jpg.240p.jpg",
    "body": "<div ><h2>Guntech 2</h2><p ><div><a target=\"_blank\" href=\"https://en.riotpixels.com/games/guntech-2/\" rel=\"noopener\"><img class=\"alignleft\" width=\"150\" src=\"https://i4.imageban.ru/out/2022/02/19/c01c2a348fa5b59352afd4a6874995fe.jpg\"></a></div><br>Genres/Tags: <strong>Arcade, Shoot \u2019em up, Retro, Side, 3D</strong><br>Companies: <strong>Jani Penttinen, Utopos Games</strong><br>Languages: <strong>RUS/ENG/MULTI7</strong><br>Original Size: <strong>1.3 GB</strong><br>Repack Size: <strong>908 MB</strong></p>&nbsp;<div>&nbsp;</div><h3>Download Mirrors</h3><ul><li><a href=\"https://1337x.to/torrent/5154399/Guntech-2-MULTi7-FitGirl-Repack/\" target=\"_blank\" rel=\"noopener\">1337x</a> | [<a href=\"magnet:?xt=urn:btih:8B8B5692CF821D9E91AB05787EF5F0A280CFC93D&amp;dn=Guntech+2+%28MULTi7%29+%5BFitGirl+Repack%5D&amp;tr=udp%3A%2F%2F46.148.18.250%3A2710&amp;tr=udp%3A%2F%2Fopentor.org%3A2710&amp;tr=udp%3A%2F%2Ftracker.coppersurfer.tk%3A6969%2Fannounce&amp;tr=udp%3A%2F%2Ftracker.opentrackr.org%3A1337%2Fannounce&amp;tr=http%3A%2F%2Ftracker.dler.org%3A6969%2Fannounce&amp;tr=udp%3A%2F%2Ftracker.leechers-paradise.org%3A6969%2Fannounce&amp;tr=udp%3A%2F%2F9.rarbg.me%3A2730%2Fannounce&amp;tr=udp%3A%2F%2F9.rarbg.to%3A2770%2Fannounce&amp;tr=udp%3A%2F%2Ftracker.pirateparty.gr%3A6969%2Fannounce&amp;tr=http%3A%2F%2Fretracker.local%2Fannounce&amp;tr=http%3A%2F%2Fretracker.ip.ncnet.ru%2Fannounce&amp;tr=udp%3A%2F%2Fexodus.desync.com%3A6969%2Fannounce&amp;tr=udp%3A%2F%2Fipv4.tracker.harry.lu%3A80%2Fannounce&amp;tr=udp%3A%2F%2Fopen.stealth.si%3A80%2Fannounce&amp;tr=udp%3A%2F%2Ftracker.zer0day.to%3A1337%2Fannounce&amp;tr=udp%3A%2F%2Ftracker.leechers-paradise.org%3A6969%2Fannounce&amp;tr=udp%3A%2F%2Fcoppersurfer.tk%3A6969%2Fannounce\">magnet</a>] [<a href=\"https://pastefg.hermietkreeft.site/?6feff5b0cc38dd43#2QkWavsUj7wigijTZ8tWiMtxYiA8jJBuviczPXCcfWZU\" target=\"_blank\" rel=\"noopener\">.torrent file only</a>] <br><img src=\"https://torrent-stats.info/0578/1a1790c0.png\" style=\"display:block;clear:both\"></li><li><a href=\"http://rutor.info/torrent/863369/guntech-2-2022-pc-repack-ot-fitgirl\" target=\"_blank\" rel=\"noopener\">RuTor</a> [<a href=\"magnet:?xt=urn:btih:8b8b5692cf821d9e91ab05787ef5f0a280cfc93d&amp;dn=rutor.info_Guntech+2+%282022%29+PC+%7C+RePack+%D0%BE%D1%82+FitGirl&amp;tr=udp://opentor.net:6969&amp;tr=udp://opentor.org:2710&amp;tr=http://retracker.local/announce\">magnet</a>]</li><li><a href=\"https://tapochek.net/viewtopic.php?p=2834478\" target=\"_blank\" rel=\"noopener\">Tapochek.net</a></li><li><a href=\"https://pastefg.hermietkreeft.site/?9844f96587f7a976#EvfhmsiMW9nkejPVBXomDxW4t576WEn4AigJPx9i9PXw\" target=\"_blank\" rel=\"noopener\">Filehoster: MultiUpload</a> (10+ hosters, interchangeable) [Use <a href=\"http://jdownloader.org/jdownloader2\" target=\"_blank\" rel=\"noopener\">JDownloader2</a>]</li><li><a href=\"https://pastefg.hermietkreeft.site/?b8e580cf2aa62752#FjfLefN96tX4YSJ988y4kyXSQap489sdwhNoYiNo47H2\" target=\"_blank\" rel=\"noopener\">Filehoster: ZippyShare</a></li><li><a href=\"https://pastefg.hermietkreeft.site/?dfb1dcea3b804a5c#DqZLhJrPmmMo4TAzwYSDAvKbEqNiGHUbKKoL1fZ4csMM\" target=\"_blank\" rel=\"noopener\">Filehoster: BayFiles</a></li><li><a href=\"https://pastefg.hermietkreeft.site/?2ee1676a5a13c704#2qEqqSaksf3Wv2GXmAMA7Gtxpxg5dqqfVQp4x6ycfcTZ\" target=\"_blank\" rel=\"noopener\">Filehoster: OneDrive</a> (Uploaded by DyR0 t(-_-t), NOT compatible with other mirrors)</li><p><!--  <li><a href=\"\" target=\"_blank\" rel=\"noopener\">Filehosters: Google Drive, OneDrive + others</a> (Uploaded by crackhub213)</li>  --></p></ul><p><a href=\"https://cs.rin.ru/forum/viewtopic.php?f=10&amp;t=119140\" target=\"_blank\" rel=\"noopener\">Discussion and (possible) future updates on CS.RIN.RU thread</a></p><h3>Screenshots (Click to enlarge)</h3><p><a target=\"_blank\" href=\"https://en.riotpixels.com/games/guntech-2/screenshots/11/?utm_source=emb-gfx-html&amp;utm_medium=image&amp;utm_campaign=rp-mass\" rel=\"noopener\"><img loading=\"lazy\" width=\"178\" height=\"100\" border=\"0\" src=\"https://s01.riotpixels.net/data/0b/01/0b01f5e8-b017-416b-960d-171c241f2d72.jpg.240p.jpg\"></a><a target=\"_blank\" href=\"https://en.riotpixels.com/games/guntech-2/screenshots/9/?utm_source=emb-gfx-html&amp;utm_medium=image&amp;utm_campaign=rp-mass\" rel=\"noopener\"><img loading=\"lazy\" width=\"178\" height=\"100\" border=\"0\" src=\"https://s01.riotpixels.net/data/18/4a/184a513f-6d98-4300-a0d2-5313a3ed2d81.jpg.240p.jpg\"></a><a target=\"_blank\" href=\"https://en.riotpixels.com/games/guntech-2/screenshots/7/?utm_source=emb-gfx-html&amp;utm_medium=image&amp;utm_campaign=rp-mass\" rel=\"noopener\"><img loading=\"lazy\" width=\"178\" height=\"100\" border=\"0\" src=\"https://s01.riotpixels.net/data/a1/04/a1042f5c-915b-4639-8dbb-5dba4971c135.jpg.240p.jpg\"></a><br><a target=\"_blank\" href=\"https://en.riotpixels.com/games/guntech-2/screenshots/6/?utm_source=emb-gfx-html&amp;utm_medium=image&amp;utm_campaign=rp-mass\" rel=\"noopener\"><img loading=\"lazy\" width=\"178\" height=\"100\" border=\"0\" src=\"https://s01.riotpixels.net/data/18/75/187548e1-111a-4f65-a404-ea72f2087e1c.jpg.240p.jpg\"></a><a target=\"_blank\" href=\"https://en.riotpixels.com/games/guntech-2/screenshots/4/?utm_source=emb-gfx-html&amp;utm_medium=image&amp;utm_campaign=rp-mass\" rel=\"noopener\"><img loading=\"lazy\" width=\"178\" height=\"100\" border=\"0\" src=\"https://s01.riotpixels.net/data/fb/6d/fb6d30cd-3b78-4f97-ae89-bb61b8bf7718.jpg.240p.jpg\"></a><a target=\"_blank\" href=\"https://en.riotpixels.com/games/guntech-2/screenshots/3/?utm_source=emb-gfx-html&amp;utm_medium=image&amp;utm_campaign=rp-mass\" rel=\"noopener\"><img loading=\"lazy\" width=\"178\" height=\"100\" border=\"0\" src=\"https://s01.riotpixels.net/data/0d/95/0d957651-bf98-4994-9eda-66fbc35612fe.jpg.240p.jpg\"></a></p><h3>Repack Features</h3><ul><li>Based on Guntech.2-PLAZA ISO release: plaza-guntech.2.iso (1,444,610,048 bytes)</li><li>100% Lossless &amp; MD5 Perfect: all files are identical to originals after installation</li><li>NOTHING ripped, NOTHING re-encoded</li><li>Smaller archive size (compressed from 1.3 GB to 908 MB)</li><li>Installation takes two minutes</li><li>After-install integrity check so you could make sure that everything installed properly</li><li>HDD space after installation: 3.4 GB</li><li>Language can be changed in game settings</li><li>At least 2 GB of free RAM (inc. virtual) required for installing this repack</li></ul><div ><div><h2>Game Description</h2></div><div ><p><b>Guntech 2</b> is a return of the good old \u201ccave flyer\u201d shoot \u2019em ups genre. It\u2019s a retro-style game where state-of-the-art graphics and visual effects are combined with classic gameplay. It\u2019s a twin-stick shooter influenced by such classics as Thrust, Oids, Geometry Wars, and Asteroids. You can play in single-player, or couch co-op with up to 4 players!</p><p><b>Back story:</b><br>Utopos Space Station was the new hope for humans. It failed. Never underestimate human greed.</p><p>Your job is to clean up the mess. Fight alien life forms, rescue scientists, deliver vaccines to combat a deadly pandemic. The asteroid belt is filled with wild space aliens, many of them being results of failed human experiments to create life that survives in space. You will even find a dragon in space!</p><p><b><h3>Game Features</h3></b></p><ul><li>Guntech 2 has 5 distinct worlds: Tutorial, Virus, The Dark Worlds, Space Jungle, and Cargo Hauler. Each world has 8 levels plus a boss level at the end. Additionally, there are seasonal levels that are funny and silly little missions themed for seasons like Christmas and Halloween.</li><li>You can play either in ARCADE or ADVENTURE mode. The adventure mode lets you play any unlocked level, so you can continue conquering the world from where you left off. You have a fresh set of lives for each level. Each level has three different goals. The first is mandatory for passing the levels and will earn you one star. The other level goals will earn you additional stars, and you can try to clear all levels to 3-star results.</li><li>The arcade mode allows you to choose any world that has been unlocked, but you always start from the first level, trying to make it to the end. You have a set of lives that doesn\u2019t reset for each level, and the game is over when you run out of lives. In the arcade mode, you play for score and a leaderboard position.</li><li>There are 20 different weapons. You get the initial weapons when the game starts, and you can earn more by playing. The weapons have different characteristics and it\u2019s up to you to figure out which works best for your playing style, and for any particular level. You can acquire new weapons between levels, but you can switch freely between the owned weapons during the gameplay.</li><li>It takes about 30 minutes to play through the tutorial, and each world gets gradually more difficult from then on. An experienced player could probably finish all levels in 6-7 hours if they were really good, but it will likely take quite a bit longer if you take your time to explore the levels and find all the hidden treasures. There\u2019s a lot of replayability since you can replay the early levels using the new ships and weapons you have acquired in the later levels, and you can try your luck in the arcade mode and beat your friends\u2019 high scores.</li><li>Guntech 2 has dozens of achievements and earning all of them requires you to complete all levels and discover (and destroy) every enemy type the game has to offer. Some of the fun achievements call for finishing a level with less than 5% of shield left or maxing out a one of the weapons.</li><li>You can play either with a game controller or with keyboard + mouse. With a game controller, Guntech 2 is a twin-stick shooter where you use the left stick to steer and thrust your ship, and the right stick to control the railgun. Your ship has a total of three different weapons.</li><li>Guntech 2 is the winner of the \u201cRetro-Inspired Game of the Month\u201d award from Video Chums!</li></ul></div></div>             </div>"
}