{
    "link": "https://fitgirl-repacks.site/halo-wars-2-complete-edition/",
    "title": "Halo Wars 2: Complete Edition \u2013 v1.11.2931.2 + All DLCs + Multiplayer",
    "first_img": "https://i4.imageban.ru/out/2022/03/15/83a1f1ec2609c8153949d701c9e43239.jpg",
    "second_img": "https://s01.riotpixels.net/data/06/f5/06f53fb9-a587-494f-8a70-2764d1198296.jpg.240p.jpg",
    "body": "<div ><h2>Halo Wars 2: Complete Edition \u2013 v1.11.2931.2 + All DLCs + Multiplayer</h2><p ><div><a href=\"https://en.riotpixels.com/games/halo-wars-2/\" target=\"_blank\" rel=\"noopener\"><img class=\"alignleft\" src=\"https://i4.imageban.ru/out/2022/03/15/83a1f1ec2609c8153949d701c9e43239.jpg\" width=\"150\"></a></div><br>Genres/Tags: <strong>Strategy, RTS, 3D</strong><br>Companies: <strong>Creative Assembly, 343 Industries, Microsoft Studios</strong><br>Languages: <strong>RUS/ENG/MULTI12</strong><br><strong style=\"color:red\">This game REQUIRES Windows v1909 and above</strong><br>Original Size: <strong>48.6 GB</strong><br>Repack Size: <strong>from 12.2 GB</strong> [Selective Download]</p><p>\u00a0</p><h3>Download Mirrors</h3><ul><li><a href=\"https://1337x.to/torrent/5183779/Halo-Wars-2-Complete-Edition-v1-11-2931-2-All-DLCs-Multiplayer-MULTi12-FitGirl-Repack-Selective-Download-from-12-2-GB/\" target=\"_blank\" rel=\"noopener\">1337x</a> | [<a href=\"magnet:?xt=urn:btih:DB14239B76FD0C21FA507A5F56268777DAE519AB&amp;dn=Halo+Wars+2%3A+Complete+Edition+%28v1.11.2931.2+%2B+All+DLCs+%2B+Multiplayer%2C+MULTi12%29+%5BFitGirl+Repack%2C+Selective+Download+-+from+12.2+GB%5D&amp;tr=udp%3A%2F%2F46.148.18.250%3A2710&amp;tr=udp%3A%2F%2Fopentor.org%3A2710&amp;tr=udp%3A%2F%2Ftracker.coppersurfer.tk%3A6969%2Fannounce&amp;tr=udp%3A%2F%2Ftracker.opentrackr.org%3A1337%2Fannounce&amp;tr=http%3A%2F%2Ftracker.dler.org%3A6969%2Fannounce&amp;tr=udp%3A%2F%2Ftracker.leechers-paradise.org%3A6969%2Fannounce&amp;tr=udp%3A%2F%2F9.rarbg.me%3A2730%2Fannounce&amp;tr=udp%3A%2F%2F9.rarbg.to%3A2770%2Fannounce&amp;tr=udp%3A%2F%2Ftracker.pirateparty.gr%3A6969%2Fannounce&amp;tr=http%3A%2F%2Fretracker.local%2Fannounce&amp;tr=http%3A%2F%2Fretracker.ip.ncnet.ru%2Fannounce&amp;tr=udp%3A%2F%2Fexodus.desync.com%3A6969%2Fannounce&amp;tr=udp%3A%2F%2Fipv4.tracker.harry.lu%3A80%2Fannounce&amp;tr=udp%3A%2F%2Fopen.stealth.si%3A80%2Fannounce&amp;tr=udp%3A%2F%2Ftracker.opentrackr.org%3A1337%2Fannounce&amp;tr=http%3A%2F%2Ftracker.openbittorrent.com%3A80%2Fannounce&amp;tr=udp%3A%2F%2Fopentracker.i2p.rocks%3A6969%2Fannounce&amp;tr=udp%3A%2F%2Ftracker.internetwarriors.net%3A1337%2Fannounce&amp;tr=udp%3A%2F%2Ftracker.leechers-paradise.org%3A6969%2Fannounce&amp;tr=udp%3A%2F%2Fcoppersurfer.tk%3A6969%2Fannounce&amp;tr=udp%3A%2F%2Ftracker.zer0day.to%3A1337%2Fannounce\">magnet</a>] [<a href=\"https://pastefg.hermietkreeft.site/?b1a30d3c0e8fcfc4#3SyamMDHdvvjnu7KZpJnmorsDWtTK51Gvp5V4e7JUuaj\" target=\"_blank\" rel=\"noopener\">.torrent file only</a>] <br><img src=\"https://torrent-stats.info/7a5f/24add4948.png\" style=\"display:block;clear:both\"></li><li><a href=\"http://rutor.info/torrent/866640/halo-wars-2-complete-edition-v-1.11.2931.2-dlcs-2017-pc-repack-ot-fitgirl\" target=\"_blank\" rel=\"noopener\">RuTor</a> [<a href=\"magnet:?xt=urn:btih:db14239b76fd0c21fa507a5f56268777dae519ab&amp;dn=rutor.info_Halo+Wars+2%3A+Complete+Edition+%5Bv+1.11.2931.2+%2B+DLCs%5D+%282017%29+PC+%7C+RePack+%D0%BE%D1%82+FitGirl&amp;tr=udp://opentor.net:6969&amp;tr=udp://opentor.org:2710&amp;tr=http://retracker.local/announce\">magnet</a>]</li><li><a href=\"https://tapochek.net/viewtopic.php?p=2513167\" target=\"_blank\" rel=\"noopener\">Tapochek.net</a></li><li><a href=\"https://pastefg.hermietkreeft.site/?f4edfb8f3e5988e4#7sWtesQ9GqqgaeQ3oqZHqD9T3yyVyYsS8KrQGQSXXNYz\" target=\"_blank\" rel=\"noopener\">Filehoster: MultiUpload</a> (10+ hosters, interchangeable) [Use <a href=\"http://jdownloader.org/jdownloader2\" target=\"_blank\" rel=\"noopener\">JDownloader2</a>]</li><li><a href=\"https://pastefg.hermietkreeft.site/?094bbbe288ff5e9a#D5Eq6jB1uYHfKZpXUM44KvVwss7pWwc5qVb5swXmACmq\" target=\"_blank\" rel=\"noopener\">Filehoster: ZippyShare</a></li><li><a href=\"https://pastefg.hermietkreeft.site/?165985f131892e48#AVJYcvZsrYFkpzUEqR6pBn9ArCbgdACadrsrhYCit2t7\" target=\"_blank\" rel=\"noopener\">Filehoster: BayFiles</a></li><li><a href=\"https://pastefg.hermietkreeft.site/?2c0e6db08c9bb194#DwgMqvWjx9WHXY5w7rwWV24R2MjZ4vnzNzz92t3cadpn\" target=\"_blank\" rel=\"noopener\">Filehoster: OneDrive</a> (Uploaded by DyR0 t(-_-t), NOT compatible with other mirrors)</li><p><!--  <li><a href=\"\" target=\"_blank\" rel=\"noopener\">Filehosters: Google Drive, OneDrive + others</a> (Uploaded by crackhub213)</li>  --></p></ul><p><a href=\"https://cs.rin.ru/forum/viewtopic.php?f=38&amp;t=68544\" target=\"_blank\" rel=\"noopener\">Discussion and (possible) future updates on CS.RIN.RU thread</a></p><h3>Screenshots (Click to enlarge)</h3><p><a href=\"https://en.riotpixels.com/games/halo-wars-2/screenshots/79/?utm_source=emb-gfx-html&amp;utm_medium=image&amp;utm_campaign=rp-mass\" target=\"_blank\" rel=\"noopener\"><img loading=\"lazy\" src=\"https://s01.riotpixels.net/data/06/f5/06f53fb9-a587-494f-8a70-2764d1198296.jpg.240p.jpg\" width=\"178\" height=\"100\" border=\"0\"></a><a href=\"https://en.riotpixels.com/games/halo-wars-2/screenshots/78/?utm_source=emb-gfx-html&amp;utm_medium=image&amp;utm_campaign=rp-mass\" target=\"_blank\" rel=\"noopener\"><img loading=\"lazy\" src=\"https://s01.riotpixels.net/data/b7/25/b725c888-a9b4-4541-a442-025a6b00c5d4.jpg.240p.jpg\" width=\"178\" height=\"100\" border=\"0\"></a><a href=\"https://en.riotpixels.com/games/halo-wars-2/screenshots/77/?utm_source=emb-gfx-html&amp;utm_medium=image&amp;utm_campaign=rp-mass\" target=\"_blank\" rel=\"noopener\"><img loading=\"lazy\" src=\"https://s01.riotpixels.net/data/45/c0/45c0e82e-a295-42f8-b2e4-79b83d9b697d.jpg.240p.jpg\" width=\"178\" height=\"100\" border=\"0\"></a><br><a href=\"https://en.riotpixels.com/games/halo-wars-2/screenshots/76/?utm_source=emb-gfx-html&amp;utm_medium=image&amp;utm_campaign=rp-mass\" target=\"_blank\" rel=\"noopener\"><img loading=\"lazy\" src=\"https://s01.riotpixels.net/data/5f/41/5f412f22-371f-4e61-8387-dac0a31c0be0.jpg.240p.jpg\" width=\"178\" height=\"100\" border=\"0\"></a><a href=\"https://en.riotpixels.com/games/halo-wars-2/screenshots/75/?utm_source=emb-gfx-html&amp;utm_medium=image&amp;utm_campaign=rp-mass\" target=\"_blank\" rel=\"noopener\"><img loading=\"lazy\" src=\"https://s01.riotpixels.net/data/31/2e/312e9a19-d1da-4eeb-8066-407d7b35e59d.jpg.240p.jpg\" width=\"178\" height=\"100\" border=\"0\"></a><a href=\"https://en.riotpixels.com/games/halo-wars-2/screenshots/73/?utm_source=emb-gfx-html&amp;utm_medium=image&amp;utm_campaign=rp-mass\" target=\"_blank\" rel=\"noopener\"><img loading=\"lazy\" src=\"https://s01.riotpixels.net/data/c2/09/c209188a-aa8f-41f1-a2c7-39afcd10c3c3.jpg.240p.jpg\" width=\"178\" height=\"100\" border=\"0\"></a></p><h3>Repack Features</h3><ul><li>Based on UWP release v1.11.2931.2: 48.6 GB, thanks to osb79 for files!</li><li>UWP crack/fixer applied over, thanks to 0xdeadc0de!</li><li>10 DLCs are included and activated</li><li>100% Lossless &amp; MD5 Perfect: all files are identical to originals after installation</li><li>NOTHING ripped, NOTHING re-encoded</li><li>Selective Download feature: you may skip downloading and installing of credits/background videos and voicepacks you don\u2019t need</li><li>Significantly smaller archive size (compressed from 48.6 to 12.2~17.3 GB, depending on selected components)</li><li>Installation takes 10-30 minutes (depending on your system and selected components)</li><li>After-install integrity check so you could make sure that everything installed properly</li><li>HDD space after installation: up to 48.6 GB</li><li>Language is set by the game based on your OS language</li><li>Repack uses XTool library by Razor12911</li><li>At least 2 GB of free RAM (inc. virtual) required for installing this repack</li></ul><div ><div Crack Installation</div><div ><ul><li>Run \u201cHalo Wars 2 (Install Crack)\u201d shortcut as admin first, then press enter when following the given sequence of actions to install the app through CMD: (3 -&gt; 1 -&gt; 4 -&gt; 5)</li><li>After completing the above CMD sequence, run the game from the start menu; use a fake Xbox account to log in and play the game</li><li>If experiencing login issues when launching the game, then install/re-install the follwoing services: Microsoft Store, Xbox, Xbox Gaming Services.</li></ul></div></div><div ><div><h2>Game Description</h2></div><div ><p>It\u2019s the Halo experience you\u2019ve dreamed of \u2013 controlling entire armies of Marines, Warthogs, Scorpion tanks, and Spartans on the battlefield from the Commander\u2019s point of view. Halo Wars 2 is a real-time strategy game playable in native 4K Ultra HD graphics with HDR on the Xbox One X and Windows 10. Halo Wars 2 also supports Xbox Play Anywhere: Buy once, play on both Xbox and Windows 10.</p><p>All-new, Action-packed Story \u2013 The heroes of Halo Wars awake to find themselves \u2013 and the galaxy \u2013 in more danger than ever. Following the events of Halo 5, the all-new story is told in action-packed missions set on the legendary Halo destination known as the Ark. Players will command overwhelming firepower in large-scale battles against a terrifying threat facing the UNSC and all of humanity.</p><p>Build Your Halo Army \u2013 Construct your bases, prepare your vehicles and amass your troops. Lead them into huge battles across campaign skirmish matches against the AI, and with and against friends in up to 3v3 matches on Xbox Live. Learn new strategies as you play as different leaders across Blitz and Multiplayer game modes.</p><p>With Halo Wars 2, you\u2019ll be able to explore and battle in the Halo universe like you never have before.</p><p><b>The Complete Edition:</b><br>Includes Halo Wars 2: Awakening the Nightmare, the new expansion that allows you to play as Atriox\u2019s Banished forces in a fight against the awakened Flood. You\u2019ll get two new Banished leaders as well as the new co-op tower defense mode Terminus Firefight. In Terminus Firefight, play with up to two other players and defend your base against endless waves of enemy forces.</p><p><b>PHOTOSENSITIVITY SEIZURE WARNING:</b> A very small percentage of people may experience a seizure when exposed to certain visual images, including flashing lights or patterns that may appear in video games. </p><p><b>Complete Edition Features:</b></p><ul><li><b>Halo Wars 2:</b> 12 campaign missions playable solo or co-op online, 6 multiplayer leaders across the UNSC and Banished forces, a variety of traditional multiplayer modes, plus Blitz PVP and PVE</li><li><b>Halo Wars 2 \u2013 Season Pass:</b> 7 additional multiplayer leaders and 2 campaign missions</li><li><b>Awakening the Nightmare:</b> 5 campaign missions, 2 new multiplayer leaders, and an all new tower-defense co-op mode \u2013 Terminus Firefight</li></ul><p><b>Included DLCs:</b></p><ul><li>Sergeant John Forge leader</li><li>Morgan Kinsano leader</li><li>Colony leader</li><li>Sergeant Major Avery Johnson leader</li><li>Commander Jerome-092 leader</li><li>Arbiter Ripa \u2018Moramee leader</li><li>Serina leader</li><li>Yapyap the Destroyer leader</li><li>Operation: SPEARBREAKER DLC Campaign</li><li>Awakening the Nightmare DLC Campaign</li></ul></div></div><div ><div Selective Download</div><div ><p>You can skip downloading of useless trailers and voicepacks you don\u2019t need. Here is the list of selective and optional files. You MUST download at least one of speech packs</p><ul><li>fg-optional-videos.bin (Credits videos and animated menu backgrounds)</li><li>fg-selective-english.bin (Required for all languages without their own voicepack; May be required for all other languages as well)</li><li>fg-selective-brazilian.bin</li><li>fg-selective-french.bin</li><li>fg-selective-german.bin</li><li>fg-selective-spanish.bin</li></ul><p>In example, if you want to launch the game with Spanish voiceovers \u2013 skip all \u201cselective/optional\u201d files, but download fg-selective-spanish.bin &amp; all main (01-10) files.</p></div></div><div ><div Backwards Compatibility</div><div ><p>This repack IS HEAVILY backwards compatible with my previous HW2 repack. You can rehash the following files to save up to 11.4 Gb of traffic.</p><ul><li>fg-03.bin</li><li>fg-04.bin</li><li>fg-05.bin</li><li>fg-06.bin</li><li>fg-optional-videos.bin</li><li>fg-selective-brazilian.bin</li><li>fg-selective-english.bin</li><li>fg-selective-french.bin</li><li>fg-selective-german.bin</li><li>fg-selective-spanish.bin</li></ul></div></div>             </div>"
}