{
    "link": "https://fitgirl-repacks.site/hammerting/",
    "title": "Hammerting \u2013 v1.0.12.0 + Multiplayer",
    "first_img": "https://i7.imageban.ru/out/2021/11/22/3628f6d3162c3431bfd525a7054a0dcc.jpg",
    "second_img": "https://s01.riotpixels.net/data/b4/f7/b4f73c30-3d52-4ef1-a243-23d5d618fafb.jpg.240p.jpg",
    "body": "<div ><h2>Hammerting \u2013 v1.0.12.0 + Multiplayer</h2><p ><div><a target=\"_blank\" href=\"https://en.riotpixels.com/games/hammerting/\" rel=\"noopener\"><img class=\"alignleft\" width=\"150\" src=\"https://i7.imageban.ru/out/2021/11/22/3628f6d3162c3431bfd525a7054a0dcc.jpg\"></a></div><br>Genres/Tags: <strong>Managerial, Side, Pausable real-time, 3D</strong><br>Companies: <strong>Warpzone Studios</strong><br>Languages: <strong>RUS/ENG/MULTI10</strong><br>Original Size: <strong>1.7 GB</strong><br>Repack Size: <strong>929 MB</strong></p>&nbsp;<div>&nbsp;</div><h3>Download Mirrors</h3><ul><li><a href=\"https://1337x.to/torrent/5060106/Hammerting-v1-0-12-0-Multiplayer-MULTi10-FitGirl-Repack/\" target=\"_blank\" rel=\"noopener\">1337x</a> | [<a href=\"magnet:?xt=urn:btih:F60506906EE666B48E698C7F583A633B4089166B&amp;dn=Hammerting+%28v1.0.12.0+%2B+Multiplayer%2C+MULTi10%29+%5BFitGirl+Repack%5D&amp;tr=udp%3A%2F%2F46.148.18.250%3A2710&amp;tr=udp%3A%2F%2Fopentor.org%3A2710&amp;tr=udp%3A%2F%2Ftracker.coppersurfer.tk%3A6969%2Fannounce&amp;tr=udp%3A%2F%2Ftracker.opentrackr.org%3A1337%2Fannounce&amp;tr=http%3A%2F%2Ftracker.dler.org%3A6969%2Fannounce&amp;tr=udp%3A%2F%2Ftracker.leechers-paradise.org%3A6969%2Fannounce&amp;tr=udp%3A%2F%2F9.rarbg.me%3A2730%2Fannounce&amp;tr=udp%3A%2F%2F9.rarbg.to%3A2770%2Fannounce&amp;tr=udp%3A%2F%2Ftracker.pirateparty.gr%3A6969%2Fannounce&amp;tr=http%3A%2F%2Fretracker.local%2Fannounce&amp;tr=http%3A%2F%2Fretracker.ip.ncnet.ru%2Fannounce&amp;tr=udp%3A%2F%2Fexodus.desync.com%3A6969%2Fannounce&amp;tr=udp%3A%2F%2Fipv4.tracker.harry.lu%3A80%2Fannounce&amp;tr=udp%3A%2F%2Fopen.stealth.si%3A80%2Fannounce&amp;tr=udp%3A%2F%2Ftracker.zer0day.to%3A1337%2Fannounce&amp;tr=udp%3A%2F%2Ftracker.leechers-paradise.org%3A6969%2Fannounce&amp;tr=udp%3A%2F%2Fcoppersurfer.tk%3A6969%2Fannounce\">magnet</a>] [<a href=\"https://pastefg.hermietkreeft.site/?75f99d91984b6d52#8GB9e9Z23DcJqaRuwLNoY1DheRZotvA3K2ibPpr4Hewn\" target=\"_blank\" rel=\"noopener\">.torrent file only</a>] <br><img src=\"https://torrent-stats.info/8c7f/28fe319e6.png\" style=\"display:block;clear:both\"></li><li><a href=\"http://rutor.info/torrent/846961/hammerting-v-1.0.12.0-multiplayer-2021-pc-repack-ot-fitgirl\" target=\"_blank\" rel=\"noopener\">RuTor</a> [<a href=\"magnet:?xt=urn:btih:f60506906ee666b48e698c7f583a633b4089166b&amp;dn=rutor.info_Hammerting+%5Bv+1.0.12.0+%2B+Multiplayer%5D+%282021%29+PC+%7C+RePack+%D0%BE%D1%82+FitGirl&amp;tr=udp://opentor.net:6969&amp;tr=udp://opentor.org:2710&amp;tr=http://retracker.local/announce\">magnet</a>]</li><li><a href=\"https://tapochek.net/viewtopic.php?p=2813941\" target=\"_blank\" rel=\"noopener\">Tapochek.net</a></li><li><a href=\"https://pastefg.hermietkreeft.site/?eb9ea8536397817b#ANnh2s5s6R9DNmKo7amq3ZRMtApWG2HxvKLSd1FsrTMo\" target=\"_blank\" rel=\"noopener\">Filehoster: MultiUpload</a> (10+ hosters, interchangeable) [Use <a href=\"http://jdownloader.org/jdownloader2\" target=\"_blank\" rel=\"noopener\">JDownloader2</a>]</li><li><a href=\"https://pastefg.hermietkreeft.site/?ab9666f24d5c4a25#HqQxM4hWSqbYVrtnjUSaBgMHLsyFPqiTLgm7h4NMXNFt\" target=\"_blank\" rel=\"noopener\">Filehoster: ZippyShare</a></li><li><a href=\"https://pastefg.hermietkreeft.site/?8098cb8264e84209#Mrbw4bCufRYVLPqk5JfWbSXzY7BXL7pSE4B87sm3h6F\" target=\"_blank\" rel=\"noopener\">Filehoster: BayFiles</a></li><li><a href=\"https://pastefg.hermietkreeft.site/?e0a55ac2ccd21eee#DxDJpwjNZQpbE9Q2RyCS4Zcb16quimeoeUEAKd5krpow\" target=\"_blank\" rel=\"noopener\">Filehoster: LetsUpload</a> [Use <a href=\"http://jdownloader.org/jdownloader2\" target=\"_blank\" rel=\"noopener\">JDownloader2</a>]</li><li><a href=\"https://pastefg.hermietkreeft.site/?5f0b24ca0170ac55#3u35vZVpWneWP7VNr2jc2zp8rDFgQgrXaG6cS6PpUzE1\" target=\"_blank\" rel=\"noopener\">Filehoster: OneDrive</a> (Uploaded by DyR0 t(-_-t), NOT compatible with other mirrors)</li><p><!--  <li><a href=\"\" target=\"_blank\" rel=\"noopener\">Filehosters: Google Drive, OneDrive + others</a> (Uploaded by crackhub213)</li>  --></p></ul><p><a href=\"https://cs.rin.ru/forum/viewtopic.php?f=10&amp;t=97794\" target=\"_blank\" rel=\"noopener\">Discussion and (possible) future updates on CS.RIN.RU thread</a></p><h3>Screenshots (Click to enlarge)</h3><p><a target=\"_blank\" href=\"https://en.riotpixels.com/games/hammerting/screenshots/26/?utm_source=emb-gfx-html&amp;utm_medium=image&amp;utm_campaign=rp-mass\" rel=\"noopener\"><img loading=\"lazy\" width=\"178\" height=\"100\" border=\"0\" src=\"https://s01.riotpixels.net/data/b4/f7/b4f73c30-3d52-4ef1-a243-23d5d618fafb.jpg.240p.jpg\"></a><a target=\"_blank\" href=\"https://en.riotpixels.com/games/hammerting/screenshots/21/?utm_source=emb-gfx-html&amp;utm_medium=image&amp;utm_campaign=rp-mass\" rel=\"noopener\"><img loading=\"lazy\" width=\"178\" height=\"100\" border=\"0\" src=\"https://s01.riotpixels.net/data/55/fc/55fcb65e-86a5-43f5-9c9e-077cecadec2c.jpg.240p.jpg\"></a><a target=\"_blank\" href=\"https://en.riotpixels.com/games/hammerting/screenshots/19/?utm_source=emb-gfx-html&amp;utm_medium=image&amp;utm_campaign=rp-mass\" rel=\"noopener\"><img loading=\"lazy\" width=\"178\" height=\"100\" border=\"0\" src=\"https://s01.riotpixels.net/data/15/0d/150df1f5-e22f-4d5d-bb9b-a6f93fc2f069.jpg.240p.jpg\"></a><br><a target=\"_blank\" href=\"https://en.riotpixels.com/games/hammerting/screenshots/8/?utm_source=emb-gfx-html&amp;utm_medium=image&amp;utm_campaign=rp-mass\" rel=\"noopener\"><img loading=\"lazy\" width=\"178\" height=\"100\" border=\"0\" src=\"https://s01.riotpixels.net/data/c4/c2/c4c27a09-3d52-40c2-84e4-1f1ef2dc2a67.jpg.240p.jpg\"></a><a target=\"_blank\" href=\"https://en.riotpixels.com/games/hammerting/screenshots/7/?utm_source=emb-gfx-html&amp;utm_medium=image&amp;utm_campaign=rp-mass\" rel=\"noopener\"><img loading=\"lazy\" width=\"178\" height=\"100\" border=\"0\" src=\"https://s01.riotpixels.net/data/79/c9/79c90a02-cadc-4ccd-9c68-a44d9e2e0d0a.jpg.240p.jpg\"></a><a target=\"_blank\" href=\"https://en.riotpixels.com/games/hammerting/screenshots/6/?utm_source=emb-gfx-html&amp;utm_medium=image&amp;utm_campaign=rp-mass\" rel=\"noopener\"><img loading=\"lazy\" width=\"178\" height=\"100\" border=\"0\" src=\"https://s01.riotpixels.net/data/22/9d/229d104d-ae46-4c6f-a80f-86829a7f7ad5.jpg.240p.jpg\"></a></p><h3>Repack Features</h3><ul><li>Based on Hammerting-PLAZA ISO release: plaza-hammerting.iso (1,870,856,192 bytes)</li><li>Optional online crack is available in NoDVD folder after installation, thanks to 0xdeadc0de &amp; kevinpanini!</li><li>100% Lossless &amp; MD5 Perfect: all files are identical to originals after installation</li><li>NOTHING ripped, NOTHING re-encoded</li><li>Significantly smaller archive size (compressed from 1.7 GB to 929 MB)</li><li>Installation takes 1-2 minutes</li><li>After-install integrity check so you could make sure that everything installed properly</li><li>HDD space after installation: 5.4 GB</li><li>Language can be changed in game settings</li><li>At least 2 GB of free RAM (inc. virtual) required for installing this repack</li></ul><div ><div><h2>Game Description</h2></div><div ><b>Hammerting is a vertical dwarven mining colony sim with RPG elements.</b><p>Manage a clan of colourful Dwarves, establish an epic mining operation, craft legendary swords and delve deep for greater glory, riches\u2026 and danger.</p><p>With conflict raging on the surface, the Dwarves pledge to delve deep and as master craftspeople, will produce and supply what is needed to support their allies. From humble beginnings, you start with a handful of Dwarves who need to set up their operations quickly. However, as you progress, your small clan will expand and become known throughout the Overworld for their skill and premium craftsmanship.</p><p><b>Crafting for Victory</b><br>Allies on the surface will have all manner of requests. Dwarves may find themselves asked to craft a plethora of silver swords against an oncoming vampire army, or alternatively, for an elf princess\u2019 coronation, they\u2019ll be tasked with creating nothing less than a Legendary Diamond-Encrusted Gold Crown of Divine Ruling +3.</p><p>With the Overworld in need, every successful delivery takes you one step closer to triumph. As your Dwarves grow in skill and your base expands, build conveyor belts and elevators to free them of manual labour.</p><p><b>Colorful Personalities</b><br>Does \u00c5gl\u00f6f\u2019s fancy ancestry clash with Vargskreva\u2019s humble upbringing? Is your explorer afraid of the dark? Has your master crafter reached their Ballmer Peak? Aim for success and exploit the strengths of your Dwarves, as well as their weaknesses. Each Dwarf is richly and uniquely defined through its stats, Dwarven ancestry, traits, abilities, equipment, move-set and much more, as they are shaped by events occurring in their lives.</p><p><b>Skilled Craftspeople</b><br>Anyone can craft an Iron Sword, but only Dwarves can haggle a Crystal Cave Dragon to sell her fiery Plasma Breath, pump it up to an Andthril Forge of Doom and use it to craft the\u2026 Iron Sword +2.</p><p>With every strike of the hammer on an anvil, a skilled Dwarf has a better chance of achieving a critical result, giving you better and improved gear.</p><p><b>Living Cave</b><br>It is as they say \u2013 \u201cFortune favours the bold\u201d, and only in the deepest depths will you find the most powerful materials, the warmest magma, the rarest treasures, but also the most dangerous conditions.</p><p>Figuring out the fastest and safest route down \u2013 and up again \u2013 is a chief concern, but you\u2019ll have plenty of unique Dwarven mechanisms to help you to do so.</p><p>Hammerting features liquid and physics mechanics for pumping sizzling lava to your hearths, brewing hoppy beer, tossing burning torches down shafts to light up the unknown and more!</p><p><b>Modding</b><br>Want to bring your own spin to Hammerting? We\u2019re building this game with modding in mind! A bundled SDK will allow you to build pre-packaged mods, adding anything from new names, to plugging in full-blown systems in native C/C++. Documentation, additional hooks, and general support for this is something we plan for post-launch updates.</p></div></div>             </div>"
}