{
    "link": "https://fitgirl-repacks.site/happy-game/",
    "title": "Happy Game",
    "first_img": "https://i2.imageban.ru/out/2021/10/28/382694fe10f7ef2d80423ac9874be631.jpg",
    "second_img": "https://s01.riotpixels.net/data/ab/7d/ab7d6fd9-3447-4ba5-92bf-34dbb2cf77bf.jpg.240p.jpg",
    "body": "<div ><h2>Happy Game</h2><p ><div><a target=\"_blank\" href=\"https://en.riotpixels.com/games/happy-game/\" rel=\"noopener\"><img class=\"alignleft\" width=\"150\" src=\"https://i2.imageban.ru/out/2021/10/28/382694fe10f7ef2d80423ac9874be631.jpg\"></a></div><br>Genres/Tags: <strong>Adventure, Point-and-click, Side, Horror, 2D</strong><br>Company: <strong>Amanita Design</strong><br>Languages: <strong>Amanitish</strong><br>Original Size: <strong>787 MB</strong><br>Repack Size: <strong>622 MB</strong></p>&nbsp;<div>&nbsp;</div><h3>Download Mirrors</h3><ul><li><a href=\"https://1337x.to/torrent/5033239/Happy-Game-FitGirl-Repack/\" target=\"_blank\" rel=\"noopener\">1337x</a> | [<a href=\"magnet:?xt=urn:btih:62FBBE974895D841DFD260B19BF0C0BF768FF36A&amp;dn=Happy+Game+%5BFitGirl+Repack%5D&amp;tr=udp%3A%2F%2F46.148.18.250%3A2710&amp;tr=udp%3A%2F%2Fopentor.org%3A2710&amp;tr=udp%3A%2F%2Ftracker.coppersurfer.tk%3A6969%2Fannounce&amp;tr=udp%3A%2F%2Ftracker.opentrackr.org%3A1337%2Fannounce&amp;tr=http%3A%2F%2Ftracker.dler.org%3A6969%2Fannounce&amp;tr=udp%3A%2F%2Ftracker.leechers-paradise.org%3A6969%2Fannounce&amp;tr=udp%3A%2F%2F9.rarbg.me%3A2730%2Fannounce&amp;tr=udp%3A%2F%2F9.rarbg.to%3A2770%2Fannounce&amp;tr=udp%3A%2F%2Ftracker.pirateparty.gr%3A6969%2Fannounce&amp;tr=http%3A%2F%2Fretracker.local%2Fannounce&amp;tr=http%3A%2F%2Fretracker.ip.ncnet.ru%2Fannounce&amp;tr=udp%3A%2F%2Fexodus.desync.com%3A6969%2Fannounce&amp;tr=udp%3A%2F%2Fipv4.tracker.harry.lu%3A80%2Fannounce&amp;tr=udp%3A%2F%2Fopen.stealth.si%3A80%2Fannounce&amp;tr=udp%3A%2F%2Ftracker.zer0day.to%3A1337%2Fannounce&amp;tr=udp%3A%2F%2Ftracker.leechers-paradise.org%3A6969%2Fannounce&amp;tr=udp%3A%2F%2Fcoppersurfer.tk%3A6969%2Fannounce\">magnet</a>] [<a href=\"https://pastefg.hermietkreeft.site/?7494d4585cd53fb8#DQpShDWQBtuGBDUVhDzNaLtAbbQzTDr7bqcAj78nXCjV\" target=\"_blank\" rel=\"noopener\">.torrent file only</a>] <br><img src=\"https://torrent-stats.info/60b1/1c00078d1.png\" style=\"display:block;clear:both\"></li><li><a href=\"http://rutor.info/torrent/842120/happy-game-2021-pc-repack-ot-fitgirl\" target=\"_blank\" rel=\"noopener\">RuTor</a> [<a href=\"magnet:?xt=urn:btih:62fbbe974895d841dfd260b19bf0c0bf768ff36a&amp;dn=rutor.info_Happy+Game+%282021%29+PC+%7C+RePack+%D0%BE%D1%82+FitGirl&amp;tr=udp://opentor.net:6969&amp;tr=udp://opentor.org:2710&amp;tr=http://retracker.local/announce\">magnet</a>]</li><li><a href=\"https://tapochek.net/viewtopic.php?p=2808477\" target=\"_blank\" rel=\"noopener\">Tapochek.net</a></li><li><a href=\"https://pastefg.hermietkreeft.site/?831ca84059445b0d#4dzTcQ3ds5c26tanDeLALzdx1VAZSvTeht4C73DX8FWw\" target=\"_blank\" rel=\"noopener\">Filehoster: MultiUpload</a> (10+ hosters, interchangeable) [Use <a href=\"http://jdownloader.org/jdownloader2\" target=\"_blank\" rel=\"noopener\">JDownloader2</a>]</li><li><a href=\"https://pastefg.hermietkreeft.site/?36b952c4829bca9c#QLkNuf5JaJAvDmmToX9Kv6EHttg9yH56QvoZUtLeWjZ\" target=\"_blank\" rel=\"noopener\">Filehoster: PixelDrain</a></li><li><a href=\"https://pastefg.hermietkreeft.site/?c2f1333f472d1662#4zrf4GfoKF3cZF24xj7Tim54S9TqrsvpLcfHQiho7VEV\" target=\"_blank\" rel=\"noopener\">Filehoster: ZippyShare</a></li><li><a href=\"https://pastefg.hermietkreeft.site/?067025d521717f78#2FwgYSQBt7RNpmVKopZxDT4Z7mnqsQw8yFRw35kU5VbV\" target=\"_blank\" rel=\"noopener\">Filehoster: BayFiles</a></li><li><a href=\"https://pastefg.hermietkreeft.site/?747c3781f68fda45#ZWNzZjR6FVSSCTuwkNKgAcdEUAtSpNsTk4a4iWfs346\" target=\"_blank\" rel=\"noopener\">Filehoster: LetsUpload</a> [Use <a href=\"http://jdownloader.org/jdownloader2\" target=\"_blank\" rel=\"noopener\">JDownloader2</a>]</li><li><a href=\"https://pastefg.hermietkreeft.site/?89283acd5030cffa#AoydgCNMhrEdAWPmjjN1bpvELiUZ7HdXHbvLqs7Hfvox\" target=\"_blank\" rel=\"noopener\">Filehoster: OneDrive</a> (Uploaded by DyR0 t(-_-t), NOT compatible with other mirrors)</li><p><!--  <li><a href=\"\" target=\"_blank\" rel=\"noopener\">Filehosters: Google Drive, OneDrive + others</a> (Uploaded by crackhub213)</li>  --></p></ul><p><a href=\"https://cs.rin.ru/forum/viewtopic.php?f=10&amp;t=110763\" target=\"_blank\" rel=\"noopener\">Discussion and (possible) future updates on CS.RIN.RU thread</a></p><h3>Screenshots (Click to enlarge)</h3><p><a target=\"_blank\" href=\"https://en.riotpixels.com/games/happy-game/screenshots/6/?utm_source=emb-gfx-html&amp;utm_medium=image&amp;utm_campaign=rp-mass\" rel=\"noopener\"><img loading=\"lazy\" width=\"178\" height=\"100\" border=\"0\" src=\"https://s01.riotpixels.net/data/ab/7d/ab7d6fd9-3447-4ba5-92bf-34dbb2cf77bf.jpg.240p.jpg\"></a><a target=\"_blank\" href=\"https://en.riotpixels.com/games/happy-game/screenshots/5/?utm_source=emb-gfx-html&amp;utm_medium=image&amp;utm_campaign=rp-mass\" rel=\"noopener\"><img loading=\"lazy\" width=\"174\" height=\"100\" border=\"0\" src=\"https://s01.riotpixels.net/data/3e/ce/3ece6773-0522-4bd1-af3b-a4c68cffcab2.jpg.240p.jpg\"></a><a target=\"_blank\" href=\"https://en.riotpixels.com/games/happy-game/screenshots/4/?utm_source=emb-gfx-html&amp;utm_medium=image&amp;utm_campaign=rp-mass\" rel=\"noopener\"><img loading=\"lazy\" width=\"178\" height=\"100\" border=\"0\" src=\"https://s01.riotpixels.net/data/d4/66/d466c330-9a97-4775-a3ac-fb80136308f3.jpg.240p.jpg\"></a><br><a target=\"_blank\" href=\"https://en.riotpixels.com/games/happy-game/screenshots/3/?utm_source=emb-gfx-html&amp;utm_medium=image&amp;utm_campaign=rp-mass\" rel=\"noopener\"><img loading=\"lazy\" width=\"178\" height=\"100\" border=\"0\" src=\"https://s01.riotpixels.net/data/de/d7/ded7daad-dd2e-442f-897e-786d7db10030.jpg.240p.jpg\"></a><a target=\"_blank\" href=\"https://en.riotpixels.com/games/happy-game/screenshots/2/?utm_source=emb-gfx-html&amp;utm_medium=image&amp;utm_campaign=rp-mass\" rel=\"noopener\"><img loading=\"lazy\" width=\"178\" height=\"100\" border=\"0\" src=\"https://s01.riotpixels.net/data/b4/ab/b4ab18db-3f7a-4fc9-b174-cd134c312ba5.jpg.240p.jpg\"></a><a target=\"_blank\" href=\"https://en.riotpixels.com/games/happy-game/screenshots/1/?utm_source=emb-gfx-html&amp;utm_medium=image&amp;utm_campaign=rp-mass\" rel=\"noopener\"><img loading=\"lazy\" width=\"178\" height=\"100\" border=\"0\" src=\"https://s01.riotpixels.net/data/ba/b3/bab357ce-0834-497f-9e7c-981d07621509.jpg.240p.jpg\"></a></p><h3>Repack Features</h3><ul><li>Based on Happy.Game-TiNYiSO ISO release: tn-happygame.iso (825,143,296 bytes)</li><li>100% Lossless &amp; MD5 Perfect: all files are identical to originals after installation</li><li>NOTHING ripped, NOTHING re-encoded</li><li>Slightly smaller archive size (compressed from 787 to 622 MB)</li><li>Installation takes two minutes</li><li>After-install integrity check so you could make sure that everything installed properly</li><li>HDD space after installation: 1.2 GB</li><li>Language can be changed in your mind</li><li>At least 2 GB of free RAM (inc. virtual) required for installing this repack</li></ul><div ><div><h2>Game Description</h2></div><div >A little boy falls asleep to a horrible nightmare. Can you make him happy again?<p><b><h3>Game Features</h3></b></p><ul><li>Brand new psychedelic horror adventure from the creators of Botanicula and CHUCHEL</li><li>Endure and escape three unforgettable nightmares</li><li>Solve deeply disturbing puzzles in (not so) charming environments</li><li>Deal with suspicious smiley faces and pink bunnies</li><li>Creepy songs and screeches from the Czech freakfolk band DVA</li></ul></div></div>             </div>"
}