{
    "link": "https://fitgirl-repacks.site/harvest-moon-one-world/",
    "title": "Harvest Moon: One World + 4 DLCs",
    "first_img": "https://i2.imageban.ru/out/2021/09/08/b97526c45efc243d9d524e7107d906d1.jpg",
    "second_img": "https://s01.riotpixels.net/data/65/c0/65c06ebc-a1f3-41a1-9727-e7c31dd0a7a8.jpg.240p.jpg",
    "body": "<div ><h2>Harvest Moon: One World + 4 DLCs</h2><p ><div><a target=\"_blank\" href=\"https://en.riotpixels.com/games/harvest-moon-one-world/\" rel=\"noopener\"><img class=\"alignleft\" width=\"150\" src=\"https://i2.imageban.ru/out/2021/09/08/b97526c45efc243d9d524e7107d906d1.jpg\"></a></div><br>Genres/Tags: <strong>Lifestyle, Managerial, RPG, Isometric, Japanese, 3D</strong><br>Companies: <strong>Natsume Inc., Appci</strong><br>Languages: <strong>ENG/MULTI6</strong><br>Original Size: <strong>805 MB</strong><br>Repack Size: <strong>196 MB</strong></p>&nbsp;<div>&nbsp;</div><h3>Download Mirrors</h3><ul><li><a href=\"https://1337x.to/torrent/4977037/Harvest-Moon-One-World-4-DLCs-MULTi6-FitGirl-Repack/\" target=\"_blank\" rel=\"noopener\">1337x</a> | [<a href=\"magnet:?xt=urn:btih:3F8DB889CA2CFB2F0E7BD03F2898596119C929F7&amp;dn=Harvest+Moon%3A+One+World+%28%2B+4+DLCs%2C+MULTi6%29+%5BFitGirl+Repack%5D&amp;tr=udp%3A%2F%2F46.148.18.250%3A2710&amp;tr=udp%3A%2F%2Fopentor.org%3A2710&amp;tr=udp%3A%2F%2Ftracker.coppersurfer.tk%3A6969%2Fannounce&amp;tr=udp%3A%2F%2Ftracker.opentrackr.org%3A1337%2Fannounce&amp;tr=http%3A%2F%2Ftracker.dler.org%3A6969%2Fannounce&amp;tr=udp%3A%2F%2Ftracker.leechers-paradise.org%3A6969%2Fannounce&amp;tr=udp%3A%2F%2F9.rarbg.me%3A2730%2Fannounce&amp;tr=udp%3A%2F%2F9.rarbg.to%3A2770%2Fannounce&amp;tr=udp%3A%2F%2Ftracker.pirateparty.gr%3A6969%2Fannounce&amp;tr=http%3A%2F%2Fretracker.local%2Fannounce&amp;tr=http%3A%2F%2Fretracker.ip.ncnet.ru%2Fannounce&amp;tr=udp%3A%2F%2Fexodus.desync.com%3A6969%2Fannounce&amp;tr=udp%3A%2F%2Fipv4.tracker.harry.lu%3A80%2Fannounce&amp;tr=udp%3A%2F%2Fopen.stealth.si%3A80%2Fannounce&amp;tr=udp%3A%2F%2Ftracker.zer0day.to%3A1337%2Fannounce&amp;tr=udp%3A%2F%2Ftracker.leechers-paradise.org%3A6969%2Fannounce&amp;tr=udp%3A%2F%2Fcoppersurfer.tk%3A6969%2Fannounce\">magnet</a>] [<a href=\"https://pastefg.hermietkreeft.site/?c229910ea1cdc628#BLeegSWZ62yaJQ2R1WUZwiENwNAbieXnCa7cp6aYWSg1\" target=\"_blank\" rel=\"noopener\">.torrent file only</a>] <br><img src=\"https://torrent-stats.info/d03f/3b7d9f5e0.png\" style=\"display:block;clear:both\"></li><li><a href=\"https://tapochek.net/viewtopic.php?p=2799085\" target=\"_blank\" rel=\"noopener\">Tapochek.net</a></li><li><a href=\"https://pastefg.hermietkreeft.site/?09321737dbf82f97#GWXeZbN6VVFMdBLdUbknmxKvX4izxY6hnwGhRTZPs3CW\" target=\"_blank\" rel=\"noopener\">Filehoster: MultiUpload</a> (10+ hosters, interchangeable) [Use <a href=\"http://jdownloader.org/jdownloader2\" target=\"_blank\" rel=\"noopener\">JDownloader2</a>]</li><li><a href=\"https://pastefg.hermietkreeft.site/?b846ca41c7d9401d#H7KLiNX4y7fFc2Z8b1BcLkNfTADTJwD1zWBRgNEoqoL9\" target=\"_blank\" rel=\"noopener\">Filehoster: PixelDrain</a></li><li><a href=\"https://pastefg.hermietkreeft.site/?48361ccac4c0260a#E5APgV2C3xovtyA4QPPcpxaC4E48t5CtmGvtwcsQFxAq\" target=\"_blank\" rel=\"noopener\">Filehoster: ZippyShare</a></li><li><a href=\"https://pastefg.hermietkreeft.site/?a97745d091df1bad#8JsaQqTcFcpQ2eQ9svG6G9wPSgU7TbZD7NsQdrbH2Xn9\" target=\"_blank\" rel=\"noopener\">Filehoster: LetsUpload</a> [Use <a href=\"http://jdownloader.org/jdownloader2\" target=\"_blank\" rel=\"noopener\">JDownloader2</a>]</li><li><a href=\"https://crackhub.site/harvest-moon-one-world-4-dlcs-fitgirl-repack/\" target=\"_blank\" rel=\"noopener\">Filehosters: Google Drive, OneDrive + others</a> (Uploaded by crackhub213)</li><li><a href=\"https://pastefg.hermietkreeft.site/?0da482fe8eb48d0f#8BCMsPJHmgRHd1iKwvP8rmUG7AJR6LL3fqTTUdhNiRjs\" target=\"_blank\" rel=\"noopener\">Filehoster: OneDrive</a> (Uploaded by DyR0 t(-_-t), NOT compatible with other mirrors)</li></ul><p><a href=\"https://cs.rin.ru/forum/viewtopic.php?f=10&amp;t=115665\" target=\"_blank\" rel=\"noopener\">Discussion and (possible) future updates on CS.RIN.RU thread</a></p><h3>Screenshots (Click to enlarge)</h3><p><a target=\"_blank\" href=\"https://en.riotpixels.com/games/harvest-moon-one-world/screenshots/9/?utm_source=emb-gfx-html&amp;utm_medium=image&amp;utm_campaign=rp-mass\" rel=\"noopener\"><img loading=\"lazy\" width=\"178\" height=\"100\" border=\"0\" src=\"https://s01.riotpixels.net/data/65/c0/65c06ebc-a1f3-41a1-9727-e7c31dd0a7a8.jpg.240p.jpg\"></a><a target=\"_blank\" href=\"https://en.riotpixels.com/games/harvest-moon-one-world/screenshots/7/?utm_source=emb-gfx-html&amp;utm_medium=image&amp;utm_campaign=rp-mass\" rel=\"noopener\"><img loading=\"lazy\" width=\"178\" height=\"100\" border=\"0\" src=\"https://s01.riotpixels.net/data/19/f7/19f7a5d6-64d0-49b8-b0cf-2e5b3b3b8f19.jpg.240p.jpg\"></a><a target=\"_blank\" href=\"https://en.riotpixels.com/games/harvest-moon-one-world/screenshots/6/?utm_source=emb-gfx-html&amp;utm_medium=image&amp;utm_campaign=rp-mass\" rel=\"noopener\"><img loading=\"lazy\" width=\"178\" height=\"100\" border=\"0\" src=\"https://s01.riotpixels.net/data/f2/1a/f21a45d9-6e78-48c5-9f5d-e7155bdb6d49.jpg.240p.jpg\"></a><br><a target=\"_blank\" href=\"https://en.riotpixels.com/games/harvest-moon-one-world/screenshots/4/?utm_source=emb-gfx-html&amp;utm_medium=image&amp;utm_campaign=rp-mass\" rel=\"noopener\"><img loading=\"lazy\" width=\"178\" height=\"100\" border=\"0\" src=\"https://s01.riotpixels.net/data/45/fe/45fee2e6-2798-443a-8bef-24a954636d71.jpg.240p.jpg\"></a><a target=\"_blank\" href=\"https://en.riotpixels.com/games/harvest-moon-one-world/screenshots/3/?utm_source=emb-gfx-html&amp;utm_medium=image&amp;utm_campaign=rp-mass\" rel=\"noopener\"><img loading=\"lazy\" width=\"178\" height=\"100\" border=\"0\" src=\"https://s01.riotpixels.net/data/2f/28/2f289f7b-9f5b-433b-8eaf-9dd7ee2ccc3a.jpg.240p.jpg\"></a><a target=\"_blank\" href=\"https://en.riotpixels.com/games/harvest-moon-one-world/screenshots/2/?utm_source=emb-gfx-html&amp;utm_medium=image&amp;utm_campaign=rp-mass\" rel=\"noopener\"><img loading=\"lazy\" width=\"178\" height=\"100\" border=\"0\" src=\"https://s01.riotpixels.net/data/e2/84/e284f26e-b1be-41a1-8ca2-c3e4810ff0fc.jpg.240p.jpg\"></a></p><h3>Repack Features</h3><ul><li>Based on Harvest.Moon.One.World-DARKSiDERS ISO release: ds-harvestmoononeworld.iso (843,589,632 bytes)</li><li>4 DLCs are included and activated</li><li>100% Lossless &amp; MD5 Perfect: all files are identical to originals after installation</li><li>NOTHING ripped, NOTHING re-encoded</li><li>Significantly smaller archive size (compressed from 805 to 196 MB)</li><li>Installation takes 2-5 minutes (depending on your system)</li><li>After-install integrity check so you could make sure that everything installed properly</li><li>HDD space after installation: 920 MB (2.6 GB during installation)</li><li>Language can be changed be editing \u201cHarvest Moon One World_Data\\Plugins\\x86_64\\ds.ini\u201d</li><li>At least 2 GB of free RAM (inc. virtual) required for installing this repack</li></ul><div ><div><h2>Game Description</h2></div><div >Trek across beaches, the desert, and even a volcano in the latest entry into the long-running Harvest Moon series! The Harvest Goddess has gone missing, and it\u2019s up to you to help bring her back! Along the way, you\u2019ll come across cows, sheep, camels, and even reindeer! Dig in, because in this game, the world is literally your oyster!<p>Before the Harvest Goddess disappeared from this world, she imbued the tiny Harvest Wisps with the knowledge of various seeds, thus ensuring the various fruits and vegetables of the world would not be lost. Using the power given to these Harvest Wisps, you\u2019ll unlock various seeds as you progress through the game! But the Harvest Wisps can be tricky to find, as they all appear at different times and places. You\u2019ll need to use your noggin to make sure to seek as many as you can of them out!</p><p><b><h3>Game Features</h3></b></p><ul><li>Set off on an adventure around the world to revive the Harvest Goddess!</li><li>Explore 5 unique and colorful areas: the sprawling grasslands of Calisson, the gorgeous beaches of Halo Halo, the searing desert heat of Pastilla, the cozy hills of Lebkuchen, and the snowy mountains of Salmiakki!</li><li>Play as a boy or a girl and woo one of 5 bachelors and 5 bachelorettes, each with their own unique personality and backstory!</li><li>Raise and keep animals such as cows, sheep, goats, and even reindeer!</li><li>Use your Expando-Farm to easily travel from one area to another!</li></ul><p><b>Included DLCs:</b></p><ul><li>Interior Design &amp; Tool Upgrade Pack</li><li>Far East Adventure Pack</li><li>Precious Pets Pack</li><li>Mythical Wild Animals Pack</li></ul></div></div>             </div>"
}