{
    "link": "https://fitgirl-repacks.site/haunt-chaser/",
    "title": "Haunt Chaser \u2013 v1.4.0 (Explore Mode Update)",
    "first_img": "https://i3.imageban.ru/out/2021/10/07/b800bef2ece58b169f88ec99e010c302.jpg",
    "second_img": "https://s01.riotpixels.net/data/97/d2/97d2abdd-643d-4cbf-bad1-e2ebae138472.jpg.240p.jpg",
    "body": "<div ><h2>Haunt Chaser \u2013 v1.4.0 (Explore Mode Update)</h2><p ><div><a target=\"_blank\" href=\"https://en.riotpixels.com/games/haunt-chaser/\" rel=\"noopener\"><img class=\"alignleft\" width=\"150\" src=\"https://i3.imageban.ru/out/2021/10/07/b800bef2ece58b169f88ec99e010c302.jpg\"></a></div><br>Genres/Tags: <strong>Action, Horror, First-person, 3D</strong><br>Company: <strong>Clock Wizard Games</strong><br>Languages: <strong>RUS/ENG/MULTI9</strong><br>Original Size: <strong>6.6 GB</strong><br>Repack Size: <strong>4.5 GB</strong></p>&nbsp;<div>&nbsp;</div><h3>Download Mirrors</h3><ul><li><a href=\"https://1337x.to/torrent/5009991/Haunt-Chaser-v1-4-0-Explore-Mode-Update-MULTi9-FitGirl-Repack/\" target=\"_blank\" rel=\"noopener\">1337x</a> | [<a href=\"magnet:?xt=urn:btih:1E6D962295E381D8BFEA6031DB5637D3AA61C4CB&amp;dn=Haunt+Chaser+%28v1.4.0%2FExplore+Mode+Update%2C+MULTi9%29+%5BFitGirl+Repack%5D&amp;tr=udp%3A%2F%2F46.148.18.250%3A2710&amp;tr=udp%3A%2F%2Fopentor.org%3A2710&amp;tr=udp%3A%2F%2Ftracker.coppersurfer.tk%3A6969%2Fannounce&amp;tr=udp%3A%2F%2Ftracker.opentrackr.org%3A1337%2Fannounce&amp;tr=http%3A%2F%2Ftracker.dler.org%3A6969%2Fannounce&amp;tr=udp%3A%2F%2Ftracker.leechers-paradise.org%3A6969%2Fannounce&amp;tr=udp%3A%2F%2F9.rarbg.me%3A2730%2Fannounce&amp;tr=udp%3A%2F%2F9.rarbg.to%3A2770%2Fannounce&amp;tr=udp%3A%2F%2Ftracker.pirateparty.gr%3A6969%2Fannounce&amp;tr=http%3A%2F%2Fretracker.local%2Fannounce&amp;tr=http%3A%2F%2Fretracker.ip.ncnet.ru%2Fannounce&amp;tr=udp%3A%2F%2Fexodus.desync.com%3A6969%2Fannounce&amp;tr=udp%3A%2F%2Fipv4.tracker.harry.lu%3A80%2Fannounce&amp;tr=udp%3A%2F%2Fopen.stealth.si%3A80%2Fannounce&amp;tr=udp%3A%2F%2Ftracker.zer0day.to%3A1337%2Fannounce&amp;tr=udp%3A%2F%2Ftracker.leechers-paradise.org%3A6969%2Fannounce&amp;tr=udp%3A%2F%2Fcoppersurfer.tk%3A6969%2Fannounce\">magnet</a>] [<a href=\"https://pastefg.hermietkreeft.site/?45cf06c9830b4985#BaG7Mz8S5NADYHnDeJ731nNQmJ8fjCQNC3tts3YEPKB\" target=\"_blank\" rel=\"noopener\">.torrent file only</a>] <br><img src=\"https://torrent-stats.info/6031/1baca0eac.png\" style=\"display:block;clear:both\"></li><li><a href=\"http://rutor.info/b.php?uploaded_by=1224038\" target=\"_blank\" rel=\"noopener\">RuTor</a> [<a href=\"magnet:?xt=urn:btih:1e6d962295e381d8bfea6031db5637d3aa61c4cb&amp;dn=rutor.info_Haunt+Chaser+%5Bv+1.4.0%5D+%282021%29+PC+%7C+RePack+%D0%BE%D1%82+FitGirl&amp;tr=udp://opentor.net:6969&amp;tr=udp://opentor.org:2710&amp;tr=http://retracker.local/announce\">magnet</a>]</li><li><a href=\"https://tapochek.net/viewtopic.php?p=2804764\" target=\"_blank\" rel=\"noopener\">Tapochek.net</a></li><li><a href=\"https://pastefg.hermietkreeft.site/?c2316873ffa4c320#54hfPiUo5XfuzUvY6p1XEQG3YwwYGF6D4SkP2JQKdqAT\" target=\"_blank\" rel=\"noopener\">Filehoster: MultiUpload</a> (10+ hosters, interchangeable) [Use <a href=\"http://jdownloader.org/jdownloader2\" target=\"_blank\" rel=\"noopener\">JDownloader2</a>]</li><li><a href=\"https://pastefg.hermietkreeft.site/?f65106f5f2787044#2xRbmrUmTeUb95evfxmjvggFwR9Lmako23EEwDboQBhr\" target=\"_blank\" rel=\"noopener\">Filehoster: PixelDrain</a></li><li><a href=\"https://pastefg.hermietkreeft.site/?e8176b6bdd811a6f#5ZTeMhCNyVc2iP9sd6Ni2YomK5THEexdTzNKgMPoJJw1\" target=\"_blank\" rel=\"noopener\">Filehoster: ZippyShare</a></li><li><a href=\"https://pastefg.hermietkreeft.site/?5a741a7f99ee74fc#CFCGT3R1KXsnv9FuAx7bdTk8xwcR7FgWqGj9n7gAcTJf\" target=\"_blank\" rel=\"noopener\">Filehoster: LetsUpload</a> [Use <a href=\"http://jdownloader.org/jdownloader2\" target=\"_blank\" rel=\"noopener\">JDownloader2</a>]</li><li><a href=\"https://pastefg.hermietkreeft.site/?7b5d7462600381b7#FxdLCP7jE5cH7EGJbkUskZcFU5hfgpYEvjehgqrk19H1\" target=\"_blank\" rel=\"noopener\">Filehoster: OneDrive</a> (Uploaded by DyR0 t(-_-t), NOT compatible with other mirrors)</li></ul><p><a href=\"https://cs.rin.ru/forum/viewtopic.php?f=10&amp;t=109810\" target=\"_blank\" rel=\"noopener\">Discussion and (possible) future updates on CS.RIN.RU thread</a></p><h3>Screenshots (Click to enlarge)</h3><p><a target=\"_blank\" href=\"https://en.riotpixels.com/games/haunt-chaser/screenshots/21/?utm_source=emb-gfx-html&amp;utm_medium=image&amp;utm_campaign=rp-mass\" rel=\"noopener\"><img loading=\"lazy\" width=\"178\" height=\"100\" border=\"0\" src=\"https://s01.riotpixels.net/data/97/d2/97d2abdd-643d-4cbf-bad1-e2ebae138472.jpg.240p.jpg\"></a><a target=\"_blank\" href=\"https://en.riotpixels.com/games/haunt-chaser/screenshots/19/?utm_source=emb-gfx-html&amp;utm_medium=image&amp;utm_campaign=rp-mass\" rel=\"noopener\"><img loading=\"lazy\" width=\"178\" height=\"100\" border=\"0\" src=\"https://s01.riotpixels.net/data/16/1e/161e0a88-6638-4d3c-87cf-f19cf8e63081.jpg.240p.jpg\"></a><a target=\"_blank\" href=\"https://en.riotpixels.com/games/haunt-chaser/screenshots/12/?utm_source=emb-gfx-html&amp;utm_medium=image&amp;utm_campaign=rp-mass\" rel=\"noopener\"><img loading=\"lazy\" width=\"178\" height=\"100\" border=\"0\" src=\"https://s01.riotpixels.net/data/40/1a/401a3892-0a4a-42f9-95b2-a910aacb4b94.jpg.240p.jpg\"></a><br><a target=\"_blank\" href=\"https://en.riotpixels.com/games/haunt-chaser/screenshots/8/?utm_source=emb-gfx-html&amp;utm_medium=image&amp;utm_campaign=rp-mass\" rel=\"noopener\"><img loading=\"lazy\" width=\"178\" height=\"100\" border=\"0\" src=\"https://s01.riotpixels.net/data/1b/2d/1b2d1c4e-2d25-47f6-89de-35ec18827e32.jpg.240p.jpg\"></a><a target=\"_blank\" href=\"https://en.riotpixels.com/games/haunt-chaser/screenshots/4/?utm_source=emb-gfx-html&amp;utm_medium=image&amp;utm_campaign=rp-mass\" rel=\"noopener\"><img loading=\"lazy\" width=\"178\" height=\"100\" border=\"0\" src=\"https://s01.riotpixels.net/data/18/3f/183fcd39-63c2-4aa8-8df5-a6eb9f88ef77.jpg.240p.jpg\"></a><a target=\"_blank\" href=\"https://en.riotpixels.com/games/haunt-chaser/screenshots/1/?utm_source=emb-gfx-html&amp;utm_medium=image&amp;utm_campaign=rp-mass\" rel=\"noopener\"><img loading=\"lazy\" width=\"178\" height=\"100\" border=\"0\" src=\"https://s01.riotpixels.net/data/c4/58/c458ee1a-4281-4188-83bf-5beee9b3dab0.jpg.240p.jpg\"></a></p><h3>Repack Features</h3><ul><li>Based on Haunt.Chaser-PLAZA ISO release: plaza-haunt.chaser.iso (7,106,985,984 bytes)</li><li>100% Lossless &amp; MD5 Perfect: all files are identical to originals after installation</li><li>NOTHING ripped, NOTHING re-encoded</li><li>Significantly smaller archive size (compressed from 6.6 to 4.5 GB)</li><li>Installation takes 2-3 minutes</li><li>After-install integrity check so you could make sure that everything installed properly</li><li>HDD space after installation: 12.5 GB</li><li>Language can be changed in game settings</li><li>Repack uses XTool library by Razor12911</li><li>At least 2 GB of free RAM (inc. virtual) required for installing this repack</li></ul><div ><div><h2>Game Description</h2></div><div >Haunt Chaser is a 4 Player Co-Op horror game, can be played as a Single-Player too. Chasers need to use all the hunting equipment in order to banish the evil and save the poor souls from torment while uncovering deeply disturbing secrets. Also, there is a 4v1 party game mode, where one player takes control of a paranormal entity and others take control of Chasers.<p>Haunt Chaser will start with Season One Orphanage. The orphanage is located in an abandoned village, where you will start to experience the terror with other Chasers. The Chaser\u2019s goal is to free the spirits of the tormented children from the Orphanage and banishing the evil that plagued the village from this world once and for all.</p><p>But remember that, she can feel your soul, every step you take will be heard by the darkness itself. The children didn\u2019t know that! At least, Chasers know what is waiting for them there!</p><p>Chasers can either cooperate or be Lonewolf. The difficulty of banishing evil depends on whether they work together as a team or go alone. Remember, there is no escape until the evil gets banished.</p><p>Chasers need to use their hunting equipment for investigating around, revealing truths, and finding the required items for banishing entities. Also, they need these tools for running away from evil or even hiding from it.</p><p>It\u2019s up to you to make the game as difficult and easy as you want for both the Supernatural being player and the Chaser player!</p><p><b><h3>Game Features</h3></b></p><ul><li><b>AI Difficulty:</b> There are a bunch of different difficulty settings for AI. You can select your AI difficulty as you like from Very Easy to Insane!</li><li><b>Random Events and Random Item Spawn Locations:</b> Random item spawn locations, locations, and real human reactions will lead every session to an unexpected scenario. You never know what will happen next time you play and if you look hard enough, you may even discover what horrifying secrets are hiding in the village.</li><li><b>Specialist Cameras and Mystic Stone:</b> gives you different spectral visions of truth and also with the Camera Chasers can take pictures of it.</li><li><b>EMF Readers:</b> will detect the slightest variations in EM fields.</li><li><b>Parabolic Microphone:</b> Chasers will hear the lamentations of the departed souls.</li><li><b>Sigil:</b> can be used for preventing the movement of evil through the doors.</li><li><b>Magical Ward:</b> can be placed to capture and banish evil at least for a while.</li><li><b>Proton Light:</b> tool creates a focused high-energy light blast. It\u2019s for banishing an entity at least for a while!</li><li><b>Speed Skill:</b> Entity needs to use speed ability to catch its prey.</li><li><b>Teleport Skill:</b> The entity can teleport between totems.</li><li><b>\u0130nvisibility Skill:</b> This ability makes it invisible to the living eye.</li></ul></div></div>             </div>"
}