{
    "link": "https://fitgirl-repacks.site/hearts-of-iron-iv/",
    "title": "Hearts of Iron IV: Field Marshal Edition \u2013 v1.11.1 + 37 DLCs",
    "first_img": "https://i2.imageban.ru/out/2021/11/25/e146843b2c5419b9ea54a8a73115f450.jpg",
    "second_img": "https://s01.riotpixels.net/data/3b/3a/3b3a3082-69c4-4379-9ba3-b80092a1f581.jpg.240p.jpg",
    "body": "<div ><h2>Hearts of Iron IV: Field Marshal Edition \u2013 v1.11.1 + 37 DLCs</h2><p ><div><a target=\"_blank\" href=\"https://en.riotpixels.com/games/hearts-of-iron-4/\" rel=\"noopener\"><img class=\"alignleft\" width=\"150\" src=\"https://i2.imageban.ru/out/2021/11/25/e146843b2c5419b9ea54a8a73115f450.jpg\"></a></div><br>Genres/Tags: <strong>Strategy, Grand strategy, Top-down, 3D, Real-time</strong><br>Companies: <strong>Paradox Development Studio, Paradox Interactive</strong><br>Languages: <strong>RUS/ENG/MULTI7</strong><br>Original Size: <strong>4.2 GB</strong><br>Repack Size: <strong>3 GB</strong></p>&nbsp;<div>&nbsp;</div><h3>Download Mirrors</h3><ul><li><a href=\"https://1337x.to/torrent/5063684/Hearts-of-Iron-IV-Field-Marshal-Edition-v1-11-1-37-DLCs-MULTi7-FitGirl-Repack/\" target=\"_blank\" rel=\"noopener\">1337x</a> | [<a href=\"magnet:?xt=urn:btih:08D4A158161712839A715F4D0789A7354B5F2418&amp;dn=Hearts+of+Iron+IV%3A+Field+Marshal+Edition+%28v1.11.1+%2B+37+DLCs%2C+MULTi7%29+%5BFitGirl+Repack%5D&amp;tr=udp%3A%2F%2F46.148.18.250%3A2710&amp;tr=udp%3A%2F%2Fopentor.org%3A2710&amp;tr=udp%3A%2F%2Ftracker.coppersurfer.tk%3A6969%2Fannounce&amp;tr=udp%3A%2F%2Ftracker.opentrackr.org%3A1337%2Fannounce&amp;tr=http%3A%2F%2Ftracker.dler.org%3A6969%2Fannounce&amp;tr=udp%3A%2F%2Ftracker.leechers-paradise.org%3A6969%2Fannounce&amp;tr=udp%3A%2F%2F9.rarbg.me%3A2730%2Fannounce&amp;tr=udp%3A%2F%2F9.rarbg.to%3A2770%2Fannounce&amp;tr=udp%3A%2F%2Ftracker.pirateparty.gr%3A6969%2Fannounce&amp;tr=http%3A%2F%2Fretracker.local%2Fannounce&amp;tr=http%3A%2F%2Fretracker.ip.ncnet.ru%2Fannounce&amp;tr=udp%3A%2F%2Fexodus.desync.com%3A6969%2Fannounce&amp;tr=udp%3A%2F%2Fipv4.tracker.harry.lu%3A80%2Fannounce&amp;tr=udp%3A%2F%2Fopen.stealth.si%3A80%2Fannounce&amp;tr=udp%3A%2F%2Ftracker.zer0day.to%3A1337%2Fannounce&amp;tr=udp%3A%2F%2Ftracker.leechers-paradise.org%3A6969%2Fannounce&amp;tr=udp%3A%2F%2Fcoppersurfer.tk%3A6969%2Fannounce\">magnet</a>] [<a href=\"https://pastefg.hermietkreeft.site/?9f4d5c370b7b5c3b#71EX78WHFTmqHR2pXyJBwBUdQVBx3e8DQsmC2gK2uhVj\" target=\"_blank\" rel=\"noopener\">.torrent file only</a>] <br><img src=\"https://torrent-stats.info/5f4d/1bd5f78e0.png\" style=\"display:block;clear:both\"></li><li><a href=\"http://rutor.info/torrent/847485/hearts-of-iron-iv-field-marshal-edition-v-1.11.1-dlcs-2016-pc-repack-ot-fitgirl\" target=\"_blank\" rel=\"noopener\">RuTor</a> [<a href=\"magnet:?xt=urn:btih:08d4a158161712839a715f4d0789a7354b5f2418&amp;dn=rutor.info_Hearts+of+Iron+IV%3A+Field+Marshal+Edition+%5Bv+1.11.1+%2B+DLCs%5D+%282016%29+PC+%7C+RePack+%D0%BE%D1%82+FitGirl&amp;tr=udp://opentor.net:6969&amp;tr=udp://opentor.org:2710&amp;tr=http://retracker.local/announce\">magnet</a>]</li><li><a href=\"https://tapochek.net/viewtopic.php?p=2814479\" target=\"_blank\" rel=\"noopener\">Tapochek.net</a></li><li><a href=\"https://pastefg.hermietkreeft.site/?7b3e75d760064eab#DS4Fvue26webEkceY7KU5nNdSu9fse4sb3Uffghvtu6P\" target=\"_blank\" rel=\"noopener\">Filehoster: MultiUpload</a> (10+ hosters, interchangeable) [Use <a href=\"http://jdownloader.org/jdownloader2\" target=\"_blank\" rel=\"noopener\">JDownloader2</a>]</li><li><a href=\"https://pastefg.hermietkreeft.site/?004f7b8d997c1ee4#Am7e2MaZc2Nvops2TguJ54VLVJKLWtsnPQAdK6miZSZS\" target=\"_blank\" rel=\"noopener\">Filehoster: ZippyShare</a></li><li><a href=\"https://pastefg.hermietkreeft.site/?54d73289500417f8#46MNPKP8rMw44cC41yFvopjAbLL9M2g9bR7kzSgQsRow\" target=\"_blank\" rel=\"noopener\">Filehoster: BayFiles</a></li><li><a href=\"https://pastefg.hermietkreeft.site/?618f79bc29a0f08a#83pob2NAw6L1STNRrRr4HpKCNVtF9GeWEaN7hhFhuEmt\" target=\"_blank\" rel=\"noopener\">Filehoster: LetsUpload</a> [Use <a href=\"http://jdownloader.org/jdownloader2\" target=\"_blank\" rel=\"noopener\">JDownloader2</a>]</li><li><a href=\"https://pastefg.hermietkreeft.site/?440b62601eb079e3#Ftac23rdFBFPUe5utYdSZgYYWFC4UWuLpSctyup1Te3z\" target=\"_blank\" rel=\"noopener\">Filehoster: OneDrive</a> (Uploaded by DyR0 t(-_-t), NOT compatible with other mirrors)</li><p><!--  <li><a href=\"\" target=\"_blank\" rel=\"noopener\">Filehosters: Google Drive, OneDrive + others</a> (Uploaded by crackhub213)</li>  --></p></ul><p><a href=\"https://cs.rin.ru/forum/viewtopic.php?f=10&amp;t=65592\" target=\"_blank\" rel=\"noopener\">Discussion and (possible) future updates on CS.RIN.RU thread</a></p><h3>Screenshots (Click to enlarge)</h3><p><a target=\"_blank\" href=\"https://en.riotpixels.com/games/hearts-of-iron-4/screenshots/50/?utm_source=emb-gfx-html&amp;utm_medium=image&amp;utm_campaign=rp-mass\" rel=\"noopener\"><img loading=\"lazy\" width=\"178\" height=\"100\" border=\"0\" src=\"https://s01.riotpixels.net/data/3b/3a/3b3a3082-69c4-4379-9ba3-b80092a1f581.jpg.240p.jpg\"></a><a target=\"_blank\" href=\"https://en.riotpixels.com/games/hearts-of-iron-4/screenshots/48/?utm_source=emb-gfx-html&amp;utm_medium=image&amp;utm_campaign=rp-mass\" rel=\"noopener\"><img loading=\"lazy\" width=\"178\" height=\"100\" border=\"0\" src=\"https://s01.riotpixels.net/data/76/b5/76b593ca-51c2-4ea5-845e-9bdb0502adff.jpg.240p.jpg\"></a><a target=\"_blank\" href=\"https://en.riotpixels.com/games/hearts-of-iron-4/screenshots/47/?utm_source=emb-gfx-html&amp;utm_medium=image&amp;utm_campaign=rp-mass\" rel=\"noopener\"><img loading=\"lazy\" width=\"178\" height=\"100\" border=\"0\" src=\"https://s01.riotpixels.net/data/8c/1e/8c1e0d05-9a37-43ab-9c28-9d224a7c3ac5.jpg.240p.jpg\"></a><br><a target=\"_blank\" href=\"https://en.riotpixels.com/games/hearts-of-iron-4/screenshots/41/?utm_source=emb-gfx-html&amp;utm_medium=image&amp;utm_campaign=rp-mass\" rel=\"noopener\"><img loading=\"lazy\" width=\"178\" height=\"100\" border=\"0\" src=\"https://s01.riotpixels.net/data/e3/68/e368c6c3-0ffa-413b-b0eb-952d14202359.jpg.240p.jpg\"></a><a target=\"_blank\" href=\"https://en.riotpixels.com/games/hearts-of-iron-4/screenshots/38/?utm_source=emb-gfx-html&amp;utm_medium=image&amp;utm_campaign=rp-mass\" rel=\"noopener\"><img loading=\"lazy\" width=\"178\" height=\"100\" border=\"0\" src=\"https://s01.riotpixels.net/data/6b/30/6b30de25-0c85-46a0-82fc-24633e3b8a59.jpg.240p.jpg\"></a><a target=\"_blank\" href=\"https://en.riotpixels.com/games/hearts-of-iron-4/screenshots/37/?utm_source=emb-gfx-html&amp;utm_medium=image&amp;utm_campaign=rp-mass\" rel=\"noopener\"><img loading=\"lazy\" width=\"178\" height=\"100\" border=\"0\" src=\"https://s01.riotpixels.net/data/0d/f2/0df2f947-aa7e-439f-bb72-17bb4207a0f4.jpg.240p.jpg\"></a></p><h3>Repack Features</h3><ul><li>Based on Hearts.of.Iron.IV.No.Step.Back-CODEX ISO release: codex-hearts.of.iron.iv.no.step.back.iso (4,524,769,280 bytes)</li><li>Missing DLC (No Step Back Preoder Bonus) has been added, thanks to skaider!</li><li>Game version: v1.11.1; 37 DLCs are included and activated</li><li>100% Lossless &amp; MD5 Perfect: all files are identical to originals after installation</li><li>NOTHING ripped, NOTHING re-encoded</li><li>Smaller archive size (compressed from cumulative 4.2 to 3 GB)</li><li>Installation takes 5-14 minutes (depending on your system, mostly on HDD speed/fragmentation due to a huge amount small game files)</li><li>After-install integrity check so you could make sure that everything installed properly</li><li>HDD space after installation: 6 GB</li><li>Repack uses XTool library by Razor12911</li><li>At least 2 GB of free RAM (inc. virtual) required for installing this repack</li></ul><div ><div><h2>Game Description</h2></div><div ><p>Victory is at your fingertips! Your ability to lead your nation is your supreme weapon, the strategy game Hearts of Iron IV lets you take command of any nation in World War II; the most engaging conflict in world history.</p><p>From the heart of the battlefield to the command center, you will guide your nation to glory and wage war, negotiate or invade. You hold the power to tip the very balance of WWII.</p><p>It is time to show your ability as the greatest military leader in the world. Will you relive or change history? Will you change the fate of the world by achieving victory at all costs?</p><p><b>Included DLCs</b></p><ul><li>War Stories</li><li>German Tanks Pack</li><li>French Tanks Pack</li><li>Famous Battleships Unit Pack</li><li>Heavy Cruisers Unit Pack</li><li>Soviet Tanks Unit Pack</li><li>US Tanks Unit Pack</li><li>British Tanks Unit Pack</li><li>German March Order Music Pack</li><li>Allied Radio Music Pack</li><li>Rocket Launcher Unit Pack</li><li>Poland \u2013 United and Ready</li><li>German Historical Portraits</li><li>Sabaton Soundtrack</li><li>Wallpaper</li><li>Artbook</li><li>Original Soundtrack</li><li>Together for Victory</li><li>Expansion Pass DLC</li><li>Death or Dishonor</li><li>Sabaton Soundtrack Vol. 2</li><li>Colonel Edition Upgrade Pack</li><li>Anniversary Pack</li><li>Waking the Tiger</li><li>Man the Guns</li><li>Man the Guns Wallpaper (Pre-Order)</li><li>Axis Armor Pack</li><li>Radio Pack</li><li>La Resistance</li><li>La Resistance Pre-Order Bonus</li><li>Allied Armor Pack</li><li>Allied Speeches Music Pack</li><li>Battle for the Bosporus</li><li>No Step Back</li><li>No Step Back \u2013 \u201cKatyusha\u201d (Pre-Order Bonus)</li><li>Eastern Front Planes Pack</li><li>Eastern Front Music Pack</li></ul></div></div><p><b>Backwards Compatibility</b></p><p>This repack NOT backwards compatible with my previous HoI4 repacks.</p>             </div>"
}