{
    "link": null,
    "title": "Hellblade: Senua\u2019s Sacrifice Repack Updated",
    "first_img": [],
    "second_img": null,
    "body": "<div class=\"entry-content\"><p>This is just a notice for my subscribers about freshly updated <strong><a href=\"https://fitgirl-repacks.site/hellblade-senuas-sacrifice/\" target=\"_blank\" rel=\"noopener\">Hellblade: Senua\u2019s Sacrifice repack</a></strong>. Now it\u2019s updated to Enhanced Edition and supports all modern graphical technologies.</p>             </div>"
}