{
    "link": "https://fitgirl-repacks.site/hell-of-men-blood-brothers/",
    "title": "Hell of Men: Blood Brothers",
    "first_img": "https://i5.imageban.ru/out/2021/07/02/b3688de2cb80f1ae846e7bbf5ccb73ed.jpg",
    "second_img": "https://s01.riotpixels.net/data/22/7d/227d14f3-bc34-4fd1-91b7-84dd46825550.jpg.240p.jpg",
    "body": "<div ><h2>Hell of Men: Blood Brothers</h2><p ><div><a target=\"_blank\" href=\"https://en.riotpixels.com/games/hell-of-men-blood-brothers/\" rel=\"noopener\"><img class=\"alignleft\" width=\"150\" src=\"https://i5.imageban.ru/out/2021/07/02/b3688de2cb80f1ae846e7bbf5ccb73ed.jpg\"></a></div><br>Genres/Tags: <strong>Strategy, Isometric, Real-time, 3D</strong><br>Companies: <strong>Whacky Squad Studio, Zerouno Games</strong><br>Languages: <strong>ENG/MULTI4</strong><br>Original Size: <strong>2.1 GB</strong><br>Repack Size: <strong>924 MB</strong></p>&nbsp;<div>&nbsp;</div><h3>Download Mirrors</h3><ul><li><a href=\"https://1337x.to/torrent/4907906/Hell-of-Men-Blood-Brothers-MULTi4-FitGirl-Repack/\" target=\"_blank\" rel=\"noopener\">1337x</a> | [<a href=\"magnet:?xt=urn:btih:750461EB3AC84A4928C26A52C601C4ADB386EC42&amp;dn=Hell+of+Men%3A+Blood+Brothers+%28MULTi4%29+%5BFitGirl+Repack%5D&amp;tr=udp%3A%2F%2F46.148.18.250%3A2710&amp;tr=udp%3A%2F%2Fopentor.org%3A2710&amp;tr=udp%3A%2F%2Ftracker.coppersurfer.tk%3A6969%2Fannounce&amp;tr=udp%3A%2F%2Ftracker.opentrackr.org%3A1337%2Fannounce&amp;tr=http%3A%2F%2Ftracker.dler.org%3A6969%2Fannounce&amp;tr=udp%3A%2F%2Ftracker.leechers-paradise.org%3A6969%2Fannounce&amp;tr=udp%3A%2F%2F9.rarbg.me%3A2730%2Fannounce&amp;tr=udp%3A%2F%2F9.rarbg.to%3A2770%2Fannounce&amp;tr=udp%3A%2F%2Ftracker.pirateparty.gr%3A6969%2Fannounce&amp;tr=http%3A%2F%2Fretracker.local%2Fannounce&amp;tr=http%3A%2F%2Fretracker.ip.ncnet.ru%2Fannounce&amp;tr=udp%3A%2F%2Fexodus.desync.com%3A6969%2Fannounce&amp;tr=udp%3A%2F%2Fipv4.tracker.harry.lu%3A80%2Fannounce&amp;tr=udp%3A%2F%2Fopen.stealth.si%3A80%2Fannounce&amp;tr=udp%3A%2F%2Ftracker.zer0day.to%3A1337%2Fannounce&amp;tr=udp%3A%2F%2Ftracker.leechers-paradise.org%3A6969%2Fannounce&amp;tr=udp%3A%2F%2Fcoppersurfer.tk%3A6969%2Fannounce\">magnet</a>] [<a href=\"https://pastefg.hermietkreeft.site/?4e97d97ce2cdf68d#2cNn57BLgqE18Ny8T5R3b24uusArKHYcENWyZHFvyBFz\" target=\"_blank\" rel=\"noopener\">.torrent file only</a>] <br><img src=\"https://torrent-stats.info/6a52/1df12f8ec.png\" style=\"display:block;clear:both\"></li><li><a href=\"https://tapochek.net/viewtopic.php?p=2787008\" target=\"_blank\" rel=\"noopener\">Tapochek.net</a></li><li><a href=\"https://pastefg.hermietkreeft.site/?1508a2d404fdc0d8#D8aA3BoHuXquabWjAomRTScxB9mkEba2kuPaHRmA5g7k\" target=\"_blank\" rel=\"noopener\">Filehoster: MultiUpload</a> (10+ hosters, interchangeable) [Use <a href=\"http://jdownloader.org/jdownloader2\" target=\"_blank\" rel=\"noopener\">JDownloader2</a>]</li><li><a href=\"https://pastefg.hermietkreeft.site/?7811a46318d89e1b#CGgvzc6NJr3eg3j9L5L1b9wRYAmpStiwzx3RorVdEfHA\" target=\"_blank\" rel=\"noopener\">Filehoster: PixelDrain</a></li><li><a href=\"https://pastefg.hermietkreeft.site/?d280ae7a3b7ccdaf#9BWnw9uHAT7BYanvmRrRu2HFUMtVHpZn3ZA4xs3B4Yfg\" target=\"_blank\" rel=\"noopener\">Filehoster: LetsUpload</a> [Use <a href=\"http://jdownloader.org/jdownloader2\" target=\"_blank\" rel=\"noopener\">JDownloader2</a>]</li><li><a href=\"https://crackhub.site/hell-of-men-blood-brothers-fitgirl-repack/\" target=\"_blank\" rel=\"noopener\">Filehosters: Google Drive, OneDrive + others</a> (Uploaded by crackhub213)</li><li><a href=\"https://pastefg.hermietkreeft.site/?0e8c5cdf03e3c72e#5dgeUhjUGsFGoVwmjj5exdoWjLPq9s5Fa1vrJnZ91ZXL\" target=\"_blank\" rel=\"noopener\">Filehoster: OneDrive</a> (Uploaded by DyR0 t(-_-t), NOT compatible with other mirrors)</li></ul><p><a href=\"https://cs.rin.ru/forum/viewtopic.php?f=10&amp;t=114236\" target=\"_blank\" rel=\"noopener\">Discussion and (possible) future updates on CS.RIN.RU thread</a></p><h3>Screenshots (Click to enlarge)</h3><p><a target=\"_blank\" href=\"https://en.riotpixels.com/games/hell-of-men-blood-brothers/screenshots/9/?utm_source=emb-gfx-html&amp;utm_medium=image&amp;utm_campaign=rp-mass\" rel=\"noopener\"><img loading=\"lazy\" width=\"178\" height=\"100\" border=\"0\" src=\"https://s01.riotpixels.net/data/22/7d/227d14f3-bc34-4fd1-91b7-84dd46825550.jpg.240p.jpg\"></a><a target=\"_blank\" href=\"https://en.riotpixels.com/games/hell-of-men-blood-brothers/screenshots/8/?utm_source=emb-gfx-html&amp;utm_medium=image&amp;utm_campaign=rp-mass\" rel=\"noopener\"><img loading=\"lazy\" width=\"178\" height=\"100\" border=\"0\" src=\"https://s01.riotpixels.net/data/57/df/57df151c-7204-477c-9a57-9c8bc57eeaa0.jpg.240p.jpg\"></a><a target=\"_blank\" href=\"https://en.riotpixels.com/games/hell-of-men-blood-brothers/screenshots/7/?utm_source=emb-gfx-html&amp;utm_medium=image&amp;utm_campaign=rp-mass\" rel=\"noopener\"><img loading=\"lazy\" width=\"178\" height=\"100\" border=\"0\" src=\"https://s01.riotpixels.net/data/e2/07/e207c7ee-a4d6-44dc-85a0-04add246e40a.jpg.240p.jpg\"></a><br><a target=\"_blank\" href=\"https://en.riotpixels.com/games/hell-of-men-blood-brothers/screenshots/6/?utm_source=emb-gfx-html&amp;utm_medium=image&amp;utm_campaign=rp-mass\" rel=\"noopener\"><img loading=\"lazy\" width=\"178\" height=\"100\" border=\"0\" src=\"https://s01.riotpixels.net/data/4d/0e/4d0e4fd2-6fc5-408f-ba74-bc17f1764568.jpg.240p.jpg\"></a><a target=\"_blank\" href=\"https://en.riotpixels.com/games/hell-of-men-blood-brothers/screenshots/4/?utm_source=emb-gfx-html&amp;utm_medium=image&amp;utm_campaign=rp-mass\" rel=\"noopener\"><img loading=\"lazy\" width=\"178\" height=\"100\" border=\"0\" src=\"https://s01.riotpixels.net/data/89/f9/89f90152-66b1-4988-bc24-6cc6f6b3c57b.jpg.240p.jpg\"></a><a target=\"_blank\" href=\"https://en.riotpixels.com/games/hell-of-men-blood-brothers/screenshots/2/?utm_source=emb-gfx-html&amp;utm_medium=image&amp;utm_campaign=rp-mass\" rel=\"noopener\"><img loading=\"lazy\" width=\"178\" height=\"100\" border=\"0\" src=\"https://s01.riotpixels.net/data/e0/f4/e0f4092b-422b-4082-951b-e4fcc24d9e32.jpg.240p.jpg\"></a></p><h3>Repack Features</h3><ul><li>Based on Hell.Of.Men.Blood.Brothers-SKIDROW ISO release: sr-hellofmenbloodbrothers.iso (2,208,829,440 bytes)</li><li>100% Lossless &amp; MD5 Perfect: all files are identical to originals after installation</li><li>NOTHING ripped, NOTHING re-encoded</li><li>Significantly smaller archive size (compressed from 2.1 GB to 924 MB)</li><li>Installation takes 2-10 minutes (depending on your system, mostly HDD/SSD speed)</li><li>After-install integrity check so you could make sure that everything installed properly</li><li>HDD space after installation: 6.6 GB</li><li>Language can be changed in game settings</li><li>At least 2 GB of free RAM (inc. virtual) required for installing this repack</li></ul><div ><div><h2>Game Description</h2></div><div >Hell of Men: Blood Brothers is a real-time strategy game in which you will have to collect resources, build your base, train your army by choosing your soldiers wisely and fight.<p>Hell of Men: Blood Brothers tells the story of the fateful historical moment when Russia breaks off diplomatic relations and annexes Ukraine under the closed eyes of the United Nations. As Europe is about to explode, Belarus, Russia\u2019s next target, organizes itself to fight for its sovereignty.</p><p>In Hell of Men: Blood Brothers you will have to collect resources to expand your base and form your platoon. Your base will offer you a large choice of buildings and units, each unit has its strengths and weaknesses. Scattered around the world, you will find strategic points that you will have to capture to make vehicles spawn. You must then assign soldiers to use them.</p><p>Hell of Men: Blood Brothers is developed by one person (Whacky Squad Studio) and suported and published by Zerouno Games.</p><p><b><h3>Game Features</h3></b></p><ul><li>An interesting and unique story!</li><li>Small-scale combat. Optimize your infantry platoon.</li><li>Strategic combat with a cover system for infantry.</li><li>5 factions each with special units and bonuses.</li><li>A large choice of infantry and drone units.</li><li>4 resources with 3 different types of collection.</li><li>Colorful environments.</li><li>A modern war context.</li></ul></div></div>             </div>"
}