{
    "link": "https://fitgirl-repacks.site/hellblade-senuas-sacrifice/",
    "title": "Hellblade: Senua\u2019s Sacrifice \u2013 Enhanced Edition",
    "first_img": "https://i3.imageban.ru/out/2021/11/17/871de1528f4fff42cc6fb962367e66f7.jpg",
    "second_img": "https://s01.riotpixels.net/data/09/d0/09d0eac5-2973-46d8-a553-e69463011601.jpg.240p.jpg",
    "body": "<div ><h2>Hellblade: Senua\u2019s Sacrifice \u2013 Enhanced Edition</h2><p ><div><a target=\"_blank\" href=\"https://en.riotpixels.com/games/hellblade-senuas-sacrifice/\" rel=\"noopener\"><img class=\"alignleft\" width=\"150\" src=\"https://i3.imageban.ru/out/2021/11/17/871de1528f4fff42cc6fb962367e66f7.jpg\"></a></div><br>Genres/Tags: <strong>Action, Slasher, Third-person, 3D</strong><br>Company: <strong>Ninja Theory</strong><br>Languages: <strong>RUS/ENG/MULTI20</strong><br>Original Size: <strong>12.5 GB</strong><br>Repack Size: <strong>from 7.3 GB</strong> [Selective Download]</p>&nbsp;<div>&nbsp;</div><h3>Download Mirrors</h3><ul><li><a href=\"https://1337x.to/torrent/5054644/Hellblade-Senua-s-Sacrifice-Enhanced-Edition-MULTi20-FitGirl-Repack-Selective-Download-from-7-3-GB/\" target=\"_blank\" rel=\"noopener\">1337x</a> | [<a href=\"magnet:?xt=urn:btih:3EEAF958C5AD2F95CCB0A7956CDF6BCC8E5846F9&amp;dn=Hellblade%3A+Senua%26%23039%3Bs+Sacrifice+-+Enhanced+Edition+%28MULTi20%29+%5BFitGirl+Repack%2C+Selective+Download+-+from+7.3+GB%5D&amp;tr=udp%3A%2F%2F46.148.18.250%3A2710&amp;tr=udp%3A%2F%2Fopentor.org%3A2710&amp;tr=udp%3A%2F%2Ftracker.coppersurfer.tk%3A6969%2Fannounce&amp;tr=udp%3A%2F%2Ftracker.opentrackr.org%3A1337%2Fannounce&amp;tr=http%3A%2F%2Ftracker.dler.org%3A6969%2Fannounce&amp;tr=udp%3A%2F%2Ftracker.leechers-paradise.org%3A6969%2Fannounce&amp;tr=udp%3A%2F%2F9.rarbg.me%3A2730%2Fannounce&amp;tr=udp%3A%2F%2F9.rarbg.to%3A2770%2Fannounce&amp;tr=udp%3A%2F%2Ftracker.pirateparty.gr%3A6969%2Fannounce&amp;tr=http%3A%2F%2Fretracker.local%2Fannounce&amp;tr=http%3A%2F%2Fretracker.ip.ncnet.ru%2Fannounce&amp;tr=udp%3A%2F%2Fexodus.desync.com%3A6969%2Fannounce&amp;tr=udp%3A%2F%2Fipv4.tracker.harry.lu%3A80%2Fannounce&amp;tr=udp%3A%2F%2Fopen.stealth.si%3A80%2Fannounce&amp;tr=udp%3A%2F%2Ftracker.zer0day.to%3A1337%2Fannounce&amp;tr=udp%3A%2F%2Ftracker.leechers-paradise.org%3A6969%2Fannounce&amp;tr=udp%3A%2F%2Fcoppersurfer.tk%3A6969%2Fannounce\">magnet</a>] [<a href=\"https://pastefg.hermietkreeft.site/?ce96118ad6a72940#3cotoSdgRANx3XQwqxakreZSGzefwvsDdWynXB8sPu35\" target=\"_blank\" rel=\"noopener\">.torrent file only</a>] <br><img src=\"https://torrent-stats.info/a795/30d1379c6.png\" style=\"display:block;clear:both\"></li><li><a href=\"http://rutor.info/torrent/845972/hellblade-senuas-sacrifice-enhanced-edition-2017-2021-pc-repack-ot-fitgirl\" target=\"_blank\" rel=\"noopener\">RuTor</a> [<a href=\"magnet:?xt=urn:btih:3eeaf958c5ad2f95ccb0a7956cdf6bcc8e5846f9&amp;dn=rutor.info_Hellblade%3A+Senua%27s+Sacrifice+-+Enhanced+Edition+%282017-2021%29+PC+%7C+RePack+%D0%BE%D1%82+FitGirl&amp;tr=udp://opentor.net:6969&amp;tr=udp://opentor.org:2710&amp;tr=http://retracker.local/announce\">magnet</a>]</li><li><a href=\"https://tapochek.net/viewtopic.php?p=2812952\" target=\"_blank\" rel=\"noopener\">Tapochek.net</a></li><li><a href=\"https://pastefg.hermietkreeft.site/?d249010a876873ac#HbBXwCkPESVqJmN67fX1faNNGzSejeuXhsv5fFu36RQg\" target=\"_blank\" rel=\"noopener\">Filehoster: MultiUpload</a> (10+ hosters, interchangeable) [Use <a href=\"http://jdownloader.org/jdownloader2\" target=\"_blank\" rel=\"noopener\">JDownloader2</a>]</li><li><a href=\"https://pastefg.hermietkreeft.site/?7f3b2d3671ce13a2#ZbUotPnqjxKkdXfRCd3293YjvjNFseiSB91Y3RsArJQ\" target=\"_blank\" rel=\"noopener\">Filehoster: ZippyShare</a></li><li><a href=\"https://pastefg.hermietkreeft.site/?d337e290cacb6f08#tCUBU7F2hN4qjnoHfbEhdD2UkJscVDWXeAcoj7yW4tB\" target=\"_blank\" rel=\"noopener\">Filehoster: BayFiles</a></li><li><a href=\"https://pastefg.hermietkreeft.site/?a3a2cc03968b1b08#62Anokcz5z7vrHHqwCTkAE955S6dwH6tDv2hjCgvWjbY\" target=\"_blank\" rel=\"noopener\">Filehoster: LetsUpload</a> [Use <a href=\"http://jdownloader.org/jdownloader2\" target=\"_blank\" rel=\"noopener\">JDownloader2</a>]</li><li><a href=\"https://pastefg.hermietkreeft.site/?2e880e1084ab589f#2PT4eYZv6jjFBXmoYDLHgLukurRtaNJ2RLkPhBifAqn2\" target=\"_blank\" rel=\"noopener\">Filehoster: OneDrive</a> (Uploaded by DyR0 t(-_-t), NOT compatible with other mirrors)</li><p><!--  <li><a href=\"\" target=\"_blank\" rel=\"noopener\">Filehosters: Google Drive, OneDrive + others</a> (Uploaded by crackhub213)</li>  --></p></ul><p><a href=\"https://cs.rin.ru/forum/viewtopic.php?f=10&amp;t=70660\" target=\"_blank\" rel=\"noopener\">Discussion and (possible) future updates on CS.RIN.RU thread</a></p><h3>Screenshots (Click to enlarge)</h3><p><a target=\"_blank\" href=\"https://en.riotpixels.com/games/hellblade-senuas-sacrifice/screenshots/45/?utm_source=emb-gfx-html&amp;utm_medium=image&amp;utm_campaign=rp-mass\" rel=\"noopener\"><img loading=\"lazy\" width=\"178\" height=\"100\" border=\"0\" src=\"https://s01.riotpixels.net/data/09/d0/09d0eac5-2973-46d8-a553-e69463011601.jpg.240p.jpg\"></a><a target=\"_blank\" href=\"https://en.riotpixels.com/games/hellblade-senuas-sacrifice/screenshots/42/?utm_source=emb-gfx-html&amp;utm_medium=image&amp;utm_campaign=rp-mass\" rel=\"noopener\"><img loading=\"lazy\" width=\"178\" height=\"100\" border=\"0\" src=\"https://s01.riotpixels.net/data/32/46/3246a8bb-7573-4442-b050-3872ae6aa2a7.jpg.240p.jpg\"></a><a target=\"_blank\" href=\"https://en.riotpixels.com/games/hellblade-senuas-sacrifice/screenshots/41/?utm_source=emb-gfx-html&amp;utm_medium=image&amp;utm_campaign=rp-mass\" rel=\"noopener\"><img loading=\"lazy\" width=\"178\" height=\"100\" border=\"0\" src=\"https://s01.riotpixels.net/data/fa/41/fa41296f-b8d3-4792-8cd7-46fe6ad743aa.jpg.240p.jpg\"></a><br><a target=\"_blank\" href=\"https://en.riotpixels.com/games/hellblade-senuas-sacrifice/screenshots/37/?utm_source=emb-gfx-html&amp;utm_medium=image&amp;utm_campaign=rp-mass\" rel=\"noopener\"><img loading=\"lazy\" width=\"178\" height=\"100\" border=\"0\" src=\"https://s01.riotpixels.net/data/de/ce/dece3e7e-f70f-4428-8774-78ebf26203a7.jpg.240p.jpg\"></a><a target=\"_blank\" href=\"https://en.riotpixels.com/games/hellblade-senuas-sacrifice/screenshots/35/?utm_source=emb-gfx-html&amp;utm_medium=image&amp;utm_campaign=rp-mass\" rel=\"noopener\"><img loading=\"lazy\" width=\"178\" height=\"100\" border=\"0\" src=\"https://s01.riotpixels.net/data/b7/b2/b7b21cd7-a384-4a73-9ce7-efa25bfa18d4.jpg.240p.jpg\"></a><a target=\"_blank\" href=\"https://en.riotpixels.com/games/hellblade-senuas-sacrifice/screenshots/28/?utm_source=emb-gfx-html&amp;utm_medium=image&amp;utm_campaign=rp-mass\" rel=\"noopener\"><img loading=\"lazy\" width=\"178\" height=\"100\" border=\"0\" src=\"https://s01.riotpixels.net/data/b3/bc/b3bc6fbe-abb1-4d15-aab8-ba98f14c8e80.jpg.240p.jpg\"></a></p><h3>Repack Features</h3><ul><li>Based on Hellblade.Senuas.Sacrifice.Enhanced-CODEX ISO release: codex-hellblade.senuas.sacrifice.enhanced.iso (13,407,944,704 bytes)</li><li>100% Lossless &amp; MD5 Perfect: all files are identical to originals after installation</li><li>NOTHING ripped, NOTHING re-encoded</li><li>Selective download feature: you may skip downloading and installing of game documentary video (you can watch it here any time: https://www.youtube.com/watch?v=rEfUajzJv5U)</li><li>Significantly smaller archive size (compressed from 12.5 to 7.3/8.7 GB, depending on selected components)</li><li>Installation takes 6-14 minutes (depending on your system and selected components)</li><li>After-install integrity check so you could make sure that everything installed properly</li><li>HDD space after installation: up to 18.8 GB</li><li>Use \u201cLanguage Changer.bat\u201d in game root to change the game language</li><li>At least 2 GB of free RAM (inc. virtual) required for installing this repack</li><li>Use \u201cHellblade DX11\u201d desktop icon to run the game on Windows 7</li></ul><div ><div><h2>Game Description</h2></div><div >From the makers of Heavenly Sword, Enslaved: Odyssey to the West, and DmC: Devil May Cry, comes a warrior\u2019s brutal journey into myth and madness.<p><b>2021 Update:</b><br>Return to Helheim and experience Senua\u2019s world through new eyes with enriched visuals and new features. Upgraded materials, particles and LOD, DirectX Raytracing and optimised performance with NVIDIA DLSS and AMD FSR support. We have also used this opportunity to include some key accessibility improvements, including full controller remapping and colour blindness settings.</p><p>Set in the Viking age, a broken Celtic warrior embarks on a haunting vision quest into Viking Hell to fight for the soul of her dead lover.</p><p>Created in collaboration with neuroscientists and people who experience psychosis, Hellblade: Senua\u2019s Sacrifice will pull you deep into Senua\u2019s mind.</p><p><b>Hellblade: Senua\u2019s Sacrifice \u2013 Enhanced Edition</b></p><p>This new build includes Ray Tracing presets (Low, Medium, High), with Ray Traced reflections, plus Ray Traced shadows exclusive to the High preset. We think this brings a new depth to Helheim never seen before, so we\u2019re excited for people to retread Senua\u2019s steps in an even more immersive environment.</p><p>Hellblade on PC now also supports both DirectX 11 and 12, with support for NVIDIA DLSS and AMD FSR upscaling for an optimised experience.</p></div></div><p><b>Backwards Compatibility</b></p><p>This repack is NOT backwards compatible with my previous Hellblade repacks.</p>             </div>"
}