{
    "link": "https://fitgirl-repacks.site/hell-architect/",
    "title": "Hell Architect \u2013 v1.0.2",
    "first_img": "https://i7.imageban.ru/out/2021/08/19/4a3caffa80206f81f8cd1bd0a84cc5e4.jpg",
    "second_img": "https://s01.riotpixels.net/data/56/0d/560d4622-7ada-480f-9f85-4bcdd212df60.jpg.240p.jpg",
    "body": "<div ><h2>Hell Architect \u2013 v1.0.2</h2><p ><div><a target=\"_blank\" href=\"https://en.riotpixels.com/games/hell-architect/\" rel=\"noopener\"><img class=\"alignleft\" width=\"150\" src=\"https://i7.imageban.ru/out/2021/08/19/4a3caffa80206f81f8cd1bd0a84cc5e4.jpg\"></a></div><br>Genres/Tags: <strong>Managerial, Side, Real-time, 2D</strong><br>Companies: <strong>Woodland Games, Leonardo Interactive</strong><br>Languages: <strong>RUS/ENG/MULTI12</strong><br>Original Size: <strong>531 MB</strong><br>Repack Size: <strong>445 MB</strong></p>&nbsp;<div>&nbsp;</div><h3>Download Mirrors</h3><ul><li><a href=\"https://1337x.to/torrent/4956871/Hell-Architect-v1-0-2-MULTi12-FitGirl-Repack/\" target=\"_blank\" rel=\"noopener\">1337x</a> | [<a href=\"magnet:?xt=urn:btih:ED0B29A48FB2C586F9339E96BC699924A159B3D2&amp;dn=Hell+Architect+%28v1.0.2%2C+MULTi12%29+%5BFitGirl+Repack%5D&amp;tr=udp%3A%2F%2F46.148.18.250%3A2710&amp;tr=udp%3A%2F%2Fopentor.org%3A2710&amp;tr=udp%3A%2F%2Ftracker.coppersurfer.tk%3A6969%2Fannounce&amp;tr=udp%3A%2F%2Ftracker.opentrackr.org%3A1337%2Fannounce&amp;tr=http%3A%2F%2Ftracker.dler.org%3A6969%2Fannounce&amp;tr=udp%3A%2F%2Ftracker.leechers-paradise.org%3A6969%2Fannounce&amp;tr=udp%3A%2F%2F9.rarbg.me%3A2730%2Fannounce&amp;tr=udp%3A%2F%2F9.rarbg.to%3A2770%2Fannounce&amp;tr=udp%3A%2F%2Ftracker.pirateparty.gr%3A6969%2Fannounce&amp;tr=http%3A%2F%2Fretracker.local%2Fannounce&amp;tr=http%3A%2F%2Fretracker.ip.ncnet.ru%2Fannounce&amp;tr=udp%3A%2F%2Fexodus.desync.com%3A6969%2Fannounce&amp;tr=udp%3A%2F%2Fipv4.tracker.harry.lu%3A80%2Fannounce&amp;tr=udp%3A%2F%2Fopen.stealth.si%3A80%2Fannounce&amp;tr=udp%3A%2F%2Ftracker.zer0day.to%3A1337%2Fannounce&amp;tr=udp%3A%2F%2Ftracker.leechers-paradise.org%3A6969%2Fannounce&amp;tr=udp%3A%2F%2Fcoppersurfer.tk%3A6969%2Fannounce\">magnet</a>] [<a href=\"https://pastefg.hermietkreeft.site/?438c45779c5b9f61#3Kh3D47zoiDBBFGWtZjpfopnEWBpEJ9uYqhTYjuj2TVo\" target=\"_blank\" rel=\"noopener\">.torrent file only</a>] <br><img src=\"https://torrent-stats.info/9e96/2d19f4598.png\" style=\"display:block;clear:both\"></li><li><a href=\"http://rutor.info/torrent/830338/hell-architect-v-1.0.2-2021-pc-repack-ot-fitgirl\" target=\"_blank\" rel=\"noopener\">RuTor</a> [<a href=\"magnet:?xt=urn:btih:ed0b29a48fb2c586f9339e96bc699924a159b3d2&amp;dn=rutor.info_Hell+Architect+%5Bv+1.0.2%5D+%282021%29+PC+%7C+RePack+%D0%BE%D1%82+FitGirl&amp;tr=udp://opentor.org:2710&amp;tr=udp://opentor.org:2710&amp;tr=http://retracker.local/announce\">magnet</a>]</li><li><a href=\"https://tapochek.net/viewtopic.php?p=2795448\" target=\"_blank\" rel=\"noopener\">Tapochek.net</a></li><li><a href=\"https://pastefg.hermietkreeft.site/?adc4da51c40290df#8GA1gwwix4LKCBLT1R5axgb1k5AvMZMAEcz5TcuyXZnK\" target=\"_blank\" rel=\"noopener\">Filehoster: MultiUpload</a> (10+ hosters, interchangeable) [Use <a href=\"http://jdownloader.org/jdownloader2\" target=\"_blank\" rel=\"noopener\">JDownloader2</a>]</li><li><a href=\"https://pastefg.hermietkreeft.site/?afc89efc5a3a6455#BDkKVNAueGSjeSbudfWELDaAhmYx3to9EqG1mawzmTzy\" target=\"_blank\" rel=\"noopener\">Filehoster: PixelDrain</a></li><li><a href=\"https://pastefg.hermietkreeft.site/?28ab15e34265fabe#57Y13R53Lj2WJjvVr3pydS3TGyzD8UtvLtxjRiQbtLcL\" target=\"_blank\" rel=\"noopener\">Filehoster: ZippyShare</a></li><li><a href=\"https://pastefg.hermietkreeft.site/?eacdcfb35a6660f9#tucjTozVzair7TA5UBdpTvmJisZde3aJG6e6iAnVUBB\" target=\"_blank\" rel=\"noopener\">Filehoster: LetsUpload</a> [Use <a href=\"http://jdownloader.org/jdownloader2\" target=\"_blank\" rel=\"noopener\">JDownloader2</a>]</li><li><a href=\"https://pastefg.hermietkreeft.site/?a2a330a6ab211242#FvfS4fxQZTrBCX5Ud648fp13uPjAJA5qNZJc1x4RXTDN\" target=\"_blank\" rel=\"noopener\">Filehoster: OneDrive</a> (Uploaded by DyR0 t(-_-t), NOT compatible with other mirrors)</li></ul><p><a href=\"https://cs.rin.ru/forum/viewtopic.php?f=10&amp;t=96371\" target=\"_blank\" rel=\"noopener\">Discussion and (possible) future updates on CS.RIN.RU thread</a></p><h3>Screenshots (Click to enlarge)</h3><p><a target=\"_blank\" href=\"https://en.riotpixels.com/games/hell-architect/screenshots/7/?utm_source=emb-gfx-html&amp;utm_medium=image&amp;utm_campaign=rp-mass\" rel=\"noopener\"><img loading=\"lazy\" width=\"178\" height=\"100\" border=\"0\" src=\"https://s01.riotpixels.net/data/56/0d/560d4622-7ada-480f-9f85-4bcdd212df60.jpg.240p.jpg\"></a><a target=\"_blank\" href=\"https://en.riotpixels.com/games/hell-architect/screenshots/5/?utm_source=emb-gfx-html&amp;utm_medium=image&amp;utm_campaign=rp-mass\" rel=\"noopener\"><img loading=\"lazy\" width=\"178\" height=\"100\" border=\"0\" src=\"https://s01.riotpixels.net/data/c3/77/c37780c9-6c8e-480f-9f7a-f01e372d57b3.jpg.240p.jpg\"></a><a target=\"_blank\" href=\"https://en.riotpixels.com/games/hell-architect/screenshots/4/?utm_source=emb-gfx-html&amp;utm_medium=image&amp;utm_campaign=rp-mass\" rel=\"noopener\"><img loading=\"lazy\" width=\"179\" height=\"100\" border=\"0\" src=\"https://s01.riotpixels.net/data/2d/67/2d67879a-217d-46e8-a02c-6f9964425634.jpg.240p.jpg\"></a><br><a target=\"_blank\" href=\"https://en.riotpixels.com/games/hell-architect/screenshots/3/?utm_source=emb-gfx-html&amp;utm_medium=image&amp;utm_campaign=rp-mass\" rel=\"noopener\"><img loading=\"lazy\" width=\"178\" height=\"100\" border=\"0\" src=\"https://s01.riotpixels.net/data/b5/34/b53463f0-8f2f-4b38-9d3e-1b295c095c71.jpg.240p.jpg\"></a><a target=\"_blank\" href=\"https://en.riotpixels.com/games/hell-architect/screenshots/2/?utm_source=emb-gfx-html&amp;utm_medium=image&amp;utm_campaign=rp-mass\" rel=\"noopener\"><img loading=\"lazy\" width=\"178\" height=\"100\" border=\"0\" src=\"https://s01.riotpixels.net/data/a4/3a/a43ae32e-6735-482e-9c47-0d347b562062.jpg.240p.jpg\"></a><a target=\"_blank\" href=\"https://en.riotpixels.com/games/hell-architect/screenshots/1/?utm_source=emb-gfx-html&amp;utm_medium=image&amp;utm_campaign=rp-mass\" rel=\"noopener\"><img loading=\"lazy\" width=\"178\" height=\"100\" border=\"0\" src=\"https://s01.riotpixels.net/data/4f/82/4f821325-5112-4bda-ac8c-c40d3e245bac.jpg.240p.jpg\"></a></p><h3>Repack Features</h3><ul><li>Based on Hell.Architect-PLAZA ISO release: plaza-hell.architect.iso (556,695,552 bytes)</li><li>100% Lossless &amp; MD5 Perfect: all files are identical to originals after installation</li><li>NOTHING ripped, NOTHING re-encoded</li><li>Slightly smaller archive size (compressed from 531 to 445 MB)</li><li>Installation takes less than a minute</li><li>After-install integrity check so you could make sure that everything installed properly</li><li>HDD space after installation: 1.6 GB</li><li>Language can be changed in game settings</li><li>At least 2 GB of free RAM (inc. virtual) required for installing this repack</li></ul><div ><div><h2>Game Description</h2></div><div >Hell Architect is a game about building and managing your own hell. You take on a role of a hell manager and are tasked with developing the underworld in a way that would make Lucifer himself fall off his chair.<p>Create a hell of your dreams \u2013 will it have the infamous 9 levels, or will you create your own chaos, the way you see fit?</p><p>You begin with some basic buildings, like power stations (yup, they need those in hell, too!) and canteens, work your way through shrines and toilets and finish off with some intricate torture contraptions.</p><p>You can treat the sinners sent to your humble abode to different, fun (or not) sources of suffering \u2013 be it by punishing them for disobedience or just doing it for fun. Your hell, your choices.</p><p>Hell Architect is a title inspired by games such as Dungeon Keeper, Oxygen Not Included and Prison Architect but does everything in its own, hellish style.</p><p><b><h3>Game Features</h3></b></p><ul><li>BUILD AND MANAGE YOUR HELL</li><li>GROW YOUR POPULATION</li><li>TAKE CARE OF THE SINNERS</li><li>SCENARIOS &amp; SANDBOX MODE</li><li>DEVELOP BUILDINGS</li><li>SUMMON LEGENDARY CHARACTERS WITH UNIQUE ABILITIES</li><li>GATHER RESOURCES</li><li>UPGRADE BUILDINGS</li></ul></div></div>             </div>"
}