{
    "link": "https://fitgirl-repacks.site/henrys-day/",
    "title": "Henry\u2019s Day",
    "first_img": "https://i1.imageban.ru/out/2021/11/16/bac4d9039158b3dfcdfe265e2696db41.jpg",
    "second_img": "https://s01.riotpixels.net/data/b1/c1/b1c161f3-ecea-4d40-8354-69f34005cb57.jpg.240p.jpg",
    "body": "<div ><h2>Henry\u2019s Day</h2><p ><div><a target=\"_blank\" href=\"https://en.riotpixels.com/games/henrys-day/\" rel=\"noopener\"><img class=\"alignleft\" width=\"150\" src=\"https://i1.imageban.ru/out/2021/11/16/bac4d9039158b3dfcdfe265e2696db41.jpg\"></a></div><br>Genres/Tags: <strong>Adventure, Exploration, Driving, Open world, Third-person, 3D</strong><br>Company: <strong>Elusive Panda</strong><br>Language: <strong>ENG</strong><br>Original Size: <strong>4.7 GB</strong><br>Repack Size: <strong>3/3.1 GB</strong></p>&nbsp;<div>&nbsp;</div><h3>Download Mirrors</h3><ul><li><a href=\"https://1337x.to/torrent/5054179/Henry-s-Day-FitGirl-Repack-Selective-Download-from-3-GB/\" target=\"_blank\" rel=\"noopener\">1337x</a> | [<a href=\"magnet:?xt=urn:btih:880B9594BBF9CF74D81FED18E04165E54ADFBB5C&amp;dn=Henry%26%23039%3Bs+Day+%5BFitGirl+Repack%2C+Selective+Download+-+from+3+GB%5D&amp;tr=udp%3A%2F%2F46.148.18.250%3A2710&amp;tr=udp%3A%2F%2Fopentor.org%3A2710&amp;tr=udp%3A%2F%2Ftracker.coppersurfer.tk%3A6969%2Fannounce&amp;tr=udp%3A%2F%2Ftracker.opentrackr.org%3A1337%2Fannounce&amp;tr=http%3A%2F%2Ftracker.dler.org%3A6969%2Fannounce&amp;tr=udp%3A%2F%2Ftracker.leechers-paradise.org%3A6969%2Fannounce&amp;tr=udp%3A%2F%2F9.rarbg.me%3A2730%2Fannounce&amp;tr=udp%3A%2F%2F9.rarbg.to%3A2770%2Fannounce&amp;tr=udp%3A%2F%2Ftracker.pirateparty.gr%3A6969%2Fannounce&amp;tr=http%3A%2F%2Fretracker.local%2Fannounce&amp;tr=http%3A%2F%2Fretracker.ip.ncnet.ru%2Fannounce&amp;tr=udp%3A%2F%2Fexodus.desync.com%3A6969%2Fannounce&amp;tr=udp%3A%2F%2Fipv4.tracker.harry.lu%3A80%2Fannounce&amp;tr=udp%3A%2F%2Fopen.stealth.si%3A80%2Fannounce&amp;tr=udp%3A%2F%2Ftracker.zer0day.to%3A1337%2Fannounce&amp;tr=udp%3A%2F%2Ftracker.leechers-paradise.org%3A6969%2Fannounce&amp;tr=udp%3A%2F%2Fcoppersurfer.tk%3A6969%2Fannounce\">magnet</a>] [<a href=\"https://pastefg.hermietkreeft.site/?be938ef8f5cfcd7b#aUoDnjso1jac1GNpWX6kNky2CnWb7iyr9AtTwMDazWj\" target=\"_blank\" rel=\"noopener\">.torrent file only</a>] <br><img src=\"https://torrent-stats.info/ed18/450f49698.png\" style=\"display:block;clear:both\"></li><li><a href=\"https://tapochek.net/viewtopic.php?p=2812894\" target=\"_blank\" rel=\"noopener\">Tapochek.net</a></li><li><a href=\"https://pastefg.hermietkreeft.site/?5c415219f7351875#4TvvV3BcuAh7gmVcwXJrM2MiBMZPaPVgvuighgZSMz14\" target=\"_blank\" rel=\"noopener\">Filehoster: MultiUpload</a> (10+ hosters, interchangeable) [Use <a href=\"http://jdownloader.org/jdownloader2\" target=\"_blank\" rel=\"noopener\">JDownloader2</a>]</li><li><a href=\"https://pastefg.hermietkreeft.site/?5edc4fe6d6368ed7#2TUmpTzNokRDqWQWqq5BKoBZB35JGHTEkP2DaoFeiXdo\" target=\"_blank\" rel=\"noopener\">Filehoster: ZippyShare</a></li><li><a href=\"https://pastefg.hermietkreeft.site/?67442a74af264577#2MBHb4t5zPhYb6xvXx1hE8GBHEn375uqskZrvk5SbFBD\" target=\"_blank\" rel=\"noopener\">Filehoster: BayFiles</a></li><li><a href=\"https://pastefg.hermietkreeft.site/?52a20e06d0c71a29#BAqV6AvARVtR6tAmgA17Pg6Kb96Xikou8QUfncbX4ybg\" target=\"_blank\" rel=\"noopener\">Filehoster: LetsUpload</a> [Use <a href=\"http://jdownloader.org/jdownloader2\" target=\"_blank\" rel=\"noopener\">JDownloader2</a>]</li><li><a href=\"https://pastefg.hermietkreeft.site/?52a20e06d0c71a29#BAqV6AvARVtR6tAmgA17Pg6Kb96Xikou8QUfncbX4ybg\" target=\"_blank\" rel=\"noopener\">Filehoster: OneDrive</a> (Uploaded by DyR0 t(-_-t), NOT compatible with other mirrors)</li><p><!--  <li><a href=\"\" target=\"_blank\" rel=\"noopener\">Filehosters: Google Drive, OneDrive + others</a> (Uploaded by crackhub213)</li>  --></p></ul><p><a href=\"https://cs.rin.ru/forum/viewtopic.php?f=10&amp;t=117085\" target=\"_blank\" rel=\"noopener\">Discussion and (possible) future updates on CS.RIN.RU thread</a></p><h3>Screenshots (Click to enlarge)</h3><p><a target=\"_blank\" href=\"https://en.riotpixels.com/games/henrys-day/screenshots/6/?utm_source=emb-gfx-html&amp;utm_medium=image&amp;utm_campaign=rp-mass\" rel=\"noopener\"><img loading=\"lazy\" width=\"178\" height=\"100\" border=\"0\" src=\"https://s01.riotpixels.net/data/b1/c1/b1c161f3-ecea-4d40-8354-69f34005cb57.jpg.240p.jpg\"></a><a target=\"_blank\" href=\"https://en.riotpixels.com/games/henrys-day/screenshots/5/?utm_source=emb-gfx-html&amp;utm_medium=image&amp;utm_campaign=rp-mass\" rel=\"noopener\"><img loading=\"lazy\" width=\"178\" height=\"100\" border=\"0\" src=\"https://s01.riotpixels.net/data/ce/27/ce27f43a-b6f7-4418-b881-976560bf8e14.jpg.240p.jpg\"></a><a target=\"_blank\" href=\"https://en.riotpixels.com/games/henrys-day/screenshots/4/?utm_source=emb-gfx-html&amp;utm_medium=image&amp;utm_campaign=rp-mass\" rel=\"noopener\"><img loading=\"lazy\" width=\"178\" height=\"100\" border=\"0\" src=\"https://s01.riotpixels.net/data/45/aa/45aaf496-e218-4693-b649-b0a2409eb2ae.jpg.240p.jpg\"></a><br><a target=\"_blank\" href=\"https://en.riotpixels.com/games/henrys-day/screenshots/3/?utm_source=emb-gfx-html&amp;utm_medium=image&amp;utm_campaign=rp-mass\" rel=\"noopener\"><img loading=\"lazy\" width=\"178\" height=\"100\" border=\"0\" src=\"https://s01.riotpixels.net/data/55/d2/55d249fc-30de-4709-90b0-0f0b6d8010d0.jpg.240p.jpg\"></a><a target=\"_blank\" href=\"https://en.riotpixels.com/games/henrys-day/screenshots/2/?utm_source=emb-gfx-html&amp;utm_medium=image&amp;utm_campaign=rp-mass\" rel=\"noopener\"><img loading=\"lazy\" width=\"178\" height=\"100\" border=\"0\" src=\"https://s01.riotpixels.net/data/ff/9c/ff9c3428-1549-4a1f-bbd9-e8f605d38504.jpg.240p.jpg\"></a><a target=\"_blank\" href=\"https://en.riotpixels.com/games/henrys-day/screenshots/1/?utm_source=emb-gfx-html&amp;utm_medium=image&amp;utm_campaign=rp-mass\" rel=\"noopener\"><img loading=\"lazy\" width=\"178\" height=\"100\" border=\"0\" src=\"https://s01.riotpixels.net/data/f6/20/f6209dd3-9a43-434c-b24c-d26e96db07e9.jpg.240p.jpg\"></a></p><h3>Repack Features</h3><ul><li>Based on Henrys.Day-PLAZA ISO release: plaza-henrys.day.iso (5,018,877,952 bytes)</li><li>100% Lossless &amp; MD5 Perfect: all files are identical to originals after installation</li><li>NOTHING ripped, NOTHING re-encoded</li><li>Selective Download feature: you may skip downloading and installing of unused game video</li><li>Significantly smaller archive size (compressed from 4.7 to 3/3.1 GB)</li><li>Installation takes 2-3 minutes (depending on your system)</li><li>After-install integrity check so you could make sure that everything installed properly</li><li>HDD space after installation: 10.1 GB</li><li>At least 2 GB of free RAM (inc. virtual) required for installing this repack</li></ul><div ><div><h2>Game Description</h2></div><div >In this adventure game you play as Henry, a young man living in Summer City who\u2019s stuck in a recurring day. Your job is to help Henry find out why he is stuck in the same day and help him get out.<p><b>EXPLORE SUMMER CITY:</b><br>There\u2019s lots to see in Summer City. From the tall buildings to the beautiful park to the various businesses, exploration will play a key role during your experience.</p><p>The game world is set in an open world and there are several buildings that you can seamlessly walk inside of. You\u2019ll want to pay close attention to your surroundings as some locations may offer clues as to what steps are needed to escape the recurring day.</p><p><b>MEET THE LOCALS:</b><br>Due to the friendly nature of the locals you\u2019ll find that many people are willing to engage in a conversation with you. One of the main features of the game is player driven dialogue, so you\u2019ll be able to choose Henry\u2019s responses in certain scenarios.</p><p><b>COLLECT THE ITEMS:</b><br>Some locals may give you items if they like you or if you help them. You\u2019ll find that an item that one person gives you may be useful to someone else. Items can be gifted or exchanged with others. Collecting and exchanging the right items will help you to discover why Henry is stuck in the same day.</p><p><b>WATCH THE TIME:</b><br>Because Henry is stuck in the same day he only has one day to do everything in order to escape. Through trial and error you will need to figure out who are the right people to talk to and what items are needed so that you can take the necessary steps to escape before the day restarts.</p><p>There is a timer on the screen which represents the amount of time left until the day resets. There\u2019s also an in-game day and night cycle which will give a good indication of when the day is about to start over. When the day resets you will end up back at Henry\u2019s apartment.</p><p><b><h3>Game Features</h3></b></p><ul><li>Open world exploration</li><li>3rd/1st person gameplay</li><li>Player choice dialogue options</li><li>Story driven content</li><li>Multiple Endings</li><li>Side Quests</li></ul></div></div>             </div>"
}