{
    "link": "https://fitgirl-repacks.site/hero-siege/",
    "title": "Hero Siege \u2013 v5.5.0.0 + All DLCs",
    "first_img": "https://i3.imageban.ru/out/2021/11/09/69cb8988bd881fb4da46f456c7502516.jpg",
    "second_img": "https://s01.riotpixels.net/data/8b/24/8b246635-3e5d-4b20-a71c-45ae5aa303f0.jpg.240p.jpg",
    "body": "<div ><h2>Hero Siege \u2013 v5.5.0.0 + All DLCs</h2><p ><div><a target=\"_blank\" href=\"https://en.riotpixels.com/games/hero-siege/\" rel=\"noopener\"><img class=\"alignleft\" width=\"150\" src=\"https://i3.imageban.ru/out/2021/11/09/69cb8988bd881fb4da46f456c7502516.jpg\"></a></div><br>Genres/Tags: <strong>Action, RPG, Hack n\u2019Slash, Isometric, 2D</strong><br>Companies: <strong>Elias Viglione, Jussi Kukkonen, Panic Art Studios</strong><br>Languages: <strong>RUS/ENG/MULTI8</strong><br>Original Size: <strong>1.4 GB</strong><br>Repack Size: <strong>413 MB</strong></p>&nbsp;<div>&nbsp;</div><h3>Download Mirrors</h3><ul><li><a href=\"https://1337x.to/torrent/5045252/Hero-Siege-v5-5-0-0-All-DLCs-MULTi8-FitGirl-Repack/\" target=\"_blank\" rel=\"noopener\">1337x</a> | [<a href=\"magnet:?xt=urn:btih:E1BF0E7960568E169237127757495B0CD2068224&amp;dn=Hero+Siege+%28v5.5.0.0+%2B+All+DLCs%2C+MULTi8%29+%5BFitGirl+Repack%5D&amp;tr=udp%3A%2F%2F46.148.18.250%3A2710&amp;tr=udp%3A%2F%2Fopentor.org%3A2710&amp;tr=udp%3A%2F%2Ftracker.coppersurfer.tk%3A6969%2Fannounce&amp;tr=udp%3A%2F%2Ftracker.opentrackr.org%3A1337%2Fannounce&amp;tr=http%3A%2F%2Ftracker.dler.org%3A6969%2Fannounce&amp;tr=udp%3A%2F%2Ftracker.leechers-paradise.org%3A6969%2Fannounce&amp;tr=udp%3A%2F%2F9.rarbg.me%3A2730%2Fannounce&amp;tr=udp%3A%2F%2F9.rarbg.to%3A2770%2Fannounce&amp;tr=udp%3A%2F%2Ftracker.pirateparty.gr%3A6969%2Fannounce&amp;tr=http%3A%2F%2Fretracker.local%2Fannounce&amp;tr=http%3A%2F%2Fretracker.ip.ncnet.ru%2Fannounce&amp;tr=udp%3A%2F%2Fexodus.desync.com%3A6969%2Fannounce&amp;tr=udp%3A%2F%2Fipv4.tracker.harry.lu%3A80%2Fannounce&amp;tr=udp%3A%2F%2Fopen.stealth.si%3A80%2Fannounce&amp;tr=udp%3A%2F%2Ftracker.zer0day.to%3A1337%2Fannounce&amp;tr=udp%3A%2F%2Ftracker.leechers-paradise.org%3A6969%2Fannounce&amp;tr=udp%3A%2F%2Fcoppersurfer.tk%3A6969%2Fannounce\">magnet</a>] [<a href=\"https://pastefg.hermietkreeft.site/?744aa1914c88cf94#2NmPcpzPcg3aiDNsktsZBDvqhe4SBYpAVbXoVCMDQVVn\" target=\"_blank\" rel=\"noopener\">.torrent file only</a>] <br><img src=\"https://torrent-stats.info/1277/55d44c6c.png\" style=\"display:block;clear:both\"></li><li><a href=\"http://rutor.info/torrent/844567/hero-siege-v-5.5.0.0-dlcs-2014-pc-repack-ot-fitgirl\" target=\"_blank\" rel=\"noopener\">RuTor</a> [<a href=\"\">magnet</a>]</li><li><a href=\"https://tapochek.net/viewtopic.php?p=2810834\" target=\"_blank\" rel=\"noopener\">Tapochek.net</a></li><li><a href=\"https://pastefg.hermietkreeft.site/?0a8c9b54b3e8032f#3v6xBTQ2m8St9a8mkQQ4xrKvmHaE5nYpLYFGG8LrEf6f\" target=\"_blank\" rel=\"noopener\">Filehoster: MultiUpload</a> (10+ hosters, interchangeable) [Use <a href=\"http://jdownloader.org/jdownloader2\" target=\"_blank\" rel=\"noopener\">JDownloader2</a>]</li><li><a href=\"https://pastefg.hermietkreeft.site/?2a67d8e70c7c24db#GFc9VU684JXr4Pi5jiwHw63v3a2tVdeMo3eqvtao5irb\" target=\"_blank\" rel=\"noopener\">Filehoster: ZippyShare</a></li><li><a href=\"https://pastefg.hermietkreeft.site/?6a4eb0e6e466c3c5#D1CjHFEJmuTT1c6kva3mXQbXFjNEwmY2xzNQxc4s4K6Y\" target=\"_blank\" rel=\"noopener\">Filehoster: BayFiles</a></li><li><a href=\"https://pastefg.hermietkreeft.site/?41b83ba732b9e3c6#F5e8UJXtgLBCnLRYFn2TCsfZhyfQG1BRPYTiS5FYBEJf\" target=\"_blank\" rel=\"noopener\">Filehoster: LetsUpload</a> [Use <a href=\"http://jdownloader.org/jdownloader2\" target=\"_blank\" rel=\"noopener\">JDownloader2</a>]</li><li><a href=\"https://pastefg.hermietkreeft.site/?4cea398080731b15#2yiwTiSydf2drFkN81Sr7HjqSU5XvsAvyK3DZeYjsc5T\" target=\"_blank\" rel=\"noopener\">Filehoster: OneDrive</a> (Uploaded by DyR0 t(-_-t), NOT compatible with other mirrors)</li><p><!--  <li><a href=\"\" target=\"_blank\" rel=\"noopener\">Filehosters: Google Drive, OneDrive + others</a> (Uploaded by crackhub213)</li>  --></p></ul><p><a href=\"https://cs.rin.ru/forum/viewtopic.php?f=10&amp;t=64641\" target=\"_blank\" rel=\"noopener\">Discussion and (possible) future updates on CS.RIN.RU thread</a></p><h3>Screenshots (Click to enlarge)</h3><p><a target=\"_blank\" href=\"https://en.riotpixels.com/games/hero-siege/screenshots/14/?utm_source=emb-gfx-html&amp;utm_medium=image&amp;utm_campaign=rp-mass\" rel=\"noopener\"><img loading=\"lazy\" width=\"178\" height=\"100\" border=\"0\" src=\"https://s01.riotpixels.net/data/8b/24/8b246635-3e5d-4b20-a71c-45ae5aa303f0.jpg.240p.jpg\"></a><a target=\"_blank\" href=\"https://en.riotpixels.com/games/hero-siege/screenshots/12/?utm_source=emb-gfx-html&amp;utm_medium=image&amp;utm_campaign=rp-mass\" rel=\"noopener\"><img loading=\"lazy\" width=\"178\" height=\"100\" border=\"0\" src=\"https://s01.riotpixels.net/data/d1/8c/d18c116f-63be-4547-8977-600511300fcf.jpg.240p.jpg\"></a><a target=\"_blank\" href=\"https://en.riotpixels.com/games/hero-siege/screenshots/11/?utm_source=emb-gfx-html&amp;utm_medium=image&amp;utm_campaign=rp-mass\" rel=\"noopener\"><img loading=\"lazy\" width=\"178\" height=\"100\" border=\"0\" src=\"https://s01.riotpixels.net/data/30/c5/30c58f91-4827-437e-8240-9f22e6bef7b2.jpg.240p.jpg\"></a><br><a target=\"_blank\" href=\"https://en.riotpixels.com/games/hero-siege/screenshots/10/?utm_source=emb-gfx-html&amp;utm_medium=image&amp;utm_campaign=rp-mass\" rel=\"noopener\"><img loading=\"lazy\" width=\"178\" height=\"100\" border=\"0\" src=\"https://s01.riotpixels.net/data/ad/24/ad2497fc-160d-47ee-a3d2-5f13e0f63bf5.jpg.240p.jpg\"></a><a target=\"_blank\" href=\"https://en.riotpixels.com/games/hero-siege/screenshots/9/?utm_source=emb-gfx-html&amp;utm_medium=image&amp;utm_campaign=rp-mass\" rel=\"noopener\"><img loading=\"lazy\" width=\"178\" height=\"100\" border=\"0\" src=\"https://s01.riotpixels.net/data/14/54/1454a757-4138-4163-a535-27557bc38742.jpg.240p.jpg\"></a><a target=\"_blank\" href=\"https://en.riotpixels.com/games/hero-siege/screenshots/1/?utm_source=emb-gfx-html&amp;utm_medium=image&amp;utm_campaign=rp-mass\" rel=\"noopener\"><img loading=\"lazy\" width=\"178\" height=\"100\" border=\"0\" src=\"https://s01.riotpixels.net/data/ae/4a/ae4a67be-3719-45b4-844d-eb9f381d630a.jpg.240p.jpg\"></a></p><h3>Repack Features</h3><ul><li>Based on Hero.Siege.Season.14-PLAZA ISO release: plaza-hero.siege.season.14.iso (1,533,640,704 bytes)</li><li>Game version: v5.5.0.0; All released DLCs are included and activated</li><li>100% Lossless &amp; MD5 Perfect: all files are identical to originals after installation</li><li>NOTHING ripped, NOTHING re-encoded; You can skip installing of Linux and Mac builds, which are included in repack for compatibility with future patches</li><li>Significantly smaller archive size (compressed from 1.4 GB to 413 MB)</li><li>Installation takes one minute</li><li>After-install integrity check so you could make sure that everything installed properly</li><li>HDD space after installation: up to 2.4 GB (3.2 GB during installation)</li><li>Language can be changed in game settings</li><li>At least 2 GB of free RAM (inc. virtual) required for installing this repack</li></ul><div ><div><h2>Game Description</h2></div><div >Hero Siege is a Hack \u2018n\u2019 Slash game with roguelike- &amp; RPG elements. Annihilate hordes of enemies, grow your talent tree, grind better loot and explore up to 7 Acts enhanced with beautiful Pixel Art graphics! This game offers countless hours of gameplay and up to 4 player online multiplayer!<p><b>17 Classes to choose from!</b><br>Choose from up to 17 classes for your journey through the world of Hero Siege! 8 Classes are available in the base game and the rest can be unlocked as extra content via DLC! Every class has 2 unique talent tree, set of abilities and unique voice acting!</p><p><b>Loot &amp; Inventory!</b><br>Like any good Hack N Slash game, Hero Siege has an Loot/Inventory system. Loot drops can be of several different rarities such as Normal, Magic, Rare, Legendary, Mythic and Satanic! The loot system gives you the opportunity to build your Hero just the way you want!</p><p><b>Online Multiplayer for up to 4 Players!</b><br>Gather up to 3 friends and fight together against the forces of evil! The online multiplayer also has leader boards for Hero Levels and Wormhole rankings. Every class has its own solo leader board. In the end of every season, the best players are awarded with seasonal rewards!</p><p><b>Random Generated World!</b><br>The world is randomly generated so the zones are always fresh and different filled with secret dungeons, crypts, treasure and hazards! The game consists of 7 Acts with 5 levels + end boss each. The levels contain secret dungeons that can be explored.</p><p><b>30+ Unique Bosses to fight!</b><br>Hero Siege contains a wide arsenal of different enemies and bosses. The game holds over 30 unique crafted boss fights as well as enemies that vary in rarity and have special attacks. Higher rarity enemies give more experience and better loot, but are dangerous and harder to kill!</p><p><b><h3>Game Features</h3></b></p><ul><li>Randomly generated levels, items, dungeons, bosses, secrets and events. Every game session you play is different!</li><li>Over 350 unique crafted items that are either passive, usable or orbiting.</li><li>Over 80 different enemies with the possibility to spawn as rare or elite with extra hp/damage and abilities, but dropping better loot and giving more exp!</li><li>Over 30 Achievements to unlock!</li><li>Customize your character with over 60 different hats!</li><li>6 Acts to play through! Extra acts come with Expansion sets!</li><li>Random Dungeons and Crypts to explore and clear from loot and enemies!</li><li>8 playable classes! Extra classes come with Expansion sets!</li><li>4 different difficulty levels to unlock!</li><li>Tons of random! Start discovering all the wonderful secrets and content!</li><li>Loot system with: normal, superior, rare, legendary, mythic and satanic loot!</li><li>Hero Siege has full controller support!</li></ul><p><b>Included DLCs:</b></p><ul><li>Wrath of Mevius</li><li>Wrath of Mevius (Digital Collector\u2019s Edition)</li><li>Companion Bundle</li><li>Extra slots &amp; stash space</li><li>Samurai (Class)</li><li>Cyberpunk Samurai (Class + Skin)</li><li>Fallen Paladin (Class)</li><li>Avenger Paladin (Class + Skin)</li><li>Amazon (Class)</li><li>Shaman (Class)</li><li>Marauder (Class)</li><li>Plague Doctor (Class)</li><li>Shield Lancer (Class)</li><li>Doom Bringer (Skin)</li><li>Zombie Hunter (Skin)</li><li>Nethermancer (Skin)</li><li>Maniac Viking (Skin)</li><li>Maniac Gunner Pirate (Skin)</li><li>Dark Mage (Skin)</li><li>Death Lord Necromancer (Skin)</li><li>Eastfoundian Trooper (Skin)</li><li>Chaos Lancer (Skin)</li><li>Northern Shaman (Skin)</li><li>Gladiator Marauder (Skin)</li><li>Tribal Amazon (Skin)</li><li>Cowboy Redneck (Skin)</li><li>Riftmancer (Skin)</li><li>Bounty Hunter (Skin)</li><li>Vampire Hunter (Skin)</li><li>Arch Angel (Skin)</li><li>Frostbite (Skin)</li><li>Elven Queen (Skin)</li><li>Demonblade (Skin)</li><li>Neko Maid (Skin)</li><li>Entombed Demon (Skin)</li><li>Reanimated Warrior (Skin)</li><li>Dark Angel (Skin)</li><li>Phantom Captain (Skin)</li><li>Neko Viking (Skin)</li><li>Eternal Anguish (Skin)</li></ul></div></div>             </div>"
}