{
    "link": "https://fitgirl-repacks.site/hextech-mayhem-a-league-of-legends-story/",
    "title": "Hextech Mayhem: A League of Legends Story + Ruined Ziggs Skin DLC",
    "first_img": "https://i5.imageban.ru/out/2021/11/18/91a72619265fbfd8c6519e7f5b068047.jpg",
    "second_img": "https://s01.riotpixels.net/data/c6/60/c660e327-0d5d-4169-bd36-de2619e2ba8b.jpg.240p.jpg",
    "body": "<div ><h2>Hextech Mayhem: A League of Legends Story + Ruined Ziggs Skin DLC</h2><p ><div><a target=\"_blank\" href=\"https://en.riotpixels.com/games/hextech-mayhem-a-league-of-legends-story/\" rel=\"noopener\"><img class=\"alignleft\" width=\"150\" src=\"https://i5.imageban.ru/out/2021/11/18/91a72619265fbfd8c6519e7f5b068047.jpg\"></a></div><br>Genres/Tags: <strong>Arcade, Jump and run, Side, 3D</strong><br>Companies: <strong>Choice Provisions, Riot Forge</strong><br>Languages: <strong>RUS/ENG/MULTI15</strong><br>Original Size: <strong>2 GB</strong><br>Repack Size: <strong>1.3 GB</strong></p>&nbsp;<div>&nbsp;</div><h3>Download Mirrors</h3><ul><li><a href=\"https://1337x.to/torrent/5055530/Hextech-Mayhem-A-League-of-Legends-Story-Ruined-Ziggs-Skin-DLC-MULTi15-FitGirl-Repack/\" target=\"_blank\" rel=\"noopener\">1337x</a> | [<a href=\"magnet:?xt=urn:btih:E9495FCC2DAAC2CB6A29353A83C5B46CD1D04A8B&amp;dn=Hextech+Mayhem%3A+A+League+of+Legends+Story+%28%2B+Ruined+Ziggs+Skin+DLC%2C+MULTi15%29+%5BFitGirl+Repack%5D&amp;tr=udp%3A%2F%2F46.148.18.250%3A2710&amp;tr=udp%3A%2F%2Fopentor.org%3A2710&amp;tr=udp%3A%2F%2Ftracker.coppersurfer.tk%3A6969%2Fannounce&amp;tr=udp%3A%2F%2Ftracker.opentrackr.org%3A1337%2Fannounce&amp;tr=http%3A%2F%2Ftracker.dler.org%3A6969%2Fannounce&amp;tr=udp%3A%2F%2Ftracker.leechers-paradise.org%3A6969%2Fannounce&amp;tr=udp%3A%2F%2F9.rarbg.me%3A2730%2Fannounce&amp;tr=udp%3A%2F%2F9.rarbg.to%3A2770%2Fannounce&amp;tr=udp%3A%2F%2Ftracker.pirateparty.gr%3A6969%2Fannounce&amp;tr=http%3A%2F%2Fretracker.local%2Fannounce&amp;tr=http%3A%2F%2Fretracker.ip.ncnet.ru%2Fannounce&amp;tr=udp%3A%2F%2Fexodus.desync.com%3A6969%2Fannounce&amp;tr=udp%3A%2F%2Fipv4.tracker.harry.lu%3A80%2Fannounce&amp;tr=udp%3A%2F%2Fopen.stealth.si%3A80%2Fannounce&amp;tr=udp%3A%2F%2Ftracker.zer0day.to%3A1337%2Fannounce&amp;tr=udp%3A%2F%2Ftracker.leechers-paradise.org%3A6969%2Fannounce&amp;tr=udp%3A%2F%2Fcoppersurfer.tk%3A6969%2Fannounce\">magnet</a>] [<a href=\"https://pastefg.hermietkreeft.site/?486f3dc4592ff8e1#Jas9GS7W1ccGwVB5vEqKkZ4dfCGvqNxBt4ZBrvJzGan\" target=\"_blank\" rel=\"noopener\">.torrent file only</a>] <br><img src=\"https://torrent-stats.info/353a/f827265c.png\" style=\"display:block;clear:both\"></li><li><a href=\"http://rutor.info/torrent/846112/hextech-mayhem-a-league-of-legends-story-dlc-2021-pc-repack-ot-fitgirl\" target=\"_blank\" rel=\"noopener\">RuTor</a> [<a href=\"magnet:?xt=urn:btih:e9495fcc2daac2cb6a29353a83c5b46cd1d04a8b&amp;dn=rutor.info_Hextech+Mayhem%3A+A+League+of+Legends+Story+%5B%2B+DLC%5D+%282021%29+PC+%7C+RePack+%D0%BE%D1%82+FitGirl&amp;tr=udp://opentor.net:6969&amp;tr=udp://opentor.org:2710&amp;tr=http://retracker.local/announce\">magnet</a>]</li><li><a href=\"https://tapochek.net/viewtopic.php?p=2813142\" target=\"_blank\" rel=\"noopener\">Tapochek.net</a></li><li><a href=\"https://pastefg.hermietkreeft.site/?0a6af0a73e852d61#8KnnaVvBnwgKgf4odFNkiF2pgAzLJaJihU99uYbQp1E6\" target=\"_blank\" rel=\"noopener\">Filehoster: MultiUpload</a> (10+ hosters, interchangeable) [Use <a href=\"http://jdownloader.org/jdownloader2\" target=\"_blank\" rel=\"noopener\">JDownloader2</a>]</li><li><a href=\"https://pastefg.hermietkreeft.site/?83e9d3afd03f6f1b#E9Jd8jw4taVCpFRwfAWGurQrAJR6ASsZ2VduyKm5vGeC\" target=\"_blank\" rel=\"noopener\">Filehoster: ZippyShare</a></li><li><a href=\"https://pastefg.hermietkreeft.site/?3d9276ae4dc8fd66#5CmHLeBVmxMr3eCnHYsk5bfy8ddyWk13XRKuTnp8FweX\" target=\"_blank\" rel=\"noopener\">Filehoster: BayFiles</a></li><li><a href=\"https://pastefg.hermietkreeft.site/?0a36e6154bad7087#6bVWzEcAuKDaeD6rbh878pawr7PFhj3X4mLwvwCFtRgF\" target=\"_blank\" rel=\"noopener\">Filehoster: LetsUpload</a> [Use <a href=\"http://jdownloader.org/jdownloader2\" target=\"_blank\" rel=\"noopener\">JDownloader2</a>]</li><li><a href=\"https://pastefg.hermietkreeft.site/?0c462c4968a28b6b#36pzNVjzijyG5fpscZaeLsiV7eYbCsh8fR9Dnwko6Yih\" target=\"_blank\" rel=\"noopener\">Filehoster: OneDrive</a> (Uploaded by DyR0 t(-_-t), NOT compatible with other mirrors)</li><p><!--  <li><a href=\"\" target=\"_blank\" rel=\"noopener\">Filehosters: Google Drive, OneDrive + others</a> (Uploaded by crackhub213)</li>  --></p></ul><p><a href=\"https://cs.rin.ru/forum/viewtopic.php?f=10&amp;t=117149\" target=\"_blank\" rel=\"noopener\">Discussion and (possible) future updates on CS.RIN.RU thread</a></p><h3>Screenshots (Click to enlarge)</h3><p><a target=\"_blank\" href=\"https://en.riotpixels.com/games/hextech-mayhem-a-league-of-legends-story/screenshots/10/?utm_source=emb-gfx-html&amp;utm_medium=image&amp;utm_campaign=rp-mass\" rel=\"noopener\"><img loading=\"lazy\" width=\"178\" height=\"100\" border=\"0\" src=\"https://s01.riotpixels.net/data/c6/60/c660e327-0d5d-4169-bd36-de2619e2ba8b.jpg.240p.jpg\"></a><a target=\"_blank\" href=\"https://en.riotpixels.com/games/hextech-mayhem-a-league-of-legends-story/screenshots/9/?utm_source=emb-gfx-html&amp;utm_medium=image&amp;utm_campaign=rp-mass\" rel=\"noopener\"><img loading=\"lazy\" width=\"178\" height=\"100\" border=\"0\" src=\"https://s01.riotpixels.net/data/7f/ab/7fab3f8c-e5a7-425a-9d82-071e85f982de.jpg.240p.jpg\"></a><a target=\"_blank\" href=\"https://en.riotpixels.com/games/hextech-mayhem-a-league-of-legends-story/screenshots/7/?utm_source=emb-gfx-html&amp;utm_medium=image&amp;utm_campaign=rp-mass\" rel=\"noopener\"><img loading=\"lazy\" width=\"178\" height=\"100\" border=\"0\" src=\"https://s01.riotpixels.net/data/67/b1/67b1389c-c1bd-49f0-b1e4-44d641c1a0c0.jpg.240p.jpg\"></a><br><a target=\"_blank\" href=\"https://en.riotpixels.com/games/hextech-mayhem-a-league-of-legends-story/screenshots/6/?utm_source=emb-gfx-html&amp;utm_medium=image&amp;utm_campaign=rp-mass\" rel=\"noopener\"><img loading=\"lazy\" width=\"178\" height=\"100\" border=\"0\" src=\"https://s01.riotpixels.net/data/e5/e6/e5e6b873-d4db-4d88-932b-6f93ef8da3b6.jpg.240p.jpg\"></a><a target=\"_blank\" href=\"https://en.riotpixels.com/games/hextech-mayhem-a-league-of-legends-story/screenshots/2/?utm_source=emb-gfx-html&amp;utm_medium=image&amp;utm_campaign=rp-mass\" rel=\"noopener\"><img loading=\"lazy\" width=\"178\" height=\"100\" border=\"0\" src=\"https://s01.riotpixels.net/data/69/e7/69e73a6c-d1a9-42be-9f64-d1a5543c7960.jpg.240p.jpg\"></a><a target=\"_blank\" href=\"https://en.riotpixels.com/games/hextech-mayhem-a-league-of-legends-story/screenshots/1/?utm_source=emb-gfx-html&amp;utm_medium=image&amp;utm_campaign=rp-mass\" rel=\"noopener\"><img loading=\"lazy\" width=\"178\" height=\"100\" border=\"0\" src=\"https://s01.riotpixels.net/data/e5/97/e5977f22-1495-45c1-bf7d-1a88af85642b.jpg.240p.jpg\"></a></p><h3>Repack Features</h3><ul><li>Based on Hextech.Mayhem.A.League.of.Legends.Story-CODEX ISO release: codex-hextech.mayhem.a.league.of.legends.story.iso (2,172,289,024 bytes)</li><li>Ruined Ziggs Skin DLC is included and activated</li><li>Alternative Goldberg crack/emu is available in NoDVD folder after installation; thanks to CHESIRE for config!</li><li>100% Lossless &amp; MD5 Perfect: all files are identical to originals after installation</li><li>NOTHING ripped, NOTHING re-encoded</li><li>Significantly smaller archive size (compressed from 2 to 1.3 GB)</li><li>Installation takes 3 minutes</li><li>After-install integrity check so you could make sure that everything installed properly</li><li>HDD space after installation: 3 GB</li><li>Language can be changed in game settings</li><li>Repack uses XTool library by Razor12911</li><li>At least 2 GB of free RAM (inc. virtual) required for installing this repack</li></ul><div ><div><h2>Game Description</h2></div><div >In this fast-paced rhythm runner, every action has an explosive reaction and no amount of mayhem is too much. Take on the role of yordle and Hexplosives expert Ziggs as you rampage through the neighborhoods of Piltover.<p>Bomb, bounce, and bop to the beat of the music to avoid obstacles, disarm enemies, and light fuses to achieve maximum chaos. Cause musical mayhem while outrunning no-fun-allowed Heimerdinger in your quest to build the greatest bomb the world has ever seen!</p><p>Use the Freestyle Mayhem System to create spontaneous blasts and grab bonus points\u2026 all while dodging the fun police and showing them what they\u2019re really missing.</p><p>Leave no fuse unlit in Hextech Mayhem: A League of Legends Story.</p></div></div>             </div>"
}