{
    "link": "https://fitgirl-repacks.site/hoa/",
    "title": "Hoa \u2013 v1.03",
    "first_img": "https://i6.imageban.ru/out/2021/08/24/f63500adcc5318af547c631f2b2e6b66.jpg",
    "second_img": "https://s01.riotpixels.net/data/85/07/85070466-f3d7-4866-89b9-4fa3f787c78f.jpg.240p.jpg",
    "body": "<div ><h2>Hoa \u2013 v1.03</h2><p ><div><a target=\"_blank\" href=\"https://en.riotpixels.com/games/hoa/\" rel=\"noopener\"><img class=\"alignleft\" width=\"150\" src=\"https://i6.imageban.ru/out/2021/08/24/f63500adcc5318af547c631f2b2e6b66.jpg\"></a></div><br>Genres/Tags: <strong>Arcade, Platform adventure, Side, 3D</strong><br>Companies: <strong>Skrollcat Studio, PM Studios, inc., CE-Asia</strong><br>Languages: <strong>RUS/ENG/MULTI16</strong><br>Original Size: <strong>1.4 GB</strong><br>Repack Size: <strong>1 GB</strong></p>&nbsp;<div>&nbsp;</div><h3>Download Mirrors</h3><ul><li><a href=\"https://1337x.to/torrent/4962758/Hoa-v1-03-MULTi16-FitGirl-Repack/\" target=\"_blank\" rel=\"noopener\">1337x</a> | [<a href=\"magnet:?xt=urn:btih:D69ADB71A5312289CB3412FBE43B30C48683CC44&amp;dn=Hoa+%28v1.03%2C+MULTi16%29+%5BFitGirl+Repack%5D&amp;tr=udp%3A%2F%2F46.148.18.250%3A2710&amp;tr=udp%3A%2F%2Fopentor.org%3A2710&amp;tr=udp%3A%2F%2Ftracker.coppersurfer.tk%3A6969%2Fannounce&amp;tr=udp%3A%2F%2Ftracker.opentrackr.org%3A1337%2Fannounce&amp;tr=http%3A%2F%2Ftracker.dler.org%3A6969%2Fannounce&amp;tr=udp%3A%2F%2Ftracker.leechers-paradise.org%3A6969%2Fannounce&amp;tr=udp%3A%2F%2F9.rarbg.me%3A2730%2Fannounce&amp;tr=udp%3A%2F%2F9.rarbg.to%3A2770%2Fannounce&amp;tr=udp%3A%2F%2Ftracker.pirateparty.gr%3A6969%2Fannounce&amp;tr=http%3A%2F%2Fretracker.local%2Fannounce&amp;tr=http%3A%2F%2Fretracker.ip.ncnet.ru%2Fannounce&amp;tr=udp%3A%2F%2Fexodus.desync.com%3A6969%2Fannounce&amp;tr=udp%3A%2F%2Fipv4.tracker.harry.lu%3A80%2Fannounce&amp;tr=udp%3A%2F%2Fopen.stealth.si%3A80%2Fannounce&amp;tr=udp%3A%2F%2Ftracker.zer0day.to%3A1337%2Fannounce&amp;tr=udp%3A%2F%2Ftracker.leechers-paradise.org%3A6969%2Fannounce&amp;tr=udp%3A%2F%2Fcoppersurfer.tk%3A6969%2Fannounce\">magnet</a>] [<a href=\"https://pastefg.hermietkreeft.site/?680e4cfb26632ea5#GYjPcdpmdwtK3BvY2vTAcFsTBKL9qdxfMLiberJvrZFG\" target=\"_blank\" rel=\"noopener\">.torrent file only</a>] <br><img src=\"https://torrent-stats.info/12fb/5677bfcf.png\" style=\"display:block;clear:both\"></li><li><a href=\"http://rutor.info/torrent/831203/hoa-v-1.03-2021-pc-repack-ot-fitgirl\" target=\"_blank\" rel=\"noopener\">RuTor</a> [<a href=\"magnet:?xt=urn:btih:d69adb71a5312289cb3412fbe43b30c48683cc44&amp;dn=rutor.info_Hoa+%5Bv+1.03%5D+%282021%29+PC+%7C+RePack+%D0%BE%D1%82+FitGirl&amp;tr=udp://opentor.org:2710&amp;tr=udp://opentor.org:2710&amp;tr=http://retracker.local/announce\">magnet</a>]</li><li><a href=\"https://tapochek.net/viewtopic.php?p=2796535\" target=\"_blank\" rel=\"noopener\">Tapochek.net</a></li><li><a href=\"https://pastefg.hermietkreeft.site/?67df05fa640bb438#8VsW4C4XYwpCmo4uP9T1J55CkngmznvLoDYb7MrJ8pGd\" target=\"_blank\" rel=\"noopener\">Filehoster: MultiUpload</a> (10+ hosters, interchangeable) [Use <a href=\"http://jdownloader.org/jdownloader2\" target=\"_blank\" rel=\"noopener\">JDownloader2</a>]</li><li><a href=\"https://pastefg.hermietkreeft.site/?e17755b6d0d160ab#CLR6VkPXugiS3EXK9DCrM4dxtPVRjaigtMi9n7ePKRSF\" target=\"_blank\" rel=\"noopener\">Filehoster: PixelDrain</a></li><li><a href=\"https://pastefg.hermietkreeft.site/?047fdcb66e5b3e23#FCvB8N56hAztc9bmPU2qEpRrQfKjyTp5UMHJwXCvCjtB\" target=\"_blank\" rel=\"noopener\">Filehoster: ZippyShare</a></li><li><a href=\"https://pastefg.hermietkreeft.site/?8a2b9f7426a3c84a#7YZQcTYid6quNRUibvpLzk1FeTnc7gjwYHmDWRhPe2vq\" target=\"_blank\" rel=\"noopener\">Filehoster: LetsUpload</a> [Use <a href=\"http://jdownloader.org/jdownloader2\" target=\"_blank\" rel=\"noopener\">JDownloader2</a>]</li><li><a href=\"https://pastefg.hermietkreeft.site/?326d6aafb6c253a7#BbtH6QUgJXdeTYdjkdeSocMpFgJTHciTkxttderHSnxy\" target=\"_blank\" rel=\"noopener\">Filehoster: OneDrive</a> (Uploaded by DyR0 t(-_-t), NOT compatible with other mirrors)</li></ul><p><a href=\"https://cs.rin.ru/forum/viewtopic.php?f=10&amp;t=112002\" target=\"_blank\" rel=\"noopener\">Discussion and (possible) future updates on CS.RIN.RU thread</a></p><h3>Screenshots (Click to enlarge)</h3><p><a target=\"_blank\" href=\"https://en.riotpixels.com/games/hoa/screenshots/8/?utm_source=emb-gfx-html&amp;utm_medium=image&amp;utm_campaign=rp-mass\" rel=\"noopener\"><img loading=\"lazy\" width=\"178\" height=\"100\" border=\"0\" src=\"https://s01.riotpixels.net/data/85/07/85070466-f3d7-4866-89b9-4fa3f787c78f.jpg.240p.jpg\"></a><a target=\"_blank\" href=\"https://en.riotpixels.com/games/hoa/screenshots/7/?utm_source=emb-gfx-html&amp;utm_medium=image&amp;utm_campaign=rp-mass\" rel=\"noopener\"><img loading=\"lazy\" width=\"178\" height=\"100\" border=\"0\" src=\"https://s01.riotpixels.net/data/68/5d/685d96d2-4811-4216-814a-9d4c62b4f6ee.jpg.240p.jpg\"></a><a target=\"_blank\" href=\"https://en.riotpixels.com/games/hoa/screenshots/6/?utm_source=emb-gfx-html&amp;utm_medium=image&amp;utm_campaign=rp-mass\" rel=\"noopener\"><img loading=\"lazy\" width=\"178\" height=\"100\" border=\"0\" src=\"https://s01.riotpixels.net/data/5a/ac/5aacf6c5-afc2-4c88-ab14-ad0ce0aea9b1.jpg.240p.jpg\"></a><br><a target=\"_blank\" href=\"https://en.riotpixels.com/games/hoa/screenshots/4/?utm_source=emb-gfx-html&amp;utm_medium=image&amp;utm_campaign=rp-mass\" rel=\"noopener\"><img loading=\"lazy\" width=\"178\" height=\"100\" border=\"0\" src=\"https://s01.riotpixels.net/data/04/57/04576125-271e-4f76-a731-65c6ee5b5e77.jpg.240p.jpg\"></a><a target=\"_blank\" href=\"https://en.riotpixels.com/games/hoa/screenshots/3/?utm_source=emb-gfx-html&amp;utm_medium=image&amp;utm_campaign=rp-mass\" rel=\"noopener\"><img loading=\"lazy\" width=\"178\" height=\"100\" border=\"0\" src=\"https://s01.riotpixels.net/data/79/60/7960248f-6c78-4b18-9ab2-2569d05222dc.jpg.240p.jpg\"></a><a target=\"_blank\" href=\"https://en.riotpixels.com/games/hoa/screenshots/1/?utm_source=emb-gfx-html&amp;utm_medium=image&amp;utm_campaign=rp-mass\" rel=\"noopener\"><img loading=\"lazy\" width=\"178\" height=\"100\" border=\"0\" src=\"https://s01.riotpixels.net/data/c2/a2/c2a2073d-71ab-4801-abd2-5dded2651560.jpg.240p.jpg\"></a></p><h3>Repack Features</h3><ul><li>Based on Hoa-Razor1911 ISO release: rzr-hoav103.iso (1,494,908,928 bytes)</li><li>100% Lossless &amp; MD5 Perfect: all files are identical to originals after installation</li><li>NOTHING ripped, NOTHING re-encoded</li><li>Significantly smaller archive size (compressed from 1.4 to 1 GB)</li><li>Installation takes 2-4 minutes</li><li>After-install integrity check so you could make sure that everything installed properly</li><li>HDD space after installation: 1.6 GB (up to 5.5 GB during installation)</li><li>Language can be changed in game settings</li><li>At least 2 GB of free RAM (inc. virtual) required for installing this repack</li></ul><p><span style=\"color: #f600ff\">PS by FitGirl: Hoa is Whoa! Fantastically looking game, something between Ori and Studio Ghibli animations. And music is astonishing too. If you\u2019re into good platformers \u2013 highly recommended.</span></p><div ><div><h2>Game Description</h2></div><div ><p>Hoa is a beautiful puzzle-platforming game that features breathtaking hand-painted art, lovely music, and a peaceful, relaxing atmosphere. Experience the magic of nature and imagination as you play the main character, Hoa, on her journey through breathtaking environments back to where it all began.</p><p><b>Breathtaking hand-painted art</b><br>Step into a painting that lives \u2013 explore a vast world of meticulously crafted sceneries of stunning hand-painted art.</p><p><b>Outstanding original soundtrack</b><br>Captivatingly story-telling and emotionally-charged, Hoa\u2019s exceptional score, originally composed and live-recorded, brings its world to life with a touch of nostalgia.</p><p><b>Lovely creatures</b><br>Keep an eye out for delightful magical creatures along the way. Most of them want to be friends, some might even tell you a little story or two. Cuteness guaranteed.</p><p><b>Gentle, yet compelling flow</b><br>Navigate with a keen eye and solve exploration-based puzzles. Relax to the organic rhythm of subtle storytelling while being intrigued by endless little wonders. Be a child \u2013 it\u2019s easier and harder than it may seem.</p></div></div>             </div>"
}