{
    "link": "https://fitgirl-repacks.site/hobo-cat-adventures/",
    "title": "Hobo Cat Adventures",
    "first_img": "https://i7.imageban.ru/out/2021/10/02/6a11b0d06d5996e62248eee9a3ae9976.jpg",
    "second_img": "https://s01.riotpixels.net/data/d2/80/d28007b9-17b8-4ec7-95a7-93053ed6e8e0.jpg.240p.jpg",
    "body": "<div ><h2>Hobo Cat Adventures</h2><p ><div><a target=\"_blank\" href=\"https://en.riotpixels.com/games/hobo-cat-adventures/\" rel=\"noopener\"><img class=\"alignleft\" width=\"150\" src=\"https://i7.imageban.ru/out/2021/10/02/6a11b0d06d5996e62248eee9a3ae9976.jpg\"></a></div><br>Genres/Tags: <strong>Arcade, Jump and run, Third-person, 3D</strong><br>Company: <strong>Hobo Cat Games</strong><br>Language: <strong>ENG</strong><br>Original Size: <strong>911 MB</strong><br>Repack Size: <strong>648 MB</strong></p>&nbsp;<div>&nbsp;</div><h3>Download Mirrors</h3><ul><li><a href=\"https://1337x.to/torrent/5003108/Hobo-Cat-Adventures-FitGirl-Repack/\" target=\"_blank\" rel=\"noopener\">1337x</a> | [<a href=\"magnet:?xt=urn:btih:656AC166E2C2223077B16550EFE7649CB96A89FF&amp;dn=Hobo+Cat+Adventures+%5BFitGirl+Repack%5D&amp;tr=udp%3A%2F%2F46.148.18.250%3A2710&amp;tr=udp%3A%2F%2Fopentor.org%3A2710&amp;tr=udp%3A%2F%2Ftracker.coppersurfer.tk%3A6969%2Fannounce&amp;tr=udp%3A%2F%2Ftracker.opentrackr.org%3A1337%2Fannounce&amp;tr=http%3A%2F%2Ftracker.dler.org%3A6969%2Fannounce&amp;tr=udp%3A%2F%2Ftracker.leechers-paradise.org%3A6969%2Fannounce&amp;tr=udp%3A%2F%2F9.rarbg.me%3A2730%2Fannounce&amp;tr=udp%3A%2F%2F9.rarbg.to%3A2770%2Fannounce&amp;tr=udp%3A%2F%2Ftracker.pirateparty.gr%3A6969%2Fannounce&amp;tr=http%3A%2F%2Fretracker.local%2Fannounce&amp;tr=http%3A%2F%2Fretracker.ip.ncnet.ru%2Fannounce&amp;tr=udp%3A%2F%2Fexodus.desync.com%3A6969%2Fannounce&amp;tr=udp%3A%2F%2Fipv4.tracker.harry.lu%3A80%2Fannounce&amp;tr=udp%3A%2F%2Fopen.stealth.si%3A80%2Fannounce&amp;tr=udp%3A%2F%2Ftracker.zer0day.to%3A1337%2Fannounce&amp;tr=udp%3A%2F%2Ftracker.leechers-paradise.org%3A6969%2Fannounce&amp;tr=udp%3A%2F%2Fcoppersurfer.tk%3A6969%2Fannounce\">magnet</a>] [<a href=\"https://pastefg.hermietkreeft.site/?0c93501aba911f34#ApCnLVNpbtU1wMKXfWy36nEHLbe1ogb7b3vmUktSpqao\" target=\"_blank\" rel=\"noopener\">.torrent file only</a>] <br><img src=\"https://torrent-stats.info/6550/1d190a880.png\" style=\"display:block;clear:both\"></li><li><a href=\"https://tapochek.net/viewtopic.php?p=2803609\" target=\"_blank\" rel=\"noopener\">Tapochek.net</a></li><li><a href=\"https://pastefg.hermietkreeft.site/?d464e2c48385e2c3#3eqHPaEtx9J9JgfSfaMR8nzCU1eV7LH1TCwr4SqWYuEu\" target=\"_blank\" rel=\"noopener\">Filehoster: MultiUpload</a> (10+ hosters, interchangeable) [Use <a href=\"http://jdownloader.org/jdownloader2\" target=\"_blank\" rel=\"noopener\">JDownloader2</a>]</li><li><a href=\"https://pastefg.hermietkreeft.site/?9e7cf14a3dfc4b42#E5dn3ApGQsUWrk63JYDVEa1BH7AeA5CspPFayR2xmMhx\" target=\"_blank\" rel=\"noopener\">Filehoster: PixelDrain</a></li><li><a href=\"https://pastefg.hermietkreeft.site/?66c532b47d640f06#DXDXXycF3pD49b3TSAt1T8CMxY2kX5FQQALaHFFWHnqa\" target=\"_blank\" rel=\"noopener\">Filehoster: ZippyShare</a></li><li><a href=\"https://pastefg.hermietkreeft.site/?a946d39a7fe73c8c#7ua51Pomz6qnmgsdWFc3egLmADBgBQq8NbERb153mrRM\" target=\"_blank\" rel=\"noopener\">Filehoster: LetsUpload</a> [Use <a href=\"http://jdownloader.org/jdownloader2\" target=\"_blank\" rel=\"noopener\">JDownloader2</a>]</li><li><a href=\"https://pastefg.hermietkreeft.site/?469fce126622303d#4Nc9mvScKFx6NTbKRcNuDpbBmLxx9oi78EMzWCCuEfKo\" target=\"_blank\" rel=\"noopener\">Filehoster: OneDrive</a> (Uploaded by DyR0 t(-_-t), NOT compatible with other mirrors)</li></ul><p><a href=\"https://cs.rin.ru/forum/viewtopic.php?f=10&amp;t=116123\" target=\"_blank\" rel=\"noopener\">Discussion and (possible) future updates on CS.RIN.RU thread</a></p><h3>Screenshots (Click to enlarge)</h3><p><a target=\"_blank\" href=\"https://en.riotpixels.com/games/hobo-cat-adventures/screenshots/9/?utm_source=emb-gfx-html&amp;utm_medium=image&amp;utm_campaign=rp-mass\" rel=\"noopener\"><img loading=\"lazy\" width=\"178\" height=\"100\" border=\"0\" src=\"https://s01.riotpixels.net/data/d2/80/d28007b9-17b8-4ec7-95a7-93053ed6e8e0.jpg.240p.jpg\"></a><a target=\"_blank\" href=\"https://en.riotpixels.com/games/hobo-cat-adventures/screenshots/8/?utm_source=emb-gfx-html&amp;utm_medium=image&amp;utm_campaign=rp-mass\" rel=\"noopener\"><img loading=\"lazy\" width=\"178\" height=\"100\" border=\"0\" src=\"https://s01.riotpixels.net/data/cb/62/cb62fac8-5eae-4f19-84de-88af1449affc.jpg.240p.jpg\"></a><a target=\"_blank\" href=\"https://en.riotpixels.com/games/hobo-cat-adventures/screenshots/7/?utm_source=emb-gfx-html&amp;utm_medium=image&amp;utm_campaign=rp-mass\" rel=\"noopener\"><img loading=\"lazy\" width=\"178\" height=\"100\" border=\"0\" src=\"https://s01.riotpixels.net/data/cb/4a/cb4a1cd9-bc23-4f40-a07b-a85c9d979b92.jpg.240p.jpg\"></a><br><a target=\"_blank\" href=\"https://en.riotpixels.com/games/hobo-cat-adventures/screenshots/5/?utm_source=emb-gfx-html&amp;utm_medium=image&amp;utm_campaign=rp-mass\" rel=\"noopener\"><img loading=\"lazy\" width=\"178\" height=\"100\" border=\"0\" src=\"https://s01.riotpixels.net/data/06/16/0616f812-dfc3-4d72-a128-3efe390e1b1d.jpg.240p.jpg\"></a><a target=\"_blank\" href=\"https://en.riotpixels.com/games/hobo-cat-adventures/screenshots/3/?utm_source=emb-gfx-html&amp;utm_medium=image&amp;utm_campaign=rp-mass\" rel=\"noopener\"><img loading=\"lazy\" width=\"178\" height=\"100\" border=\"0\" src=\"https://s01.riotpixels.net/data/37/a1/37a1e4c6-3cc7-43af-a65b-bbf774e4a2c3.jpg.240p.jpg\"></a><a target=\"_blank\" href=\"https://en.riotpixels.com/games/hobo-cat-adventures/screenshots/1/?utm_source=emb-gfx-html&amp;utm_medium=image&amp;utm_campaign=rp-mass\" rel=\"noopener\"><img loading=\"lazy\" width=\"178\" height=\"100\" border=\"0\" src=\"https://s01.riotpixels.net/data/9c/d9/9cd92719-ba3c-415a-a224-8c6b66ee50f5.jpg.240p.jpg\"></a></p><h3>Repack Features</h3><ul><li>Based on Hobo.Cat.Adventures-DOGE ISO release: wow-hobo.cat.adventures.iso (955,359,232 bytes)</li><li>100% Lossless &amp; MD5 Perfect: all files are identical to originals after installation</li><li>NOTHING ripped, NOTHING re-encoded</li><li>Smaller archive size (compressed from 911 to 648 MB)</li><li>Installation takes one minute</li><li>After-install integrity check so you could make sure that everything installed properly</li><li>HDD space after installation: 2 GB</li><li>At least 2 GB of free RAM (inc. virtual) required for installing this repack</li></ul><div ><div><h2>Game Description</h2></div><div ><p>In Hobo Cat Adventures you play as a homeless cat willing to do every job there is on offer. You travel to the Squirrel Kingdom \u2013 a place full of weird characters, dangerous enemies and lots of treasures to find. King Daniel, party animal and ruler of the Squirrel Kingdom, has got a special job for you! Ring the three bells of awakening!</p><p><b>3D Platformer</b><br>Jump your way through the Squirrel Kingdom to collect all sorts of valuable treasures! In the Squirrel Kingdom it\u2019s all about the money! You need to find enough moneybags to proceed to different areas of the Squirrel Kingdom. Collect coins to unlock new weapons or buy a homeless cat some coffee!</p><p><b>Combat</b><br>Fight against an assortment of dangerous enemies, all with unique attack patterns. Attack your foes with a handful of different, unique weapons like a dead fish or a 5-string banjo. Avoid incoming attacks by dodging or parrying them. Lock on to your enemies in this Souls inspired combat system.</p><p>Parry your enemies by hitting them at the right moment with a thrown item. Once parried, perform a devastating deathblow attack that recovers some of your health.</p><p><b>Items</b><br>Pick up, throw and use tons of different items. Throw bombs, ride on chicken, drink coffee or get drunk consuming \u201cHobo Brew\u201d. Are you ready to pee-hover while playing the banjo?</p><p><b>Jobs</b><br>There are a lot of ways to make a buck in the Squirrel Kingdom. Meet weird characters, all with even weirder jobs for you to complete. Earn cash for easy tasks or even get a bag full of gold for more difficult jobs. Use this cash to buy new weapons, open new areas or buy a homeless cat some coffee!</p><p><b>Photosensitivity &amp; epilepsy Warning!</b></p><p><b><h3>Game Features</h3></b></p><ul><li>Visit 7 areas</li><li>Collect 24 gold bags</li><li>Defeat 6 Bosses</li><li>Find 7 unique weapons</li><li>Ring 3 bells</li><li>Unlock 42 achievements</li><li>Two different endings</li><li>Souls inspired lock-on combat system</li><li>Cartoony blood and gore</li><li>Meet weird, unique characters</li><li>Contains a lot of (im)mature humour</li><li>Lovingly made by only one person</li></ul></div></div>             </div>"
}