{
    "link": "https://fitgirl-repacks.site/hourglass/",
    "title": "Hourglass",
    "first_img": "https://i6.imageban.ru/out/2021/10/27/9803e2af6c32510f019b6ef6e8af9afa.jpg",
    "second_img": "https://s01.riotpixels.net/data/98/94/9894b048-60a7-4f72-b4aa-5f39f2fbeba6.jpg.240p.jpg",
    "body": "<div ><h2>Hourglass</h2><p ><div><a target=\"_blank\" href=\"https://en.riotpixels.com/games/hourglass/\" rel=\"noopener\"><img class=\"alignleft\" width=\"150\" src=\"https://i6.imageban.ru/out/2021/10/27/9803e2af6c32510f019b6ef6e8af9afa.jpg\"></a></div><br>Genres/Tags: <strong>Adventure, First-person, Puzzle solving, 3D</strong><br>Company: <strong>Cyberwave</strong><br>Languages: <strong>RUS/ENG/MULTI11</strong><br>Original Size: <strong>1.6 GB</strong><br>Repack Size: <strong>from 932 MB</strong> [Selective Download]</p>&nbsp;<div>&nbsp;</div><h3>Download Mirrors</h3><ul><li><a href=\"https://1337x.to/torrent/5031233/Hourglass-MULTi11-FitGirl-Repack-Selective-Download-from-932-MB/\" target=\"_blank\" rel=\"noopener\">1337x</a> | [<a href=\"magnet:?xt=urn:btih:6F4438A0E9198980599433AE4BF985CF9834169F&amp;dn=Hourglass+%28MULTi11%29+%5BFitGirl+Repack%2C+Selective+Download+-+from+932+MB%5D&amp;tr=udp%3A%2F%2F46.148.18.250%3A2710&amp;tr=udp%3A%2F%2Fopentor.org%3A2710&amp;tr=udp%3A%2F%2Ftracker.coppersurfer.tk%3A6969%2Fannounce&amp;tr=udp%3A%2F%2Ftracker.opentrackr.org%3A1337%2Fannounce&amp;tr=http%3A%2F%2Ftracker.dler.org%3A6969%2Fannounce&amp;tr=udp%3A%2F%2Ftracker.leechers-paradise.org%3A6969%2Fannounce&amp;tr=udp%3A%2F%2F9.rarbg.me%3A2730%2Fannounce&amp;tr=udp%3A%2F%2F9.rarbg.to%3A2770%2Fannounce&amp;tr=udp%3A%2F%2Ftracker.pirateparty.gr%3A6969%2Fannounce&amp;tr=http%3A%2F%2Fretracker.local%2Fannounce&amp;tr=http%3A%2F%2Fretracker.ip.ncnet.ru%2Fannounce&amp;tr=udp%3A%2F%2Fexodus.desync.com%3A6969%2Fannounce&amp;tr=udp%3A%2F%2Fipv4.tracker.harry.lu%3A80%2Fannounce&amp;tr=udp%3A%2F%2Fopen.stealth.si%3A80%2Fannounce&amp;tr=udp%3A%2F%2Ftracker.zer0day.to%3A1337%2Fannounce&amp;tr=udp%3A%2F%2Ftracker.leechers-paradise.org%3A6969%2Fannounce&amp;tr=udp%3A%2F%2Fcoppersurfer.tk%3A6969%2Fannounce\">magnet</a>] [<a href=\"https://pastefg.hermietkreeft.site/?f28bbd5bbd1824dc#3zgjeSRAJjcHSuF5ZPtSVUGfy67wkcwNemwcPmJAs96g\" target=\"_blank\" rel=\"noopener\">.torrent file only</a>] <br><img src=\"https://torrent-stats.info/33ae/ef4fa52a.png\" style=\"display:block;clear:both\"></li><li><a href=\"http://rutor.info/torrent/841743/hourglass-2021-pc-repack-ot-fitgirl\" target=\"_blank\" rel=\"noopener\">RuTor</a> [<a href=\"magnet:?xt=urn:btih:6f4438a0e9198980599433ae4bf985cf9834169f&amp;dn=rutor.info_Hourglass+%282021%29+PC+%7C+RePack+%D0%BE%D1%82+FitGirl&amp;tr=udp://opentor.net:6969&amp;tr=udp://opentor.org:2710&amp;tr=http://retracker.local/announce\">magnet</a>]</li><li><a href=\"https://tapochek.net/viewtopic.php?p=2808100\" target=\"_blank\" rel=\"noopener\">Tapochek.net</a></li><li><a href=\"https://pastefg.hermietkreeft.site/?2c78cfedc5d4a6b1#7DXksmAGgoRCVipRaJLP4yAhQPv7d82JRDXgwd3u9Pv5\" target=\"_blank\" rel=\"noopener\">Filehoster: MultiUpload</a> (10+ hosters, interchangeable) [Use <a href=\"http://jdownloader.org/jdownloader2\" target=\"_blank\" rel=\"noopener\">JDownloader2</a>]</li><li><a href=\"https://pastefg.hermietkreeft.site/?1c7d03748d42475d#8yySddSqcrLaxpaVFHfSVspG6XRsCwoGZacfF3ZhG111\" target=\"_blank\" rel=\"noopener\">Filehoster: PixelDrain</a></li><li><a href=\"https://pastefg.hermietkreeft.site/?817128c8f00e5c5c#DFJrazTS9t3ArxZnub1QCRdm1YkZjPrg7uAVSbnTVaTJ\" target=\"_blank\" rel=\"noopener\">Filehoster: ZippyShare</a></li><li><a href=\"https://pastefg.hermietkreeft.site/?e59cb3603c3570e8#FsqkjgqtHHdsDyFNhsKDUCqgmSWDNp9htpNa8BieL3CW\" target=\"_blank\" rel=\"noopener\">Filehoster: BayFiles</a></li><li><a href=\"https://pastefg.hermietkreeft.site/?f266399abadad958#5RnCGMmvPrTkmCLveEeqC9FLrf2ehYWNGkn69aCY4znQ\" target=\"_blank\" rel=\"noopener\">Filehoster: LetsUpload</a> [Use <a href=\"http://jdownloader.org/jdownloader2\" target=\"_blank\" rel=\"noopener\">JDownloader2</a>]</li><p><!--  <li><a href=\"\" target=\"_blank\" rel=\"noopener\">Filehoster: OneDrive</a> (Uploaded by DyR0 t(-_-t), NOT compatible with other mirrors)</li>  --><br><!--  <li><a href=\"\" target=\"_blank\" rel=\"noopener\">Filehosters: Google Drive, OneDrive + others</a> (Uploaded by crackhub213)</li>  --></p></ul><p><a href=\"https://cs.rin.ru/forum/viewtopic.php?f=10&amp;t=102937\" target=\"_blank\" rel=\"noopener\">Discussion and (possible) future updates on CS.RIN.RU thread</a></p><h3>Screenshots (Click to enlarge)</h3><p><a target=\"_blank\" href=\"https://en.riotpixels.com/games/hourglass/screenshots/7/?utm_source=emb-gfx-html&amp;utm_medium=image&amp;utm_campaign=rp-mass\" rel=\"noopener\"><img loading=\"lazy\" width=\"178\" height=\"100\" border=\"0\" src=\"https://s01.riotpixels.net/data/98/94/9894b048-60a7-4f72-b4aa-5f39f2fbeba6.jpg.240p.jpg\"></a><a target=\"_blank\" href=\"https://en.riotpixels.com/games/hourglass/screenshots/6/?utm_source=emb-gfx-html&amp;utm_medium=image&amp;utm_campaign=rp-mass\" rel=\"noopener\"><img loading=\"lazy\" width=\"178\" height=\"100\" border=\"0\" src=\"https://s01.riotpixels.net/data/da/00/da00fa9a-7689-4385-bd24-7336f6a99aab.jpg.240p.jpg\"></a><a target=\"_blank\" href=\"https://en.riotpixels.com/games/hourglass/screenshots/4/?utm_source=emb-gfx-html&amp;utm_medium=image&amp;utm_campaign=rp-mass\" rel=\"noopener\"><img loading=\"lazy\" width=\"178\" height=\"100\" border=\"0\" src=\"https://s01.riotpixels.net/data/09/60/096052d8-f1f3-4b0a-8b51-e18369997229.jpg.240p.jpg\"></a><br><a target=\"_blank\" href=\"https://en.riotpixels.com/games/hourglass/screenshots/3/?utm_source=emb-gfx-html&amp;utm_medium=image&amp;utm_campaign=rp-mass\" rel=\"noopener\"><img loading=\"lazy\" width=\"178\" height=\"100\" border=\"0\" src=\"https://s01.riotpixels.net/data/1e/a4/1ea4e4a9-f840-448d-92a8-9dea9b29e814.jpg.240p.jpg\"></a><a target=\"_blank\" href=\"https://en.riotpixels.com/games/hourglass/screenshots/2/?utm_source=emb-gfx-html&amp;utm_medium=image&amp;utm_campaign=rp-mass\" rel=\"noopener\"><img loading=\"lazy\" width=\"185\" height=\"100\" border=\"0\" src=\"https://s01.riotpixels.net/data/34/2a/342ab338-76a1-4e9f-a2a7-4ba074bcd550.jpg.240p.jpg\"></a><a target=\"_blank\" href=\"https://en.riotpixels.com/games/hourglass/screenshots/1/?utm_source=emb-gfx-html&amp;utm_medium=image&amp;utm_campaign=rp-mass\" rel=\"noopener\"><img loading=\"lazy\" width=\"178\" height=\"100\" border=\"0\" src=\"https://s01.riotpixels.net/data/fe/05/fe0578d6-4741-4d55-8bb5-70038537cf3a.jpg.240p.jpg\"></a></p><h3>Repack Features</h3><ul><li>Based on Hourglass-DOGE ISO release: wow-hourglass.iso (1,762,179,072 bytes)</li><li>100% Lossless &amp; MD5 Perfect: all files are identical to originals after installation</li><li>NOTHING ripped, NOTHING re-encoded</li><li>Selective Download feature: you can skip downloading and installing of advertising trailer</li><li>Significantly smaller archive size (compressed from 1.6 GB to 932 MB/1 GB)</li><li>Installation takes less than a minute</li><li>After-install integrity check so you could make sure that everything installed properly</li><li>HDD space after installation: up to 3 GB</li><li>Language can be changed in game settings</li><li>Repack uses XTool library by Razor12911</li><li>At least 2 GB of free RAM (inc. virtual) required for installing this repack</li></ul><div ><div><h2>Game Description</h2></div><div >Pyramids are the tombs of the pharaohs. This is what most people believe. But more and more studies raise doubts about this thesis. Scientists found indications for ancient egypt being far more technologized than we can imagine. Hourglass is set in a scenario in which those assumptions are actually true..<p>Besides offering an ancient world to explore, Hourglass is mostly about solving various puzzles with a unique core-mechanic. Your ability allows you to record your actings for a certain amount of time. After that, time winds back to the beginning of the recording and a time-clone of yourself appears, repeating the actions.</p><p>On your adventure, you will have to use this ability in creative ways to get through various areas filled with difficult puzzles.</p><p>Your journey leads you to a remote temple where you encounter undiscovered egyptian technologies and portals to a foreign world. Only by unraveling the secrets of these long lost technologies, you are able to solve all puzzles on your quest and eventually find your father.</p></div></div>             </div>"
}