{
    "link": "https://fitgirl-repacks.site/house-flipper/",
    "title": "House Flipper \u2013 v1.21287 (65fdb+f1192) + 5 DLCs",
    "first_img": "https://i6.imageban.ru/out/2021/10/15/3019eb1e9770ec16adcb294c70894eda.jpg",
    "second_img": "https://s01.riotpixels.net/data/a8/a6/a8a63d42-c3b4-43ba-a3b1-21654cda7d1a.jpg.240p.jpg",
    "body": "<div ><h2>House Flipper \u2013 v1.21287 (65fdb+f1192) + 5 DLCs</h2><p ><div><a target=\"_blank\" href=\"https://en.riotpixels.com/games/house-flipper/\" rel=\"noopener\"><img class=\"alignleft\" width=\"150\" src=\"https://i6.imageban.ru/out/2021/10/15/3019eb1e9770ec16adcb294c70894eda.jpg\"></a></div><br>Genres/Tags: <strong>Simulation, First-person, 3D</strong><br>Companies: <strong>Empyrean, Frozen District, PlayWay S.A.</strong><br>Languages: <strong>RUS/ENG/MULTI23</strong><br>Original Size: <strong>5.6 GB</strong><br>Repack Size: <strong>3.4 GB</strong></p>&nbsp;<div>&nbsp;</div><h3>Download Mirrors</h3><ul><li><a href=\"https://1337x.to/torrent/5019411/House-Flipper-v1-21287-65fdb-f1192-5-DLCs-MULTi23-FitGirl-Repack/\" target=\"_blank\" rel=\"noopener\">1337x</a> | [<a href=\"magnet:?xt=urn:btih:71D9D6DB3BECE1AD6C431B6AC680B723E396E92C&amp;dn=House+Flipper+%28v1.21287.65fdb%2Bf1192+%2B+5+DLCs%2C+MULTi23%29+%5BFitGirl+Repack%5D&amp;tr=udp%3A%2F%2F46.148.18.250%3A2710&amp;tr=udp%3A%2F%2Fopentor.org%3A2710&amp;tr=udp%3A%2F%2Ftracker.coppersurfer.tk%3A6969%2Fannounce&amp;tr=udp%3A%2F%2Ftracker.opentrackr.org%3A1337%2Fannounce&amp;tr=http%3A%2F%2Ftracker.dler.org%3A6969%2Fannounce&amp;tr=udp%3A%2F%2Ftracker.leechers-paradise.org%3A6969%2Fannounce&amp;tr=udp%3A%2F%2F9.rarbg.me%3A2730%2Fannounce&amp;tr=udp%3A%2F%2F9.rarbg.to%3A2770%2Fannounce&amp;tr=udp%3A%2F%2Ftracker.pirateparty.gr%3A6969%2Fannounce&amp;tr=http%3A%2F%2Fretracker.local%2Fannounce&amp;tr=http%3A%2F%2Fretracker.ip.ncnet.ru%2Fannounce&amp;tr=udp%3A%2F%2Fexodus.desync.com%3A6969%2Fannounce&amp;tr=udp%3A%2F%2Fipv4.tracker.harry.lu%3A80%2Fannounce&amp;tr=udp%3A%2F%2Fopen.stealth.si%3A80%2Fannounce&amp;tr=udp%3A%2F%2Ftracker.zer0day.to%3A1337%2Fannounce&amp;tr=udp%3A%2F%2Ftracker.leechers-paradise.org%3A6969%2Fannounce&amp;tr=udp%3A%2F%2Fcoppersurfer.tk%3A6969%2Fannounce\">magnet</a>] [<a href=\"https://pastefg.hermietkreeft.site/?12ac2b0b632433a9#DDqABbdQ8Zmq5wPvnExAvrSdCb6cVJTuFqbbgzqfpx7e\" target=\"_blank\" rel=\"noopener\">.torrent file only</a>] <br><img src=\"https://torrent-stats.info/1b6a/7e81f782.png\" style=\"display:block;clear:both\"></li><li><a href=\"http://rutor.info/torrent/839742/house-flipper-v1.21287-65fdbf1192-dlcs-2021-pc-repack-ot-fitgirl\" target=\"_blank\" rel=\"noopener\">RuTor</a> [<a href=\"magnet:?xt=urn:btih:71d9d6db3bece1ad6c431b6ac680b723e396e92c&amp;dn=rutor.info_House+Flipper+%5B+v1.21287+%2865fdb%2Bf1192%29+%2B+DLCs%5D+%282021%29+PC+%7C+RePack+%D0%BE%D1%82+FitGirl&amp;tr=udp://opentor.net:6969&amp;tr=udp://opentor.org:2710&amp;tr=http://retracker.local/announce\">magnet</a>]</li><li><a href=\"https://tapochek.net/viewtopic.php?p=2806000\" target=\"_blank\" rel=\"noopener\">Tapochek.net</a></li><li><a href=\"https://pastefg.hermietkreeft.site/?8339e6d66f420d58#zWNPJiogAWtbigKzA3D5ezsQmT12WoNqakeuYdFjg7e\" target=\"_blank\" rel=\"noopener\">Filehoster: MultiUpload</a> (10+ hosters, interchangeable) [Use <a href=\"http://jdownloader.org/jdownloader2\" target=\"_blank\" rel=\"noopener\">JDownloader2</a>]</li><li><a href=\"https://pastefg.hermietkreeft.site/?1da86e8faecb4ba5#H2rk7HYZF65a2LT4c6ycqLrxoZfxfqJqvRyQmMdY1UBW\" target=\"_blank\" rel=\"noopener\">Filehoster: PixelDrain</a></li><li><a href=\"https://pastefg.hermietkreeft.site/?42d6473b8788fa4c#825TKgyYyRznxakejfLJXddU4e1CbUCpy3dxDc1JN7Nv\" target=\"_blank\" rel=\"noopener\">Filehoster: ZippyShare</a></li><li><a href=\"https://pastefg.hermietkreeft.site/?f7ffe423554d5458#Cff96zD3xPvTdv9ySRoNgYmkVm2ajwUNfU1SeFn4AVu8\" target=\"_blank\" rel=\"noopener\">Filehoster: LetsUpload</a> [Use <a href=\"http://jdownloader.org/jdownloader2\" target=\"_blank\" rel=\"noopener\">JDownloader2</a>]</li><li><a href=\"https://pastefg.hermietkreeft.site/?40c3d9b8667e1c04#3N9bXSH8PM3CyYhZLsARXexnx9a7MWQSx3TSoa1f8XbK\" target=\"_blank\" rel=\"noopener\">Filehoster: OneDrive</a> (Uploaded by DyR0 t(-_-t), NOT compatible with other mirrors)</li><li><a href=\"https://crackhub.site/house-flipper-v1-21287-65fdbf1192-5-dlcs-fitgirl-repack/\" target=\"_blank\" rel=\"noopener\">Filehosters: Google Drive, OneDrive + others</a> (Uploaded by crackhub213)</li></ul><p><a href=\"https://cs.rin.ru/forum/viewtopic.php?f=10&amp;t=79878\" target=\"_blank\" rel=\"noopener\">Discussion and (possible) future updates on CS.RIN.RU thread</a></p><h3>Screenshots (Click to enlarge)</h3><p><a target=\"_blank\" href=\"https://en.riotpixels.com/games/house-flipper/screenshots/11/?utm_source=emb-gfx-html&amp;utm_medium=image&amp;utm_campaign=rp-mass\" rel=\"noopener\"><img loading=\"lazy\" width=\"178\" height=\"100\" border=\"0\" src=\"https://s01.riotpixels.net/data/a8/a6/a8a63d42-c3b4-43ba-a3b1-21654cda7d1a.jpg.240p.jpg\"></a><a target=\"_blank\" href=\"https://en.riotpixels.com/games/house-flipper/screenshots/8/?utm_source=emb-gfx-html&amp;utm_medium=image&amp;utm_campaign=rp-mass\" rel=\"noopener\"><img loading=\"lazy\" width=\"178\" height=\"100\" border=\"0\" src=\"https://s01.riotpixels.net/data/13/7b/137be8e1-0fac-4a3f-ba2b-8d68d534bdde.jpg.240p.jpg\"></a><a target=\"_blank\" href=\"https://en.riotpixels.com/games/house-flipper/screenshots/6/?utm_source=emb-gfx-html&amp;utm_medium=image&amp;utm_campaign=rp-mass\" rel=\"noopener\"><img loading=\"lazy\" width=\"178\" height=\"100\" border=\"0\" src=\"https://s01.riotpixels.net/data/48/fc/48fcd615-750d-45ab-b8f7-9b42af6efd3c.jpg.240p.jpg\"></a><br><a target=\"_blank\" href=\"https://en.riotpixels.com/games/house-flipper/screenshots/3/?utm_source=emb-gfx-html&amp;utm_medium=image&amp;utm_campaign=rp-mass\" rel=\"noopener\"><img loading=\"lazy\" width=\"178\" height=\"100\" border=\"0\" src=\"https://s01.riotpixels.net/data/b3/36/b3368a24-3d7f-45e4-a477-67d119a12260.jpg.240p.jpg\"></a><a target=\"_blank\" href=\"https://en.riotpixels.com/games/house-flipper/screenshots/2/?utm_source=emb-gfx-html&amp;utm_medium=image&amp;utm_campaign=rp-mass\" rel=\"noopener\"><img loading=\"lazy\" width=\"178\" height=\"100\" border=\"0\" src=\"https://s01.riotpixels.net/data/45/11/45118fb7-1228-4a36-843d-e657fc5cd9b9.jpg.240p.jpg\"></a><a target=\"_blank\" href=\"https://en.riotpixels.com/games/house-flipper/screenshots/1/?utm_source=emb-gfx-html&amp;utm_medium=image&amp;utm_campaign=rp-mass\" rel=\"noopener\"><img loading=\"lazy\" width=\"178\" height=\"100\" border=\"0\" src=\"https://s01.riotpixels.net/data/c6/cc/c6cc7bb0-6917-4b64-9e86-081404e64ccb.jpg.240p.jpg\"></a></p><h3>Repack Features</h3><ul><li>Based on House.Flipper.Luxury-CODEX ISO release: codex-house.flipper.luxury.iso (6,010,699,776 bytes)</li><li>5 DLCs are included and activated</li><li>Game version by default: v1.21287 (65fdb); You can upgrade to v1.21287 (f1192) HotFix by copying files from \u201c_Update\u201d folder to game root, but this will break compatibility with possible scene patches. Thanks to Rui for updated files!</li><li>100% Lossless &amp; MD5 Perfect: all files are identical to originals after installation</li><li>NOTHING ripped, NOTHING re-encoded</li><li>Significantly smaller archive size (compressed from 5.6 to 3.4 GB)</li><li>Installation takes 2-3 minutes (depending on your system)</li><li>After-install integrity check so you could make sure that everything installed properly</li><li>HDD space after installation: 12.1 GB (13 GB during installation)</li><li>Language can be changed in game settings</li><li>At least 2 GB of free RAM (inc. virtual) required for installing this repack</li></ul><div ><div><h2>Game Description</h2></div><div ><b>Handyman at your service!</b><br>You\u2019ve got to earn it around here before you purchase your first property.<br>No worries though! Luckily, there\u2019s plenty of work at your fingertips!<br>Take job offers from nearby residents \u2013 clean up, paint walls, install heaters, showers, and air conditioners, or even furnish their whole property!<br>Once the grateful clients pay you for your solid work, it\u2019s time to get your own house.<p><b>Play your way!</b><br>Grab your hammer! It\u2019s time to take a bit of a rude approach and knock some walls down!<br>Get rid of broken glass shards, litter, and leftover pieces of furniture, to prepare the place for a complete makeover!<br>It\u2019s up to you to either meet every single requirement of specific buyers or make yourself a cozy office to grow your business in.</p><p><b>Work smart, not hard!</b><br>Fortunately, you\u2019re not alone. The set of your trustiest tools is here with ya!<br>With the help of your paint roller, window cleaner, plaster tool, mop, hammer, and of course, the mighty tablet, no renovation will scare you!<br>Using those tools also gives you experience, which can be used to upgrade them and polish your skills, making your work even more pleasant.</p><p><b>Sit down and relax!</b><br>Regardless if you plan to create the house of your dreams, help the residents with their renovations or feel the need to smack some walls \u2013<br>House Flipper is here for You! So just sit comfortably, let go off your usual daily routine, and delve into the world of House Flipper\u2026 into your world!</p><p><b>Included DLCs:</b></p><ul><li>Apocalypse DLC</li><li>Garden DLC</li><li>Luxury DLC</li><li>HGTV DLC</li><li>Cyberpunk DLC</li></ul></div></div>             </div>"
}