{
    "link": "https://fitgirl-repacks.site/howloween-hero/",
    "title": "Howloween Hero",
    "first_img": "https://i2.imageban.ru/out/2021/10/27/3d74b60b0220d6b8f03f7977f252a3a7.jpg",
    "second_img": "https://s01.riotpixels.net/data/3e/da/3edacafa-f39d-4f48-befc-9343f39e8927.jpg.240p.jpg",
    "body": "<div ><h2>Howloween Hero</h2><p ><div><a target=\"_blank\" href=\"https://en.riotpixels.com/games/howloween-hero/\" rel=\"noopener\"><img class=\"alignleft\" width=\"150\" src=\"https://i2.imageban.ru/out/2021/10/27/3d74b60b0220d6b8f03f7977f252a3a7.jpg\"></a></div><br>Genres/Tags: <strong>Adventure, Third-Person, 3D</strong><br>Company: <strong>Gossamer Games</strong><br>Language: <strong>ENG</strong><br>Original Size: <strong>1.8 GB</strong><br>Repack Size: <strong>from 694 MB</strong></p>&nbsp;<div>&nbsp;</div><h3>Download Mirrors</h3><ul><li><a href=\"https://1337x.to/torrent/5031273/Howloween-Hero-FitGirl-Repack-Selective-Download-from-694-MB/\" target=\"_blank\" rel=\"noopener\">1337x</a> | [<a href=\"magnet:?xt=urn:btih:5EE13A55AD07D8F79E1FC68ABCF931EFAF4AF767&amp;dn=Howloween+Hero+%5BFitGirl+Repack%2C+Selective+Download+-+from+694+MB%5D&amp;tr=udp%3A%2F%2F46.148.18.250%3A2710&amp;tr=udp%3A%2F%2Fopentor.org%3A2710&amp;tr=udp%3A%2F%2Ftracker.coppersurfer.tk%3A6969%2Fannounce&amp;tr=udp%3A%2F%2Ftracker.opentrackr.org%3A1337%2Fannounce&amp;tr=http%3A%2F%2Ftracker.dler.org%3A6969%2Fannounce&amp;tr=udp%3A%2F%2Ftracker.leechers-paradise.org%3A6969%2Fannounce&amp;tr=udp%3A%2F%2F9.rarbg.me%3A2730%2Fannounce&amp;tr=udp%3A%2F%2F9.rarbg.to%3A2770%2Fannounce&amp;tr=udp%3A%2F%2Ftracker.pirateparty.gr%3A6969%2Fannounce&amp;tr=http%3A%2F%2Fretracker.local%2Fannounce&amp;tr=http%3A%2F%2Fretracker.ip.ncnet.ru%2Fannounce&amp;tr=udp%3A%2F%2Fexodus.desync.com%3A6969%2Fannounce&amp;tr=udp%3A%2F%2Fipv4.tracker.harry.lu%3A80%2Fannounce&amp;tr=udp%3A%2F%2Fopen.stealth.si%3A80%2Fannounce&amp;tr=udp%3A%2F%2Ftracker.zer0day.to%3A1337%2Fannounce&amp;tr=udp%3A%2F%2Ftracker.leechers-paradise.org%3A6969%2Fannounce&amp;tr=udp%3A%2F%2Fcoppersurfer.tk%3A6969%2Fannounce\">magnet</a>] [<a href=\"https://pastefg.hermietkreeft.site/?2e2db095d6f6528b#H4i2gHhk5s8y2eKHcA9bZFe4w6JikiYpMa1EePNQ4vJq\" target=\"_blank\" rel=\"noopener\">.torrent file only</a>] <br><img src=\"https://torrent-stats.info/c68a/3975ec088.png\" style=\"display:block;clear:both\"></li><li><a href=\"https://tapochek.net/viewtopic.php?p=2808104\" target=\"_blank\" rel=\"noopener\">Tapochek.net</a></li><li><a href=\"https://pastefg.hermietkreeft.site/?ac689c9d9cdcd388#7oftJAoJ8PTPySNf1skFMrTijmLfRP6yLXQ4JVWg7YiH\" target=\"_blank\" rel=\"noopener\">Filehoster: MultiUpload</a> (10+ hosters, interchangeable) [Use <a href=\"http://jdownloader.org/jdownloader2\" target=\"_blank\" rel=\"noopener\">JDownloader2</a>]</li><li><a href=\"https://pastefg.hermietkreeft.site/?46f7a0a9de4a2b58#9vjP7gfDayiJW85wu8g6UsBi5tfCzBtC642Sp2tQQrSF\" target=\"_blank\" rel=\"noopener\">Filehoster: PixelDrain</a></li><li><a href=\"https://pastefg.hermietkreeft.site/?239d5f986d90862e#HAYVJxZHg39itHTpsXrJDURegHmQjQCmxUR51nLusWRs\" target=\"_blank\" rel=\"noopener\">Filehoster: ZippyShare</a></li><li><a href=\"https://pastefg.hermietkreeft.site/?6552f54dcaa67e85#7S9AT1fcY3if6jX2S9VGr6hmFaX1WiXF7t4PWT4TuVV3\" target=\"_blank\" rel=\"noopener\">Filehoster: BayFiles</a></li><li><a href=\"https://pastefg.hermietkreeft.site/?59cc6781d110c697#Ha6wCTNcB65qfBSLwdiL3JD3eyZ8F9p4iotpcHhchPL\" target=\"_blank\" rel=\"noopener\">Filehoster: LetsUpload</a> [Use <a href=\"http://jdownloader.org/jdownloader2\" target=\"_blank\" rel=\"noopener\">JDownloader2</a>]</li><p><!--  <li><a href=\"\" target=\"_blank\" rel=\"noopener\">Filehoster: OneDrive</a> (Uploaded by DyR0 t(-_-t), NOT compatible with other mirrors)</li>  --><br><!--  <li><a href=\"\" target=\"_blank\" rel=\"noopener\">Filehosters: Google Drive, OneDrive + others</a> (Uploaded by crackhub213)</li>  --></p></ul><p><a href=\"https://cs.rin.ru/forum/viewtopic.php?f=10&amp;t=116825\" target=\"_blank\" rel=\"noopener\">Discussion and (possible) future updates on CS.RIN.RU thread</a></p><h3>Screenshots (Click to enlarge)</h3><p><a target=\"_blank\" href=\"https://en.riotpixels.com/games/howloween-hero/screenshots/8/?utm_source=emb-gfx-html&amp;utm_medium=image&amp;utm_campaign=rp-mass\" rel=\"noopener\"><img loading=\"lazy\" width=\"178\" height=\"100\" border=\"0\" src=\"https://s01.riotpixels.net/data/3e/da/3edacafa-f39d-4f48-befc-9343f39e8927.jpg.240p.jpg\"></a><a target=\"_blank\" href=\"https://en.riotpixels.com/games/howloween-hero/screenshots/7/?utm_source=emb-gfx-html&amp;utm_medium=image&amp;utm_campaign=rp-mass\" rel=\"noopener\"><img loading=\"lazy\" width=\"178\" height=\"100\" border=\"0\" src=\"https://s01.riotpixels.net/data/df/f0/dff0da3b-7e5e-4e66-a67c-d0d4f523039e.jpg.240p.jpg\"></a><a target=\"_blank\" href=\"https://en.riotpixels.com/games/howloween-hero/screenshots/6/?utm_source=emb-gfx-html&amp;utm_medium=image&amp;utm_campaign=rp-mass\" rel=\"noopener\"><img loading=\"lazy\" width=\"178\" height=\"100\" border=\"0\" src=\"https://s01.riotpixels.net/data/eb/3f/eb3f6cdc-d871-425b-89fb-0d9d151785c7.jpg.240p.jpg\"></a><br><a target=\"_blank\" href=\"https://en.riotpixels.com/games/howloween-hero/screenshots/4/?utm_source=emb-gfx-html&amp;utm_medium=image&amp;utm_campaign=rp-mass\" rel=\"noopener\"><img loading=\"lazy\" width=\"178\" height=\"100\" border=\"0\" src=\"https://s01.riotpixels.net/data/fc/98/fc989577-fc89-4433-b23a-385e0a575337.jpg.240p.jpg\"></a><a target=\"_blank\" href=\"https://en.riotpixels.com/games/howloween-hero/screenshots/3/?utm_source=emb-gfx-html&amp;utm_medium=image&amp;utm_campaign=rp-mass\" rel=\"noopener\"><img loading=\"lazy\" width=\"178\" height=\"100\" border=\"0\" src=\"https://s01.riotpixels.net/data/ad/d5/add5a945-73cd-48ed-ac89-fb8bfd51f3a2.jpg.240p.jpg\"></a><a target=\"_blank\" href=\"https://en.riotpixels.com/games/howloween-hero/screenshots/2/?utm_source=emb-gfx-html&amp;utm_medium=image&amp;utm_campaign=rp-mass\" rel=\"noopener\"><img loading=\"lazy\" width=\"178\" height=\"100\" border=\"0\" src=\"https://s01.riotpixels.net/data/bb/04/bb044461-a91e-41d9-a845-1f01d3a726c9.jpg.240p.jpg\"></a></p><h3>Repack Features</h3><ul><li>Based on Howloween.Hero-DARKSiDERS ISO release: ds-howloweenhero.iso (1,891,010,560 bytes)</li><li>100% Lossless &amp; MD5 Perfect: all files are identical to originals after installation</li><li>NOTHING ripped, NOTHING re-encoded</li><li>Selective Download feature: you can skip downloading and installing of animated menu background video</li><li>Significantly smaller archive size (compressed from 1.8 GB to 694 MB/1.1 GB)</li><li>Installation takes 1-2 minutes (depending on your system)</li><li>After-install integrity check so you could make sure that everything installed properly</li><li>HDD space after installation: up to 2 GB</li><li>Repack uses XTool library by Razor12911</li><li>At least 2 GB of free RAM (inc. virtual) required for installing this repack</li></ul><div ><div><h2>Game Description</h2></div><div >Howloween Hero is a sugary sweet trick-or-treat adventure where you run around town as a mischievous puppy on a mission to track down your owner\u2019s favorite candy. Meet a colorful cast of characters, unlock new outfits, and track down every last confectionery crumb in this wholesome Halloween adventure for players of all ages. But beware! Rumor has it, a menacing monster is on the prowl and sniffing around for their next victim\u2026<p><b>Customize Your Hero:</b><br>Purchase new costumes from the neighborhood dealer and mix &amp; match parts to create your own unique style.</p><p><b>Collect Candy:</b><br>Sniff out candy around the block, trick-or-treat nearby houses, and earn sweets by lending a paw to a cast of quirky kids.</p><p><b>Solve The Mystery:</b><br>There\u2019s some strange stories going around about a REAL-LIFE monster stealing candy from unsuspecting kids. Is there any truth to these ghost stories or is everyone just getting into the spooky spirit?</p></div></div>             </div>"
}