{
    "link": "https://fitgirl-repacks.site/human-fall-flat/",
    "title": "Human: Fall Flat \u2013 v1079762 (Lumber Update) + OSTs",
    "first_img": "https://i4.imageban.ru/out/2021/11/10/254531317653550c0a01af50fcd4e431.jpg",
    "second_img": "https://s01.riotpixels.net/data/f8/25/f825f2c8-e798-4e02-8ed0-52135f1206e6.jpg.240p.jpg",
    "body": "<div ><h2>Human: Fall Flat \u2013 v1079762 (Lumber Update) + OSTs</h2><p ><div><a target=\"_blank\" href=\"https://en.riotpixels.com/games/human-fall-flat/\" rel=\"noopener\"><img class=\"alignleft\" width=\"150\" src=\"https://i4.imageban.ru/out/2021/11/10/254531317653550c0a01af50fcd4e431.jpg\"></a></div><br>Genres/Tags: <strong>Exploration, Logic, Puzzle, Sandbox, Third-person, Physics-based, 3D</strong><br>Companies: <strong>No Brakes Games, Curve Digital</strong><br>Languages: <strong>RUS/ENG/MULTI18</strong><br>Original Size: <strong>1.2 GB</strong><br>Repack Size: <strong>855 MB</strong></p>&nbsp;<div>&nbsp;</div><h3>Download Mirrors</h3><ul><li><a href=\"https://1337x.to/torrent/5046962/Human-Fall-Flat-v1079762-OSTs-MULTi18-FitGirl-Repack/\" target=\"_blank\" rel=\"noopener\">1337x</a> | [<a href=\"magnet:?xt=urn:btih:18845305CD9977DE943B14CF2379FA006AB6496B&amp;dn=Human%3A+Fall+Flat+%28v1079762+%2B+OSTs%2C+MULTi18%29+%5BFitGirl+Repack%5D&amp;tr=udp%3A%2F%2F46.148.18.250%3A2710&amp;tr=udp%3A%2F%2Fopentor.org%3A2710&amp;tr=udp%3A%2F%2Ftracker.coppersurfer.tk%3A6969%2Fannounce&amp;tr=udp%3A%2F%2Ftracker.opentrackr.org%3A1337%2Fannounce&amp;tr=http%3A%2F%2Ftracker.dler.org%3A6969%2Fannounce&amp;tr=udp%3A%2F%2Ftracker.leechers-paradise.org%3A6969%2Fannounce&amp;tr=udp%3A%2F%2F9.rarbg.me%3A2730%2Fannounce&amp;tr=udp%3A%2F%2F9.rarbg.to%3A2770%2Fannounce&amp;tr=udp%3A%2F%2Ftracker.pirateparty.gr%3A6969%2Fannounce&amp;tr=http%3A%2F%2Fretracker.local%2Fannounce&amp;tr=http%3A%2F%2Fretracker.ip.ncnet.ru%2Fannounce&amp;tr=udp%3A%2F%2Fexodus.desync.com%3A6969%2Fannounce&amp;tr=udp%3A%2F%2Fipv4.tracker.harry.lu%3A80%2Fannounce&amp;tr=udp%3A%2F%2Fopen.stealth.si%3A80%2Fannounce&amp;tr=udp%3A%2F%2Ftracker.zer0day.to%3A1337%2Fannounce&amp;tr=udp%3A%2F%2Ftracker.leechers-paradise.org%3A6969%2Fannounce&amp;tr=udp%3A%2F%2Fcoppersurfer.tk%3A6969%2Fannounce\">magnet</a>] [<a href=\"https://pastefg.hermietkreeft.site/?064cf1cb36e5a15b#23W7MkbpTv6nK8SfVaPCigEccZPDW56WPzspneu5J9Js\" target=\"_blank\" rel=\"noopener\">.torrent file only</a>] <br><img src=\"https://torrent-stats.info/14cf/60c53329.png\" style=\"display:block;clear:both\"></li><li><a href=\"http://rutor.info/torrent/844807/human-fall-flat-v1079762-bonus-2016-pc-repack-ot-fitgirl\" target=\"_blank\" rel=\"noopener\">RuTor</a> [<a href=\"magnet:?xt=urn:btih:18845305cd9977de943b14cf2379fa006ab6496b&amp;dn=rutor.info_Human%3A+Fall+Flat+%5Bv1079762+%2B+Bonus%5D+%282016%29+PC+%7C+RePack+%D0%BE%D1%82+FitGirl&amp;tr=udp://opentor.net:6969&amp;tr=udp://opentor.org:2710&amp;tr=http://retracker.local/announce\">magnet</a>]</li><li><a href=\"https://tapochek.net/viewtopic.php?p=2811196\" target=\"_blank\" rel=\"noopener\">Tapochek.net</a></li><li><a href=\"https://pastefg.hermietkreeft.site/?f8681296a5cb14b5#4cMF1esEVqFb7qnrCo1UiiDoZ6qidsX5oF6weS7c4asD\" target=\"_blank\" rel=\"noopener\">Filehoster: MultiUpload</a> (10+ hosters, interchangeable) [Use <a href=\"http://jdownloader.org/jdownloader2\" target=\"_blank\" rel=\"noopener\">JDownloader2</a>]</li><li><a href=\"https://pastefg.hermietkreeft.site/?8c9d63e1fc5fe530#AXYuAUnmFofDafjW6vr4ErrFFHAEZzMiVkhz1fSE7WvQ\" target=\"_blank\" rel=\"noopener\">Filehoster: ZippyShare</a></li><li><a href=\"https://pastefg.hermietkreeft.site/?ae48455b681f9c6e#CpudDiWD7rh1vQhDazmN2KMV7v6NS81BG1KmP9Y1JPjm\" target=\"_blank\" rel=\"noopener\">Filehoster: BayFiles</a></li><li><a href=\"https://pastefg.hermietkreeft.site/?82a1d87a58546c6b#Fjgt4anhEjYroTgySXbdv53LnN9RFWQNCMSBxeKPWKNs\" target=\"_blank\" rel=\"noopener\">Filehoster: LetsUpload</a> [Use <a href=\"http://jdownloader.org/jdownloader2\" target=\"_blank\" rel=\"noopener\">JDownloader2</a>]</li><li><a href=\"https://pastefg.hermietkreeft.site/?1238f528d3f21fb3#HfMYdqWYovL3v5AnwpNWiyZTFua2DtS7dgHX3bMrZvpo\" target=\"_blank\" rel=\"noopener\">Filehoster: OneDrive</a> (Uploaded by DyR0 t(-_-t), NOT compatible with other mirrors)</li><p><!--  <li><a href=\"\" target=\"_blank\" rel=\"noopener\">Filehosters: Google Drive, OneDrive + others</a> (Uploaded by crackhub213)</li>  --></p></ul><p><a href=\"https://cs.rin.ru/forum/viewtopic.php?f=10&amp;t=72472\" target=\"_blank\" rel=\"noopener\">Discussion and (possible) future updates on CS.RIN.RU thread</a></p><h3>Screenshots (Click to enlarge)</h3><p><a target=\"_blank\" href=\"https://en.riotpixels.com/games/human-fall-flat/screenshots/35/?utm_source=emb-gfx-html&amp;utm_medium=image&amp;utm_campaign=rp-mass\" rel=\"noopener\"><img loading=\"lazy\" width=\"178\" height=\"100\" border=\"0\" src=\"https://s01.riotpixels.net/data/f8/25/f825f2c8-e798-4e02-8ed0-52135f1206e6.jpg.240p.jpg\"></a><a target=\"_blank\" href=\"https://en.riotpixels.com/games/human-fall-flat/screenshots/33/?utm_source=emb-gfx-html&amp;utm_medium=image&amp;utm_campaign=rp-mass\" rel=\"noopener\"><img loading=\"lazy\" width=\"178\" height=\"100\" border=\"0\" src=\"https://s01.riotpixels.net/data/bb/9b/bb9b0960-0bfc-4fad-9a62-168eb7e1f3c9.jpg.240p.jpg\"></a><a target=\"_blank\" href=\"https://en.riotpixels.com/games/human-fall-flat/screenshots/31/?utm_source=emb-gfx-html&amp;utm_medium=image&amp;utm_campaign=rp-mass\" rel=\"noopener\"><img loading=\"lazy\" width=\"178\" height=\"100\" border=\"0\" src=\"https://s01.riotpixels.net/data/a8/56/a8568bc5-b59d-4b84-9c85-82c9ebfe4259.jpg.240p.jpg\"></a><br><a target=\"_blank\" href=\"https://en.riotpixels.com/games/human-fall-flat/screenshots/20/?utm_source=emb-gfx-html&amp;utm_medium=image&amp;utm_campaign=rp-mass\" rel=\"noopener\"><img loading=\"lazy\" width=\"178\" height=\"100\" border=\"0\" src=\"https://s01.riotpixels.net/data/37/0f/370f7934-01c6-4844-83c5-1a9cc1b9f98a.png.240p.jpg\"></a><a target=\"_blank\" href=\"https://en.riotpixels.com/games/human-fall-flat/screenshots/18/?utm_source=emb-gfx-html&amp;utm_medium=image&amp;utm_campaign=rp-mass\" rel=\"noopener\"><img loading=\"lazy\" width=\"178\" height=\"100\" border=\"0\" src=\"https://s01.riotpixels.net/data/7f/96/7f96bb97-e1a0-467c-88fd-541946219d4c.jpg.240p.jpg\"></a><a target=\"_blank\" href=\"https://en.riotpixels.com/games/human-fall-flat/screenshots/11/?utm_source=emb-gfx-html&amp;utm_medium=image&amp;utm_campaign=rp-mass\" rel=\"noopener\"><img loading=\"lazy\" width=\"178\" height=\"100\" border=\"0\" src=\"https://s01.riotpixels.net/data/ce/0b/ce0bace3-e5f9-4b77-9c9c-b931ad7905e8.jpg.240p.jpg\"></a></p><h3>Repack Features</h3><ul><li>Based on Human.Fall.Flat.Lumber-PLAZA ISO release: plaza-human.fall.flat.lumber.iso (1,090,977,792 bytes)</li><li>Two missing bonus soundtracks (187 MB) added and included by default</li><li>100% Lossless &amp; MD5 Perfect: all files are identical to originals after installation</li><li>NOTHING ripped, NOTHING re-encoded</li><li>Significantly smaller archive size (compressed from cumulative 1.2 GB to 855 MB)</li><li>Installation takes 2 minutes</li><li>After-install integrity check so you could make sure that everything installed properly</li><li>HDD space after installation: 3 GB</li><li>Language can be changed in game settings</li><li>Repack uses XTool library by Razor12911</li><li>At least 2 GB of free RAM (inc. virtual) required for installing this repack</li></ul><div ><div><h2>Game Description</h2></div><div ><p><b>Human: Fall Flat is a hilarious, light-hearted physics platformer set in a world of floating dreamscapes.</b></p><p><b>Includes 17 great levels. Over 25million units sold across all formats</b><br>Each dream level provides a new environment to navigate, from mansions, castles and Aztec adventures to snowy mountains, eerie nightscapes and industrial locations. Multiple routes through each level, and perfectly playful puzzles ensure exploration and ingenuity are rewarded.</p><p><b>More Humans, More Mayhem</b><br>Need a hand getting that boulder on to a catapult, or need someone to break that wall? Online multiplayer for up to 8 players transforms the way Human: Fall Flat is played.</p><p><b>A Blank Canvas</b><br>Your Human is yours to customise. With outfits from builder to chef, skydiver, miner, astronaut and ninja. Choose your head, upper and lower body and get creative with the colours!</p><p><b>Workshop Wonders</b><br>The Human: Fall Flat Workshop, unique to Steam is a fantastic tool which, used alongside Unity, enables players to build their own Human: Fall Flat content and share it with others around the world. Not interested in building levels, lobbies or skins yourself? You can also download and explore other people\u2019s creations directly from Steam!</p><p><b>A Vibrant Community</b><br>Streamers and YouTubers flock to Human: Fall Flat for its unique, hilarious gameplay. Fans have watched these videos more than 3 Billion times!</p><p><b>NEW LEVEL \u2018FOREST\u2019 AVAILABLE NOW</b><br>The great outdoors is calling! Grab your friends and explore lush woodland and snowy hilltops in search of rest and relaxation in new level Forest!<br>Mystery and mayhem are just round the corner, not to mention crashed planes and heavy machinery. Did somebody take a wrong turn?</p></div></div><p><b>Backwards Compatibility</b></p><p>This repack is NOT backwards compatible with my previous HFF repack.</p>             </div>"
}