{
    "link": "https://fitgirl-repacks.site/hyperblade/",
    "title": "Hyperblade",
    "first_img": "https://i2.imageban.ru/out/2021/09/01/1a9e2e2f4f78ab65ff950e7aaf13f5f9.jpg",
    "second_img": "https://s01.riotpixels.net/data/51/20/512077bf-7cd9-4de2-b517-9823defab362.jpg.240p.jpg",
    "body": "<div ><h2>Hyperblade</h2><p ><div><a target=\"_blank\" href=\"https://en.riotpixels.com/games/hyperblade-ii-2021/\" rel=\"noopener\"><img class=\"alignleft\" width=\"150\" src=\"https://i2.imageban.ru/out/2021/09/01/1a9e2e2f4f78ab65ff950e7aaf13f5f9.jpg\"></a></div><br>Genres/Tags: <strong>Arcade, Racing, Third-person, 3D</strong><br>Company: <strong>Kavasoft</strong><br>Language: <strong>ENG</strong><br>Original Size: <strong>14.6 GB</strong><br>Repack Size: <strong>8 GB</strong></p>&nbsp;<div>&nbsp;</div><h3>Download Mirrors</h3><ul><li><a href=\"https://1337x.to/torrent/4971054/Hyperblade-FitGirl-Repack/\" target=\"_blank\" rel=\"noopener\">1337x</a> | [<a href=\"magnet:?xt=urn:btih:BCFA7C60409DB0C0D66D0C8BEA9B07EB3080CA35&amp;dn=Hyperblade+%5BFitGirl+Repack%5D&amp;tr=udp%3A%2F%2F46.148.18.250%3A2710&amp;tr=udp%3A%2F%2Fopentor.org%3A2710&amp;tr=udp%3A%2F%2Ftracker.coppersurfer.tk%3A6969%2Fannounce&amp;tr=udp%3A%2F%2Ftracker.opentrackr.org%3A1337%2Fannounce&amp;tr=http%3A%2F%2Ftracker.dler.org%3A6969%2Fannounce&amp;tr=udp%3A%2F%2Ftracker.leechers-paradise.org%3A6969%2Fannounce&amp;tr=udp%3A%2F%2F9.rarbg.me%3A2730%2Fannounce&amp;tr=udp%3A%2F%2F9.rarbg.to%3A2770%2Fannounce&amp;tr=udp%3A%2F%2Ftracker.pirateparty.gr%3A6969%2Fannounce&amp;tr=http%3A%2F%2Fretracker.local%2Fannounce&amp;tr=http%3A%2F%2Fretracker.ip.ncnet.ru%2Fannounce&amp;tr=udp%3A%2F%2Fexodus.desync.com%3A6969%2Fannounce&amp;tr=udp%3A%2F%2Fipv4.tracker.harry.lu%3A80%2Fannounce&amp;tr=udp%3A%2F%2Fopen.stealth.si%3A80%2Fannounce&amp;tr=udp%3A%2F%2Ftracker.zer0day.to%3A1337%2Fannounce&amp;tr=udp%3A%2F%2Ftracker.leechers-paradise.org%3A6969%2Fannounce&amp;tr=udp%3A%2F%2Fcoppersurfer.tk%3A6969%2Fannounce\">magnet</a>] [<a href=\"https://pastefg.hermietkreeft.site/?b5aebe40a421707b#4LYEQvsrvCfahstHnDsWV6TRho4uu1ExtQtYWWiFA1Su\" target=\"_blank\" rel=\"noopener\">.torrent file only</a>] <br><img src=\"https://torrent-stats.info/0c8b/3942b67a.png\" style=\"display:block;clear:both\"></li><li><a href=\"https://tapochek.net/viewtopic.php?p=2798127\" target=\"_blank\" rel=\"noopener\">Tapochek.net</a></li><li><a href=\"https://pastefg.hermietkreeft.site/?c3c717ddc1c651e7#BZd23Ni7dDUCkGethEAseUjf6ti8fSqAwJKAXfgxrM88\" target=\"_blank\" rel=\"noopener\">Filehoster: MultiUpload</a> (10+ hosters, interchangeable) [Use <a href=\"http://jdownloader.org/jdownloader2\" target=\"_blank\" rel=\"noopener\">JDownloader2</a>]</li><li><a href=\"https://pastefg.hermietkreeft.site/?095ed7164e094c18#53GCw2RXRX4J1yi9LAfoXEWQR5jgzHwT6ZuKTwsXMfZt\" target=\"_blank\" rel=\"noopener\">Filehoster: PixelDrain</a></li><li><a href=\"https://pastefg.hermietkreeft.site/?3ff5e1035017ad70#77XAmwzVAyemny9Qustb3H4K3LzxbMbDf2mVF6bbJFy\" target=\"_blank\" rel=\"noopener\">Filehoster: ZippyShare</a></li><li><a href=\"https://pastefg.hermietkreeft.site/?323c6ae4f041b29c#2E18KQqPRjJDiTdB4LAMrxSLGHJV5qQChxPuxugui12u\" target=\"_blank\" rel=\"noopener\">Filehoster: LetsUpload</a> [Use <a href=\"http://jdownloader.org/jdownloader2\" target=\"_blank\" rel=\"noopener\">JDownloader2</a>]</li><li><a href=\"https://pastefg.hermietkreeft.site/?3c783416981b073a#DrX7fJyKQ4Gu8TKqELF6uNy6CndyxobqxKvSZ9rd98vy\" target=\"_blank\" rel=\"noopener\">Filehoster: OneDrive</a> (Uploaded by DyR0 t(-_-t), NOT compatible with other mirrors)</li></ul><p><a href=\"https://cs.rin.ru/forum/viewtopic.php?f=10&amp;t=115503\" target=\"_blank\" rel=\"noopener\">Discussion and (possible) future updates on CS.RIN.RU thread</a></p><h3>Screenshots (Click to enlarge)</h3><p><a target=\"_blank\" href=\"https://en.riotpixels.com/games/hyperblade-ii-2021/screenshots/6/?utm_source=emb-gfx-html&amp;utm_medium=image&amp;utm_campaign=rp-mass\" rel=\"noopener\"><img loading=\"lazy\" width=\"189\" height=\"100\" border=\"0\" src=\"https://s01.riotpixels.net/data/51/20/512077bf-7cd9-4de2-b517-9823defab362.jpg.240p.jpg\"></a><a target=\"_blank\" href=\"https://en.riotpixels.com/games/hyperblade-ii-2021/screenshots/5/?utm_source=emb-gfx-html&amp;utm_medium=image&amp;utm_campaign=rp-mass\" rel=\"noopener\"><img loading=\"lazy\" width=\"189\" height=\"100\" border=\"0\" src=\"https://s01.riotpixels.net/data/03/f8/03f8d240-00fe-45ff-a5ad-eedb78d8b319.jpg.240p.jpg\"></a><a target=\"_blank\" href=\"https://en.riotpixels.com/games/hyperblade-ii-2021/screenshots/4/?utm_source=emb-gfx-html&amp;utm_medium=image&amp;utm_campaign=rp-mass\" rel=\"noopener\"><img loading=\"lazy\" width=\"189\" height=\"100\" border=\"0\" src=\"https://s01.riotpixels.net/data/d7/d8/d7d890f9-2687-4dac-9af4-5d636d859aa1.jpg.240p.jpg\"></a><br><a target=\"_blank\" href=\"https://en.riotpixels.com/games/hyperblade-ii-2021/screenshots/3/?utm_source=emb-gfx-html&amp;utm_medium=image&amp;utm_campaign=rp-mass\" rel=\"noopener\"><img loading=\"lazy\" width=\"189\" height=\"100\" border=\"0\" src=\"https://s01.riotpixels.net/data/9a/ae/9aaedfd1-f54a-48e0-8a26-37c3382e8331.jpg.240p.jpg\"></a><a target=\"_blank\" href=\"https://en.riotpixels.com/games/hyperblade-ii-2021/screenshots/2/?utm_source=emb-gfx-html&amp;utm_medium=image&amp;utm_campaign=rp-mass\" rel=\"noopener\"><img loading=\"lazy\" width=\"189\" height=\"100\" border=\"0\" src=\"https://s01.riotpixels.net/data/a7/89/a789e714-2c97-4462-8b6c-cfa31ae27dc0.jpg.240p.jpg\"></a><a target=\"_blank\" href=\"https://en.riotpixels.com/games/hyperblade-ii-2021/screenshots/1/?utm_source=emb-gfx-html&amp;utm_medium=image&amp;utm_campaign=rp-mass\" rel=\"noopener\"><img loading=\"lazy\" width=\"189\" height=\"100\" border=\"0\" src=\"https://s01.riotpixels.net/data/7f/07/7f07d048-67e6-46ec-aa40-6bcb588cd55b.jpg.240p.jpg\"></a></p><h3>Repack Features</h3><ul><li>Based on Hyperblade-DOGE ISO release: wow-hyperblade.iso (15,663,394,816 bytes)</li><li>100% Lossless &amp; MD5 Perfect: all files are identical to originals after installation</li><li>NOTHING ripped, NOTHING re-encoded</li><li>Significantly smaller archive size (compressed from 14.6 to 8 GB)</li><li>Installation takes 4-10 minutes (depending on your system)</li><li>After-install integrity check so you could make sure that everything installed properly</li><li>HDD space after installation: 14.7 GB</li><li>Repack uses XTool library by Razor12911</li><li>At least 2 GB of free RAM (inc. virtual) required for installing this repack</li></ul><div ><div><h2>Game Description</h2></div><div ><b>Fast paced drone racing and explosive combat</b><p>Hyperblade is one part racing game, and one part vehicular combat</p><p>Challenge your opponents to a traditional race or amp up the stakes by strapping some weapons to your drone and battling it out in the combat arena or blow your opponents off the track. Drone Racer Alpha gives you all the fun of a giant machine gun strapped to a vehicle, but in the air.</p><p><b>Racing</b></p><p>You can engage in traditional style, first to the line races against your friends or the AI. Fly through the checkpoints and be the first to cross the finish line. Visit exciting locales like sleepy meadows, train yards and even space stations.</p><p><b>Combat</b></p><p>If you want something a little different, make the races more exciting by equipping weapons (currently one, more coming) on your drone and eliminating your opponents before they cross the finish line first.</p><p>Additionally you can take your armed drone into the combat arena and blow each other up without the pretense of any kind of race.</p></div></div>             </div>"
}