{
    "link": "https://fitgirl-repacks.site/i-am-fish/",
    "title": "I Am Fish \u2013 v1.1.1",
    "first_img": "https://i4.imageban.ru/out/2021/09/19/4fd72dea15392e3164cf87caa86e82e5.jpg",
    "second_img": "https://s01.riotpixels.net/data/c4/ef/c4ef63e8-5ae3-4ec1-82ff-d9e4d8a14b58.jpg.240p.jpg",
    "body": "<div ><h2>I Am Fish \u2013 v1.1.1</h2><p ><div><a target=\"_blank\" href=\"https://en.riotpixels.com/games/i-am-fish/\" rel=\"noopener\"><img class=\"alignleft\" width=\"150\" src=\"https://i4.imageban.ru/out/2021/09/19/4fd72dea15392e3164cf87caa86e82e5.jpg\"></a></div><br>Genres/Tags: <strong>Arcade, Physics-based, Third-person, 3D</strong><br>Companies: <strong>Bossa Studios, Curve Digital</strong><br>Languages: <strong>RUS/ENG/MULTI11</strong><br>Original Size: <strong>4 GB</strong><br>Repack Size: <strong>2.2 GB</strong></p>&nbsp;<div>&nbsp;</div><h3>Download Mirrors</h3><ul><li><a href=\"https://1337x.to/torrent/4988124/I-Am-Fish-v1-1-1-MULTi11-FitGirl-Repack/\" target=\"_blank\" rel=\"noopener\">1337x</a> | [<a href=\"magnet:?xt=urn:btih:3FF5957B0F6462B4B20C6E78B4C1C0368C2AEFC4&amp;dn=I+Am+Fish+%28v1.1.1%2C+MULTi11%29+%5BFitGirl+Repack%5D&amp;tr=udp%3A%2F%2F46.148.18.250%3A2710&amp;tr=udp%3A%2F%2Fopentor.org%3A2710&amp;tr=udp%3A%2F%2Ftracker.coppersurfer.tk%3A6969%2Fannounce&amp;tr=udp%3A%2F%2Ftracker.opentrackr.org%3A1337%2Fannounce&amp;tr=http%3A%2F%2Ftracker.dler.org%3A6969%2Fannounce&amp;tr=udp%3A%2F%2Ftracker.leechers-paradise.org%3A6969%2Fannounce&amp;tr=udp%3A%2F%2F9.rarbg.me%3A2730%2Fannounce&amp;tr=udp%3A%2F%2F9.rarbg.to%3A2770%2Fannounce&amp;tr=udp%3A%2F%2Ftracker.pirateparty.gr%3A6969%2Fannounce&amp;tr=http%3A%2F%2Fretracker.local%2Fannounce&amp;tr=http%3A%2F%2Fretracker.ip.ncnet.ru%2Fannounce&amp;tr=udp%3A%2F%2Fexodus.desync.com%3A6969%2Fannounce&amp;tr=udp%3A%2F%2Fipv4.tracker.harry.lu%3A80%2Fannounce&amp;tr=udp%3A%2F%2Fopen.stealth.si%3A80%2Fannounce&amp;tr=udp%3A%2F%2Ftracker.zer0day.to%3A1337%2Fannounce&amp;tr=udp%3A%2F%2Ftracker.leechers-paradise.org%3A6969%2Fannounce&amp;tr=udp%3A%2F%2Fcoppersurfer.tk%3A6969%2Fannounce\">magnet</a>] [<a href=\"https://pastefg.hermietkreeft.site/?15d778d44bf5e4ae#3SRjLvnXGtrwB3KCGmuywJz8dwoqt6r4q9uSV976Rjih\" target=\"_blank\" rel=\"noopener\">.torrent file only</a>] <br><img src=\"https://torrent-stats.info/6e78/1fa38ca10.png\" style=\"display:block;clear:both\"></li><li><a href=\"http://rutor.info/torrent/835118/i-am-fish-v-1.1.1-2021-pc-repack-ot-fitgirl\" target=\"_blank\" rel=\"noopener\">RuTor</a> [<a href=\"magnet:?xt=urn:btih:3ff5957b0f6462b4b20c6e78b4c1c0368c2aefc4&amp;dn=rutor.info_I+Am+Fish+%5Bv+1.1.1%5D+%282021%29+PC+%7C+RePack+%D0%BE%D1%82+FitGirl&amp;tr=udp://opentor.net:6969&amp;tr=udp://opentor.org:2710&amp;tr=http://retracker.local/announce\">magnet</a>]</li><li><a href=\"https://tapochek.net/viewtopic.php?p=2800993\" target=\"_blank\" rel=\"noopener\">Tapochek.net</a></li><li><a href=\"https://pastefg.hermietkreeft.site/?484ad2ac7ba59979#KBXGUyniGwWST1tL6eAZXMjPd4BnrYpMhc23J24gkis\" target=\"_blank\" rel=\"noopener\">Filehoster: MultiUpload</a> (10+ hosters, interchangeable) [Use <a href=\"http://jdownloader.org/jdownloader2\" target=\"_blank\" rel=\"noopener\">JDownloader2</a>]</li><li><a href=\"https://pastefg.hermietkreeft.site/?62b8cd16e90d7c3e#G3zFyNkDqRzgsmizW5gyFunkDmWQuwpYyEG9QGrCHVd2\" target=\"_blank\" rel=\"noopener\">Filehoster: PixelDrain</a></li><li><a href=\"https://pastefg.hermietkreeft.site/?b164949a480f9614#3Njtc4HqWLP5sZ3AP6S5MnuJdLqzo3VWE4UV4DnAFnBk\" target=\"_blank\" rel=\"noopener\">Filehoster: ZippyShare</a></li><li><a href=\"https://pastefg.hermietkreeft.site/?b36a377e2b825af8#Ev9DYSW1tWRRYYRjghVGAr67cWKicb4rEwJPphgUiNoq\" target=\"_blank\" rel=\"noopener\">Filehoster: LetsUpload</a> [Use <a href=\"http://jdownloader.org/jdownloader2\" target=\"_blank\" rel=\"noopener\">JDownloader2</a>]</li><li><a href=\"https://pastefg.hermietkreeft.site/?c98209c43ffcb422#3K3LjEqheBf29JPVUhAUox2LNJpDaQrsF6TtZ75YpS7Y\" target=\"_blank\" rel=\"noopener\">Filehoster: OneDrive</a> (Uploaded by DyR0 t(-_-t), NOT compatible with other mirrors)</li></ul><p><a href=\"https://cs.rin.ru/forum/viewtopic.php?f=10&amp;t=113525\" target=\"_blank\" rel=\"noopener\">Discussion and (possible) future updates on CS.RIN.RU thread</a></p><h3>Screenshots (Click to enlarge)</h3><p><a target=\"_blank\" href=\"https://en.riotpixels.com/games/i-am-fish/screenshots/11/?utm_source=emb-gfx-html&amp;utm_medium=image&amp;utm_campaign=rp-mass\" rel=\"noopener\"><img loading=\"lazy\" width=\"178\" height=\"100\" border=\"0\" src=\"https://s01.riotpixels.net/data/c4/ef/c4ef63e8-5ae3-4ec1-82ff-d9e4d8a14b58.jpg.240p.jpg\"></a><a target=\"_blank\" href=\"https://en.riotpixels.com/games/i-am-fish/screenshots/8/?utm_source=emb-gfx-html&amp;utm_medium=image&amp;utm_campaign=rp-mass\" rel=\"noopener\"><img loading=\"lazy\" width=\"178\" height=\"100\" border=\"0\" src=\"https://s01.riotpixels.net/data/a6/2d/a62d3b16-3bbc-4270-8513-1a18503dd17e.jpg.240p.jpg\"></a><a target=\"_blank\" href=\"https://en.riotpixels.com/games/i-am-fish/screenshots/7/?utm_source=emb-gfx-html&amp;utm_medium=image&amp;utm_campaign=rp-mass\" rel=\"noopener\"><img loading=\"lazy\" width=\"178\" height=\"100\" border=\"0\" src=\"https://s01.riotpixels.net/data/6a/e1/6ae16670-5327-477f-84ad-34b7a8deba97.jpg.240p.jpg\"></a><br><a target=\"_blank\" href=\"https://en.riotpixels.com/games/i-am-fish/screenshots/5/?utm_source=emb-gfx-html&amp;utm_medium=image&amp;utm_campaign=rp-mass\" rel=\"noopener\"><img loading=\"lazy\" width=\"178\" height=\"100\" border=\"0\" src=\"https://s01.riotpixels.net/data/88/81/8881d205-6139-422e-884c-bd33ac929b08.jpg.240p.jpg\"></a><a target=\"_blank\" href=\"https://en.riotpixels.com/games/i-am-fish/screenshots/4/?utm_source=emb-gfx-html&amp;utm_medium=image&amp;utm_campaign=rp-mass\" rel=\"noopener\"><img loading=\"lazy\" width=\"178\" height=\"100\" border=\"0\" src=\"https://s01.riotpixels.net/data/8b/1c/8b1cd10b-893f-455f-afa5-85314a05d117.jpg.240p.jpg\"></a><a target=\"_blank\" href=\"https://en.riotpixels.com/games/i-am-fish/screenshots/3/?utm_source=emb-gfx-html&amp;utm_medium=image&amp;utm_campaign=rp-mass\" rel=\"noopener\"><img loading=\"lazy\" width=\"178\" height=\"100\" border=\"0\" src=\"https://s01.riotpixels.net/data/38/e6/38e6d90a-d1c5-4dbc-bdaa-1520c47e85f9.jpg.240p.jpg\"></a></p><h3>Repack Features</h3><ul><li>Based on I.Am.Fish-CODEX ISO release: codex-i.am.fish.iso (4,336,779,264 bytes)</li><li>100% Lossless &amp; MD5 Perfect: all files are identical to originals after installation</li><li>NOTHING ripped, NOTHING re-encoded</li><li>Significantly smaller archive size (compressed from 4 to 2.2 GB)</li><li>Installation takes two minutes</li><li>After-install integrity check so you could make sure that everything installed properly</li><li>HDD space after installation: 10.3 GB</li><li>Language can be changed in game settings</li><li>At least 2 GB of free RAM (inc. virtual) required for installing this repack</li></ul><div ><div><h2>Game Description</h2></div><div >I Am Fish is a charming, physics-based adventure starring four intrepid fish friends, forcibly separated from their home in a pet shop fish tank. Over the course of the game you join them as they swim, fly, roll and chomp their way to the open ocean from the far-flung corners of Barnardshire (the smallest county in England) in their bid for freedom and to re-unite once again.<p><b>FINTASTIC FRIENDS</b><br>Meet our heroes! Goldfish \u2013 cheerful, brave, and adventurous, a natural born swimmer! Pufferfish \u2013 a little slow but kind-hearted who can also puff up into a ball and roll across land. Piranha \u2013 wild, chaotic, loud, unpredictable, and loves to bite \u2013 obviously. Flying Fish \u2013 a little aloof at times but a real softy at heart, with the ability to glide through the air! These plucky heroes will leave no bowl unturned, putting their heart and shoal into the mission to re-unite!</p><p><b>NO NEED TO BE A BRAIN STURGEON</b><br>Swim, roll, glide, chomp, flip flop, inflate, fly and bite your way through enthralling challenges. A simple, intuitive control scheme leaves no excuses should your fish perish leaving you feeling very gill-ty.</p><p><b>THINK OUTSIDE THE BOWL</b><br>With its idyllic coastline and quaint villages Barnardshire might seem like a perfect slice of quintessential tranquility, but to our aquatic adventurers it\u2019s alive with the very real threats presented by crossing roads, traversing rooftops, dodging deep fat fryers, avoiding wildlife including the cantankerous locals, not to mention fragile fishbowls and the very real problem that fish can\u2019t breathe out of water.</p><p><b>LEAVE NO FISH BEHIND</b><br>We won\u2019t dwell on grizzly fish death, but should your fish fall too far in whatever make-shift fishbowl it finds itself in, run out of air or generally flounder you will be popped back to the most recent checkpoint to refine your approach.</p><p><b>SWIM TO FREEDOM</b><br>Our four fin-tastic friends will be hitching rides in all manner of ad hoc water carriers including jars, mop buckets on wheels and the occasional pint glass. Cheers! Navigating in each make-shift aquatic vehicle poses its own unique challenge, but don\u2019t worry, the relative freedom of open water is never too far away with inviting fountains, swimming pools and err, sewers full of hazardous materials to splash around in, before reaching the final goal \u2013 the shimmering, open ocean.</p><p><b>BE CAREFUL YOU DON\u2019T FLOUNDER</b><br>Whilst I Am Fish may look like a piece of hake to play, actshoally the controls are deliberately designed to be challenging and with an additional layer of added Bossa Style controls, it won\u2019t be like shooting fish in a barrel. Even if you are a dab-handed player, you might find yourself in deep waters \u2013 we dare you to dive in!</p></div></div>             </div>"
}