{
    "link": "https://fitgirl-repacks.site/idol-manager/",
    "title": "Idol Manager",
    "first_img": "https://i7.imageban.ru/out/2021/07/28/242c5d4f0c80edff81ec13963656df22.jpg",
    "second_img": "https://s01.riotpixels.net/data/cb/68/cb68e4b9-86fe-45c6-8cdf-fda7a21f5ca8.jpg.240p.jpg",
    "body": "<div ><h2>Idol Manager</h2><p ><div><a target=\"_blank\" href=\"https://en.riotpixels.com/games/idol-manager/\" rel=\"noopener\"><img class=\"alignleft\" width=\"150\" src=\"https://i7.imageban.ru/out/2021/07/28/242c5d4f0c80edff81ec13963656df22.jpg\"></a></div><br>Genres/Tags: <strong>Managerial, 2D</strong><br>Companies: <strong>Glitch Pitch, Active Gaming Media</strong><br>Languages: <strong>RUS/ENG/MULTI5</strong><br>Original Size: <strong>2.2 GB</strong><br>Repack Size: <strong>1.4 GB</strong></p>&nbsp;<div>&nbsp;</div><h3>Download Mirrors</h3><ul><li><a href=\"https://1337x.to/torrent/4934655/Idol-Manager-MULTi5-FitGirl-Repack/\" target=\"_blank\" rel=\"noopener\">1337x</a> | [<a href=\"magnet:?xt=urn:btih:70C2B25AB41AB051D6FA4B3579A03650DFB2B5E8&amp;dn=Idol+Manager+%28MULTi5%29+%5BFitGirl+Repack%5D&amp;tr=udp%3A%2F%2F46.148.18.250%3A2710&amp;tr=udp%3A%2F%2Fopentor.org%3A2710&amp;tr=udp%3A%2F%2Ftracker.coppersurfer.tk%3A6969%2Fannounce&amp;tr=udp%3A%2F%2Ftracker.opentrackr.org%3A1337%2Fannounce&amp;tr=http%3A%2F%2Ftracker.dler.org%3A6969%2Fannounce&amp;tr=udp%3A%2F%2Ftracker.leechers-paradise.org%3A6969%2Fannounce&amp;tr=udp%3A%2F%2F9.rarbg.me%3A2730%2Fannounce&amp;tr=udp%3A%2F%2F9.rarbg.to%3A2770%2Fannounce&amp;tr=udp%3A%2F%2Ftracker.pirateparty.gr%3A6969%2Fannounce&amp;tr=http%3A%2F%2Fretracker.local%2Fannounce&amp;tr=http%3A%2F%2Fretracker.ip.ncnet.ru%2Fannounce&amp;tr=udp%3A%2F%2Fexodus.desync.com%3A6969%2Fannounce&amp;tr=udp%3A%2F%2Fipv4.tracker.harry.lu%3A80%2Fannounce&amp;tr=udp%3A%2F%2Fopen.stealth.si%3A80%2Fannounce&amp;tr=udp%3A%2F%2Ftracker.zer0day.to%3A1337%2Fannounce&amp;tr=udp%3A%2F%2Ftracker.leechers-paradise.org%3A6969%2Fannounce&amp;tr=udp%3A%2F%2Fcoppersurfer.tk%3A6969%2Fannounce\">magnet</a>] [<a href=\"https://pastefg.hermietkreeft.site/?3b1f58150116be6e#3SSaPq3KcGNVoZbVEwtVcbUPwrkkyEPtg8og9fJPvJYb\" target=\"_blank\" rel=\"noopener\">.torrent file only</a>] <br><img src=\"https://torrent-stats.info/4b35/154a740d0.png\" style=\"display:block;clear:both\"></li><li><a href=\"http://rutor.info/torrent/827121/idol-manager-2021-pc-repack-ot-fitgirl\" target=\"_blank\" rel=\"noopener\">RuTor</a> [<a href=\"magnet:?xt=urn:btih:70c2b25ab41ab051d6fa4b3579a03650dfb2b5e8&amp;dn=rutor.info_Idol+Manager+%282021%29+PC+%7C+RePack+%D0%BE%D1%82+FitGirl&amp;tr=udp://opentor.org:2710&amp;tr=udp://opentor.org:2710&amp;tr=http://retracker.local/announce\">magnet</a>]</li><li><a href=\"https://tapochek.net/viewtopic.php?p=2791323\" target=\"_blank\" rel=\"noopener\">Tapochek.net</a></li><li><a href=\"https://pastefg.hermietkreeft.site/?1accfc7850207128#BDEbT5zm8y9GDFK2ZCpKcnxzSwNYsjZ2Graswe6akrWn\" target=\"_blank\" rel=\"noopener\">Filehoster: MultiUpload</a> (10+ hosters, interchangeable) [Use <a href=\"http://jdownloader.org/jdownloader2\" target=\"_blank\" rel=\"noopener\">JDownloader2</a>]</li><li><a href=\"https://pastefg.hermietkreeft.site/?b9f8e32a80e19c0d#2tYGBNgfjdqHfSWu7EmWoJkP7rbAtbWG8DPB9ayJLrER\" target=\"_blank\" rel=\"noopener\">Filehoster: PixelDrain</a></li><li><a href=\"https://pastefg.hermietkreeft.site/?f92d664dbdae4fe1#Dqmwe6yS9PXDT9FKnhGTsTnrz3fjDkVhME7fuLj9get2\" target=\"_blank\" rel=\"noopener\">Filehoster: ZippyShare</a></li><li><a href=\"https://pastefg.hermietkreeft.site/?9585a73c033ad061#CrRJU46amRm7Sc1wu6hk8KPKk1PPBjkjc8RDgkD1k9Y9\" target=\"_blank\" rel=\"noopener\">Filehoster: LetsUpload</a> [Use <a href=\"http://jdownloader.org/jdownloader2\" target=\"_blank\" rel=\"noopener\">JDownloader2</a>]</li><li><a href=\"https://crackhub.site/idol-manager-fitgirl-repack/\" target=\"_blank\" rel=\"noopener\">Filehosters: Google Drive, OneDrive + others</a> (Uploaded by crackhub213)</li><li><a href=\"https://pastefg.hermietkreeft.site/?0dffb8c86ee4e217#HLH83TcFRtTtZ2c6Vngisitt2gA9n8wp7fb9d3RExRqF\" target=\"_blank\" rel=\"noopener\">Filehoster: OneDrive</a> (Uploaded by DyR0 t(-_-t), NOT compatible with other mirrors)</li></ul><p><a href=\"https://cs.rin.ru/forum/viewtopic.php?f=10&amp;t=108366\" target=\"_blank\" rel=\"noopener\">Discussion and (possible) future updates on CS.RIN.RU thread</a></p><h3>Screenshots (Click to enlarge)</h3><p><a target=\"_blank\" href=\"https://en.riotpixels.com/games/idol-manager/screenshots/12/?utm_source=emb-gfx-html&amp;utm_medium=image&amp;utm_campaign=rp-mass\" rel=\"noopener\"><img loading=\"lazy\" width=\"178\" height=\"100\" border=\"0\" src=\"https://s01.riotpixels.net/data/cb/68/cb68e4b9-86fe-45c6-8cdf-fda7a21f5ca8.jpg.240p.jpg\"></a><a target=\"_blank\" href=\"https://en.riotpixels.com/games/idol-manager/screenshots/11/?utm_source=emb-gfx-html&amp;utm_medium=image&amp;utm_campaign=rp-mass\" rel=\"noopener\"><img loading=\"lazy\" width=\"178\" height=\"100\" border=\"0\" src=\"https://s01.riotpixels.net/data/2d/f8/2df87127-b1ff-40d9-87fd-f71d676dd69d.jpg.240p.jpg\"></a><a target=\"_blank\" href=\"https://en.riotpixels.com/games/idol-manager/screenshots/7/?utm_source=emb-gfx-html&amp;utm_medium=image&amp;utm_campaign=rp-mass\" rel=\"noopener\"><img loading=\"lazy\" width=\"178\" height=\"100\" border=\"0\" src=\"https://s01.riotpixels.net/data/8e/14/8e14f182-c17e-4823-9aee-ace4871f3911.jpg.240p.jpg\"></a><br><a target=\"_blank\" href=\"https://en.riotpixels.com/games/idol-manager/screenshots/6/?utm_source=emb-gfx-html&amp;utm_medium=image&amp;utm_campaign=rp-mass\" rel=\"noopener\"><img loading=\"lazy\" width=\"178\" height=\"100\" border=\"0\" src=\"https://s01.riotpixels.net/data/de/a9/dea950d2-79cd-4fdc-9fa1-b0dc71b7b05f.jpg.240p.jpg\"></a><a target=\"_blank\" href=\"https://en.riotpixels.com/games/idol-manager/screenshots/2/?utm_source=emb-gfx-html&amp;utm_medium=image&amp;utm_campaign=rp-mass\" rel=\"noopener\"><img loading=\"lazy\" width=\"178\" height=\"100\" border=\"0\" src=\"https://s01.riotpixels.net/data/8e/62/8e62dcee-cf45-4bec-8fd1-5ace3cc6b3a6.jpg.240p.jpg\"></a><a target=\"_blank\" href=\"https://en.riotpixels.com/games/idol-manager/screenshots/1/?utm_source=emb-gfx-html&amp;utm_medium=image&amp;utm_campaign=rp-mass\" rel=\"noopener\"><img loading=\"lazy\" width=\"178\" height=\"100\" border=\"0\" src=\"https://s01.riotpixels.net/data/bb/14/bb14a55a-589e-4f2c-881b-a485fb2c533a.jpg.240p.jpg\"></a></p><h3>Repack Features</h3><ul><li>Based on Idol.Manager-PLAZA ISO release: plaza-idol.manager.iso (2,397,372,416 bytes)</li><li>100% Lossless &amp; MD5 Perfect: all files are identical to originals after installation</li><li>NOTHING ripped, NOTHING re-encoded</li><li>Significantly smaller archive size (compressed from 2.2 to 1.4 GB)</li><li>Installation takes 2-3 minutes (depending on your system)</li><li>After-install integrity check so you could make sure that everything installed properly</li><li>HDD space after installation: 2.9 GB (4.5 GB during installation)</li><li>Language can be changed in game settings</li><li>At least 2 GB of free RAM (inc. virtual) required for installing this repack</li></ul><div ><div><h2>Game Description</h2></div><div >You take on the role of manager at a small (but growing!) talent agency. As you cultivate and train the newest generation of young pop stars, you\u2019ll have to decide who to hire and who to fire, who gets promoted when things go well and who gets reprimanded when things get sour. The personal lives of these young celebrities are a part of your business, and the life of a pop star isn\u2019t always a happy one. Their crowning personal achievements can be your greatest commercial successes, but their emotional meltdowns and PR nightmares can spell financial disaster for your company.<p>It\u2019s not just the idols you have to worry about. The world is full of gossip magazines, super fans, and rival groups, all thirsty for a scoop on the latest scandal. There\u2019s a lot of people who want to tear you down and are willing to play dirty, but try not to let it get to you. It\u2019s not personal, it\u2019s business.</p><p><b><h3>Game Features</h3></b></p><ul><li>Decide how to <b>deal with crises</b> including gossip, vandalism, stalkers, or threats directed at your agency and the pop idols you manage.</li><li><b>Manage relationships</b> between the different idols in your group, as you deal with cliques, internal feuds, and bullying.</li><li><b>Grow your fanbase</b> by varying your tactics and appealing to a wide variety of demographics.</li><li><b>Produce singles</b>, hold concerts, organize huge TV events and overseas tours to capitalize on your group\u2019s popularity and bring in revenue.</li><li><b>Develop your agency\u2019s building</b>. Start with simple offices and dance rooms to produce content and train your idols, and end with your own cafe and theater to create a steady stream of revenue. Hire and train staffers to help deal with logistics and keep your agency running smoothly.</li><li><b>Discover substories</b> \u2013 chains of events and visual novel segments, many of which are triggered by your play style. Each substory can play out in multiple different ways based on your decisions, often causing serious consequences for your playthrough.</li></ul></div></div>             </div>"
}