{
    "link": "https://fitgirl-repacks.site/imperiums-greek-wars/",
    "title": "Imperiums: Greek Wars \u2013 v1.200 + 2 DLCs",
    "first_img": "https://i7.imageban.ru/out/2021/10/13/bc5c8b25f8769df2f0d80687b42e01a8.jpg",
    "second_img": "https://s01.riotpixels.net/data/cb/b4/cbb4ac5d-149c-4ef1-828a-6e03abf9959d.jpg.240p.jpg",
    "body": "<div ><h2>Imperiums: Greek Wars \u2013 v1.200 + 2 DLCs</h2><p ><div><a target=\"_blank\" href=\"https://en.riotpixels.com/games/imperiums-greek-wars/\" rel=\"noopener\"><img class=\"alignleft\" width=\"150\" src=\"https://i7.imageban.ru/out/2021/10/13/bc5c8b25f8769df2f0d80687b42e01a8.jpg\"></a></div><br>Genres/Tags: <strong>Grand strategy, Isometric, Turn-based, 3D</strong><br>Company: <strong>Kube Games</strong><br>Languages: <strong>RUS/ENG/MULTI8</strong><br>Original Size: <strong>6.5 GB</strong><br>Repack Size: <strong>5.4 GB</strong></p>&nbsp;<div>&nbsp;</div><h3>Download Mirrors</h3><ul><li><a href=\"https://1337x.to/torrent/5015882/Imperiums-Greek-Wars-v1-200-2-DLCs-MULTi8-FitGirl-Repack/\" target=\"_blank\" rel=\"noopener\">1337x</a> | [<a href=\"magnet:?xt=urn:btih:3F6D3B73820384B152DFBEEBDD4A00FF1F03FC50&amp;dn=Imperiums%3A+Greek+Wars+%28v1.200+%2B+2+DLCs%2C+MULTi8%29+%5BFitGirl+Repack%5D&amp;tr=udp%3A%2F%2F46.148.18.250%3A2710&amp;tr=udp%3A%2F%2Fopentor.org%3A2710&amp;tr=udp%3A%2F%2Ftracker.coppersurfer.tk%3A6969%2Fannounce&amp;tr=udp%3A%2F%2Ftracker.opentrackr.org%3A1337%2Fannounce&amp;tr=http%3A%2F%2Ftracker.dler.org%3A6969%2Fannounce&amp;tr=udp%3A%2F%2Ftracker.leechers-paradise.org%3A6969%2Fannounce&amp;tr=udp%3A%2F%2F9.rarbg.me%3A2730%2Fannounce&amp;tr=udp%3A%2F%2F9.rarbg.to%3A2770%2Fannounce&amp;tr=udp%3A%2F%2Ftracker.pirateparty.gr%3A6969%2Fannounce&amp;tr=http%3A%2F%2Fretracker.local%2Fannounce&amp;tr=http%3A%2F%2Fretracker.ip.ncnet.ru%2Fannounce&amp;tr=udp%3A%2F%2Fexodus.desync.com%3A6969%2Fannounce&amp;tr=udp%3A%2F%2Fipv4.tracker.harry.lu%3A80%2Fannounce&amp;tr=udp%3A%2F%2Fopen.stealth.si%3A80%2Fannounce&amp;tr=udp%3A%2F%2Ftracker.zer0day.to%3A1337%2Fannounce&amp;tr=udp%3A%2F%2Ftracker.leechers-paradise.org%3A6969%2Fannounce&amp;tr=udp%3A%2F%2Fcoppersurfer.tk%3A6969%2Fannounce\">magnet</a>] [<a href=\"https://pastefg.hermietkreeft.site/?250856b6e8c65ed7#DcjhCZanLxXU1RmaHjxvbFqSv95LRmi1eL6ibAkR2GjE\" target=\"_blank\" rel=\"noopener\">.torrent file only</a>] <br><img src=\"https://torrent-stats.info/beeb/3701756c9.png\" style=\"display:block;clear:both\"></li><li><a href=\"http://rutor.info/torrent/839231/imperiums-greek-wars-v-1.200-dlcs-2020-pc-repack-ot-fitgirl\" target=\"_blank\" rel=\"noopener\">RuTor</a> [<a href=\"magnet:?xt=urn:btih:3f6d3b73820384b152dfbeebdd4a00ff1f03fc50&amp;dn=rutor.info_Imperiums%3A+Greek+Wars+%5Bv+1.200+%2B+DLCs%5D+%282020%29+PC+%7C+RePack+%D0%BE%D1%82+FitGirl&amp;tr=udp://opentor.net:6969&amp;tr=udp://opentor.org:2710&amp;tr=http://retracker.local/announce\">magnet</a>]</li><li><a href=\"https://tapochek.net/viewtopic.php?p=2805539\" target=\"_blank\" rel=\"noopener\">Tapochek.net</a></li><li><a href=\"https://pastefg.hermietkreeft.site/?22fc8e6668ae856d#4Bz67k8Mn1M9VxU3KqzVfbozHKAupdbjtzzE8TsMWrAe\" target=\"_blank\" rel=\"noopener\">Filehoster: MultiUpload</a> (10+ hosters, interchangeable) [Use <a href=\"http://jdownloader.org/jdownloader2\" target=\"_blank\" rel=\"noopener\">JDownloader2</a>]</li><li><a href=\"https://pastefg.hermietkreeft.site/?3f94eb60727c2273#4h2YiJxPyDq2DquRzyL4KWu6JeYfPpaj98dXb6C14iFt\" target=\"_blank\" rel=\"noopener\">Filehoster: PixelDrain</a></li><li><a href=\"https://pastefg.hermietkreeft.site/?f15a95f879110eca#CWgsMa3xwgA5jvoiKxigsVhSKX9SFwPEPeXHG5GDcyHn\" target=\"_blank\" rel=\"noopener\">Filehoster: ZippyShare</a></li><li><a href=\"https://pastefg.hermietkreeft.site/?bd77ad20f7eeb8ea#5WNdh29xja4iyLbaJw8p7xKHcSAiDMN9uiFqrX6sCxpV\" target=\"_blank\" rel=\"noopener\">Filehoster: LetsUpload</a> [Use <a href=\"http://jdownloader.org/jdownloader2\" target=\"_blank\" rel=\"noopener\">JDownloader2</a>]</li><li><a href=\"https://pastefg.hermietkreeft.site/?778ef033022eee4a#4EiBrFQebXqErLzKgAfv6LF2xHHVmNDfcZuXTbvPPkus\" target=\"_blank\" rel=\"noopener\">Filehoster: OneDrive</a> (Uploaded by DyR0 t(-_-t), NOT compatible with other mirrors)</li><li><a href=\"https://crackhub.site/imperiums-greek-wars-v1-200-2-dlcs-fitgirl-repack/\" target=\"_blank\" rel=\"noopener\">Filehosters: Google Drive, OneDrive + others</a> (Uploaded by crackhub213)</li></ul><p><a href=\"https://cs.rin.ru/forum/viewtopic.php?f=10&amp;t=107017\" target=\"_blank\" rel=\"noopener\">Discussion and (possible) future updates on CS.RIN.RU thread</a></p><h3>Screenshots (Click to enlarge)</h3><p><a target=\"_blank\" href=\"https://en.riotpixels.com/games/imperiums-greek-wars/screenshots/32/?utm_source=emb-gfx-html&amp;utm_medium=image&amp;utm_campaign=rp-mass\" rel=\"noopener\"><img loading=\"lazy\" width=\"178\" height=\"100\" border=\"0\" src=\"https://s01.riotpixels.net/data/cb/b4/cbb4ac5d-149c-4ef1-828a-6e03abf9959d.jpg.240p.jpg\"></a><a target=\"_blank\" href=\"https://en.riotpixels.com/games/imperiums-greek-wars/screenshots/30/?utm_source=emb-gfx-html&amp;utm_medium=image&amp;utm_campaign=rp-mass\" rel=\"noopener\"><img loading=\"lazy\" width=\"178\" height=\"100\" border=\"0\" src=\"https://s01.riotpixels.net/data/a9/27/a927bf65-bf6a-41e0-9383-4ea0b2c0fb0f.jpg.240p.jpg\"></a><a target=\"_blank\" href=\"https://en.riotpixels.com/games/imperiums-greek-wars/screenshots/27/?utm_source=emb-gfx-html&amp;utm_medium=image&amp;utm_campaign=rp-mass\" rel=\"noopener\"><img loading=\"lazy\" width=\"178\" height=\"100\" border=\"0\" src=\"https://s01.riotpixels.net/data/c7/e9/c7e916a4-f2d4-43c9-addc-370d317f6336.jpg.240p.jpg\"></a><br><a target=\"_blank\" href=\"https://en.riotpixels.com/games/imperiums-greek-wars/screenshots/26/?utm_source=emb-gfx-html&amp;utm_medium=image&amp;utm_campaign=rp-mass\" rel=\"noopener\"><img loading=\"lazy\" width=\"178\" height=\"100\" border=\"0\" src=\"https://s01.riotpixels.net/data/4b/d2/4bd2ce35-fb9c-46d1-8f61-fcda994b2f7f.jpg.240p.jpg\"></a><a target=\"_blank\" href=\"https://en.riotpixels.com/games/imperiums-greek-wars/screenshots/23/?utm_source=emb-gfx-html&amp;utm_medium=image&amp;utm_campaign=rp-mass\" rel=\"noopener\"><img loading=\"lazy\" width=\"178\" height=\"100\" border=\"0\" src=\"https://s01.riotpixels.net/data/cb/c7/cbc7c9c2-364e-4c47-b756-b548c8a613ac.jpg.240p.jpg\"></a><a target=\"_blank\" href=\"https://en.riotpixels.com/games/imperiums-greek-wars/screenshots/22/?utm_source=emb-gfx-html&amp;utm_medium=image&amp;utm_campaign=rp-mass\" rel=\"noopener\"><img loading=\"lazy\" width=\"178\" height=\"100\" border=\"0\" src=\"https://s01.riotpixels.net/data/9b/30/9b3097e7-4354-4d3b-aa7e-6388c89fefb8.jpg.240p.jpg\"></a></p><h3>Repack Features</h3><ul><li>Based on Imperiums.Greek.Wars.Age.of.Alexander-CODEX ISO release: codex-imperiums.greek.wars.age.of.alexander.iso (6,955,302,912 bytes)</li><li>Game version: v1.200; 2 DLCs are included and activated</li><li>100% Lossless &amp; MD5 Perfect: all files are identical to originals after installation</li><li>NOTHING ripped, NOTHING re-encoded</li><li>Slightly smaller archive size (compressed from 6.5 to 5.4 GB)</li><li>Installation takes 5-7 minutes</li><li>After-install integrity check so you could make sure that everything installed properly</li><li>HDD space after installation: 6.8 GB</li><li>Language can be changed in game settings</li><li>At least 2 GB of free RAM (inc. virtual) required for installing this repack</li></ul><div ><div><h2>Game Description</h2></div><div >Imperiums: Greek Wars is a unique combination of turn-based 4X and historical grand strategy with a mythological twist.<p>Inspired by our previous award-winning title Aggressors: Ancient Rome, we bring you a fresh look at a Greco-Persian world of schemers, warmongers, and ruthless politicians. This merciless world is enhanced by myths and stories about heroic deeds and hidden treasures as only the Greeks were able to imagine.</p><p><b>Greco-Persian world</b><br>The game starts in 359BC when Philip II of Macedon takes the throne. Macedonia at the time is a backwater on the edge of the Hellenic world, but Philip is an ambitious man. He has a dream to become leader of the whole of Greece, a dream he will follow until his death\u2026<br>Choose one of 30 playable factions ranging from mighty Sparta or Athens, ambitious Macedonia, slowly declining Achaemenid Empire and its power-hungry satrapies, to a number of smaller Greek city-states and groups of semi-nomadic societies living on the outskirts of the Hellenic world. Lead your nation to glory if you can\u2026</p><p><b>Lead, rule and conquer</b><br>Your task is to do more than survive. You are divine ruler, supreme military commander and political leader who seeks glory and prosperity for all your subjects. Lead them to magnificent victories, manage the economy on all levels, and provide successful livelihoods as well as stable and just government.</p><p>It is not a task for the weak; all problems rest upon your shoulders; every crisis is a test of your political and military prowess. Decisiveness, tactical thinking, political shrewdness, and above all an adventurous spirit is what will cause one person to stand out \u2013 to rise as a star shining through the darkness of millennia to come.</p><p><b>Historical immersion</b><br>The Greco-Persian world of Imperiums is a faithful representation of historical reality, political relations, animosities and ambitions. Take a unique opportunity to experience on your own shoulders the weight of responsibility as the chosen one. As leader you can follow your own path or take advice and guidance from dozens of nation-specific objectives.</p><p>Experience the ancient Greek world in such a detail as never before.</p><p><b>Myths and Legends</b><br>Ancient people believed in myth and legend; it was part of their reality. Those adventurous enough can send their generals in the footsteps of ancient heroes to find the Golden Fleece or untie the Gordian Knot. Unveil the truth of some of the stories and myths of the Greek world.</p><p><b>Face the opponents</b><br>Your opponents will be unforgiving, but if you want more of human slyness and unexpected turns, join a multiplayer game and challenge other players in a race to victory!</p><p><b>New worlds</b><br>The universe of Imperiums offers an endless number of realms. Imagine a world to your liking and let us bring it to you. Whatever your choice, enter with a clear mind and prove that you can not only survive but build an empire worthy of the title.</p><p>Take advantage of the imagination of others and explore worlds they created. Go even a step further, let yourself be inspired as creator whose ideas shape others\u2019 worlds.</p><p><b>Learn with ease</b><br>It is not shameful to take advice from time to time. You\u2019re not alone in this cruel world; there is always guidance to explain, provide context, and offer recommendations. Let yourself be guided by your intuition and logic, and you will soon become a master.</p><p><b>Included DLCs:</b></p><ul><li>Troy</li><li>Age of Alexander</li></ul></div></div>             </div>"
}