{
    "link": "https://fitgirl-repacks.site/imperivm-rtc-hd-edition-great-battles-of-rome/",
    "title": "Imperivm RTC: HD Edition \u2013 \u201cGreat Battles of Rome\u201d",
    "first_img": "https://i3.imageban.ru/out/2021/08/28/a2ce9ef6e89daff4eaf179ed8f91c6b0.jpg",
    "second_img": "https://s01.riotpixels.net/data/dd/64/dd641aa4-a98f-42d1-8345-6cd5f448347a.jpg.240p.jpg",
    "body": "<div ><h2>Imperivm RTC: HD Edition \u2013 \u201cGreat Battles of Rome\u201d</h2><p ><div><a target=\"_blank\" href=\"https://en.riotpixels.com/games/imperivm-rtc-great-battles-of-rome-hd-edition/\" rel=\"noopener\"><img class=\"alignleft\" width=\"150\" src=\"https://i3.imageban.ru/out/2021/08/28/a2ce9ef6e89daff4eaf179ed8f91c6b0.jpg\"></a></div><br>Genres/Tags: <strong>Strategy, Isometric, Real-time, 2D</strong><br>Companies: <strong>Dinamic Games, Imperivm World, FX Interactive</strong><br>Languages: <strong>ENG/MULTI3</strong><br>Original Size: <strong>4.1 GB</strong><br>Repack Size: <strong>from 798 MB</strong> [Selective Download]</p>&nbsp;<div>&nbsp;</div><h3>Download Mirrors</h3><ul><li><a href=\"https://1337x.to/torrent/4966360/Imperivm-RTC-HD-Edition-Great-Battles-of-Rome-MULTi3-FitGirl-Repack-Selective-Download-from-798-MB/\" target=\"_blank\" rel=\"noopener\">1337x</a> | [<a href=\"magnet:?xt=urn:btih:0A1CD88ACFDAB6D7FD60DD4F4A06946C0128AB8F&amp;dn=Imperivm+RTC%3A+HD+Edition+-+%26quot%3BGreat+Battles+of+Rome%26quot%3B+%28MULTi3%29+%5BFitGirl+Repack%2C+Selective+Download+-+from+798+MB%5D&amp;tr=udp%3A%2F%2F46.148.18.250%3A2710&amp;tr=udp%3A%2F%2Fopentor.org%3A2710&amp;tr=udp%3A%2F%2Ftracker.coppersurfer.tk%3A6969%2Fannounce&amp;tr=udp%3A%2F%2Ftracker.opentrackr.org%3A1337%2Fannounce&amp;tr=http%3A%2F%2Ftracker.dler.org%3A6969%2Fannounce&amp;tr=udp%3A%2F%2Ftracker.leechers-paradise.org%3A6969%2Fannounce&amp;tr=udp%3A%2F%2F9.rarbg.me%3A2730%2Fannounce&amp;tr=udp%3A%2F%2F9.rarbg.to%3A2770%2Fannounce&amp;tr=udp%3A%2F%2Ftracker.pirateparty.gr%3A6969%2Fannounce&amp;tr=http%3A%2F%2Fretracker.local%2Fannounce&amp;tr=http%3A%2F%2Fretracker.ip.ncnet.ru%2Fannounce&amp;tr=udp%3A%2F%2Fexodus.desync.com%3A6969%2Fannounce&amp;tr=udp%3A%2F%2Fipv4.tracker.harry.lu%3A80%2Fannounce&amp;tr=udp%3A%2F%2Fopen.stealth.si%3A80%2Fannounce&amp;tr=udp%3A%2F%2Ftracker.zer0day.to%3A1337%2Fannounce&amp;tr=udp%3A%2F%2Ftracker.leechers-paradise.org%3A6969%2Fannounce&amp;tr=udp%3A%2F%2Fcoppersurfer.tk%3A6969%2Fannounce\">magnet</a>] [<a href=\"https://pastefg.hermietkreeft.site/?5e6d9cf166671be9#GWGKYfp275MRSgucVFeStDEn4mN4DB3juJARUwrXzysS\" target=\"_blank\" rel=\"noopener\">.torrent file only</a>] <br><img src=\"https://torrent-stats.info/dd4f/3f10c6797.png\" style=\"display:block;clear:both\"></li><li><a href=\"https://tapochek.net/viewtopic.php?p=2797187\" target=\"_blank\" rel=\"noopener\">Tapochek.net</a></li><li><a href=\"https://pastefg.hermietkreeft.site/?0a13001b233b6e17#82D7gwLUCBDHoxdnwgUQopRxayXheJtxvyk1Fa6xLpFt\" target=\"_blank\" rel=\"noopener\">Filehoster: MultiUpload</a> (10+ hosters, interchangeable) [Use <a href=\"http://jdownloader.org/jdownloader2\" target=\"_blank\" rel=\"noopener\">JDownloader2</a>]</li><li><a href=\"https://pastefg.hermietkreeft.site/?48bbc3968ff50752#G6x7PuecSuap5A9B1cJvaJt9unNoih8x1i5YpK7mfmsc\" target=\"_blank\" rel=\"noopener\">Filehoster: PixelDrain</a></li><li><a href=\"https://pastefg.hermietkreeft.site/?4dea220f37ad1843#3R6Ny2j98hZRZapkkfaFc7oVqzGeGyPQnaPRZU22M2MG\" target=\"_blank\" rel=\"noopener\">Filehoster: ZippyShare</a></li><li><a href=\"https://pastefg.hermietkreeft.site/?c03f8ba5b072c62f#HHVqw97sT8chencM66ngxQ1dizN3r4CLuxU8V2cJckot\" target=\"_blank\" rel=\"noopener\">Filehoster: LetsUpload</a> [Use <a href=\"http://jdownloader.org/jdownloader2\" target=\"_blank\" rel=\"noopener\">JDownloader2</a>]</li><li><a href=\"https://pastefg.hermietkreeft.site/?1797f49919bcc85a#EuumicJnZdNRTkLw9EhnicW6cEMKLM3tU7RPEiDHGui8\" target=\"_blank\" rel=\"noopener\">Filehoster: OneDrive</a> (Uploaded by DyR0 t(-_-t), NOT compatible with other mirrors)</li></ul><p><a href=\"https://cs.rin.ru/forum/viewtopic.php?f=10&amp;t=107633\" target=\"_blank\" rel=\"noopener\">Discussion and (possible) future updates on CS.RIN.RU thread</a></p><h3>Screenshots (Click to enlarge)</h3><p><a target=\"_blank\" href=\"https://en.riotpixels.com/games/imperivm-rtc-great-battles-of-rome-hd-edition/screenshots/33/?utm_source=emb-gfx-html&amp;utm_medium=image&amp;utm_campaign=rp-mass\" rel=\"noopener\"><img loading=\"lazy\" width=\"178\" height=\"100\" border=\"0\" src=\"https://s01.riotpixels.net/data/dd/64/dd641aa4-a98f-42d1-8345-6cd5f448347a.jpg.240p.jpg\"></a><a target=\"_blank\" href=\"https://en.riotpixels.com/games/imperivm-rtc-great-battles-of-rome-hd-edition/screenshots/29/?utm_source=emb-gfx-html&amp;utm_medium=image&amp;utm_campaign=rp-mass\" rel=\"noopener\"><img loading=\"lazy\" width=\"178\" height=\"100\" border=\"0\" src=\"https://s01.riotpixels.net/data/3b/30/3b3015ee-e937-41c0-bff8-ea2a472391c7.jpg.240p.jpg\"></a><a target=\"_blank\" href=\"https://en.riotpixels.com/games/imperivm-rtc-great-battles-of-rome-hd-edition/screenshots/18/?utm_source=emb-gfx-html&amp;utm_medium=image&amp;utm_campaign=rp-mass\" rel=\"noopener\"><img loading=\"lazy\" width=\"178\" height=\"100\" border=\"0\" src=\"https://s01.riotpixels.net/data/52/1a/521a68a7-2d31-4810-883d-516924fab96d.jpg.240p.jpg\"></a><br><a target=\"_blank\" href=\"https://en.riotpixels.com/games/imperivm-rtc-great-battles-of-rome-hd-edition/screenshots/14/?utm_source=emb-gfx-html&amp;utm_medium=image&amp;utm_campaign=rp-mass\" rel=\"noopener\"><img loading=\"lazy\" width=\"178\" height=\"100\" border=\"0\" src=\"https://s01.riotpixels.net/data/40/46/40462958-ae87-46e1-bef5-c10cc98f1f87.jpg.240p.jpg\"></a><a target=\"_blank\" href=\"https://en.riotpixels.com/games/imperivm-rtc-great-battles-of-rome-hd-edition/screenshots/11/?utm_source=emb-gfx-html&amp;utm_medium=image&amp;utm_campaign=rp-mass\" rel=\"noopener\"><img loading=\"lazy\" width=\"178\" height=\"100\" border=\"0\" src=\"https://s01.riotpixels.net/data/f9/74/f974e31b-11e4-48fc-80cf-2c6af374f53d.jpg.240p.jpg\"></a><a target=\"_blank\" href=\"https://en.riotpixels.com/games/imperivm-rtc-great-battles-of-rome-hd-edition/screenshots/3/?utm_source=emb-gfx-html&amp;utm_medium=image&amp;utm_campaign=rp-mass\" rel=\"noopener\"><img loading=\"lazy\" width=\"178\" height=\"100\" border=\"0\" src=\"https://s01.riotpixels.net/data/8a/ae/8aae89ec-f9c2-4f78-84b9-db29ee17d708.jpg.240p.jpg\"></a></p><h3>Repack Features</h3><ul><li>Based on Imperivm.RTC.HD.Edition.Great.Battles.of.Rome-TiNYiSO ISO release: tn-imperivmrtchdeditiongreatbattlesofrome.iso (1,231,476,736 bytes)</li><li>Missing Spanish &amp; Italian localizations (3 GB) added</li><li>100% Lossless &amp; MD5 Perfect: all files are identical to originals after installation</li><li>NOTHING ripped, NOTHING re-encoded</li><li>You can skip downloading and installing of Spanish and Italian language packs</li><li>Significantly smaller archive size (compressed from cumulative 4.1 GB to 798 MB~1.4 GB, depending on selected components)</li><li>Installation takes one minutes</li><li>After-install integrity check so you could make sure that everything installed properly</li><li>HDD space after installation: 1.5 GB</li><li>At least 2 GB of free RAM (inc. virtual) required for installing this repack</li></ul><div ><div><h2>Game Description</h2></div><div >Imperivm \u201cGreat Battles of Rome\u201d, the Old school Real-Time Strategy blockbuster from Haemimont Games and FX Interactive, is back!!!<p>This time in HD.</p><p><b><h3>Game Features</h3></b></p><ul><li>Lead the battles that forged the greatest Empire of all time:</li><li>Jvlivs Caesar, Avgvstvs, Cleopatra, Hannibal, Queen Boudicca, Vercingetorix, Viriathus, Arminivs\u2026</li><li>Real ancient heroes who pass on their charisma and expertise in the troops under their command and make the difference between victory or defeat in battle.</li></ul><p><b>Enjoy the fast-paced RTC \u201cReal-Time Conquest\u201d gameplay:</b></p><p>An Old School RTS oriented to military conquest.</p><ul><li><b>Military conquest-oriented RTS:</b> Focus on military strategy and drive your efforts on commanding your troops.</li><li><b>RPG features, playing a key role in battles:</b> The battles become more realistic when RPG features come into play.</li><li><b>Storyline based on historical facts, scenarios, and characters:</b> Each battle was designed with input from historical experts.</li></ul><p><b>The new Imperivm HD doubles down on a \u201cterrific\u201d single and multiplayer gameplay:</b></p><p>Created by joining forces with over 25,000 Betatsesters from the Imperivm World community.</p><p><b>+40% larger battlefield:</b><br>Where you can lead more units and face more enemies. An even bigger Strategy and Conquest challenge than the original.</p><p><b>Agile and powerful Imperivm HD In-Game Editor:</b><br>Create your own maps and battles and share them with your friends and/or the Imperivm World Gamers Community.</p><li><b>Command your favourite ancient army:</b>  Face your enemies with improved AI and precise and fast-paced new gameplay balance.<ul><li><b>Rome:</b> Republican and Imperial Rome owe its grandeur to its legions: disciplined, battle-hardened, and highly trained. Their deployment on the battlefield forever changed the face of military strategy.</li><li><b>Aegyptus:</b> The Egyptian civilization takes you to the splendor of the times of the pharaohs. Temples, pyramids, sphinxes\u2026 From your capital, Alexandria, you will have to defend your ancient Empire from the ambitions of Rome.</li><li><b>Britannia:</b> The warriors of the island of Britannia have two assets against the Roman invaders: their indomitable spirit and hostile terrain that favors war on their terms.</li><li><b>Germania:</b> The warlike character of the German tribes kept the Roman Empire at bay for centuries. Their constant incursions made the northern border the most dangerous of the Empire.</li><li><b>Gallia:</b> The Celtic tribes of central Europe united for the first time to stop Rome\u2019s inexorable advance. An unequal battle began that would test the courage and determination of an entire people.</li><li><b>Hispania:</b> \u201cThe first to be invaded, the last to be subdued\u201d (Octavius Augustus). Tenacious and stalwart, their extraordinary endurance allowed them to overcome even the harshest conditions.</li><li><b>Carthago:</b> Numidas, Berbers, Tuaregs, Mauritanians\u2026 The warriors from all over North Africa joined the Carthaginian army, attracted by the prestige of Hannibal, one of the greatest strategists of all ages.</li></ul><p><b>Lead Rome\u2019s legions and relive their greatest victories:</b></p><ul><li><b>Landing in Africa \u2013 204 B.C.:</b> Each victory reaped by Hannibal in the heart of Italy is a further blow to the pride of Rome. The Senate entrusts Scipio with the task of attacking Carthage on its home territory. The Roman general, who defeated the Carthaginians in Hispania, disembarks in North Africa\u2026</li><li><b>The Siege of Numantia \u2013 134 B.C.:</b> The impregnable Numantia has become the refuge of the resistance forces confronting Rome on the Iberian Peninsula. After 20 years of failures, the Senate assigns Scipio Emilianus the task of subjugating the rebel city once and for all. The Roman general lays siege to the city.</li><li><b>The Battle of Alesia \u2013 52 B.C.:</b> The Gallic War is at a crucial crossroads. Five legions, led by Julius Caesar, raise a palisade and surround the fortified hill town of Alesia. To defend itself from the Gallic army that is on its way to assist their besieged compatriots, they construct a second outer defense. Caesar\u2019s military genius is put to the test against an army that outnumbers him tenfold\u2026</li><li><b>Augustus at the Nile \u2013 31 B.C.:</b> Mark Anthony, supported by Cleopatra, Queen of Egypt, yearns for the absolute power of Rome. An ambition that is dashed when his rival, Octavius Augustus, defeats the Egyptian fleet at the Battle of Actium off the coasts of Greece. After this victory, Augustus\u2019 legions prepare to disembark in the Nile delta and take possession of the land of the Pharaohs.</li><li><b>The Conquest of Britannia \u2013 77 A.D.:</b> The noble tribune Gnaeus Iulius Agricola is appointed Governor of Britannia. By the emperor\u2019s desire, he travels to the Island with a twofold mission, to pacify the southern regions and hold back the threat of the Caledonians to the north, true experts in ambush tactics.</li><li><b>Marcus Aurelius in Germany \u2013 167 A.D.:</b> The Germanic hordes swarm across the Empire\u2019s borders and sack the Roman city of Aquilea, in the Gulf of Venice\u2026 The emperor Marcus Aurelius is not prepared to tolerate such audacity and he takes command of the largest army ever seen. The objective, to expel the invaders beyond the Danube and to end the Barbarian threat once and for all.</li></ul><p><b>Lead Rome\u2019s Empire enemies in their fight for Freedom:</b></p><ul><li><b>Hannibal at the Gates of Rome \u2013 216 B.C.:</b> Leading a force of 50,000 infantry, 9,000 horsemen, and 37 elephants, Hannibal crosses the Alps and invades Italy. He defeats the legions at Tesino, Trebia, and Trasimene and culminates this series of feats with a tremendous victory at Cannae. The Carthaginian army is at the gates of Rome itself\u2026</li><li><b>Viriathus dominates Hispania \u2013 146 B.C.:</b> Viriathus is elected leader of the Lusitanians, the most powerful tribe in Hispania. For eight long years, he is the bane of Rome, thanks to his knowledge of the terrain and his command of guerrilla tactics. At the height of his power, Viriathus dominates practically the whole of the Iberian Peninsula.</li><li><b>Egypt in Arms \u2013 58 B.C.:</b> In Egypt, the splendor of the Pharaohs is nothing but a memory. While Rome maintains King Ptolemy XII in power, it demands abusive tributes from the Egyptian people. Discontent spreads until the uprising breaks out. Egypt takes on the might of Rome.</li><li><b>The Battle of Gergovia \u2013 52 B.C.:</b> The nobleman Vercingetorix has proved capable of unifying the Gallic tribes and leading the resistance against Rome. But fight for freedom demands sacrifice. The Gallic leader devastates his own villages, thus depriving the legions of food and supplies. This scorched-earth strategy proves successful and turns Vercingetorix into a fearsome enemy. Caesar is forced to attack his capital\u2026 Gergovia.</li><li><b>Arminius, the Rebel General \u2013 9 A.D.:</b> Rome\u2019s dream is to extend its dominions beyond the Rhine, a territory where the Germanic tribes are wreaking havoc. The governor Publius Quinctilius Varus takes on the mission of securing a new border along the banks of the Elbe river. Among their ranks is Arminius, a general of Germanic origin, ready and willing to renege on Rome to defend his own people.</li><li><b>Queen Boudicca\u2019s Rebellion\u2013 60 A.D.:</b> Britannia is a hotbed of rebellions, rising against the arrogance of Rome. While the governor Paulinus Suetonius smothers a revolt on the island of Anglesey, the queen of the Iceni, Boudicca, heads for the capital of the Roman province. In the face of tenacious resistance by the imperial army, Boudicca wields her sword fiercely to slice through their ranks.</li></ul></li></div></div>             </div>"
}