{
    "link": "https://fitgirl-repacks.site/in-silence/",
    "title": "In Silence \u2013 v1.01 + Multiplayer",
    "first_img": "https://i2.imageban.ru/out/2021/10/30/a3c882e321d85504eeb35455316634c1.jpg",
    "second_img": "https://s01.riotpixels.net/data/35/e8/35e82ef1-4e54-4050-b6ae-1a45a186139b.jpg.240p.jpg",
    "body": "<div ><h2>In Silence \u2013 v1.01 + Multiplayer</h2><p ><div><a target=\"_blank\" href=\"https://en.riotpixels.com/games/in-silence/\" rel=\"noopener\"><img class=\"alignleft\" width=\"150\" src=\"https://i2.imageban.ru/out/2021/10/30/a3c882e321d85504eeb35455316634c1.jpg\"></a></div><br>Genres/Tags: <strong>Action, Adventure, Survival, Horror, First-person, 3D</strong><br>Compan\u043d: <strong>Ravenhood Games</strong><br>Languages: <strong>RUS/ENG/MULTI9</strong><br>Original Size: <strong>3.3 GB</strong><br>Repack Size: <strong>1.9 GB</strong></p>&nbsp;<div>&nbsp;</div><h3>Download Mirrors</h3><ul><li><a href=\"https://1337x.to/torrent/5035063/In-Silence-v1-01-Multiplayer-MULTi9-FitGirl-Repack/\" target=\"_blank\" rel=\"noopener\">1337x</a> | [<a href=\"magnet:?xt=urn:btih:6151DBF656830D11C837EDC6AAB906A5431C9808&amp;dn=In+Silence+%28v1.01+%2B+Multiplayer%2C+MULTi9%29+%5BFitGirl+Repack%5D&amp;tr=udp%3A%2F%2F46.148.18.250%3A2710&amp;tr=udp%3A%2F%2Fopentor.org%3A2710&amp;tr=udp%3A%2F%2Ftracker.coppersurfer.tk%3A6969%2Fannounce&amp;tr=udp%3A%2F%2Ftracker.opentrackr.org%3A1337%2Fannounce&amp;tr=http%3A%2F%2Ftracker.dler.org%3A6969%2Fannounce&amp;tr=udp%3A%2F%2Ftracker.leechers-paradise.org%3A6969%2Fannounce&amp;tr=udp%3A%2F%2F9.rarbg.me%3A2730%2Fannounce&amp;tr=udp%3A%2F%2F9.rarbg.to%3A2770%2Fannounce&amp;tr=udp%3A%2F%2Ftracker.pirateparty.gr%3A6969%2Fannounce&amp;tr=http%3A%2F%2Fretracker.local%2Fannounce&amp;tr=http%3A%2F%2Fretracker.ip.ncnet.ru%2Fannounce&amp;tr=udp%3A%2F%2Fexodus.desync.com%3A6969%2Fannounce&amp;tr=udp%3A%2F%2Fipv4.tracker.harry.lu%3A80%2Fannounce&amp;tr=udp%3A%2F%2Fopen.stealth.si%3A80%2Fannounce&amp;tr=udp%3A%2F%2Ftracker.zer0day.to%3A1337%2Fannounce&amp;tr=udp%3A%2F%2Ftracker.leechers-paradise.org%3A6969%2Fannounce&amp;tr=udp%3A%2F%2Fcoppersurfer.tk%3A6969%2Fannounce\">magnet</a>] [<a href=\"https://pastefg.hermietkreeft.site/?41981dfb933bfb0b#Fhige6bWqXhY1ifmG29Rbko866ff2i9mvpm9nATnR2aE\" target=\"_blank\" rel=\"noopener\">.torrent file only</a>] <br><img src=\"https://torrent-stats.info/edc6/44e2f0d08.png\" style=\"display:block;clear:both\"></li><li><a href=\"http://rutor.info/torrent/842542/in-silence-v-1.01-multiplayer-2021-pc-repack-ot-fitgirl\" target=\"_blank\" rel=\"noopener\">RuTor</a> [<a href=\"magnet:?xt=urn:btih:6151dbf656830d11c837edc6aab906a5431c9808&amp;dn=rutor.info_In+Silence+%5Bv+1.01+%2B+Multiplayer%5D+%282021%29+PC+%7C+RePack+%D0%BE%D1%82+FitGirl&amp;tr=udp://opentor.net:6969&amp;tr=udp://opentor.org:2710&amp;tr=http://retracker.local/announce\">magnet</a>]</li><li><a href=\"https://tapochek.net/viewtopic.php?p=2808821\" target=\"_blank\" rel=\"noopener\">Tapochek.net</a></li><li><a href=\"https://pastefg.hermietkreeft.site/?f2d10b02831e27a5#FB8Gn6iyHa96xxK6hK7njPJTNs35cTnYmDk71wagjCHg\" target=\"_blank\" rel=\"noopener\">Filehoster: MultiUpload</a> (10+ hosters, interchangeable) [Use <a href=\"http://jdownloader.org/jdownloader2\" target=\"_blank\" rel=\"noopener\">JDownloader2</a>]</li><li><a href=\"https://pastefg.hermietkreeft.site/?05a040bfaf5a9f18#FSEjeKU4nPeF8eM52FK7NwZDwjGDii2QoLrDmpkaVzR9\" target=\"_blank\" rel=\"noopener\">Filehoster: PixelDrain</a></li><li><a href=\"https://pastefg.hermietkreeft.site/?6b5ec6911894385e#F9TAU82Dd9xKvpVvgcQKDKxtGFDuuNkBGPNk8ygqD6ht\" target=\"_blank\" rel=\"noopener\">Filehoster: ZippyShare</a></li><li><a href=\"https://pastefg.hermietkreeft.site/?59e58a57986a1057#CschQPQyrqYy8W34v2sYk2VfubpsX7ZJGT8CHEMBQtfh\" target=\"_blank\" rel=\"noopener\">Filehoster: BayFiles</a></li><li><a href=\"https://pastefg.hermietkreeft.site/?1977a550a0ab1d35#6vocvb6a9pcxSNzyKAgxrRp3W1zYC2Dz6BdweJTCbFHZ\" target=\"_blank\" rel=\"noopener\">Filehoster: LetsUpload</a> [Use <a href=\"http://jdownloader.org/jdownloader2\" target=\"_blank\" rel=\"noopener\">JDownloader2</a>]</li><li><a href=\"https://pastefg.hermietkreeft.site/?729c8dcb19797eab#G7Jq1SSVPbL88pV6Zgd4JNvb4sfsA7uqrfWzTuJ1BnLa\" target=\"_blank\" rel=\"noopener\">Filehoster: OneDrive</a> (Uploaded by DyR0 t(-_-t), NOT compatible with other mirrors)</li><p><!--  <li><a href=\"\" target=\"_blank\" rel=\"noopener\">Filehosters: Google Drive, OneDrive + others</a> (Uploaded by crackhub213)</li>  --></p></ul><p><a href=\"https://cs.rin.ru/forum/viewtopic.php?f=10&amp;t=107751\" target=\"_blank\" rel=\"noopener\">Discussion and (possible) future updates on CS.RIN.RU thread</a></p><h3>Screenshots (Click to enlarge)</h3><p><a target=\"_blank\" href=\"https://en.riotpixels.com/games/in-silence/screenshots/11/?utm_source=emb-gfx-html&amp;utm_medium=image&amp;utm_campaign=rp-mass\" rel=\"noopener\"><img loading=\"lazy\" width=\"178\" height=\"100\" border=\"0\" src=\"https://s01.riotpixels.net/data/35/e8/35e82ef1-4e54-4050-b6ae-1a45a186139b.jpg.240p.jpg\"></a><a target=\"_blank\" href=\"https://en.riotpixels.com/games/in-silence/screenshots/10/?utm_source=emb-gfx-html&amp;utm_medium=image&amp;utm_campaign=rp-mass\" rel=\"noopener\"><img loading=\"lazy\" width=\"178\" height=\"100\" border=\"0\" src=\"https://s01.riotpixels.net/data/69/fc/69fc315f-aa02-4384-95a0-bc9dda0f4a30.jpg.240p.jpg\"></a><a target=\"_blank\" href=\"https://en.riotpixels.com/games/in-silence/screenshots/7/?utm_source=emb-gfx-html&amp;utm_medium=image&amp;utm_campaign=rp-mass\" rel=\"noopener\"><img loading=\"lazy\" width=\"178\" height=\"100\" border=\"0\" src=\"https://s01.riotpixels.net/data/fa/94/fa94329b-977d-4c13-a226-df67f820f4ce.jpg.240p.jpg\"></a><br><a target=\"_blank\" href=\"https://en.riotpixels.com/games/in-silence/screenshots/4/?utm_source=emb-gfx-html&amp;utm_medium=image&amp;utm_campaign=rp-mass\" rel=\"noopener\"><img loading=\"lazy\" width=\"178\" height=\"100\" border=\"0\" src=\"https://s01.riotpixels.net/data/81/ce/81ceff87-2bd4-43d3-b74d-56130a809a14.jpg.240p.jpg\"></a><a target=\"_blank\" href=\"https://en.riotpixels.com/games/in-silence/screenshots/3/?utm_source=emb-gfx-html&amp;utm_medium=image&amp;utm_campaign=rp-mass\" rel=\"noopener\"><img loading=\"lazy\" width=\"178\" height=\"100\" border=\"0\" src=\"https://s01.riotpixels.net/data/a6/ce/a6ce3871-9a24-4932-b46e-24a605810b5c.jpg.240p.jpg\"></a><a target=\"_blank\" href=\"https://en.riotpixels.com/games/in-silence/screenshots/1/?utm_source=emb-gfx-html&amp;utm_medium=image&amp;utm_campaign=rp-mass\" rel=\"noopener\"><img loading=\"lazy\" width=\"178\" height=\"100\" border=\"0\" src=\"https://s01.riotpixels.net/data/d4/f3/d4f3dc6d-9eb4-4986-b448-c432957c91d2.jpg.240p.jpg\"></a></p><h3>Repack Features</h3><ul><li>Based on In.Silence-DARKSiDERS ISO release: ds-insilence.iso (3,572,758,528 bytes)</li><li>CreamAPI-based online crack is available in NoDVD folder after installation, allowing MP support via Steam with the same crack users. Thanks to deadmau5 and chronos!</li><li>100% Lossless &amp; MD5 Perfect: all files are identical to originals after installation</li><li>NOTHING ripped, NOTHING re-encoded</li><li>Significantly smaller archive size (compressed from 3.3 to 1.9 GB)</li><li>Installation takes one minute</li><li>After-install integrity check so you could make sure that everything installed properly</li><li>HDD space after installation: 4.8 GB</li><li>Language can be changed in game settings</li><li>At least 2 GB of free RAM (inc. virtual) required for installing this repack</li></ul><div ><div><h2>Game Description</h2></div><div ><b>A New Experience</b><br>In Silence is being developed in order to provide a different online horror experience. You can hunt survivors as Rake by using your hypersensitive senses or play as a survivor yourself, use proximity voice chat and work together with other survivors to either escape Rake, or fight back.<p><b>A Blind Monster\u2026 Rake!</b><br>Rake\u2019s vision depends on sound. The less sound there is, the less Rake\u2019s able to see. Rake can hear the slightest bit of noise over huge distances and run at an incredible speed. With traits like these, It\u2019s not hard to guess what Rake could do in the right hands.</p><p><b>Shh\u2026 Be Quiet!</b><br>You may be a heartbeat away from being face to face with a monster because of a step you took, a toy you stepped on, or a vase you broke\u2026 But was it your plan all along? You could use noise that objects like a TV or a Radio make in order to distract Rake and escape the area, or maybe to set up a trap instead\u2026.</p><p><b>Escape or Hunt!</b><br>As a Survivor, you have two choices. Either try to escape by repairing a car and leaving with it, or open a secret armory and hunt the monster down.</p><p><b>here Am I?</b><br>Every match you\u2019ll play is going to be different. Your perks, escape points, roles and the item placement will all be randomized. You will always feel uneasy because there\u2019s no way to predict how the game will go.</p><p><b><h3>Game Features</h3></b></p><ul><li><b>Single player:</b> Take your shot at defeating Rake by yourself!</li><li><b>Nightmare Mode:</b> The amount of items that are spread across the map is equal to the amount of items you will require. If there are 3 wheels missing from a car, there will be only 3 wheels in the map.</li><li><b>Perks:</b> With 16 different perks, every one of them will be useful in different situations and games. The perks will help with giving different roles to every survivor such as becoming a formidable hunter or a great mechanic.</li><li><b>Proximity Voice Chat:</b> You can hear the voices of other players according to their proximity to you. But don\u2019t forget, Rake will be able to hear your voices too.</li><li><b>Flashlight and Flashbang:</b> You will use an advanced flashlight to defuse Rake. With flashbang effect, this flashlight can stop Rake, but also it can make your friends blind. If you are caught by Rake or your friend is caught, you can stun Rake with flashbang and escape. In order to use flashbang, you have to be sure that your flashlight has enough energy.</li><li><b>The Armory:</b> During the match, survivors will be able to find and open a secret armory in order to acquire weapons to aid them with fighting Rake. As a result of opening the armory, Rake might get a bit agitated\u2026</li><li><b>Enraged Monster:</b> When the armory or the escape gates are opened, Rake gets enraged. During this phase, Rake will be able to kill survivors while running.</li><li><b>Play as a Mouse:</b> If you die as a survivor, you\u2019ll reappear as a mouse but you\u2019ll still be able to help your friends escape by doing things such as; finding items for other players to use or distracting the monster.</li></ul></div></div>             </div>"
}