{
    "link": "https://fitgirl-repacks.site/in-sound-mind/",
    "title": "In Sound Mind: Deluxe Edition \u2013 v1.01.0916 + Bonus Content",
    "first_img": "https://i2.imageban.ru/out/2021/09/29/639f1af0ed8f9ec8bf31166abaf04afe.jpg",
    "second_img": "https://s01.riotpixels.net/data/59/42/59422f81-6e4b-49a2-bab7-a8526b30b0d1.jpg.240p.jpg",
    "body": "<div ><h2>In Sound Mind: Deluxe Edition \u2013 v1.01.0916 + Bonus Content</h2><p ><div><a target=\"_blank\" href=\"https://en.riotpixels.com/games/in-sound-mind/\" rel=\"noopener\"><img class=\"alignleft\" width=\"150\" src=\"https://i2.imageban.ru/out/2021/09/29/639f1af0ed8f9ec8bf31166abaf04afe.jpg\"></a></div><br>Genres/Tags: <strong>Action, Shooter, Puzzle solving, Horror, First-person, 3D</strong><br>Companies: <strong>We Create Stuff, Modus Games</strong><br>Languages: <strong>RUS/ENG/MULTI11</strong><br>Original Size: <strong>9.8 GB</strong><br>Repack Size: <strong>from 5.6 GB</strong> [Selective Download]</p>&nbsp;<div>&nbsp;</div><h3>Download Mirrors</h3><ul><li><a href=\"https://1337x.to/torrent/4999303/In-Sound-Mind-Deluxe-Edition-v1-01-0916-Bonus-Content-MULTi11-FitGirl-Repack-Selective-Download-from-5-6-GB/\" target=\"_blank\" rel=\"noopener\">1337x</a> | [<a href=\"magnet:?xt=urn:btih:85A4E9AE7D31CE1C0A95D88E03F9D77F9457E124&amp;dn=In+Sound+Mind%3A+Deluxe+Edition+%28v1.01.0916+%2B+Bonus+Content%2C+MULTi11%29+%5BFitGirl+Repack%2C+Selective+Download+-+from+5.6+GB%5D&amp;tr=udp%3A%2F%2F46.148.18.250%3A2710&amp;tr=udp%3A%2F%2Fopentor.org%3A2710&amp;tr=udp%3A%2F%2Ftracker.coppersurfer.tk%3A6969%2Fannounce&amp;tr=udp%3A%2F%2Ftracker.opentrackr.org%3A1337%2Fannounce&amp;tr=http%3A%2F%2Ftracker.dler.org%3A6969%2Fannounce&amp;tr=udp%3A%2F%2Ftracker.leechers-paradise.org%3A6969%2Fannounce&amp;tr=udp%3A%2F%2F9.rarbg.me%3A2730%2Fannounce&amp;tr=udp%3A%2F%2F9.rarbg.to%3A2770%2Fannounce&amp;tr=udp%3A%2F%2Ftracker.pirateparty.gr%3A6969%2Fannounce&amp;tr=http%3A%2F%2Fretracker.local%2Fannounce&amp;tr=http%3A%2F%2Fretracker.ip.ncnet.ru%2Fannounce&amp;tr=udp%3A%2F%2Fexodus.desync.com%3A6969%2Fannounce&amp;tr=udp%3A%2F%2Fipv4.tracker.harry.lu%3A80%2Fannounce&amp;tr=udp%3A%2F%2Fopen.stealth.si%3A80%2Fannounce&amp;tr=udp%3A%2F%2Ftracker.zer0day.to%3A1337%2Fannounce&amp;tr=udp%3A%2F%2Ftracker.leechers-paradise.org%3A6969%2Fannounce&amp;tr=udp%3A%2F%2Fcoppersurfer.tk%3A6969%2Fannounce\">magnet</a>] [<a href=\"https://pastefg.hermietkreeft.site/?58a8022756d4efc7#9Gaxps4DsCyeJiRTkrhsMHuaz9BrzUR4nbW1Hyny4Hwv\" target=\"_blank\" rel=\"noopener\">.torrent file only</a>] <br><img src=\"https://torrent-stats.info/d88e/3e27ccbdc.png\" style=\"display:block;clear:both\"></li><li><a href=\"http://rutor.info/torrent/836904/in-sound-mind-deluxe-edition-v-1.01.0916-bonus-2021-pc-repack-ot-fitgirl\" target=\"_blank\" rel=\"noopener\">RuTor</a> [<a href=\"magnet:?xt=urn:btih:85a4e9ae7d31ce1c0a95d88e03f9d77f9457e124&amp;dn=rutor.info_In+Sound+Mind%3A+Deluxe+Edition+%5Bv+1.01.0916+%2B+Bonus%5D+%282021%29+PC+%7C+RePack+%D0%BE%D1%82+FitGirl&amp;tr=udp://opentor.net:6969&amp;tr=udp://opentor.org:2710&amp;tr=http://retracker.local/announce\">magnet</a>]</li><li><a href=\"https://tapochek.net/viewtopic.php?p=2803022\" target=\"_blank\" rel=\"noopener\">Tapochek.net</a></li><li><a href=\"https://pastefg.hermietkreeft.site/?1f33509f661a6757#CMPUYFLBLgZznuZJkzXuEDvXyqbLyENNJq7PqFtKcdf5\" target=\"_blank\" rel=\"noopener\">Filehoster: MultiUpload</a> (10+ hosters, interchangeable) [Use <a href=\"http://jdownloader.org/jdownloader2\" target=\"_blank\" rel=\"noopener\">JDownloader2</a>]</li><li><a href=\"https://pastefg.hermietkreeft.site/?15621b2c501a0429#GqRmecwFn39NCVgesh4XJDhxjNBFpMfSc25S5F9buc7A\" target=\"_blank\" rel=\"noopener\">Filehoster: PixelDrain</a></li><li><a href=\"https://pastefg.hermietkreeft.site/?3c4a594abeffdbd0#CeA2LzzhXMnb1hFqHCSpDMYJrvrJ3PJvzVxrEVWEsRRg\" target=\"_blank\" rel=\"noopener\">Filehoster: ZippyShare</a></li><li><a href=\"https://pastefg.hermietkreeft.site/?58f3985af8370663#8q33vvSReK2CTiT3cXnkCQz6v7pQWWpBL3Prgf8QNcSM\" target=\"_blank\" rel=\"noopener\">Filehoster: LetsUpload</a> [Use <a href=\"http://jdownloader.org/jdownloader2\" target=\"_blank\" rel=\"noopener\">JDownloader2</a>]</li><li><a href=\"https://pastefg.hermietkreeft.site/?b1157bc6d27089ef#5TRMKt4ho9J2hNTcWkXHdQPLUqN9HMKJqj2t25QuU4sY\" target=\"_blank\" rel=\"noopener\">Filehoster: OneDrive</a> (Uploaded by DyR0 t(-_-t), NOT compatible with other mirrors)</li></ul><p><a href=\"https://cs.rin.ru/forum/viewtopic.php?f=10&amp;t=102354\" target=\"_blank\" rel=\"noopener\">Discussion and (possible) future updates on CS.RIN.RU thread</a></p><h3>Screenshots (Click to enlarge)</h3><p><a target=\"_blank\" href=\"https://en.riotpixels.com/games/in-sound-mind/screenshots/14/?utm_source=emb-gfx-html&amp;utm_medium=image&amp;utm_campaign=rp-mass\" rel=\"noopener\"><img loading=\"lazy\" width=\"178\" height=\"100\" border=\"0\" src=\"https://s01.riotpixels.net/data/59/42/59422f81-6e4b-49a2-bab7-a8526b30b0d1.jpg.240p.jpg\"></a><a target=\"_blank\" href=\"https://en.riotpixels.com/games/in-sound-mind/screenshots/12/?utm_source=emb-gfx-html&amp;utm_medium=image&amp;utm_campaign=rp-mass\" rel=\"noopener\"><img loading=\"lazy\" width=\"178\" height=\"100\" border=\"0\" src=\"https://s01.riotpixels.net/data/5a/1a/5a1aab03-9fe3-4089-ac35-81b15a13aef5.jpg.240p.jpg\"></a><a target=\"_blank\" href=\"https://en.riotpixels.com/games/in-sound-mind/screenshots/9/?utm_source=emb-gfx-html&amp;utm_medium=image&amp;utm_campaign=rp-mass\" rel=\"noopener\"><img loading=\"lazy\" width=\"178\" height=\"100\" border=\"0\" src=\"https://s01.riotpixels.net/data/f4/e4/f4e4f7b6-0af0-4946-b7af-3732b33dad11.jpg.240p.jpg\"></a><br><a target=\"_blank\" href=\"https://en.riotpixels.com/games/in-sound-mind/screenshots/8/?utm_source=emb-gfx-html&amp;utm_medium=image&amp;utm_campaign=rp-mass\" rel=\"noopener\"><img loading=\"lazy\" width=\"178\" height=\"100\" border=\"0\" src=\"https://s01.riotpixels.net/data/02/8c/028cf38a-f490-42be-a670-d332cfda81d7.jpg.240p.jpg\"></a><a target=\"_blank\" href=\"https://en.riotpixels.com/games/in-sound-mind/screenshots/5/?utm_source=emb-gfx-html&amp;utm_medium=image&amp;utm_campaign=rp-mass\" rel=\"noopener\"><img loading=\"lazy\" width=\"178\" height=\"100\" border=\"0\" src=\"https://s01.riotpixels.net/data/05/7b/057b8229-f3a8-4d3e-ba4e-33a646e77a08.jpg.240p.jpg\"></a><a target=\"_blank\" href=\"https://en.riotpixels.com/games/in-sound-mind/screenshots/1/?utm_source=emb-gfx-html&amp;utm_medium=image&amp;utm_campaign=rp-mass\" rel=\"noopener\"><img loading=\"lazy\" width=\"178\" height=\"100\" border=\"0\" src=\"https://s01.riotpixels.net/data/23/c8/23c8364a-2ea9-4786-937f-3171758d9c51.jpg.240p.jpg\"></a></p><h3>Repack Features</h3><ul><li>Based on In_Sound_Mind-FLT ISO release: flt-in_sound_mind.iso (10,136,399,872 bytes)</li><li>Missing bonus content (ArtBook + Soudtrack in MP3 format, 380 MB) added</li><li>100% Lossless &amp; MD5 Perfect: all files are identical to originals after installation</li><li>NOTHING ripped, NOTHING re-encoded</li><li>Selective Download feature: you may skip downloading and installing of bonus content</li><li>Significantly smaller archive size (compressed from cumulative 9.8 to 5.6/5.9 GB)</li><li>Installation takes 3-8 minutes (depending on your system and selected components)</li><li>After-install integrity check so you could make sure that everything installed properly</li><li>HDD space after installation: up to 17.8 GB</li><li>Language can be changed in game settings</li><li>At least 2 GB of free RAM (inc. virtual) required for installing this repack</li></ul><div ><div><h2>Game Description</h2></div><div >As you awake in the corridors of an inexplicable building, you find the environment takes on a life of its own and leads you to discover a series of victims, all exposed to the same experimental chemical. In your search for answers, bizarre visions emerge and introduce a host of imposing horrors\u2026and a cat named Tonia.<p>From the creators of the cult classic Nightmare House 2 comes In Sound Mind, a witty first-person psychological horror with frenetic puzzles and unique boss fights. Traverse a series of unsettling memories as you journey within the inner workings of the one place you can\u2019t seem to escape\u2014your own mind.</p><p><b><h3>Game Features</h3></b></p><ul><li><b>A new survival horror experience from the creators of the legendary Nightmare House 2.</b> We Create Stuff, the team behind one of highest-rated mods of all time returns with an unexpected spin on the horror genre.</li><li><b>Experience a series of haunting memories.</b> Journey through a progression of unsettling stories, each with unique puzzles, mechanics, weapons, and boss fights.</li><li><b>Overcome a cast of terrors.</b> Confront those who stalk you in a series of daunting boss fights and learn how to defeat them by solving mind-bending puzzles.</li><li><b>An eerie soundtrack by The Living Tombstone.</b> The internet icon lends his distinct sound to this next generation psychological thriller, with a distinctive song for each story.</li><li><b>Unexpect the expected.</b> Explore an imaginative and disorienting narrative, featuring sentient mannequins, a feline companion, and much more. And yes, you can pet the cat.</li></ul></div></div>             </div>"
}