{
    "link": "https://fitgirl-repacks.site/indicted/",
    "title": "INDICTED",
    "first_img": "https://i4.imageban.ru/out/2021/10/30/93f21987729c6c5a026d9cfc8253843b.jpg",
    "second_img": "https://s01.riotpixels.net/data/6c/ea/6cea7439-10c7-49ec-98de-dd533edfa348.jpg.240p.jpg",
    "body": "<div ><h2>INDICTED</h2><p ><div><a target=\"_blank\" href=\"https://en.riotpixels.com/games/indicted/\" rel=\"noopener\"><img class=\"alignleft\" width=\"150\" src=\"https://i4.imageban.ru/out/2021/10/30/93f21987729c6c5a026d9cfc8253843b.jpg\"></a></div><br>Genres/Tags: <strong>Adventure, Horror, First-person, 3D</strong><br>Companies: <strong>616 GAMES</strong><br>Languages: <strong>ENG/BRA</strong><br>Original Size: <strong>4.8 GB</strong><br>Repack Size: <strong>2.6 GB</strong></p>&nbsp;<div>&nbsp;</div><h3>Download Mirrors</h3><ul><li><a href=\"https://1337x.to/torrent/5034996/INDICTED-ENG-BRA-FitGirl-Repack/\" target=\"_blank\" rel=\"noopener\">1337x</a> | [<a href=\"magnet:?xt=urn:btih:A9C0D1BF4A4BBA3508D2F73C3480B937867FE2F3&amp;dn=INDICTED+%28ENG%2FBRA%29+%5BFitGirl+Repack%5D&amp;tr=udp%3A%2F%2F46.148.18.250%3A2710&amp;tr=udp%3A%2F%2Fopentor.org%3A2710&amp;tr=udp%3A%2F%2Ftracker.coppersurfer.tk%3A6969%2Fannounce&amp;tr=udp%3A%2F%2Ftracker.opentrackr.org%3A1337%2Fannounce&amp;tr=http%3A%2F%2Ftracker.dler.org%3A6969%2Fannounce&amp;tr=udp%3A%2F%2Ftracker.leechers-paradise.org%3A6969%2Fannounce&amp;tr=udp%3A%2F%2F9.rarbg.me%3A2730%2Fannounce&amp;tr=udp%3A%2F%2F9.rarbg.to%3A2770%2Fannounce&amp;tr=udp%3A%2F%2Ftracker.pirateparty.gr%3A6969%2Fannounce&amp;tr=http%3A%2F%2Fretracker.local%2Fannounce&amp;tr=http%3A%2F%2Fretracker.ip.ncnet.ru%2Fannounce&amp;tr=udp%3A%2F%2Fexodus.desync.com%3A6969%2Fannounce&amp;tr=udp%3A%2F%2Fipv4.tracker.harry.lu%3A80%2Fannounce&amp;tr=udp%3A%2F%2Fopen.stealth.si%3A80%2Fannounce&amp;tr=udp%3A%2F%2Ftracker.zer0day.to%3A1337%2Fannounce&amp;tr=udp%3A%2F%2Ftracker.leechers-paradise.org%3A6969%2Fannounce&amp;tr=udp%3A%2F%2Fcoppersurfer.tk%3A6969%2Fannounce\">magnet</a>] [<a href=\"https://pastefg.hermietkreeft.site/?33fb2a9792aa530c#6VxpjHYf5TgUDLXe2uZmWpgagMfZ7aS81EtGxSbm3Hag\" target=\"_blank\" rel=\"noopener\">.torrent file only</a>] <br><img src=\"https://torrent-stats.info/f73c/47a006bf8.png\" style=\"display:block;clear:both\"></li><li><a href=\"https://tapochek.net/viewtopic.php?p=2808789\" target=\"_blank\" rel=\"noopener\">Tapochek.net</a></li><li><a href=\"https://pastefg.hermietkreeft.site/?7e9e47625d00d7be#6T2Rw6CJty4Mv1KHawZz1oG1NYvoj5jN7V7vyiwnGVbX\" target=\"_blank\" rel=\"noopener\">Filehoster: MultiUpload</a> (10+ hosters, interchangeable) [Use <a href=\"http://jdownloader.org/jdownloader2\" target=\"_blank\" rel=\"noopener\">JDownloader2</a>]</li><li><a href=\"https://pastefg.hermietkreeft.site/?f382e8d9c2d36818#BeNfuzB6kvgEFp1CxrcSQm31AjnSYyV2oirvzLUsBbZx\" target=\"_blank\" rel=\"noopener\">Filehoster: PixelDrain</a></li><li><a href=\"https://pastefg.hermietkreeft.site/?9c984386a43710ca#2UZuz7JF5nM1DBxnFUh28bRckq13mke3v6cCkZgGy1sh\" target=\"_blank\" rel=\"noopener\">Filehoster: ZippyShare</a></li><li><a href=\"https://pastefg.hermietkreeft.site/?f353ee1f863e43c3#92uFcDMU4ks6Ug3czH8VqwiAEBX3DcxNyzH32MgVqd5z\" target=\"_blank\" rel=\"noopener\">Filehoster: BayFiles</a></li><li><a href=\"https://pastefg.hermietkreeft.site/?838b9fa24ab88ab3#619M8ZNcip5Qvi5PebrDTjitUpfqyfsv7i86KKroM7NP\" target=\"_blank\" rel=\"noopener\">Filehoster: LetsUpload</a> [Use <a href=\"http://jdownloader.org/jdownloader2\" target=\"_blank\" rel=\"noopener\">JDownloader2</a>]</li><li><a href=\"https://pastefg.hermietkreeft.site/?d9805be520037cc3#9rY6RRHReus2w1wwJAkkPaCGcSEp3YuiQWV1Pe9dJfYf\" target=\"_blank\" rel=\"noopener\">Filehoster: OneDrive</a> (Uploaded by DyR0 t(-_-t), NOT compatible with other mirrors)</li><p><!--  <li><a href=\"\" target=\"_blank\" rel=\"noopener\">Filehosters: Google Drive, OneDrive + others</a> (Uploaded by crackhub213)</li>  --></p></ul><p><a href=\"https://cs.rin.ru/forum/viewtopic.php?f=10&amp;t=116894\" target=\"_blank\" rel=\"noopener\">Discussion and (possible) future updates on CS.RIN.RU thread</a></p><h3>Screenshots (Click to enlarge)</h3><p><a target=\"_blank\" href=\"https://en.riotpixels.com/games/indicted/screenshots/21/?utm_source=emb-gfx-html&amp;utm_medium=image&amp;utm_campaign=rp-mass\" rel=\"noopener\"><img loading=\"lazy\" width=\"178\" height=\"100\" border=\"0\" src=\"https://s01.riotpixels.net/data/6c/ea/6cea7439-10c7-49ec-98de-dd533edfa348.jpg.240p.jpg\"></a><a target=\"_blank\" href=\"https://en.riotpixels.com/games/indicted/screenshots/16/?utm_source=emb-gfx-html&amp;utm_medium=image&amp;utm_campaign=rp-mass\" rel=\"noopener\"><img loading=\"lazy\" width=\"178\" height=\"100\" border=\"0\" src=\"https://s01.riotpixels.net/data/14/c6/14c6565d-5d1d-4a6e-a73e-73aed3104532.jpg.240p.jpg\"></a><a target=\"_blank\" href=\"https://en.riotpixels.com/games/indicted/screenshots/13/?utm_source=emb-gfx-html&amp;utm_medium=image&amp;utm_campaign=rp-mass\" rel=\"noopener\"><img loading=\"lazy\" width=\"178\" height=\"100\" border=\"0\" src=\"https://s01.riotpixels.net/data/a1/8c/a18c805a-60c7-46d1-bf17-d8192162bd80.jpg.240p.jpg\"></a><br><a target=\"_blank\" href=\"https://en.riotpixels.com/games/indicted/screenshots/7/?utm_source=emb-gfx-html&amp;utm_medium=image&amp;utm_campaign=rp-mass\" rel=\"noopener\"><img loading=\"lazy\" width=\"178\" height=\"100\" border=\"0\" src=\"https://s01.riotpixels.net/data/e3/08/e3084b21-5475-4ce4-9bc0-240d601e9bb9.jpg.240p.jpg\"></a><a target=\"_blank\" href=\"https://en.riotpixels.com/games/indicted/screenshots/5/?utm_source=emb-gfx-html&amp;utm_medium=image&amp;utm_campaign=rp-mass\" rel=\"noopener\"><img loading=\"lazy\" width=\"178\" height=\"100\" border=\"0\" src=\"https://s01.riotpixels.net/data/37/0d/370dd68c-1562-44c1-bfa1-f557a8edffc5.jpg.240p.jpg\"></a><a target=\"_blank\" href=\"https://en.riotpixels.com/games/indicted/screenshots/2/?utm_source=emb-gfx-html&amp;utm_medium=image&amp;utm_campaign=rp-mass\" rel=\"noopener\"><img loading=\"lazy\" width=\"178\" height=\"100\" border=\"0\" src=\"https://s01.riotpixels.net/data/f6/9f/f69f18a5-e251-471b-b394-a04f11687998.jpg.240p.jpg\"></a></p><h3>Repack Features</h3><ul><li>Based on INDICTED-DARKSiDERS ISO release: ds-indicted.iso (5,163,939,840 bytes)</li><li>100% Lossless &amp; MD5 Perfect: all files are identical to originals after installation</li><li>NOTHING ripped, NOTHING re-encoded</li><li>Significantly smaller archive size (compressed from 4.8 to 2.6 GB)</li><li>Installation takes 1-2 minutes</li><li>After-install integrity check so you could make sure that everything installed properly</li><li>HDD space after installation: 9.1 GB</li><li>Language can be changed in game settings</li><li>At least 2 GB of free RAM (inc. virtual) required for installing this repack</li></ul><div ><div><h2>Game Description</h2></div><div >Seeking redemption, Arthur decides to accept his last case. Children are mysteriously disappearing and all like clues lead to the former RIS orphanage, where a terrible massacre took place, taking the lives of many innocent children.<p>Arthur will have to investigate the place, facing supernatural and very powerful forces. Reliving your past traumas, and being judged for your sins.</p><p>With an engaging story full of plot twists, You will discover that not everything is what it seems to be\u2026 Sometimes, living in a lie is the best option!</p><p><b>CAUTION: A very small percentage of the population can suffer an epileptic fit if exposed to certain images, such as flashes or visual sequences, that may appear in games. In \u201cINDICTED\u201d you can get some scares and live moments of tension, the game is not recommended for people who are Photosensitive or suffer from heart problems.</b></p><p><b><h3>Game Features</h3></b></p><ul><li><b>True horror experience:</b> The setting and events during the game seek to terrify and at the same time stir the player\u2019s emotions.</li><li><b>Gameplay:</b> The player will have the role of investigating, will be defenseless against the forces of evil. Running and hiding might be the only option!</li><li><b>Style of Horror:</b> Based on the style of horror from the 80s and 90s, inspired by horror classics. Scares and tense moments are guaranteed!</li><li><b>Immersive graphics:</b> High quality graphics, bringing the player a real immersion.</li><li><b>Story:</b> Engaging story with revelations and twists.</li><li><b>Puzzles:</b> Some very intuitive puzzles, easy to moderate difficulty, Paper and pen recommended to jot down important information.</li></ul></div></div>             </div>"
}