{
    "link": "https://fitgirl-repacks.site/industria/",
    "title": "INDUSTRIA",
    "first_img": "https://i5.imageban.ru/out/2021/10/01/faca3a482f8d4faa0d76a92681f51172.jpg",
    "second_img": "https://s01.riotpixels.net/data/e3/d4/e3d4f9c4-f94f-49d2-84cf-dbe67d14903d.jpg.240p.jpg",
    "body": "<div ><h2>INDUSTRIA</h2><p ><div><a target=\"_blank\" href=\"https://en.riotpixels.com/games/industria/\" rel=\"noopener\"><img class=\"alignleft\" width=\"150\" src=\"https://i5.imageban.ru/out/2021/10/01/faca3a482f8d4faa0d76a92681f51172.jpg\"></a></div><br>Genres/Tags: <strong>Action, Shooter, First-person, Steampunk, 3D</strong><br>Companies: <strong>Bleakmill, Headup</strong><br>Languages: <strong>RUS/ENG/MULTI5</strong><br>Original Size: <strong>7.8 GB</strong><br>Repack Size: <strong>5.2 GB</strong></p>&nbsp;<div>&nbsp;</div><h3>Download Mirrors</h3><ul><li><a href=\"https://1337x.to/torrent/5002764/INDUSTRIA-MULTi5-FitGirl-Repack/\" target=\"_blank\" rel=\"noopener\">1337x</a> | [<a href=\"magnet:?xt=urn:btih:0930065769E010551FA64C65D423ED3EEEB083AD&amp;dn=INDUSTRIA+%28MULTi5%29+%5BFitGirl+Repack%5D&amp;tr=udp%3A%2F%2F46.148.18.250%3A2710&amp;tr=udp%3A%2F%2Fopentor.org%3A2710&amp;tr=udp%3A%2F%2Ftracker.coppersurfer.tk%3A6969%2Fannounce&amp;tr=udp%3A%2F%2Ftracker.opentrackr.org%3A1337%2Fannounce&amp;tr=http%3A%2F%2Ftracker.dler.org%3A6969%2Fannounce&amp;tr=udp%3A%2F%2Ftracker.leechers-paradise.org%3A6969%2Fannounce&amp;tr=udp%3A%2F%2F9.rarbg.me%3A2730%2Fannounce&amp;tr=udp%3A%2F%2F9.rarbg.to%3A2770%2Fannounce&amp;tr=udp%3A%2F%2Ftracker.pirateparty.gr%3A6969%2Fannounce&amp;tr=http%3A%2F%2Fretracker.local%2Fannounce&amp;tr=http%3A%2F%2Fretracker.ip.ncnet.ru%2Fannounce&amp;tr=udp%3A%2F%2Fexodus.desync.com%3A6969%2Fannounce&amp;tr=udp%3A%2F%2Fipv4.tracker.harry.lu%3A80%2Fannounce&amp;tr=udp%3A%2F%2Fopen.stealth.si%3A80%2Fannounce&amp;tr=udp%3A%2F%2Ftracker.zer0day.to%3A1337%2Fannounce&amp;tr=udp%3A%2F%2Ftracker.leechers-paradise.org%3A6969%2Fannounce&amp;tr=udp%3A%2F%2Fcoppersurfer.tk%3A6969%2Fannounce\">magnet</a>] [<a href=\"https://pastefg.hermietkreeft.site/?7b393224919fff1f#3FUwVxSyFRZcX782vEj2ev9nkKmc2Ne4Cg6484ehoQAf\" target=\"_blank\" rel=\"noopener\">.torrent file only</a>] <br><img src=\"https://torrent-stats.info/4c65/15f057468.png\" style=\"display:block;clear:both\"></li><li><a href=\"http://rutor.info/torrent/837339/industria-2021-pc-repack-ot-fitgirl\" target=\"_blank\" rel=\"noopener\">RuTor</a> [<a href=\"magnet:?xt=urn:btih:0930065769e010551fa64c65d423ed3eeeb083ad&amp;dn=rutor.info_INDUSTRIA+%282021%29+PC+%7C+RePack+%D0%BE%D1%82+FitGirl&amp;tr=udp://opentor.net:6969&amp;tr=udp://opentor.org:2710&amp;tr=http://retracker.local/announce\">magnet</a>]</li><li><a href=\"https://tapochek.net/viewtopic.php?p=2803560\" target=\"_blank\" rel=\"noopener\">Tapochek.net</a></li><li><a href=\"https://pastefg.hermietkreeft.site/?d14124662d991711#5aKs6iCr9cT1uPWEZHp9LUSh4aYPDCW2g2ae2Gshc8S2\" target=\"_blank\" rel=\"noopener\">Filehoster: MultiUpload</a> (10+ hosters, interchangeable) [Use <a href=\"http://jdownloader.org/jdownloader2\" target=\"_blank\" rel=\"noopener\">JDownloader2</a>]</li><li><a href=\"https://pastefg.hermietkreeft.site/?584304f9fb01fd00#64fUeRpYXn8vBGbG2PpQp4yTRyEEGUtob8QScf7PuEPR\" target=\"_blank\" rel=\"noopener\">Filehoster: PixelDrain</a></li><li><a href=\"https://pastefg.hermietkreeft.site/?3c8bcffe10ffe6a1#6pKv8PiRcvcyiN9bZ2gKGg7EsTj2xM6vpG9obNPjk9B5\" target=\"_blank\" rel=\"noopener\">Filehoster: ZippyShare</a></li><li><a href=\"https://pastefg.hermietkreeft.site/?8f7eedc6dad5f21f#DgNrcVjrePKhfwEF6EvU6WaorXQKsQjE5EWpwbrXTHym\" target=\"_blank\" rel=\"noopener\">Filehoster: LetsUpload</a> [Use <a href=\"http://jdownloader.org/jdownloader2\" target=\"_blank\" rel=\"noopener\">JDownloader2</a>]</li><li><a href=\"https://pastefg.hermietkreeft.site/?51667cf7c9ff99bb#6tMLQQ9AGXdpheFZZmJnyHiEYpZMPnfAZXhqN9sAFFoy\" target=\"_blank\" rel=\"noopener\">Filehoster: OneDrive</a> (Uploaded by DyR0 t(-_-t), NOT compatible with other mirrors)</li></ul><p><a href=\"https://cs.rin.ru/forum/viewtopic.php?f=10&amp;t=103206\" target=\"_blank\" rel=\"noopener\">Discussion and (possible) future updates on CS.RIN.RU thread</a></p><h3>Screenshots (Click to enlarge)</h3><p><a target=\"_blank\" href=\"https://en.riotpixels.com/games/industria/screenshots/23/?utm_source=emb-gfx-html&amp;utm_medium=image&amp;utm_campaign=rp-mass\" rel=\"noopener\"><img loading=\"lazy\" width=\"178\" height=\"100\" border=\"0\" src=\"https://s01.riotpixels.net/data/e3/d4/e3d4f9c4-f94f-49d2-84cf-dbe67d14903d.jpg.240p.jpg\"></a><a target=\"_blank\" href=\"https://en.riotpixels.com/games/industria/screenshots/19/?utm_source=emb-gfx-html&amp;utm_medium=image&amp;utm_campaign=rp-mass\" rel=\"noopener\"><img loading=\"lazy\" width=\"178\" height=\"100\" border=\"0\" src=\"https://s01.riotpixels.net/data/61/d7/61d7773f-5bc7-430e-8351-464ff3f0e1e6.jpg.240p.jpg\"></a><a target=\"_blank\" href=\"https://en.riotpixels.com/games/industria/screenshots/18/?utm_source=emb-gfx-html&amp;utm_medium=image&amp;utm_campaign=rp-mass\" rel=\"noopener\"><img loading=\"lazy\" width=\"178\" height=\"100\" border=\"0\" src=\"https://s01.riotpixels.net/data/27/68/27682a66-26a2-4dad-98a7-65b50de80f57.jpg.240p.jpg\"></a><br><a target=\"_blank\" href=\"https://en.riotpixels.com/games/industria/screenshots/8/?utm_source=emb-gfx-html&amp;utm_medium=image&amp;utm_campaign=rp-mass\" rel=\"noopener\"><img loading=\"lazy\" width=\"178\" height=\"100\" border=\"0\" src=\"https://s01.riotpixels.net/data/e5/57/e557d975-94cc-4463-aead-699e2c5a30e0.png.240p.jpg\"></a><a target=\"_blank\" href=\"https://en.riotpixels.com/games/industria/screenshots/5/?utm_source=emb-gfx-html&amp;utm_medium=image&amp;utm_campaign=rp-mass\" rel=\"noopener\"><img loading=\"lazy\" width=\"178\" height=\"100\" border=\"0\" src=\"https://s01.riotpixels.net/data/68/53/68530e39-8d51-4665-bba8-488c25ecb1a9.png.240p.jpg\"></a><a target=\"_blank\" href=\"https://en.riotpixels.com/games/industria/screenshots/2/?utm_source=emb-gfx-html&amp;utm_medium=image&amp;utm_campaign=rp-mass\" rel=\"noopener\"><img loading=\"lazy\" width=\"178\" height=\"100\" border=\"0\" src=\"https://s01.riotpixels.net/data/71/75/7175f5d2-2165-42d0-90c7-6a3771d7a594.png.240p.jpg\"></a></p><h3>Repack Features</h3><ul><li>Based on INDUSTRIA-FLT ISO release: flt-industria.iso (8,403,378,176 bytes)</li><li>100% Lossless &amp; MD5 Perfect: all files are identical to originals after installation</li><li>NOTHING ripped, NOTHING re-encoded</li><li>Significantly smaller archive size (compressed from 7.8 to 5.2 GB)</li><li>Installation takes 3-5 minutes (depending on your system)</li><li>After-install integrity check so you could make sure that everything installed properly</li><li>HDD space after installation: 8 GB</li><li>Language can be changed in game settings</li><li>Repack uses XTool library by Razor12911</li><li>At least 2 GB of free RAM (inc. virtual) required for installing this repack</li></ul><div ><div><h2>Game Description</h2></div><div >Berlin, 9th November 1989: The streets are full of people. After four decades of division, thousands of cars are rolling across the inner-German border. The Wall is finally open!<p>At the same time a man disappears in a secret research facility near East Berlin. His goodbye message reaches you too late. You drive back to the office, where the State Security has already destroyed all records of the research project. The complex is deserted and empty.</p><p>The search for Walter takes you deep into the center of the facility \u2013 right into the heart of the universe, where time seems to stand still. The dark secret lurks \u2013 well hidden \u2013 behind the curtain. In the end, it is horrible insights and the questions of responsibility that make you dive deeper and deeper into a strange, surreal yet familiar world.</p><p><b><h3>Game Features</h3></b></p><ul><li>Profound story: Experience a classic story-driven first-person shooter with about 4 hours of gameplay</li><li>Tight atmosphere: Dive into a lovingly designed world full of mystery and lynchesque surreality</li><li>Deadly danger: Enemies lurk around every corner \u2013 defend yourself with 4 different weapons</li><li>Unique setting: Berlin at the time of the fall of the wall meets a surreal industrialized city</li><li>Experimental soundtrack: Synthesizer, acoustic instruments and melancholic vocals</li></ul></div></div>             </div>"
}