{
    "link": "https://fitgirl-repacks.site/insiders/",
    "title": "Insiders \u2013 v1.2021-10-27 A",
    "first_img": "https://i2.imageban.ru/out/2021/10/30/d2ff1df90ce7414b57a9c2552ef5a0e9.jpg",
    "second_img": "https://s01.riotpixels.net/data/de/52/de5261d7-4e43-4c6c-9979-ace17d0e57de.jpg.240p.jpg",
    "body": "<div ><h2>Insiders \u2013 v1.2021-10-27 A</h2><p ><div><a target=\"_blank\" href=\"https://en.riotpixels.com/games/insiders/\" rel=\"noopener\"><img class=\"alignleft\" width=\"150\" src=\"https://i2.imageban.ru/out/2021/10/30/d2ff1df90ce7414b57a9c2552ef5a0e9.jpg\"></a></div><br>Genres/Tags: <strong>Action, Open World, Survival, Third-person, 3D</strong><br>Company: <strong>ANG People s.r.o.</strong><br>Languages: <strong>ENG/MULTI4</strong><br>Original Size: <strong>2.2 GB</strong><br>Repack Size: <strong>1.7 GB</strong></p>&nbsp;<div>&nbsp;</div><h3>Download Mirrors</h3><ul><li><a href=\"https://1337x.to/torrent/5035041/Insiders-v1-2021-10-27-A-MULTi4-FitGirl-Repack/\" target=\"_blank\" rel=\"noopener\">1337x</a> | [<a href=\"magnet:?xt=urn:btih:FBCE0759C249269EBE1E44EC5761411D5024436A&amp;dn=Insiders+%28v1.2021-10-27+A%2C+MULTi4%29+%5BFitGirl+Repack%5D&amp;tr=udp%3A%2F%2F46.148.18.250%3A2710&amp;tr=udp%3A%2F%2Fopentor.org%3A2710&amp;tr=udp%3A%2F%2Ftracker.coppersurfer.tk%3A6969%2Fannounce&amp;tr=udp%3A%2F%2Ftracker.opentrackr.org%3A1337%2Fannounce&amp;tr=http%3A%2F%2Ftracker.dler.org%3A6969%2Fannounce&amp;tr=udp%3A%2F%2Ftracker.leechers-paradise.org%3A6969%2Fannounce&amp;tr=udp%3A%2F%2F9.rarbg.me%3A2730%2Fannounce&amp;tr=udp%3A%2F%2F9.rarbg.to%3A2770%2Fannounce&amp;tr=udp%3A%2F%2Ftracker.pirateparty.gr%3A6969%2Fannounce&amp;tr=http%3A%2F%2Fretracker.local%2Fannounce&amp;tr=http%3A%2F%2Fretracker.ip.ncnet.ru%2Fannounce&amp;tr=udp%3A%2F%2Fexodus.desync.com%3A6969%2Fannounce&amp;tr=udp%3A%2F%2Fipv4.tracker.harry.lu%3A80%2Fannounce&amp;tr=udp%3A%2F%2Fopen.stealth.si%3A80%2Fannounce&amp;tr=udp%3A%2F%2Ftracker.zer0day.to%3A1337%2Fannounce&amp;tr=udp%3A%2F%2Ftracker.leechers-paradise.org%3A6969%2Fannounce&amp;tr=udp%3A%2F%2Fcoppersurfer.tk%3A6969%2Fannounce\">magnet</a>] [<a href=\"https://pastefg.hermietkreeft.site/?1a828f7c91088407#CZ81ti5EKXs2TgrxrpTV19pDNdezQQA4epTQjw47adGY\" target=\"_blank\" rel=\"noopener\">.torrent file only</a>] <br><img src=\"https://torrent-stats.info/44ec/13f7b1cb8.png\" style=\"display:block;clear:both\"></li><li><a href=\"https://tapochek.net/viewtopic.php?p=2808809\" target=\"_blank\" rel=\"noopener\">Tapochek.net</a></li><li><a href=\"https://pastefg.hermietkreeft.site/?383fe25025411a27#4Jumw5QVyCB3odEkg5osgCWCDLsfcKctAkSyBJfBj4PE\" target=\"_blank\" rel=\"noopener\">Filehoster: MultiUpload</a> (10+ hosters, interchangeable) [Use <a href=\"http://jdownloader.org/jdownloader2\" target=\"_blank\" rel=\"noopener\">JDownloader2</a>]</li><li><a href=\"https://pastefg.hermietkreeft.site/?2e235dc46081279f#2J1DUVKc3PdxyQxooxPqfietnETQXbgq6CxJc3TFKMnr\" target=\"_blank\" rel=\"noopener\">Filehoster: PixelDrain</a></li><li><a href=\"https://pastefg.hermietkreeft.site/?7e137b5fe97fb0ee#7wemu4fg6vTKheemVT8BN8xpVpTkZ3j4NT2MYEunWGMu\" target=\"_blank\" rel=\"noopener\">Filehoster: ZippyShare</a></li><li><a href=\"https://pastefg.hermietkreeft.site/?044231d686e15ab2#54LEtKKCBXbMLHMTDD9QNnPyubQPVWLx3QvZ8HNE9MCm\" target=\"_blank\" rel=\"noopener\">Filehoster: BayFiles</a></li><li><a href=\"https://pastefg.hermietkreeft.site/?13d55e175e7e9bd7#9EMwPHVVdAzHxF4k6Atf3MRqmfberW7HTcQc1p8wvibh\" target=\"_blank\" rel=\"noopener\">Filehoster: LetsUpload</a> [Use <a href=\"http://jdownloader.org/jdownloader2\" target=\"_blank\" rel=\"noopener\">JDownloader2</a>]</li><li><a href=\"https://pastefg.hermietkreeft.site/?33f4b34d2b839267#6DDcg6DDPjwhqKJkqCUGeqTPopdetfsXSHHbofAXVrv\" target=\"_blank\" rel=\"noopener\">Filehoster: OneDrive</a> (Uploaded by DyR0 t(-_-t), NOT compatible with other mirrors)</li><p><!--  <li><a href=\"\" target=\"_blank\" rel=\"noopener\">Filehosters: Google Drive, OneDrive + others</a> (Uploaded by crackhub213)</li>  --></p></ul><p><a href=\"https://cs.rin.ru/forum/viewtopic.php?f=10&amp;t=116891\" target=\"_blank\" rel=\"noopener\">Discussion and (possible) future updates on CS.RIN.RU thread</a></p><h3>Screenshots (Click to enlarge)</h3><p><a target=\"_blank\" href=\"https://en.riotpixels.com/games/insiders/screenshots/13/?utm_source=emb-gfx-html&amp;utm_medium=image&amp;utm_campaign=rp-mass\" rel=\"noopener\"><img loading=\"lazy\" width=\"178\" height=\"100\" border=\"0\" src=\"https://s01.riotpixels.net/data/de/52/de5261d7-4e43-4c6c-9979-ace17d0e57de.jpg.240p.jpg\"></a><a target=\"_blank\" href=\"https://en.riotpixels.com/games/insiders/screenshots/12/?utm_source=emb-gfx-html&amp;utm_medium=image&amp;utm_campaign=rp-mass\" rel=\"noopener\"><img loading=\"lazy\" width=\"182\" height=\"100\" border=\"0\" src=\"https://s01.riotpixels.net/data/5f/c7/5fc76392-20fe-44d5-924a-2c99b06d5951.jpg.240p.jpg\"></a><a target=\"_blank\" href=\"https://en.riotpixels.com/games/insiders/screenshots/11/?utm_source=emb-gfx-html&amp;utm_medium=image&amp;utm_campaign=rp-mass\" rel=\"noopener\"><img loading=\"lazy\" width=\"178\" height=\"100\" border=\"0\" src=\"https://s01.riotpixels.net/data/8a/78/8a78cc90-b383-4316-b5b0-cace748537ad.jpg.240p.jpg\"></a><br><a target=\"_blank\" href=\"https://en.riotpixels.com/games/insiders/screenshots/10/?utm_source=emb-gfx-html&amp;utm_medium=image&amp;utm_campaign=rp-mass\" rel=\"noopener\"><img loading=\"lazy\" width=\"178\" height=\"100\" border=\"0\" src=\"https://s01.riotpixels.net/data/95/f9/95f9f40a-e38c-479b-bc01-f0fe588135bf.jpg.240p.jpg\"></a><a target=\"_blank\" href=\"https://en.riotpixels.com/games/insiders/screenshots/5/?utm_source=emb-gfx-html&amp;utm_medium=image&amp;utm_campaign=rp-mass\" rel=\"noopener\"><img loading=\"lazy\" width=\"178\" height=\"100\" border=\"0\" src=\"https://s01.riotpixels.net/data/1a/07/1a0720d1-6145-410f-91db-e80f569df1ad.jpg.240p.jpg\"></a><a target=\"_blank\" href=\"https://en.riotpixels.com/games/insiders/screenshots/3/?utm_source=emb-gfx-html&amp;utm_medium=image&amp;utm_campaign=rp-mass\" rel=\"noopener\"><img loading=\"lazy\" width=\"178\" height=\"100\" border=\"0\" src=\"https://s01.riotpixels.net/data/9f/21/9f216f4a-3342-4f01-a59e-e0cc17110d6d.jpg.240p.jpg\"></a></p><h3>Repack Features</h3><ul><li>Based on Insiders-PLAZA ISO release: plaza-insiders.iso (2,404,876,288 bytes)</li><li>100% Lossless &amp; MD5 Perfect: all files are identical to originals after installation</li><li>NOTHING ripped, NOTHING re-encoded</li><li>Smaller archive size (compressed from 2.2 to 1.7 GB)</li><li>Installation takes 1-2 minutes</li><li>After-install integrity check so you could make sure that everything installed properly</li><li>HDD space after installation: 4.1 GB</li><li>Language can be changed in game settings</li><li>At least 2 GB of free RAM (inc. virtual) required for installing this repack</li></ul><div ><div><h2>Game Description</h2></div><div ><b>Overview:</b><br>Insiders is a single-player, open world survival game set within the human body. Player needs to explore the environment, follow quests, mine resources, craft items, build bases and fight microorganisms such as viruses, parasites and bacteria.<p><b>Story:</b><br>The cancer rate of human beings in this era has increased dramatically, and the only cure is inside our bodies. The technology to shrink physical objects and live beings into microscopic size has recently been discovered, and you and your ship have been shrunk and injected inside one severely ill patient with multiple diseases to find a potential cure. The patient is dying quickly, and you are the last hope of humanity to eradicate this horrible disease once and for all. Are you able to find the cure for cancer? Or are you going to find something else?</p><p><b>Gameplay:</b><br>This is a one-way trip, your ship needs fuel and air to keep the systems running. You can harvest resources from dead microbes or mine minerals from the blood and nutrients inside the body. You can then convert these resources to important items that will aid you in your mission. You can craft weapons, mining lasers, shields, engines and other ships components. You can also upgrade your ship software to increase speed and energy.</p><p><b>Combat:</b><br>Your ship can use its shields to block enemy attacks or use evasive maneuvers to dodge enemy projectiles or escape. You have cannons and ray weapons at your disposal. In time you will learn to craft even more advanced weapons and upgrade your ship to fight stronger enemies.</p><p><b>Scavenge:</b><br>You can find AI piloted crashed ships from previous missions inside the human body. Those wrecks could contain resources, special items, enhanced weapons and ship upgrades beneficial to your mission and survival.</p><p><b>Base Building:</b><br>The Building system is like a building kit. You would need to create a base frame first and attach important buildings to the frame for your survival. You can craft and build bases to store your resources, repair your ship and instantly teleport among bases. You can also build automated factories to manufacture advanced items and weapons.</p><p><b>Warning: This game contains flashing lights that may make it unsuitable for people with photosensitive epilepsy or other photosensitive conditions. Player discretion is advised.</b></p><p><b><h3>Game Features</h3></b></p><ul><li>Unique environment \u2013 explore original world like nothing else you seen</li><li>Fight coronavirus, bacteria and parasites face to face</li><li>Navigate ship across bloodstream, brain, kidney</li><li>Scan DNA and assemble your own bacteria as companion</li><li>Take care of you own brain-eating pet parasite</li><li>Assemble mega laser on you ship hull to destroy kidney stones</li><li>Follow quests, find cure for a cancer</li><li>Build, mine, craft, explore, survive</li></ul></div></div>             </div>"
}