{
    "link": "https://fitgirl-repacks.site/interregnum-chronicles-signal/",
    "title": "Interregnum Chronicles: Signal",
    "first_img": "https://i4.imageban.ru/out/2021/07/23/a714e92a9a561388ed782ca5d8669690.jpg",
    "second_img": "https://s01.riotpixels.net/data/b8/4a/b84abc0a-4756-42d3-a79c-1cd830df615f.jpg.240p.jpg",
    "body": "<div ><h2>Interregnum Chronicles: Signal</h2><p ><div><a target=\"_blank\" href=\"https://en.riotpixels.com/games/interregnum-chronicles-signal/\" rel=\"noopener\"><img class=\"alignleft\" width=\"150\" src=\"https://i4.imageban.ru/out/2021/07/23/a714e92a9a561388ed782ca5d8669690.jpg\"></a></div><br>Genres/Tags: <strong>Adventure, Exploration, First-person, 3D</strong><br>Company: <strong>Spacewalkers</strong><br>Language: <strong>ENG</strong><br>Original Size: <strong>1.4 GB</strong><br>Repack Size: <strong>749 MB</strong></p>&nbsp;<div>&nbsp;</div><h3>Download Mirrors</h3><ul><li><a href=\"https://1337x.to/torrent/4928567/Interregnum-Chronicles-Signal-FitGirl-Repack/\" target=\"_blank\" rel=\"noopener\">1337x</a> | [<a href=\"magnet:?xt=urn:btih:5EBF0E4E8E0CB249861EC5F44097BD3A6AAC1AFA&amp;dn=Interregnum+Chronicles%3A+Signal+%5BFitGirl+Repack%5D&amp;tr=udp%3A%2F%2F46.148.18.250%3A2710&amp;tr=udp%3A%2F%2Fopentor.org%3A2710&amp;tr=udp%3A%2F%2Ftracker.coppersurfer.tk%3A6969%2Fannounce&amp;tr=udp%3A%2F%2Ftracker.opentrackr.org%3A1337%2Fannounce&amp;tr=http%3A%2F%2Ftracker.dler.org%3A6969%2Fannounce&amp;tr=udp%3A%2F%2Ftracker.leechers-paradise.org%3A6969%2Fannounce&amp;tr=udp%3A%2F%2F9.rarbg.me%3A2730%2Fannounce&amp;tr=udp%3A%2F%2F9.rarbg.to%3A2770%2Fannounce&amp;tr=udp%3A%2F%2Ftracker.pirateparty.gr%3A6969%2Fannounce&amp;tr=http%3A%2F%2Fretracker.local%2Fannounce&amp;tr=http%3A%2F%2Fretracker.ip.ncnet.ru%2Fannounce&amp;tr=udp%3A%2F%2Fexodus.desync.com%3A6969%2Fannounce&amp;tr=udp%3A%2F%2Fipv4.tracker.harry.lu%3A80%2Fannounce&amp;tr=udp%3A%2F%2Fopen.stealth.si%3A80%2Fannounce&amp;tr=udp%3A%2F%2Ftracker.zer0day.to%3A1337%2Fannounce&amp;tr=udp%3A%2F%2Ftracker.leechers-paradise.org%3A6969%2Fannounce&amp;tr=udp%3A%2F%2Fcoppersurfer.tk%3A6969%2Fannounce\">magnet</a>] [<a href=\"https://pastefg.hermietkreeft.site/?577ebc53ce851e83#3e3NpScXBffF6PmzvNw5GsW541B5Q8KcYFsHQRG7oPgP\" target=\"_blank\" rel=\"noopener\">.torrent file only</a>] <br><img src=\"https://torrent-stats.info/c5f4/37f983f6c.png\" style=\"display:block;clear:both\"></li><li><a href=\"https://tapochek.net/viewtopic.php?p=2790417\" target=\"_blank\" rel=\"noopener\">Tapochek.net</a></li><li><a href=\"https://pastefg.hermietkreeft.site/?aa150d6368f30034#6NxHbUZznAiPuyxbe1dP2kfbm3pHjTjQSpgbw9rShrUH\" target=\"_blank\" rel=\"noopener\">Filehoster: MultiUpload</a> (10+ hosters, interchangeable) [Use <a href=\"http://jdownloader.org/jdownloader2\" target=\"_blank\" rel=\"noopener\">JDownloader2</a>]</li><li><a href=\"https://pastefg.hermietkreeft.site/?2d161f7008273ae0#2i7sk4yhwJfnEHN9JadXc5TmtGswxiBES6Ly43hKbbUc\" target=\"_blank\" rel=\"noopener\">Filehoster: PixelDrain</a></li><li><a href=\"https://pastefg.hermietkreeft.site/?110639a370e39c9d#J1FU3CWQAGbvhBN8USAXUwm6ZmJwckPQFg5dXZfD5QzG\" target=\"_blank\" rel=\"noopener\">Filehoster: ZippyShare</a></li><li><a href=\"https://pastefg.hermietkreeft.site/?3feac8180751dc86#39YimuHvf2byXMEoMKKyvy7bK68Y4p2CC84Em3v3syBK\" target=\"_blank\" rel=\"noopener\">Filehoster: LetsUpload</a> [Use <a href=\"http://jdownloader.org/jdownloader2\" target=\"_blank\" rel=\"noopener\">JDownloader2</a>]</li><li><a href=\"https://crackhub.site/interregnum-chronicles-signal-fitgirl-repack/\" target=\"_blank\" rel=\"noopener\">Filehosters: Google Drive, OneDrive + others</a> (Uploaded by crackhub213)</li><li><a href=\"https://pastefg.hermietkreeft.site/?bb89938c9edb746c#Bythx68fudvF9kC97h8uJgwffJSWpqVPFf1XXe2f4MMR\" target=\"_blank\" rel=\"noopener\">Filehoster: OneDrive</a> (Uploaded by DyR0 t(-_-t), NOT compatible with other mirrors)</li></ul><p><a href=\"https://cs.rin.ru/forum/viewtopic.php?f=10&amp;t=114622\" target=\"_blank\" rel=\"noopener\">Discussion and (possible) future updates on CS.RIN.RU thread</a></p><h3>Screenshots (Click to enlarge)</h3><p><a target=\"_blank\" href=\"https://en.riotpixels.com/games/interregnum-chronicles-signal/screenshots/5/?utm_source=emb-gfx-html&amp;utm_medium=image&amp;utm_campaign=rp-mass\" rel=\"noopener\"><img loading=\"lazy\" width=\"178\" height=\"100\" border=\"0\" src=\"https://s01.riotpixels.net/data/b8/4a/b84abc0a-4756-42d3-a79c-1cd830df615f.jpg.240p.jpg\"></a><a target=\"_blank\" href=\"https://en.riotpixels.com/games/interregnum-chronicles-signal/screenshots/4/?utm_source=emb-gfx-html&amp;utm_medium=image&amp;utm_campaign=rp-mass\" rel=\"noopener\"><img loading=\"lazy\" width=\"178\" height=\"100\" border=\"0\" src=\"https://s01.riotpixels.net/data/d3/8f/d38fd77f-ac84-44e8-a61b-a6edf2c9aaf6.jpg.240p.jpg\"></a><a target=\"_blank\" href=\"https://en.riotpixels.com/games/interregnum-chronicles-signal/screenshots/3/?utm_source=emb-gfx-html&amp;utm_medium=image&amp;utm_campaign=rp-mass\" rel=\"noopener\"><img loading=\"lazy\" width=\"178\" height=\"100\" border=\"0\" src=\"https://s01.riotpixels.net/data/1e/c8/1ec8b152-9f4f-4c4f-ab18-39ffd1586d75.jpg.240p.jpg\"></a><br><a target=\"_blank\" href=\"https://en.riotpixels.com/games/interregnum-chronicles-signal/screenshots/2/?utm_source=emb-gfx-html&amp;utm_medium=image&amp;utm_campaign=rp-mass\" rel=\"noopener\"><img loading=\"lazy\" width=\"178\" height=\"100\" border=\"0\" src=\"https://s01.riotpixels.net/data/68/c7/68c7821c-470d-4d6c-81b0-d1ca61f8005d.jpg.240p.jpg\"></a><a target=\"_blank\" href=\"https://en.riotpixels.com/games/interregnum-chronicles-signal/screenshots/1/?utm_source=emb-gfx-html&amp;utm_medium=image&amp;utm_campaign=rp-mass\" rel=\"noopener\"><img loading=\"lazy\" width=\"178\" height=\"100\" border=\"0\" src=\"https://s01.riotpixels.net/data/1e/d5/1ed57299-9251-42b6-aae6-a9cfe785ca0c.jpg.240p.jpg\"></a></p><h3>Repack Features</h3><ul><li>Based on Interregnum.Chronicles.Signal-CODEX ISO release: codex-interregnum.chronicles.signal.iso (1,495,007,232 bytes)</li><li>100% Lossless &amp; MD5 Perfect: all files are identical to originals after installation</li><li>NOTHING ripped, NOTHING re-encoded</li><li>Significantly smaller archive size (compressed from 1.4 GB to 749 MB)</li><li>Installation takes one minutes</li><li>After-install integrity check so you could make sure that everything installed properly</li><li>HDD space after installation: 3.8 GB</li><li>Repack uses XTool library by Razor12911</li><li>At least 2 GB of free RAM (inc. virtual) required for installing this repack</li></ul><div ><div><h2>Game Description</h2></div><div >Interregnum Chronicles: Signal is a story of an unstable AI, and the Operator locked with it on a space station above an Earth in turmoil. They try to decode an impossible signal from the depths of space while discovering new truths about themselves and each other.<p>This is the first entry in a series of games which tell the story of the Interregnum and its aftermath. Based on the world created by Przemys\u0142aw Karda in a Polish best-selling sci-fi novel by the same title.</p><p>Interregnum Chronicles: Signal is a first-person, story-driven game that takes place in a zero gravity environment which offers the player an unprecedented level of freedom of movement during exploration.</p><p>Oversee and guide the AI\u2019s upgrades on its path to understanding the signal\u2019s message. The AI develops and grows along with the amount of processed data. The story unfolds through conversation with the AI, but the pace of progression is determined by the player\u2019s ability to choose the optimal upgrades for the AI. The goal is to accumulate as much data as possible and use it to upgrade the AI and the process of data accumulation itself.</p><p><b><h3>Game Features</h3></b></p><ul><li><b>An intriguing sci-fi story:</b> Mysterious signal from across the galaxy with unprecedented density of data reaches Earth. Its origins are surely extraterrestrial, but the purpose of the message remains unknown. Inside the Harmony space station, a lone Operator and the station\u2019s onboard AI are tasked with analyzing the signal, but the process itself seems to have an unexpected effect on them.</li><li><b>Intricate mechanics:</b> Use the processed data to further improve the AI\u2019s capabilities and the processing speed of the signal\u2019s data. Intricate mechanics and system of upgrades will require from the player to plan their upgrade path for optimal efficiency.</li><li><b>Zero-G exploration:</b> Experience six degrees of freedom while freely exploring the station and hunting for collectibles.</li></ul></div></div>             </div>"
}