{
    "link": "https://fitgirl-repacks.site/into-the-pit/",
    "title": "Into the Pit \u2013 Build 376",
    "first_img": "https://i3.imageban.ru/out/2021/10/19/21045c3731fbf208c6fccd1bd48fc74c.jpg",
    "second_img": "https://s01.riotpixels.net/data/8b/a4/8ba46405-827a-43d1-8581-4950d8b0818d.jpg.240p.jpg",
    "body": "<div ><h2>Into the Pit \u2013 Build 376</h2><p ><div><a target=\"_blank\" href=\"https://en.riotpixels.com/games/into-the-pit/\" rel=\"noopener\"><img class=\"alignleft\" width=\"150\" src=\"https://i3.imageban.ru/out/2021/10/19/21045c3731fbf208c6fccd1bd48fc74c.jpg\"></a></div><br>Genres/Tags: <strong>Action, Shooter, First-person, 3D</strong><br>Companies: <strong>Nullpointer Games, Humble Games</strong><br>Languages: <strong>ENG/MULTI6</strong><br><strong style=\"color: red\">This game requires Windows 8.1 as a minimum</strong><br>Original Size: <strong>974 MB</strong><br>Repack Size: <strong>718 MB</strong></p>&nbsp;<div>&nbsp;</div><h3>Download Mirrors</h3><ul><li><a href=\"https://1337x.to/torrent/5023516/Into-the-Pit-Build-376-MULTi6-FitGirl-Repack/\" target=\"_blank\" rel=\"noopener\">1337x</a> | [<a href=\"magnet:?xt=urn:btih:D12A895811815C8EC2C183FD5E66C1F62B9F3839&amp;dn=Into+the+Pit+%28Build+376%2C+MULTi6%29+%5BFitGirl+Repack%5D&amp;tr=udp%3A%2F%2F46.148.18.250%3A2710&amp;tr=udp%3A%2F%2Fopentor.org%3A2710&amp;tr=udp%3A%2F%2Ftracker.coppersurfer.tk%3A6969%2Fannounce&amp;tr=udp%3A%2F%2Ftracker.opentrackr.org%3A1337%2Fannounce&amp;tr=http%3A%2F%2Ftracker.dler.org%3A6969%2Fannounce&amp;tr=udp%3A%2F%2Ftracker.leechers-paradise.org%3A6969%2Fannounce&amp;tr=udp%3A%2F%2F9.rarbg.me%3A2730%2Fannounce&amp;tr=udp%3A%2F%2F9.rarbg.to%3A2770%2Fannounce&amp;tr=udp%3A%2F%2Ftracker.pirateparty.gr%3A6969%2Fannounce&amp;tr=http%3A%2F%2Fretracker.local%2Fannounce&amp;tr=http%3A%2F%2Fretracker.ip.ncnet.ru%2Fannounce&amp;tr=udp%3A%2F%2Fexodus.desync.com%3A6969%2Fannounce&amp;tr=udp%3A%2F%2Fipv4.tracker.harry.lu%3A80%2Fannounce&amp;tr=udp%3A%2F%2Fopen.stealth.si%3A80%2Fannounce&amp;tr=udp%3A%2F%2Ftracker.zer0day.to%3A1337%2Fannounce&amp;tr=udp%3A%2F%2Ftracker.leechers-paradise.org%3A6969%2Fannounce&amp;tr=udp%3A%2F%2Fcoppersurfer.tk%3A6969%2Fannounce\">magnet</a>] [<a href=\"https://pastefg.hermietkreeft.site/?b1ba5d25cd8e62d4#7KXMm2cPU3MjQTiPYxVofnB6a7oJRcPgvppaYBH2mGUK\" target=\"_blank\" rel=\"noopener\">.torrent file only</a>] <br><img src=\"https://torrent-stats.info/83fd/261afc06b.png\" style=\"display:block;clear:both\"></li><li><a href=\"https://tapochek.net/viewtopic.php?p=2806655\" target=\"_blank\" rel=\"noopener\">Tapochek.net</a></li><li><a href=\"https://pastefg.hermietkreeft.site/?e0a4c97b5e2e4c2e#At3dpveRBUqPrPJUgC2n8LSNRJMwa6mtf6NVSqko1nHH\" target=\"_blank\" rel=\"noopener\">Filehoster: MultiUpload</a> (10+ hosters, interchangeable) [Use <a href=\"http://jdownloader.org/jdownloader2\" target=\"_blank\" rel=\"noopener\">JDownloader2</a>]</li><li><a href=\"https://pastefg.hermietkreeft.site/?91af67fd3484e919#7RcugspzurE9HpGMfCEFCnAXsZKcGTfsNyUPWGfRCsVV\" target=\"_blank\" rel=\"noopener\">Filehoster: PixelDrain</a></li><li><a href=\"https://pastefg.hermietkreeft.site/?798998a6d76f671f#9TdZxCGf8CdcrBQSRTvWYix8D3SFVg6paT7VBL4TDj4e\" target=\"_blank\" rel=\"noopener\">Filehoster: ZippyShare</a></li><li><a href=\"https://pastefg.hermietkreeft.site/?731310803679cc27#DbB4Py9ApS7Ejh5Lr9aKiucFugCYZ8RAR5A4hwEZcQLF\" target=\"_blank\" rel=\"noopener\">Filehoster: LetsUpload</a> [Use <a href=\"http://jdownloader.org/jdownloader2\" target=\"_blank\" rel=\"noopener\">JDownloader2</a>]</li><li><a href=\"https://pastefg.hermietkreeft.site/?ff913be8e45b1252#9YzaWHXfV5ifvpVsP5HTEiMdZouE2xAfzWAUknSdMn4c\" target=\"_blank\" rel=\"noopener\">Filehoster: OneDrive</a> (Uploaded by DyR0 t(-_-t), NOT compatible with other mirrors)</li><li><a href=\"https://crackhub.site/into-the-pit-build-376-fitgirl-repack/\" target=\"_blank\" rel=\"noopener\">Filehosters: Google Drive, OneDrive + others</a> (Uploaded by crackhub213)</li></ul><p><a href=\"https://cs.rin.ru/forum/viewtopic.php?f=10&amp;t=115342\" target=\"_blank\" rel=\"noopener\">Discussion and (possible) future updates on CS.RIN.RU thread</a></p><h3>Screenshots (Click to enlarge)</h3><p><a target=\"_blank\" href=\"https://en.riotpixels.com/games/into-the-pit/screenshots/8/?utm_source=emb-gfx-html&amp;utm_medium=image&amp;utm_campaign=rp-mass\" rel=\"noopener\"><img loading=\"lazy\" width=\"178\" height=\"100\" border=\"0\" src=\"https://s01.riotpixels.net/data/8b/a4/8ba46405-827a-43d1-8581-4950d8b0818d.jpg.240p.jpg\"></a><a target=\"_blank\" href=\"https://en.riotpixels.com/games/into-the-pit/screenshots/5/?utm_source=emb-gfx-html&amp;utm_medium=image&amp;utm_campaign=rp-mass\" rel=\"noopener\"><img loading=\"lazy\" width=\"178\" height=\"100\" border=\"0\" src=\"https://s01.riotpixels.net/data/80/f2/80f2166e-c639-4e93-9b2a-860d394a033b.jpg.240p.jpg\"></a><a target=\"_blank\" href=\"https://en.riotpixels.com/games/into-the-pit/screenshots/4/?utm_source=emb-gfx-html&amp;utm_medium=image&amp;utm_campaign=rp-mass\" rel=\"noopener\"><img loading=\"lazy\" width=\"178\" height=\"100\" border=\"0\" src=\"https://s01.riotpixels.net/data/7d/c5/7dc529cf-c258-470f-bdb9-65e814d48bea.jpg.240p.jpg\"></a><br><a target=\"_blank\" href=\"https://en.riotpixels.com/games/into-the-pit/screenshots/3/?utm_source=emb-gfx-html&amp;utm_medium=image&amp;utm_campaign=rp-mass\" rel=\"noopener\"><img loading=\"lazy\" width=\"178\" height=\"100\" border=\"0\" src=\"https://s01.riotpixels.net/data/c7/85/c7857a63-2c7c-4f46-be0b-4f593bb80325.jpg.240p.jpg\"></a><a target=\"_blank\" href=\"https://en.riotpixels.com/games/into-the-pit/screenshots/2/?utm_source=emb-gfx-html&amp;utm_medium=image&amp;utm_campaign=rp-mass\" rel=\"noopener\"><img loading=\"lazy\" width=\"178\" height=\"100\" border=\"0\" src=\"https://s01.riotpixels.net/data/f8/76/f8766fea-6296-48f8-b360-cd98885bb164.jpg.240p.jpg\"></a><a target=\"_blank\" href=\"https://en.riotpixels.com/games/into-the-pit/screenshots/1/?utm_source=emb-gfx-html&amp;utm_medium=image&amp;utm_campaign=rp-mass\" rel=\"noopener\"><img loading=\"lazy\" width=\"178\" height=\"100\" border=\"0\" src=\"https://s01.riotpixels.net/data/7c/41/7c411df0-b995-451c-b7c1-0d50ba99bdec.jpg.240p.jpg\"></a></p><h3>Repack Features</h3><ul><li>Based on Into.the.Pit-DOGE ISO release: wow-into.the.pit.iso (1,021,179,904 bytes)</li><li>100% Lossless &amp; MD5 Perfect: all files are identical to originals after installation</li><li>NOTHING ripped, NOTHING re-encoded</li><li>Smaller archive size (compressed from 974 to 718 MB)</li><li>Installation takes 3 minutes</li><li>After-install integrity check so you could make sure that everything installed properly</li><li>HDD space after installation: 1.6 GB</li><li>Language can be changed in game settings</li><li>At least 2 GB of free RAM (inc. virtual) required for installing this repack</li></ul><div ><div><h2>Game Description</h2></div><div >As members of a family of lore-hunting mystics, you and your cousin Luridia separately wander the land following rumors of occult power. After discovering a demonic pit in a nearby village, Luridia\u2019s once prolific letters grow silent.<p>Something has gone terribly wrong.</p><p>Now it is up to you to journey to the desolate hamlet under dark eldritch skies. What did Luridia discover? And what great power has this village unearthed?</p><p><b><h3>Game Features</h3></b></p><ul><li><b>FIGHT WITH CHAOTIC MAGIC</b> \u2013 experiment with various spells and powers to become an unstoppable magical force</li><li><b>SHIFTING TREACHEROUS DUNGEONS</b> \u2013 high-octane energy and short-paced levels will keep you on your toes. You\u2019ll never know what horror lies beyond the next corner.</li><li><b>GROW YOUR POWERS</b> \u2013 rescue villagers to open shops for permanent upgrades to prolong your runs and maximize your potential</li><li><b>CHOOSE YOUR CHALLENGE</b> \u2013 mix keys and runes gathered on your journeys to generate and combine different dungeon encounters.</li></ul></div></div>             </div>"
}