{
    "link": "https://fitgirl-repacks.site/jett-the-far-shore/",
    "title": "JETT: The Far Shore \u2013 v1.1.0r22412",
    "first_img": "https://i7.imageban.ru/out/2021/11/09/5396f1e8eae2bbdae5fccd622751ea40.jpg",
    "second_img": "https://s01.riotpixels.net/data/5a/c6/5ac6b5ac-2ca4-4872-9fab-0f32185bf8ff.jpg.240p.jpg",
    "body": "<div ><h2>JETT: The Far Shore \u2013 v1.1.0r22412</h2><p ><div><a target=\"_blank\" href=\"https://en.riotpixels.com/games/jett-the-far-shore/\" rel=\"noopener\"><img class=\"alignleft\" width=\"150\" src=\"https://i7.imageban.ru/out/2021/11/09/5396f1e8eae2bbdae5fccd622751ea40.jpg\"></a></div><br>Genres/Tags: <strong>Arcade, Exploration, Third-person, Spacecraft, 3D</strong><br>Companies: <strong>Superbrothers + Pine Scented</strong><br>Languages: <strong>ENG/MULTI6</strong><br>Original Size: <strong>6 GB</strong><br>Repack Size: <strong>3.5 GB</strong></p>&nbsp;<div>&nbsp;</div><h3>Download Mirrors</h3><ul><li><a href=\"https://1337x.to/torrent/5045754/JETT-The-Far-Shore-v1-1-0r22412-MULTi6-FitGirl-Repack/\" target=\"_blank\" rel=\"noopener\">1337x</a> | [<a href=\"magnet:?xt=urn:btih:5F9A7FD5015C09F1CEB0ABE4460E358243860777&amp;dn=JETT%3A+The+Far+Shore+%28v1.1.0r22412%2C+MULTi6%29+%5BFitGirl+Repack%5D&amp;tr=udp%3A%2F%2F46.148.18.250%3A2710&amp;tr=udp%3A%2F%2Fopentor.org%3A2710&amp;tr=udp%3A%2F%2Ftracker.coppersurfer.tk%3A6969%2Fannounce&amp;tr=udp%3A%2F%2Ftracker.opentrackr.org%3A1337%2Fannounce&amp;tr=http%3A%2F%2Ftracker.dler.org%3A6969%2Fannounce&amp;tr=udp%3A%2F%2Ftracker.leechers-paradise.org%3A6969%2Fannounce&amp;tr=udp%3A%2F%2F9.rarbg.me%3A2730%2Fannounce&amp;tr=udp%3A%2F%2F9.rarbg.to%3A2770%2Fannounce&amp;tr=udp%3A%2F%2Ftracker.pirateparty.gr%3A6969%2Fannounce&amp;tr=http%3A%2F%2Fretracker.local%2Fannounce&amp;tr=http%3A%2F%2Fretracker.ip.ncnet.ru%2Fannounce&amp;tr=udp%3A%2F%2Fexodus.desync.com%3A6969%2Fannounce&amp;tr=udp%3A%2F%2Fipv4.tracker.harry.lu%3A80%2Fannounce&amp;tr=udp%3A%2F%2Fopen.stealth.si%3A80%2Fannounce&amp;tr=udp%3A%2F%2Ftracker.zer0day.to%3A1337%2Fannounce&amp;tr=udp%3A%2F%2Ftracker.leechers-paradise.org%3A6969%2Fannounce&amp;tr=udp%3A%2F%2Fcoppersurfer.tk%3A6969%2Fannounce\">magnet</a>] [<a href=\"https://pastefg.hermietkreeft.site/?0e47e66ab6f1d0ce#DcvT5iAKtMbRf3YpPZAXNtajjHUcRnnGtdDW9UXNpRPy\" target=\"_blank\" rel=\"noopener\">.torrent file only</a>] <br><img src=\"https://torrent-stats.info/abe4/31f088790.png\" style=\"display:block;clear:both\"></li><li><a href=\"https://tapochek.net/viewtopic.php?p=2810949\" target=\"_blank\" rel=\"noopener\">Tapochek.net</a></li><li><a href=\"https://pastefg.hermietkreeft.site/?6cecbc64a676a299#41PSwyYDpAtttAuAPxpGt7Ck6gV4BaWa4BgYAAEMBt4Q\" target=\"_blank\" rel=\"noopener\">Filehoster: MultiUpload</a> (10+ hosters, interchangeable) [Use <a href=\"http://jdownloader.org/jdownloader2\" target=\"_blank\" rel=\"noopener\">JDownloader2</a>]</li><li><a href=\"https://pastefg.hermietkreeft.site/?b306af11e4b07ef5#4Fo5p41XpsuqE1GH6LmhfvmBw4ef3bMyBwf8VVzGunV7\" target=\"_blank\" rel=\"noopener\">Filehoster: ZippyShare</a></li><li><a href=\"https://pastefg.hermietkreeft.site/?ce1effeaf8ed5bbe#CnPr17GsGscbGs3yZavvvcfUZzx421usu5Sy3zfcZcSD\" target=\"_blank\" rel=\"noopener\">Filehoster: BayFiles</a></li><li><a href=\"https://pastefg.hermietkreeft.site/?f32834b810af55a8#D6hfo8jrJpRoVGNiStiPaydGHBEycBz7KBqtN3sJkxPs\" target=\"_blank\" rel=\"noopener\">Filehoster: LetsUpload</a> [Use <a href=\"http://jdownloader.org/jdownloader2\" target=\"_blank\" rel=\"noopener\">JDownloader2</a>]</li><li><a href=\"https://pastefg.hermietkreeft.site/?582ee72ba3595583#AzUcacGBF6MAJem7QZSqhse2RVJf36stv4ceUDhLvGZM\" target=\"_blank\" rel=\"noopener\">Filehoster: OneDrive</a> (Uploaded by DyR0 t(-_-t), NOT compatible with other mirrors)</li><p><!--  <li><a href=\"\" target=\"_blank\" rel=\"noopener\">Filehosters: Google Drive, OneDrive + others</a> (Uploaded by crackhub213)</li>  --></p></ul><p><a href=\"https://cs.rin.ru/forum/viewtopic.php?f=38&amp;t=106013\" target=\"_blank\" rel=\"noopener\">Discussion and (possible) future updates on CS.RIN.RU thread</a></p><h3>Screenshots (Click to enlarge)</h3><p><a target=\"_blank\" href=\"https://en.riotpixels.com/games/jett-the-far-shore/screenshots/23/?utm_source=emb-gfx-html&amp;utm_medium=image&amp;utm_campaign=rp-mass\" rel=\"noopener\"><img loading=\"lazy\" width=\"178\" height=\"100\" border=\"0\" src=\"https://s01.riotpixels.net/data/5a/c6/5ac6b5ac-2ca4-4872-9fab-0f32185bf8ff.jpg.240p.jpg\"></a><a target=\"_blank\" href=\"https://en.riotpixels.com/games/jett-the-far-shore/screenshots/20/?utm_source=emb-gfx-html&amp;utm_medium=image&amp;utm_campaign=rp-mass\" rel=\"noopener\"><img loading=\"lazy\" width=\"178\" height=\"100\" border=\"0\" src=\"https://s01.riotpixels.net/data/28/94/2894d116-51c6-4c08-9153-b2fcd76b382c.jpg.240p.jpg\"></a><a target=\"_blank\" href=\"https://en.riotpixels.com/games/jett-the-far-shore/screenshots/19/?utm_source=emb-gfx-html&amp;utm_medium=image&amp;utm_campaign=rp-mass\" rel=\"noopener\"><img loading=\"lazy\" width=\"178\" height=\"100\" border=\"0\" src=\"https://s01.riotpixels.net/data/74/30/74302b72-0180-4287-8b14-7f9f0b8d43fc.jpg.240p.jpg\"></a><br><a target=\"_blank\" href=\"https://en.riotpixels.com/games/jett-the-far-shore/screenshots/18/?utm_source=emb-gfx-html&amp;utm_medium=image&amp;utm_campaign=rp-mass\" rel=\"noopener\"><img loading=\"lazy\" width=\"178\" height=\"100\" border=\"0\" src=\"https://s01.riotpixels.net/data/1a/51/1a51a61f-f7e0-43f3-8d2f-71a0fbf0f951.jpg.240p.jpg\"></a><a target=\"_blank\" href=\"https://en.riotpixels.com/games/jett-the-far-shore/screenshots/5/?utm_source=emb-gfx-html&amp;utm_medium=image&amp;utm_campaign=rp-mass\" rel=\"noopener\"><img loading=\"lazy\" width=\"178\" height=\"100\" border=\"0\" src=\"https://s01.riotpixels.net/data/16/2d/162d24a7-f81a-4c0b-ad1c-9944a3c113f5.jpg.240p.jpg\"></a><a target=\"_blank\" href=\"https://en.riotpixels.com/games/jett-the-far-shore/screenshots/1/?utm_source=emb-gfx-html&amp;utm_medium=image&amp;utm_campaign=rp-mass\" rel=\"noopener\"><img loading=\"lazy\" width=\"178\" height=\"100\" border=\"0\" src=\"https://s01.riotpixels.net/data/9a/23/9a235356-1663-4913-a81a-3a9f18ef19da.jpg.240p.jpg\"></a></p><h3>Repack Features</h3><ul><li>Based on Epic Games Store release: 6 GB, thanks to Haoose for the files!</li><li>Nemirtingas emu applied over</li><li>100% Lossless &amp; MD5 Perfect: all files are identical to originals after installation</li><li>NOTHING ripped, NOTHING re-encoded</li><li>Significantly smaller archive size (compressed from 6 to 3.5 GB)</li><li>Installation takes 5-12 minutes (depending on your system)</li><li>After-install integrity check so you could make sure that everything installed properly</li><li>HDD space after installation: 6 GB</li><li>Repack uses XTool library by Razor12911</li><li>At least 2 GB of free RAM (inc. virtual) required for installing this repack</li></ul><div ><div><h2>Game Description</h2></div><div >JETT : THE FAR SHORE invites you on an interstellar expedition to carve out a future for a people haunted by oblivion in this cinematic action adventure. As scout Mei, be the first to deploy to a mythic ocean planet, take the helm of a \u2018jett\u2019 and explore a vast unknown \u2013 skim low over waves, roar up pristine coastlines and carve through otherworldly woods. Adapt to an intricate, systemic open world and persevere through adversity alongside an intimate ensemble in this heartfelt story of courage, wonder and regret.<p><b><h3>Game Features</h3></b></p><ul><li>EMBARK on an exploratory single player adventure presented in five captivating acts encompassing monumental moments, laid-back exploration, occasional white-knuckle action, moments of heartfelt companionship, and a helping of existential dread.</li><li>SOAK in a sea of music and 3D sound, with a breathtaking score by Scntfc.</li><li>DEPLOY to the surface of a mythic ocean planet: skim up undiscovered coastlines, inspect indigenous flora and fauna, adapt to new perils, and problem-solve tough obstacles using your jett\u2019s array of scientific tools.</li><li>INVESTIGATE the source of \u2018the hymnwave\u2019, an interstellar invitation that propelled a people to look beyond their troubled skies and across the sea of stars, for salvation</li><li>RENDEZVOUS at \u2018Ground Control\u2019 and get to know fellow scouts in relaxed first-person sequences, as the scouts struggle together to \u201csatisfy \u2018Jao\u2019s directives\u2019\u201d and acquit themselves with honor.</li><li>ENDURE hardships, evade pursuers and grapple with massive \u2018kolos\u2019 creatures by out-pacing or out-smarting adversaries and navigating hazards.</li></ul></div></div>             </div>"
}