{
    "link": "https://fitgirl-repacks.site/jupiter-hell/",
    "title": "Jupiter Hell \u2013 v1.0 (Dante)",
    "first_img": "https://i2.imageban.ru/out/2021/08/06/5a5c9cd0949bf594da6774915cf1dfd3.jpg",
    "second_img": "https://s01.riotpixels.net/data/1b/1a/1b1a0df6-1805-44b3-81ac-a9558879469f.jpg.240p.jpg",
    "body": "<div ><h2>Jupiter Hell \u2013 v1.0 (Dante)</h2><p ><div><a target=\"_blank\" href=\"https://en.riotpixels.com/games/jupiter-hell/\" rel=\"noopener\"><img class=\"alignleft\" width=\"150\" src=\"https://i2.imageban.ru/out/2021/08/06/5a5c9cd0949bf594da6774915cf1dfd3.jpg\"></a></div><br>Genres/Tags: <strong>RPG, Top-down, Roguelike, Turn-based, 3D</strong><br>Companies: <strong>ChaosForge, Hyperstrange</strong><br>Language: <strong>ENG</strong><br>Original Size: <strong>1.6 GB</strong><br>Repack Size: <strong>991 MB</strong></p>&nbsp;<div>&nbsp;</div><h3>Download Mirrors</h3><ul><li><a href=\"https://1337x.to/torrent/4944190/Jupiter-Hell-v1-0-Dante-FitGirl-Repack/\" target=\"_blank\" rel=\"noopener\">1337x</a> | [<a href=\"magnet:?xt=urn:btih:71AA89260715BE9D3C86E21CB37DBD521FF3B7B4&amp;dn=Jupiter+Hell+%28v1.0%2FDante%29+%5BFitGirl+Repack%5D&amp;tr=udp%3A%2F%2F46.148.18.250%3A2710&amp;tr=udp%3A%2F%2Fopentor.org%3A2710&amp;tr=udp%3A%2F%2Ftracker.coppersurfer.tk%3A6969%2Fannounce&amp;tr=udp%3A%2F%2Ftracker.opentrackr.org%3A1337%2Fannounce&amp;tr=http%3A%2F%2Ftracker.dler.org%3A6969%2Fannounce&amp;tr=udp%3A%2F%2Ftracker.leechers-paradise.org%3A6969%2Fannounce&amp;tr=udp%3A%2F%2F9.rarbg.me%3A2730%2Fannounce&amp;tr=udp%3A%2F%2F9.rarbg.to%3A2770%2Fannounce&amp;tr=udp%3A%2F%2Ftracker.pirateparty.gr%3A6969%2Fannounce&amp;tr=http%3A%2F%2Fretracker.local%2Fannounce&amp;tr=http%3A%2F%2Fretracker.ip.ncnet.ru%2Fannounce&amp;tr=udp%3A%2F%2Fexodus.desync.com%3A6969%2Fannounce&amp;tr=udp%3A%2F%2Fipv4.tracker.harry.lu%3A80%2Fannounce&amp;tr=udp%3A%2F%2Fopen.stealth.si%3A80%2Fannounce&amp;tr=udp%3A%2F%2Ftracker.zer0day.to%3A1337%2Fannounce&amp;tr=udp%3A%2F%2Ftracker.leechers-paradise.org%3A6969%2Fannounce&amp;tr=udp%3A%2F%2Fcoppersurfer.tk%3A6969%2Fannounce\">magnet</a>] [<a href=\"https://pastefg.hermietkreeft.site/?bcd614b41904bed3#DamtXb9X2CG121yK2WSoVfjMzhouGRsH3oCa5yDzdz2q\" target=\"_blank\" rel=\"noopener\">.torrent file only</a>] <br><img src=\"https://torrent-stats.info/e21c/40230a5bc.png\" style=\"display:block;clear:both\"></li><li><a href=\"https://tapochek.net/viewtopic.php?p=2792933\" target=\"_blank\" rel=\"noopener\">Tapochek.net</a></li><li><a href=\"https://pastefg.hermietkreeft.site/?c76588e4e751a9ef#7JQyFjgtjpiDHZkrwB5VRkeEPqcwCKz2tKopvzn9MT1x\" target=\"_blank\" rel=\"noopener\">Filehoster: MultiUpload</a> (10+ hosters, interchangeable) [Use <a href=\"http://jdownloader.org/jdownloader2\" target=\"_blank\" rel=\"noopener\">JDownloader2</a>]</li><li><a href=\"https://pastefg.hermietkreeft.site/?c2c4394e4df0f26e#5aXFZkcrQBQEkJ21neAFyJ2twxQnmDcaKUAQFs7maWNL\" target=\"_blank\" rel=\"noopener\">Filehoster: PixelDrain</a></li><li><a href=\"https://pastefg.hermietkreeft.site/?fbc2e1f6744324f2#BfgnTkctVycpRPzssw4WnP7TTP4kR48LptX9GCaE3Zff\" target=\"_blank\" rel=\"noopener\">Filehoster: ZippyShare</a></li><li><a href=\"https://pastefg.hermietkreeft.site/?a64f6f002c8585a0#CnVoymeX9vJMQUbxMZo8nxds5LQjpcKKySczGhoNTrPV\" target=\"_blank\" rel=\"noopener\">Filehoster: LetsUpload</a> [Use <a href=\"http://jdownloader.org/jdownloader2\" target=\"_blank\" rel=\"noopener\">JDownloader2</a>]</li><li><a href=\"https://crackhub.site/jupiter-hell-v1-0-dante-fitgirl-repack/\" target=\"_blank\" rel=\"noopener\">Filehosters: Google Drive, OneDrive + others</a> (Uploaded by crackhub213)</li><li><a href=\"https://pastefg.hermietkreeft.site/?62920f3f61ed156c#GAmraDzJ9WKYnC81hidymBA4YPPxG9XDrkEDmMYyhUru\" target=\"_blank\" rel=\"noopener\">Filehoster: OneDrive</a> (Uploaded by DyR0 t(-_-t), NOT compatible with other mirrors)</li></ul><p><a href=\"https://cs.rin.ru/forum/viewtopic.php?f=10&amp;t=93446\" target=\"_blank\" rel=\"noopener\">Discussion and (possible) future updates on CS.RIN.RU thread</a></p><h3>Screenshots (Click to enlarge)</h3><p><a target=\"_blank\" href=\"https://en.riotpixels.com/games/jupiter-hell/screenshots/11/?utm_source=emb-gfx-html&amp;utm_medium=image&amp;utm_campaign=rp-mass\" rel=\"noopener\"><img loading=\"lazy\" width=\"178\" height=\"100\" border=\"0\" src=\"https://s01.riotpixels.net/data/1b/1a/1b1a0df6-1805-44b3-81ac-a9558879469f.jpg.240p.jpg\"></a><a target=\"_blank\" href=\"https://en.riotpixels.com/games/jupiter-hell/screenshots/10/?utm_source=emb-gfx-html&amp;utm_medium=image&amp;utm_campaign=rp-mass\" rel=\"noopener\"><img loading=\"lazy\" width=\"178\" height=\"100\" border=\"0\" src=\"https://s01.riotpixels.net/data/39/ef/39ef2c46-2713-4cb0-8145-8e437a217707.jpg.240p.jpg\"></a><a target=\"_blank\" href=\"https://en.riotpixels.com/games/jupiter-hell/screenshots/9/?utm_source=emb-gfx-html&amp;utm_medium=image&amp;utm_campaign=rp-mass\" rel=\"noopener\"><img loading=\"lazy\" width=\"178\" height=\"100\" border=\"0\" src=\"https://s01.riotpixels.net/data/fe/e0/fee029c4-b97c-463c-bf2d-8cbc2a7c633b.jpg.240p.jpg\"></a><br><a target=\"_blank\" href=\"https://en.riotpixels.com/games/jupiter-hell/screenshots/8/?utm_source=emb-gfx-html&amp;utm_medium=image&amp;utm_campaign=rp-mass\" rel=\"noopener\"><img loading=\"lazy\" width=\"178\" height=\"100\" border=\"0\" src=\"https://s01.riotpixels.net/data/79/db/79db84c0-d0c2-4b85-aeb9-0948042ed1b3.jpg.240p.jpg\"></a><a target=\"_blank\" href=\"https://en.riotpixels.com/games/jupiter-hell/screenshots/7/?utm_source=emb-gfx-html&amp;utm_medium=image&amp;utm_campaign=rp-mass\" rel=\"noopener\"><img loading=\"lazy\" width=\"178\" height=\"100\" border=\"0\" src=\"https://s01.riotpixels.net/data/ec/76/ec761cb7-6835-4cbd-b88c-da53348d5fa7.jpg.240p.jpg\"></a><a target=\"_blank\" href=\"https://en.riotpixels.com/games/jupiter-hell/screenshots/5/?utm_source=emb-gfx-html&amp;utm_medium=image&amp;utm_campaign=rp-mass\" rel=\"noopener\"><img loading=\"lazy\" width=\"178\" height=\"100\" border=\"0\" src=\"https://s01.riotpixels.net/data/f5/ea/f5eadb92-4190-4068-883e-6c452b5f7904.jpg.240p.jpg\"></a></p><h3>Repack Features</h3><ul><li>Based on Jupiter.Hell-CODEX ISO release: codex-jupiter.hell.iso (1,731,067,904 bytes)</li><li>100% Lossless &amp; MD5 Perfect: all files are identical to originals after installation</li><li>NOTHING ripped, NOTHING re-encoded</li><li>Significantly smaller archive size (compressed from 1.6 GB to 991 MB)</li><li>Installation takes 2-3 minutes</li><li>After-install integrity check so you could make sure that everything installed properly</li><li>HDD space after installation: 1.7 GB (4.7 GB during installation)</li><li>At least 2 GB of free RAM (inc. virtual) required for installing this repack</li></ul><div ><div><h2>Game Description</h2></div><div >Jupiter Hell is a classic, turn-based roguelike set in a 90s flavored sci-fi universe. Set on the moons of Jupiter, the game pits a lone space marine against overwhelming demonic forces. Rip and tear zombies, demons and unmentionable monstrosities, using classic weaponry such as shotguns, chainguns, railguns and the trusty chainsaw. All to the shine of CRT monitors and the tune of heavy metal!<p><b>Tactical, turn-based combat with real-time responsiveness</b><br>Benefit from classic roguelike turns with modern shooter sensibilities. Controls are immediate and accessible while retaining the back-end depth of a turn-based RPG.</p><p><b>Meaningful RPG progression</b><br>Customize your character with new weapons, items and abilities gained as you progress through a permadeath-prone hell. Beat the game to unlock more difficult challenges rather than grinding to make the game easier.</p><p><b>Randomized levels set all over Jupiter\u2019s orbit</b><br>Blast through procedurally-generated civilian sectors, military space bases and mining colonies on the violent moons of Jupiter. Every playthrough you\u2019ll find new ways to experience familiar settings.</p><p><b>Original shooter roguelike lineage</b><br>Jupiter Hell is built by ChaosForge, the team that\u2019s been making top-down, cosmic hell roguelikes since 2002.</p></div></div>             </div>"
}