{
    "link": "https://fitgirl-repacks.site/kathy-rain-directors-cut/",
    "title": "Kathy Rain: Director\u2019s Cut \u2013 v1.0.0.4947",
    "first_img": "https://i6.imageban.ru/out/2021/10/27/358446e3ae2699f1a556a38ace27b94a.jpg",
    "second_img": "https://s01.riotpixels.net/data/b6/32/b63289ce-67e0-4bcf-a2cc-84686a6a52aa.jpg.240p.jpg",
    "body": "<div ><h2>Kathy Rain: Director\u2019s Cut \u2013 v1.0.0.4947</h2><p ><div><a target=\"_blank\" href=\"https://en.riotpixels.com/games/kathy-rain-directors-cut/\" rel=\"noopener\"><img class=\"alignleft\" width=\"150\" src=\"https://i6.imageban.ru/out/2021/10/27/358446e3ae2699f1a556a38ace27b94a.jpg\"></a></div><br>Genres/Tags: <strong>Adventure, Point-and-click, Side, Retro, 2D</strong><br>Companies: <strong>Clifftop Games, Raw Fury</strong><br>Languages: <strong>ENG/MULTI7</strong><br>Original Size: <strong>441 MB</strong><br>Repack Size: <strong>359 MB</strong></p>&nbsp;<div>&nbsp;</div><h3>Download Mirrors</h3><ul><li><a href=\"https://1337x.to/torrent/5031136/Kathy-Rain-Director-s-Cut-v1-0-0-4947-MULTi7-FitGirl-Repack/\" target=\"_blank\" rel=\"noopener\">1337x</a> | [<a href=\"magnet:?xt=urn:btih:D0478C990B4BC4E876ADB1AF5AD3C689D768E5BF&amp;dn=Kathy+Rain%3A+Director%26%23039%3Bs+Cut+%28v1.0.0.4947%2C+MULTi7%29+%5BFitGirl+Repack%5D&amp;tr=udp%3A%2F%2F46.148.18.250%3A2710&amp;tr=udp%3A%2F%2Fopentor.org%3A2710&amp;tr=udp%3A%2F%2Ftracker.coppersurfer.tk%3A6969%2Fannounce&amp;tr=udp%3A%2F%2Ftracker.opentrackr.org%3A1337%2Fannounce&amp;tr=http%3A%2F%2Ftracker.dler.org%3A6969%2Fannounce&amp;tr=udp%3A%2F%2Ftracker.leechers-paradise.org%3A6969%2Fannounce&amp;tr=udp%3A%2F%2F9.rarbg.me%3A2730%2Fannounce&amp;tr=udp%3A%2F%2F9.rarbg.to%3A2770%2Fannounce&amp;tr=udp%3A%2F%2Ftracker.pirateparty.gr%3A6969%2Fannounce&amp;tr=http%3A%2F%2Fretracker.local%2Fannounce&amp;tr=http%3A%2F%2Fretracker.ip.ncnet.ru%2Fannounce&amp;tr=udp%3A%2F%2Fexodus.desync.com%3A6969%2Fannounce&amp;tr=udp%3A%2F%2Fipv4.tracker.harry.lu%3A80%2Fannounce&amp;tr=udp%3A%2F%2Fopen.stealth.si%3A80%2Fannounce&amp;tr=udp%3A%2F%2Ftracker.zer0day.to%3A1337%2Fannounce&amp;tr=udp%3A%2F%2Ftracker.leechers-paradise.org%3A6969%2Fannounce&amp;tr=udp%3A%2F%2Fcoppersurfer.tk%3A6969%2Fannounce\">magnet</a>] [<a href=\"https://pastefg.hermietkreeft.site/?7a163cea0a710567#8WomC5o4p8huSJHobveWq2qXRsRYGnHLeHBdG9HLLA9k\" target=\"_blank\" rel=\"noopener\">.torrent file only</a>] <br><img src=\"https://torrent-stats.info/b1af/336a29ef7.png\" style=\"display:block;clear:both\"></li><li><a href=\"https://tapochek.net/viewtopic.php?p=2808095\" target=\"_blank\" rel=\"noopener\">Tapochek.net</a></li><li><a href=\"https://pastefg.hermietkreeft.site/?c1a88ba287af29cb#23UdNfhMoBLs6FAt4okr48XEUC3pddwEJN3L9Xq8QDoj\" target=\"_blank\" rel=\"noopener\">Filehoster: MultiUpload</a> (10+ hosters, interchangeable) [Use <a href=\"http://jdownloader.org/jdownloader2\" target=\"_blank\" rel=\"noopener\">JDownloader2</a>]</li><li><a href=\"https://pastefg.hermietkreeft.site/?5e358993c1802064#EGtnM4Zbn8fBKiu3nU17Z2vhPT4ppDcpiFro3nyh378Z\" target=\"_blank\" rel=\"noopener\">Filehoster: PixelDrain</a></li><li><a href=\"https://pastefg.hermietkreeft.site/?4b1772ccc73e11e2#cY4om2o1LgMdZHjdZikM85sMCYnSngNno1Yve938cZa\" target=\"_blank\" rel=\"noopener\">Filehoster: ZippyShare</a></li><li><a href=\"https://pastefg.hermietkreeft.site/?22a189702a811a79#5cRU6L7PrCtSM9PhJGQNMGEv9v7dBA3EabBpK2VgY4Mc\" target=\"_blank\" rel=\"noopener\">Filehoster: BayFiles</a></li><li><a href=\"https://pastefg.hermietkreeft.site/?3b12e7ad3f7eccb6#FKwvwdeAKu1imGdAiDuM8rQ3L8wJCT6EctoLht7HVFf7\" target=\"_blank\" rel=\"noopener\">Filehoster: LetsUpload</a> [Use <a href=\"http://jdownloader.org/jdownloader2\" target=\"_blank\" rel=\"noopener\">JDownloader2</a>]</li><li><a href=\"https://pastefg.hermietkreeft.site/?4d5bc63bfb208984#8DvyiKPfyYCyJg4ddNB8DYagn4RHVh3UE5iwXghP24w7\" target=\"_blank\" rel=\"noopener\">Filehoster: OneDrive</a> (Uploaded by DyR0 t(-_-t), NOT compatible with other mirrors)</li><p><!--  <li><a href=\"\" target=\"_blank\" rel=\"noopener\">Filehosters: Google Drive, OneDrive + others</a> (Uploaded by crackhub213)</li>  --></p></ul><p><a href=\"https://cs.rin.ru/forum/viewtopic.php?f=10&amp;t=116777\" target=\"_blank\" rel=\"noopener\">Discussion and (possible) future updates on CS.RIN.RU thread</a></p><h3>Screenshots (Click to enlarge)</h3><p><a target=\"_blank\" href=\"https://en.riotpixels.com/games/kathy-rain-directors-cut/screenshots/9/?utm_source=emb-gfx-html&amp;utm_medium=image&amp;utm_campaign=rp-mass\" rel=\"noopener\"><img loading=\"lazy\" width=\"178\" height=\"100\" border=\"0\" src=\"https://s01.riotpixels.net/data/b6/32/b63289ce-67e0-4bcf-a2cc-84686a6a52aa.jpg.240p.jpg\"></a><a target=\"_blank\" href=\"https://en.riotpixels.com/games/kathy-rain-directors-cut/screenshots/7/?utm_source=emb-gfx-html&amp;utm_medium=image&amp;utm_campaign=rp-mass\" rel=\"noopener\"><img loading=\"lazy\" width=\"178\" height=\"100\" border=\"0\" src=\"https://s01.riotpixels.net/data/9d/85/9d85c02c-bd01-4004-931d-25f29dc475fd.jpg.240p.jpg\"></a><a target=\"_blank\" href=\"https://en.riotpixels.com/games/kathy-rain-directors-cut/screenshots/6/?utm_source=emb-gfx-html&amp;utm_medium=image&amp;utm_campaign=rp-mass\" rel=\"noopener\"><img loading=\"lazy\" width=\"178\" height=\"100\" border=\"0\" src=\"https://s01.riotpixels.net/data/eb/c3/ebc3aa58-07fa-4662-9824-9465911dd13e.jpg.240p.jpg\"></a><br><a target=\"_blank\" href=\"https://en.riotpixels.com/games/kathy-rain-directors-cut/screenshots/5/?utm_source=emb-gfx-html&amp;utm_medium=image&amp;utm_campaign=rp-mass\" rel=\"noopener\"><img loading=\"lazy\" width=\"178\" height=\"100\" border=\"0\" src=\"https://s01.riotpixels.net/data/2d/8d/2d8dcaf9-b398-480d-8940-c2ce65f56365.jpg.240p.jpg\"></a><a target=\"_blank\" href=\"https://en.riotpixels.com/games/kathy-rain-directors-cut/screenshots/4/?utm_source=emb-gfx-html&amp;utm_medium=image&amp;utm_campaign=rp-mass\" rel=\"noopener\"><img loading=\"lazy\" width=\"178\" height=\"100\" border=\"0\" src=\"https://s01.riotpixels.net/data/54/9f/549f65eb-bdce-48a8-b4ca-4dc5dc1fcafb.jpg.240p.jpg\"></a></p><h3>Repack Features</h3><ul><li>Based on Kathy.Rain.Directors.Cut-PLAZA ISO release: plaza-kathy.rain.directors.cut.iso (462,520,320 bytes)</li><li>100% Lossless &amp; MD5 Perfect: all files are identical to originals after installation</li><li>NOTHING ripped, NOTHING re-encoded</li><li>Slightly smaller archive size (compressed from 441 to 359 MB)</li><li>Installation takes one minute</li><li>After-install integrity check so you could make sure that everything installed properly</li><li>HDD space after installation: 859 MB</li><li>Language can be changed in game settings</li><li>At least 2 GB of free RAM (inc. virtual) required for installing this repack</li></ul><div ><div><h2>Game Description</h2></div><div >Kathy Rain: Director\u2019s Cut is a re-imagining of the classic 2016 point-and-click detective mystery set in the \u201990s.<p>All while moving from location to location on your sweet hog and getting into all sorts of trouble!</p><p>Kathy is a strong-willed journalism major who must come to terms with her troubled past as she investigates the mysterious death of her recently departed grandfather.</p><p>Armed with her motorcycle, a pack of cigs, and a notepad, Kathy delves into a local mystery surrounding her hometown that will take her on a harrowing journey of emotional and personal turmoil.</p><p>As she follows a trail of clues left by her grandfather, questions emerge: What was Joseph Rain really looking for that night all those years ago? What turned him into a mere shell of a man, confined to a wheelchair? What secret did a suicidal young artist take with her to the grave, and why are so many people in Conwell Springs going mad? The truth is dark, sinister, and yours to uncover\u2026</p><p><b>Director\u2019s Cut Introduces:</b></p><ul><li>Extended storyline, including a longer and more satisfying ending and 700+ new lines of dialogue with the original cast</li><li>Several new areas to explore with unique puzzles to solve</li><li>Streamlined controls with a single-click mouse interface and controller support</li><li>Enlarged all game environments for widescreen without black bars on the sides</li><li>Extra character animations, improved lighting/shadows and better weather effects</li><li>Remixed and expanded soundtrack</li><li>Five brand new motorcycle designs to unlock</li></ul></div></div>             </div>"
}