{
    "link": "https://fitgirl-repacks.site/kena-bridge-of-spirits/",
    "title": "Kena: Bridge of Spirits \u2013 Digital Deluxe Edition \u2013 v1.04 + 2 DLCs + Bonus Soundtrack",
    "first_img": "https://i5.imageban.ru/out/2021/09/21/74c45aec280d2e3f7e975d524b061805.jpg",
    "second_img": "https://s01.riotpixels.net/data/89/cb/89cb3cfd-b071-4b94-9225-ed17a285fa4c.jpg.240p.jpg",
    "body": "<div ><h2>Kena: Bridge of Spirits \u2013 Digital Deluxe Edition \u2013 v1.04 + 2 DLCs + Bonus Soundtrack</h2><p ><div><a target=\"_blank\" href=\"https://en.riotpixels.com/games/kena-bridge-of-spirits/\" rel=\"noopener\"><img class=\"alignleft\" width=\"150\" src=\"https://i5.imageban.ru/out/2021/09/21/74c45aec280d2e3f7e975d524b061805.jpg\"></a></div><br>Genres/Tags: <strong>Action, Adventure, Third-person, 3D</strong><br>Company: <strong>Ember Lab</strong><br>Languages: <strong>RUS/ENG/MULTI11</strong><br>Original Size: <strong>19.2 GB</strong><br>Repack Size: <strong>13.4/13.5 GB</strong> [Selective Download]</p>&nbsp;<div>&nbsp;</div><h3>Download Mirrors</h3><ul><li><a href=\"https://1337x.to/torrent/4990719/Kena-Bridge-of-Spirits-Digital-Deluxe-Edition-v1-04-2-DLCs-Bonus-OST-MULTi11-FitGirl-Repack-Selective-Download-from-13-4-GB/\" target=\"_blank\" rel=\"noopener\">1337x</a> | [<a href=\"magnet:?xt=urn:btih:C6990C5647352EBDD71BC8E3522182111135CEE2&amp;dn=Kena%3A+Bridge+of+Spirits+-+Digital+Deluxe+Edition+%28v1.04+%2B+2+DLCs+%2B+Bonus+OST%2C+MULTi11%29+%5BFitGirl+Repack%2C+Selective+Download+-+from+13.4+GB%5D&amp;tr=udp%3A%2F%2F46.148.18.250%3A2710&amp;tr=udp%3A%2F%2Fopentor.org%3A2710&amp;tr=udp%3A%2F%2Ftracker.coppersurfer.tk%3A6969%2Fannounce&amp;tr=udp%3A%2F%2Ftracker.opentrackr.org%3A1337%2Fannounce&amp;tr=http%3A%2F%2Ftracker.dler.org%3A6969%2Fannounce&amp;tr=udp%3A%2F%2Ftracker.leechers-paradise.org%3A6969%2Fannounce&amp;tr=udp%3A%2F%2F9.rarbg.me%3A2730%2Fannounce&amp;tr=udp%3A%2F%2F9.rarbg.to%3A2770%2Fannounce&amp;tr=udp%3A%2F%2Ftracker.pirateparty.gr%3A6969%2Fannounce&amp;tr=http%3A%2F%2Fretracker.local%2Fannounce&amp;tr=http%3A%2F%2Fretracker.ip.ncnet.ru%2Fannounce&amp;tr=udp%3A%2F%2Fexodus.desync.com%3A6969%2Fannounce&amp;tr=udp%3A%2F%2Fipv4.tracker.harry.lu%3A80%2Fannounce&amp;tr=udp%3A%2F%2Fopen.stealth.si%3A80%2Fannounce&amp;tr=udp%3A%2F%2Ftracker.zer0day.to%3A1337%2Fannounce&amp;tr=udp%3A%2F%2Ftracker.leechers-paradise.org%3A6969%2Fannounce&amp;tr=udp%3A%2F%2Fcoppersurfer.tk%3A6969%2Fannounce\">magnet</a>] [<a href=\"https://pastefg.hermietkreeft.site/?90d4935a05ff0c0c#AcgE49vDThBSKeq7WvzG4XD78FNGYGFiYrezxfA5Qnah\" target=\"_blank\" rel=\"noopener\">.torrent file only</a>] <br><img src=\"https://torrent-stats.info/c8e3/398f28954.png\" style=\"display:block;clear:both\"></li><li><a href=\"http://rutor.info/torrent/835601/kena-bridge-of-spirits-digital-deluxe-edition-v-1.04-dlcs-bonus-2021-pc-repack-ot-fitgirl\" target=\"_blank\" rel=\"noopener\">RuTor</a> [<a href=\"magnet:?xt=urn:btih:c6990c5647352ebdd71bc8e3522182111135cee2&amp;dn=rutor.info_Kena%3A+Bridge+of+Spirits+-+Digital+Deluxe+Edition+%5Bv+1.04+%2B+DLCs+%2B+Bonus%5D+%282021%29+PC+%7C+RePack+%D0%BE%D1%82+FitGirl&amp;tr=udp://opentor.net:6969&amp;tr=udp://opentor.org:2710&amp;tr=http://retracker.local/announce\">magnet</a>]</li><li><a href=\"https://tapochek.net/viewtopic.php?p=2801459\" target=\"_blank\" rel=\"noopener\">Tapochek.net</a></li><li><a href=\"https://pastefg.hermietkreeft.site/?74de67b6ab740bca#c8wV6mxNgB7bqwUVx6qSup94BbfbLmuxEhcZVrzas2r\" target=\"_blank\" rel=\"noopener\">Filehoster: MultiUpload</a> (10+ hosters, interchangeable) [Use <a href=\"http://jdownloader.org/jdownloader2\" target=\"_blank\" rel=\"noopener\">JDownloader2</a>]</li><li><a href=\"https://pastefg.hermietkreeft.site/?07c1b7cb209eeee1#2ruEUp5VkGR9wSJBQ36wWfKv9EeuvoUEPq9GZNea1hKM\" target=\"_blank\" rel=\"noopener\">Filehoster: PixelDrain</a></li><li><a href=\"https://pastefg.hermietkreeft.site/?e5bca416caad389d#ChM97evGuquzpMnLMZokYiD1dvFXYLwJnJpRMHhkPrFM\" target=\"_blank\" rel=\"noopener\">Filehoster: ZippyShare</a></li><li><a href=\"https://pastefg.hermietkreeft.site/?4e47a5249abffac6#8pdUQSiTJhisvKwWWnpfbmXfaejzT5MUEzpN6C1YmjeM\" target=\"_blank\" rel=\"noopener\">Filehoster: LetsUpload</a> [Use <a href=\"http://jdownloader.org/jdownloader2\" target=\"_blank\" rel=\"noopener\">JDownloader2</a>]</li><li><a href=\"https://pastefg.hermietkreeft.site/?84f9b05a6153f5b2#FzQj69m2cWUFsdfe3fk5fU7zJ9vniVtGHk7VZSddkCHQ\" target=\"_blank\" rel=\"noopener\">Filehoster: OneDrive</a> (Uploaded by DyR0 t(-_-t), NOT compatible with other mirrors)</li></ul><p><a href=\"https://cs.rin.ru/forum/viewtopic.php?f=38&amp;t=106012\" target=\"_blank\" rel=\"noopener\">Discussion and (possible) future updates on CS.RIN.RU thread</a></p><h3>Screenshots (Click to enlarge)</h3><p><a target=\"_blank\" href=\"https://en.riotpixels.com/games/kena-bridge-of-spirits/screenshots/30/?utm_source=emb-gfx-html&amp;utm_medium=image&amp;utm_campaign=rp-mass\" rel=\"noopener\"><img loading=\"lazy\" width=\"178\" height=\"100\" border=\"0\" src=\"https://s01.riotpixels.net/data/89/cb/89cb3cfd-b071-4b94-9225-ed17a285fa4c.jpg.240p.jpg\"></a><a target=\"_blank\" href=\"https://en.riotpixels.com/games/kena-bridge-of-spirits/screenshots/18/?utm_source=emb-gfx-html&amp;utm_medium=image&amp;utm_campaign=rp-mass\" rel=\"noopener\"><img loading=\"lazy\" width=\"178\" height=\"100\" border=\"0\" src=\"https://s01.riotpixels.net/data/3d/a4/3da498a3-b850-4327-8561-58b426eedbf0.jpg.240p.jpg\"></a><a target=\"_blank\" href=\"https://en.riotpixels.com/games/kena-bridge-of-spirits/screenshots/14/?utm_source=emb-gfx-html&amp;utm_medium=image&amp;utm_campaign=rp-mass\" rel=\"noopener\"><img loading=\"lazy\" width=\"178\" height=\"100\" border=\"0\" src=\"https://s01.riotpixels.net/data/56/6e/566e8d59-9174-4d4b-b2b9-b328829557b0.jpg.240p.jpg\"></a><br><a target=\"_blank\" href=\"https://en.riotpixels.com/games/kena-bridge-of-spirits/screenshots/13/?utm_source=emb-gfx-html&amp;utm_medium=image&amp;utm_campaign=rp-mass\" rel=\"noopener\"><img loading=\"lazy\" width=\"178\" height=\"100\" border=\"0\" src=\"https://s01.riotpixels.net/data/fa/c4/fac4bf99-48fa-4478-b7c0-bc6f27b11410.jpg.240p.jpg\"></a><a target=\"_blank\" href=\"https://en.riotpixels.com/games/kena-bridge-of-spirits/screenshots/6/?utm_source=emb-gfx-html&amp;utm_medium=image&amp;utm_campaign=rp-mass\" rel=\"noopener\"><img loading=\"lazy\" width=\"178\" height=\"100\" border=\"0\" src=\"https://s01.riotpixels.net/data/46/82/4682f1c8-489d-4a6a-9e56-b311213f00b4.jpg.240p.jpg\"></a><a target=\"_blank\" href=\"https://en.riotpixels.com/games/kena-bridge-of-spirits/screenshots/4/?utm_source=emb-gfx-html&amp;utm_medium=image&amp;utm_campaign=rp-mass\" rel=\"noopener\"><img loading=\"lazy\" width=\"178\" height=\"100\" border=\"0\" src=\"https://s01.riotpixels.net/data/0e/27/0e279a5b-3f31-454e-b324-c93d937ce177.jpg.240p.jpg\"></a></p><h3>Repack Features</h3><ul><li>Based on Kena.Bridge.of.Spirits-CODEX ISO release: codex-kena.bridge.of.spirits.iso (20,541,440,000 bytes)</li><li>CODEX crack moved to NoDVD folder and replaced with Nemertingas\u2019 one, which unlocks 2 DLCs (Preorder and Deluxe Edition ones)</li><li>Bonus Soundtrack in MP3 format added to basic installation, thanks to InsaneRamZes!</li><li>100% Lossless &amp; MD5 Perfect: all files are identical to originals after installation</li><li>NOTHING ripped, NOTHING re-encoded</li><li>Selective Download feature: you may skip downloading and installing of PDB debug file, which is useless for users w/o debug skills</li><li>Significantly smaller archive size (compressed from 19.2 to 13.4/13.5 GB)</li><li>Installation takes 5-13 minutes (depending on your system)</li><li>After-install integrity check so you could make sure that everything installed properly</li><li>HDD space after installation: up to 20.2 GB</li><li>Language can be changed in game settings</li><li>Repack uses XTool library by Razor12911</li><li>At least 2 GB of free RAM (inc. virtual) required for installing this repack</li></ul><div ><div><h2>Game Description</h2></div><div ><b>The Story</b><br>Kena, a young Spirit Guide, travels to an abandoned village in search of the sacred mountain shrine.  She struggles to uncover the secrets of this forgotten community hidden in an overgrown forest where wandering spirits are trapped.<p><b>Find the Rot</b><br>Timid and illusive spirits scattered throughout the forest. They maintain balance by decomposing dead and rotting elements.</p><p><b><h3>Game Features</h3></b></p><ul><li><b>Build Your Team:</b> Find and collect Rot to gain powerful abilities, make discoveries, and transform the environment.</li><li><b>Explore:</b> A forgotten village and a strange curse. Draw on the power of the Spirit Realm to restore this once-majestic world.</li><li><b>Fast-Paced Combat:</b> Spirits have become corrupt, trapped and unable to move on, challenging Kena at every turn.</li></ul><p><b>Kena: Bridge of Spirits \u2013 Digital Deluxe</b></p><p>The Kena: Bridge of Spirits Digital Deluxe Edition includes the base game and the Official Digital Soundtrack, a unique Kena Staff and Golden Rot Skin.</p></div></div>             </div>"
}