{
    "link": "https://fitgirl-repacks.site/kerbal-space-program/",
    "title": "Kerbal Space Program: Complete Edition \u2013 v1.12.0.3140 + 2 DLCs",
    "first_img": "https://i2.imageban.ru/out/2021/07/13/a5945bce7a506b5048dde5986cd772aa.jpg",
    "second_img": "https://s01.riotpixels.net/data/f1/ed/f1ede889-ab3c-499f-ab50-d58a766cec8c.png.240p.jpg",
    "body": "<div ><h2>Kerbal Space Program: Complete Edition \u2013 v1.12.0.3140 + 2 DLCs</h2><p ><div><a target=\"_blank\" href=\"https://en.riotpixels.com/games/kerbal-space-program/\" rel=\"noopener\"><img class=\"alignleft\" width=\"150\" src=\"https://i2.imageban.ru/out/2021/07/13/a5945bce7a506b5048dde5986cd772aa.jpg\"></a></div><br>Genres/Tags: <strong>Simulation, Sandbox, Management, 3D</strong><br>Company: <strong>Squad</strong><br>Languages: <strong>RUS/ENG/MULTi9</strong><br>Original Size: <strong>4.2 GB</strong><br>Repack Size: <strong>1.4 GB</strong></p>&nbsp;<div>&nbsp;</div><h3>Download Mirrors</h3><ul><li><a href=\"https://1337x.to/torrent/4904640/Kerbal-Space-Program-Complete-Edition-v1-12-0-3140-2-DLCs-MULTi9-FitGirl-Repack/\" target=\"_blank\" rel=\"noopener\">1337x</a> | [<a href=\"magnet:?xt=urn:btih:ADFF705119FC2462B23360B854FFD5589DF9EEAD&amp;dn=Kerbal+Space+Program%3A+Complete+Edition+%28v1.12.0.3140+%2B+2+DLCs%2C+MULTi9%29+%5BFitGirl+Repack%5D&amp;tr=udp%3A%2F%2F46.148.18.250%3A2710&amp;tr=udp%3A%2F%2Fopentor.org%3A2710&amp;tr=udp%3A%2F%2Ftracker.coppersurfer.tk%3A6969%2Fannounce&amp;tr=udp%3A%2F%2Ftracker.opentrackr.org%3A1337%2Fannounce&amp;tr=http%3A%2F%2Ftracker.dler.org%3A6969%2Fannounce&amp;tr=udp%3A%2F%2Ftracker.leechers-paradise.org%3A6969%2Fannounce&amp;tr=udp%3A%2F%2F9.rarbg.me%3A2730%2Fannounce&amp;tr=udp%3A%2F%2F9.rarbg.to%3A2770%2Fannounce&amp;tr=udp%3A%2F%2Ftracker.pirateparty.gr%3A6969%2Fannounce&amp;tr=http%3A%2F%2Fretracker.local%2Fannounce&amp;tr=http%3A%2F%2Fretracker.ip.ncnet.ru%2Fannounce&amp;tr=udp%3A%2F%2Fexodus.desync.com%3A6969%2Fannounce&amp;tr=udp%3A%2F%2Fipv4.tracker.harry.lu%3A80%2Fannounce&amp;tr=udp%3A%2F%2Fopen.stealth.si%3A80%2Fannounce&amp;tr=udp%3A%2F%2Ftracker.zer0day.to%3A1337%2Fannounce&amp;tr=udp%3A%2F%2Ftracker.leechers-paradise.org%3A6969%2Fannounce&amp;tr=udp%3A%2F%2Fcoppersurfer.tk%3A6969%2Fannounce\">magnet</a>] [<a href=\"https://pastefg.hermietkreeft.site/?b515bf1977b07fae#7XDDXhJLmPnf6qsfHzRerZJoxyaCKZMzeqp9iPpxK9T6\" target=\"_blank\" rel=\"noopener\">.torrent file only</a>] <br><img src=\"https://torrent-stats.info/60b8/1b3744b18.png\" style=\"display:block;clear:both\"></li><li><a href=\"http://rutor.info/torrent/823131/kerbal-space-program-complete-edition-v-1.12.0.3140-dlcs-2017-pc-repack-ot-fitgirl\" target=\"_blank\" rel=\"noopener\">RuTor</a> [<a href=\"magnet:?xt=urn:btih:adff705119fc2462b23360b854ffd5589df9eead&amp;dn=rutor.info_Kerbal+Space+Program%3A+Complete+Edition+%5Bv+1.12.0.3140+%2B+DLCs%5D+%282017%29+PC+%7C+RePack+%D0%BE%D1%82+FitGirl&amp;tr=udp://opentor.org:2710&amp;tr=udp://opentor.org:2710&amp;tr=http://retracker.local/announce\">magnet</a>]</li><li><a href=\"https://tapochek.net/viewtopic.php?p=2786380\" target=\"_blank\" rel=\"noopener\">Tapochek.net</a></li><li><a href=\"https://pastefg.hermietkreeft.site/?1d132ec8f2462c94#DzZK5dFbap6xUfngJGfvHkJ5naCGyDEsX4SvqzK5HdcF\" target=\"_blank\" rel=\"noopener\">Filehoster: MultiUpload</a> (10+ hosters, interchangeable) [Use <a href=\"http://jdownloader.org/jdownloader2\" target=\"_blank\" rel=\"noopener\">JDownloader2</a>]</li><li><a href=\"https://pastefg.hermietkreeft.site/?6c01e1a16dc0ac7b#21pYU9Kq9YmpBqgVfSM15rdmadTC3asPHUJKx566v464\" target=\"_blank\" rel=\"noopener\">Filehoster: PixelDrain</a></li><li><a href=\"https://pastefg.hermietkreeft.site/?f3f4dfbf37e2b36b#5uTPHVS4Czvfq322CSReYuEmp1yrQD1Kpv4K1Rtqm1QH\" target=\"_blank\" rel=\"noopener\">Filehoster: LetsUpload</a> [Use <a href=\"http://jdownloader.org/jdownloader2\" target=\"_blank\" rel=\"noopener\">JDownloader2</a>]</li><li><a href=\"https://crackhub.site/kerbal-space-program-complete-edition-v1-12-0-3140-2-dlcs-fitgirl-repack/\" target=\"_blank\" rel=\"noopener\">Filehosters: Google Drive, OneDrive + others</a> (Uploaded by crackhub213)</li><li><a href=\"https://pastefg.hermietkreeft.site/?2fb8185de6328fac#GaU1H9asaynd7YdreKwuHzmhXN4KitfcwuxLqyNoZgiD\" target=\"_blank\" rel=\"noopener\">Filehoster: OneDrive</a> (Uploaded by DyR0 t(-_-t), NOT compatible with other mirrors)</li></ul><p><a href=\"https://cs.rin.ru/forum/viewtopic.php?f=10&amp;t=63966\" target=\"_blank\" rel=\"noopener\">Discussion and (possible) future updates on CS.RIN.RU thread</a></p><h3>Screenshots (Click to enlarge)</h3><p><a target=\"_blank\" href=\"https://en.riotpixels.com/games/kerbal-space-program/screenshots/97/?utm_source=emb-gfx-html&amp;utm_medium=image&amp;utm_campaign=rp-mass\" rel=\"noopener\"><img loading=\"lazy\" width=\"178\" height=\"100\" border=\"0\" src=\"https://s01.riotpixels.net/data/f1/ed/f1ede889-ab3c-499f-ab50-d58a766cec8c.png.240p.jpg\"></a><a target=\"_blank\" href=\"https://en.riotpixels.com/games/kerbal-space-program/screenshots/96/?utm_source=emb-gfx-html&amp;utm_medium=image&amp;utm_campaign=rp-mass\" rel=\"noopener\"><img loading=\"lazy\" width=\"178\" height=\"100\" border=\"0\" src=\"https://s01.riotpixels.net/data/85/ce/85ce5dc0-4fbe-4a66-8b96-137e50294e92.jpg.240p.jpg\"></a><a target=\"_blank\" href=\"https://en.riotpixels.com/games/kerbal-space-program/screenshots/91/?utm_source=emb-gfx-html&amp;utm_medium=image&amp;utm_campaign=rp-mass\" rel=\"noopener\"><img loading=\"lazy\" width=\"178\" height=\"100\" border=\"0\" src=\"https://s01.riotpixels.net/data/bc/a3/bca3355e-eb43-4613-b5c5-e90f8aa5e29c.jpg.240p.jpg\"></a><br><a target=\"_blank\" href=\"https://en.riotpixels.com/games/kerbal-space-program/screenshots/86/?utm_source=emb-gfx-html&amp;utm_medium=image&amp;utm_campaign=rp-mass\" rel=\"noopener\"><img loading=\"lazy\" width=\"178\" height=\"100\" border=\"0\" src=\"https://s01.riotpixels.net/data/87/30/873066ac-42d3-4d2f-a8cf-7f5691d56833.jpg.240p.jpg\"></a><a target=\"_blank\" href=\"https://en.riotpixels.com/games/kerbal-space-program/screenshots/85/?utm_source=emb-gfx-html&amp;utm_medium=image&amp;utm_campaign=rp-mass\" rel=\"noopener\"><img loading=\"lazy\" width=\"178\" height=\"100\" border=\"0\" src=\"https://s01.riotpixels.net/data/1e/6d/1e6d0784-89e7-44d9-80be-1eb94f358337.png.240p.jpg\"></a><a target=\"_blank\" href=\"https://en.riotpixels.com/games/kerbal-space-program/screenshots/82/?utm_source=emb-gfx-html&amp;utm_medium=image&amp;utm_campaign=rp-mass\" rel=\"noopener\"><img loading=\"lazy\" width=\"178\" height=\"100\" border=\"0\" src=\"https://s01.riotpixels.net/data/de/09/de090f84-c250-4b6e-9b1f-3f411d9701e2.jpg.240p.jpg\"></a></p><h3>Repack Features</h3><ul><li>Based on Kerbal.Space.Program.On.Final.Approach-PLAZA ISO release: plaza-kerbal.space.program.on.final.approach.iso (2,689,368,064 bytes)</li><li>Eight missing localizations added (1.7 GB)</li><li>Game version: v1.12.0.3140; 2 DLCs (Making History Expansion &amp; Breaking Ground Expansion) are included and activated</li><li>100% Lossless &amp; MD5 Perfect: all files are identical to originals after installation</li><li>NOTHING ripped, NOTHING re-encoded</li><li>Significantly smaller archive size (compressed from cumulative 4.2 to 1.4 GB)</li><li>Installation takes 4-10 minutes</li><li>After-install integrity check so you could make sure that everything installed properly</li><li>HDD space after installation: 5.4 GB (16 GB during installation)</li><li>At least 2 GB of free RAM (inc. virtual) required for installing this repack</li></ul><div ><div><h2>Game Description</h2></div><div ><p>In KSP you must build a space-worthy craft, capable of flying its crew out into space without killing them. At your disposal is a collection of parts, which must be assembled to create a functional ship. Each part has its own function and will affect the way a ship flies (or doesn\u2019t). So strap yourself in, and get ready to try some Rocket Science!</p><p>The game offers three gameplay modes: Sandbox, in which you are free to build anything you can think of; Science Mode, which lets you perform Scientific experiments to advance the knowledge of Kerbalkind and further the available technology; and Career Mode, in which you must manage every aspect of your Space Program, including administration strategies, Crew Management, Reputation, as well as taking up Contracts to earn Funds and upgrade your Space Center Facilities (or repair them).</p><p>Add to this the ability to capture asteroids (a feature done in collaboration with NASA), Mining for resources out across the furthest reaches of the Solar System, Constructing Bases and Space Stations in and around other worlds; plus literally thousands of mods from a huge active modding community, all add up into the award-winning game that has taken the space sim genre by storm.</p><p><b><h3>Game Features</h3></b></p><ul><li>The Vehicle Assembly Building and the Space Plane Hangar allows players to build spacecraft out of any imaginable combination of parts.</li><li>Fully-fledged, Physics-based Space Flight Simulation ensures everything will fly (and crash) as it should.</li><li>Take your Kerbal crew out of the ship and do Extra Vehicular Activities.</li><li>Fly out to Moons and other Planets.</li><li>Procedural Terrain delivers detailed terrain at a vast scale. The Kerbal Planet is 600km in radius!</li><li>Mod-enabled, allows players to create new content and modify the game.</li><li>Ship systems. Keep an eye out for engine temperatures and fuel levels, and try not to explode.</li><li>Build ships with multiple stages, and jettison parts away as they burn out.</li><li>Full control over the ship\u2019s setup allows for complex ships and advanced functionality.</li><li>Dock spacecraft together to build Space Stations, Massive Starships, or even surface bases on other worlds.</li><li>Manage your crewmembers, hire them, and send them out into space and make them into heroes.</li><li>Research and Develop new technologies to advance your Space Program.</li><li>Take on Missions to attract interest in your Space Program.</li><li>Discover new worlds and expand the scientific knowledge of Kerbalkind.</li><li>Extract valuable resources from all over the solar system.</li></ul><p>And a whole lot more!</p></div></div><p><b>Backwards Compatibility</b></p><p>This repack is NOT backwards compatible with my previous KSP repack.</p>             </div>"
}