{
    "link": "https://fitgirl-repacks.site/kingdom-wars-the-plague/",
    "title": "Kingdom Wars: The Plague",
    "first_img": "https://i5.imageban.ru/out/2021/10/26/ac96a93bf5fde8865edc10a61f393787.jpg",
    "second_img": "https://s01.riotpixels.net/data/35/6c/356cb1ac-3e30-4e73-9251-ccbab4589fa4.jpg.240p.jpg",
    "body": "<div ><h2>Kingdom Wars: The Plague</h2><p ><div><a target=\"_blank\" href=\"https://en.riotpixels.com/games/kingdom-wars-the-plague/\" rel=\"noopener\"><img class=\"alignleft\" width=\"150\" src=\"https://i5.imageban.ru/out/2021/10/26/ac96a93bf5fde8865edc10a61f393787.jpg\"></a></div><br>Genres/Tags: <strong>Strategy, RTS, Medieval, 3D</strong><br>Company: <strong>Reverie World Studios</strong><br>Languages: <strong>RUS/ENG/MULTI6</strong><br>Original Size: <strong>2.3 GB</strong><br>Repack Size: <strong>1.3 GB</strong></p>&nbsp;<div>&nbsp;</div><h3>Download Mirrors</h3><ul><li><a href=\"https://1337x.to/torrent/5030385/Kingdom-Wars-The-Plague-MULTi6-FitGirl-Repack/\" target=\"_blank\" rel=\"noopener\">1337x</a> | [<a href=\"magnet:?xt=urn:btih:89B3571DF1AC454CB54FE30716EC11762146F1B4&amp;dn=Kingdom+Wars%3A+The+Plague+%28MULTi6%29+%5BFitGirl+Repack%5D&amp;tr=udp%3A%2F%2F46.148.18.250%3A2710&amp;tr=udp%3A%2F%2Fopentor.org%3A2710&amp;tr=udp%3A%2F%2Ftracker.coppersurfer.tk%3A6969%2Fannounce&amp;tr=udp%3A%2F%2Ftracker.opentrackr.org%3A1337%2Fannounce&amp;tr=http%3A%2F%2Ftracker.dler.org%3A6969%2Fannounce&amp;tr=udp%3A%2F%2Ftracker.leechers-paradise.org%3A6969%2Fannounce&amp;tr=udp%3A%2F%2F9.rarbg.me%3A2730%2Fannounce&amp;tr=udp%3A%2F%2F9.rarbg.to%3A2770%2Fannounce&amp;tr=udp%3A%2F%2Ftracker.pirateparty.gr%3A6969%2Fannounce&amp;tr=http%3A%2F%2Fretracker.local%2Fannounce&amp;tr=http%3A%2F%2Fretracker.ip.ncnet.ru%2Fannounce&amp;tr=udp%3A%2F%2Fexodus.desync.com%3A6969%2Fannounce&amp;tr=udp%3A%2F%2Fipv4.tracker.harry.lu%3A80%2Fannounce&amp;tr=udp%3A%2F%2Fopen.stealth.si%3A80%2Fannounce&amp;tr=udp%3A%2F%2Ftracker.zer0day.to%3A1337%2Fannounce&amp;tr=udp%3A%2F%2Ftracker.leechers-paradise.org%3A6969%2Fannounce&amp;tr=udp%3A%2F%2Fcoppersurfer.tk%3A6969%2Fannounce\">magnet</a>] [<a href=\"https://pastefg.hermietkreeft.site/?878ad212cf58a9e0#5LndpZjzNwxin9PRtEXbKku6ZHoS2xpgbcfdbDXEn3DQ\" target=\"_blank\" rel=\"noopener\">.torrent file only</a>] <br><img src=\"https://torrent-stats.info/e307/41af8afa8.png\" style=\"display:block;clear:both\"></li><li><a href=\"http://rutor.info/torrent/841563/kingdom-wars-the-plague-2021-pc-repack-ot-fitgirl\" target=\"_blank\" rel=\"noopener\">RuTor</a> [<a href=\"magnet:?xt=urn:btih:89b3571df1ac454cb54fe30716ec11762146f1b4&amp;dn=rutor.info_Kingdom+Wars%3A+The+Plague+%282021%29+PC+%7C+RePack+%D0%BE%D1%82+FitGirl&amp;tr=udp://opentor.net:6969&amp;tr=udp://opentor.org:2710&amp;tr=http://retracker.local/announce\">magnet</a>]</li><li><a href=\"https://tapochek.net/viewtopic.php?p=2807907\" target=\"_blank\" rel=\"noopener\">Tapochek.net</a></li><li><a href=\"https://pastefg.hermietkreeft.site/?82c12575349d43e0#ETWEdoSCiDSdtW78Ea3wmXeNF8ftPF2vzs4GdTUiFvZp\" target=\"_blank\" rel=\"noopener\">Filehoster: MultiUpload</a> (10+ hosters, interchangeable) [Use <a href=\"http://jdownloader.org/jdownloader2\" target=\"_blank\" rel=\"noopener\">JDownloader2</a>]</li><li><a href=\"https://pastefg.hermietkreeft.site/?0d2aeae06dd858d4#6Bu4RK2GTtoqZJF4iGEDdyMwPQsCFobV8APFm3wo71Ee\" target=\"_blank\" rel=\"noopener\">Filehoster: PixelDrain</a></li><li><a href=\"https://pastefg.hermietkreeft.site/?49da2d5187b546fd#B95tRPXEyy8jbF1RjWWHezSKbXHLe9gmNGzY1N2BHT8g\" target=\"_blank\" rel=\"noopener\">Filehoster: ZippyShare</a></li><li><a href=\"https://pastefg.hermietkreeft.site/?1353e254ca7bab6c#H9QQY6FgjhLrmT28qk38CgezhbKX8EgRMpXaqc4CS3L6\" target=\"_blank\" rel=\"noopener\">Filehoster: LetsUpload</a> [Use <a href=\"http://jdownloader.org/jdownloader2\" target=\"_blank\" rel=\"noopener\">JDownloader2</a>]</li><li><a href=\"https://pastefg.hermietkreeft.site/?88e5dfab93bbeb86#3qYazZHuWPirLNM49VLFfboPAUaSUj2dt8tYHZbQmbqU\" target=\"_blank\" rel=\"noopener\">Filehoster: BayFiles</a></li><li><a href=\"https://pastefg.hermietkreeft.site/?0a16ed440f51fcc1#6abPfrZVGsNEsmM3aXB17MwSJQurGaJFhTpjQf6WmcR\" target=\"_blank\" rel=\"noopener\">Filehoster: OneDrive</a> (Uploaded by DyR0 t(-_-t), NOT compatible with other mirrors)</li><p><!--  <li><a href=\"\" target=\"_blank\" rel=\"noopener\">Filehosters: Google Drive, OneDrive + others</a> (Uploaded by crackhub213)</li>  --></p></ul><p><a href=\"https://cs.rin.ru/forum/viewtopic.php?f=10&amp;t=106282\" target=\"_blank\" rel=\"noopener\">Discussion and (possible) future updates on CS.RIN.RU thread</a></p><h3>Screenshots (Click to enlarge)</h3><p><a target=\"_blank\" href=\"https://en.riotpixels.com/games/kingdom-wars-the-plague/screenshots/10/?utm_source=emb-gfx-html&amp;utm_medium=image&amp;utm_campaign=rp-mass\" rel=\"noopener\"><img loading=\"lazy\" width=\"178\" height=\"100\" border=\"0\" src=\"https://s01.riotpixels.net/data/35/6c/356cb1ac-3e30-4e73-9251-ccbab4589fa4.jpg.240p.jpg\"></a><a target=\"_blank\" href=\"https://en.riotpixels.com/games/kingdom-wars-the-plague/screenshots/9/?utm_source=emb-gfx-html&amp;utm_medium=image&amp;utm_campaign=rp-mass\" rel=\"noopener\"><img loading=\"lazy\" width=\"178\" height=\"100\" border=\"0\" src=\"https://s01.riotpixels.net/data/5d/49/5d498b3b-b861-4457-beb1-f71b6169ee3d.jpg.240p.jpg\"></a><a target=\"_blank\" href=\"https://en.riotpixels.com/games/kingdom-wars-the-plague/screenshots/8/?utm_source=emb-gfx-html&amp;utm_medium=image&amp;utm_campaign=rp-mass\" rel=\"noopener\"><img loading=\"lazy\" width=\"178\" height=\"100\" border=\"0\" src=\"https://s01.riotpixels.net/data/80/2e/802e81a2-a75c-4be6-9e4c-97875c96dd36.jpg.240p.jpg\"></a><br><a target=\"_blank\" href=\"https://en.riotpixels.com/games/kingdom-wars-the-plague/screenshots/6/?utm_source=emb-gfx-html&amp;utm_medium=image&amp;utm_campaign=rp-mass\" rel=\"noopener\"><img loading=\"lazy\" width=\"178\" height=\"100\" border=\"0\" src=\"https://s01.riotpixels.net/data/bd/27/bd279e47-05df-4d23-b010-62ea1b8e9b03.jpg.240p.jpg\"></a><a target=\"_blank\" href=\"https://en.riotpixels.com/games/kingdom-wars-the-plague/screenshots/3/?utm_source=emb-gfx-html&amp;utm_medium=image&amp;utm_campaign=rp-mass\" rel=\"noopener\"><img loading=\"lazy\" width=\"178\" height=\"100\" border=\"0\" src=\"https://s01.riotpixels.net/data/e5/37/e537b0ce-5989-45ed-899e-9527e2d36f22.jpg.240p.jpg\"></a><a target=\"_blank\" href=\"https://en.riotpixels.com/games/kingdom-wars-the-plague/screenshots/1/?utm_source=emb-gfx-html&amp;utm_medium=image&amp;utm_campaign=rp-mass\" rel=\"noopener\"><img loading=\"lazy\" width=\"178\" height=\"100\" border=\"0\" src=\"https://s01.riotpixels.net/data/ba/8e/ba8ef9f2-82c4-4a2a-a467-eaafe21d1c81.jpg.240p.jpg\"></a></p><h3>Repack Features</h3><ul><li>Based on Kingdom.Wars.The.Plague-PLAZA ISO release: plaza-kingdom.wars.the.plague.iso (2,428,305,408 bytes)</li><li>100% Lossless &amp; MD5 Perfect: all files are identical to originals after installation</li><li>NOTHING ripped, NOTHING re-encoded</li><li>Significantly smaller archive size (compressed from 2.3 to 1.3 GB)</li><li>Installation takes 2-3 minutes</li><li>After-install integrity check so you could make sure that everything installed properly</li><li>HDD space after installation: 7 GB</li><li>Language can be changed in game settings</li><li>Repack uses XTool library by Razor12911</li><li>At least 2 GB of free RAM (inc. virtual) required for installing this repack</li></ul><div ><div><h2>Game Description</h2></div><div >It\u2019s 1347, the time of the Hundred Years\u2019 War. You take on a role of one of 200 Minor Lords or Kings from the time period. Be a minor noble in Ottomans court, an earl in Ireland, or Emperor of Byzantium, and rewrite history by fighting to preserve your empire, and prevent the spread of the Black Death across Europe.<p>You bear the burden of leadership, and must decide how to keep your people safe. Act swiftly, using diplomacy or military might, but do not hesitate or the consequences will be dire. History has shown the critical importance of sound leadership in times of great crisis, even as we face these dangers now.</p><p><b>Brutal Epic Battles</b><br>Battles are truly epic \u2013 with several thousands units on all sides of battle. Bloody sieges, pitched field battles, and naval warfare unfolds with brutal historical realism and survival elements. When the battle is won, loot corpses or take apart towns to replenish your much needed resources.</p><p><b>Enormous World Map</b><br>The entirety of greater Europe and beyond is your playground \u2013 from the sultanates of North Africa to Byzantium, the Russian states and the Golden Horde, and all the Kingdoms of the Western and Central Europe. You can start the game as a minor noble with a small demesne or as a King ruling a great nation. There are dozens of Kingdoms for you to choose from and over 300 Lords and Kings whose role you can play.</p><p><b>Redefining the Genre</b><br>The Plague: Kingdom Wars is the first historical strategy game to feature a full scale pandemic, as well as the optional undead mode (free DLC coming this winter), with millions of infected and undead potentially roaming the world map. Gameplay is ever evolving from lordship or kingdom management, to fighting a pandemic.</p><p><b>Battle the Plague</b><br>The black death is here, and as it sweeps through your empire your focus will quickly shift from conquering your rivals to surviving the pandemic. Utilize primitive medieval medicine, quarantine your cities, cut trade with distant lands, whatever it takes to stem the tide of death. Millions of people across Europe will get infected and die, and very soon it\u2019s the human resources and not silver coins that will become the most sparse resource.</p><p><b>From the makers of Medieval Kingdom Wars</b><br>The Plague: Kingdom Wars builds upon the success of Medieval Kingdom Wars and takes things further. As we enter Early Access, however, almost everything has been redone from the ground up, and gameplay has completely changed. Only some of the art and level assets remain (for now). A greatly expanded world map and new plague mechanics are just the beginning, with hundreds of new lords to play as and many new nations and cities to conquer and control.</p><p><b>Build an Empire</b><br>Build your cities and hamlets, engage in trade, economy and diplomacy, and in this time of great conflict in Europe \u2013 partake in almost non-stop warfare \u2013 from epic sieges to naval combat and bloody field battles.</p><p><b>Manage Towns Up-close</b><br>You have the freedom to manage everything up-close and personal by entering towns in RTS mode. Construct buildings and walls, and position your troops. At the same time, you can also manage everything on the world map.</p></div></div>             </div>"
}