{
    "link": "https://fitgirl-repacks.site/king-of-seas/",
    "title": "King of Seas + Monsters Update",
    "first_img": "https://i7.imageban.ru/out/2021/11/20/942f0b9fd85b7355b2ed13c381207982.jpg",
    "second_img": "https://s01.riotpixels.net/data/a2/e1/a2e1bda3-9670-4db3-9c1a-bc0958c35c5e.jpg.240p.jpg",
    "body": "<div ><h2>King of Seas + Monsters Update</h2><p ><div><a target=\"_blank\" href=\"https://en.riotpixels.com/games/king-of-seas/\" rel=\"noopener\"><img class=\"alignleft\" width=\"150\" src=\"https://i7.imageban.ru/out/2021/11/20/942f0b9fd85b7355b2ed13c381207982.jpg\"></a></div><br>Genres/Tags: <strong>Action, Adventure, RPG, Open World, 3D</strong><br>Companies: <strong>3DClouds, Team17</strong><br>Languages: <strong>RUS/ENG/MULTI10</strong><br>Original Size: <strong>1.4 GB</strong><br>Repack Size: <strong>860 MB</strong></p>&nbsp;<div>&nbsp;</div><h3>Download Mirrors</h3><ul><li><a href=\"https://1337x.to/torrent/5058924/King-of-Seas-Monsters-Update-MULTi10-FitGirl-Repack/\" target=\"_blank\" rel=\"noopener\">1337x</a> | [<a href=\"magnet:?xt=urn:btih:7E6E635AF5CF2C27EB5908722FB96613A14E03EE&amp;dn=King+of+Seas+%28%2B+Monsters+Update%2C+MULTi10%29+%5BFitGirl+Repack%5D&amp;tr=udp%3A%2F%2F46.148.18.250%3A2710&amp;tr=udp%3A%2F%2Fopentor.org%3A2710&amp;tr=udp%3A%2F%2Ftracker.coppersurfer.tk%3A6969%2Fannounce&amp;tr=udp%3A%2F%2Ftracker.opentrackr.org%3A1337%2Fannounce&amp;tr=http%3A%2F%2Ftracker.dler.org%3A6969%2Fannounce&amp;tr=udp%3A%2F%2Ftracker.leechers-paradise.org%3A6969%2Fannounce&amp;tr=udp%3A%2F%2F9.rarbg.me%3A2730%2Fannounce&amp;tr=udp%3A%2F%2F9.rarbg.to%3A2770%2Fannounce&amp;tr=udp%3A%2F%2Ftracker.pirateparty.gr%3A6969%2Fannounce&amp;tr=http%3A%2F%2Fretracker.local%2Fannounce&amp;tr=http%3A%2F%2Fretracker.ip.ncnet.ru%2Fannounce&amp;tr=udp%3A%2F%2Fexodus.desync.com%3A6969%2Fannounce&amp;tr=udp%3A%2F%2Fipv4.tracker.harry.lu%3A80%2Fannounce&amp;tr=udp%3A%2F%2Fopen.stealth.si%3A80%2Fannounce&amp;tr=udp%3A%2F%2Ftracker.zer0day.to%3A1337%2Fannounce&amp;tr=udp%3A%2F%2Ftracker.leechers-paradise.org%3A6969%2Fannounce&amp;tr=udp%3A%2F%2Fcoppersurfer.tk%3A6969%2Fannounce\">magnet</a>] [<a href=\"https://pastefg.hermietkreeft.site/?03ae431ae73d4401#12FJdUNcCaZeePNv5eFEpjp2buK1U8HtAnMthtKmv79N\" target=\"_blank\" rel=\"noopener\">.torrent file only</a>] <br><img src=\"https://torrent-stats.info/0872/2767cb38.png\" style=\"display:block;clear:both\"></li><li><a href=\"http://rutor.info/torrent/846664/king-of-seas-monsters-update-2021-pc-repack-ot-fitgirl\" target=\"_blank\" rel=\"noopener\">RuTor</a> [<a href=\"magnet:?xt=urn:btih:7e6e635af5cf2c27eb5908722fb96613a14e03ee&amp;dn=rutor.info_King+of+Seas+%5BMonsters+Update%5D+%282021%29+PC+%7C+RePack+%D0%BE%D1%82+FitGirl&amp;tr=udp://opentor.net:6969&amp;tr=udp://opentor.org:2710&amp;tr=http://retracker.local/announce\">magnet</a>]</li><li><a href=\"https://tapochek.net/viewtopic.php?p=2813748\" target=\"_blank\" rel=\"noopener\">Tapochek.net</a></li><li><a href=\"https://pastefg.hermietkreeft.site/?79bf52a875a6b723#DHMbEgESDTJ8WKcFoYb95hBnWutA4NDhNuBhr2LQN6Fp\" target=\"_blank\" rel=\"noopener\">Filehoster: MultiUpload</a> (10+ hosters, interchangeable) [Use <a href=\"http://jdownloader.org/jdownloader2\" target=\"_blank\" rel=\"noopener\">JDownloader2</a>]</li><li><a href=\"https://pastefg.hermietkreeft.site/?ef2c94cfe514b0a4#9RZme3u1fyMjR6yH2zMXaKf7iAz5PbrWiMW3tQ3hKD2c\" target=\"_blank\" rel=\"noopener\">Filehoster: ZippyShare</a></li><li><a href=\"https://pastefg.hermietkreeft.site/?b95bc2be5cc06d6a#AwabRhcL5Zz6fpcsHQf3F8at2qUXVrN1pSqcQHB1Ewvz\" target=\"_blank\" rel=\"noopener\">Filehoster: BayFiles</a></li><li><a href=\"https://pastefg.hermietkreeft.site/?d5d53f4884f0f223#2Z2YWPFAjbeVwVYSfmHwSqwSTvxQd9MQ872WNDGHZf25\" target=\"_blank\" rel=\"noopener\">Filehoster: LetsUpload</a> [Use <a href=\"http://jdownloader.org/jdownloader2\" target=\"_blank\" rel=\"noopener\">JDownloader2</a>]</li><li><a href=\"https://pastefg.hermietkreeft.site/?bf03ecb8e7b2eeb5#HHXJQRk4zMQEHTpa2aZxH7W4HyxXUE4RDCvaYzXpJjHY\" target=\"_blank\" rel=\"noopener\">Filehoster: OneDrive</a> (Uploaded by DyR0 t(-_-t), NOT compatible with other mirrors)</li><p><!--  <li><a href=\"\" target=\"_blank\" rel=\"noopener\">Filehosters: Google Drive, OneDrive + others</a> (Uploaded by crackhub213)</li>  --></p></ul><p><a href=\"https://cs.rin.ru/forum/viewtopic.php?f=10&amp;t=106652\" target=\"_blank\" rel=\"noopener\">Discussion and (possible) future updates on CS.RIN.RU thread</a></p><h3>Screenshots (Click to enlarge)</h3><p><a target=\"_blank\" href=\"https://en.riotpixels.com/games/king-of-seas/screenshots/17/?utm_source=emb-gfx-html&amp;utm_medium=image&amp;utm_campaign=rp-mass\" rel=\"noopener\"><img loading=\"lazy\" width=\"178\" height=\"100\" border=\"0\" src=\"https://s01.riotpixels.net/data/a2/e1/a2e1bda3-9670-4db3-9c1a-bc0958c35c5e.jpg.240p.jpg\"></a><a target=\"_blank\" href=\"https://en.riotpixels.com/games/king-of-seas/screenshots/16/?utm_source=emb-gfx-html&amp;utm_medium=image&amp;utm_campaign=rp-mass\" rel=\"noopener\"><img loading=\"lazy\" width=\"178\" height=\"100\" border=\"0\" src=\"https://s01.riotpixels.net/data/1b/d6/1bd6a137-8119-4919-a2b6-6b0717aad80e.jpg.240p.jpg\"></a><a target=\"_blank\" href=\"https://en.riotpixels.com/games/king-of-seas/screenshots/15/?utm_source=emb-gfx-html&amp;utm_medium=image&amp;utm_campaign=rp-mass\" rel=\"noopener\"><img loading=\"lazy\" width=\"178\" height=\"100\" border=\"0\" src=\"https://s01.riotpixels.net/data/99/6c/996ca0d4-9b6c-439d-ade0-7173ad99750d.jpg.240p.jpg\"></a><br><a target=\"_blank\" href=\"https://en.riotpixels.com/games/king-of-seas/screenshots/13/?utm_source=emb-gfx-html&amp;utm_medium=image&amp;utm_campaign=rp-mass\" rel=\"noopener\"><img loading=\"lazy\" width=\"178\" height=\"100\" border=\"0\" src=\"https://s01.riotpixels.net/data/84/b4/84b4b1af-a75c-4bd2-9c6b-f0d26729bfdb.jpg.240p.jpg\"></a><a target=\"_blank\" href=\"https://en.riotpixels.com/games/king-of-seas/screenshots/12/?utm_source=emb-gfx-html&amp;utm_medium=image&amp;utm_campaign=rp-mass\" rel=\"noopener\"><img loading=\"lazy\" width=\"178\" height=\"100\" border=\"0\" src=\"https://s01.riotpixels.net/data/a7/89/a7894c24-a356-4782-a25f-1a756a140661.jpg.240p.jpg\"></a><a target=\"_blank\" href=\"https://en.riotpixels.com/games/king-of-seas/screenshots/5/?utm_source=emb-gfx-html&amp;utm_medium=image&amp;utm_campaign=rp-mass\" rel=\"noopener\"><img loading=\"lazy\" width=\"178\" height=\"100\" border=\"0\" src=\"https://s01.riotpixels.net/data/24/03/2403fe15-e4e0-447b-aaeb-72afc25a19b8.jpg.240p.jpg\"></a></p><h3>Repack Features</h3><ul><li>Based on King.of.Seas.Monsters-CODEX ISO release: codex-king.of.seas.monsters.iso (1,541,439,488 bytes)</li><li>100% Lossless &amp; MD5 Perfect: all files are identical to originals after installation</li><li>NOTHING ripped, NOTHING re-encoded</li><li>Significantly smaller archive size (compressed from 1.4 GB to 860 MB)</li><li>Installation takes one minute</li><li>After-install integrity check so you could make sure that everything installed properly</li><li>HDD space after installation: 1.5 GB</li><li>Language can be changed in game settings</li><li>Repack uses XTool library by Razor12911</li><li>At least 2 GB of free RAM (inc. virtual) required for installing this repack</li></ul><div ><div><h2>Game Description</h2></div><div >\u201cCannon shots echo on the seven seas as on the horizon the sun rises on a new dawn of pirates. Drop your moorings, unfold the sails and launch yourself into the heart of the storm shaping your empire. The murder of your father will not be forgiven.\u201d<p>King of Seas is an Action Role playing game set in a deadly procedurally generated pirate world. In a ferocious plot you will fight to regain what has been taken away and embark on an epic adventure in a fantastic world, filled with battles, lost islands and treasures. A universe full of amazing characters and breathtaking missions will keep you anchored as you strive to become the king of all pirates.</p><p><b><h3>Game Features</h3></b></p><ul><li><b>Story:</b> A series of quests guide you on your journey and uncover the intriguing characters of the King of Seas world who will lead you to the next path of your epic adventure.</li><li><b>Procedural Generation:</b> Dive into a lush, procedurally generated world that constantly refreshes the exploration mechanics within each new game.</li><li><b>Dynamic World:</b> The world reacts to your every action, naval routes change and with each conquered settlement the difficulty adapts to constantly give you a more challenging time.</li><li><b>Map:</b> A thick fog will ensure travelling towards objectives is not plain sailing, after all wouldn\u2019t you want to lose the joy of exploration !?</li><li><b>Navigation system:</b> Atmospheric effects influence gameplay. Sail during a storm at your own risk, escape the enemies and always remember to carefully watch the wind direction to stay in control during battles. The strategy starts here.</li><li><b>Ship customization:</b> Five types of highly customizable ships through an equipment and skill system, just as in any true role-playing game!</li><li><b>Combat system:</b> Not only cannon shots and nautical strategy but also speed and spectacle, thanks to a set of more than 20 skills to choose from and three branches of talents to suit any playstyle.</li><li><b>Special Missions:</b> Extra rewards await you upon completion of these secondary missions, each settlement you conquer will be the source of new adventures!</li><li><b>Treasure hunt:</b> Secret maps are hidden in the abyssal depths, find them and obtain directions to submerged treasures!</li><li><b>Trading:</b> Each settlement produces specific products with their own market value. Buy them at the lowest price possible and sell them to other settlements where they are in demand. Buy low, sell high, this is the basis of trade!</li><li><b>Fishing:</b> Find as many as 30 varieties of fish living below the ocean surface. Fish them all but be careful to observe the time of day and weather conditions\u2026</li><li><b>Ranking:</b> Every battle won will drive up the bounty on your head, compare it with the most famous pirates of history. Be the King of Seas!</li><li><b>Multiple difficulties:</b> The difficulty level adds a substantial multiplier to the bounty obtained in the game. How much will you be able to generate in hardcore mode?</li></ul></div></div><p><b>Backwards Compatibility</b></p><p>This repack is NOT backwards compatible with my previous KoS repack.</p>             </div>"
}