{
    "link": null,
    "title": "Knights & Guns + Yuzu Emu for PC",
    "first_img": "https://i7.imageban.ru/out/2021/09/13/5e829b0a4b0960f58626364750aa83ef.jpg",
    "second_img": [],
    "body": "<div ><h2>Knights & Guns + Yuzu Emu for PC</h2><p ><div><a target=\"_blank\" href=\"https://en.riotpixels.com/games/knights-and-guns/\" rel=\"noopener\"><img class=\"alignleft\" width=\"150\" src=\"https://i7.imageban.ru/out/2021/09/13/5e829b0a4b0960f58626364750aa83ef.jpg\"></a></div><br>Genres/Tags: <strong>Arcade, Run and gun, Side, 2D</strong><br>Company: <strong>Baltoro Games</strong><br>Languages: <strong>ENG/MULTI8</strong><br>Original Size: <strong>3.1 GB</strong><br>Repack Size: <strong>952 MB</strong></p>&nbsp;<div>&nbsp;</div><h3>Download Mirrors</h3><ul><li><a href=\"https://1337x.to/torrent/4982860/Knights-Guns-MULTi8-Yuzu-Emu-for-PC-FitGirl-Repack/\" target=\"_blank\" rel=\"noopener\">1337x</a> | [<a href=\"magnet:?xt=urn:btih:34D8BFBB579AAE822CB718D9FCCBD2E42281CD65&amp;dn=Knights+%26amp%3B+Guns+%28MULTi8+%2B+Yuzu+Emu+for+PC%29+%5BFitGirl+Repack%5D&amp;tr=udp%3A%2F%2F46.148.18.250%3A2710&amp;tr=udp%3A%2F%2Fopentor.org%3A2710&amp;tr=udp%3A%2F%2Ftracker.coppersurfer.tk%3A6969%2Fannounce&amp;tr=udp%3A%2F%2Ftracker.opentrackr.org%3A1337%2Fannounce&amp;tr=http%3A%2F%2Ftracker.dler.org%3A6969%2Fannounce&amp;tr=udp%3A%2F%2Ftracker.leechers-paradise.org%3A6969%2Fannounce&amp;tr=udp%3A%2F%2F9.rarbg.me%3A2730%2Fannounce&amp;tr=udp%3A%2F%2F9.rarbg.to%3A2770%2Fannounce&amp;tr=udp%3A%2F%2Ftracker.pirateparty.gr%3A6969%2Fannounce&amp;tr=http%3A%2F%2Fretracker.local%2Fannounce&amp;tr=http%3A%2F%2Fretracker.ip.ncnet.ru%2Fannounce&amp;tr=udp%3A%2F%2Fexodus.desync.com%3A6969%2Fannounce&amp;tr=udp%3A%2F%2Fipv4.tracker.harry.lu%3A80%2Fannounce&amp;tr=udp%3A%2F%2Fopen.stealth.si%3A80%2Fannounce&amp;tr=udp%3A%2F%2Ftracker.zer0day.to%3A1337%2Fannounce&amp;tr=udp%3A%2F%2Ftracker.leechers-paradise.org%3A6969%2Fannounce&amp;tr=udp%3A%2F%2Fcoppersurfer.tk%3A6969%2Fannounce\">magnet</a>] [<a href=\"https://pastefg.hermietkreeft.site/?84bec1240b63f648#Bua9gfhYZvz9eApr18kiujMrUh44hnHRyUZL9G2Tq4tQ\" target=\"_blank\" rel=\"noopener\">.torrent file only</a>] <br><img src=\"https://torrent-stats.info/18d9/71bd793f.png\" style=\"display:block;clear:both\"></li><li><a href=\"https://tapochek.net/viewtopic.php?p=2800128\" target=\"_blank\" rel=\"noopener\">Tapochek.net</a></li><li><a href=\"https://pastefg.hermietkreeft.site/?45afd1342aa2e07d#2rxgmkjXrszp5vnRu942piNi43nYQDYaRF2wS9PzkNmD\" target=\"_blank\" rel=\"noopener\">Filehoster: MultiUpload</a> (10+ hosters, interchangeable) [Use <a href=\"http://jdownloader.org/jdownloader2\" target=\"_blank\" rel=\"noopener\">JDownloader2</a>]</li><li><a href=\"https://pastefg.hermietkreeft.site/?bd74cf5955b7f482#3X1TEFqQm6Z12GnEXz1aMfZgk9A456rGWd7bPqTgppVL\" target=\"_blank\" rel=\"noopener\">Filehoster: PixelDrain</a></li><li><a href=\"https://pastefg.hermietkreeft.site/?05fb998e7037cc81#95YwDyjiewnW94wzQpCZRJXf5Eyvordb8Uxe3UHehdM\" target=\"_blank\" rel=\"noopener\">Filehoster: ZippyShare</a></li><li><a href=\"https://pastefg.hermietkreeft.site/?146cb5a82a9887d9#J6KbKikB9dXspcAGYbEEmUfeZPNtnj8HP8kFL6YKC4Ba\" target=\"_blank\" rel=\"noopener\">Filehoster: LetsUpload</a> [Use <a href=\"http://jdownloader.org/jdownloader2\" target=\"_blank\" rel=\"noopener\">JDownloader2</a>]</li><li><a href=\"https://pastefg.hermietkreeft.site/?0ff98348f419b012#8dQHVEGsFbnMEYn1fSoqck8ECnjVuYJBYfCQvrJNvtSP\" target=\"_blank\" rel=\"noopener\">Filehoster: OneDrive</a> (Uploaded by DyR0 t(-_-t), NOT compatible with other mirrors)</li></ul><h3>Screenshots (Click to enlarge)</h3><p><a target=\"_blank\" href=\"https://en.riotpixels.com/games/knights-and-guns/screenshots/3/?utm_source=emb-gfx-html&amp;utm_medium=image&amp;utm_campaign=rp-mass\" rel=\"noopener\"><img loading=\"lazy\" width=\"178\" height=\"100\" border=\"0\" src=\"https://s01.riotpixels.net/data/44/63/4463c7ed-a79c-43d7-84d0-95a2ed9f7628.jpg.240p.jpg\"></a><a target=\"_blank\" href=\"https://en.riotpixels.com/games/knights-and-guns/screenshots/2/?utm_source=emb-gfx-html&amp;utm_medium=image&amp;utm_campaign=rp-mass\" rel=\"noopener\"><img loading=\"lazy\" width=\"178\" height=\"100\" border=\"0\" src=\"https://s01.riotpixels.net/data/82/e9/82e97fe2-a325-4b72-be54-ac7c12322649.jpg.240p.jpg\"></a><a target=\"_blank\" href=\"https://en.riotpixels.com/games/knights-and-guns/screenshots/1/?utm_source=emb-gfx-html&amp;utm_medium=image&amp;utm_campaign=rp-mass\" rel=\"noopener\"><img loading=\"lazy\" width=\"178\" height=\"100\" border=\"0\" src=\"https://s01.riotpixels.net/data/90/cf/90cf0062-77a1-4b77-97f6-33f6c697ec07.jpg.240p.jpg\"></a></p><h3>Repack Features</h3><ul><li>Based on Nintendo Switch Knights_and_Guns_NSW-HR scene release: 3 GB</li><li>Yuzu Switch emulator (Early Access v2055, September 13, 2021, 83 MB) is included</li><li>100% Lossless, but NOT MD5 Perfect: encryption was removed for better repack size</li><li>NOTHING ripped, NOTHING re-encoded</li><li>Smaller archive size (compressed from cumulative 3.1 GB to 952 MB)</li><li>Installation takes less than a minute</li><li>After-install integrity check so you could make sure that everything installed properly</li><li>HDD space after installation: 3.2 GB</li><li>Language can be changed in game settings</li><li>At least 2 GB of free RAM (inc. virtual) required for installing this repack</li></ul><div ><div><h2>Game Description</h2></div><div ><p>Knight in shining armor, fight your way\u2026 with Guns!<br>Inspired by the classics, developed for the modern audiences.</p><p>A classic revenge story set in a medieval fantasy world\u2026 with a touch of deadly modern firepower just to turn things up to eleven. Fight through the armies of undead, mutants, aliens, machines and beasts in order to get back what is rightfully yours and bring some semblance of peace back to the land. Who knows \u2013 if you\u2019re thorough enough you might even discover the history of the kingdom itself, long lost to the scholars of the realm.</p><p>Knights &amp; Guns brings you to a dangerous world where you will fight, alongside your friend, against demons, ghouls &amp; ghosts. Use shotguns, lasers and the power of chivalry to overcome every obstacle. Become the best version of a knight \u2013 one with a gun.</p><p><b><h3>Game Features</h3></b></p><ul><li>Fight awesome bosses on various stages!</li><li>Conquer the non-linear world! Rush through over 150 hand crafted stages, or enjoy the game at your own pace, looking for secrets and special routes!</li><li>Entire game designed for both single player or co-op multiplayer. Invite a friend at any time for some extra firepower and mayhem.</li><li>60 fps gameplay! Try the different modes! Hunt the monsters! Survive! Play on small, big and narrow maps!</li><li>Check out all the awesome suits of armor and, of course, all the GUNS! Lasers, shotguns, grenade launchers, sniper rifles\u2026 They are all here!</li><li>Over 30 unique guns. (That\u2019s probably more flavors of death than flavors of ice cream you can name.)</li><li>Over 25 types of enemies, 5 types of mini-bosses and 3 types of bosses. Most of these come in different colors, too.</li><li>30 unique suits of armor for the knights. Extra protection and extra style!</li><li>Traps, chests, keys, scrolls of lore, books of monsters\u2026</li></ul></div></div>             </div>"
}