{
    "link": "https://fitgirl-repacks.site/lake/",
    "title": "Lake",
    "first_img": "https://i2.imageban.ru/out/2021/09/02/c00210c5a6f99251b7e42fdc726b8bb0.jpg",
    "second_img": "https://s01.riotpixels.net/data/3d/80/3d80291c-7b64-4147-94f7-707d7d59c210.jpg.240p.jpg",
    "body": "<div ><h2>Lake</h2><p ><div><a target=\"_blank\" href=\"https://en.riotpixels.com/games/lake/\" rel=\"noopener\"><img class=\"alignleft\" width=\"150\" src=\"https://i2.imageban.ru/out/2021/09/02/c00210c5a6f99251b7e42fdc726b8bb0.jpg\"></a></div><br>Genres/Tags: <strong>Adventure, Driving, Third-person, 3D</strong><br>Companies: <strong>Whitethorn Digital, Gamious</strong><br>Languages: <strong>RUS/ENG/MULTI9</strong><br>Original Size: <strong>1 GB</strong><br>Repack Size: <strong>739 MB</strong></p>&nbsp;<div>&nbsp;</div><h3>Download Mirrors</h3><ul><li><a href=\"https://1337x.to/torrent/4971089/Lake-MUTi9-FitGirl-Repack/\" target=\"_blank\" rel=\"noopener\">1337x</a> | [<a href=\"magnet:?xt=urn:btih:C6B43A24CC44B0F3712D877BEDD46C4BB772DCF5&amp;dn=Lake+%28MUTi9%29+%5BFitGirl+Repack%5D&amp;tr=udp%3A%2F%2F46.148.18.250%3A2710&amp;tr=udp%3A%2F%2Fopentor.org%3A2710&amp;tr=udp%3A%2F%2Ftracker.coppersurfer.tk%3A6969%2Fannounce&amp;tr=udp%3A%2F%2Ftracker.opentrackr.org%3A1337%2Fannounce&amp;tr=http%3A%2F%2Ftracker.dler.org%3A6969%2Fannounce&amp;tr=udp%3A%2F%2Ftracker.leechers-paradise.org%3A6969%2Fannounce&amp;tr=udp%3A%2F%2F9.rarbg.me%3A2730%2Fannounce&amp;tr=udp%3A%2F%2F9.rarbg.to%3A2770%2Fannounce&amp;tr=udp%3A%2F%2Ftracker.pirateparty.gr%3A6969%2Fannounce&amp;tr=http%3A%2F%2Fretracker.local%2Fannounce&amp;tr=http%3A%2F%2Fretracker.ip.ncnet.ru%2Fannounce&amp;tr=udp%3A%2F%2Fexodus.desync.com%3A6969%2Fannounce&amp;tr=udp%3A%2F%2Fipv4.tracker.harry.lu%3A80%2Fannounce&amp;tr=udp%3A%2F%2Fopen.stealth.si%3A80%2Fannounce&amp;tr=udp%3A%2F%2Ftracker.zer0day.to%3A1337%2Fannounce&amp;tr=udp%3A%2F%2Ftracker.leechers-paradise.org%3A6969%2Fannounce&amp;tr=udp%3A%2F%2Fcoppersurfer.tk%3A6969%2Fannounce\">magnet</a>] [<a href=\"https://pastefg.hermietkreeft.site/?e32ab71e403a7363#3UFwZHsRGUriMUFq6gF48HqaDebyL6aDzcuWgPyBB6KA\" target=\"_blank\" rel=\"noopener\">.torrent file only</a>] <br><img src=\"https://torrent-stats.info/877b/26a7dcd15.png\" style=\"display:block;clear:both\"></li><li><a href=\"http://rutor.info/torrent/832326/lake-2021-pc-repack-ot-fitgirl\" target=\"_blank\" rel=\"noopener\">RuTor</a> [<a href=\"magnet:?xt=urn:btih:c6b43a24cc44b0f3712d877bedd46c4bb772dcf5&amp;dn=rutor.info_Lake+%282021%29+PC+%7C+RePack+%D0%BE%D1%82+FitGirl&amp;tr=udp://opentor.net:6969&amp;tr=udp://opentor.org:2710&amp;tr=http://retracker.local/announce\">magnet</a>]</li><li><a href=\"https://tapochek.net/viewtopic.php?p=2798132\" target=\"_blank\" rel=\"noopener\">Tapochek.net</a></li><li><a href=\"https://pastefg.hermietkreeft.site/?26310f12049cdcb1#2Q1YCouV4R9PuiZn7qbRbwb5xXiotwsveH5fvHyWgEn4\" target=\"_blank\" rel=\"noopener\">Filehoster: MultiUpload</a> (10+ hosters, interchangeable) [Use <a href=\"http://jdownloader.org/jdownloader2\" target=\"_blank\" rel=\"noopener\">JDownloader2</a>]</li><li><a href=\"https://pastefg.hermietkreeft.site/?c33ace09c939e191#BHqf2zXQYQQLLxzahz6hnNAzUWU2nRSRGsU9RpFR8RJa\" target=\"_blank\" rel=\"noopener\">Filehoster: PixelDrain</a></li><li><a href=\"https://pastefg.hermietkreeft.site/?eb3edf13c625f1b2#tdQkedakRLUNiK3GqY3vtcuKucPfjGKQMWwFuAeKaqz\" target=\"_blank\" rel=\"noopener\">Filehoster: ZippyShare</a></li><li><a href=\"https://pastefg.hermietkreeft.site/?7c98f1b5669209f0#FybprW92MRwmp8NCmm4uCSsgBmAAY8Dtq1mdfKBFnJCv\" target=\"_blank\" rel=\"noopener\">Filehoster: LetsUpload</a> [Use <a href=\"http://jdownloader.org/jdownloader2\" target=\"_blank\" rel=\"noopener\">JDownloader2</a>]</li><li><a href=\"https://pastefg.hermietkreeft.site/?1a2745ab5d3e9b99#BhzTUNG544ARA745EKD3sinz5L9zNaujMYueWtstuD6M\" target=\"_blank\" rel=\"noopener\">Filehoster: OneDrive</a> (Uploaded by DyR0 t(-_-t), NOT compatible with other mirrors)</li></ul><p><a href=\"https://cs.rin.ru/forum/viewtopic.php?f=10&amp;t=102927\" target=\"_blank\" rel=\"noopener\">Discussion and (possible) future updates on CS.RIN.RU thread</a></p><h3>Screenshots (Click to enlarge)</h3><p><a target=\"_blank\" href=\"https://en.riotpixels.com/games/lake/screenshots/10/?utm_source=emb-gfx-html&amp;utm_medium=image&amp;utm_campaign=rp-mass\" rel=\"noopener\"><img loading=\"lazy\" width=\"178\" height=\"100\" border=\"0\" src=\"https://s01.riotpixels.net/data/3d/80/3d80291c-7b64-4147-94f7-707d7d59c210.jpg.240p.jpg\"></a><a target=\"_blank\" href=\"https://en.riotpixels.com/games/lake/screenshots/9/?utm_source=emb-gfx-html&amp;utm_medium=image&amp;utm_campaign=rp-mass\" rel=\"noopener\"><img loading=\"lazy\" width=\"178\" height=\"100\" border=\"0\" src=\"https://s01.riotpixels.net/data/bc/48/bc487b8f-57a1-4f6f-b582-b72de2ae8499.jpg.240p.jpg\"></a><a target=\"_blank\" href=\"https://en.riotpixels.com/games/lake/screenshots/8/?utm_source=emb-gfx-html&amp;utm_medium=image&amp;utm_campaign=rp-mass\" rel=\"noopener\"><img loading=\"lazy\" width=\"178\" height=\"100\" border=\"0\" src=\"https://s01.riotpixels.net/data/3b/df/3bdf8309-ac0a-4727-a40c-2208580a244a.jpg.240p.jpg\"></a><br><a target=\"_blank\" href=\"https://en.riotpixels.com/games/lake/screenshots/7/?utm_source=emb-gfx-html&amp;utm_medium=image&amp;utm_campaign=rp-mass\" rel=\"noopener\"><img loading=\"lazy\" width=\"178\" height=\"100\" border=\"0\" src=\"https://s01.riotpixels.net/data/92/cd/92cd14b0-8748-4c21-b522-a6793f48de1d.jpg.240p.jpg\"></a><a target=\"_blank\" href=\"https://en.riotpixels.com/games/lake/screenshots/3/?utm_source=emb-gfx-html&amp;utm_medium=image&amp;utm_campaign=rp-mass\" rel=\"noopener\"><img loading=\"lazy\" width=\"178\" height=\"100\" border=\"0\" src=\"https://s01.riotpixels.net/data/f1/76/f1768de1-0c4e-41ad-b66a-a685633c3b83.jpg.240p.jpg\"></a><a target=\"_blank\" href=\"https://en.riotpixels.com/games/lake/screenshots/2/?utm_source=emb-gfx-html&amp;utm_medium=image&amp;utm_campaign=rp-mass\" rel=\"noopener\"><img loading=\"lazy\" width=\"178\" height=\"100\" border=\"0\" src=\"https://s01.riotpixels.net/data/3a/22/3a2201c6-a8d0-49b3-8ff6-dadb5f0c1700.jpg.240p.jpg\"></a></p><h3>Repack Features</h3><ul><li>Based on Lake-FLT ISO release: flt-lake.iso (1,090,054,144 bytes)</li><li>100% Lossless &amp; MD5 Perfect: all files are identical to originals after installation</li><li>NOTHING ripped, NOTHING re-encoded</li><li>Smaller archive size (compressed from 1 GB to 739 MB)</li><li>Installation takes two minutes</li><li>After-install integrity check so you could make sure that everything installed properly</li><li>HDD space after installation: 2.1 GB</li><li>Language can be changed in game settings</li><li>At least 2 GB of free RAM (inc. virtual) required for installing this repack</li></ul><div ><div><h2>Game Description</h2></div><div >It\u2019s September 1, 1986. You take on the role of forty-something Meredith Weiss, who returns from the big city to her quiet hometown. She exchanges her busy career at a software company to fill in for her dad, the local mail carrier.<p>During her two-week stay in beautiful Providence Oaks, Oregon, she runs into a few familiar faces as well as plenty of new folk. As Meredith, you get to decide who to talk to, who to befriend and perhaps even start a romantic relationship with.</p><p>Whatever happens, at the end of her stint she\u2019ll have to make up her mind: return to her demanding job in the big city, or stay in the town she grew up in?</p><p><b><h3>Game Features</h3></b></p><ul><li>Escape to a beautiful, rustic environment without cellphones and the Internet.</li><li>Drive around the lake in your dad\u2019s trusty mail truck, or let the auto-pilot do the work.</li><li>Talk to a range of engaging characters, each with their own personalities and quirks.</li><li>Choose after-work activities: hang out with your friends, help out your neighbours or stay home and read a book.</li><li>Experience two weeks of branching story that doesn\u2019t shy away from slice-of-life themes.</li><li>Determine your own story: there are no \u2018right\u2019 or \u2018wrong\u2019 answers or endings, simply what you want to happen.</li></ul></div></div>             </div>"
}