{
    "link": "https://fitgirl-repacks.site/land-of-war-the-beginning/",
    "title": "Land of War: The Beginning \u2013 v1.0.1201b + 4 DLCs",
    "first_img": "https://i114.fastpic.ru/big/2021/0613/73/7aee90c33004dcbc08fd46abef690673.jpg",
    "second_img": "https://s01.riotpixels.net/data/bd/cc/bdccd15a-090b-4c90-9321-ea4c00db3874.jpg.240p.jpg",
    "body": "<div ><h2>Land of War: The Beginning \u2013 v1.0.1201b + 4 DLCs</h2><p ><div><a target=\"_blank\" href=\"http://en.riotpixels.com/games/land-of-war-the-beginning/\" rel=\"noopener\"><img class=\"alignleft\" width=\"150\" src=\"https://i114.fastpic.ru/big/2021/0613/73/7aee90c33004dcbc08fd46abef690673.jpg\"></a></div><br>Genres/Tags: <strong>Action, Shooter, World War II, First-person, 3D</strong><br>Companies: <strong>MS GAMES</strong><br>Languages: <strong>RUS/ENG/MULTI6</strong><br>Original Size: <strong>12.1 GB</strong><br>Repack Size: <strong>8 GB</strong></p>&nbsp;<div>&nbsp;</div><h3>Download Mirrors</h3><ul><li><a href=\"https://1337x.to/torrent/4892277/Land-of-War-The-Beginning-v1-0-1201b-4-DLCs-MULTi6-FitGirl-Repack/\" target=\"_blank\" rel=\"noopener\">1337x</a> | [<a href=\"magnet:?xt=urn:btih:842295997C013FDF637576766207B42084613727&amp;dn=Land+of+War%3A+The+Beginning+%28v1.0.1201b+%2B+4+DLCs%2C+MULTi6%29+%5BFitGirl+Repack%5D&amp;tr=udp%3A%2F%2F46.148.18.250%3A2710&amp;tr=udp%3A%2F%2Fopentor.org%3A2710&amp;tr=udp%3A%2F%2Ftracker.coppersurfer.tk%3A6969%2Fannounce&amp;tr=udp%3A%2F%2Ftracker.opentrackr.org%3A1337%2Fannounce&amp;tr=http%3A%2F%2Ftracker.dler.org%3A6969%2Fannounce&amp;tr=udp%3A%2F%2Ftracker.leechers-paradise.org%3A6969%2Fannounce&amp;tr=udp%3A%2F%2F9.rarbg.me%3A2730%2Fannounce&amp;tr=udp%3A%2F%2F9.rarbg.to%3A2770%2Fannounce&amp;tr=udp%3A%2F%2Ftracker.pirateparty.gr%3A6969%2Fannounce&amp;tr=http%3A%2F%2Fretracker.local%2Fannounce&amp;tr=http%3A%2F%2Fretracker.ip.ncnet.ru%2Fannounce&amp;tr=udp%3A%2F%2Fexodus.desync.com%3A6969%2Fannounce&amp;tr=udp%3A%2F%2Fipv4.tracker.harry.lu%3A80%2Fannounce&amp;tr=udp%3A%2F%2Fopen.stealth.si%3A80%2Fannounce&amp;tr=udp%3A%2F%2Ftracker.zer0day.to%3A1337%2Fannounce&amp;tr=udp%3A%2F%2Ftracker.leechers-paradise.org%3A6969%2Fannounce&amp;tr=udp%3A%2F%2Fcoppersurfer.tk%3A6969%2Fannounce\">magnet</a>] [<a href=\"https://pastefg.hermietkreeft.site/?efe7331e516b1694#77drfnuTkthKFjDoaXyY3XfzX31VUePWWnqn6JyLAHVh\" target=\"_blank\" rel=\"noopener\">.torrent file only</a>] <br><img src=\"https://torrent-stats.info/7676/213d1dc1c.png\" style=\"display:block;clear:both\"></li><li><a href=\"http://rutor.info/torrent/821060/land-of-war-the-beginning-v-1.0.1201b-dlcs-2021-pc-repack-ot-fitgirl\" target=\"_blank\" rel=\"noopener\">RuTor</a> [<a href=\"magnet:?xt=urn:btih:842295997c013fdf637576766207b42084613727&amp;dn=rutor.info_Land+of+War%3A+The+Beginning+%5Bv+1.0.1201b+%2B+DLCs%5D+%282021%29+PC+%7C+RePack+%D0%BE%D1%82+FitGirl&amp;tr=udp://opentor.org:2710&amp;tr=udp://opentor.org:2710&amp;tr=http://retracker.local/announce\">magnet</a>]</li><li><a href=\"https://tapochek.net/viewtopic.php?p=2784009\" target=\"_blank\" rel=\"noopener\">Tapochek.net</a></li><li><a href=\"https://pastefg.hermietkreeft.site/?d85a64c8e3d1fc46#E1o7uQN5XNugWFJNbJSPcpALWKpr1dcrj1vd9a7EdG2s\" target=\"_blank\" rel=\"noopener\">Filehoster: MultiUpload</a> (10+ hosters, interchangeable) [Use <a href=\"http://jdownloader.org/jdownloader2\" target=\"_blank\" rel=\"noopener\">JDownloader2</a>]</li><li><a href=\"https://pastefg.hermietkreeft.site/?e0bba9ae25053af5#GfSTKfhDP7cPzUhpnxsViSHXKvpwows49NTQC8VVnx6T\" target=\"_blank\" rel=\"noopener\">Filehoster: PixelDrain</a></li><li><a href=\"https://pastefg.hermietkreeft.site/?5ae6893717a3ee0b#ADoZmEQMETF7Ciw9VxzRTMT2xkxnYR1wE2eyMqNwQVFW\" target=\"_blank\" rel=\"noopener\">Filehoster: LetsUpload</a> [Use <a href=\"http://jdownloader.org/jdownloader2\" target=\"_blank\" rel=\"noopener\">JDownloader2</a>]</li><li><a href=\"https://crackhub.site/land-of-war-the-beginning-v1-0-1201b-4-dlcs-fitgirl-repack/\" target=\"_blank\" rel=\"noopener\">Filehosters: Google Drive, OneDrive + others</a> (Uploaded by crackhub213)</li><li><a href=\"https://pastefg.hermietkreeft.site/?12204c374b364d98#34rDzrgyRABuudcFcr9vjc3jgL87vZ1QKSrkmeMkhbqi\" target=\"_blank\" rel=\"noopener\">Filehoster: OneDrive</a> (Uploaded by DyR0 t(-_-t), NOT compatible with other mirrors)</li></ul><p><a href=\"https://cs.rin.ru/forum/viewtopic.php?f=10&amp;t=99803\" target=\"_blank\" rel=\"noopener\">Discussion and (possible) future updates on CS.RIN.RU thread</a></p><h3>Screenshots (Click to enlarge)</h3><p><a target=\"_blank\" href=\"http://en.riotpixels.com/games/land-of-war-the-beginning/screenshots/28/?utm_source=emb-gfx-html&amp;utm_medium=image&amp;utm_campaign=rp-mass\" rel=\"noopener\"><img loading=\"lazy\" width=\"178\" height=\"100\" border=\"0\" src=\"https://s01.riotpixels.net/data/bd/cc/bdccd15a-090b-4c90-9321-ea4c00db3874.jpg.240p.jpg\"></a><a target=\"_blank\" href=\"http://en.riotpixels.com/games/land-of-war-the-beginning/screenshots/27/?utm_source=emb-gfx-html&amp;utm_medium=image&amp;utm_campaign=rp-mass\" rel=\"noopener\"><img loading=\"lazy\" width=\"178\" height=\"100\" border=\"0\" src=\"https://s01.riotpixels.net/data/47/6d/476d1f80-f5d3-49ce-868a-4ecb55cc5d27.jpg.240p.jpg\"></a><a target=\"_blank\" href=\"http://en.riotpixels.com/games/land-of-war-the-beginning/screenshots/24/?utm_source=emb-gfx-html&amp;utm_medium=image&amp;utm_campaign=rp-mass\" rel=\"noopener\"><img loading=\"lazy\" width=\"178\" height=\"100\" border=\"0\" src=\"https://s01.riotpixels.net/data/3d/8e/3d8e45c7-5331-4133-84b5-363d3cffe776.jpg.240p.jpg\"></a><br><a target=\"_blank\" href=\"http://en.riotpixels.com/games/land-of-war-the-beginning/screenshots/22/?utm_source=emb-gfx-html&amp;utm_medium=image&amp;utm_campaign=rp-mass\" rel=\"noopener\"><img loading=\"lazy\" width=\"178\" height=\"100\" border=\"0\" src=\"https://s01.riotpixels.net/data/22/c8/22c84668-500e-4339-b27d-bc17a80c064a.jpg.240p.jpg\"></a><a target=\"_blank\" href=\"http://en.riotpixels.com/games/land-of-war-the-beginning/screenshots/20/?utm_source=emb-gfx-html&amp;utm_medium=image&amp;utm_campaign=rp-mass\" rel=\"noopener\"><img loading=\"lazy\" width=\"178\" height=\"100\" border=\"0\" src=\"https://s01.riotpixels.net/data/13/1b/131b8873-d9a4-46ef-ab67-2d617a079e6b.jpg.240p.jpg\"></a><a target=\"_blank\" href=\"http://en.riotpixels.com/games/land-of-war-the-beginning/screenshots/11/?utm_source=emb-gfx-html&amp;utm_medium=image&amp;utm_campaign=rp-mass\" rel=\"noopener\"><img loading=\"lazy\" width=\"178\" height=\"100\" border=\"0\" src=\"https://s01.riotpixels.net/data/6f/ab/6fabe803-86f3-42c2-8173-71a86b696149.jpg.240p.jpg\"></a></p><h3>Repack Features</h3><ul><li>Based on Land_of_War_The_Beginning-FLT ISO release: flt-land_of_war_the_beginning.iso (12,940,627,968 bytes)</li><li>Game version is: v1.0.1201b; 4 DLCs are included and activated</li><li>100% Lossless &amp; MD5 Perfect: all files are identical to originals after installation</li><li>NOTHING ripped, NOTHING re-encoded</li><li>Significantly smaller archive size (compressed from 12.1 to 8 GB)</li><li>Installation takes 5-9 minutes (depending on your system)</li><li>After-install integrity check so you could make sure that everything installed properly</li><li>HDD space after installation: 24.3 GB</li><li>Language can be changed in game settings</li><li>Repack uses XTool library by Razor12911</li><li>At least 2 GB of free RAM (inc. virtual) required for installing this repack</li></ul><div ><div><h2>Game Description</h2></div><div >Land of War is the world\u2019s first, first-person shooter game fully dedicated to the outbreak of WWII in Poland in September 1939. It portraits the opening episodes and battles fought by Poles during the German invasion.<p>Now with free additional DLC weapon \u2013 Degtyaryov PPD-30, available in the game through Addons menu.</p><p>Land of War is absolutely the first video game to concentrate on the 1939 episodes of WWII. This early-stage war was completely omitted until now. Creators from an independent development studio MS Games decided to fill this gap with their debut production. This game can be seen as a prologue of other, WWII-related games recently released. The game was inspired by some epic productions like MOHAA or COD1 and brings back a good, nostalgic climate.</p><p><b>An old school WWII first-person shooter drawing inspiration from classics like \u201cMedal of Honour\u201d or early \u201cCall of Duty\u201d.</b><br>The creators of LoW are fanatics of classical WWII shooters. As a result, their product reflects the principles underlying some of the earliest games in the genre: clean and simple gameplay with intuitive steering and plenty of enemies to kill. Game chapters are based on epic, historical battles, and authentic gear and equipment. It provides fast-paced action, a constant exchange of fire, and intensity of fight based on yet uncharted period of WWII.</p><p><b>LIttle known weapons and gear, never shown in WWII video games</b><br>Along with the unusual war period, Land of War explores weapons never or rarely used in games before. Some of those weapons were prototypes only at the start of the war. Others were only used in the first chapter of WWII and were not used later as the conflict spread across the world. Use this gear, learn about its unique abilities and stories behind it.</p><p><b><h3>Game Features</h3></b></p><ul><li>Gameplay is placed in time before events depicted by other WWII productions.</li><li>Year 1939 have never been covered by other developers.</li><li>Land of War shows the very start of WWII from a perspective of an ordinary soldier.</li><li>Gameplay inspired by true genre classics.</li><li>Dynamic plot with unexpected twists.</li><li>Development\u2019s focus on main playability factors for FPS games.</li><li>LoW brings the look and feel of a good, old school shooter.</li><li>Dozens of weapons never seen in games before.</li><li>Realistic models with all functions of the original implemented.</li><li>Prototype weapons that were only featured in small quantities in elite units.</li></ul><p><b>Included DLCs:</b></p><ul><li>Land of War \u2013 Thompson wz.28</li><li>Land of War \u2013 Nagant Revolver</li><li>Land of War \u2013 Saber wz.1921</li><li>Land of War \u2013 VIS P-35(p)</li></ul></div></div>             </div>"
}