{
    "link": "https://fitgirl-repacks.site/last-stop/",
    "title": "Last Stop",
    "first_img": "https://i4.imageban.ru/out/2021/07/24/3c940d60665411878cf45811609ff67a.jpg",
    "second_img": "https://s01.riotpixels.net/data/fe/cd/fecd85db-46b6-4f46-b2ef-ca7298c65b98.jpg.240p.jpg",
    "body": "<div ><h2>Last Stop</h2><p ><div><a target=\"_blank\" href=\"https://en.riotpixels.com/games/last-stop/\" rel=\"noopener\"><img class=\"alignleft\" width=\"150\" src=\"https://i4.imageban.ru/out/2021/07/24/3c940d60665411878cf45811609ff67a.jpg\"></a></div><br>Genres/Tags: <strong>Adventure, RPG, Third-person, 3D</strong><br>Companies: <strong>Variable State, Annapurna Interactive</strong><br>Languages: <strong>RUS/ENG/MULTI13</strong><br>Original Size: <strong>5.3 GB</strong><br>Repack Size: <strong>3.3 GB</strong></p>&nbsp;<div>&nbsp;</div><h3>Download Mirrors</h3><ul><li><a href=\"https://1337x.to/torrent/4929932/Last-Stop-MULTi13-FitGirl-Repack/\" target=\"_blank\" rel=\"noopener\">1337x</a> | [<a href=\"magnet:?xt=urn:btih:177BF320EDB6A1AE9FF33CF3FA53296F2ACF150E&amp;dn=Last+Stop+%28MULTi13%29+%5BFitGirl+Repack%5D&amp;tr=udp%3A%2F%2F46.148.18.250%3A2710&amp;tr=udp%3A%2F%2Fopentor.org%3A2710&amp;tr=udp%3A%2F%2Ftracker.coppersurfer.tk%3A6969%2Fannounce&amp;tr=udp%3A%2F%2Ftracker.opentrackr.org%3A1337%2Fannounce&amp;tr=http%3A%2F%2Ftracker.dler.org%3A6969%2Fannounce&amp;tr=udp%3A%2F%2Ftracker.leechers-paradise.org%3A6969%2Fannounce&amp;tr=udp%3A%2F%2F9.rarbg.me%3A2730%2Fannounce&amp;tr=udp%3A%2F%2F9.rarbg.to%3A2770%2Fannounce&amp;tr=udp%3A%2F%2Ftracker.pirateparty.gr%3A6969%2Fannounce&amp;tr=http%3A%2F%2Fretracker.local%2Fannounce&amp;tr=http%3A%2F%2Fretracker.ip.ncnet.ru%2Fannounce&amp;tr=udp%3A%2F%2Fexodus.desync.com%3A6969%2Fannounce&amp;tr=udp%3A%2F%2Fipv4.tracker.harry.lu%3A80%2Fannounce&amp;tr=udp%3A%2F%2Fopen.stealth.si%3A80%2Fannounce&amp;tr=udp%3A%2F%2Ftracker.zer0day.to%3A1337%2Fannounce&amp;tr=udp%3A%2F%2Ftracker.leechers-paradise.org%3A6969%2Fannounce&amp;tr=udp%3A%2F%2Fcoppersurfer.tk%3A6969%2Fannounce\">magnet</a>] [<a href=\"https://pastefg.hermietkreeft.site/?63bc90d58d26d725#6ThAQCXktVKuE9ay8ucKG935PGPyrQYgRGtEtbTErb9j\" target=\"_blank\" rel=\"noopener\">.torrent file only</a>] <br><img src=\"https://torrent-stats.info/3cf3/113d9c3c6.png\" style=\"display:block;clear:both\"></li><li><a href=\"http://rutor.info/torrent/826527/last-stop-2021-pc-repack-ot-fitgirl\" target=\"_blank\" rel=\"noopener\">RuTor</a> [<a href=\"magnet:?xt=urn:btih:177bf320edb6a1ae9ff33cf3fa53296f2acf150e&amp;dn=rutor.info_Last+Stop+%282021%29+PC+%7C+RePack+%D0%BE%D1%82+FitGirl&amp;tr=udp://opentor.org:2710&amp;tr=udp://opentor.org:2710&amp;tr=http://retracker.local/announce\">magnet</a>]</li><li><a href=\"https://tapochek.net/viewtopic.php?p=2790625\" target=\"_blank\" rel=\"noopener\">Tapochek.net</a></li><li><a href=\"https://pastefg.hermietkreeft.site/?342b0865888618d2#GqiQLe6PED1qgaEw7zvhdTPgF73STRpQbdJNMo4U24Zo\" target=\"_blank\" rel=\"noopener\">Filehoster: MultiUpload</a> (10+ hosters, interchangeable) [Use <a href=\"http://jdownloader.org/jdownloader2\" target=\"_blank\" rel=\"noopener\">JDownloader2</a>]</li><li><a href=\"https://pastefg.hermietkreeft.site/?e983653bc2a66e0a#HZuzJFQoV5fCbw6GsGYU9hF9qwrmPwRpk47bycjFikPv\" target=\"_blank\" rel=\"noopener\">Filehoster: PixelDrain</a></li><li><a href=\"https://pastefg.hermietkreeft.site/?b69e56820f84ce44#Di2NBSRFowPcDm1CFxtLedNwcvz7Ufzt4BNbgm1NBPzq\" target=\"_blank\" rel=\"noopener\">Filehoster: ZippyShare</a></li><li><a href=\"https://pastefg.hermietkreeft.site/?17d2b983d1d23224#ERTQkATx3PeE4mGmKiriDC3D6cwce9Mf8m9xMLYAdReX\" target=\"_blank\" rel=\"noopener\">Filehoster: LetsUpload</a> [Use <a href=\"http://jdownloader.org/jdownloader2\" target=\"_blank\" rel=\"noopener\">JDownloader2</a>]</li><li><a href=\"https://crackhub.site/last-stop-fitgirl-repack/\" target=\"_blank\" rel=\"noopener\">Filehosters: Google Drive, OneDrive + others</a> (Uploaded by crackhub213)</li><li><a href=\"https://pastefg.hermietkreeft.site/?3d6f292b01898992#6QxjR2xWaze5N2Q7q9VANqmmjPHAJfh8oobUL4jKABky\" target=\"_blank\" rel=\"noopener\">Filehoster: OneDrive</a> (Uploaded by DyR0 t(-_-t), NOT compatible with other mirrors)</li></ul><p><a href=\"https://cs.rin.ru/forum/viewtopic.php?f=10&amp;t=103353\" target=\"_blank\" rel=\"noopener\">Discussion and (possible) future updates on CS.RIN.RU thread</a></p><h3>Screenshots (Click to enlarge)</h3><p><a target=\"_blank\" href=\"https://en.riotpixels.com/games/last-stop/screenshots/12/?utm_source=emb-gfx-html&amp;utm_medium=image&amp;utm_campaign=rp-mass\" rel=\"noopener\"><img loading=\"lazy\" width=\"178\" height=\"100\" border=\"0\" src=\"https://s01.riotpixels.net/data/fe/cd/fecd85db-46b6-4f46-b2ef-ca7298c65b98.jpg.240p.jpg\"></a><a target=\"_blank\" href=\"https://en.riotpixels.com/games/last-stop/screenshots/10/?utm_source=emb-gfx-html&amp;utm_medium=image&amp;utm_campaign=rp-mass\" rel=\"noopener\"><img loading=\"lazy\" width=\"178\" height=\"100\" border=\"0\" src=\"https://s01.riotpixels.net/data/e1/0d/e10de2f4-e5f2-4643-9cb3-284a2ca27489.jpg.240p.jpg\"></a><a target=\"_blank\" href=\"https://en.riotpixels.com/games/last-stop/screenshots/9/?utm_source=emb-gfx-html&amp;utm_medium=image&amp;utm_campaign=rp-mass\" rel=\"noopener\"><img loading=\"lazy\" width=\"178\" height=\"100\" border=\"0\" src=\"https://s01.riotpixels.net/data/70/3e/703e8a9e-8f63-4be2-97f5-209ee6ee6816.jpg.240p.jpg\"></a><br><a target=\"_blank\" href=\"https://en.riotpixels.com/games/last-stop/screenshots/6/?utm_source=emb-gfx-html&amp;utm_medium=image&amp;utm_campaign=rp-mass\" rel=\"noopener\"><img loading=\"lazy\" width=\"178\" height=\"100\" border=\"0\" src=\"https://s01.riotpixels.net/data/40/d9/40d9cbb1-c254-450f-bff5-fc132afadae8.jpg.240p.jpg\"></a><a target=\"_blank\" href=\"https://en.riotpixels.com/games/last-stop/screenshots/4/?utm_source=emb-gfx-html&amp;utm_medium=image&amp;utm_campaign=rp-mass\" rel=\"noopener\"><img loading=\"lazy\" width=\"178\" height=\"100\" border=\"0\" src=\"https://s01.riotpixels.net/data/35/25/35257f01-7d65-48aa-91fc-775cac769b3d.jpg.240p.jpg\"></a><a target=\"_blank\" href=\"https://en.riotpixels.com/games/last-stop/screenshots/1/?utm_source=emb-gfx-html&amp;utm_medium=image&amp;utm_campaign=rp-mass\" rel=\"noopener\"><img loading=\"lazy\" width=\"178\" height=\"100\" border=\"0\" src=\"https://s01.riotpixels.net/data/3e/3d/3e3d3049-90a3-41c4-890d-ede7f354da62.jpg.240p.jpg\"></a></p><h3>Repack Features</h3><ul><li>Based on Last.Stop-CODEX ISO release: codex-last.stop.iso (5,667,291,136 bytes)</li><li>100% Lossless &amp; MD5 Perfect: all files are identical to originals after installation</li><li>NOTHING ripped, NOTHING re-encoded</li><li>Significantly smaller archive size (compressed from 5.3 to 3.3 GB)</li><li>Installation takes 5-10 minutes (depending on your system)</li><li>After-install integrity check so you could make sure that everything installed properly</li><li>HDD space after installation: 6.2 GB (11.5 GB during installation)</li><li>Language can be changed in game settings</li><li>At least 2 GB of free RAM (inc. virtual) required for installing this repack</li></ul><div ><div><h2>Game Description</h2></div><div >A video game about secret lives, the ties that bind and how magic can be found in the mundane.<p>Last Stop is a single-player third-person adventure set in present day London.</p><p>Written and developed by Variable State, creators of the award-winning Virginia, Last Stop tells three interconnected tales featuring three playable main characters.</p><p><b><h3>Game Features</h3></b></p><ul><li><b>Donna</b> \u2013 a spaced-out high-schooler who feels trapped by her stifling home life and her overprotective big sister. Away from home, Donna seeks teenage thrills with her friends Becky and Vivek, but gets more than she bargained for when the trio become unexpected kidnappers in a game of amateur detective gone wrong.</li><li><b>John</b> \u2013 an overworked middle-aged single dad. Burdened with debt and the pressures of being an only parent, John jealously pines after the free and easy life of his twenty-something bachelor neighbour, Jack. When the pair unwittingly fall foul of a vengeful stranger, a cursed artefact threatens to transform their lives forever.</li><li><b>Meena</b> \u2013 a ruthlessly ambitious professional who struggles to find the same satisfaction with her family that she does in the thrill of her work. As Meena vies with an upstart colleague for a crucial promotion, something ancient stirs in the basement beneath her workplace.</li><li>Last Stop is fully voice acted, featuring hours of dialogue and a voice cast of dozens, with performances from some of the brightest talent in the UK today, including rising star Lulu Simpson as Molly Smith.</li><li>Last Stop features an original soundtrack by BAFTA award winning composer Lyndon Holland, performed by the Prague Philharmonic Orchestra.</li><li>Roleplay as 3 unique characters. Make choices to shape their conversations. Walk in their shoes and discover where their individual stories lead.</li></ul></div></div>             </div>"
}