{
    "link": "https://fitgirl-repacks.site/last-light/",
    "title": "Last Light",
    "first_img": "https://i1.imageban.ru/out/2021/08/26/2531fd0514c1bb33249020d3a6f08606.jpg",
    "second_img": "https://s01.riotpixels.net/data/33/46/334653b2-ff07-45e1-9c7e-29f0fd56b413.jpg.240p.jpg",
    "body": "<div ><h2>Last Light</h2><p ><div><a target=\"_blank\" href=\"https://en.riotpixels.com/games/last-light/\" rel=\"noopener\"><img class=\"alignleft\" width=\"150\" src=\"https://i1.imageban.ru/out/2021/08/26/2531fd0514c1bb33249020d3a6f08606.jpg\"></a></div><br>Genres/Tags: <strong>Adventure, Horror, Top-Down, 2D</strong><br>Companies: <strong>Team Corn Field, CREST</strong><br>Languages: <strong>ENG/MULTI5</strong><br>Original Size: <strong>1.7 GB</strong><br>Repack Size: <strong>1 GB</strong></p>&nbsp;<div>&nbsp;</div><h3>Download Mirrors</h3><ul><li><a href=\"https://1337x.to/torrent/4964860/Last-Light-MULTi5-FitGirl-Repack/\" target=\"_blank\" rel=\"noopener\">1337x</a> | [<a href=\"magnet:?xt=urn:btih:2E3CF9AC71B8D76A3B5C27095CB3FE3E4ABEA010&amp;dn=Last+Light+%28MULTi5%29+%5BFitGirl+Repack%5D&amp;tr=udp%3A%2F%2F46.148.18.250%3A2710&amp;tr=udp%3A%2F%2Fopentor.org%3A2710&amp;tr=udp%3A%2F%2Ftracker.coppersurfer.tk%3A6969%2Fannounce&amp;tr=udp%3A%2F%2Ftracker.opentrackr.org%3A1337%2Fannounce&amp;tr=http%3A%2F%2Ftracker.dler.org%3A6969%2Fannounce&amp;tr=udp%3A%2F%2Ftracker.leechers-paradise.org%3A6969%2Fannounce&amp;tr=udp%3A%2F%2F9.rarbg.me%3A2730%2Fannounce&amp;tr=udp%3A%2F%2F9.rarbg.to%3A2770%2Fannounce&amp;tr=udp%3A%2F%2Ftracker.pirateparty.gr%3A6969%2Fannounce&amp;tr=http%3A%2F%2Fretracker.local%2Fannounce&amp;tr=http%3A%2F%2Fretracker.ip.ncnet.ru%2Fannounce&amp;tr=udp%3A%2F%2Fexodus.desync.com%3A6969%2Fannounce&amp;tr=udp%3A%2F%2Fipv4.tracker.harry.lu%3A80%2Fannounce&amp;tr=udp%3A%2F%2Fopen.stealth.si%3A80%2Fannounce&amp;tr=udp%3A%2F%2Ftracker.zer0day.to%3A1337%2Fannounce&amp;tr=udp%3A%2F%2Ftracker.leechers-paradise.org%3A6969%2Fannounce&amp;tr=udp%3A%2F%2Fcoppersurfer.tk%3A6969%2Fannounce\">magnet</a>] [<a href=\"https://pastefg.hermietkreeft.site/?2a3350ac08719cbd#3PeTZZy8cwnLutLiX3bo2wQMAidgLTYUsHYS2FF13QqF\" target=\"_blank\" rel=\"noopener\">.torrent file only</a>] <br><img src=\"https://torrent-stats.info/2709/b1e7f6ae.png\" style=\"display:block;clear:both\"></li><li><a href=\"https://tapochek.net/viewtopic.php?p=2796934\" target=\"_blank\" rel=\"noopener\">Tapochek.net</a></li><li><a href=\"https://pastefg.hermietkreeft.site/?106ae1785be51515#9iRXMcNBV92bMWbmfYHcttk4ni9WAaz3XpKvx8SxS6Dm\" target=\"_blank\" rel=\"noopener\">Filehoster: MultiUpload</a> (10+ hosters, interchangeable) [Use <a href=\"http://jdownloader.org/jdownloader2\" target=\"_blank\" rel=\"noopener\">JDownloader2</a>]</li><li><a href=\"https://pastefg.hermietkreeft.site/?9455264669089fc8#7GMHVZKTx4AynQA58z6VdMMYZb5ukvhnhG9t2R3o32NQ\" target=\"_blank\" rel=\"noopener\">Filehoster: PixelDrain</a></li><li><a href=\"https://pastefg.hermietkreeft.site/?86ab2e1589fb2c34#DsffNNLPEAjcy4YHoyeJnRPBqJ2r1kUaq5b5RBynPdL4\" target=\"_blank\" rel=\"noopener\">Filehoster: ZippyShare</a></li><li><a href=\"https://pastefg.hermietkreeft.site/?70431f200686973b#2u43Hz9hnE8iFABEtghP6LcjoqKbortqSGKuL7JH82vN\" target=\"_blank\" rel=\"noopener\">Filehoster: LetsUpload</a> [Use <a href=\"http://jdownloader.org/jdownloader2\" target=\"_blank\" rel=\"noopener\">JDownloader2</a>]</li><li><a href=\"https://pastefg.hermietkreeft.site/?949cae7adffe6968#9WkqhtXUnFiDLP6d7N6t5JJL1Kms9Z1H5cfAt9Hw3w6C\" target=\"_blank\" rel=\"noopener\">Filehoster: OneDrive</a> (Uploaded by DyR0 t(-_-t), NOT compatible with other mirrors)</li></ul><p><a href=\"https://cs.rin.ru/forum/viewtopic.php?f=10&amp;t=114961\" target=\"_blank\" rel=\"noopener\">Discussion and (possible) future updates on CS.RIN.RU thread</a></p><h3>Screenshots (Click to enlarge)</h3><p><a target=\"_blank\" href=\"https://en.riotpixels.com/games/last-light/screenshots/13/?utm_source=emb-gfx-html&amp;utm_medium=image&amp;utm_campaign=rp-mass\" rel=\"noopener\"><img loading=\"lazy\" width=\"178\" height=\"100\" border=\"0\" src=\"https://s01.riotpixels.net/data/33/46/334653b2-ff07-45e1-9c7e-29f0fd56b413.jpg.240p.jpg\"></a><a target=\"_blank\" href=\"https://en.riotpixels.com/games/last-light/screenshots/9/?utm_source=emb-gfx-html&amp;utm_medium=image&amp;utm_campaign=rp-mass\" rel=\"noopener\"><img loading=\"lazy\" width=\"178\" height=\"100\" border=\"0\" src=\"https://s01.riotpixels.net/data/7e/bd/7ebdb4de-4e6b-45f4-90e6-b7b67fca1ac8.jpg.240p.jpg\"></a><a target=\"_blank\" href=\"https://en.riotpixels.com/games/last-light/screenshots/6/?utm_source=emb-gfx-html&amp;utm_medium=image&amp;utm_campaign=rp-mass\" rel=\"noopener\"><img loading=\"lazy\" width=\"178\" height=\"100\" border=\"0\" src=\"https://s01.riotpixels.net/data/99/b4/99b4dd8c-77ed-4a87-a080-44a947c12d95.jpg.240p.jpg\"></a><br><a target=\"_blank\" href=\"https://en.riotpixels.com/games/last-light/screenshots/5/?utm_source=emb-gfx-html&amp;utm_medium=image&amp;utm_campaign=rp-mass\" rel=\"noopener\"><img loading=\"lazy\" width=\"178\" height=\"100\" border=\"0\" src=\"https://s01.riotpixels.net/data/fc/4c/fc4c32a7-429a-4b68-b751-250193f07a31.jpg.240p.jpg\"></a><a target=\"_blank\" href=\"https://en.riotpixels.com/games/last-light/screenshots/3/?utm_source=emb-gfx-html&amp;utm_medium=image&amp;utm_campaign=rp-mass\" rel=\"noopener\"><img loading=\"lazy\" width=\"178\" height=\"100\" border=\"0\" src=\"https://s01.riotpixels.net/data/f9/ec/f9ec4543-12a7-4611-9918-42e244936b59.jpg.240p.jpg\"></a><a target=\"_blank\" href=\"https://en.riotpixels.com/games/last-light/screenshots/2/?utm_source=emb-gfx-html&amp;utm_medium=image&amp;utm_campaign=rp-mass\" rel=\"noopener\"><img loading=\"lazy\" width=\"178\" height=\"100\" border=\"0\" src=\"https://s01.riotpixels.net/data/86/55/8655f0fb-b066-41d4-afb5-747f06fa4ef4.jpg.240p.jpg\"></a></p><h3>Repack Features</h3><ul><li>Based on Last.Light-PLAZA ISO release: plaza-last.light.iso (1,824,751,616 bytes)</li><li>Alternative Goldberg crack is available in NoDVD folder after installation in case the game will start crashing for you; thanks to loladass!</li><li>100% Lossless &amp; MD5 Perfect: all files are identical to originals after installation</li><li>NOTHING ripped, NOTHING re-encoded</li><li>Significantly smaller archive size (compressed from 1.7 to 1 GB)</li><li>Installation takes 1-2 minutes</li><li>After-install integrity check so you could make sure that everything installed properly</li><li>HDD space after installation: 1.7 GB</li><li>Language can be changed in game settings</li><li>Repack uses XTool library by Razor12911</li><li>At least 2 GB of free RAM (inc. virtual) required for installing this repack</li></ul><div ><div><h2>Game Description</h2></div><div ><b>It all takes place in a dark, ABANDONed hospital.</b><br>The hospital is enclosed in darkness.<br>All you have to light your way, is a flashlight, and the dim glow of candles\u2026<p>Who awaits Lumi in the darkness?<br>Those who conceal themselves in the dark\u2026<br>Those who sense your presence by catching the faintest of sounds\u2026</p><p>Being ambushed by a demon completely out of the blue, or out of the dark, rather?<br>That is the kind of experience this game will deliver.</p><p><b>Utilize items to WARD off demons!</b><br>If a demon finds you, don\u2019t hesitate to run.<br>Having the courage to flee may be your most important tactic.<br>The key points to this game are the hospital\u2019s geography, lockers, and items.</p><p>Items that can be found in the field include those for improving visibility,<br>and for directly opposing the demons.<br>Make sure to put them to good use!</p><p><b>GRASPing the past, may only lead to deepening the abyss.</b><br>Diaries, serving as clues to what happened in the tragedy-stricken past,<br>can be found throughout the hospital.</p><p>A characteristic of this game is that the difficulty gradually rises as the story progresses.<br>Even for those who feel the game lacks a bit in challenge,<br>there will be an utterly despairing ending waiting for you.</p></div></div>             </div>"
}