{
    "link": null,
    "title": "Legend of Mana + Ryujinx Emu for PC",
    "first_img": "https://i1.imageban.ru/out/2021/07/13/b922a38e44b144c3764be7ebadba0501.jpg",
    "second_img": [],
    "body": "<div ><h2>Legend of Mana + Ryujinx Emu for PC</h2><p ><div><a target=\"_blank\" href=\"https://en.riotpixels.com/games/legend-of-mana/\" rel=\"noopener\"><img class=\"alignleft\" width=\"150\" src=\"https://i1.imageban.ru/out/2021/07/13/b922a38e44b144c3764be7ebadba0501.jpg\"></a></div><br>Genres/Tags: <strong>RPG, Side, 2D, Japanese</strong><br>Companies: <strong>Square, M2, Square Enix</strong><br>Languages: <strong>ENG/MULTI8</strong><br>Original Size: <strong>5.4 GB</strong><br>Repack Size: <strong>4 GB</strong></p>&nbsp;<div>&nbsp;</div><h3>Download Mirrors</h3><ul><li><a href=\"https://1337x.to/torrent/4903913/Legend-of-Mana-Ryujinx-Emu-for-PC-MULTi8-FitGirl-Repack/\" target=\"_blank\" rel=\"noopener\">1337x</a> | [<a href=\"magnet:?xt=urn:btih:AE024716123BA87367687578861A8951F8354E4B&amp;dn=Legend+of+Mana+%28%2B+Ryujinx+Emu+for+PC%2C+MULTi8%29+%5BFitGirl+Repack%5D&amp;tr=udp%3A%2F%2F46.148.18.250%3A2710&amp;tr=udp%3A%2F%2Fopentor.org%3A2710&amp;tr=udp%3A%2F%2Ftracker.coppersurfer.tk%3A6969%2Fannounce&amp;tr=udp%3A%2F%2Ftracker.opentrackr.org%3A1337%2Fannounce&amp;tr=http%3A%2F%2Ftracker.dler.org%3A6969%2Fannounce&amp;tr=udp%3A%2F%2Ftracker.leechers-paradise.org%3A6969%2Fannounce&amp;tr=udp%3A%2F%2F9.rarbg.me%3A2730%2Fannounce&amp;tr=udp%3A%2F%2F9.rarbg.to%3A2770%2Fannounce&amp;tr=udp%3A%2F%2Ftracker.pirateparty.gr%3A6969%2Fannounce&amp;tr=http%3A%2F%2Fretracker.local%2Fannounce&amp;tr=http%3A%2F%2Fretracker.ip.ncnet.ru%2Fannounce&amp;tr=udp%3A%2F%2Fexodus.desync.com%3A6969%2Fannounce&amp;tr=udp%3A%2F%2Fipv4.tracker.harry.lu%3A80%2Fannounce&amp;tr=udp%3A%2F%2Fopen.stealth.si%3A80%2Fannounce&amp;tr=udp%3A%2F%2Ftracker.zer0day.to%3A1337%2Fannounce&amp;tr=udp%3A%2F%2Ftracker.leechers-paradise.org%3A6969%2Fannounce&amp;tr=udp%3A%2F%2Fcoppersurfer.tk%3A6969%2Fannounce\">magnet</a>] [<a href=\"https://pastefg.hermietkreeft.site/?b1c93838ebba5a0a#53PXnBoSX7LC8VyYakAiRXKZi4QekeH9G6dX5XfuT7S9\" target=\"_blank\" rel=\"noopener\">.torrent file only</a>] <br><img src=\"https://torrent-stats.info/7578/210ca5858.png\" style=\"display:block;clear:both\"></li><li><a href=\"https://tapochek.net/viewtopic.php?p=2786278\" target=\"_blank\" rel=\"noopener\">Tapochek.net</a></li><li><a href=\"https://pastefg.hermietkreeft.site/?977e95eccd8e2c57#6qUzuHChZ27P4vr6DfkrdM82n66Y8AmUUoddVU3zhJ71\" target=\"_blank\" rel=\"noopener\">Filehoster: MultiUpload</a> (10+ hosters, interchangeable) [Use <a href=\"http://jdownloader.org/jdownloader2\" target=\"_blank\" rel=\"noopener\">JDownloader2</a>]</li><li><a href=\"https://pastefg.hermietkreeft.site/?d8d9df02c299640d#7rWSqi9vPkwYCSsXvBwpkEyRjM8eDs5ddu54XRkbjuQt\" target=\"_blank\" rel=\"noopener\">Filehoster: PixelDrain</a></li><li><a href=\"https://pastefg.hermietkreeft.site/?d458e5a6d72fb0e1#5Xnq3GR5XxxY5Zt6TriciRhTuamRDFc7GEF6mLG98oCa\" target=\"_blank\" rel=\"noopener\">Filehoster: LetsUpload</a> [Use <a href=\"http://jdownloader.org/jdownloader2\" target=\"_blank\" rel=\"noopener\">JDownloader2</a>]</li><li><a href=\"https://crackhub.site/legend-of-mana-ryujinx-emu-for-pc-fitgirl-repack/\" target=\"_blank\" rel=\"noopener\">Filehosters: Google Drive, OneDrive + others</a> (Uploaded by crackhub213)</li><li><a href=\"https://pastefg.hermietkreeft.site/?e47ccc9eeb6a6bfb#Ed4PoB9exE3GtNCkS3XaUTQHZatFZBMeWsAU88ZvAvj8\" target=\"_blank\" rel=\"noopener\">Filehoster: OneDrive</a> (Uploaded by DyR0 t(-_-t), NOT compatible with other mirrors)</li></ul><h3>Screenshots (Click to enlarge)</h3><p><a target=\"_blank\" href=\"https://en.riotpixels.com/games/legend-of-mana/screenshots/34/?utm_source=emb-gfx-html&amp;utm_medium=image&amp;utm_campaign=rp-mass\" rel=\"noopener\"><img loading=\"lazy\" width=\"178\" height=\"100\" border=\"0\" src=\"https://s01.riotpixels.net/data/8b/05/8b05ebf0-05b2-474e-8e13-8ed26638965d.jpg.240p.jpg\"></a><a target=\"_blank\" href=\"https://en.riotpixels.com/games/legend-of-mana/screenshots/32/?utm_source=emb-gfx-html&amp;utm_medium=image&amp;utm_campaign=rp-mass\" rel=\"noopener\"><img loading=\"lazy\" width=\"178\" height=\"100\" border=\"0\" src=\"https://s01.riotpixels.net/data/b9/fa/b9faec99-a1fd-4d29-addf-ec9c767637eb.jpg.240p.jpg\"></a><a target=\"_blank\" href=\"https://en.riotpixels.com/games/legend-of-mana/screenshots/29/?utm_source=emb-gfx-html&amp;utm_medium=image&amp;utm_campaign=rp-mass\" rel=\"noopener\"><img loading=\"lazy\" width=\"178\" height=\"100\" border=\"0\" src=\"https://s01.riotpixels.net/data/c7/5e/c75e97c7-6d7c-4374-907e-e03cfcb6a6a9.jpg.240p.jpg\"></a><br><a target=\"_blank\" href=\"https://en.riotpixels.com/games/legend-of-mana/screenshots/14/?utm_source=emb-gfx-html&amp;utm_medium=image&amp;utm_campaign=rp-mass\" rel=\"noopener\"><img loading=\"lazy\" width=\"178\" height=\"100\" border=\"0\" src=\"https://s01.riotpixels.net/data/38/72/3872a3ee-6f0f-4b55-846b-0ac52c8f9490.jpg.240p.jpg\"></a><a target=\"_blank\" href=\"https://en.riotpixels.com/games/legend-of-mana/screenshots/11/?utm_source=emb-gfx-html&amp;utm_medium=image&amp;utm_campaign=rp-mass\" rel=\"noopener\"><img loading=\"lazy\" width=\"178\" height=\"100\" border=\"0\" src=\"https://s01.riotpixels.net/data/32/09/3209b252-9b1c-4254-8c7a-5f7ee21d5417.jpg.240p.jpg\"></a><a target=\"_blank\" href=\"https://en.riotpixels.com/games/legend-of-mana/screenshots/8/?utm_source=emb-gfx-html&amp;utm_medium=image&amp;utm_campaign=rp-mass\" rel=\"noopener\"><img loading=\"lazy\" width=\"178\" height=\"100\" border=\"0\" src=\"https://s01.riotpixels.net/data/3e/27/3e27f19a-9365-426d-907a-f5a43b18e0b9.jpg.240p.jpg\"></a></p><h3>Repack Features</h3><ul><li>Based on Switch scene Legend_of_Mana_NSW-VENOM release: 5 GB</li><li>Ryujinx Switch emulator v1.0.6939 (47 MB) is included</li><li>Switch Firmware v11.0.1 (317 MB) added as a requirement for Ryujinx</li><li>100% Lossless, but NOT MD5 Perfect: encryption was removed for better repack size</li><li>NOTHING ripped, NOTHING re-encoded</li><li>Smaller archive size (compressed from cumulative 5.4 to 4 GB)</li><li>Installation takes 3-5 minutes</li><li>After-install integrity check so you could make sure that everything installed properly</li><li>HDD space after installation: 5.5 GB</li><li>Language can be changed in game settings</li><li>At least 2 GB of free RAM (inc. virtual) required for installing this repack</li><li>Repack uses XTool library by Razor12911</li></ul><div ><div><h2>Game Description</h2></div><div >The HD Remaster of Legend of Mana is coming to Ryujinx Switch Emulator!<p>Set off on a journey to find the mystical Mana Tree seen in a dream, before discovering\u2026 the world map is empty! During your travels, you\u2019ll acquire special artifacts; place these wherever you\u2019d like on the map to bring towns and dungeons to life and advance the story.</p><p>Meet a colorful cast of characters, square off against fearsome monsters, and explore the vast world of Fa\u2019Diel. Not only has the music has been rearranged for this remaster, you can also alternate between the new and original soundtrack. Other features have also been added, including the ability to turn off enemy encounters, and the never-before released mini-game \u201cRing Ring Land\u201d.</p><p><b><h3>Game Features</h3></b></p><ul><li>THE CLASSIC, REMASTERED \u2013 All the magic of the original Legend of Mana, coming to Steam with remastered graphics and new features.</li><li>SHAPE YOUR ENVIRONMENT \u2013 Featuring the unique \u201cLand Make\u201d System in which you can build your own World Map.</li><li>COMPELLING NARRATIVE \u2013 Complete quests and storylines</li><li>REAL-TIME COMBAT \u2013 Equip a variety of weapons, armors and accessories in exciting battles.</li><li>MINI-GAME \u2013 Includes \u201cRing Ring Land\u201d, a mini game previously unreleased in the West</li></ul></div></div><p><b>Cross-repack compatibility</b></p><p>If you have downloaded and still have some of my Ryujinx-powered repacks, you can use fg-ryujinx-firmware-11.0.1.bin from any of those and save 316 MB of traffic.</p>             </div>"
}