{
    "link": "https://fitgirl-repacks.site/lego-builders-journey/",
    "title": "LEGO Builder\u2019s Journey \u2013 v2.0 (327)",
    "first_img": "https://i115.fastpic.ru/big/2021/0623/f5/1e0ea83324da61cec0a6d40a83d503f5.jpg",
    "second_img": "https://s01.riotpixels.net/data/b8/fd/b8fd16e6-c8ec-4997-bba8-873368d4cce5.jpg.240p.jpg",
    "body": "<div ><h2>LEGO Builder\u2019s Journey \u2013 v2.0 (327)</h2><p ><div><a target=\"_blank\" href=\"https://en.riotpixels.com/games/lego-builders-journey/\" rel=\"noopener\"><img class=\"alignleft\" width=\"150\" src=\"https://i115.fastpic.ru/big/2021/0623/f5/1e0ea83324da61cec0a6d40a83d503f5.jpg\"></a></div><br>Genres/Tags: <strong>Logic, Puzzle, Isometric, 3D</strong><br>Companies: <strong>Light Brick Studio, LEGO Games</strong><br>Languages: <strong>RUS/ENG/MULTI16</strong><br>Original Size: <strong>783 MB</strong><br>Repack Size: <strong>439 MB</strong></p>&nbsp;<div>&nbsp;</div><h3>Download Mirrors</h3><ul><li><a href=\"https://1337x.to/torrent/4899913/LEGO-Builder-s-Journey-v2-0-327-MULTi16-FitGirl-Repack/\" target=\"_blank\" rel=\"noopener\">1337x</a> | [<a href=\"magnet:?xt=urn:btih:15E0A5D6F37EA9DF05C9896FA70E9C43CA6311D8&amp;dn=LEGO+Builder%26rsquo%3Bs+Journey+%28v2.0%2F327%2C+MULTi16%29+%5BFitGirl+Repack%5D&amp;tr=udp%3A%2F%2F46.148.18.250%3A2710&amp;tr=udp%3A%2F%2Fopentor.org%3A2710&amp;tr=udp%3A%2F%2Ftracker.coppersurfer.tk%3A6969%2Fannounce&amp;tr=udp%3A%2F%2Ftracker.opentrackr.org%3A1337%2Fannounce&amp;tr=http%3A%2F%2Ftracker.dler.org%3A6969%2Fannounce&amp;tr=udp%3A%2F%2Ftracker.leechers-paradise.org%3A6969%2Fannounce&amp;tr=udp%3A%2F%2F9.rarbg.me%3A2730%2Fannounce&amp;tr=udp%3A%2F%2F9.rarbg.to%3A2770%2Fannounce&amp;tr=udp%3A%2F%2Ftracker.pirateparty.gr%3A6969%2Fannounce&amp;tr=http%3A%2F%2Fretracker.local%2Fannounce&amp;tr=http%3A%2F%2Fretracker.ip.ncnet.ru%2Fannounce&amp;tr=udp%3A%2F%2Fexodus.desync.com%3A6969%2Fannounce&amp;tr=udp%3A%2F%2Fipv4.tracker.harry.lu%3A80%2Fannounce&amp;tr=udp%3A%2F%2Fopen.stealth.si%3A80%2Fannounce&amp;tr=udp%3A%2F%2Ftracker.zer0day.to%3A1337%2Fannounce&amp;tr=udp%3A%2F%2Ftracker.leechers-paradise.org%3A6969%2Fannounce&amp;tr=udp%3A%2F%2Fcoppersurfer.tk%3A6969%2Fannounce\">magnet</a>] [<a href=\"https://pastefg.hermietkreeft.site/?a0bad7dc2fb390f6#AyrAmoYmm3K2QtNWrhJNwnJh3RhaUKkGpMwhngvcf6Rm\" target=\"_blank\" rel=\"noopener\">.torrent file only</a>] <br><img src=\"https://torrent-stats.info/896f/26a0797d9.png\" style=\"display:block;clear:both\"></li><li><a href=\"http://rutor.info/torrent/822348/lego-builders-journey-v-2.0-2021-pc-repack-ot-fitgirl\" target=\"_blank\" rel=\"noopener\">RuTor</a> [<a href=\"magnet:?xt=urn:btih:15e0a5d6f37ea9df05c9896fa70e9c43ca6311d8&amp;dn=rutor.info_LEGO+Builder%27s+Journey+%5Bv+2.0%5D+%282021%29+PC+%7C+RePack+%D0%BE%D1%82+FitGirl&amp;tr=udp://opentor.org:2710&amp;tr=udp://opentor.org:2710&amp;tr=http://retracker.local/announce\">magnet</a>]</li><li><a href=\"https://tapochek.net/viewtopic.php?p=2785524\" target=\"_blank\" rel=\"noopener\">Tapochek.net</a></li><li><a href=\"https://pastefg.hermietkreeft.site/?4ded71bf0a96961d#6SNce1VYASJqBnzcUBXXuTSDt7D3a1eLtSxGcnoDjKod\" target=\"_blank\" rel=\"noopener\">Filehoster: MultiUpload</a> (10+ hosters, interchangeable) [Use <a href=\"http://jdownloader.org/jdownloader2\" target=\"_blank\" rel=\"noopener\">JDownloader2</a>]</li><li><a href=\"https://pastefg.hermietkreeft.site/?12c0e48264c4917c#8CwiCxUnkDtRhqALtfra91FT28AWTL2Yzkn2oaLuUC2m\" target=\"_blank\" rel=\"noopener\">Filehoster: PixelDrain</a></li><li><a href=\"https://pastefg.hermietkreeft.site/?bb98911927a7092d#551h663y6vDm45ZjaavsfXVDe9qGQ4Lqmrfd6mRsEcQp\" target=\"_blank\" rel=\"noopener\">Filehoster: LetsUpload</a> [Use <a href=\"http://jdownloader.org/jdownloader2\" target=\"_blank\" rel=\"noopener\">JDownloader2</a>]</li><li><a href=\"https://crackhub.site/lego-builders-journey-v2-0-327-fitgirl-repack/\" target=\"_blank\" rel=\"noopener\">Filehosters: Google Drive, OneDrive + others</a> (Uploaded by crackhub213)</li><li><a href=\"https://pastefg.hermietkreeft.site/?3f9ffbb7aa83fabf#2GEFFx7VnQn8ZmBYhWYFVAxcMFtG8zVwsvwYqkarEP1J\" target=\"_blank\" rel=\"noopener\">Filehoster: OneDrive</a> (Uploaded by DyR0 t(-_-t), NOT compatible with other mirrors)</li></ul><p><a href=\"https://cs.rin.ru/forum/viewtopic.php?f=10&amp;t=112664\" target=\"_blank\" rel=\"noopener\">Discussion and (possible) future updates on CS.RIN.RU thread</a></p><h3>Screenshots (Click to enlarge)</h3><p><a target=\"_blank\" href=\"https://en.riotpixels.com/games/lego-builders-journey/screenshots/5/?utm_source=emb-gfx-html&amp;utm_medium=image&amp;utm_campaign=rp-mass\" rel=\"noopener\"><img loading=\"lazy\" width=\"178\" height=\"100\" border=\"0\" src=\"https://s01.riotpixels.net/data/b8/fd/b8fd16e6-c8ec-4997-bba8-873368d4cce5.jpg.240p.jpg\"></a><a target=\"_blank\" href=\"https://en.riotpixels.com/games/lego-builders-journey/screenshots/4/?utm_source=emb-gfx-html&amp;utm_medium=image&amp;utm_campaign=rp-mass\" rel=\"noopener\"><img loading=\"lazy\" width=\"178\" height=\"100\" border=\"0\" src=\"https://s01.riotpixels.net/data/bb/5a/bb5a52b3-cd3f-4bc9-9e6c-c9337ce64a1f.jpg.240p.jpg\"></a><a target=\"_blank\" href=\"https://en.riotpixels.com/games/lego-builders-journey/screenshots/3/?utm_source=emb-gfx-html&amp;utm_medium=image&amp;utm_campaign=rp-mass\" rel=\"noopener\"><img loading=\"lazy\" width=\"178\" height=\"100\" border=\"0\" src=\"https://s01.riotpixels.net/data/b6/04/b604d4c4-3b50-47ed-8978-b6e0d6e4e64e.jpg.240p.jpg\"></a><br><a target=\"_blank\" href=\"https://en.riotpixels.com/games/lego-builders-journey/screenshots/2/?utm_source=emb-gfx-html&amp;utm_medium=image&amp;utm_campaign=rp-mass\" rel=\"noopener\"><img loading=\"lazy\" width=\"178\" height=\"100\" border=\"0\" src=\"https://s01.riotpixels.net/data/b2/49/b249758e-8479-4fdf-a86d-cb8a5f1de171.jpg.240p.jpg\"></a><a target=\"_blank\" href=\"https://en.riotpixels.com/games/lego-builders-journey/screenshots/1/?utm_source=emb-gfx-html&amp;utm_medium=image&amp;utm_campaign=rp-mass\" rel=\"noopener\"><img loading=\"lazy\" width=\"178\" height=\"100\" border=\"0\" src=\"https://s01.riotpixels.net/data/7d/49/7d495ea9-feae-47d4-aec6-1f19a8154dbb.jpg.240p.jpg\"></a></p><h3>Repack Features</h3><ul><li>Based on LEGO_Builders_Journey-FLT ISO release: flt-lego_builders_journey.iso (820,817,920 bytes)</li><li>LEGO_Builders_Journey_Crackfix-FLT applied over</li><li>100% Lossless &amp; MD5 Perfect: all files are identical to originals after installation</li><li>NOTHING ripped, NOTHING re-encoded</li><li>Significantly smaller archive size (compressed from 783 to 439 MB)</li><li>Installation takes 15-30 seconds</li><li>After-install integrity check so you could make sure that everything installed properly</li><li>HDD space after installation: 2.2 GB</li><li>Language can be changed in game settings</li><li>Use one of two desktop icons to run the game either in classic graphics mode or with RTX option (works fine on non-RTX GPUs with perfomance hit)</li><li>At least 2 GB of free RAM (inc. virtual) required for installing this repack</li></ul><div ><div><h2>Game Description</h2></div><div >LEGO Builder\u2019s Journey is an atmospheric, geometric puzzle game that asks us to sometimes follow the instructions\u2026 and sometimes to break the rules.<p>Take your time to experiment with free-form puzzle solving while immersing yourself in a poetic world of LEGO\u00ae bricks. Throughout the narrative, there will be ups and downs, challenges, and celebrations. Figuring out who we are and what we become is the Builder\u2019s Journey.</p><p>The breathtaking LEGO brick world is brought to life with the most accurately rendered LEGO elements yet to feature on screens, including stunning ray tracing elements.</p></div></div>             </div>"
}