{
    "link": "https://fitgirl-repacks.site/lemnis-gate/",
    "title": "Lemnis Gate \u2013 v1.1.24736 + Mettle Mantis DLC",
    "first_img": "https://i1.imageban.ru/out/2021/09/29/8619064879c625af927c1ec68d34f415.jpg",
    "second_img": "https://s01.riotpixels.net/data/93/40/93400303-ae6d-44f1-84ad-256cb942e8e7.jpg.240p.jpg",
    "body": "<div ><h2>Lemnis Gate \u2013 v1.1.24736 + Mettle Mantis DLC</h2><p ><div><a target=\"_blank\" href=\"https://en.riotpixels.com/games/lemnis-gate/\" rel=\"noopener\"><img class=\"alignleft\" width=\"150\" src=\"https://i1.imageban.ru/out/2021/09/29/8619064879c625af927c1ec68d34f415.jpg\"></a></div><br>Genres/Tags: <strong>Action, Shooter, First-person, Turn-based, 3D</strong><br>Companies: <strong>Ratloop Games Canada, Frontier Foundry</strong><br>Languages: <strong>RUS/ENG/MULTI13</strong><br>Original Size: <strong>15.5 GB</strong><br>Repack Size: <strong>9.7 GB</strong></p>&nbsp;<div>&nbsp;</div><h3>Download Mirrors</h3><ul><li><a href=\"https://1337x.to/torrent/5000137/Lemnis-Gate-v1-1-24736-Mettle-Mantis-DLC-MULTi13-FitGirl-Repack/\" target=\"_blank\" rel=\"noopener\">1337x</a> | [<a href=\"magnet:?xt=urn:btih:E0071BF9287E2E060E8F470FD8C27882105DFB30&amp;dn=Lemnis+Gate+%28v1.1.24736+%2B+Mettle+Mantis+DLC%2C+MULTi13%29+%5BFitGirl+Repack%5D&amp;tr=udp%3A%2F%2F46.148.18.250%3A2710&amp;tr=udp%3A%2F%2Fopentor.org%3A2710&amp;tr=udp%3A%2F%2Ftracker.coppersurfer.tk%3A6969%2Fannounce&amp;tr=udp%3A%2F%2Ftracker.opentrackr.org%3A1337%2Fannounce&amp;tr=http%3A%2F%2Ftracker.dler.org%3A6969%2Fannounce&amp;tr=udp%3A%2F%2Ftracker.leechers-paradise.org%3A6969%2Fannounce&amp;tr=udp%3A%2F%2F9.rarbg.me%3A2730%2Fannounce&amp;tr=udp%3A%2F%2F9.rarbg.to%3A2770%2Fannounce&amp;tr=udp%3A%2F%2Ftracker.pirateparty.gr%3A6969%2Fannounce&amp;tr=http%3A%2F%2Fretracker.local%2Fannounce&amp;tr=http%3A%2F%2Fretracker.ip.ncnet.ru%2Fannounce&amp;tr=udp%3A%2F%2Fexodus.desync.com%3A6969%2Fannounce&amp;tr=udp%3A%2F%2Fipv4.tracker.harry.lu%3A80%2Fannounce&amp;tr=udp%3A%2F%2Fopen.stealth.si%3A80%2Fannounce&amp;tr=udp%3A%2F%2Ftracker.zer0day.to%3A1337%2Fannounce&amp;tr=udp%3A%2F%2Ftracker.leechers-paradise.org%3A6969%2Fannounce&amp;tr=udp%3A%2F%2Fcoppersurfer.tk%3A6969%2Fannounce\">magnet</a>] [<a href=\"https://pastefg.hermietkreeft.site/?257ca51b17eaf613#31qY5HGNkCa9dgKYkG3WJqsGsSdgnm97DBq88QmBU8zf\" target=\"_blank\" rel=\"noopener\">.torrent file only</a>] <br><img src=\"https://torrent-stats.info/470f/14657887d.png\" style=\"display:block;clear:both\"></li><li><a href=\"http://rutor.info/torrent/837044/lemnis-gate-v-1.1.24736-dlc-2021-pc-repack-ot-fitgirl\" target=\"_blank\" rel=\"noopener\">RuTor</a> [<a href=\"magnet:?xt=urn:btih:e0071bf9287e2e060e8f470fd8c27882105dfb30&amp;dn=rutor.info_Lemnis+Gate+%5Bv+1.1.24736+%2B+DLC%5D+%282021%29+PC+%7C+RePack+%D0%BE%D1%82+FitGirl&amp;tr=udp://opentor.net:6969&amp;tr=udp://opentor.org:2710&amp;tr=http://retracker.local/announce\">magnet</a>]</li><li><a href=\"https://tapochek.net/viewtopic.php?p=2803166\" target=\"_blank\" rel=\"noopener\">Tapochek.net</a></li><li><a href=\"https://pastefg.hermietkreeft.site/?8d567e04e1eb5795#d7xqtZm5CKDDxYHGYHhmD17pib8hAuJo4PpZi1JHTeK\" target=\"_blank\" rel=\"noopener\">Filehoster: MultiUpload</a> (10+ hosters, interchangeable) [Use <a href=\"http://jdownloader.org/jdownloader2\" target=\"_blank\" rel=\"noopener\">JDownloader2</a>]</li><li><a href=\"https://pastefg.hermietkreeft.site/?751073ca478a2996#3CB6ELR4AsJ1VpSYAHHMAkLFFRduYeRtVBbz67FMkeim\" target=\"_blank\" rel=\"noopener\">Filehoster: PixelDrain</a></li><li><a href=\"https://pastefg.hermietkreeft.site/?ef7d4912860a0d4e#H6mFrrE7qaoxUTTJh8tzrMN9q9W3bCjghey2oFZ1VuxZ\" target=\"_blank\" rel=\"noopener\">Filehoster: ZippyShare</a></li><li><a href=\"https://pastefg.hermietkreeft.site/?7a1ba5b2a49f45a5#BjXewgzZh8qbGbXrD3aT3jFeZRrTgdyewbvaBFuyzWFN\" target=\"_blank\" rel=\"noopener\">Filehoster: LetsUpload</a> [Use <a href=\"http://jdownloader.org/jdownloader2\" target=\"_blank\" rel=\"noopener\">JDownloader2</a>]</li><li><a href=\"https://pastefg.hermietkreeft.site/?5ac50679f6c39ccb#D5Bav5DP6jroAFux3oLcNVS45J6kdMzBAeYXJ3H7qak2\" target=\"_blank\" rel=\"noopener\">Filehoster: OneDrive</a> (Uploaded by DyR0 t(-_-t), NOT compatible with other mirrors)</li></ul><p><a href=\"https://cs.rin.ru/forum/viewtopic.php?f=10&amp;t=107469\" target=\"_blank\" rel=\"noopener\">Discussion and (possible) future updates on CS.RIN.RU thread</a></p><h3>Screenshots (Click to enlarge)</h3><p><a target=\"_blank\" href=\"https://en.riotpixels.com/games/lemnis-gate/screenshots/17/?utm_source=emb-gfx-html&amp;utm_medium=image&amp;utm_campaign=rp-mass\" rel=\"noopener\"><img loading=\"lazy\" width=\"178\" height=\"100\" border=\"0\" src=\"https://s01.riotpixels.net/data/93/40/93400303-ae6d-44f1-84ad-256cb942e8e7.jpg.240p.jpg\"></a><a target=\"_blank\" href=\"https://en.riotpixels.com/games/lemnis-gate/screenshots/16/?utm_source=emb-gfx-html&amp;utm_medium=image&amp;utm_campaign=rp-mass\" rel=\"noopener\"><img loading=\"lazy\" width=\"178\" height=\"100\" border=\"0\" src=\"https://s01.riotpixels.net/data/4c/2c/4c2ce0ac-ecb3-4015-b676-05da926bdb50.jpg.240p.jpg\"></a><a target=\"_blank\" href=\"https://en.riotpixels.com/games/lemnis-gate/screenshots/14/?utm_source=emb-gfx-html&amp;utm_medium=image&amp;utm_campaign=rp-mass\" rel=\"noopener\"><img loading=\"lazy\" width=\"178\" height=\"100\" border=\"0\" src=\"https://s01.riotpixels.net/data/58/e0/58e03ca1-33bf-4469-8ad0-f3706a492c43.jpg.240p.jpg\"></a><br><a target=\"_blank\" href=\"https://en.riotpixels.com/games/lemnis-gate/screenshots/12/?utm_source=emb-gfx-html&amp;utm_medium=image&amp;utm_campaign=rp-mass\" rel=\"noopener\"><img loading=\"lazy\" width=\"178\" height=\"100\" border=\"0\" src=\"https://s01.riotpixels.net/data/62/76/6276523f-5cc2-4431-a12c-4e56bbdaaa4e.jpg.240p.jpg\"></a><a target=\"_blank\" href=\"https://en.riotpixels.com/games/lemnis-gate/screenshots/9/?utm_source=emb-gfx-html&amp;utm_medium=image&amp;utm_campaign=rp-mass\" rel=\"noopener\"><img loading=\"lazy\" width=\"178\" height=\"100\" border=\"0\" src=\"https://s01.riotpixels.net/data/ca/0c/ca0c8100-6cf6-4319-817d-4f957a1fbdf0.jpg.240p.jpg\"></a><a target=\"_blank\" href=\"https://en.riotpixels.com/games/lemnis-gate/screenshots/8/?utm_source=emb-gfx-html&amp;utm_medium=image&amp;utm_campaign=rp-mass\" rel=\"noopener\"><img loading=\"lazy\" width=\"178\" height=\"100\" border=\"0\" src=\"https://s01.riotpixels.net/data/2e/d0/2ed0808e-52e1-452b-bf26-64650db0eb5f.jpg.240p.jpg\"></a></p><h3>Repack Features</h3><ul><li>Based on Lemnis.Gate-PLAZA ISO release: plaza-lemnis.gate.iso (16,607,772,672 bytes)</li><li>Mettle Mantis DLC is included and activated</li><li>100% Lossless &amp; MD5 Perfect: all files are identical to originals after installation</li><li>NOTHING ripped, NOTHING re-encoded</li><li>Significantly smaller archive size (compressed from 15.5 to 9.7 GB)</li><li>Installation takes 3-6 minutes (depending on your system)</li><li>After-install integrity check so you could make sure that everything installed properly</li><li>HDD space after installation: 28.3 GB</li><li>Language can be changed by editing \u201cEngine\\Binaries\\ThirdParty\\Steamworks\\Steamv147\\Win64\\steam_emu.ini\u201d file</li><li>Use one of two desktop icons (DirectX 11 or DirectX 12) to run the game. The 1st option is the only one working on Windows 7</li><li>At least 2 GB of free RAM (inc. virtual) required for installing this repack</li></ul><div ><div><h2>Game Description</h2></div><div >Lemnis Gate is a time-warping, turn-based, multiplayer combat strategy FPS. Over five alternating turns taking place in a 25\u201d time-loop, you are called to master the unique abilities of a varied cast of deep-space operatives and outskill, outsmart, and outmanoeuvre your opponent in mind-bending, four-dimensional battles.<p><b><h3>Game Features</h3></b></p><ul><li><b>THINK DIFFERENTLY:</b> Matches in Lemnis Gate take place within time loops. You have 25 seconds to execute your action, be it blasting an enemy, manoeuvring your operative, or setting up your next move. After all players have taken turns, the next 25-second round begins. Now you\u2019ll face what has happened while setting up what will happen. Each of the five rounds is your chance to alter the timeline as past, present, and future converge.</li><li><b>A TIME-BENDING TACTICAL SHOOTER:</b> With a varied cast of characters to choose from, how you play is up to you. Lay damaging toxic waste in your enemy\u2019s path, slow time to land the perfect shot, or deploy protective orbs to assist your future self. Every operative possesses a distinctive loadout and special ability that proves decisive on the battlefield.</li><li><b>TEAM UP WITH YOURSELF:</b> Welcome to the team comprised entirely of one: you. With Lemnis Gate\u2019s innovative auto co-op feature, you command every member of your side. Auto co-op gives you total control of five deep-space operatives, effectively enabling two competitors to duke it out in bustling ten-character matches. Become a literal one-person army.</li><li><b>COUNTLESS POSSIBILITIES, ENDLESS OUTCOMES:</b> From the first second to the last, anything can happen in Lemnis Gate. Each round is a fresh chance to implement an unbeatable new strategy \u2013 or earn redemption from an earlier error. Predict hostiles\u2019 routes, infiltrate enemy lines, and develop multi-layered gameplans by co-operating with yourself. Experiment both in and outside time, and get creative with causality.</li><li><b>A HOST OF MODES AND MATCHTYPES:</b> Create a match to your preference. Pick between a 1v1 and 2v2 contest, online or offline. Select your mode amongst three thrilling spins on established genre staples. There\u2019s Retrieve XM, in which you scramble to collect exotic matter and return it to your gate; Domination, which is about competing to capture zones; and Seek &amp; Destroy, where you attempt to wreck your opponent\u2019s Resistors. Whether teaming up with a friend for \u201chotseat\u201d local multiplayer, or pitting your operatives against online rivals, Lemnis Gate lets you set the board to suit your style.</li></ul></div></div>             </div>"
}