{
    "link": "https://fitgirl-repacks.site/library-of-ruina/",
    "title": "Library of Ruina \u2013 v1.1.0.5b1",
    "first_img": "https://i3.imageban.ru/out/2021/08/14/e6b38b49cee09b72f680fd9fc42431e9.jpg",
    "second_img": "https://s01.riotpixels.net/data/0d/5d/0d5d6c23-56db-494e-bba2-2af8bfc995bc.jpg.240p.jpg",
    "body": "<div ><h2>Library of Ruina \u2013 v1.1.0.5b1</h2><p ><div><a target=\"_blank\" href=\"https://en.riotpixels.com/games/library-of-ruina/\" rel=\"noopener\"><img class=\"alignleft\" width=\"150\" src=\"https://i3.imageban.ru/out/2021/08/14/e6b38b49cee09b72f680fd9fc42431e9.jpg\"></a></div><br>Genres/Tags: <strong>RPG, Deck-building, Side, Turn-based, 2D</strong><br>Company: <strong>ProjectMoon</strong><br>Languages: <strong>ENG/MULTI5</strong><br>Original Size: <strong>3.4 GB</strong><br>Repack Size: <strong>2.3 GB</strong></p>&nbsp;<div>&nbsp;</div><h3>Download Mirrors</h3><ul><li><a href=\"https://1337x.to/torrent/4952570/Library-of-Ruina-v1-1-0-5b1-MULTi5-FitGirl-Repack/\" target=\"_blank\" rel=\"noopener\">1337x</a> | [<a href=\"magnet:?xt=urn:btih:0B3786EB1A30A6D16C9436683B68DE4378BF428B&amp;dn=Library+of+Ruina+%28v1.1.0.5b1%2C+MULTi5%29+%5BFitGirl+Repack%5D&amp;tr=udp%3A%2F%2F46.148.18.250%3A2710&amp;tr=udp%3A%2F%2Fopentor.org%3A2710&amp;tr=udp%3A%2F%2Ftracker.coppersurfer.tk%3A6969%2Fannounce&amp;tr=udp%3A%2F%2Ftracker.opentrackr.org%3A1337%2Fannounce&amp;tr=http%3A%2F%2Ftracker.dler.org%3A6969%2Fannounce&amp;tr=udp%3A%2F%2Ftracker.leechers-paradise.org%3A6969%2Fannounce&amp;tr=udp%3A%2F%2F9.rarbg.me%3A2730%2Fannounce&amp;tr=udp%3A%2F%2F9.rarbg.to%3A2770%2Fannounce&amp;tr=udp%3A%2F%2Ftracker.pirateparty.gr%3A6969%2Fannounce&amp;tr=http%3A%2F%2Fretracker.local%2Fannounce&amp;tr=http%3A%2F%2Fretracker.ip.ncnet.ru%2Fannounce&amp;tr=udp%3A%2F%2Fexodus.desync.com%3A6969%2Fannounce&amp;tr=udp%3A%2F%2Fipv4.tracker.harry.lu%3A80%2Fannounce&amp;tr=udp%3A%2F%2Fopen.stealth.si%3A80%2Fannounce&amp;tr=udp%3A%2F%2Ftracker.zer0day.to%3A1337%2Fannounce&amp;tr=udp%3A%2F%2Ftracker.leechers-paradise.org%3A6969%2Fannounce&amp;tr=udp%3A%2F%2Fcoppersurfer.tk%3A6969%2Fannounce\">magnet</a>] [<a href=\"https://pastefg.hermietkreeft.site/?dfb917dab7a71112#ABNJ1y5yE3gqvwDWvVMEiXUmEkHfPFVv5vtw8YoQ6ANU\" target=\"_blank\" rel=\"noopener\">.torrent file only</a>] <br><img src=\"https://torrent-stats.info/3668/f75d4318.png\" style=\"display:block;clear:both\"></li><li><a href=\"https://tapochek.net/viewtopic.php?p=2794679\" target=\"_blank\" rel=\"noopener\">Tapochek.net</a></li><li><a href=\"https://pastefg.hermietkreeft.site/?fac1fead7aa277f2#BdXz5cPr4ijzsq2j4d3XCD6gec2nPAjfrcZXvFgGZpFw\" target=\"_blank\" rel=\"noopener\">Filehoster: MultiUpload</a> (10+ hosters, interchangeable) [Use <a href=\"http://jdownloader.org/jdownloader2\" target=\"_blank\" rel=\"noopener\">JDownloader2</a>]</li><li><a href=\"https://pastefg.hermietkreeft.site/?c77607843fa47983#6ow3tA5u3vUiwuHuKKdReHSMxFjN6GidE3bQtGmzAb6C\" target=\"_blank\" rel=\"noopener\">Filehoster: PixelDrain</a></li><li><a href=\"https://pastefg.hermietkreeft.site/?0e42e2f8e007f22a#94Q35rb3N4YPnmZzT45ApHzJLHjHgeMRZPp62h28CkDp\" target=\"_blank\" rel=\"noopener\">Filehoster: ZippyShare</a></li><li><a href=\"https://pastefg.hermietkreeft.site/?6df52c5912e3ae23#5r9S5rwP4FuMttagqg5UNRxtLYnNvkyMG847yivVbwDJ\" target=\"_blank\" rel=\"noopener\">Filehoster: LetsUpload</a> [Use <a href=\"http://jdownloader.org/jdownloader2\" target=\"_blank\" rel=\"noopener\">JDownloader2</a>]</li><li><a href=\"https://crackhub.site/library-of-ruina-v1-1-0-5b1-fitgirl-repack/\" target=\"_blank\" rel=\"noopener\">Filehosters: Google Drive, OneDrive + others</a> (Uploaded by crackhub213)</li><li><a href=\"https://pastefg.hermietkreeft.site/?01c7f402623273a9#FKpFdhZjffuh4ZF9ns8Mz6imeaijJbNMiXTLMTUZvjEM\" target=\"_blank\" rel=\"noopener\">Filehoster: OneDrive</a> (Uploaded by DyR0 t(-_-t), NOT compatible with other mirrors)</li></ul><p><a href=\"https://cs.rin.ru/forum/viewtopic.php?f=10&amp;t=105521\" target=\"_blank\" rel=\"noopener\">Discussion and (possible) future updates on CS.RIN.RU thread</a></p><h3>Screenshots (Click to enlarge)</h3><p><a target=\"_blank\" href=\"https://en.riotpixels.com/games/library-of-ruina/screenshots/8/?utm_source=emb-gfx-html&amp;utm_medium=image&amp;utm_campaign=rp-mass\" rel=\"noopener\"><img loading=\"lazy\" width=\"178\" height=\"100\" border=\"0\" src=\"https://s01.riotpixels.net/data/0d/5d/0d5d6c23-56db-494e-bba2-2af8bfc995bc.jpg.240p.jpg\"></a><a target=\"_blank\" href=\"https://en.riotpixels.com/games/library-of-ruina/screenshots/6/?utm_source=emb-gfx-html&amp;utm_medium=image&amp;utm_campaign=rp-mass\" rel=\"noopener\"><img loading=\"lazy\" width=\"178\" height=\"100\" border=\"0\" src=\"https://s01.riotpixels.net/data/e6/e5/e6e5c157-7d84-4180-b7eb-d0b238b7580e.jpg.240p.jpg\"></a><a target=\"_blank\" href=\"https://en.riotpixels.com/games/library-of-ruina/screenshots/5/?utm_source=emb-gfx-html&amp;utm_medium=image&amp;utm_campaign=rp-mass\" rel=\"noopener\"><img loading=\"lazy\" width=\"178\" height=\"100\" border=\"0\" src=\"https://s01.riotpixels.net/data/a0/79/a07954e2-188d-4a33-8563-dd32e2e16439.jpg.240p.jpg\"></a><br><a target=\"_blank\" href=\"https://en.riotpixels.com/games/library-of-ruina/screenshots/4/?utm_source=emb-gfx-html&amp;utm_medium=image&amp;utm_campaign=rp-mass\" rel=\"noopener\"><img loading=\"lazy\" width=\"178\" height=\"100\" border=\"0\" src=\"https://s01.riotpixels.net/data/bd/be/bdbedc62-3d07-454b-bb3e-a00b40e9ccda.jpg.240p.jpg\"></a><a target=\"_blank\" href=\"https://en.riotpixels.com/games/library-of-ruina/screenshots/3/?utm_source=emb-gfx-html&amp;utm_medium=image&amp;utm_campaign=rp-mass\" rel=\"noopener\"><img loading=\"lazy\" width=\"178\" height=\"100\" border=\"0\" src=\"https://s01.riotpixels.net/data/1a/8a/1a8abbae-ad98-4107-85aa-d778df28bb27.jpg.240p.jpg\"></a><a target=\"_blank\" href=\"https://en.riotpixels.com/games/library-of-ruina/screenshots/2/?utm_source=emb-gfx-html&amp;utm_medium=image&amp;utm_campaign=rp-mass\" rel=\"noopener\"><img loading=\"lazy\" width=\"178\" height=\"100\" border=\"0\" src=\"https://s01.riotpixels.net/data/2f/94/2f94b9c7-03c5-407d-844e-630a5b95544a.jpg.240p.jpg\"></a></p><h3>Repack Features</h3><ul><li>Based on Library.Of.Ruina-CODEX ISO release: codex-library.of.ruina.iso (3,645,603,840 bytes)</li><li>100% Lossless &amp; MD5 Perfect: all files are identical to originals after installation</li><li>NOTHING ripped, NOTHING re-encoded</li><li>Significantly smaller archive size (compressed from 3.4 to 2.3 GB)</li><li>Installation takes 5-10 minutes (depending on your system)</li><li>After-install integrity check so you could make sure that everything installed properly</li><li>HDD space after installation: 7.5 GB (12.5 GB during installation)</li><li>Language can be changed in game settings</li><li>At least 2 GB of free RAM (inc. virtual) required for installing this repack</li></ul><div ><div><h2>Game Description</h2></div><div ><p><b>Introduction to the Game:</b><br>\u201cMay you find your book in this place.\u201d<br>Become the owner of the Library and receive your guests.</p><p>Your librarians will fight for the Library.<br>Combat between the guests and the librarians breaks out as if it were on a stage.<br>Defeated guests turn into books, and the Library grows onward.</p><p>A good book will allow you to invite new guests with greater secrets.<br>Amass a collection of books and explore the secrets of the City.</p><p>And eventually, get your hands on\u2026<br>The one singular, perfect book.</p><p><b>A Library Battle Simulation:</b><br>Library of Ruina is a game that uses the concept of a \u201cLibrary Battle Simulation\u201d.<br>You will invite guests to the Library and engage in combat with them to gain \u2018Books\u2019 with their stories.</p><p>Battles are played with the \u2018Librarians\u2019 and the \u2018Guests\u2019 using cards and dice.<br>You can plan against the guests\u2019 moves by looking at the cards they will use and select the most optimal card to oppose them.</p><p>When combat begins, how the dice from your chosen card fall will determine victory or defeat in the struggle.<br>However, the outcome of the dice is not simply determined by pure luck.<br>Certain effects and variables will shift the outcome of the dice for and against your favor.</p><p>Be sure to carefully choose which cards you utilize to win the battle with your guests.<br>Behold the outcome of your choices and how luck unfolds as your librarians and guests skirmish.<br>You can go through an exhilarating experience, putting it all on the line with thrills just like betting.</p><p><b>Conflicts that Build Emotion:</b><br>Confrontation in the Library is not just about killing your enemies, it is about heightening emotions.<br>The emotions of the librarians and guests rise as the battle progresses, and as it grows fiercer and comes to a head, they will surge.</p><p>Depending on your librarian\u2019s feelings, positive outcomes or powerful effects with penalties can occur.<br>In addition, as the emotional tension of the guests grows, the difficulty of combat increases, yet at the same time, rarer books can be acquired.<br>Furthermore, dialogue can appear depending on the situation of the battle and will make one\u2019s viewing experience of the match unfolding even more enjoyable.</p><p><b>Books Can Be Anything:</b><br>A guest who dies in the Library will turn into a book.<br>These books can be a librarian\u2019s body, materials to grow the Library, or new cards for battle.<br>You can also use books as the parts of an invitation to bring forth another guest.</p><p>Invite different guests to acquire various books, then utilize them accordingly.<br>How you make use of your collection to grow the Library is up to you.</p><p><b>The Story of the City and the Library:</b><br>In Library of Ruina, you will be witness to the stories of Angela, the Sephirot, and Roland following the ending of Lobotomy Corporation.<br>You will also watch various events occurring around the huge city in which the Library is located.</p><p>Accumulate books to grow your Library and librarians, and invite more powerful guests to gain better books.<br>From lowly canards to urban legends and beyond\u2026<br>Throughout the game, you will gradually become familiar with the story of the City.</p><p>May you find your book in this place\u2026</p></div></div>             </div>"
}