{
    "link": "https://fitgirl-repacks.site/lifeslide/",
    "title": "Lifeslide",
    "first_img": "https://i4.imageban.ru/out/2021/08/07/c1fac4495f153813ce50c653f4ba763d.jpg",
    "second_img": "https://s01.riotpixels.net/data/74/c8/74c8c8ac-9a3b-48b3-9ae2-06bb287d26e4.jpg.240p.jpg",
    "body": "<div ><h2>Lifeslide</h2><p ><div><a target=\"_blank\" href=\"https://en.riotpixels.com/games/lifeslide/\" rel=\"noopener\"><img class=\"alignleft\" width=\"150\" src=\"https://i4.imageban.ru/out/2021/08/07/c1fac4495f153813ce50c653f4ba763d.jpg\"></a></div><br>Genres/Tags: <strong>Arcade, Exploration, Third-person, 3D</strong><br>Company: <strong>Dreamteck</strong><br>Languages: <strong>RUS/ENG/MULTI15</strong><br>Original Size: <strong>893 MB</strong><br>Repack Size: <strong>458 MB</strong></p>&nbsp;<div>&nbsp;</div><h3>Download Mirrors</h3><ul><li><a href=\"https://1337x.to/torrent/4944702/Lifeslide-MULTi15-FitGirl-Repack/\" target=\"_blank\" rel=\"noopener\">1337x</a> | [<a href=\"magnet:?xt=urn:btih:FAAF60F14F9EC84587C677C41B72E131A89F04C3&amp;dn=Lifeslide+%28MULTi15%29+%5BFitGirl+Repack%5D&amp;tr=udp%3A%2F%2F46.148.18.250%3A2710&amp;tr=udp%3A%2F%2Fopentor.org%3A2710&amp;tr=udp%3A%2F%2Ftracker.coppersurfer.tk%3A6969%2Fannounce&amp;tr=udp%3A%2F%2Ftracker.opentrackr.org%3A1337%2Fannounce&amp;tr=http%3A%2F%2Ftracker.dler.org%3A6969%2Fannounce&amp;tr=udp%3A%2F%2Ftracker.leechers-paradise.org%3A6969%2Fannounce&amp;tr=udp%3A%2F%2F9.rarbg.me%3A2730%2Fannounce&amp;tr=udp%3A%2F%2F9.rarbg.to%3A2770%2Fannounce&amp;tr=udp%3A%2F%2Ftracker.pirateparty.gr%3A6969%2Fannounce&amp;tr=http%3A%2F%2Fretracker.local%2Fannounce&amp;tr=http%3A%2F%2Fretracker.ip.ncnet.ru%2Fannounce&amp;tr=udp%3A%2F%2Fexodus.desync.com%3A6969%2Fannounce&amp;tr=udp%3A%2F%2Fipv4.tracker.harry.lu%3A80%2Fannounce&amp;tr=udp%3A%2F%2Fopen.stealth.si%3A80%2Fannounce&amp;tr=udp%3A%2F%2Ftracker.zer0day.to%3A1337%2Fannounce&amp;tr=udp%3A%2F%2Ftracker.leechers-paradise.org%3A6969%2Fannounce&amp;tr=udp%3A%2F%2Fcoppersurfer.tk%3A6969%2Fannounce\">magnet</a>] [<a href=\"https://pastefg.hermietkreeft.site/?78316a69b93b24c1#2uY6J5beQGNqWryzkX4J6J6VtYGDVFvoRYt78fttbM6g\" target=\"_blank\" rel=\"noopener\">.torrent file only</a>] <br><img src=\"https://torrent-stats.info/77c4/21f964cb0.png\" style=\"display:block;clear:both\"></li><li><a href=\"http://rutor.info/torrent/828574/lifeslide-2021-pc-repack-ot-fitgirl\" target=\"_blank\" rel=\"noopener\">RuTor</a> [<a href=\"magnet:?xt=urn:btih:faaf60f14f9ec84587c677c41b72e131a89f04c3&amp;dn=rutor.info_Lifeslide+%282021%29+PC+%7C+RePack+%D0%BE%D1%82+FitGirl&amp;tr=udp://opentor.org:2710&amp;tr=udp://opentor.org:2710&amp;tr=http://retracker.local/announce\">magnet</a>]</li><li><a href=\"https://tapochek.net/viewtopic.php?p=2793027\" target=\"_blank\" rel=\"noopener\">Tapochek.net</a></li><li><a href=\"https://pastefg.hermietkreeft.site/?93117aaad9ff5742#7FNr9ZhGTUCBLwZMQ7yLERd5jYBgxMRE3dQbtRjhS9wM\" target=\"_blank\" rel=\"noopener\">Filehoster: MultiUpload</a> (10+ hosters, interchangeable) [Use <a href=\"http://jdownloader.org/jdownloader2\" target=\"_blank\" rel=\"noopener\">JDownloader2</a>]</li><li><a href=\"https://pastefg.hermietkreeft.site/?d2f161d0bae87de5#CyNy1FRvojFz9XL5NbmH4ysDH1UHwqDNUnW2SeW6SNeP\" target=\"_blank\" rel=\"noopener\">Filehoster: PixelDrain</a></li><li><a href=\"https://pastefg.hermietkreeft.site/?2ca6237f0bf8b1da#BnpQT54tQvZsuuDT7knSX5QDzKbKiLENM7iSWKLhGvQ4\" target=\"_blank\" rel=\"noopener\">Filehoster: ZippyShare</a></li><li><a href=\"https://pastefg.hermietkreeft.site/?2fd45f11988934d4#F2p4VBWCySau2VH9WajfqeG4bsRpipJKGXWNXTVUgxnK\" target=\"_blank\" rel=\"noopener\">Filehoster: LetsUpload</a> [Use <a href=\"http://jdownloader.org/jdownloader2\" target=\"_blank\" rel=\"noopener\">JDownloader2</a>]</li><li><a href=\"https://crackhub.site/lifeslide-fitgirl-repack/\" target=\"_blank\" rel=\"noopener\">Filehosters: Google Drive, OneDrive + others</a> (Uploaded by crackhub213)</li><li><a href=\"https://pastefg.hermietkreeft.site/?e63571a11828d6cb#35ohsY3qs6DV4LTzgYSxC7MJjCnf1u3BZpGfsywUiqyT\" target=\"_blank\" rel=\"noopener\">Filehoster: OneDrive</a> (Uploaded by DyR0 t(-_-t), NOT compatible with other mirrors)</li></ul><p><a href=\"https://cs.rin.ru/forum/viewtopic.php?f=10&amp;t=93566\" target=\"_blank\" rel=\"noopener\">Discussion and (possible) future updates on CS.RIN.RU thread</a></p><h3>Screenshots (Click to enlarge)</h3><p><a target=\"_blank\" href=\"https://en.riotpixels.com/games/lifeslide/screenshots/12/?utm_source=emb-gfx-html&amp;utm_medium=image&amp;utm_campaign=rp-mass\" rel=\"noopener\"><img loading=\"lazy\" width=\"178\" height=\"100\" border=\"0\" src=\"https://s01.riotpixels.net/data/74/c8/74c8c8ac-9a3b-48b3-9ae2-06bb287d26e4.jpg.240p.jpg\"></a><a target=\"_blank\" href=\"https://en.riotpixels.com/games/lifeslide/screenshots/11/?utm_source=emb-gfx-html&amp;utm_medium=image&amp;utm_campaign=rp-mass\" rel=\"noopener\"><img loading=\"lazy\" width=\"178\" height=\"100\" border=\"0\" src=\"https://s01.riotpixels.net/data/e5/57/e5577bd7-034a-488b-ab6b-444c92d51c5a.jpg.240p.jpg\"></a><a target=\"_blank\" href=\"https://en.riotpixels.com/games/lifeslide/screenshots/9/?utm_source=emb-gfx-html&amp;utm_medium=image&amp;utm_campaign=rp-mass\" rel=\"noopener\"><img loading=\"lazy\" width=\"178\" height=\"100\" border=\"0\" src=\"https://s01.riotpixels.net/data/ce/1c/ce1c8b27-94ca-4506-9c0c-30b8fec8805a.jpg.240p.jpg\"></a><br><a target=\"_blank\" href=\"https://en.riotpixels.com/games/lifeslide/screenshots/8/?utm_source=emb-gfx-html&amp;utm_medium=image&amp;utm_campaign=rp-mass\" rel=\"noopener\"><img loading=\"lazy\" width=\"178\" height=\"100\" border=\"0\" src=\"https://s01.riotpixels.net/data/53/05/530539a0-29ed-4d13-b1ba-a4196e4e563f.jpg.240p.jpg\"></a><a target=\"_blank\" href=\"https://en.riotpixels.com/games/lifeslide/screenshots/2/?utm_source=emb-gfx-html&amp;utm_medium=image&amp;utm_campaign=rp-mass\" rel=\"noopener\"><img loading=\"lazy\" width=\"178\" height=\"100\" border=\"0\" src=\"https://s01.riotpixels.net/data/bb/07/bb07e936-2d8d-4f43-9bf5-a87a8e7d0f6f.jpg.240p.jpg\"></a><a target=\"_blank\" href=\"https://en.riotpixels.com/games/lifeslide/screenshots/1/?utm_source=emb-gfx-html&amp;utm_medium=image&amp;utm_campaign=rp-mass\" rel=\"noopener\"><img loading=\"lazy\" width=\"178\" height=\"100\" border=\"0\" src=\"https://s01.riotpixels.net/data/9a/e9/9ae92315-91b6-47d8-a319-818b1a0b0ba4.jpg.240p.jpg\"></a></p><h3>Repack Features</h3><ul><li>Based on Lifeslide-DARKSiDERS ISO release: ds-lifeslide.iso (936,669,184 bytes)</li><li>100% Lossless &amp; MD5 Perfect: all files are identical to originals after installation</li><li>NOTHING ripped, NOTHING re-encoded</li><li>Significantly smaller archive size (compressed from 893 to 458 MB)</li><li>Installation takes less than a minute</li><li>After-install integrity check so you could make sure that everything installed properly</li><li>HDD space after installation: 2.7 GB</li><li>Language can be changed in game settings</li><li>At least 2 GB of free RAM (inc. virtual) required for installing this repack</li></ul><div ><div><h2>Game Description</h2></div><div ><p>Embark on an atmospheric paper plane flight adventure through life and master a unique flight mechanic as you travel through an ever-changing landscape towards your destination.</p><p>Lifeslide is a vibrant world crafted with love but don\u2019t be fooled by the serene looks. Your journey can be as exhilarating as it can be relaxing. Each stage presents a new challenge \u2013 it takes smart choices and split-second decisions to reach further. Learning to fly well is key.</p><p>No narration, no texts. The story is implicitly told through the environment. Dive deep to find the meaning or simply enjoy an atmospheric experience \u2013 this is your journey and you decide what to make of it. Along the way, an original score that combines electronic, rock and orchestral elements will keep you company.</p><p><b>Gameplay</b><br>It\u2019s all about flying a paper plane, gathering momentum, and learning to use the terrain to your advantage. \u201cSimple input, refined outcome\u201d is the motto behind the flight mechanic which creates a blend of arcade and physics-driven gameplay.</p><p><b>Story</b><br>The Story mode is the focus of the game. It consists of 28 levels that flow into each other seamlessly. You are racing the clock as you try to maintain the right balance between Time and Matter. Each time you fail, you can use Matter to improve stats such as aerodynamics, steering and lift. Collect pieces to unlock 5 paper planes with different base stats.</p><p><b>Zen Mode</b><br>Revisit your favorite moments in an endless loop. Toggle randomization to get new experiences unseen in Story.</p><p><b>Weekly challenges</b><br>Fly close to objects and surfaces to earn points and climb leaderboards in procedurally-generated challenges each week!</p><p><b><h3>Game Features</h3></b></p><ul><li>28 unique stages of life</li><li>30 achievements</li><li>8 paper planes with different styles of play</li><li>Original score combining electronic, rock, and orchestral elements</li><li>Full controller support</li></ul></div></div>             </div>"
}