{
    "link": "https://fitgirl-repacks.site/life-is-strange-true-colors/",
    "title": "Life is Strange: True Colors \u2013 Deluxe Edition \u2013 v1.1.190.624221 + 2 DLCs + Windows 7 Fix",
    "first_img": "https://i5.imageban.ru/out/2021/09/10/e80992571244adb4ec276a9861c378aa.jpg",
    "second_img": "https://s01.riotpixels.net/data/35/7a/357aa491-cce8-43d9-a7fa-0b08313cc2ea.jpg.240p.jpg",
    "body": "<div ><h2>Life is Strange: True Colors \u2013 Deluxe Edition \u2013 v1.1.190.624221 + 2 DLCs + Windows 7 Fix</h2><p ><div><a target=\"_blank\" href=\"https://en.riotpixels.com/games/life-is-strange-true-colors/\" rel=\"noopener\"><img class=\"alignleft\" width=\"150\" src=\"https://i5.imageban.ru/out/2021/09/10/e80992571244adb4ec276a9861c378aa.jpg\"></a></div><br>Genres/Tags: <strong>Adventure, Third-person, 3D</strong><br>Companies: <strong>Deck Nine, Square Enix</strong><br>Languages: <strong>RUS/ENG/MULTI9</strong><br>Original Size: <strong>21 GB</strong><br>Repack Size: <strong>from 12.7 GB</strong> [Selective Download]</p>&nbsp;<div>&nbsp;</div><h3>Download Mirrors</h3><ul><li><a href=\"https://1337x.to/torrent/4979572/Life-is-Strange-True-Colors-Deluxe-Edition-v1-1-190-624221-2-DLCs-Windows-7-Fix-MULTi9-FitGirl-Repack-Selective-Download-from-12-7-GB/\" target=\"_blank\" rel=\"noopener\">1337x</a> | [<a href=\"magnet:?xt=urn:btih:9FFEEF0F0F32334CC2B2B5E2A8EDA045DBAC70D5&amp;dn=Life+is+Strange%3A+True+Colors+-+Deluxe+Edition+%28v1.1.190.624221+%2B+2+DLCs+%2B+Windows+7+Fix%2C+MULTi9%29+%5BFitGirl+Repack%2C+Selective+Download+-+from+12.7+GB%5D&amp;tr=udp%3A%2F%2F46.148.18.250%3A2710&amp;tr=udp%3A%2F%2Fopentor.org%3A2710&amp;tr=udp%3A%2F%2Ftracker.coppersurfer.tk%3A6969%2Fannounce&amp;tr=udp%3A%2F%2Ftracker.opentrackr.org%3A1337%2Fannounce&amp;tr=http%3A%2F%2Ftracker.dler.org%3A6969%2Fannounce&amp;tr=udp%3A%2F%2Ftracker.leechers-paradise.org%3A6969%2Fannounce&amp;tr=udp%3A%2F%2F9.rarbg.me%3A2730%2Fannounce&amp;tr=udp%3A%2F%2F9.rarbg.to%3A2770%2Fannounce&amp;tr=udp%3A%2F%2Ftracker.pirateparty.gr%3A6969%2Fannounce&amp;tr=http%3A%2F%2Fretracker.local%2Fannounce&amp;tr=http%3A%2F%2Fretracker.ip.ncnet.ru%2Fannounce&amp;tr=udp%3A%2F%2Fexodus.desync.com%3A6969%2Fannounce&amp;tr=udp%3A%2F%2Fipv4.tracker.harry.lu%3A80%2Fannounce&amp;tr=udp%3A%2F%2Fopen.stealth.si%3A80%2Fannounce&amp;tr=udp%3A%2F%2Ftracker.zer0day.to%3A1337%2Fannounce&amp;tr=udp%3A%2F%2Ftracker.leechers-paradise.org%3A6969%2Fannounce&amp;tr=udp%3A%2F%2Fcoppersurfer.tk%3A6969%2Fannounce\">magnet</a>] [<a href=\"https://pastefg.hermietkreeft.site/?aed3f36932375fb5#4C1zhNpwmWaNWyQzPmrgHHVFJwyxJFn3gj4apcAiu5gK\" target=\"_blank\" rel=\"noopener\">.torrent file only</a>] <br><img src=\"https://torrent-stats.info/b5e2/340036e3e.png\" style=\"display:block;clear:both\"></li><li><a href=\"http://rutor.info/torrent/833692/life-is-strange-true-colors-deluxe-edition-v-1.1.190.624221-dlcs-windows-7-fix-2021-pc-repack-ot-fitgirl\" target=\"_blank\" rel=\"noopener\">RuTor</a> [<a href=\"magnet:?xt=urn:btih:9ffeef0f0f32334cc2b2b5e2a8eda045dbac70d5&amp;dn=rutor.info_Life+is+Strange%3A+True+Colors+-+Deluxe+Edition+%5Bv+1.1.190.624221+%2B+DLCs+%2B+Windows+7+Fix%5D+%282021%29+PC+%7C+RePack+%D0%BE%D1%82+FitGirl&amp;tr=udp://opentor.net:6969&amp;tr=udp://opentor.org:2710&amp;tr=http://retracker.local/announce\">magnet</a>]</li><li><a href=\"https://tapochek.net/viewtopic.php?p=2799463\" target=\"_blank\" rel=\"noopener\">Tapochek.net</a></li><li><a href=\"https://pastefg.hermietkreeft.site/?04373c94cf0f0530#HSCo7tL2hoqiFRBFt9h84vukW9G38YKQ69c2NvGzFAkk\" target=\"_blank\" rel=\"noopener\">Filehoster: MultiUpload</a> (10+ hosters, interchangeable) [Use <a href=\"http://jdownloader.org/jdownloader2\" target=\"_blank\" rel=\"noopener\">JDownloader2</a>]</li><li><a href=\"https://pastefg.hermietkreeft.site/?47f0dcda1cd57407#ByKvXPjLbTTL6PJzNtgLKX9XGJUdHV3i2dePYxgot6hk\" target=\"_blank\" rel=\"noopener\">Filehoster: PixelDrain</a></li><li><a href=\"https://pastefg.hermietkreeft.site/?faac21bea2369df5#6Y8g56fcGashXRy5wjGC68rYymukHpXUEL1tBLA4ncWq\" target=\"_blank\" rel=\"noopener\">Filehoster: ZippyShare</a></li><li><a href=\"https://pastefg.hermietkreeft.site/?ee711062bcb264b0#45QvfT8rkZYh3DcnZSbpGwrVw4dnB6vdV5STDQqc8bEW\" target=\"_blank\" rel=\"noopener\">Filehoster: LetsUpload</a> [Use <a href=\"http://jdownloader.org/jdownloader2\" target=\"_blank\" rel=\"noopener\">JDownloader2</a>]</li><li><a href=\"https://pastefg.hermietkreeft.site/?32c2ec7a3df81cb3#3nN51jG4xM1jZ6xX5w9sCW8nRunoeLeuCNxqVPxFFkRq\" target=\"_blank\" rel=\"noopener\">Filehoster: OneDrive</a> (Uploaded by DyR0 t(-_-t), NOT compatible with other mirrors)</li></ul><p><a href=\"https://cs.rin.ru/forum/viewtopic.php?f=10&amp;t=112016\" target=\"_blank\" rel=\"noopener\">Discussion and (possible) future updates on CS.RIN.RU thread</a></p><h3>Screenshots (Click to enlarge)</h3><p><a target=\"_blank\" href=\"https://en.riotpixels.com/games/life-is-strange-true-colors/screenshots/22/?utm_source=emb-gfx-html&amp;utm_medium=image&amp;utm_campaign=rp-mass\" rel=\"noopener\"><img loading=\"lazy\" width=\"178\" height=\"100\" border=\"0\" src=\"https://s01.riotpixels.net/data/35/7a/357aa491-cce8-43d9-a7fa-0b08313cc2ea.jpg.240p.jpg\"></a><a target=\"_blank\" href=\"https://en.riotpixels.com/games/life-is-strange-true-colors/screenshots/13/?utm_source=emb-gfx-html&amp;utm_medium=image&amp;utm_campaign=rp-mass\" rel=\"noopener\"><img loading=\"lazy\" width=\"178\" height=\"100\" border=\"0\" src=\"https://s01.riotpixels.net/data/6f/0d/6f0d2c25-3f7e-4842-ab90-fdd4f94d2fe0.jpg.240p.jpg\"></a><a target=\"_blank\" href=\"https://en.riotpixels.com/games/life-is-strange-true-colors/screenshots/12/?utm_source=emb-gfx-html&amp;utm_medium=image&amp;utm_campaign=rp-mass\" rel=\"noopener\"><img loading=\"lazy\" width=\"178\" height=\"100\" border=\"0\" src=\"https://s01.riotpixels.net/data/30/b6/30b6ab50-94d1-459e-85e1-6b3d7fd580c7.jpg.240p.jpg\"></a><br><a target=\"_blank\" href=\"https://en.riotpixels.com/games/life-is-strange-true-colors/screenshots/7/?utm_source=emb-gfx-html&amp;utm_medium=image&amp;utm_campaign=rp-mass\" rel=\"noopener\"><img loading=\"lazy\" width=\"178\" height=\"100\" border=\"0\" src=\"https://s01.riotpixels.net/data/13/99/1399716b-14ca-4d6f-abe8-59cd862cbbd3.jpg.240p.jpg\"></a><a target=\"_blank\" href=\"https://en.riotpixels.com/games/life-is-strange-true-colors/screenshots/5/?utm_source=emb-gfx-html&amp;utm_medium=image&amp;utm_campaign=rp-mass\" rel=\"noopener\"><img loading=\"lazy\" width=\"178\" height=\"100\" border=\"0\" src=\"https://s01.riotpixels.net/data/73/36/73366090-3839-4cb6-a4dc-0392fa5dc06c.jpg.240p.jpg\"></a><a target=\"_blank\" href=\"https://en.riotpixels.com/games/life-is-strange-true-colors/screenshots/4/?utm_source=emb-gfx-html&amp;utm_medium=image&amp;utm_campaign=rp-mass\" rel=\"noopener\"><img loading=\"lazy\" width=\"178\" height=\"100\" border=\"0\" src=\"https://s01.riotpixels.net/data/04/6a/046a8f89-e32b-45bd-8b6a-0135a97a84bd.jpg.240p.jpg\"></a></p><h3>Repack Features</h3><ul><li>Based on Life.is.Strange.True.Colors-CODEX ISO release: codex-life.is.strange.true.colors.iso (22,489,923,584 bytes)</li><li>Missing DLCs (Deluxe Edition Outfits &amp; Pre-Order Outfits) added, thanks to Haoose and RoyalSpider!</li><li>Game version is: v1.1.190.624221</li><li>100% Lossless &amp; MD5 Perfect: all files are identical to originals after installation (ONLY when installed with all voiceover packs!)</li><li>NOTHING ripped, NOTHING re-encoded</li><li>Selective Download feature: you may skip downloading and installing of voiceover packs you don\u2019t need</li><li>Significantly smaller archive size (compressed from cumulative 21 to 12.7~13.3 GB, depending on selected components)</li><li>Installation takes 5-15 minutes (depending on your system and selected components)</li><li>After-install integrity check so you could make sure that everything installed properly</li><li>HDD space after installation: 21.4 GB</li><li>Language can be changed in game settings</li><li>Repack uses XTool library by Razor12911</li><li>At least 2 GB of free RAM (inc. virtual) required for installing this repack</li><li>Use \u201cLife is Strange \u2013 True Colors DX12\u201d desktop icon to run the game with DirectX12/Raytracing support</li><li>Copy \u201cSiren\u201d folder from \u201c_Windows 7 Fix\u201d folder to the game root to make the it work on Windows 7, thanks to Haoose!</li></ul><div ><div><h2>Game Description</h2></div><div >A bold new era of the award-winning Life is Strange begins, with an all-new playable lead character and a thrilling mystery to solve!<p>Alex Chen has long suppressed her \u2018curse\u2019: the supernatural ability to experience, absorb and manipulate the strong emotions of others, which she sees as blazing, colored auras.</p><p>When her brother dies in a so-called accident, Alex must embrace her volatile power to find the truth \u2013 and uncover the dark secrets buried by a small town.</p><p><b>THE TRUTH WILL HURT</b><br>Discover the shocking secrets behind your brother\u2019s death in an emotional roller-coaster of an adventure.</p><p><b>FEEL EVERYTHING</b><br>Change fate and change lives with the psychic power of Empathy.</p><p><b>FORGE DEEP RELATIONSHIPS</b><br>Build trust with the townsfolk \u2013 and embrace friendship or romance with Ryan and Steph.</p><p><b>A TRULY PERSONAL STORY</b><br>Make tough decisions and choose your own future. Freely roam the streets, stores, and hidden spaces of Haven Springs and meet unforgettable characters.</p><p><b>FIND YOUR VOICE</b><br>And decide Alex\u2019s style, with up to 24 outfits in your wardrobe.</p><p><b>EXCLUSIVE SOUNDTRACK</b><br>New tracks by mxmtoon and Novo Amor, and extensive licensed songs including Radiohead, Phoebe Bridgers, Gabrielle Aplin, and more</p></div></div>             </div>"
}