{
    "link": "https://fitgirl-repacks.site/little-nightmares-2/",
    "title": "Little Nightmares II: Digital Deluxe Enhanced Edition + 2 DLCs + Bonus Content + Windows 7 Fix",
    "first_img": "https://i1.imageban.ru/out/2021/08/26/71debd4ef8ac093080684342855bb4ec.jpg",
    "second_img": "https://s01.riotpixels.net/data/8b/67/8b67a6c2-7c6d-46c9-892d-05bddf6d9e00.jpg.240p.jpg",
    "body": "<div ><h2>Little Nightmares II: Digital Deluxe Enhanced Edition + 2 DLCs + Bonus Content + Windows 7 Fix</h2><p ><div><a target=\"_blank\" href=\"http://en.riotpixels.com/games/little-nightmares-2/\" rel=\"noopener\"><img class=\"alignleft\" width=\"150\" src=\"https://i1.imageban.ru/out/2021/08/26/71debd4ef8ac093080684342855bb4ec.jpg\"></a></div><br>Genres/Tags: <strong>Arcade, Platform adventure, Side, 3D</strong><br>Companies: <strong>Tarsier Studios, Bandai Namco Entertainment</strong><br>Languages: <strong>RUS/ENG/MULTI14</strong><br>Original Size: <strong>11.4 GB</strong><br>Repack Size: <strong>from 3.2 GB</strong> [Selective Download]</p>&nbsp;<div>&nbsp;</div><h3>Download Mirrors</h3><ul><li><a href=\"https://1337x.to/torrent/4964485/Little-Nightmares-II-Digital-Deluxe-Enhanced-Edition-2-DLCs-Bonus-Content-Windows-7-Fix-MULTi14-FitGirl-Repack-Selective-Download-from-3-2-GB/\" target=\"_blank\" rel=\"noopener\">1337x</a> | [<a href=\"magnet:?xt=urn:btih:2015768F566A054DAA682E0D526776556513CE96&amp;dn=Little+Nightmares+II%3A+Digital+Deluxe+Enhanced+Edition+%28%2B+2+DLCs+%2B+Bonus+Content+%2B+Windows+7+Fix%2C+MULTi14%29+%5BFitGirl+Repack%2C+Selective+Download+-+from+3.2+GB%5D&amp;tr=udp%3A%2F%2F46.148.18.250%3A2710&amp;tr=udp%3A%2F%2Fopentor.org%3A2710&amp;tr=udp%3A%2F%2Ftracker.coppersurfer.tk%3A6969%2Fannounce&amp;tr=udp%3A%2F%2Ftracker.opentrackr.org%3A1337%2Fannounce&amp;tr=http%3A%2F%2Ftracker.dler.org%3A6969%2Fannounce&amp;tr=udp%3A%2F%2Ftracker.leechers-paradise.org%3A6969%2Fannounce&amp;tr=udp%3A%2F%2F9.rarbg.me%3A2730%2Fannounce&amp;tr=udp%3A%2F%2F9.rarbg.to%3A2770%2Fannounce&amp;tr=udp%3A%2F%2Ftracker.pirateparty.gr%3A6969%2Fannounce&amp;tr=http%3A%2F%2Fretracker.local%2Fannounce&amp;tr=http%3A%2F%2Fretracker.ip.ncnet.ru%2Fannounce&amp;tr=udp%3A%2F%2Fexodus.desync.com%3A6969%2Fannounce&amp;tr=udp%3A%2F%2Fipv4.tracker.harry.lu%3A80%2Fannounce&amp;tr=udp%3A%2F%2Fopen.stealth.si%3A80%2Fannounce&amp;tr=udp%3A%2F%2Ftracker.zer0day.to%3A1337%2Fannounce&amp;tr=udp%3A%2F%2Ftracker.leechers-paradise.org%3A6969%2Fannounce&amp;tr=udp%3A%2F%2Fcoppersurfer.tk%3A6969%2Fannounce\">magnet</a>] [<a href=\"https://pastefg.hermietkreeft.site/?3f7ccdb7b994bab9#2B646weLcQ4myjTd5E43cwpiB5q8wq1WeyuqZB1rMDuQ\" target=\"_blank\" rel=\"noopener\">.torrent file only</a>] <br><img src=\"https://torrent-stats.info/2e0d/d1dc2c2d.png\" style=\"display:block;clear:both\"></li><li><a href=\"http://rutor.info/torrent/831352/little-nightmares-ii-digital-deluxe-enhanced-edition-dlcs-2021-pc-repack-ot-fitgirl\" target=\"_blank\" rel=\"noopener\">RuTor</a> [<a href=\"magnet:?xt=urn:btih:2015768f566a054daa682e0d526776556513ce96&amp;dn=rutor.info_Little+Nightmares+II%3A+Digital+Deluxe+Enhanced+Edition+%5B%2B+DLCs%5D+%282021%29+PC+%7C+RePack+%D0%BE%D1%82+FitGirl&amp;tr=udp://opentor.org:2710&amp;tr=udp://opentor.org:2710&amp;tr=http://retracker.local/announce\">magnet</a>]</li><li><a href=\"https://tapochek.net/viewtopic.php?p=2796843\" target=\"_blank\" rel=\"noopener\">Tapochek.net</a></li><li><a href=\"https://pastefg.hermietkreeft.site/?27bf3a888757c92c#BZkHHH1Mg6xqd5cirBBqRwxqo2MgqgWedigPqe1nKsPX\" target=\"_blank\" rel=\"noopener\">Filehoster: MultiUpload</a> (10+ hosters, interchangeable) [Use <a href=\"http://jdownloader.org/jdownloader2\" target=\"_blank\" rel=\"noopener\">JDownloader2</a>]</li><li><a href=\"https://pastefg.hermietkreeft.site/?d3710d6483d3d683#CYPyuhRdqKh2watBfUq11YuWazCnKZn5ase4AcC19Mg4\" target=\"_blank\" rel=\"noopener\">Filehoster: PixelDrain</a></li><li><a href=\"https://pastefg.hermietkreeft.site/?c45c5180110eb46a#HAxGst9muPvGevJqtBGJiPuVTiuzhhGZvSfSyhXWgcVq\" target=\"_blank\" rel=\"noopener\">Filehoster: ZippyShare</a></li><li><a href=\"https://pastefg.hermietkreeft.site/?b78501224cbe4c7d#4Sh3SdTAsYqn1Rwz6i1mn7D3SfyUiue8WnZUa35BDqAP\" target=\"_blank\" rel=\"noopener\">Filehoster: LetsUpload</a> [Use <a href=\"http://jdownloader.org/jdownloader2\" target=\"_blank\" rel=\"noopener\">JDownloader2</a>]</li><li><a href=\"https://pastefg.hermietkreeft.site/?76a588034fe5af28#FAd1BNxp4ijwZds9yV2J7UadhhnF8ams6xvur44fGVc3\" target=\"_blank\" rel=\"noopener\">Filehoster: OneDrive</a> (Uploaded by DyR0 t(-_-t), NOT compatible with other mirrors)</li></ul><p><a href=\"https://cs.rin.ru/forum/viewtopic.php?f=10&amp;t=99410\" target=\"_blank\" rel=\"noopener\">Discussion and (possible) future updates on CS.RIN.RU thread</a></p><h3>Screenshots (Click to enlarge)</h3><p><a target=\"_blank\" href=\"http://en.riotpixels.com/games/little-nightmares-2/screenshots/34/?utm_source=emb-gfx-html&amp;utm_medium=image&amp;utm_campaign=rp-mass\" rel=\"noopener\"><img loading=\"lazy\" width=\"178\" height=\"100\" border=\"0\" src=\"https://s01.riotpixels.net/data/8b/67/8b67a6c2-7c6d-46c9-892d-05bddf6d9e00.jpg.240p.jpg\"></a><a target=\"_blank\" href=\"http://en.riotpixels.com/games/little-nightmares-2/screenshots/31/?utm_source=emb-gfx-html&amp;utm_medium=image&amp;utm_campaign=rp-mass\" rel=\"noopener\"><img loading=\"lazy\" width=\"178\" height=\"100\" border=\"0\" src=\"https://s01.riotpixels.net/data/6a/b8/6ab8438d-f2d5-4316-a4ec-c1fa4dc4c227.jpg.240p.jpg\"></a><a target=\"_blank\" href=\"http://en.riotpixels.com/games/little-nightmares-2/screenshots/30/?utm_source=emb-gfx-html&amp;utm_medium=image&amp;utm_campaign=rp-mass\" rel=\"noopener\"><img loading=\"lazy\" width=\"178\" height=\"100\" border=\"0\" src=\"https://s01.riotpixels.net/data/b9/81/b981902d-b07e-4beb-9aa2-9bf70794e73f.jpg.240p.jpg\"></a><br><a target=\"_blank\" href=\"http://en.riotpixels.com/games/little-nightmares-2/screenshots/29/?utm_source=emb-gfx-html&amp;utm_medium=image&amp;utm_campaign=rp-mass\" rel=\"noopener\"><img loading=\"lazy\" width=\"178\" height=\"100\" border=\"0\" src=\"https://s01.riotpixels.net/data/0f/9d/0f9deaaa-8f12-49bf-90cc-86af6f56bb26.jpg.240p.jpg\"></a><a target=\"_blank\" href=\"http://en.riotpixels.com/games/little-nightmares-2/screenshots/25/?utm_source=emb-gfx-html&amp;utm_medium=image&amp;utm_campaign=rp-mass\" rel=\"noopener\"><img loading=\"lazy\" width=\"178\" height=\"100\" border=\"0\" src=\"https://s01.riotpixels.net/data/59/67/59673e76-dc08-41a5-a881-0bcd877b23b6.jpg.240p.jpg\"></a><a target=\"_blank\" href=\"http://en.riotpixels.com/games/little-nightmares-2/screenshots/19/?utm_source=emb-gfx-html&amp;utm_medium=image&amp;utm_campaign=rp-mass\" rel=\"noopener\"><img loading=\"lazy\" width=\"178\" height=\"100\" border=\"0\" src=\"https://s01.riotpixels.net/data/01/9e/019ed32f-22cf-4b48-8ec0-c1a998cad8d5.png.240p.jpg\"></a></p><h3>Repack Features</h3><ul><li>Based on Little.Nightmares.II.Enhanced.Edition-CODEX ISO release: codex-little.nightmares.ii.enhanced.edition.iso (12,283,478,016 bytes)</li><li>2 DLCs (Mokujin Hat &amp; The Nome\u2019s Attic) are included and activated</li><li>100% Lossless &amp; MD5 Perfect: all files are identical to originals after installation</li><li>Bonus OST in FLAC format ripped, NOTHING re-encoded</li><li>Selective Download feature \u2013 you may skip downloading and installing of old non-Enhanced game build and bonus content (OST in MP3, ArtBook, Wallpapers and avatars)</li><li>Significantly smaller archive size (compressed from 11.4 to 3.2~5.2 GB, depending on selected components)</li><li>Installation takes 2-6 minutes (depending on your system and selected components)</li><li>After-install integrity check so you could make sure that everything installed properly</li><li>HDD space after installation: up to 21.5 GB (up to 24.6 GB during installation)</li><li>Language can be changed in game settings</li><li>To make the game work under Windows 7, copy contents of \u201c_Windows 7 Fix\u201d folder to the game root; thanks to Christsnatcher!</li><li>Repack uses XTool library by Razor12911</li><li>At least 2 GB of free RAM (inc. virtual) required for installing this repack</li></ul><div ><div><h2>Game Description</h2></div><div >Return to a world of charming horror in Little Nightmares II, a suspense adventure game in which you play as Mono, a young boy trapped in a world that has been distorted by the humming transmission of a distant tower.<p>With Six, the girl in the yellow raincoat, as his guide, Mono sets out to discover the dark secrets of The Signal Tower. Their journey won\u2019t be easy; Mono and Six will face a host of new threats from the terrible residents of this world.</p><p>Will you dare to face this collection of new, little nightmares?</p><p><b>Enhanced Edition</b></p><p>Dive into an unsettling adventure that you\u2019ll never forget, now enhanced in mesmerizing 4K at uncapped FPS.</p><p>Little Nightmares II owners also get access for free to Little Nightmares II Enhanced Edition upgrades.</p><p>The Enhanced version visual upgrade includes Ray-traced reflections, improved volumetric shadows, and increased game details such as interactive particles.</p><p>A new immersive 3D soundscape mix will also be accessible in 5.1 and 7.1. to make your Little Nightmares II even more immersive.</p></div></div><p><b>Backwards Compatibility</b></p><p>This repack is NOT backwards compatible with my previous repack of this game.</p>             </div>"
}