{
    "link": "https://fitgirl-repacks.site/lonely-lustful-arrogant-hateful/",
    "title": "LONELY, LUSTFUL, ARROGANT, HATEFUL",
    "first_img": "https://i6.imageban.ru/out/2021/10/17/0022c870b0bba9aa5d319ff7bfa204d8.jpg",
    "second_img": "https://s01.riotpixels.net/data/92/dd/92dd733f-8269-4c50-bf8e-87275dddb7d4.jpg.240p.jpg",
    "body": "<div ><h2>LONELY, LUSTFUL, ARROGANT, HATEFUL</h2><p ><div><a target=\"_blank\" href=\"https://en.riotpixels.com/games/lonely-lustful-arrogant-hateful/\" rel=\"noopener\"><img class=\"alignleft\" width=\"150\" src=\"https://i6.imageban.ru/out/2021/10/17/0022c870b0bba9aa5d319ff7bfa204d8.jpg\"></a></div><br>Genres/Tags: <strong>Adventure, Isometric, Puzzle, 3D</strong><br>Company: <strong>Notovia</strong><br>Language: <strong>ENG</strong><br>Original Size: <strong>1 GB</strong><br>Repack Size: <strong>452 MB</strong></p>&nbsp;<div>&nbsp;</div><h3>Download Mirrors</h3><ul><li><a href=\"https://1337x.to/torrent/5021172/LONELY-LUSTFUL-ARROGANT-HATEFUL-FitGirl-Repack/\" target=\"_blank\" rel=\"noopener\">1337x</a> | [<a href=\"magnet:?xt=urn:btih:59BF4490F07DB34A633A9E29C261F127D10D3329&amp;dn=LONELY%2C+LUSTFUL%2C+ARROGANT%2C+HATEFUL+%5BFitGirl+Repack%5D&amp;tr=udp%3A%2F%2F46.148.18.250%3A2710&amp;tr=udp%3A%2F%2Fopentor.org%3A2710&amp;tr=udp%3A%2F%2Ftracker.coppersurfer.tk%3A6969%2Fannounce&amp;tr=udp%3A%2F%2Ftracker.opentrackr.org%3A1337%2Fannounce&amp;tr=http%3A%2F%2Ftracker.dler.org%3A6969%2Fannounce&amp;tr=udp%3A%2F%2Ftracker.leechers-paradise.org%3A6969%2Fannounce&amp;tr=udp%3A%2F%2F9.rarbg.me%3A2730%2Fannounce&amp;tr=udp%3A%2F%2F9.rarbg.to%3A2770%2Fannounce&amp;tr=udp%3A%2F%2Ftracker.pirateparty.gr%3A6969%2Fannounce&amp;tr=http%3A%2F%2Fretracker.local%2Fannounce&amp;tr=http%3A%2F%2Fretracker.ip.ncnet.ru%2Fannounce&amp;tr=udp%3A%2F%2Fexodus.desync.com%3A6969%2Fannounce&amp;tr=udp%3A%2F%2Fipv4.tracker.harry.lu%3A80%2Fannounce&amp;tr=udp%3A%2F%2Fopen.stealth.si%3A80%2Fannounce&amp;tr=udp%3A%2F%2Ftracker.zer0day.to%3A1337%2Fannounce&amp;tr=udp%3A%2F%2Ftracker.leechers-paradise.org%3A6969%2Fannounce&amp;tr=udp%3A%2F%2Fcoppersurfer.tk%3A6969%2Fannounce\">magnet</a>] [<a href=\"https://pastefg.hermietkreeft.site/?41f465d90d64de4a#7FEdCrg7JW7LejSVw2WZVLcXtPN7cBCzNqP9zPhHnhxB\" target=\"_blank\" rel=\"noopener\">.torrent file only</a>] <br><img src=\"https://torrent-stats.info/9e29/2da36cd47.png\" style=\"display:block;clear:both\"></li><li><a href=\"https://tapochek.net/viewtopic.php?p=2806299\" target=\"_blank\" rel=\"noopener\">Tapochek.net</a></li><li><a href=\"https://pastefg.hermietkreeft.site/?3c30b19d239585c6#GyMDhUn7J6LB9Psu6pZ4MvckA4VASjqpJ1mbkYWGxvcV\" target=\"_blank\" rel=\"noopener\">Filehoster: MultiUpload</a> (10+ hosters, interchangeable) [Use <a href=\"http://jdownloader.org/jdownloader2\" target=\"_blank\" rel=\"noopener\">JDownloader2</a>]</li><li><a href=\"https://pastefg.hermietkreeft.site/?6f683b3c1d74cad1#7GLVS6FqhqcEEh8REbwnb5xph6ovwK4Gz4B5vdicowdY\" target=\"_blank\" rel=\"noopener\">Filehoster: PixelDrain</a></li><li><a href=\"https://pastefg.hermietkreeft.site/?348bac8aafe4605e#5QQQugizjqEAPhTTS1ZuG4Gk6qCDkuAnx2asJyCX3yBA\" target=\"_blank\" rel=\"noopener\">Filehoster: ZippyShare</a></li><li><a href=\"https://pastefg.hermietkreeft.site/?668a097f8b10f7fb#6ZjtedN9fS7z6k8FntPgCXk8CB6QKdPQUSW9p2CRE6nN\" target=\"_blank\" rel=\"noopener\">Filehoster: LetsUpload</a> [Use <a href=\"http://jdownloader.org/jdownloader2\" target=\"_blank\" rel=\"noopener\">JDownloader2</a>]</li><li><a href=\"https://pastefg.hermietkreeft.site/?1c0d3319acfb5511#Fe7ALhZCEqsF8KV4VoX7Ett3aFLaoQ34e4X6HrSxGh2u\" target=\"_blank\" rel=\"noopener\">Filehoster: OneDrive</a> (Uploaded by DyR0 t(-_-t), NOT compatible with other mirrors)</li><li><a href=\"https://crackhub.site/lonely-lustful-arrogant-hateful-fitgirl-repack/\" target=\"_blank\" rel=\"noopener\">Filehosters: Google Drive, OneDrive + others</a> (Uploaded by crackhub213)</li></ul><p><a href=\"https://cs.rin.ru/forum/viewtopic.php?f=10&amp;t=116488\" target=\"_blank\" rel=\"noopener\">Discussion and (possible) future updates on CS.RIN.RU thread</a></p><h3>Screenshots (Click to enlarge)</h3><p><a target=\"_blank\" href=\"https://en.riotpixels.com/games/lonely-lustful-arrogant-hateful/screenshots/15/?utm_source=emb-gfx-html&amp;utm_medium=image&amp;utm_campaign=rp-mass\" rel=\"noopener\"><img loading=\"lazy\" width=\"178\" height=\"100\" border=\"0\" src=\"https://s01.riotpixels.net/data/92/dd/92dd733f-8269-4c50-bf8e-87275dddb7d4.jpg.240p.jpg\"></a><a target=\"_blank\" href=\"https://en.riotpixels.com/games/lonely-lustful-arrogant-hateful/screenshots/14/?utm_source=emb-gfx-html&amp;utm_medium=image&amp;utm_campaign=rp-mass\" rel=\"noopener\"><img loading=\"lazy\" width=\"178\" height=\"100\" border=\"0\" src=\"https://s01.riotpixels.net/data/12/a1/12a14120-7213-4164-a2ec-5a2c43f4144d.jpg.240p.jpg\"></a><a target=\"_blank\" href=\"https://en.riotpixels.com/games/lonely-lustful-arrogant-hateful/screenshots/11/?utm_source=emb-gfx-html&amp;utm_medium=image&amp;utm_campaign=rp-mass\" rel=\"noopener\"><img loading=\"lazy\" width=\"178\" height=\"100\" border=\"0\" src=\"https://s01.riotpixels.net/data/53/5f/535f25d2-8e69-485a-a42b-3d23092d297e.jpg.240p.jpg\"></a><br><a target=\"_blank\" href=\"https://en.riotpixels.com/games/lonely-lustful-arrogant-hateful/screenshots/8/?utm_source=emb-gfx-html&amp;utm_medium=image&amp;utm_campaign=rp-mass\" rel=\"noopener\"><img loading=\"lazy\" width=\"178\" height=\"100\" border=\"0\" src=\"https://s01.riotpixels.net/data/78/0c/780cf170-618f-4902-8c3d-53ebee70eecb.jpg.240p.jpg\"></a><a target=\"_blank\" href=\"https://en.riotpixels.com/games/lonely-lustful-arrogant-hateful/screenshots/3/?utm_source=emb-gfx-html&amp;utm_medium=image&amp;utm_campaign=rp-mass\" rel=\"noopener\"><img loading=\"lazy\" width=\"178\" height=\"100\" border=\"0\" src=\"https://s01.riotpixels.net/data/45/c0/45c00ceb-7b4c-4b91-9708-5ba6239a0e07.jpg.240p.jpg\"></a><a target=\"_blank\" href=\"https://en.riotpixels.com/games/lonely-lustful-arrogant-hateful/screenshots/2/?utm_source=emb-gfx-html&amp;utm_medium=image&amp;utm_campaign=rp-mass\" rel=\"noopener\"><img loading=\"lazy\" width=\"178\" height=\"100\" border=\"0\" src=\"https://s01.riotpixels.net/data/af/71/af717aa6-07dc-4544-b254-43486817a9be.jpg.240p.jpg\"></a></p><h3>Repack Features</h3><ul><li>Based on LONELY.LUSTFUL.ARROGANT.HATEFUL-DARKSiDERS ISO release: ds-lonelylustfularroganthateful.iso (1,072,809,984 bytes)</li><li>100% Lossless &amp; MD5 Perfect: all files are identical to originals after installation</li><li>NOTHING ripped, NOTHING re-encoded</li><li>Significantly smaller archive size (compressed from 1 GB to 452 MB)</li><li>Installation takes half-a-minute</li><li>After-install integrity check so you could make sure that everything installed properly</li><li>HDD space after installation: 2 GB</li><li>At least 2 GB of free RAM (inc. virtual) required for installing this repack</li></ul><div ><div><h2>Game Description</h2></div><div >A unique puzzle adventure with a cryptic story and intriguing drama. Solve puzzles and conquer challenges in a dystopic gameshow. Meet new friends along the way, get to know them and discover their motives. If everyone dies, it\u2019s game over and you\u2019ll have to start from the beginning. Can you keep everyone alive until the end? Are you after glory, love or vengeance?<p>LONELY, LUSTFUL, ARROGANT, HATEFUL was developed by Notovia (best known for the cult-classic horror series I\u2019m on Observation Duty). Music by Snare.</p></div></div>             </div>"
}