{
    "link": "https://fitgirl-repacks.site/lost-at-sea/",
    "title": "Lost At Sea",
    "first_img": "https://i4.imageban.ru/out/2021/07/19/f509717a1ba671d479215ed586ae847b.jpg",
    "second_img": "https://s01.riotpixels.net/data/84/b3/84b3689b-378e-454e-bea2-ecae01b110d3.jpg.240p.jpg",
    "body": "<div ><h2>Lost At Sea</h2><p ><div><a target=\"_blank\" href=\"https://en.riotpixels.com/games/lost-at-sea/\" rel=\"noopener\"><img class=\"alignleft\" width=\"150\" src=\"https://i4.imageban.ru/out/2021/07/19/f509717a1ba671d479215ed586ae847b.jpg\"></a></div><br>Genres/Tags: <strong>Exploration, Puzzle solving, First-person, 3D</strong><br>Companies: <strong>Studio Fizbin, Headup</strong><br>Languages: <strong>RUS/ENG/MULTI8</strong><br>Original Size: <strong>1 GB</strong><br>Repack Size: <strong>897 MB</strong></p>&nbsp;<div>&nbsp;</div><h3>Download Mirrors</h3><ul><li><a href=\"https://1337x.to/torrent/4924593/Lost-At-Sea-MULTi8-FitGirl-Repack/\" target=\"_blank\" rel=\"noopener\">1337x</a> | [<a href=\"magnet:?xt=urn:btih:16011F170196EC22F88A45ADFD5B2AAF3BD9078C&amp;dn=Lost+At+Sea+%28MULTi8%29+%5BFitGirl+Repack%5D&amp;tr=udp%3A%2F%2F46.148.18.250%3A2710&amp;tr=udp%3A%2F%2Fopentor.org%3A2710&amp;tr=udp%3A%2F%2Ftracker.coppersurfer.tk%3A6969%2Fannounce&amp;tr=udp%3A%2F%2Ftracker.opentrackr.org%3A1337%2Fannounce&amp;tr=http%3A%2F%2Ftracker.dler.org%3A6969%2Fannounce&amp;tr=udp%3A%2F%2Ftracker.leechers-paradise.org%3A6969%2Fannounce&amp;tr=udp%3A%2F%2F9.rarbg.me%3A2730%2Fannounce&amp;tr=udp%3A%2F%2F9.rarbg.to%3A2770%2Fannounce&amp;tr=udp%3A%2F%2Ftracker.pirateparty.gr%3A6969%2Fannounce&amp;tr=http%3A%2F%2Fretracker.local%2Fannounce&amp;tr=http%3A%2F%2Fretracker.ip.ncnet.ru%2Fannounce&amp;tr=udp%3A%2F%2Fexodus.desync.com%3A6969%2Fannounce&amp;tr=udp%3A%2F%2Fipv4.tracker.harry.lu%3A80%2Fannounce&amp;tr=udp%3A%2F%2Fopen.stealth.si%3A80%2Fannounce&amp;tr=udp%3A%2F%2Ftracker.zer0day.to%3A1337%2Fannounce&amp;tr=udp%3A%2F%2Ftracker.leechers-paradise.org%3A6969%2Fannounce&amp;tr=udp%3A%2F%2Fcoppersurfer.tk%3A6969%2Fannounce\">magnet</a>] [<a href=\"https://pastefg.hermietkreeft.site/?df8dfcb666c1809e#35vwvVQ6bSbxbDcjMR7pWSCPArJVphsJjfMb4pUWqH7E\" target=\"_blank\" rel=\"noopener\">.torrent file only</a>] <br><img src=\"https://torrent-stats.info/45ad/13afbd609.png\" style=\"display:block;clear:both\"></li><li><a href=\"http://rutor.info/torrent/825843/lost-at-sea-2021-pc-repack-ot-fitgirl\" target=\"_blank\" rel=\"noopener\">RuTor</a> [<a href=\"magnet:?xt=urn:btih:16011f170196ec22f88a45adfd5b2aaf3bd9078c&amp;dn=rutor.info_Lost+At+Sea+%282021%29+PC+%7C+RePack+%D0%BE%D1%82+FitGirl&amp;tr=udp://opentor.org:2710&amp;tr=udp://opentor.org:2710&amp;tr=http://retracker.local/announce\">magnet</a>]</li><li><a href=\"https://tapochek.net/viewtopic.php?p=2789722\" target=\"_blank\" rel=\"noopener\">Tapochek.net</a></li><li><a href=\"https://pastefg.hermietkreeft.site/?f69e673a85c1e567#5avXGqhUR2QGfZMinft1CdHMWujGeFRnMMN8ozhykFmt\" target=\"_blank\" rel=\"noopener\">Filehoster: MultiUpload</a> (10+ hosters, interchangeable) [Use <a href=\"http://jdownloader.org/jdownloader2\" target=\"_blank\" rel=\"noopener\">JDownloader2</a>]</li><li><a href=\"https://pastefg.hermietkreeft.site/?291ccda93bd5fb7d#9Kr6PP6K3rJzZh3aWv7xXttWmubyD6NZSi1tv9MSmbPB\" target=\"_blank\" rel=\"noopener\">Filehoster: PixelDrain</a></li><li><a href=\"https://pastefg.hermietkreeft.site/?617f769ca7c2bfdb#HyJSDJe5gHNxjEHFMZbXjircLciaARRYEiBThjA5dQ69\" target=\"_blank\" rel=\"noopener\">Filehoster: ZippyShare</a></li><li><a href=\"https://pastefg.hermietkreeft.site/?df7111af25ada882#72wnjapxz8nW66YDgsNjA6snHoQAQf1c7ND9gaZ6SP8B\" target=\"_blank\" rel=\"noopener\">Filehoster: LetsUpload</a> [Use <a href=\"http://jdownloader.org/jdownloader2\" target=\"_blank\" rel=\"noopener\">JDownloader2</a>]</li><li><a href=\"https://crackhub.site/lost-at-sea-fitgirl-repack/\" target=\"_blank\" rel=\"noopener\">Filehosters: Google Drive, OneDrive + others</a> (Uploaded by crackhub213)</li><li><a href=\"https://pastefg.hermietkreeft.site/?459e4540a6b84217#8rxE4pZ2WApRpaaqYyz1vd8dRHKvteiFP8A2nK2TEuTP\" target=\"_blank\" rel=\"noopener\">Filehoster: OneDrive</a> (Uploaded by DyR0 t(-_-t), NOT compatible with other mirrors)</li></ul><p><a href=\"https://cs.rin.ru/forum/viewtopic.php?f=10&amp;t=106093\" target=\"_blank\" rel=\"noopener\">Discussion and (possible) future updates on CS.RIN.RU thread</a></p><h3>Screenshots (Click to enlarge)</h3><p><a target=\"_blank\" href=\"https://en.riotpixels.com/games/lost-at-sea/screenshots/19/?utm_source=emb-gfx-html&amp;utm_medium=image&amp;utm_campaign=rp-mass\" rel=\"noopener\"><img loading=\"lazy\" width=\"178\" height=\"100\" border=\"0\" src=\"https://s01.riotpixels.net/data/84/b3/84b3689b-378e-454e-bea2-ecae01b110d3.jpg.240p.jpg\"></a><a target=\"_blank\" href=\"https://en.riotpixels.com/games/lost-at-sea/screenshots/16/?utm_source=emb-gfx-html&amp;utm_medium=image&amp;utm_campaign=rp-mass\" rel=\"noopener\"><img loading=\"lazy\" width=\"178\" height=\"100\" border=\"0\" src=\"https://s01.riotpixels.net/data/7e/56/7e56185c-8d35-479e-85f2-8573055a7e06.jpg.240p.jpg\"></a><a target=\"_blank\" href=\"https://en.riotpixels.com/games/lost-at-sea/screenshots/15/?utm_source=emb-gfx-html&amp;utm_medium=image&amp;utm_campaign=rp-mass\" rel=\"noopener\"><img loading=\"lazy\" width=\"178\" height=\"100\" border=\"0\" src=\"https://s01.riotpixels.net/data/cf/57/cf57809f-b876-42d7-a33f-4541f71da2c6.jpg.240p.jpg\"></a><br><a target=\"_blank\" href=\"https://en.riotpixels.com/games/lost-at-sea/screenshots/14/?utm_source=emb-gfx-html&amp;utm_medium=image&amp;utm_campaign=rp-mass\" rel=\"noopener\"><img loading=\"lazy\" width=\"178\" height=\"100\" border=\"0\" src=\"https://s01.riotpixels.net/data/14/81/14815308-f48e-48ab-bb31-73cc8e3af5de.jpg.240p.jpg\"></a><a target=\"_blank\" href=\"https://en.riotpixels.com/games/lost-at-sea/screenshots/9/?utm_source=emb-gfx-html&amp;utm_medium=image&amp;utm_campaign=rp-mass\" rel=\"noopener\"><img loading=\"lazy\" width=\"178\" height=\"100\" border=\"0\" src=\"https://s01.riotpixels.net/data/04/0e/040e6290-8584-4af6-972f-a0e1a1f54569.jpg.240p.jpg\"></a><a target=\"_blank\" href=\"https://en.riotpixels.com/games/lost-at-sea/screenshots/6/?utm_source=emb-gfx-html&amp;utm_medium=image&amp;utm_campaign=rp-mass\" rel=\"noopener\"><img loading=\"lazy\" width=\"178\" height=\"100\" border=\"0\" src=\"https://s01.riotpixels.net/data/3c/8d/3c8d1c48-2b4e-4397-9ece-016f1d397bde.jpg.240p.jpg\"></a></p><h3>Repack Features</h3><ul><li>Based on Lost.At.Sea-CODEX ISO release: codex-lost.at.sea.iso (1,097,564,160 bytes)</li><li>100% Lossless &amp; MD5 Perfect: all files are identical to originals after installation</li><li>NOTHING ripped, NOTHING re-encoded</li><li>Slightly smaller archive size (compressed from 1 GB to 897 MB)</li><li>Installation takes less than a minute</li><li>After-install integrity check so you could make sure that everything installed properly</li><li>HDD space after installation: 1.6 GB</li><li>Language can be changed in game settings</li><li>At least 2 GB of free RAM (inc. virtual) required for installing this repack</li></ul><div ><div><h2>Game Description</h2></div><div ><b>\u201cLife is what happens to you while you\u2019re busy making other plans\u201d \u2013 John Lennon</b><p>Lost At Sea tells the story of Anna, who, in the later stages of her life, has come to be alone. To live her new future, she will first have to take stock of her past. Construct her memories by finding objects and solving puzzles on a strange island, and face the question we all face eventually: \u201cDid I do it right?\u201d</p><p>In Lost At Sea players experience poignant moments in Anna\u2019s life, moments that we can all relate to, moments that make us all wonder how life can suddenly take a hold of us, instead of the other way around.</p><p>Set on a mysterious island, where every biome represents a phase of life, you will explore your surroundings and solve riddles to reclaim memories. All the while your fears are chasing you, trying to trap you in your misery and prevent you from moving on. In the end, this is a game about the things you want to remember, the things you wish for and about life as a whole.</p><p><b><h3>Game Features</h3></b></p><ul><li><b>A personal story:</b>\u202fExperience moments from someone\u2019s life first-hand and help the main character relive and re-assess them to move on</li><li><b>Island of the mind:</b>\u202fExplore the different phases of life, each of them with their own beautiful biome on the island</li><li><b>Beautiful memories:</b>\u202fGorgeous illustrations capture the essence of the most important moments in Anna\u2019s life, while elaborate sound design brings her deepest fears to life</li><li><b>Face your fears:</b>\u202fDid I make the right choices? Did I fail my loved ones? As Anna, face all fears head-on, or walk away from them until you\u2019re ready</li><li><b>Game to remember:</b>\u202fUnlock memories with specifically designed minigames and puzzles that capture these memories in unique gameplay</li></ul></div></div>             </div>"
}