{
    "link": "https://fitgirl-repacks.site/lumberjack-simulator/",
    "title": "Lumberjack Simulator",
    "first_img": "https://i7.imageban.ru/out/2021/10/07/a10378f52deddbbc5f633f67adbd9648.jpg",
    "second_img": "https://s01.riotpixels.net/data/ad/fd/adfdd16b-b2e8-44df-82b7-d2d237b38365.jpg.240p.jpg",
    "body": "<div ><h2>Lumberjack Simulator</h2><p ><div><a target=\"_blank\" href=\"https://en.riotpixels.com/games/lumberjack-simulator/\" rel=\"noopener\"><img class=\"alignleft\" width=\"150\" src=\"https://i7.imageban.ru/out/2021/10/07/a10378f52deddbbc5f633f67adbd9648.jpg\"></a></div><br>Genres/Tags: <strong>Driving, Lifestyle, First-person, Third-person, Open world, 3D</strong><br>Company: <strong>Exponential Games Inc.</strong><br>Languages: <strong>ENG/GER</strong><br>Original Size: <strong>2.1 GB</strong><br>Repack Size: <strong>1.1 GB</strong></p>&nbsp;<div>&nbsp;</div><h3>Download Mirrors</h3><ul><li><a href=\"https://1337x.to/torrent/5010064/Lumberjack-Simulator-ENG-GER-FitGirl-Repack/\" target=\"_blank\" rel=\"noopener\">1337x</a> | [<a href=\"magnet:?xt=urn:btih:4F8D9BE1FA0614F6C2ED711E79177AE228CE9473&amp;dn=Lumberjack+Simulator+%28ENG%2FGER%29+%5BFitGirl+Repack%5D&amp;tr=udp%3A%2F%2F46.148.18.250%3A2710&amp;tr=udp%3A%2F%2Fopentor.org%3A2710&amp;tr=udp%3A%2F%2Ftracker.coppersurfer.tk%3A6969%2Fannounce&amp;tr=udp%3A%2F%2Ftracker.opentrackr.org%3A1337%2Fannounce&amp;tr=http%3A%2F%2Ftracker.dler.org%3A6969%2Fannounce&amp;tr=udp%3A%2F%2Ftracker.leechers-paradise.org%3A6969%2Fannounce&amp;tr=udp%3A%2F%2F9.rarbg.me%3A2730%2Fannounce&amp;tr=udp%3A%2F%2F9.rarbg.to%3A2770%2Fannounce&amp;tr=udp%3A%2F%2Ftracker.pirateparty.gr%3A6969%2Fannounce&amp;tr=http%3A%2F%2Fretracker.local%2Fannounce&amp;tr=http%3A%2F%2Fretracker.ip.ncnet.ru%2Fannounce&amp;tr=udp%3A%2F%2Fexodus.desync.com%3A6969%2Fannounce&amp;tr=udp%3A%2F%2Fipv4.tracker.harry.lu%3A80%2Fannounce&amp;tr=udp%3A%2F%2Fopen.stealth.si%3A80%2Fannounce&amp;tr=udp%3A%2F%2Ftracker.zer0day.to%3A1337%2Fannounce&amp;tr=udp%3A%2F%2Ftracker.leechers-paradise.org%3A6969%2Fannounce&amp;tr=udp%3A%2F%2Fcoppersurfer.tk%3A6969%2Fannounce\">magnet</a>] [<a href=\"https://pastefg.hermietkreeft.site/?69be5af722bcb332#3t1egpu4bLkd9v5Wmar8oTUqAxmVWg5T5neLKDvZAvi2\" target=\"_blank\" rel=\"noopener\">.torrent file only</a>] <br><img src=\"https://torrent-stats.info/711e/208b66b5c.png\" style=\"display:block;clear:both\"></li><li><a href=\"https://tapochek.net/viewtopic.php?p=2804771\" target=\"_blank\" rel=\"noopener\">Tapochek.net</a></li><li><a href=\"https://pastefg.hermietkreeft.site/?0eb2af1082be0525#6WhouLe7G5finja4VKGds1mVJNK3PRRechR6jc8SghPi\" target=\"_blank\" rel=\"noopener\">Filehoster: MultiUpload</a> (10+ hosters, interchangeable) [Use <a href=\"http://jdownloader.org/jdownloader2\" target=\"_blank\" rel=\"noopener\">JDownloader2</a>]</li><li><a href=\"https://pastefg.hermietkreeft.site/?89e6787cfffdea27#BmgEnb2hTu65BrAevSsm1Y9rs4AWwxb7goqPUMBTMPVM\" target=\"_blank\" rel=\"noopener\">Filehoster: PixelDrain</a></li><li><a href=\"https://pastefg.hermietkreeft.site/?6f142a53c6f5f943#GtSMiBSUeFXarjU7FvubPM1VVajevg2Ym63Ddh5APyUi\" target=\"_blank\" rel=\"noopener\">Filehoster: ZippyShare</a></li><li><a href=\"https://pastefg.hermietkreeft.site/?381bc8358cbe482a#JSddSreecadSZ68ziX3DEXXwFA35fiEVXb6yLuR56KL\" target=\"_blank\" rel=\"noopener\">Filehoster: LetsUpload</a> [Use <a href=\"http://jdownloader.org/jdownloader2\" target=\"_blank\" rel=\"noopener\">JDownloader2</a>]</li><li><a href=\"https://pastefg.hermietkreeft.site/?804b39b80a146eac#8cfVshg2qwyaQvdxfuoHmy4GKr93zekwiXdhXskMEdHf\" target=\"_blank\" rel=\"noopener\">Filehoster: OneDrive</a> (Uploaded by DyR0 t(-_-t), NOT compatible with other mirrors)</li></ul><p><a href=\"https://cs.rin.ru/forum/viewtopic.php?f=10&amp;t=96454\" target=\"_blank\" rel=\"noopener\">Discussion and (possible) future updates on CS.RIN.RU thread</a></p><h3>Screenshots (Click to enlarge)</h3><p><a target=\"_blank\" href=\"https://en.riotpixels.com/games/lumberjack-simulator/screenshots/21/?utm_source=emb-gfx-html&amp;utm_medium=image&amp;utm_campaign=rp-mass\" rel=\"noopener\"><img loading=\"lazy\" width=\"178\" height=\"100\" border=\"0\" src=\"https://s01.riotpixels.net/data/ad/fd/adfdd16b-b2e8-44df-82b7-d2d237b38365.jpg.240p.jpg\"></a><a target=\"_blank\" href=\"https://en.riotpixels.com/games/lumberjack-simulator/screenshots/19/?utm_source=emb-gfx-html&amp;utm_medium=image&amp;utm_campaign=rp-mass\" rel=\"noopener\"><img loading=\"lazy\" width=\"178\" height=\"100\" border=\"0\" src=\"https://s01.riotpixels.net/data/47/dd/47dd5ca6-4ae4-47f2-b4bc-6515b91b9fbb.jpg.240p.jpg\"></a><a target=\"_blank\" href=\"https://en.riotpixels.com/games/lumberjack-simulator/screenshots/14/?utm_source=emb-gfx-html&amp;utm_medium=image&amp;utm_campaign=rp-mass\" rel=\"noopener\"><img loading=\"lazy\" width=\"178\" height=\"100\" border=\"0\" src=\"https://s01.riotpixels.net/data/5e/7c/5e7ca48d-6603-4967-8d91-627be275b7ec.jpg.240p.jpg\"></a><br><a target=\"_blank\" href=\"https://en.riotpixels.com/games/lumberjack-simulator/screenshots/12/?utm_source=emb-gfx-html&amp;utm_medium=image&amp;utm_campaign=rp-mass\" rel=\"noopener\"><img loading=\"lazy\" width=\"178\" height=\"100\" border=\"0\" src=\"https://s01.riotpixels.net/data/9e/fb/9efb7d27-7a46-45a7-a30b-fe70d39676f7.jpg.240p.jpg\"></a><a target=\"_blank\" href=\"https://en.riotpixels.com/games/lumberjack-simulator/screenshots/11/?utm_source=emb-gfx-html&amp;utm_medium=image&amp;utm_campaign=rp-mass\" rel=\"noopener\"><img loading=\"lazy\" width=\"178\" height=\"100\" border=\"0\" src=\"https://s01.riotpixels.net/data/ce/84/ce8400f0-6a72-45c0-a665-3ddbd7da1a6e.jpg.240p.jpg\"></a><a target=\"_blank\" href=\"https://en.riotpixels.com/games/lumberjack-simulator/screenshots/1/?utm_source=emb-gfx-html&amp;utm_medium=image&amp;utm_campaign=rp-mass\" rel=\"noopener\"><img loading=\"lazy\" width=\"178\" height=\"100\" border=\"0\" src=\"https://s01.riotpixels.net/data/4f/94/4f94ed39-6229-4cba-a717-428170e08274.jpg.240p.jpg\"></a></p><h3>Repack Features</h3><ul><li>Based on Lumberjack.Simulator-PLAZA ISO release: plaza-lumberjack.simulator.iso (2,234,023,936 bytes)</li><li>100% Lossless &amp; MD5 Perfect: all files are identical to originals after installation</li><li>NOTHING ripped, NOTHING re-encoded</li><li>Significantly smaller archive size (compressed from 2.1 to 1.1 GB)</li><li>Installation takes 2-3 minutes</li><li>After-install integrity check so you could make sure that everything installed properly</li><li>HDD space after installation: 3.6 GB</li><li>Language can be changed in game settings</li><li>At least 2 GB of free RAM (inc. virtual) required for installing this repack</li></ul><div ><div><h2>Game Description</h2></div><div >Are you ready to put your forestry and logging skills to the test? In this simulator game, you navigate an open world, the vehicles and the trees being in accordance with real-world physics. You can interact with the terrain (altering it in the process), cruise around in the off-road automobiles, and start putting some callouses on your palms by swinging around a chainsaw, an axe, and other tools.<p><b>Challenge yourself</b><br>Unlike any other simulation game, this game encourages you to master the wilderness. Each tree is like something straight out of a real-life forest, and you can cut it down however you like, paring away the branches with your hand axe and selling off the valuable logs at the local mill. How will you invest your proceeds? Machines, new land, truck upgrades: there are many options available to you. This is your business; run it how you see fit.</p><p><b>Go around your domain like a boss</b><br>These badass forestry vehicles feature realistic steering, suspension, gear shifts, and transmission. For truck enthusiasts, these vehicles will be familiar \u2013 the models straight out of the logging industry. You set the controls too, changing the drive mode depending on the terrain that you need to cross. Don\u2019t get stuck!</p><p><b>Travel freely</b><br>The map is an open world, its details numerous and filled with challenges. From high slopes to varying surfaces, there is plenty to look out for, and you need to stay focused in order to deliver your logs to their final destination (and keep your truck intact).</p><p><b>First Person Adventure</b><br>You choose when to enter and exit your vehicles, when you use your tools, which tools to use, and how to clear and move trees. Be careful: you are going to need a plan if you want to thrive in the logging business.</p></div></div>             </div>"
}