{
    "link": "https://fitgirl-repacks.site/lumione/",
    "title": "Lumione",
    "first_img": "https://i3.imageban.ru/out/2021/10/13/82a33442d7438a66150b4b0a16c4eda0.jpg",
    "second_img": "https://s01.riotpixels.net/data/95/d1/95d1ed66-87d6-467e-aa2a-bf39084c762b.jpg.240p.jpg",
    "body": "<div ><h2>Lumione</h2><p ><div><a target=\"_blank\" href=\"https://en.riotpixels.com/games/lumione/\" rel=\"noopener\"><img class=\"alignleft\" width=\"150\" src=\"https://i3.imageban.ru/out/2021/10/13/82a33442d7438a66150b4b0a16c4eda0.jpg\"></a></div><br>Genres/Tags: <strong>Action, Platform adventure, Side, 2D</strong><br>Companies: <strong>Glimmer Studio, Perfect World Games Singapore Pte Ltd</strong><br>Languages: <strong>RUS/ENG/MULTI10</strong><br><strong style=\"color:red\">This game REQUIRES 10+ to work</strong><br>Original Size: <strong>3.7 GB</strong><br>Repack Size: <strong>2.1 GB</strong></p>&nbsp;<div>&nbsp;</div><h3>Download Mirrors</h3><ul><li><a href=\"https://1337x.to/torrent/5016826/Lumione-MULTi10-FitGirl-Repack/\" target=\"_blank\" rel=\"noopener\">1337x</a> | [<a href=\"magnet:?xt=urn:btih:BA79DF507C151E232157DBEDFDA7A68EB98EB1D7&amp;dn=Lumione+%28MULTi10%29+%5BFitGirl+Repack%5D&amp;tr=udp%3A%2F%2F46.148.18.250%3A2710&amp;tr=udp%3A%2F%2Fopentor.org%3A2710&amp;tr=udp%3A%2F%2Ftracker.coppersurfer.tk%3A6969%2Fannounce&amp;tr=udp%3A%2F%2Ftracker.opentrackr.org%3A1337%2Fannounce&amp;tr=http%3A%2F%2Ftracker.dler.org%3A6969%2Fannounce&amp;tr=udp%3A%2F%2Ftracker.leechers-paradise.org%3A6969%2Fannounce&amp;tr=udp%3A%2F%2F9.rarbg.me%3A2730%2Fannounce&amp;tr=udp%3A%2F%2F9.rarbg.to%3A2770%2Fannounce&amp;tr=udp%3A%2F%2Ftracker.pirateparty.gr%3A6969%2Fannounce&amp;tr=http%3A%2F%2Fretracker.local%2Fannounce&amp;tr=http%3A%2F%2Fretracker.ip.ncnet.ru%2Fannounce&amp;tr=udp%3A%2F%2Fexodus.desync.com%3A6969%2Fannounce&amp;tr=udp%3A%2F%2Fipv4.tracker.harry.lu%3A80%2Fannounce&amp;tr=udp%3A%2F%2Fopen.stealth.si%3A80%2Fannounce&amp;tr=udp%3A%2F%2Ftracker.zer0day.to%3A1337%2Fannounce&amp;tr=udp%3A%2F%2Ftracker.leechers-paradise.org%3A6969%2Fannounce&amp;tr=udp%3A%2F%2Fcoppersurfer.tk%3A6969%2Fannounce\">magnet</a>] [<a href=\"https://pastefg.hermietkreeft.site/?da08d29e675ec526#7gqx5qGSwT8qbuhKHXeKGJ1nRH5LjtosuBJN5czzHyx1\" target=\"_blank\" rel=\"noopener\">.torrent file only</a>] <br><img src=\"https://torrent-stats.info/dbed/3f60171b1.png\" style=\"display:block;clear:both\"></li><li><a href=\"http://rutor.info/torrent/839351/lumione-2021-pc-repack-ot-fitgirl\" target=\"_blank\" rel=\"noopener\">RuTor</a> [<a href=\"magnet:?xt=urn:btih:ba79df507c151e232157dbedfda7a68eb98eb1d7&amp;dn=rutor.info_Lumione+%282021%29+PC+%7C+RePack+%D0%BE%D1%82+FitGirl&amp;tr=udp://opentor.net:6969&amp;tr=udp://opentor.org:2710&amp;tr=http://retracker.local/announce\">magnet</a>]</li><li><a href=\"https://tapochek.net/viewtopic.php?p=2805680\" target=\"_blank\" rel=\"noopener\">Tapochek.net</a></li><li><a href=\"https://pastefg.hermietkreeft.site/?b599a1f58e3f9d83#HerbfVVXkvjQbJKWFhJ1QUkiBvhdoGpyDYALW59w2ry6\" target=\"_blank\" rel=\"noopener\">Filehoster: MultiUpload</a> (10+ hosters, interchangeable) [Use <a href=\"http://jdownloader.org/jdownloader2\" target=\"_blank\" rel=\"noopener\">JDownloader2</a>]</li><li><a href=\"https://pastefg.hermietkreeft.site/?e4d3c3cc43e72757#8eiCCPcEo725JJ6bJFSa62fDbaJBjuM86uEcLZUQNDru\" target=\"_blank\" rel=\"noopener\">Filehoster: PixelDrain</a></li><li><a href=\"https://pastefg.hermietkreeft.site/?a04b7053263943d6#7fFeMuMFen5ELYRbjcDLjRoZxoEAMhC16kBnhXTgXNMQ\" target=\"_blank\" rel=\"noopener\">Filehoster: ZippyShare</a></li><li><a href=\"https://pastefg.hermietkreeft.site/?f829d846f7238c44#8kuxoiRsC5R96rYtds23Yem4hfs8rf4QcLCrdrV1Veq5\" target=\"_blank\" rel=\"noopener\">Filehoster: LetsUpload</a> [Use <a href=\"http://jdownloader.org/jdownloader2\" target=\"_blank\" rel=\"noopener\">JDownloader2</a>]</li><li><a href=\"https://pastefg.hermietkreeft.site/?ed247be60898c09d#CxxuYX1uDscKLe2yFNWy5aShBc4XNXzyAXaPvGcm3PQj\" target=\"_blank\" rel=\"noopener\">Filehoster: OneDrive</a> (Uploaded by DyR0 t(-_-t), NOT compatible with other mirrors)</li><li><a href=\"https://crackhub.site/lumione-fitgirl-repack/\" target=\"_blank\" rel=\"noopener\">Filehosters: Google Drive, OneDrive + others</a> (Uploaded by crackhub213)</li></ul><p><a href=\"https://cs.rin.ru/forum/viewtopic.php?f=10&amp;t=106022\" target=\"_blank\" rel=\"noopener\">Discussion and (possible) future updates on CS.RIN.RU thread</a></p><h3>Screenshots (Click to enlarge)</h3><p><a target=\"_blank\" href=\"https://en.riotpixels.com/games/lumione/screenshots/9/?utm_source=emb-gfx-html&amp;utm_medium=image&amp;utm_campaign=rp-mass\" rel=\"noopener\"><img loading=\"lazy\" width=\"178\" height=\"100\" border=\"0\" src=\"https://s01.riotpixels.net/data/95/d1/95d1ed66-87d6-467e-aa2a-bf39084c762b.jpg.240p.jpg\"></a><a target=\"_blank\" href=\"https://en.riotpixels.com/games/lumione/screenshots/7/?utm_source=emb-gfx-html&amp;utm_medium=image&amp;utm_campaign=rp-mass\" rel=\"noopener\"><img loading=\"lazy\" width=\"178\" height=\"100\" border=\"0\" src=\"https://s01.riotpixels.net/data/83/b1/83b114a4-ca7f-486e-8334-e1c59f342260.jpg.240p.jpg\"></a><a target=\"_blank\" href=\"https://en.riotpixels.com/games/lumione/screenshots/6/?utm_source=emb-gfx-html&amp;utm_medium=image&amp;utm_campaign=rp-mass\" rel=\"noopener\"><img loading=\"lazy\" width=\"178\" height=\"100\" border=\"0\" src=\"https://s01.riotpixels.net/data/f4/fd/f4fd06de-8240-4ecf-b618-3b81513c7bd7.jpg.240p.jpg\"></a><br><a target=\"_blank\" href=\"https://en.riotpixels.com/games/lumione/screenshots/4/?utm_source=emb-gfx-html&amp;utm_medium=image&amp;utm_campaign=rp-mass\" rel=\"noopener\"><img loading=\"lazy\" width=\"178\" height=\"100\" border=\"0\" src=\"https://s01.riotpixels.net/data/f3/95/f39583ca-a2c6-4010-8101-cef9d85ee69e.jpg.240p.jpg\"></a><a target=\"_blank\" href=\"https://en.riotpixels.com/games/lumione/screenshots/2/?utm_source=emb-gfx-html&amp;utm_medium=image&amp;utm_campaign=rp-mass\" rel=\"noopener\"><img loading=\"lazy\" width=\"178\" height=\"100\" border=\"0\" src=\"https://s01.riotpixels.net/data/b5/e9/b5e9ab9f-4642-44c7-be04-cc10dccab1d4.jpg.240p.jpg\"></a><a target=\"_blank\" href=\"https://en.riotpixels.com/games/lumione/screenshots/1/?utm_source=emb-gfx-html&amp;utm_medium=image&amp;utm_campaign=rp-mass\" rel=\"noopener\"><img loading=\"lazy\" width=\"178\" height=\"100\" border=\"0\" src=\"https://s01.riotpixels.net/data/5d/5f/5d5f4201-c37e-4f56-b547-d2860d67131b.jpg.240p.jpg\"></a></p><h3>Repack Features</h3><ul><li>Based on Lumione-CODEX ISO release: codex-lumione.iso (3,928,686,592 bytes)</li><li>100% Lossless &amp; MD5 Perfect: all files are identical to originals after installation</li><li>NOTHING ripped, NOTHING re-encoded</li><li>Significantly smaller archive size (compressed from 3.7 to 2.1 GB)</li><li>Installation takes 2-3 minutes (depending on your system)</li><li>After-install integrity check so you could make sure that everything installed properly</li><li>HDD space after installation: 3.7 GB (4.6 Gb during installation)</li><li>Language can be changed in game settings</li><li>Repack uses XTool library by Razor12911</li><li>At least 2 GB of free RAM (inc. virtual) required for installing this repack</li></ul><div ><div><h2>Game Description</h2></div><div ><b>About the Game:</b><br>Lumione is an ocean themed side-scrolling platformer game. The game\u2019s major themes are chasing dreams and having hope. You will play the part of the beloved deep-sea fairy, Glimmer, as you escape from darkness and follow the path of the Light. The Light will guide you to your hopes and dreams as you learn about the world and your place within it. Faced with trials of wisdom and courage, you will need to prove you\u2019ve got what it takes to bring the light of hope back to the darkness of the seabed.<p><b>A Breathtaking Journey Through the Ocean</b><br>Powered by UE4, the game employs a unique process that combines concept art and 3D modelling to produce vivid and dynamic graphics. With the addition of original music and sound effects, the game will come to life before you as you traverse the deep-sea universe.</p><p><b>\u201cAgonizing\u201d Side-Scrolling Platformer</b><br>The gameplay is simple, yet satisfyingly difficult. You will control our hero Glimmer as you head for the end of each level by jumping, climbing, and gliding\u2014all while evading deadly traps and obstacles. The challenges ahead are not for the faint-hearted, but as you progress through the game and develop precision in your fingers, you will surely be thrilled by the joy of accomplishment.</p><p><b>Tip:</b> When gliding, you can freely move in any direction for a short duration. However, this skill can only be used once before needing to be recharged. To recharge, land on a surface or trigger certain game mechanics.</p><p><b>170 Levels and over 10 Game Mechanics</b><br>The full version of the game features as many as 170 levels, each designed with an extensive set of challenges involving unique gameplay. There are over 10 unique game mechanics, including \u201cneon beam\u201d, \u201cpinball\u201d, and many more. Centered around the core gameplay of \u201ctraversing the landscape\u201d, these mechanics must be either avoided or taken advantage of in order to beat the level and progress through the game.</p></div></div>             </div>"
}