{
    "link": "https://fitgirl-repacks.site/lust-from-beyond/",
    "title": "Lust from Beyond \u2013 Build 7438721 (The Explorer\u2019s Update) + Digital Goodies Pack",
    "first_img": "https://i7.imageban.ru/out/2021/10/02/08b8ff3f8272ebb7b0b06ee33435c8ca.jpg",
    "second_img": "https://s01.riotpixels.net/data/89/04/8904a0ea-aff6-48bb-8662-79430663a519.jpg.240p.jpg",
    "body": "<div ><h2>Lust from Beyond \u2013 Build 7438721 (The Explorer\u2019s Update) + Digital Goodies Pack</h2><p ><div><a target=\"_blank\" href=\"https://en.riotpixels.com/games/lust-from-beyond/\" rel=\"noopener\"><img class=\"alignleft\" width=\"150\" src=\"https://i7.imageban.ru/out/2021/10/02/08b8ff3f8272ebb7b0b06ee33435c8ca.jpg\"></a></div><br>Genres/Tags: <strong>Adult, Adventure, First-person, 3D, Horror</strong><br>Companies: <strong>Movie Games Lunarium, Movie Games, PlayWay</strong><br>Languages: <strong>RUS/ENG/MULTI12</strong><br>Original Size: <strong>22.6 GB</strong><br>Repack Size: <strong>from 12.8 GB</strong> [Selective Download]</p>&nbsp;<div>&nbsp;</div><h3>Download Mirrors</h3><ul><li><a href=\"https://1337x.to/torrent/5004198/Lust-from-Beyond-Build-7438721-The-Explorer-s-Update-Digital-Goodies-Pack-MULTi12-FitGirl-Repack-Selective-Download-from-12-8-GB/\" target=\"_blank\" rel=\"noopener\">1337x</a> | [<a href=\"magnet:?xt=urn:btih:1E1F30A68E255B8394BD98DDAF328C711C564739&amp;dn=Lust+from+Beyond+%28Build+7438721%2FThe+Explorer%26rsquo%3Bs+Update+%2B+Digital+Goodies+Pack%2C+MULTi12%29+%5BFitGirl+Repack%2C+Selective+Download+-+from+12.8+GB%5D&amp;tr=udp%3A%2F%2F46.148.18.250%3A2710&amp;tr=udp%3A%2F%2Fopentor.org%3A2710&amp;tr=udp%3A%2F%2Ftracker.coppersurfer.tk%3A6969%2Fannounce&amp;tr=udp%3A%2F%2Ftracker.opentrackr.org%3A1337%2Fannounce&amp;tr=http%3A%2F%2Ftracker.dler.org%3A6969%2Fannounce&amp;tr=udp%3A%2F%2Ftracker.leechers-paradise.org%3A6969%2Fannounce&amp;tr=udp%3A%2F%2F9.rarbg.me%3A2730%2Fannounce&amp;tr=udp%3A%2F%2F9.rarbg.to%3A2770%2Fannounce&amp;tr=udp%3A%2F%2Ftracker.pirateparty.gr%3A6969%2Fannounce&amp;tr=http%3A%2F%2Fretracker.local%2Fannounce&amp;tr=http%3A%2F%2Fretracker.ip.ncnet.ru%2Fannounce&amp;tr=udp%3A%2F%2Fexodus.desync.com%3A6969%2Fannounce&amp;tr=udp%3A%2F%2Fipv4.tracker.harry.lu%3A80%2Fannounce&amp;tr=udp%3A%2F%2Fopen.stealth.si%3A80%2Fannounce&amp;tr=udp%3A%2F%2Ftracker.zer0day.to%3A1337%2Fannounce&amp;tr=udp%3A%2F%2Ftracker.leechers-paradise.org%3A6969%2Fannounce&amp;tr=udp%3A%2F%2Fcoppersurfer.tk%3A6969%2Fannounce\">magnet</a>] [<a href=\"https://pastefg.hermietkreeft.site/?0468ed1e5b8d5854#DYDdUbhPNLxpnooW7dambfBvYip9LXFEadx3qBfh2Wqf\" target=\"_blank\" rel=\"noopener\">.torrent file only</a>] <br><img src=\"https://torrent-stats.info/98dd/2bec38adf.png\" style=\"display:block;clear:both\"></li><li><a href=\"http://rutor.info/torrent/837594/lust-from-beyond-build-7438721-bonus-2021-pc-repack-ot-fitgirl\" target=\"_blank\" rel=\"noopener\">RuTor</a> [<a href=\"magnet:?xt=urn:btih:1e1f30a68e255b8394bd98ddaf328c711c564739&amp;dn=rutor.info_Lust+from+Beyond+%5BBuild+7438721+%2B+Bonus%5D+%282021%29+PC+%7C+RePack+%D0%BE%D1%82+FitGirl&amp;tr=udp://opentor.net:6969&amp;tr=udp://opentor.org:2710&amp;tr=http://retracker.local/announce\">magnet</a>]</li><li><a href=\"https://tapochek.net/viewtopic.php?p=2803825\" target=\"_blank\" rel=\"noopener\">Tapochek.net</a></li><li><a href=\"https://pastefg.hermietkreeft.site/?f2611151776422ed#EgzMSins9t3ENtJ1FVb2JfbEjRX4GGDjdDqEsdAPHehh\" target=\"_blank\" rel=\"noopener\">Filehoster: MultiUpload</a> (10+ hosters, interchangeable) [Use <a href=\"http://jdownloader.org/jdownloader2\" target=\"_blank\" rel=\"noopener\">JDownloader2</a>]</li><li><a href=\"https://pastefg.hermietkreeft.site/?0855118f3fc8f002#BXg7NQehpibyZ9utVZLTrMUyTSCKSFjrCkLaCRNrGN9S\" target=\"_blank\" rel=\"noopener\">Filehoster: PixelDrain</a></li><li><a href=\"https://pastefg.hermietkreeft.site/?77b9247c18b7c6c4#4hdcGDvAqeLMngVV5tAbLKnY9jR3vcyGCAzFD87fijXG\" target=\"_blank\" rel=\"noopener\">Filehoster: ZippyShare</a></li><li><a href=\"https://pastefg.hermietkreeft.site/?eee8b9bc5fad5527#CMnmot3SbLzcrGqRJeAfE4dXzcEqdGZuqbkvtmdLA7gj\" target=\"_blank\" rel=\"noopener\">Filehoster: LetsUpload</a> [Use <a href=\"http://jdownloader.org/jdownloader2\" target=\"_blank\" rel=\"noopener\">JDownloader2</a>]</li><li><a href=\"https://pastefg.hermietkreeft.site/?a4a60a7bed9159e8#3mM9Xmn3Dpz3vEsBgfaQNzMB4Zom14jQPYHW94dFBZNR\" target=\"_blank\" rel=\"noopener\">Filehoster: OneDrive</a> (Uploaded by DyR0 t(-_-t), NOT compatible with other mirrors)</li></ul><p><a href=\"https://cs.rin.ru/forum/viewtopic.php?f=10&amp;t=95274\" target=\"_blank\" rel=\"noopener\">Discussion and (possible) future updates on CS.RIN.RU thread</a></p><h3>Screenshots (Click to enlarge)</h3><p><a target=\"_blank\" href=\"http://en.riotpixels.com/games/lust-from-beyond/screenshots/23/?utm_source=emb-gfx-html&amp;utm_medium=image&amp;utm_campaign=rp-mass\" rel=\"noopener\"><img loading=\"lazy\" width=\"178\" height=\"100\" border=\"0\" src=\"https://s01.riotpixels.net/data/89/04/8904a0ea-aff6-48bb-8662-79430663a519.jpg.240p.jpg\"></a><a target=\"_blank\" href=\"http://en.riotpixels.com/games/lust-from-beyond/screenshots/22/?utm_source=emb-gfx-html&amp;utm_medium=image&amp;utm_campaign=rp-mass\" rel=\"noopener\"><img loading=\"lazy\" width=\"178\" height=\"100\" border=\"0\" src=\"https://s01.riotpixels.net/data/1e/72/1e72c039-f5c1-4f29-9cea-54c7f251d34e.jpg.240p.jpg\"></a><a target=\"_blank\" href=\"http://en.riotpixels.com/games/lust-from-beyond/screenshots/21/?utm_source=emb-gfx-html&amp;utm_medium=image&amp;utm_campaign=rp-mass\" rel=\"noopener\"><img loading=\"lazy\" width=\"178\" height=\"100\" border=\"0\" src=\"https://s01.riotpixels.net/data/3a/a8/3aa8ca4d-d901-4dd7-977b-41395fd2a9bd.jpg.240p.jpg\"></a><br><a target=\"_blank\" href=\"http://en.riotpixels.com/games/lust-from-beyond/screenshots/20/?utm_source=emb-gfx-html&amp;utm_medium=image&amp;utm_campaign=rp-mass\" rel=\"noopener\"><img loading=\"lazy\" width=\"178\" height=\"100\" border=\"0\" src=\"https://s01.riotpixels.net/data/cb/7b/cb7b6121-66f8-49c1-ae75-68a94163ebed.jpg.240p.jpg\"></a><a target=\"_blank\" href=\"http://en.riotpixels.com/games/lust-from-beyond/screenshots/3/?utm_source=emb-gfx-html&amp;utm_medium=image&amp;utm_campaign=rp-mass\" rel=\"noopener\"><img loading=\"lazy\" width=\"178\" height=\"100\" border=\"0\" src=\"https://s01.riotpixels.net/data/bb/89/bb89f4d2-4a89-45a6-9572-a9cbe550220f.jpg.240p.jpg\"></a><a target=\"_blank\" href=\"http://en.riotpixels.com/games/lust-from-beyond/screenshots/2/?utm_source=emb-gfx-html&amp;utm_medium=image&amp;utm_campaign=rp-mass\" rel=\"noopener\"><img loading=\"lazy\" width=\"178\" height=\"100\" border=\"0\" src=\"https://s01.riotpixels.net/data/e9/03/e903cef9-5917-4da6-8959-06835e7d3533.jpg.240p.jpg\"></a></p><h3>Repack Features</h3><ul><li>Based on Lust.from.Beyond.The.Explorers-CODEX ISO release: codex-lust.from.beyond.the.explorers.iso (24,255,913,216 bytes)</li><li>Game version: Build 7438721 (The Explorer\u2019s Update); Digital Goodies Pack is included as an optional download</li><li>100% Lossless &amp; MD5 Perfect: all files are identical to originals after installation</li><li>NOTHING ripped, NOTHING re-encoded</li><li>Selective Download feature: you may skip downloading and installing of Digital Goodies Pack (contains videos, wallpapers, art, etc.)</li><li>Significantly smaller archive size (compressed from 22.6 to 12.8/14.4 GB)</li><li>Installation takes 5-12 minutes (depending on your system)</li><li>After-install integrity check so you could make sure that everything installed properly</li><li>HDD space after installation: up to 39.3 GB</li><li>Language can be changed in game settings</li><li>At least 2 GB of free RAM (inc. virtual) required for installing this repack</li></ul><div ><div><h2>Game Description</h2></div><div >A Victorian mansion. A cult worshipping an otherworldly erotic deity. Among all that \u2013 you. Explore a world inspired by the works of Lovecraft, Giger, and Beksinski. See for yourself that there are no limits to dark ecstasy.<br></div></div><p><b>Backwards Compatibility</b></p><p>This repack is slightly backwards compatible with my previous LfB repack. You can rehash fg-optional-bonus-content.bin and save 1.6 GB of traffic.</p>             </div>"
}