{
    "link": "https://fitgirl-repacks.site/mad-wild-fairy-tale/",
    "title": "Mad Wild Fairy Tale \u2013 v2.0.1",
    "first_img": "https://i2.imageban.ru/out/2021/10/26/1edf8d39221c872cfcd2a483abcd39d1.jpg",
    "second_img": "https://s01.riotpixels.net/data/9e/33/9e33a243-12db-400c-8ac2-375a7d9ee93d.jpg.240p.jpg",
    "body": "<div ><h2>Mad Wild Fairy Tale \u2013 v2.0.1</h2><p ><div><a target=\"_blank\" href=\"https://en.riotpixels.com/games/mad-wild-fairy-tale/\" rel=\"noopener\"><img class=\"alignleft\" width=\"150\" src=\"https://i2.imageban.ru/out/2021/10/26/1edf8d39221c872cfcd2a483abcd39d1.jpg\"></a></div><br>Genres/Tags: <strong>Action, RPG, Strategy, Real-Time, Survival, Top-down, 3D</strong><br>Company: <strong>Morozov Sergey</strong><br>Language: <strong>ENG</strong><br>Original Size: <strong>13.8 GB</strong><br>Repack Size: <strong>3.8 GB</strong></p>&nbsp;<div>&nbsp;</div><h3>Download Mirrors</h3><ul><li><a href=\"https://1337x.to/torrent/5031033/Mad-Wild-Fairy-Tale-v2-0-1-FitGirl-Repack/\" target=\"_blank\" rel=\"noopener\">1337x</a> | [<a href=\"magnet:?xt=urn:btih:ECD81CD21FC82FC540C666520EB2883C23C306DA&amp;dn=Mad+Wild+Fairy+Tale+%28v2.0.1%29+%5BFitGirl+Repack%5D&amp;tr=udp%3A%2F%2F46.148.18.250%3A2710&amp;tr=udp%3A%2F%2Fopentor.org%3A2710&amp;tr=udp%3A%2F%2Ftracker.coppersurfer.tk%3A6969%2Fannounce&amp;tr=udp%3A%2F%2Ftracker.opentrackr.org%3A1337%2Fannounce&amp;tr=http%3A%2F%2Ftracker.dler.org%3A6969%2Fannounce&amp;tr=udp%3A%2F%2Ftracker.leechers-paradise.org%3A6969%2Fannounce&amp;tr=udp%3A%2F%2F9.rarbg.me%3A2730%2Fannounce&amp;tr=udp%3A%2F%2F9.rarbg.to%3A2770%2Fannounce&amp;tr=udp%3A%2F%2Ftracker.pirateparty.gr%3A6969%2Fannounce&amp;tr=http%3A%2F%2Fretracker.local%2Fannounce&amp;tr=http%3A%2F%2Fretracker.ip.ncnet.ru%2Fannounce&amp;tr=udp%3A%2F%2Fexodus.desync.com%3A6969%2Fannounce&amp;tr=udp%3A%2F%2Fipv4.tracker.harry.lu%3A80%2Fannounce&amp;tr=udp%3A%2F%2Fopen.stealth.si%3A80%2Fannounce&amp;tr=udp%3A%2F%2Ftracker.zer0day.to%3A1337%2Fannounce&amp;tr=udp%3A%2F%2Ftracker.leechers-paradise.org%3A6969%2Fannounce&amp;tr=udp%3A%2F%2Fcoppersurfer.tk%3A6969%2Fannounce\">magnet</a>] [<a href=\"https://pastefg.hermietkreeft.site/?e9bb3a984c03fa3f#4H8VbE8qxrpBnQBxADcPPdxXXcrsTBMwujXMfJZK6cAH\" target=\"_blank\" rel=\"noopener\">.torrent file only</a>] <br><img src=\"https://torrent-stats.info/6652/1d9b25b74.png\" style=\"display:block;clear:both\"></li><li><a href=\"https://tapochek.net/viewtopic.php?p=2808088\" target=\"_blank\" rel=\"noopener\">Tapochek.net</a></li><li><a href=\"https://pastefg.hermietkreeft.site/?41ccb385ac94e5b0#9WQVRsksa9Vmrag4fkt2EpZMcRFxxaHYyuW7dtvMMQtk\" target=\"_blank\" rel=\"noopener\">Filehoster: MultiUpload</a> (10+ hosters, interchangeable) [Use <a href=\"http://jdownloader.org/jdownloader2\" target=\"_blank\" rel=\"noopener\">JDownloader2</a>]</li><li><a href=\"https://pastefg.hermietkreeft.site/?70f1ec32ef7022cd#6nLYHA47qozM9qfa85VhvcRwtcSwgrgSkDZKoGDG8Aep\" target=\"_blank\" rel=\"noopener\">Filehoster: PixelDrain</a></li><li><a href=\"https://pastefg.hermietkreeft.site/?4aac11909220f3e6#CtxAbQj36g2wDNKd32WqkNwzxDuFbpV5GVXDk6YaQGUX\" target=\"_blank\" rel=\"noopener\">Filehoster: ZippyShare</a></li><li><a href=\"https://pastefg.hermietkreeft.site/?d12db9fbfb600441#9ejkKRY7pQY1JLpLTuGRYR41MY5DNv5YFNoyz7C8Xau8\" target=\"_blank\" rel=\"noopener\">Filehoster: BayFiles</a></li><li><a href=\"https://pastefg.hermietkreeft.site/?6d926bddea93bea8#CFLhLXoD9Ley644nArsvVBtypCdGVxerXKzooLXTurS8\" target=\"_blank\" rel=\"noopener\">Filehoster: LetsUpload</a> [Use <a href=\"http://jdownloader.org/jdownloader2\" target=\"_blank\" rel=\"noopener\">JDownloader2</a>]</li><li><a href=\"https://pastefg.hermietkreeft.site/?109ce6d370a30a4c#GgrH8BKL93cjjYfKeBqnXVBFtWRDACckZ1aYjL1DCus1\" target=\"_blank\" rel=\"noopener\">Filehoster: OneDrive</a> (Uploaded by DyR0 t(-_-t), NOT compatible with other mirrors)</li><p><!--  <li><a href=\"\" target=\"_blank\" rel=\"noopener\">Filehosters: Google Drive, OneDrive + others</a> (Uploaded by crackhub213)</li>  --></p></ul><p><a href=\"https://cs.rin.ru/forum/viewtopic.php?f=10&amp;t=116800\" target=\"_blank\" rel=\"noopener\">Discussion and (possible) future updates on CS.RIN.RU thread</a></p><h3>Screenshots (Click to enlarge)</h3><p><a target=\"_blank\" href=\"https://en.riotpixels.com/games/mad-wild-fairy-tale/screenshots/6/?utm_source=emb-gfx-html&amp;utm_medium=image&amp;utm_campaign=rp-mass\" rel=\"noopener\"><img loading=\"lazy\" width=\"178\" height=\"100\" border=\"0\" src=\"https://s01.riotpixels.net/data/9e/33/9e33a243-12db-400c-8ac2-375a7d9ee93d.jpg.240p.jpg\"></a><a target=\"_blank\" href=\"https://en.riotpixels.com/games/mad-wild-fairy-tale/screenshots/5/?utm_source=emb-gfx-html&amp;utm_medium=image&amp;utm_campaign=rp-mass\" rel=\"noopener\"><img loading=\"lazy\" width=\"178\" height=\"100\" border=\"0\" src=\"https://s01.riotpixels.net/data/78/72/787257e9-efcc-4b37-b168-358fe6e9c4d4.jpg.240p.jpg\"></a><a target=\"_blank\" href=\"https://en.riotpixels.com/games/mad-wild-fairy-tale/screenshots/4/?utm_source=emb-gfx-html&amp;utm_medium=image&amp;utm_campaign=rp-mass\" rel=\"noopener\"><img loading=\"lazy\" width=\"178\" height=\"100\" border=\"0\" src=\"https://s01.riotpixels.net/data/f3/b5/f3b590b7-761a-483f-a1ea-74846bd162af.jpg.240p.jpg\"></a><br><a target=\"_blank\" href=\"https://en.riotpixels.com/games/mad-wild-fairy-tale/screenshots/3/?utm_source=emb-gfx-html&amp;utm_medium=image&amp;utm_campaign=rp-mass\" rel=\"noopener\"><img loading=\"lazy\" width=\"178\" height=\"100\" border=\"0\" src=\"https://s01.riotpixels.net/data/58/8a/588a4348-01fa-45ce-913e-8d6612d6a181.jpg.240p.jpg\"></a><a target=\"_blank\" href=\"https://en.riotpixels.com/games/mad-wild-fairy-tale/screenshots/2/?utm_source=emb-gfx-html&amp;utm_medium=image&amp;utm_campaign=rp-mass\" rel=\"noopener\"><img loading=\"lazy\" width=\"178\" height=\"100\" border=\"0\" src=\"https://s01.riotpixels.net/data/74/f3/74f32450-9ae0-44d8-8a77-a2d00322574e.jpg.240p.jpg\"></a><a target=\"_blank\" href=\"https://en.riotpixels.com/games/mad-wild-fairy-tale/screenshots/1/?utm_source=emb-gfx-html&amp;utm_medium=image&amp;utm_campaign=rp-mass\" rel=\"noopener\"><img loading=\"lazy\" width=\"178\" height=\"100\" border=\"0\" src=\"https://s01.riotpixels.net/data/a3/8c/a38cbf5e-d19c-4772-afae-a0401c967719.jpg.240p.jpg\"></a></p><h3>Repack Features</h3><ul><li>Based on Mad.Wild.Fairy.Tale-DARKSiDERS ISO release: ds-madwildfairytale.iso (14,810,832,896 bytes)</li><li>100% Lossless &amp; MD5 Perfect: all files are identical to originals after installation</li><li>Useless early access build v1.0 ripped (developer forgot about it), NOTHING re-encoded</li><li>Significantly smaller archive size (compressed from 13.8 to 3.8 GB)</li><li>Installation takes 3-4 minutes (depending on your system)</li><li>After-install integrity check so you could make sure that everything installed properly</li><li>HDD space after installation: 11.1 GB</li><li>At least 2 GB of free RAM (inc. virtual) required for installing this repack</li></ul><div ><div><h2>Game Description</h2></div><div ><p>Take control of the undead king. Manage your legacy domain and protect it from mortal trespassers. Mad Wild Fairy Tale is an Action RPG Strategy with hardcore survival and PvP-Invasion mechanics. The game is set in a beautiful dark fantasy world.</p><p>This game was created by hardcore gamer for people who love unordinary games like The Horde, Dungeon Keeper and Mighty Quest For The Epic Loot with many Action-RPG elements.</p><p><b><h3>Game Features</h3></b></p><ul><li>The Undead King has 3 active talent trees, changing your main combat skills.</li><li>Each second level you can allocate a passive skill. Passive skills affect your domain, units and hired heroes.</li><li>Each second level you can also allocate a passive PvP skills. Passive skills affect your 9 PvP abilities. When you attack someone else\u2019s domain, you get a PvP-panel with skills.</li><li>Loot-System is not limited to equipment and resources. As you kill monsters, you will receive items that allow you to better protect your character and to kill stronger foes. You can also find quests, tower plans, trap scrolls and various potions. Helmet, armor, weapons, shields, back, boots, gloves and pants \u2013 change the appearance.</li><li>Your units and hired heroes also have passive and wave skills. Units gain experience, can be promoted and have an unlimited level limit.</li><li>You can manage, destroy, level up almost everything what you see.</li><li>The strategic aspect in the game is no less important than the Action RPG element, over time your character will not be able to keep fighting on all fronts, so it is very important to plan every peace of your domain.</li><li>You can summon traps, buildings, walls, floors, pillars, fences, barricades, towers and many other useful objects.</li><li>The game is full of hidden mechanics. Everything around you has some meaning or set of rules.</li><li>Use trees as a \u2018wiki\u2019.</li><li>Learning by doing.</li><li>If you or your forest heart dies, you will start from the beginning. Your character reaches immortality only after level 10 and instead loses experience.</li><li>Game is pretty hard.</li><li>Various mechanics of how to play and win and let the other player lose!</li><li>You can attack enemy domain.</li><li>You can attack your own domain (try defence and skills).</li><li>PvP attack is asynchronous, when the destruction of the enemy\u2019s forest or its individual parts, your opponent does not lose anything. If your character is killed in someone else\u2019s domain, he is revived again in your forest.</li><li>Your mushrooms are linked to other players domain, so you can send various trespassers to enemy lands. There are many ways to send a squad or group of trespassers to any Steam player.</li></ul></div></div>             </div>"
}