{
    "link": "https://fitgirl-repacks.site/madman/",
    "title": "MadMan",
    "first_img": "https://i7.imageban.ru/out/2022/04/10/142fdc32b7034ddabc06dfb0b403ead6.jpg",
    "second_img": "https://s01.riotpixels.net/data/2a/bd/2abdd195-39b3-482b-a866-6e7e7b4a9d7c.jpg.240p.jpg",
    "body": "<div ><h2>MadMan</h2><p ><div><a target=\"_blank\" href=\"https://en.riotpixels.com/games/madman/\" rel=\"noopener\"><img class=\"alignleft\" width=\"150\" src=\"https://i7.imageban.ru/out/2022/04/10/142fdc32b7034ddabc06dfb0b403ead6.jpg\"></a></div><br>Genres/Tags: <strong>Adventure, Survival, Horror, First-person, 3D</strong><br>Company: <strong>Nethersoft Interactive</strong><br>Language: <strong>ENG</strong><br>Original Size: <strong>1.7 GB</strong><br>Repack Size: <strong>1.1/1.2 GB</strong></p>&nbsp;<div>&nbsp;</div><h3>Download Mirrors</h3><ul><li><a href=\"https://1337x.to/torrent/5213591/MadMan-FitGirl-Repack/\" target=\"_blank\" rel=\"noopener\">1337x</a> | [<a href=\"magnet:?xt=urn:btih:D87FBF85EF3652C3269D31AE761982656280A463&amp;dn=MadMan+%5BFitGirl+Repack%5D&amp;tr=udp%3A%2F%2F46.148.18.250%3A2710&amp;tr=udp%3A%2F%2Fopentor.org%3A2710&amp;tr=udp%3A%2F%2Ftracker.coppersurfer.tk%3A6969%2Fannounce&amp;tr=udp%3A%2F%2Ftracker.opentrackr.org%3A1337%2Fannounce&amp;tr=http%3A%2F%2Ftracker.dler.org%3A6969%2Fannounce&amp;tr=udp%3A%2F%2Ftracker.leechers-paradise.org%3A6969%2Fannounce&amp;tr=udp%3A%2F%2F9.rarbg.me%3A2730%2Fannounce&amp;tr=udp%3A%2F%2F9.rarbg.to%3A2770%2Fannounce&amp;tr=udp%3A%2F%2Ftracker.pirateparty.gr%3A6969%2Fannounce&amp;tr=http%3A%2F%2Fretracker.local%2Fannounce&amp;tr=http%3A%2F%2Fretracker.ip.ncnet.ru%2Fannounce&amp;tr=udp%3A%2F%2Fexodus.desync.com%3A6969%2Fannounce&amp;tr=udp%3A%2F%2Fipv4.tracker.harry.lu%3A80%2Fannounce&amp;tr=udp%3A%2F%2Fopen.stealth.si%3A80%2Fannounce&amp;tr=udp%3A%2F%2Ftracker.opentrackr.org%3A1337%2Fannounce&amp;tr=http%3A%2F%2Ftracker.openbittorrent.com%3A80%2Fannounce&amp;tr=udp%3A%2F%2Fopentracker.i2p.rocks%3A6969%2Fannounce&amp;tr=udp%3A%2F%2Ftracker.internetwarriors.net%3A1337%2Fannounce&amp;tr=udp%3A%2F%2Ftracker.leechers-paradise.org%3A6969%2Fannounce&amp;tr=udp%3A%2F%2Fcoppersurfer.tk%3A6969%2Fannounce&amp;tr=udp%3A%2F%2Ftracker.zer0day.to%3A1337%2Fannounce\">magnet</a>] [<a href=\"https://pastefg.hermietkreeft.site/?21e8bcba3f744bdb#9BYPZLuGP54FJ7qMP1DLUnKoWJvyZG2ejnJm8aTLcTvx\" target=\"_blank\" rel=\"noopener\">.torrent file only</a>] <br><img src=\"https://torrent-stats.info/31ae/ef9418d6.png\" style=\"display:block;clear:both\"></li><li><a href=\"https://tapochek.net/viewtopic.php?p=2845252\" target=\"_blank\" rel=\"noopener\">Tapochek.net</a></li><li><a href=\"https://pastefg.hermietkreeft.site/?3987b4118a06633f#GLAupfr6dtE6wuG9YehxLdvGceyziE6MkwrHaW2mD2oE\" target=\"_blank\" rel=\"noopener\">Filehoster: MultiUpload</a> (10+ hosters, interchangeable) [Use <a href=\"http://jdownloader.org/jdownloader2\" target=\"_blank\" rel=\"noopener\">JDownloader2</a>]</li><li><a href=\"https://pastefg.hermietkreeft.site/?28ebe0ed9def44f7#GUei3fpe3Zt2SgciLz54k82KJ2MTud6pzZzLSA1ZRqEQ\" target=\"_blank\" rel=\"noopener\">Filehoster: ZippyShare</a></li><li><a href=\"https://pastefg.hermietkreeft.site/?d86eadf811a69cae#BMY7pN9rARcArtYLvaTqXjDqchYULRYxpvszDdBjCTu8\" target=\"_blank\" rel=\"noopener\">Filehoster: BayFiles</a></li><li><a href=\"https://pastefg.hermietkreeft.site/?2f7ceda3e51bfaee#EXrnQKxb7iKgvcjXzdxfQXxugqLsRR9ViWiJxU7jfyzn\" target=\"_blank\" rel=\"noopener\">Filehoster: OneDrive</a> (Uploaded by DyR0 t(-_-t), NOT compatible with other mirrors)</li><p><!--  <li><a href=\"\" target=\"_blank\" rel=\"noopener\">Filehosters: Google Drive, OneDrive + others</a> (Uploaded by crackhub213)</li>  --></p></ul><p><a href=\"https://cs.rin.ru/forum/viewtopic.php?f=10&amp;t=117382\" target=\"_blank\" rel=\"noopener\">Discussion and (possible) future updates on CS.RIN.RU thread</a></p><h3>Screenshots (Click to enlarge)</h3><p><a target=\"_blank\" href=\"https://en.riotpixels.com/games/madman/screenshots/10/?utm_source=emb-gfx-html&amp;utm_medium=image&amp;utm_campaign=rp-mass\" rel=\"noopener\"><img loading=\"lazy\" width=\"178\" height=\"100\" border=\"0\" src=\"https://s01.riotpixels.net/data/2a/bd/2abdd195-39b3-482b-a866-6e7e7b4a9d7c.jpg.240p.jpg\"></a><a target=\"_blank\" href=\"https://en.riotpixels.com/games/madman/screenshots/9/?utm_source=emb-gfx-html&amp;utm_medium=image&amp;utm_campaign=rp-mass\" rel=\"noopener\"><img loading=\"lazy\" width=\"178\" height=\"100\" border=\"0\" src=\"https://s01.riotpixels.net/data/18/3d/183dde68-5c3c-4cc0-a55a-657657ad7095.jpg.240p.jpg\"></a><a target=\"_blank\" href=\"https://en.riotpixels.com/games/madman/screenshots/8/?utm_source=emb-gfx-html&amp;utm_medium=image&amp;utm_campaign=rp-mass\" rel=\"noopener\"><img loading=\"lazy\" width=\"178\" height=\"100\" border=\"0\" src=\"https://s01.riotpixels.net/data/be/e7/bee73c30-4437-4e7b-94b5-fe57a7545e16.jpg.240p.jpg\"></a><br><a target=\"_blank\" href=\"https://en.riotpixels.com/games/madman/screenshots/7/?utm_source=emb-gfx-html&amp;utm_medium=image&amp;utm_campaign=rp-mass\" rel=\"noopener\"><img loading=\"lazy\" width=\"178\" height=\"100\" border=\"0\" src=\"https://s01.riotpixels.net/data/01/94/0194de45-8b1c-43ad-8639-7684ceb43a63.jpg.240p.jpg\"></a><a target=\"_blank\" href=\"https://en.riotpixels.com/games/madman/screenshots/2/?utm_source=emb-gfx-html&amp;utm_medium=image&amp;utm_campaign=rp-mass\" rel=\"noopener\"><img loading=\"lazy\" width=\"178\" height=\"100\" border=\"0\" src=\"https://s01.riotpixels.net/data/1a/ad/1aad34d4-6552-4e91-b820-36a0a3134b7f.jpg.240p.jpg\"></a><a target=\"_blank\" href=\"https://en.riotpixels.com/games/madman/screenshots/1/?utm_source=emb-gfx-html&amp;utm_medium=image&amp;utm_campaign=rp-mass\" rel=\"noopener\"><img loading=\"lazy\" width=\"178\" height=\"100\" border=\"0\" src=\"https://s01.riotpixels.net/data/26/b9/26b91211-32bd-4028-ba0e-0f929b50b173.jpg.240p.jpg\"></a></p><h3>Repack Features</h3><ul><li>Based on MadMan-TiNYiSO ISO release: tn-madman.iso (1,823,385,600 bytes)</li><li>100% Lossless &amp; MD5 Perfect: all files are identical to originals after installation</li><li>NOTHING ripped, NOTHING re-encoded</li><li>Selective Download feature: you may skip downloading and installing of animated menu background video</li><li>Smaller archive size (compressed from 1.7 to 1.1/1.2 GB)</li><li>Installation takes 3-6 minutes (depending on your system)</li><li>After-install integrity check so you could make sure that everything installed properly</li><li>HDD space after installation: up to 1.7 GB</li><li>Repack uses compression library by Razor12911</li><li>At least 2 GB of free RAM (inc. virtual) required for installing this repack</li></ul><div ><div><h2>Game Description</h2></div><div ><p>Trapped inside an abandoned mental asylum with a psychopathic killer lurking about, you are forced to explore the facility armed with only your wits to survive. With a blood hungry madman on your trail you are never safe, every move could be your last. Will you escape to tell the tale or become another victim?</p><p><b>Synopsis:</b><br>You find yourself lost inside a creepy abandoned asylum, you have no form of self defense and must find your way through the asylum while being hunted by a brutal serial killer. Once a former doctor at the facility now a blood hungry madman, he will stop at nothing to get his hands on you. Use your wits to outsmart the doctor or hide and pray he doesn\u2019t find you. MadMan is a first person indie horror game built for tension.</p><p>MadMan is a true survival horror experience, you are no combat veteran and must avoid the horrors that lurk about to survive.</p><p><b><h3>Game Features</h3></b></p><ul><li><b>Run and Hide:</b> combat is no skill of yours, you can only avoid the horror that lurks within by running / hiding</li><li><b>Realistic Graphics:</b> AAA graphics to produce the ultimate horror atmospheric experience</li><li><b>Sound based gameplay:</b> Use the sound of footsteps to interpret the doctor\u2019s whereabouts, or perhaps make noise to distract him to reach your goal</li><li><b>Game Length:</b> MadMan is made by a solo developer and on a small budget, because of this the game will be short and can be beaten within 1 hour.</li><li><b>Warning:</b> MadMan contains intense gore and violence, do enjoy yourself.</li></ul></div></div>             </div>"
}