{
    "link": null,
    "title": "Mafia: Definitive Edition \u2013 BuildID 7368608 + Chicago Outfit Pack DLC + Windows 7 Fix",
    "first_img": "https://i1.imageban.ru/out/2021/09/24/af6a2d0f7b3ef50f0e9c80f98422e725.jpg",
    "second_img": [],
    "body": "<div ><h2>Mafia: Definitive Edition \u2013 BuildID 7368608 + Chicago Outfit Pack DLC + Windows 7 Fix</h2><p ><div><a target=\"_blank\" href=\"http://en.riotpixels.com/games/mafia-definitive-edition/\" rel=\"noopener\"><img class=\"alignleft\" width=\"150\" src=\"https://i1.imageban.ru/out/2021/09/24/af6a2d0f7b3ef50f0e9c80f98422e725.jpg\"></a></div><br>Genres/Tags: <strong>Action, Shooter, Driving, Open world, Third-person, 3D</strong><br>Companies: <strong>Hangar 13, 2K Games</strong><br>Languages: <strong>RUS/ENG/MULTI14</strong><br>Original Size: <strong>38.6 GB</strong><br>Repack Size: <strong>from 10.8 GB</strong> [Selective Download]</p>&nbsp;<div>&nbsp;</div><h3>Download Mirrors</h3><ul><li><a href=\"https://1337x.to/torrent/4994878/Mafia-Definitive-Edition-BuildID-7368608-Chicago-Outfit-Pack-DLC-Windows-7-Fix-MULTi14-FitGirl-Repack-Selective-Download-from-10-8-GB/\" target=\"_blank\" rel=\"noopener\">1337x</a> | [<a href=\"magnet:?xt=urn:btih:9BBA27732BC1BEAB8F055318B38F19C888E6441B&amp;dn=Mafia%3A+Definitive+Edition+%28BuildID+7368608+%2B+Chicago+Outfit+Pack+DLC+%2B+Windows+7+Fix%2C+MULTi14%29+%5BFitGirl+Repack%2C+Selective+Download+-+from+10.8+GB%5D&amp;tr=udp%3A%2F%2F46.148.18.250%3A2710&amp;tr=udp%3A%2F%2Fopentor.org%3A2710&amp;tr=udp%3A%2F%2Ftracker.coppersurfer.tk%3A6969%2Fannounce&amp;tr=udp%3A%2F%2Ftracker.opentrackr.org%3A1337%2Fannounce&amp;tr=http%3A%2F%2Ftracker.dler.org%3A6969%2Fannounce&amp;tr=udp%3A%2F%2Ftracker.leechers-paradise.org%3A6969%2Fannounce&amp;tr=udp%3A%2F%2F9.rarbg.me%3A2730%2Fannounce&amp;tr=udp%3A%2F%2F9.rarbg.to%3A2770%2Fannounce&amp;tr=udp%3A%2F%2Ftracker.pirateparty.gr%3A6969%2Fannounce&amp;tr=http%3A%2F%2Fretracker.local%2Fannounce&amp;tr=http%3A%2F%2Fretracker.ip.ncnet.ru%2Fannounce&amp;tr=udp%3A%2F%2Fexodus.desync.com%3A6969%2Fannounce&amp;tr=udp%3A%2F%2Fipv4.tracker.harry.lu%3A80%2Fannounce&amp;tr=udp%3A%2F%2Fopen.stealth.si%3A80%2Fannounce&amp;tr=udp%3A%2F%2Ftracker.zer0day.to%3A1337%2Fannounce&amp;tr=udp%3A%2F%2Ftracker.leechers-paradise.org%3A6969%2Fannounce&amp;tr=udp%3A%2F%2Fcoppersurfer.tk%3A6969%2Fannounce\">magnet</a>] [<a href=\"https://pastefg.hermietkreeft.site/?31b95cde9bdc972e#AhJYvU9rJk6NB7i4xL1nWJmbbwVndQtVbDbcidm5T3Yr\" target=\"_blank\" rel=\"noopener\">.torrent file only</a>] <br><img src=\"https://torrent-stats.info/5318/17d42b2a0.png\" style=\"display:block;clear:both\"></li><li><a href=\"http://rutor.info/torrent/836100/mafia-definitive-edition-build-7368608-dlc-2020-pc-repack-ot-fitgirl\" target=\"_blank\" rel=\"noopener\">RuTor</a> [<a href=\"magnet:?xt=urn:btih:9bba27732bc1beab8f055318b38f19c888e6441b&amp;dn=rutor.info_Mafia%3A+Definitive+Edition+%5BBuild+7368608+%2B+DLC%5D+%282020%29+PC+%7C+RePack+%D0%BE%D1%82+FitGirl&amp;tr=udp://opentor.net:6969&amp;tr=udp://opentor.org:2710&amp;tr=http://retracker.local/announce\">magnet</a>]</li><li><a href=\"https://tapochek.net/viewtopic.php?p=2802111\" target=\"_blank\" rel=\"noopener\">Tapochek.net</a></li><li><a href=\"https://pastefg.hermietkreeft.site/?438ccd1797ea4c28#DG14kc2Aq2RxsqrL3tpGxJWD8DyiLYwFQ1CMa5LqWGFV\" target=\"_blank\" rel=\"noopener\">Filehoster: MultiUpload</a> (10+ hosters, interchangeable) [Use <a href=\"http://jdownloader.org/jdownloader2\" target=\"_blank\" rel=\"noopener\">JDownloader2</a>]</li><li><a href=\"https://pastefg.hermietkreeft.site/?63f11cece680e1f1#DfWCiE4CcBMp1tPTbuojcJpxL3zrLde4t1zWKadomEmh\" target=\"_blank\" rel=\"noopener\">Filehoster: PixelDrain</a></li><li><a href=\"https://pastefg.hermietkreeft.site/?7afe621b893ae711#WdU7aEki8K7EHjqXhtYazxrWXQLcFaCvJXyneBW5mgq\" target=\"_blank\" rel=\"noopener\">Filehoster: ZippyShare</a></li><li><a href=\"https://pastefg.hermietkreeft.site/?9dff8d2609be4936#EqyFSq2cTpudmcztCpTDhjuU3x1UVtdS9VBHeV3R6BcP\" target=\"_blank\" rel=\"noopener\">Filehoster: LetsUpload</a> [Use <a href=\"http://jdownloader.org/jdownloader2\" target=\"_blank\" rel=\"noopener\">JDownloader2</a>]</li><li><a href=\"https://crackhub.site/mafia-definitive-edition-buildid-7368608-chicago-outfit-pack-dlc-windows-7-fix-fitgirl-repack/\" target=\"_blank\" rel=\"noopener\">Filehosters: Google Drive, OneDrive + others</a> (Uploaded by crackhub213)</li><li><a href=\"https://pastefg.hermietkreeft.site/?7733aa52cf6b7b60#5AhMrPthgjb61QyP4DKDH9WV6NKqBMpGNavhvuvK4kVC\" target=\"_blank\" rel=\"noopener\">Filehoster: OneDrive</a> (Uploaded by DyR0 t(-_-t), NOT compatible with other mirrors)</li></ul><p><!--  <li><a href=\"https://pastefg.hermietkreeft.site/?e7811c67ebeab648#Go3X7gkjuFWaMjBPt7L5XoGvFmDkse6mVyTRJHKjXsoV\" target=\"_blank\" rel=\"noopener\">Filehoster: MultiUpload</a> (10+ hosters, interchangeable) [Use <a href=\"http://jdownloader.org/jdownloader2\" target=\"_blank\" rel=\"noopener\">JDownloader2</a>]</li><li><a href=\"https://pastefg.hermietkreeft.site/?7ca32abe6186f33e#jgC3bSAb7q8cLJ5rNRx8TjppQuEMenfoLaxMBzDMVdG\" target=\"_blank\" rel=\"noopener\">Filehoster: PixelDrain</a></li>  --></p><p><a href=\"https://cs.rin.ru/forum/viewtopic.php?f=10&amp;t=105437\" target=\"_blank\" rel=\"noopener\">Discussion and (possible) future updates on CS.RIN.RU thread</a></p><h3>Screenshots (Click to enlarge)</h3><p><a target=\"_blank\" href=\"http://en.riotpixels.com/games/mafia-definitive-edition/screenshots/28/?utm_source=emb-gfx-html&amp;utm_medium=image&amp;utm_campaign=rp-mass\" rel=\"noopener\"><img loading=\"lazy\" width=\"178\" height=\"100\" border=\"0\" src=\"https://s01.riotpixels.net/data/06/3b/063b14c8-642f-41c6-8c85-3b252f87d6bd.jpg.240p.jpg\"></a><a target=\"_blank\" href=\"http://en.riotpixels.com/games/mafia-definitive-edition/screenshots/27/?utm_source=emb-gfx-html&amp;utm_medium=image&amp;utm_campaign=rp-mass\" rel=\"noopener\"><img loading=\"lazy\" width=\"178\" height=\"100\" border=\"0\" src=\"https://s01.riotpixels.net/data/a4/e4/a4e42c26-07b2-47e9-8c1c-77696742f4ba.jpg.240p.jpg\"></a><a target=\"_blank\" href=\"http://en.riotpixels.com/games/mafia-definitive-edition/screenshots/21/?utm_source=emb-gfx-html&amp;utm_medium=image&amp;utm_campaign=rp-mass\" rel=\"noopener\"><img loading=\"lazy\" width=\"178\" height=\"100\" border=\"0\" src=\"https://s01.riotpixels.net/data/ed/81/ed817bdb-9f87-4d7f-993a-100ab4a1b6c0.jpg.240p.jpg\"></a><br><a target=\"_blank\" href=\"http://en.riotpixels.com/games/mafia-definitive-edition/screenshots/7/?utm_source=emb-gfx-html&amp;utm_medium=image&amp;utm_campaign=rp-mass\" rel=\"noopener\"><img loading=\"lazy\" width=\"178\" height=\"100\" border=\"0\" src=\"https://s01.riotpixels.net/data/c1/12/c112d82d-9a72-45fa-a7d9-e368bb3c00fa.jpg.240p.jpg\"></a><a target=\"_blank\" href=\"http://en.riotpixels.com/games/mafia-definitive-edition/screenshots/2/?utm_source=emb-gfx-html&amp;utm_medium=image&amp;utm_campaign=rp-mass\" rel=\"noopener\"><img loading=\"lazy\" width=\"178\" height=\"100\" border=\"0\" src=\"https://s01.riotpixels.net/data/d9/32/d9326a60-9d2d-4a7a-93f5-69f28a118b60.jpg.240p.jpg\"></a><a target=\"_blank\" href=\"http://en.riotpixels.com/games/mafia-definitive-edition/screenshots/1/?utm_source=emb-gfx-html&amp;utm_medium=image&amp;utm_campaign=rp-mass\" rel=\"noopener\"><img loading=\"lazy\" width=\"178\" height=\"100\" border=\"0\" src=\"https://s01.riotpixels.net/data/00/d7/00d76fc9-6314-4aea-b0ee-2969d574d925.jpg.240p.jpg\"></a></p><h3>Repack Features</h3><ul><li>Based on Mafia.Definitive.Edition-CPY ISO release: cpy-mde.iso (40,035,942,400 bytes)</li><li>Mafia.Definitive.Edition.Update.v20210923-CODEX (1.3 GB) applied over</li><li>Chicago Outfit Pack DLC is included and activated; game version is BuildID 7368608 from September 23, 2021</li><li>100% Lossless &amp; MD5 Perfect: all files are identical to originals after installation</li><li>Useless 2K Launcher ripped, NOTHING re-encoded</li><li>Selective Download feature: you can skip downloading and installing of voiceovers you don\u2019t need</li><li>Significantly smaller archive size (compressed from cumulative 38.6 to 10.8~18.7 GB, depending on selected components)</li><li>Installation takes 6-20 minutes (depending on your system and selected components)</li><li>After-install integrity check so you could make sure that everything installed properly</li><li>HDD space after installation: up to 35.6 GB</li><li>Language can be changed in game settings</li><li>Repack uses library by Razor12911</li><li>At least 3 GB of free RAM (inc. virtual) required for installing this repack</li><li>Check the readme.txt in \u201cWindows 7 Fix\u201d folder if you want to run the game on Windows 7</li></ul><div ><div><h2>Game Description</h2></div><div >Part one of the Mafia crime saga \u2013 1930s, Lost Heaven, IL<p>Re-made from the ground up, rise through the ranks of the Mafia during the Prohibition era of organized crime. After a run-in with the mob, cab driver Tommy Angelo is thrust into a deadly underworld. Initially uneasy about falling in with the Salieri crime family, Tommy soon finds that the rewards are too big to ignore.</p><p>Play a Mob Movie:<br>Live the life of a Prohibition-era gangster and rise through the ranks of the Mafia.</p><p>Lost Heaven, IL:<br>Recreated 1930\u2019s cityscape, filled with interwar architecture, cars and culture to see, hear and interact with.</p><p>Re-Made Classic:<br>Faithfully recreated, with expanded story, gameplay and original score. This is the Mafia you remembered and much more.</p></div></div><p><b>Backwards Compatibility</b></p><p>This repack is HEAVILY backwards compatible with my previous M:DE repack. The only changed files are: setup.exe, fg-02.bin, fg-04.bin &amp; fg-07.bin. All other files can be rehashed to save you up to 14.9 GB of traffic.</p><p><b>CPY to CODEX Saves Conversion</b></p><p>Copy contents of CPY Save folder to new folder location:</p><p>CPY Save folder<br>Documents\\my games\\Mafia Definitive Edition\\Data\\292733975847239680<br>New Save folder<br>Documents\\my games\\Mafia Definitive Edition\\Data\\76561197960267366</p>             </div>"
}