{
    "link": "https://fitgirl-repacks.site/mail-mole/",
    "title": "Mail Mole \u2013 v1.3.0s + Expansion + DLC",
    "first_img": "https://i7.imageban.ru/out/2021/10/26/ff516fb2f4b313c63283c824ffd805cb.jpg",
    "second_img": "https://s01.riotpixels.net/data/c2/48/c2480f5a-2736-4ef9-accd-dcaa7d8bae2b.jpg.240p.jpg",
    "body": "<div ><h2>Mail Mole \u2013 v1.3.0s + Expansion + DLC</h2><p ><div><a target=\"_blank\" href=\"https://en.riotpixels.com/games/mail-mole/\" rel=\"noopener\"><img class=\"alignleft\" width=\"150\" src=\"https://i7.imageban.ru/out/2021/10/26/ff516fb2f4b313c63283c824ffd805cb.jpg\"></a></div><br>Genres/Tags: <strong>Arcade, Jump and run, Side, Third-person, 3D</strong><br>Companies: <strong>Talpa Games, Undercoders</strong><br>Languages: <strong>RUS/ENG/MULTI6</strong><br>Original Size: <strong>2.6 GB</strong><br>Repack Size: <strong>1.6 GB</strong></p>&nbsp;<div>&nbsp;</div><h3>Download Mirrors</h3><ul><li><a href=\"https://1337x.to/torrent/5030371/Mail-Mole-v1-3-0s-Expansion-DLC-MULTi6-FitGirl-Repack/\" target=\"_blank\" rel=\"noopener\">1337x</a> | [<a href=\"magnet:?xt=urn:btih:381D6E7ED91F3203AC3764FB7C017A4BAD24E07F&amp;dn=Mail+Mole+%28v1.3.0s+%2B+Expansion+%2B+DLC%2C+MULTi6%29+%5BFitGirl+Repack%5D&amp;tr=udp%3A%2F%2F46.148.18.250%3A2710&amp;tr=udp%3A%2F%2Fopentor.org%3A2710&amp;tr=udp%3A%2F%2Ftracker.coppersurfer.tk%3A6969%2Fannounce&amp;tr=udp%3A%2F%2Ftracker.opentrackr.org%3A1337%2Fannounce&amp;tr=http%3A%2F%2Ftracker.dler.org%3A6969%2Fannounce&amp;tr=udp%3A%2F%2Ftracker.leechers-paradise.org%3A6969%2Fannounce&amp;tr=udp%3A%2F%2F9.rarbg.me%3A2730%2Fannounce&amp;tr=udp%3A%2F%2F9.rarbg.to%3A2770%2Fannounce&amp;tr=udp%3A%2F%2Ftracker.pirateparty.gr%3A6969%2Fannounce&amp;tr=http%3A%2F%2Fretracker.local%2Fannounce&amp;tr=http%3A%2F%2Fretracker.ip.ncnet.ru%2Fannounce&amp;tr=udp%3A%2F%2Fexodus.desync.com%3A6969%2Fannounce&amp;tr=udp%3A%2F%2Fipv4.tracker.harry.lu%3A80%2Fannounce&amp;tr=udp%3A%2F%2Fopen.stealth.si%3A80%2Fannounce&amp;tr=udp%3A%2F%2Ftracker.zer0day.to%3A1337%2Fannounce&amp;tr=udp%3A%2F%2Ftracker.leechers-paradise.org%3A6969%2Fannounce&amp;tr=udp%3A%2F%2Fcoppersurfer.tk%3A6969%2Fannounce\">magnet</a>] [<a href=\"https://pastefg.hermietkreeft.site/?f4f0a1bac3c6054f#7RaBsgHZo9wfRxWHihiqPAEcKhE7365T1nWzjgo7KbiV\" target=\"_blank\" rel=\"noopener\">.torrent file only</a>] <br><img src=\"https://torrent-stats.info/64fb/1d376ed8d.png\" style=\"display:block;clear:both\"></li><li><a href=\"http://rutor.info/torrent/841561/mail-mole-v-1.3.0s-expansion-dlc-2021-pc-repack-ot-fitgirl\" target=\"_blank\" rel=\"noopener\">RuTor</a> [<a href=\"magnet:?xt=urn:btih:381d6e7ed91f3203ac3764fb7c017a4bad24e07f&amp;dn=rutor.info_Mail+Mole+%5Bv+1.3.0s+%2B+Expansion+%2B+DLC%5D+%282021%29+PC+%7C+RePack+%D0%BE%D1%82+FitGirl&amp;tr=udp://opentor.net:6969&amp;tr=udp://opentor.org:2710&amp;tr=http://retracker.local/announce\">magnet</a>]</li><li><a href=\"https://tapochek.net/viewtopic.php?p=2807906\" target=\"_blank\" rel=\"noopener\">Tapochek.net</a></li><li><a href=\"https://pastefg.hermietkreeft.site/?525f7912e192aa61#AinAA7h4MeXQ1ExdiWodWZpzy3xKqZ7Ch7yBbJXEJrRX\" target=\"_blank\" rel=\"noopener\">Filehoster: MultiUpload</a> (10+ hosters, interchangeable) [Use <a href=\"http://jdownloader.org/jdownloader2\" target=\"_blank\" rel=\"noopener\">JDownloader2</a>]</li><li><a href=\"https://pastefg.hermietkreeft.site/?4ec2faa82476f448#AKbzYLS9BHYXGz7me6Zr3FHw9twRyYKyFoxmAGazYXpC\" target=\"_blank\" rel=\"noopener\">Filehoster: PixelDrain</a></li><li><a href=\"https://pastefg.hermietkreeft.site/?6457a1f32039436c#9NzxWqkJDq2ZvWEvwdWzBKfrmDCPJ6MwjgUtCoCNZCfN\" target=\"_blank\" rel=\"noopener\">Filehoster: ZippyShare</a></li><li><a href=\"https://pastefg.hermietkreeft.site/?e73856d8696131bc#EiQZGot6uJjQvpgTYQd7w1kpm5e4shvfiUna7sawyYfq\" target=\"_blank\" rel=\"noopener\">Filehoster: LetsUpload</a> [Use <a href=\"http://jdownloader.org/jdownloader2\" target=\"_blank\" rel=\"noopener\">JDownloader2</a>]</li><li><a href=\"https://pastefg.hermietkreeft.site/?f37d3457c8e813c5#G2RMPXtQV28dCovFMYGgRAH7mRAKSVHtJFmUS6RhyEpo\" target=\"_blank\" rel=\"noopener\">Filehoster: OneDrive</a> (Uploaded by DyR0 t(-_-t), NOT compatible with other mirrors)</li><p><!--  <li><a href=\"\" target=\"_blank\" rel=\"noopener\">Filehosters: Google Drive, OneDrive + others</a> (Uploaded by crackhub213)</li>  --></p></ul><p><a href=\"https://cs.rin.ru/forum/viewtopic.php?f=10&amp;t=104895\" target=\"_blank\" rel=\"noopener\">Discussion and (possible) future updates on CS.RIN.RU thread</a></p><h3>Screenshots (Click to enlarge)</h3><p><a target=\"_blank\" href=\"https://en.riotpixels.com/games/mail-mole/screenshots/23/?utm_source=emb-gfx-html&amp;utm_medium=image&amp;utm_campaign=rp-mass\" rel=\"noopener\"><img loading=\"lazy\" width=\"178\" height=\"100\" border=\"0\" src=\"https://s01.riotpixels.net/data/c2/48/c2480f5a-2736-4ef9-accd-dcaa7d8bae2b.jpg.240p.jpg\"></a><a target=\"_blank\" href=\"https://en.riotpixels.com/games/mail-mole/screenshots/22/?utm_source=emb-gfx-html&amp;utm_medium=image&amp;utm_campaign=rp-mass\" rel=\"noopener\"><img loading=\"lazy\" width=\"178\" height=\"100\" border=\"0\" src=\"https://s01.riotpixels.net/data/d7/d9/d7d92d02-7678-464b-b683-873e46a1525d.jpg.240p.jpg\"></a><a target=\"_blank\" href=\"https://en.riotpixels.com/games/mail-mole/screenshots/18/?utm_source=emb-gfx-html&amp;utm_medium=image&amp;utm_campaign=rp-mass\" rel=\"noopener\"><img loading=\"lazy\" width=\"178\" height=\"100\" border=\"0\" src=\"https://s01.riotpixels.net/data/3a/91/3a914462-4b95-440c-bcbf-3606fab3bfd8.jpg.240p.jpg\"></a><br><a target=\"_blank\" href=\"https://en.riotpixels.com/games/mail-mole/screenshots/13/?utm_source=emb-gfx-html&amp;utm_medium=image&amp;utm_campaign=rp-mass\" rel=\"noopener\"><img loading=\"lazy\" width=\"178\" height=\"100\" border=\"0\" src=\"https://s01.riotpixels.net/data/16/71/16714cfa-387d-43b5-954a-4dd76dc0c902.jpg.240p.jpg\"></a><a target=\"_blank\" href=\"https://en.riotpixels.com/games/mail-mole/screenshots/7/?utm_source=emb-gfx-html&amp;utm_medium=image&amp;utm_campaign=rp-mass\" rel=\"noopener\"><img loading=\"lazy\" width=\"178\" height=\"100\" border=\"0\" src=\"https://s01.riotpixels.net/data/e0/8a/e08adcd4-b25a-425e-96b5-6100c4844102.jpg.240p.jpg\"></a><a target=\"_blank\" href=\"https://en.riotpixels.com/games/mail-mole/screenshots/3/?utm_source=emb-gfx-html&amp;utm_medium=image&amp;utm_campaign=rp-mass\" rel=\"noopener\"><img loading=\"lazy\" width=\"178\" height=\"100\" border=\"0\" src=\"https://s01.riotpixels.net/data/c6/74/c674c65e-5138-431d-8c49-e8d6b2b428c9.jpg.240p.jpg\"></a></p><h3>Repack Features</h3><ul><li>Based on Mail.Mole.Mystery.Mansion-PLAZA ISO release: plaza-mail.mole.mystery.mansion.iso (2,771,582,976 bytes)</li><li>Game version: v1.3.0s; Express Delivery Expansion and Mystery Mansion DLC are included and activated</li><li>100% Lossless &amp; MD5 Perfect: all files are identical to originals after installation</li><li>NOTHING ripped, NOTHING re-encoded</li><li>Significantly smaller archive size (compressed from 2.6 to 1.6 GB)</li><li>Installation takes 1-2 minutes</li><li>After-install integrity check so you could make sure that everything installed properly</li><li>HDD space after installation: 2.7 GB</li><li>Language can be changed in game settings</li><li>Repack uses XTool library by Razor12911</li><li>At least 2 GB of free RAM (inc. virtual) required for installing this repack</li></ul><div ><div><h2>Game Description</h2></div><div ><b>Mail Mole</b> is a charming 3D platformer featuring Molty, the fastest delivery mole, in his quest to save Carrotland from disaster! Explore magical worlds, make new friends, race against Mecha-Moles, find collectibles, solve puzzles and deliver awesomeness to the end of the world!<p><b>URGENT DELIVERY!</b><br>Running through the underground, climbing walls and soaring the skies, there\u2019s no place our hero can\u2019t reach! Traveling with Cannon Lines, Molty will take on the most demanding and varied platforming challenges to reach Carrotland\u2019s furthest and oldest Mailboxes: endless pits, giant boulders, steep slopes, bouncing platforms, sharp spikes\u2026.. tough roads! But when the power is out, you can\u2019t send an e-mail!</p><p><b>WELCOME TO CARROTLAND!</b><br>Explore magical worlds, from the calm beaches of Coconut Islands to the freezing heights of Yeti Ridge, make new friends, race against unusual mech-rivals, solve puzzles and find all of the delicious collectibles scattered around Carrotland, as Molty (the mail mole!) embarks on an adventure to make his most important delivery yet\u2026 before it\u2019s too late!</p><p><b>A HUB AND A STORY!</b><br>In Peaceful Plaza, Carrotland\u2019s main hub, you\u2019ll meet a happy bunch of villagers, which are currently worried because of a fishy power outage. But worry not, as Molty will help to fix the power lines and receive some accessories as a reward!</p><p><b>TONS OF ACCESORIES!</b><br>An elegant top hat, a goofy straw hat, a lovely bunny headband or a flashy jetpack will make Molty look like the coolest mail mole around!</p><p><b>MYSTERY MANSION!</b><br>A mysterious letter from an unknown sender has appeared for delivery\u2026 to an abandoned mansion? Come on Molty, let\u2019s find out what\u2019s going on!</p><p><b>New features introduced in Mystery Mansion DLC:</b></p><ul><li>A Mysterious Mansion</li><li>40 Time-Attack Courses</li><li>An Ultime Marathon Challenge</li><li>2 New Spooky Costumes</li></ul></div></div>             </div>"
}