{
    "link": null,
    "title": "MAME 0.233 Full Non-CHD Merged ROMset \u2013 14,083 Working ROMs + 24,193 Non-working ROMs + MAME + MAME UI",
    "first_img": "https://i3.imageban.ru/out/2021/07/27/33318062e2c5d1a46b8ceb4d53db98d6.jpg",
    "second_img": [],
    "body": "<div ><h2>MAME 0.233 Full Non-CHD Merged ROMset \u2013 14,083 Working ROMs + 24,193 Non-working ROMs + MAME + MAME UI</h2><p ><div><a target=\"_blank\" href=\"https://en.riotpixels.com/games/\" rel=\"noopener\"><img class=\"alignleft\" width=\"150\" src=\"https://i3.imageban.ru/out/2021/07/27/33318062e2c5d1a46b8ceb4d53db98d6.jpg\"></a></div><br>Genres/Tags: <strong>Arcade, etc.</strong><br>Companies: <strong>Thousands</strong><br>Languages: <strong>ENG/MULTiN</strong><br>Original Size: <strong>71 GB</strong><br>Repack Size: <strong>from 11.7 GB</strong> [Selective Download]</p>&nbsp;<div>&nbsp;</div><h3>Download Mirrors</h3><ul><li><a href=\"https://1337x.to/torrent/4933160/MAME-0-233-Full-Non-CHD-Merged-ROMset-38276-roms-MAME-MAME-UI-FitGirl-Repack-Selective-Download-from-11-7-GB/\" target=\"_blank\" rel=\"noopener\">1337x</a> | [<a href=\"magnet:?xt=urn:btih:90797704D377AE771719F73253EA17FBA2E52ABB&amp;dn=MAME+0.233+Full+Non-CHD+Merged+ROMset+%2838276+roms+%2B+MAME+%2B+MAME+UI%29+%5BFitGirl+Repack%2C+Selective+Download+-+from+11.7+GB%5D&amp;tr=udp%3A%2F%2F46.148.18.250%3A2710&amp;tr=udp%3A%2F%2Fopentor.org%3A2710&amp;tr=udp%3A%2F%2Ftracker.coppersurfer.tk%3A6969%2Fannounce&amp;tr=udp%3A%2F%2Ftracker.opentrackr.org%3A1337%2Fannounce&amp;tr=http%3A%2F%2Ftracker.dler.org%3A6969%2Fannounce&amp;tr=udp%3A%2F%2Ftracker.leechers-paradise.org%3A6969%2Fannounce&amp;tr=udp%3A%2F%2F9.rarbg.me%3A2730%2Fannounce&amp;tr=udp%3A%2F%2F9.rarbg.to%3A2770%2Fannounce&amp;tr=udp%3A%2F%2Ftracker.pirateparty.gr%3A6969%2Fannounce&amp;tr=http%3A%2F%2Fretracker.local%2Fannounce&amp;tr=http%3A%2F%2Fretracker.ip.ncnet.ru%2Fannounce&amp;tr=udp%3A%2F%2Fexodus.desync.com%3A6969%2Fannounce&amp;tr=udp%3A%2F%2Fipv4.tracker.harry.lu%3A80%2Fannounce&amp;tr=udp%3A%2F%2Fopen.stealth.si%3A80%2Fannounce&amp;tr=udp%3A%2F%2Ftracker.zer0day.to%3A1337%2Fannounce&amp;tr=udp%3A%2F%2Ftracker.leechers-paradise.org%3A6969%2Fannounce&amp;tr=udp%3A%2F%2Fcoppersurfer.tk%3A6969%2Fannounce\">magnet</a>] [<a href=\"https://pastefg.hermietkreeft.site/?4918fc7bd685bc86#7uMfZpEbxZdSqL5LdZ5By7H7q9L4Bw1WjyVKAFH7Jac9\" target=\"_blank\" rel=\"noopener\">.torrent file only</a>] <br><img src=\"https://torrent-stats.info/f732/45f4fc8fc.png\" style=\"display:block;clear:both\"></li><li><a href=\"https://tapochek.net/viewtopic.php?p=2791099\" target=\"_blank\" rel=\"noopener\">Tapochek.net</a></li><li><a href=\"https://pastefg.hermietkreeft.site/?47680fdc054bbbcb#BsTzG8DCH9Ktspec3hm1HAr3dgG5ZRzTKV6Si6pazjGB\" target=\"_blank\" rel=\"noopener\">Filehoster: MultiUpload</a> (10+ hosters, interchangeable) [Use <a href=\"http://jdownloader.org/jdownloader2\" target=\"_blank\" rel=\"noopener\">JDownloader2</a>]</li><li><a href=\"https://pastefg.hermietkreeft.site/?1a847699e168195b#6mcefQsWFRH4gSYsfV4JKLhcEBP2vXXbf5e4qckSbGZ4\" target=\"_blank\" rel=\"noopener\">Filehoster: PixelDrain</a></li><li><a href=\"https://pastefg.hermietkreeft.site/?1b9845824283d347#D3bFoqbCiYvj9Eq69dbzQbYwCTzBZfTYiDeAg6ar45Mq\" target=\"_blank\" rel=\"noopener\">Filehoster: ZippyShare</a></li><li><a href=\"https://pastefg.hermietkreeft.site/?84f6d4919bdca3e4#CRNnuNtDtrpJJ7M4QQjcaXzJgT69JpRFxmytbEhofWph\" target=\"_blank\" rel=\"noopener\">Filehoster: LetsUpload</a> [Use <a href=\"http://jdownloader.org/jdownloader2\" target=\"_blank\" rel=\"noopener\">JDownloader2</a>]</li><li><a href=\"https://crackhub.site/mame-0-233-full-non-chd-merged-romset-14083-working-roms-24193-non-working-roms-mame-mame-ui-fitgirl-repack/\" target=\"_blank\" rel=\"noopener\">Filehosters: Google Drive, OneDrive + others</a> (Uploaded by crackhub213)</li><li><a href=\"https://pastefg.hermietkreeft.site/?c75afcf6b3d80105#CqSAPtDWQjyYP9Am6GvABoTHgYffshsJoxLBK3yYAvRz\" target=\"_blank\" rel=\"noopener\">Filehoster: OneDrive</a> (Uploaded by DyR0 t(-_-t), NOT compatible with other mirrors)</li></ul><h3>Screenshots (Click to enlarge)</h3><p><a target=\"_blank\" href=\"https://en.riotpixels.com/games/samurai-shodown-i-1993/screenshots/3/?utm_source=emb-gfx-html&amp;utm_medium=image&amp;utm_campaign=rp-mass\" rel=\"noopener\"><img loading=\"lazy\" width=\"178\" height=\"100\" border=\"0\" src=\"https://s01.riotpixels.net/data/af/d2/afd22dcc-ed39-4562-91ee-6b1925f60b08.jpg.240p.jpg\"></a><a target=\"_blank\" href=\"https://en.riotpixels.com/games/metal-slug-x/screenshots/7/?utm_source=emb-gfx-html&amp;utm_medium=image&amp;utm_campaign=rp-mass\" rel=\"noopener\"><img loading=\"lazy\" width=\"133\" height=\"100\" border=\"0\" src=\"https://s01.riotpixels.net/data/23/9c/239c649c-2c9f-46c0-a761-010cd37dc867.jpg.240p.jpg\"></a><a target=\"_blank\" href=\"https://en.riotpixels.com/games/bloody-roar/screenshots/3/?utm_source=emb-gfx-html&amp;utm_medium=image&amp;utm_campaign=rp-mass\" rel=\"noopener\"><img loading=\"lazy\" width=\"133\" height=\"100\" border=\"0\" src=\"https://s01.riotpixels.net/data/22/87/22870a83-eadb-40d3-bb58-b962eb338495.png.240p.jpg\"></a><br><a target=\"_blank\" href=\"https://en.riotpixels.com/games/strikers-1945-2/screenshots/6/?utm_source=emb-gfx-html&amp;utm_medium=image&amp;utm_campaign=rp-mass\" rel=\"noopener\"><img loading=\"lazy\" width=\"178\" height=\"100\" border=\"0\" src=\"https://s01.riotpixels.net/data/2f/81/2f81c565-c87f-4dc6-b855-8828970057d2.jpg.240p.jpg\"></a><a target=\"_blank\" href=\"https://en.riotpixels.com/games/streets-of-rage-2/screenshots/130/?utm_source=emb-gfx-html&amp;utm_medium=image&amp;utm_campaign=rp-mass\" rel=\"noopener\"><img loading=\"lazy\" width=\"143\" height=\"100\" border=\"0\" src=\"https://s01.riotpixels.net/data/ee/15/ee1510f6-d222-4ef2-a225-528c19704235.png.240p.jpg\"></a><a target=\"_blank\" href=\"https://en.riotpixels.com/games/king-of-fighters-98/screenshots/2/?utm_source=emb-gfx-html&amp;utm_medium=image&amp;utm_campaign=rp-mass\" rel=\"noopener\"><img loading=\"lazy\" width=\"133\" height=\"100\" border=\"0\" src=\"https://s01.riotpixels.net/data/ae/8f/ae8fdcfe-9068-4ba7-b757-7a1532cabdb4.jpg.240p.jpg\"></a></p><h3>Repack Features</h3><ul><li>Based on complete merged non-CHD arcades-only romset for MAME v0.233: 69.5 GB</li><li>MAME v0.233 emulator and MAME UI frontend with screenshots and icons (1.4 GB) are included</li><li>100% Lossless &amp; MD5 Perfect: all files are identical to originals after installation</li><li>NOTHING ripped, NOTHING re-encoded</li><li>Selective Download feature: you may skip downloading and installing of roms, which are not yet playable in MAME v0.233</li><li>Significantly smaller archive size (compressed from cumulative 71 to 11.7/36.7 GB)</li><li>Installation takes (only playable roms): ~17 minutes on 16-threads CPU; ~30 minutes on 8-threads CPU; ~40 minutes on 4-threads CPU</li><li>Installation with non-working roms is 2-2.5 times longer</li><li>After-install integrity check so you could make sure that everything installed properly</li><li>HDD space after installation: up to 71 GB</li><li>Repack uses XTool library by Razor12911</li><li>At least 2 GB of free RAM (inc. virtual) required for installing this repack</li></ul><div ><div><h2>Game Description</h2></div><div >MAME 0.233 (originally an acronym of Multiple Arcade Machine Emulator) is a free and open-source emulator designed to recreate the hardware of arcade game systems in software on modern personal computers and other platforms. The intention is to preserve gaming history by preventing vintage games from being lost or forgotten. The aim of MAME is to be a reference to the inner workings of the emulated arcade machines; the ability to actually play the games is considered \u201ca nice side effect\u201d. Joystiq has listed MAME as an application that every Windows and Mac gamer should have.<p>The first public MAME release was by Nicola Salmoria on February 5, 1997. The emulator now supports over 7,000 unique games and 10,000 actual ROM image sets, though not all of the supported games are playable. MESS, an emulator for many video game consoles and computer systems, based on the MAME core, was integrated upstream into MAME in 2015.</p><p><b>Included Games</b></p><ul><li><a target=\"_blank\" href=\"https://pastefg.hermietkreeft.site/?e898b97e1190356a#HQmN3fns5FQFW5ik3tGdGSWWVjrPon1oKMoZMKzVjdKT\" rel=\"noopener\">14,083 Working ROMs \u2013 Full List</a></li><li><a target=\"_blank\" href=\"https://pastefg.hermietkreeft.site/?a1ffafe78a3e8127#9fLkhb7L4cdYZPM2J66ysv7FNLuXNxexThwKCnk6eLEb\" rel=\"noopener\">24,193 Non-working ROMs \u2013 Full List</a></li></ul></div></div>             </div>"
}