{
    "link": "https://fitgirl-repacks.site/mandinga-a-tale-of-banzo/",
    "title": "Mandinga: A Tale of Banzo",
    "first_img": "https://i2.imageban.ru/out/2021/09/20/6b79eacff2afece687e5d66d451885dd.jpg",
    "second_img": "https://s01.riotpixels.net/data/27/0a/270a2652-ca3b-4c86-b613-08708aaf3dd6.jpg.240p.jpg",
    "body": "<div ><h2>Mandinga: A Tale of Banzo</h2><p ><div><a target=\"_blank\" href=\"https://en.riotpixels.com/games/mandinga-a-tale-of-banzo/\" rel=\"noopener\"><img class=\"alignleft\" width=\"150\" src=\"https://i2.imageban.ru/out/2021/09/20/6b79eacff2afece687e5d66d451885dd.jpg\"></a></div><br>Genres/Tags: <strong>Adventure. RPG, Turn-based, Strategy, 2D</strong><br>Company: <strong>Uruca Game Studio</strong><br>Languages: <strong>ENG/BRA</strong><br>Original Size: <strong>627 MB</strong><br>Repack Size: <strong>290 MB</strong></p>&nbsp;<div>&nbsp;</div><h3>Download Mirrors</h3><ul><li><a href=\"https://1337x.to/torrent/4989844/Mandinga-A-Tale-of-Banzo-ENG-BRA-FitGirl-Repack/\" target=\"_blank\" rel=\"noopener\">1337x</a> | [<a href=\"magnet:?xt=urn:btih:B6B1B77C6DD51FF1A618386D3438773B6D1C3172&amp;dn=Mandinga%3A+A+Tale+of+Banzo+%28ENG%2FBRA%29+%5BFitGirl+Repack%5D&amp;tr=udp%3A%2F%2F46.148.18.250%3A2710&amp;tr=udp%3A%2F%2Fopentor.org%3A2710&amp;tr=udp%3A%2F%2Ftracker.coppersurfer.tk%3A6969%2Fannounce&amp;tr=udp%3A%2F%2Ftracker.opentrackr.org%3A1337%2Fannounce&amp;tr=http%3A%2F%2Ftracker.dler.org%3A6969%2Fannounce&amp;tr=udp%3A%2F%2Ftracker.leechers-paradise.org%3A6969%2Fannounce&amp;tr=udp%3A%2F%2F9.rarbg.me%3A2730%2Fannounce&amp;tr=udp%3A%2F%2F9.rarbg.to%3A2770%2Fannounce&amp;tr=udp%3A%2F%2Ftracker.pirateparty.gr%3A6969%2Fannounce&amp;tr=http%3A%2F%2Fretracker.local%2Fannounce&amp;tr=http%3A%2F%2Fretracker.ip.ncnet.ru%2Fannounce&amp;tr=udp%3A%2F%2Fexodus.desync.com%3A6969%2Fannounce&amp;tr=udp%3A%2F%2Fipv4.tracker.harry.lu%3A80%2Fannounce&amp;tr=udp%3A%2F%2Fopen.stealth.si%3A80%2Fannounce&amp;tr=udp%3A%2F%2Ftracker.zer0day.to%3A1337%2Fannounce&amp;tr=udp%3A%2F%2Ftracker.leechers-paradise.org%3A6969%2Fannounce&amp;tr=udp%3A%2F%2Fcoppersurfer.tk%3A6969%2Fannounce\">magnet</a>] [<a href=\"https://pastefg.hermietkreeft.site/?ee1fedf2ec8e31b6#8X7FoSBTXPzadcr9ajAUMNBgqMtii6as76Br8Bp1xNPR\" target=\"_blank\" rel=\"noopener\">.torrent file only</a>] <br><img src=\"https://torrent-stats.info/386d/102a5abab.png\" style=\"display:block;clear:both\"></li><li><a href=\"https://tapochek.net/viewtopic.php?p=2801279\" target=\"_blank\" rel=\"noopener\">Tapochek.net</a></li><li><a href=\"https://pastefg.hermietkreeft.site/?af3f29b2856b2667#Ricg9F9gaBf6nb8m47VrW3pFzSwf241K5duEHQa4ceJ\" target=\"_blank\" rel=\"noopener\">Filehoster: MultiUpload</a> (10+ hosters, interchangeable) [Use <a href=\"http://jdownloader.org/jdownloader2\" target=\"_blank\" rel=\"noopener\">JDownloader2</a>]</li><li><a href=\"https://pastefg.hermietkreeft.site/?f8a8e9f016cda0b0#8xoifHbTDQkrvtBwad8T13pRsFnWwfAZbVJ9DnLDHbLP\" target=\"_blank\" rel=\"noopener\">Filehoster: PixelDrain</a></li><li><a href=\"https://pastefg.hermietkreeft.site/?f3122a9608a1c835#CPEWkDLJCKsVSN3TbrLKB7967AWGoWaZm6KRygXEfXdH\" target=\"_blank\" rel=\"noopener\">Filehoster: ZippyShare</a></li><li><a href=\"https://pastefg.hermietkreeft.site/?a9796c815a5c02c8#F2QRcuKerVsYadZT4Ai8h17Tof97by6qLrHv3oJUTKfZ\" target=\"_blank\" rel=\"noopener\">Filehoster: LetsUpload</a> [Use <a href=\"http://jdownloader.org/jdownloader2\" target=\"_blank\" rel=\"noopener\">JDownloader2</a>]</li><li><a href=\"https://pastefg.hermietkreeft.site/?956129376cd6baf8#CDVektaQrNUf3uLHH3eP8dNuSMZkmt5VTMuTnA2QcPFQ\" target=\"_blank\" rel=\"noopener\">Filehoster: OneDrive</a> (Uploaded by DyR0 t(-_-t), NOT compatible with other mirrors)</li></ul><p><a href=\"https://cs.rin.ru/forum/viewtopic.php?f=10&amp;t=115904\" target=\"_blank\" rel=\"noopener\">Discussion and (possible) future updates on CS.RIN.RU thread</a></p><h3>Screenshots (Click to enlarge)</h3><p><a target=\"_blank\" href=\"https://en.riotpixels.com/games/mandinga-a-tale-of-banzo/screenshots/14/?utm_source=emb-gfx-html&amp;utm_medium=image&amp;utm_campaign=rp-mass\" rel=\"noopener\"><img loading=\"lazy\" width=\"177\" height=\"100\" border=\"0\" src=\"https://s01.riotpixels.net/data/27/0a/270a2652-ca3b-4c86-b613-08708aaf3dd6.jpg.240p.jpg\"></a><a target=\"_blank\" href=\"https://en.riotpixels.com/games/mandinga-a-tale-of-banzo/screenshots/13/?utm_source=emb-gfx-html&amp;utm_medium=image&amp;utm_campaign=rp-mass\" rel=\"noopener\"><img loading=\"lazy\" width=\"178\" height=\"100\" border=\"0\" src=\"https://s01.riotpixels.net/data/b1/53/b15390ab-306f-4dd1-9d2a-b53d84958694.jpg.240p.jpg\"></a><a target=\"_blank\" href=\"https://en.riotpixels.com/games/mandinga-a-tale-of-banzo/screenshots/8/?utm_source=emb-gfx-html&amp;utm_medium=image&amp;utm_campaign=rp-mass\" rel=\"noopener\"><img loading=\"lazy\" width=\"177\" height=\"100\" border=\"0\" src=\"https://s01.riotpixels.net/data/48/53/4853d314-7927-4b8c-acad-3d6ba6ed0bb1.jpg.240p.jpg\"></a><br><a target=\"_blank\" href=\"https://en.riotpixels.com/games/mandinga-a-tale-of-banzo/screenshots/6/?utm_source=emb-gfx-html&amp;utm_medium=image&amp;utm_campaign=rp-mass\" rel=\"noopener\"><img loading=\"lazy\" width=\"177\" height=\"100\" border=\"0\" src=\"https://s01.riotpixels.net/data/9b/65/9b655caf-4f52-43af-9471-c4d114027bec.jpg.240p.jpg\"></a><a target=\"_blank\" href=\"https://en.riotpixels.com/games/mandinga-a-tale-of-banzo/screenshots/4/?utm_source=emb-gfx-html&amp;utm_medium=image&amp;utm_campaign=rp-mass\" rel=\"noopener\"><img loading=\"lazy\" width=\"177\" height=\"100\" border=\"0\" src=\"https://s01.riotpixels.net/data/93/46/93465517-b99f-483a-8d99-3b4e41cf86c6.jpg.240p.jpg\"></a><a target=\"_blank\" href=\"https://en.riotpixels.com/games/mandinga-a-tale-of-banzo/screenshots/3/?utm_source=emb-gfx-html&amp;utm_medium=image&amp;utm_campaign=rp-mass\" rel=\"noopener\"><img loading=\"lazy\" width=\"177\" height=\"100\" border=\"0\" src=\"https://s01.riotpixels.net/data/ee/b7/eeb7beef-fdaf-4b82-8d13-58f3ef278550.jpg.240p.jpg\"></a></p><h3>Repack Features</h3><ul><li>Based on Mandinga.A.Tale.of.Banzo-SKIDROW ISO release: sr-mandingaataleofbanzo.iso (657,106,944 bytes)</li><li>100% Lossless &amp; MD5 Perfect: all files are identical to originals after installation</li><li>NOTHING ripped, NOTHING re-encoded</li><li>Significantly smaller archive size (compressed from 627 to 290 MB)</li><li>Installation takes two minutes</li><li>After-install integrity check so you could make sure that everything installed properly</li><li>HDD space after installation: 6.5 GB</li><li>Language can be changed in game settings</li><li>Action keys are: Q, W, E + Arrows</li><li>At least 2 GB of free RAM (inc. virtual) required for installing this repack</li></ul><div ><div><h2>Game Description</h2></div><div >1826, Brazil was a paradise land with full natural beauty but it was also have by injustice, violence and oppression. It is in this context that we present our two heroes: Akil, the Mandinga, a Muslim who had diverse knowledge, such reading and writing and other skills, and Obadel\u00ea, Yoruba, a strong capoeirista warrior.<br>Together they will overcome their differences and fight toguethe for freedom!<p>Mandinga: A tale of Banzo is a jRPG-style game, with a unique turn-based combat using dices with exploration environments and an immersive and story.</p><p><b><h3>Game Features</h3></b></p><ul><li>Innovative combat system, using dices.</li><li>Set skill system building with assembly and organization of unique abilities.</li><li>Immersive history based on a historical moment of Brazil.</li><li>Texts Translated into Portuguese and English.</li></ul></div></div>             </div>"
}