{
    "link": null,
    "title": "Mario Party Superstars \u2013 v1.1.0 + Ryujinx Emu for PC",
    "first_img": "https://i4.imageban.ru/out/2021/11/01/b3573a92d5d33197116b421c1b2ff694.jpg",
    "second_img": [],
    "body": "<div ><h2>Mario Party Superstars \u2013 v1.1.0 + Ryujinx Emu for PC</h2><p ><div><a target=\"_blank\" href=\"https://en.riotpixels.com/games/mario-party-superstars/\" rel=\"noopener\"><img class=\"alignleft\" width=\"150\" src=\"https://i4.imageban.ru/out/2021/11/01/b3573a92d5d33197116b421c1b2ff694.jpg\"></a></div><br>Genres/Tags: <strong>Arcade, Party game, 3D</strong><br>Companies: <strong>Nd Cube, Nintendo</strong><br>Languages: <strong>RUS/ENG/MULTI11</strong><br>Original Size: <strong>3.2 GB</strong><br>Repack Size: <strong>2.3 GB</strong></p>&nbsp;<div>&nbsp;</div><h3>Download Mirrors</h3><ul><li><a href=\"https://1337x.to/torrent/5036950/Mario-Party-Superstars-v1-1-0-Ryujinx-Emu-for-PC-MULTi11-FitGirl-Repack/\" target=\"_blank\" rel=\"noopener\">1337x</a> | [<a href=\"magnet:?xt=urn:btih:B1DBADCAB2899AC0B95F450318CF92252E298F4A&amp;dn=Mario+Party+Superstars+%28v1.1.0+%2B+Ryujinx+Emu+for+PC%2C+MULTi11%29+%5BFitGirl+Repack%5D&amp;tr=udp%3A%2F%2F46.148.18.250%3A2710&amp;tr=udp%3A%2F%2Fopentor.org%3A2710&amp;tr=udp%3A%2F%2Ftracker.coppersurfer.tk%3A6969%2Fannounce&amp;tr=udp%3A%2F%2Ftracker.opentrackr.org%3A1337%2Fannounce&amp;tr=http%3A%2F%2Ftracker.dler.org%3A6969%2Fannounce&amp;tr=udp%3A%2F%2Ftracker.leechers-paradise.org%3A6969%2Fannounce&amp;tr=udp%3A%2F%2F9.rarbg.me%3A2730%2Fannounce&amp;tr=udp%3A%2F%2F9.rarbg.to%3A2770%2Fannounce&amp;tr=udp%3A%2F%2Ftracker.pirateparty.gr%3A6969%2Fannounce&amp;tr=http%3A%2F%2Fretracker.local%2Fannounce&amp;tr=http%3A%2F%2Fretracker.ip.ncnet.ru%2Fannounce&amp;tr=udp%3A%2F%2Fexodus.desync.com%3A6969%2Fannounce&amp;tr=udp%3A%2F%2Fipv4.tracker.harry.lu%3A80%2Fannounce&amp;tr=udp%3A%2F%2Fopen.stealth.si%3A80%2Fannounce&amp;tr=udp%3A%2F%2Ftracker.zer0day.to%3A1337%2Fannounce&amp;tr=udp%3A%2F%2Ftracker.leechers-paradise.org%3A6969%2Fannounce&amp;tr=udp%3A%2F%2Fcoppersurfer.tk%3A6969%2Fannounce\">magnet</a>] [<a href=\"https://pastefg.hermietkreeft.site/?f35e9b466e15febb#8SQxauHNg8Gv1Qm8ytc7KATUghhUfNqNeZhcjjXJKjve\" target=\"_blank\" rel=\"noopener\">.torrent file only</a>] <br><img src=\"https://torrent-stats.info/4503/14016401a.png\" style=\"display:block;clear:both\"></li><li><a href=\"http://rutor.info/torrent/843008/mario-party-superstars-v-1.1.0-ryujinx-emu-dlja-pc-2021-pc-repack-ot-fitgirl\" target=\"_blank\" rel=\"noopener\">RuTor</a> [<a href=\"magnet:?xt=urn:btih:b1dbadcab2899ac0b95f450318cf92252e298f4a&amp;dn=rutor.info_Mario+Party+Superstars+%5Bv+1.1.0+%2B+Ryujinx+Emu+%D0%B4%D0%BB%D1%8F+PC%5D+%282021%29+PC+%7C+RePack+%D0%BE%D1%82+FitGirl&amp;tr=udp://opentor.net:6969&amp;tr=udp://opentor.org:2710&amp;tr=http://retracker.local/announce\">magnet</a>]</li><li><a href=\"https://tapochek.net/viewtopic.php?p=2809187\" target=\"_blank\" rel=\"noopener\">Tapochek.net</a></li><li><a href=\"https://pastefg.hermietkreeft.site/?85390a09b6c4b617#9CCUxVmFWEkFUBqR77vTwxsNUoijg7DieLA4sygWjfkF\" target=\"_blank\" rel=\"noopener\">Filehoster: MultiUpload</a> (10+ hosters, interchangeable) [Use <a href=\"http://jdownloader.org/jdownloader2\" target=\"_blank\" rel=\"noopener\">JDownloader2</a>]</li><li><a href=\"https://pastefg.hermietkreeft.site/?c2c53bc9f350c51b#3PqYjn27FfqS9ryXhfm731jsfHeTpa9nXrGP2xxmc2qi\" target=\"_blank\" rel=\"noopener\">Filehoster: PixelDrain</a></li><li><a href=\"https://pastefg.hermietkreeft.site/?91684c332d59dfe8#BBqgzusTYA1R65FKL5bzZT4PA5Wkh1zGojNUAY77N41c\" target=\"_blank\" rel=\"noopener\">Filehoster: ZippyShare</a></li><li><a href=\"https://pastefg.hermietkreeft.site/?dfeecd9a5adbbf05#3oYz67Nn1EnHR3Hy5AZJPQ3siMW7J48f2juTaRtw9eh3\" target=\"_blank\" rel=\"noopener\">Filehoster: BayFiles</a></li><li><a href=\"https://pastefg.hermietkreeft.site/?43b4ba32ca1e4863#BjkN38BhJcoy2BYyENsckK5hVPA6dsLzPh4urHiLmEYo\" target=\"_blank\" rel=\"noopener\">Filehoster: LetsUpload</a> [Use <a href=\"http://jdownloader.org/jdownloader2\" target=\"_blank\" rel=\"noopener\">JDownloader2</a>]</li><li><a href=\"https://pastefg.hermietkreeft.site/?d0bd1b404c7dbf3c#THtXHU6sC9J64bKLrgJwP5fY7EhWyN23SCvUJVMtvDk\" target=\"_blank\" rel=\"noopener\">Filehoster: OneDrive</a> (Uploaded by DyR0 t(-_-t), NOT compatible with other mirrors)</li><p><!--  <li><a href=\"\" target=\"_blank\" rel=\"noopener\">Filehosters: Google Drive, OneDrive + others</a> (Uploaded by crackhub213)</li>  --></p></ul><h3>Screenshots (Click to enlarge)</h3><p><a target=\"_blank\" href=\"https://en.riotpixels.com/games/mario-party-superstars/screenshots/12/?utm_source=emb-gfx-html&amp;utm_medium=image&amp;utm_campaign=rp-mass\" rel=\"noopener\"><img loading=\"lazy\" width=\"178\" height=\"100\" border=\"0\" src=\"https://s01.riotpixels.net/data/48/96/4896bef0-6d7a-49aa-9b48-7b9f13ae0564.jpg.240p.jpg\"></a><a target=\"_blank\" href=\"https://en.riotpixels.com/games/mario-party-superstars/screenshots/10/?utm_source=emb-gfx-html&amp;utm_medium=image&amp;utm_campaign=rp-mass\" rel=\"noopener\"><img loading=\"lazy\" width=\"178\" height=\"100\" border=\"0\" src=\"https://s01.riotpixels.net/data/0d/e1/0de1bc55-afa8-4095-96be-2619167a7fb4.jpg.240p.jpg\"></a><a target=\"_blank\" href=\"https://en.riotpixels.com/games/mario-party-superstars/screenshots/8/?utm_source=emb-gfx-html&amp;utm_medium=image&amp;utm_campaign=rp-mass\" rel=\"noopener\"><img loading=\"lazy\" width=\"178\" height=\"100\" border=\"0\" src=\"https://s01.riotpixels.net/data/31/bd/31bd560f-83de-4486-946c-5cb12fc70138.jpg.240p.jpg\"></a><br><a target=\"_blank\" href=\"https://en.riotpixels.com/games/mario-party-superstars/screenshots/5/?utm_source=emb-gfx-html&amp;utm_medium=image&amp;utm_campaign=rp-mass\" rel=\"noopener\"><img loading=\"lazy\" width=\"178\" height=\"100\" border=\"0\" src=\"https://s01.riotpixels.net/data/9c/6d/9c6d6231-f7de-4d9d-b6bb-d63df2789330.jpg.240p.jpg\"></a><a target=\"_blank\" href=\"https://en.riotpixels.com/games/mario-party-superstars/screenshots/4/?utm_source=emb-gfx-html&amp;utm_medium=image&amp;utm_campaign=rp-mass\" rel=\"noopener\"><img loading=\"lazy\" width=\"178\" height=\"100\" border=\"0\" src=\"https://s01.riotpixels.net/data/d2/ae/d2ae8a10-fc2b-488c-9f88-70fe21708e45.jpg.240p.jpg\"></a><a target=\"_blank\" href=\"https://en.riotpixels.com/games/mario-party-superstars/screenshots/2/?utm_source=emb-gfx-html&amp;utm_medium=image&amp;utm_campaign=rp-mass\" rel=\"noopener\"><img loading=\"lazy\" width=\"178\" height=\"100\" border=\"0\" src=\"https://s01.riotpixels.net/data/56/e2/56e22c28-7d79-481b-8817-0a055fa2a0e2.jpg.240p.jpg\"></a></p><h3>Repack Features</h3><ul><li>Based on Nintendo eShop digital release: 2.7 GB</li><li>Update v1.1.0 (v65536, 124 MB) applied over</li><li>Ryujinx Switch emulator (v1.0.7094, October 29, 2021, 47 MB) is included</li><li>Switch Firmware v13.1.0 (320 MB) added as a requirement for Ryujinx</li><li>100% Lossless, but NOT MD5 Perfect: encryption was removed for better repack size</li><li>NOTHING ripped, NOTHING re-encoded</li><li>Smaller archive size (compressed from cumulative 3.2 to 2.3 GB)</li><li>Installation takes 2-3 minutes</li><li>After-install integrity check so you could make sure that everything installed properly</li><li>HDD space after installation: 3.2 GB</li><li>Language can be changed in emulator settings</li><li>At least 2 GB of free RAM (inc. virtual) required for installing this repack</li></ul><div ><div><h2>Game Description</h2></div><div >A Superstar collection of classic Nintendo 64 boards<p>Calling all superstars! The Mario Party series is back with 5 classic boards from the Nintendo 64 Mario Party games. Race to get the most stars (and sabotage your opponents) on boards like the stellar Space Land or the spooky Horror Land! Party at your own pace by suspending a game and picking up right where you left off! The tides can turn quickly in Mario Party, so stay vigilant, partygoers. All modes can be played online*, too!</p><p>Play 100 classic minigames from the Nintendo 64 and Nintendo GameCube games and more in Mt. Minigames!</p><p>Try your hand at a superstar collection of minigames from throughout the Mario Party series. Whether you are saving up coins for stars in board game mode or enjoy one of the 7 modes included in Mt. Minigames, there is nothing quite like being the last one standing in Bumper Balls or the first team making it out of the darkness in Dungeon Duos. All minigames are played with button controls, so you can stick to the Joy-Con controller or bust out the Nintendo Switch Pro Controller or a Nintendo Switch Lite system.</p><p>Party with superstars near or far</p><p>Bring the party anytime, anywhere with same-system**, local wireless**, or online* play. Use stickers to praise or pester fellow players as you race across the board collecting stars. All modes support online multiplayer, so you can hop in with friends for a few minigames or a marathon 30-turn match. Victory is just as sweet (and stealing stars is just as satisfying) from anywhere across the globe.</p></div></div>             </div>"
}