{
    "link": null,
    "title": "Mario Golf: Super Rush \u2013 v1.1.0 + Ryujinx Emu for PC",
    "first_img": "https://i6.imageban.ru/out/2021/07/02/3b5482c3ea4576fff4c52db05d411f93.jpg",
    "second_img": [],
    "body": "<div ><h2>Mario Golf: Super Rush \u2013 v1.1.0 + Ryujinx Emu for PC</h2><p ><div><a target=\"_blank\" href=\"https://en.riotpixels.com/games/mario-golf-super-rush/\" rel=\"noopener\"><img class=\"alignleft\" width=\"150\" src=\"https://i6.imageban.ru/out/2021/07/02/3b5482c3ea4576fff4c52db05d411f93.jpg\"></a></div><br>Genres/Tags: <strong>Arcade, Sports, Golf, Third-person, 3D</strong><br>Companies: <strong>Camelot Software Planning, Nintendo</strong><br>Languages: <strong>RUS/ENG/MULTI10</strong><br>Original Size: <strong>3.9 GB</strong><br>Repack Size: <strong>2.1 GB</strong></p>&nbsp;<div>&nbsp;</div><h3>Download Mirrors</h3><ul><li><a href=\"https://1337x.to/torrent/4908256/Mario-Golf-Super-Rush-v1-1-0-Ryujinx-Emu-for-PC-MULTi10-FitGirl-Repack/\" target=\"_blank\" rel=\"noopener\">1337x</a> | [<a href=\"magnet:?xt=urn:btih:5C2674181D4743EF689855ACCC0D9861330ED364&amp;dn=Mario+Golf%3A+Super+Rush+%28v1.1.0+%2B+Ryujinx+Emu+for+PC%2C+MULTi10%29+%5BFitGirl+Repack%5D&amp;tr=udp%3A%2F%2F46.148.18.250%3A2710&amp;tr=udp%3A%2F%2Fopentor.org%3A2710&amp;tr=udp%3A%2F%2Ftracker.coppersurfer.tk%3A6969%2Fannounce&amp;tr=udp%3A%2F%2Ftracker.opentrackr.org%3A1337%2Fannounce&amp;tr=http%3A%2F%2Ftracker.dler.org%3A6969%2Fannounce&amp;tr=udp%3A%2F%2Ftracker.leechers-paradise.org%3A6969%2Fannounce&amp;tr=udp%3A%2F%2F9.rarbg.me%3A2730%2Fannounce&amp;tr=udp%3A%2F%2F9.rarbg.to%3A2770%2Fannounce&amp;tr=udp%3A%2F%2Ftracker.pirateparty.gr%3A6969%2Fannounce&amp;tr=http%3A%2F%2Fretracker.local%2Fannounce&amp;tr=http%3A%2F%2Fretracker.ip.ncnet.ru%2Fannounce&amp;tr=udp%3A%2F%2Fexodus.desync.com%3A6969%2Fannounce&amp;tr=udp%3A%2F%2Fipv4.tracker.harry.lu%3A80%2Fannounce&amp;tr=udp%3A%2F%2Fopen.stealth.si%3A80%2Fannounce&amp;tr=udp%3A%2F%2Ftracker.zer0day.to%3A1337%2Fannounce&amp;tr=udp%3A%2F%2Ftracker.leechers-paradise.org%3A6969%2Fannounce&amp;tr=udp%3A%2F%2Fcoppersurfer.tk%3A6969%2Fannounce\">magnet</a>] [<a href=\"https://pastefg.hermietkreeft.site/?abc1c6c04e7e2791#FdPzt6v3WCFDZHJuZudKqWsoBpJMBkd6xaJpxoKWfP4p\" target=\"_blank\" rel=\"noopener\">.torrent file only</a>] <br><img src=\"https://torrent-stats.info/55ac/1820b8714.png\" style=\"display:block;clear:both\"></li><li><a href=\"http://rutor.info/torrent/823696/mario-golf-super-rush-v-1.1.0-ryujinx-emu-dlja-pc-2021-pc-repack-ot-fitgirl\" target=\"_blank\" rel=\"noopener\">RuTor</a> [<a href=\"magnet:?xt=urn:btih:5c2674181d4743ef689855accc0d9861330ed364&amp;dn=rutor.info_Mario+Golf%3A+Super+Rush+%5Bv+1.1.0+%2B+Ryujinx+Emu+%D0%B4%D0%BB%D1%8F+PC%5D+%282021%29+PC+%7C+RePack+%D0%BE%D1%82+FitGirl&amp;tr=udp://opentor.org:2710&amp;tr=udp://opentor.org:2710&amp;tr=http://retracker.local/announce\">magnet</a>]</li><li><a href=\"https://tapochek.net/viewtopic.php?p=2787080\" target=\"_blank\" rel=\"noopener\">Tapochek.net</a></li><li><a href=\"https://pastefg.hermietkreeft.site/?2854648f5f439ee5#AmLnqbAAu8Gcc4K5ks8pKRtznn5LHT76jEjzgG5eiZiM\" target=\"_blank\" rel=\"noopener\">Filehoster: MultiUpload</a> (10+ hosters, interchangeable) [Use <a href=\"http://jdownloader.org/jdownloader2\" target=\"_blank\" rel=\"noopener\">JDownloader2</a>]</li><li><a href=\"https://pastefg.hermietkreeft.site/?a68fa5a27825c364#H6jTiMuiqFzdtkmgZ3pBRNfu7XH5afJWJ7QvqCDgrdSs\" target=\"_blank\" rel=\"noopener\">Filehoster: PixelDrain</a></li><li><a href=\"https://pastefg.hermietkreeft.site/?5cc413a8cb732756#6JzZKA2sdHo5WSUtnyrjeedqdngHHc7LaQTiBB4trmH9\" target=\"_blank\" rel=\"noopener\">Filehoster: LetsUpload</a> [Use <a href=\"http://jdownloader.org/jdownloader2\" target=\"_blank\" rel=\"noopener\">JDownloader2</a>]</li><li><a href=\"https://crackhub.site/mario-golf-super-rush-v1-1-0-ryujinx-emu-for-pc-fitgirl-repack/\" target=\"_blank\" rel=\"noopener\">Filehosters: Google Drive, OneDrive + others</a> (Uploaded by crackhub213)</li><li><a href=\"https://pastefg.hermietkreeft.site/?b907e505090cf8d1#A9Ff1azJUgaxRos39smhppkxEFXEMvPdovBivDEj3nuD\" target=\"_blank\" rel=\"noopener\">Filehoster: OneDrive</a> (Uploaded by DyR0 t(-_-t), NOT compatible with other mirrors)</li></ul><h3>Screenshots (Click to enlarge)</h3><p><a target=\"_blank\" href=\"https://en.riotpixels.com/games/mario-golf-super-rush/screenshots/11/?utm_source=emb-gfx-html&amp;utm_medium=image&amp;utm_campaign=rp-mass\" rel=\"noopener\"><img loading=\"lazy\" width=\"178\" height=\"100\" border=\"0\" src=\"https://s01.riotpixels.net/data/47/21/4721d841-b9bc-407f-8b52-a7f1642a63c7.jpg.240p.jpg\"></a><a target=\"_blank\" href=\"https://en.riotpixels.com/games/mario-golf-super-rush/screenshots/10/?utm_source=emb-gfx-html&amp;utm_medium=image&amp;utm_campaign=rp-mass\" rel=\"noopener\"><img loading=\"lazy\" width=\"178\" height=\"100\" border=\"0\" src=\"https://s01.riotpixels.net/data/0a/11/0a1112e1-88c6-4901-92c5-b87549a67820.jpg.240p.jpg\"></a><a target=\"_blank\" href=\"https://en.riotpixels.com/games/mario-golf-super-rush/screenshots/9/?utm_source=emb-gfx-html&amp;utm_medium=image&amp;utm_campaign=rp-mass\" rel=\"noopener\"><img loading=\"lazy\" width=\"178\" height=\"100\" border=\"0\" src=\"https://s01.riotpixels.net/data/38/73/3873aba7-a931-49fc-a2e0-a64500a8b320.jpg.240p.jpg\"></a><br><a target=\"_blank\" href=\"https://en.riotpixels.com/games/mario-golf-super-rush/screenshots/7/?utm_source=emb-gfx-html&amp;utm_medium=image&amp;utm_campaign=rp-mass\" rel=\"noopener\"><img loading=\"lazy\" width=\"178\" height=\"100\" border=\"0\" src=\"https://s01.riotpixels.net/data/0c/1b/0c1b3ad2-9417-4914-8bcf-e3370fac8c54.jpg.240p.jpg\"></a><a target=\"_blank\" href=\"https://en.riotpixels.com/games/mario-golf-super-rush/screenshots/6/?utm_source=emb-gfx-html&amp;utm_medium=image&amp;utm_campaign=rp-mass\" rel=\"noopener\"><img loading=\"lazy\" width=\"178\" height=\"100\" border=\"0\" src=\"https://s01.riotpixels.net/data/81/12/81129934-d87f-4f23-842e-51d5ca890351.jpg.240p.jpg\"></a><a target=\"_blank\" href=\"https://en.riotpixels.com/games/mario-golf-super-rush/screenshots/4/?utm_source=emb-gfx-html&amp;utm_medium=image&amp;utm_campaign=rp-mass\" rel=\"noopener\"><img loading=\"lazy\" width=\"178\" height=\"100\" border=\"0\" src=\"https://s01.riotpixels.net/data/cf/48/cf4817f3-a837-47f8-bc9f-dc2f9f165a71.jpg.240p.jpg\"></a></p><h3>Repack Features</h3><ul><li>Based on two Switch scene releases: Mario.Golf.Super.Rush.NSW-HR (3.2 GB) and Mario.Golf.Super.Rush.Update.v1.1.0.NSW-HR (311 MB)</li><li>Ryujinx Switch emulator v1.0.6945 (47 MB) is included</li><li>Switch Firmware v12.0.3 (317 MB) added as a requirement for Ryujinx</li><li>100% Lossless, but NOT MD5 Perfect: encryption was removed for better repack size</li><li>NOTHING ripped, NOTHING re-encoded</li><li>Smaller archive size (compressed from cumulative 3.9 to 2.1 GB)</li><li>Installation takes 3-5 minutes</li><li>After-install integrity check so you could make sure that everything installed properly</li><li>HDD space after installation: 3.4 GB (6.1 GB during installation)</li><li>Language can be changed in emulator settings (Options \u2013&gt; Settings \u2013&gt; System \u2014 &gt; System Language)</li><li>To play Adventure mode you must first create a Mii character (File \u2013&gt; Load Applet \u2013&gt; Mii Editor). Stop emulation after saving the char and load the game</li><li>When you have a major graphical bug in adventure mode, don\u2019t close the emulator, quit to main menu, then to \u201cSolo Challenge\u201d, then back to adventure</li><li>Repack uses XTool library by Razor12911</li><li>At least 2 GB of free RAM (inc. virtual) required for installing this repack</li></ul><div ><div><h2>Game Description</h2></div><div >Golf with a Mushroom Kingdom twist!<p>Hit the green with up to four players locally* or online** and golf with friends from the Super Mario\u2122 series like Mario, Peach, Yoshi, and more! Modes range from Standard Golf to the energetic Speed Golf and an exciting Golf Adventure. Simple motion or button controls make it easy for both new players and seasoned pros to drive and putt.</p><p>Pick up the pace in Speed Golf and Battle Golf</p><p>Tee off at the same time with up to three other players* and race through the course to get your ball in first. Mayhem is par for the course as you hinder your opponents with dashes and Special Shots. Yoshi can dash atop a giant egg and King Bob-omb can pelt the green with explosions! In Battle Golf, watch out for obstacles like Thwomps, Chain Chomps, and banana peels as you navigate the neon-themed Super Golf Stadium.</p><p>Rise through the ranks in Golf Adventure</p><p>Enroll your Mii\u2122 character in golf training at the famous Bonny Greens country club and go from beginner to pro! The stakes are high\u2014you must also watch out for Wario and Waluigi\u2019s tricks and even battle fearsome bosses. You\u2019ll face off against your Mushroom Kingdom classmates and level up your character. You can bring your character (and their customized stats) into other modes, too.</p><p>Choose from one of 16 characters from the Super Mario series and hit the green in several modes! Take it slow in Standard Golf and choose from 3-18 holes across 6 different courses that range from lush scenery to windy wilds. Intuitive controls and a shot gauge that adapts to the curve of the course make it easy for both new players and seasoned pros to drive and putt. Characters include Mario Golf veterans like Mario, Luigi, and Peach. Characters like Pauline and Chargin\u2019 Chuck are also here to make their debut on the green.</p><p>In addition to the frenetic Speed Golf, you can also enjoy simultaneously swinging in Battle Golf. The neon-soaked Super Golf Stadium has 9 open holes\u2014first player to get 3 flags wins! Use obstacles, including Thwomps, Chain Chomps, Bob-ombs, and banana peels to your advantage. Up to four players* can join the fast and flashy fun.</p><p>Start your Golf Adventure as a rookie in Bonny Greens, birthplace of the sport in the Mushroom Kingdom. After learning the game at this classic country club, you\u2019ll compete for the next badge, allowing you to journey across the land playing a variety of courses and their clever variants of the sport. You\u2019ll meet new coaches, master new skills, and hunt for buried treasure on your quest to turn pro. Things get weird when Wario shows up, but what else is new? It\u2019s not called Golf Adventure for no reason. Save par, save the world. All in a day\u2019s golf!</p></div></div><p><b>Cross-repack compatibility</b></p><p>If you have downloaded and still have some of my Ryujinx-powered repacks, you can use fg-ryujinx-firmware-12.0.3.bin from any of those and save 317 MB of traffic.</p>             </div>"
}