{
    "link": "https://fitgirl-repacks.site/marsupilami-hoobadventure/",
    "title": "Marsupilami: Hoobadventure",
    "first_img": "https://i2.imageban.ru/out/2021/11/25/d3a3bf8f0f9a7bc7aacb80dda48b2082.jpg",
    "second_img": "https://s01.riotpixels.net/data/a9/a7/a9a7094b-0b19-4f06-baaa-28f1ed672349.jpg.240p.jpg",
    "body": "<div ><h2>Marsupilami: Hoobadventure</h2><p ><div><a target=\"_blank\" href=\"https://en.riotpixels.com/games/marsupilami-hoobadventure/\" rel=\"noopener\"><img class=\"alignleft\" width=\"150\" src=\"https://i2.imageban.ru/out/2021/11/25/d3a3bf8f0f9a7bc7aacb80dda48b2082.jpg\"></a></div><br>Genres/Tags: <strong>Action, Adventure, Platformer, Side, 2D</strong><br>Companies: <strong>Ocellus Studio, Microids</strong><br>Languages: <strong>RUS/ENG/MULTI10</strong><br>Original Size: <strong>1.4 GB</strong><br>Repack Size: <strong>865 MB</strong></p>&nbsp;<div>&nbsp;</div><h3>Download Mirrors</h3><ul><li><a href=\"https://1337x.to/torrent/5063587/Marsupilami-Hoobadventure-MULTi10-FitGirl-Repack/\" target=\"_blank\" rel=\"noopener\">1337x</a> | [<a href=\"magnet:?xt=urn:btih:440E3AA57661DF3687B37133EADB94ACD1ACA0DC&amp;dn=Marsupilami%3A+Hoobadventure+%28MULTi10%29+%5BFitGirl+Repack%5D&amp;tr=udp%3A%2F%2F46.148.18.250%3A2710&amp;tr=udp%3A%2F%2Fopentor.org%3A2710&amp;tr=udp%3A%2F%2Ftracker.coppersurfer.tk%3A6969%2Fannounce&amp;tr=udp%3A%2F%2Ftracker.opentrackr.org%3A1337%2Fannounce&amp;tr=http%3A%2F%2Ftracker.dler.org%3A6969%2Fannounce&amp;tr=udp%3A%2F%2Ftracker.leechers-paradise.org%3A6969%2Fannounce&amp;tr=udp%3A%2F%2F9.rarbg.me%3A2730%2Fannounce&amp;tr=udp%3A%2F%2F9.rarbg.to%3A2770%2Fannounce&amp;tr=udp%3A%2F%2Ftracker.pirateparty.gr%3A6969%2Fannounce&amp;tr=http%3A%2F%2Fretracker.local%2Fannounce&amp;tr=http%3A%2F%2Fretracker.ip.ncnet.ru%2Fannounce&amp;tr=udp%3A%2F%2Fexodus.desync.com%3A6969%2Fannounce&amp;tr=udp%3A%2F%2Fipv4.tracker.harry.lu%3A80%2Fannounce&amp;tr=udp%3A%2F%2Fopen.stealth.si%3A80%2Fannounce&amp;tr=udp%3A%2F%2Ftracker.zer0day.to%3A1337%2Fannounce&amp;tr=udp%3A%2F%2Ftracker.leechers-paradise.org%3A6969%2Fannounce&amp;tr=udp%3A%2F%2Fcoppersurfer.tk%3A6969%2Fannounce\">magnet</a>] [<a href=\"https://pastefg.hermietkreeft.site/?d312764c6f4e0b92#Dwp3KM2idxynvrooxhQg4zEMr7ZPNY8PRaEPCVZNHPHs\" target=\"_blank\" rel=\"noopener\">.torrent file only</a>] <br><img src=\"https://torrent-stats.info/7133/21100bc55.png\" style=\"display:block;clear:both\"></li><li><a href=\"http://rutor.info/torrent/847471/marsupilami-hoobadventure-2021-pc-repack-ot-fitgirl\" target=\"_blank\" rel=\"noopener\">RuTor</a> [<a href=\"magnet:?xt=urn:btih:440e3aa57661df3687b37133eadb94acd1aca0dc&amp;dn=rutor.info_Marsupilami%3A+Hoobadventure+%282021%29+PC+%7C+RePack+%D0%BE%D1%82+FitGirl&amp;tr=udp://opentor.net:6969&amp;tr=udp://opentor.org:2710&amp;tr=http://retracker.local/announce\">magnet</a>]</li><li><a href=\"https://tapochek.net/viewtopic.php?p=2814467\" target=\"_blank\" rel=\"noopener\">Tapochek.net</a></li><li><a href=\"https://pastefg.hermietkreeft.site/?585797256317a3bc#31ZdGuHBYNLGC7NHMBBjvxn6yLYLsZLAfn76kkVGdyvv\" target=\"_blank\" rel=\"noopener\">Filehoster: MultiUpload</a> (10+ hosters, interchangeable) [Use <a href=\"http://jdownloader.org/jdownloader2\" target=\"_blank\" rel=\"noopener\">JDownloader2</a>]</li><li><a href=\"https://pastefg.hermietkreeft.site/?bdc703c2ba02331a#ATHRAhG2PupJn6vtpJTUjCdVA7tE6eeEfYzZc8UAdUHN\" target=\"_blank\" rel=\"noopener\">Filehoster: ZippyShare</a></li><li><a href=\"https://pastefg.hermietkreeft.site/?98b2fdba5887d08e#7YPW5DG33edaEfB5vqP3erDKTwcarDcvyhZMReCaSUbf\" target=\"_blank\" rel=\"noopener\">Filehoster: BayFiles</a></li><li><a href=\"https://pastefg.hermietkreeft.site/?06d9b5457e67f663#FkvmALkqG8N3VUbjji5rUQbbzpZk8y69z93A5nL5AD2o\" target=\"_blank\" rel=\"noopener\">Filehoster: LetsUpload</a> [Use <a href=\"http://jdownloader.org/jdownloader2\" target=\"_blank\" rel=\"noopener\">JDownloader2</a>]</li><li><a href=\"https://pastefg.hermietkreeft.site/?56f81e8c5674d38a#9ruySPusJfk9jRC8fNj8U2XM3DgKHomD61Jcimw2Qchi\" target=\"_blank\" rel=\"noopener\">Filehoster: OneDrive</a> (Uploaded by DyR0 t(-_-t), NOT compatible with other mirrors)</li><p><!--  <li><a href=\"\" target=\"_blank\" rel=\"noopener\">Filehosters: Google Drive, OneDrive + others</a> (Uploaded by crackhub213)</li>  --></p></ul><p><a href=\"https://cs.rin.ru/forum/viewtopic.php?f=10&amp;t=113494\" target=\"_blank\" rel=\"noopener\">Discussion and (possible) future updates on CS.RIN.RU thread</a></p><h3>Screenshots (Click to enlarge)</h3><p><a target=\"_blank\" href=\"https://en.riotpixels.com/games/marsupilami-hoobadventure/screenshots/10/?utm_source=emb-gfx-html&amp;utm_medium=image&amp;utm_campaign=rp-mass\" rel=\"noopener\"><img loading=\"lazy\" width=\"178\" height=\"100\" border=\"0\" src=\"https://s01.riotpixels.net/data/a9/a7/a9a7094b-0b19-4f06-baaa-28f1ed672349.jpg.240p.jpg\"></a><a target=\"_blank\" href=\"https://en.riotpixels.com/games/marsupilami-hoobadventure/screenshots/9/?utm_source=emb-gfx-html&amp;utm_medium=image&amp;utm_campaign=rp-mass\" rel=\"noopener\"><img loading=\"lazy\" width=\"178\" height=\"100\" border=\"0\" src=\"https://s01.riotpixels.net/data/70/44/70444886-a51c-45f1-8b75-b1f518d7af63.jpg.240p.jpg\"></a><a target=\"_blank\" href=\"https://en.riotpixels.com/games/marsupilami-hoobadventure/screenshots/8/?utm_source=emb-gfx-html&amp;utm_medium=image&amp;utm_campaign=rp-mass\" rel=\"noopener\"><img loading=\"lazy\" width=\"178\" height=\"100\" border=\"0\" src=\"https://s01.riotpixels.net/data/fb/ca/fbca288e-a034-4d84-93a9-7e7e62d9e3d1.jpg.240p.jpg\"></a><br><a target=\"_blank\" href=\"https://en.riotpixels.com/games/marsupilami-hoobadventure/screenshots/7/?utm_source=emb-gfx-html&amp;utm_medium=image&amp;utm_campaign=rp-mass\" rel=\"noopener\"><img loading=\"lazy\" width=\"178\" height=\"100\" border=\"0\" src=\"https://s01.riotpixels.net/data/dd/91/dd912bf6-e098-4800-919f-0d7252ec6bbc.jpg.240p.jpg\"></a><a target=\"_blank\" href=\"https://en.riotpixels.com/games/marsupilami-hoobadventure/screenshots/5/?utm_source=emb-gfx-html&amp;utm_medium=image&amp;utm_campaign=rp-mass\" rel=\"noopener\"><img loading=\"lazy\" width=\"178\" height=\"100\" border=\"0\" src=\"https://s01.riotpixels.net/data/37/b5/37b5f37f-ca1f-450a-bf4f-a59957807e69.jpg.240p.jpg\"></a><a target=\"_blank\" href=\"https://en.riotpixels.com/games/marsupilami-hoobadventure/screenshots/3/?utm_source=emb-gfx-html&amp;utm_medium=image&amp;utm_campaign=rp-mass\" rel=\"noopener\"><img loading=\"lazy\" width=\"178\" height=\"100\" border=\"0\" src=\"https://s01.riotpixels.net/data/2e/9b/2e9be600-7ca0-449f-976e-07dd22594bc9.jpg.240p.jpg\"></a></p><h3>Repack Features</h3><ul><li>Based on Marsupilami.Hoobadventure-CODEX ISO release: codex-marsupilami.hoobadventure.iso (1,525,743,616 bytes)</li><li>100% Lossless &amp; MD5 Perfect: all files are identical to originals after installation</li><li>NOTHING ripped, NOTHING re-encoded</li><li>Significantly smaller archive size (compressed from 1.4 GB to 865 MB)</li><li>Installation takes 1-2 minutes (depending on your system)</li><li>After-install integrity check so you could make sure that everything installed properly</li><li>HDD space after installation: 1.9 GB</li><li>Language can be changed in game settings</li><li>Repack uses XTool library by Razor12911</li><li>At least 2 GB of free RAM (inc. virtual) required for installing this repack</li></ul><div ><div><h2>Game Description</h2></div><div >Discover the Marsupilamis as you have never seen them before in an adventure full of surprises!<p>Punch, Twister and Hope are three Marsupilamis who live a peaceful life in Palombia. While the three companions open a cursed sarcophagus by playing with debris on a beach, they inadvertently release a mysterious ghost that puts a terrible curse on all animals. Fortunately for them, the Marsupilamis are immune. Our three heroes will have to go on an adventure and chase the ghost in order to ward off the spell.</p><p><b><h3>Game Features</h3></b></p><ul><li>3 different worlds.</li><li>20+ levels.</li><li>Adjustable difficulty for more challenge.</li><li>Refined graphics, a colorful art style and immersive environments.</li><li>A Chrono mode to break records.</li><li>Discover and collect bonuses to unlock secret levels.</li></ul></div></div>             </div>"
}