{
    "link": "https://fitgirl-repacks.site/martha-is-dead/",
    "title": "Martha Is Dead \u2013 v1.0223.01",
    "first_img": "https://i5.imageban.ru/out/2022/02/25/e195cad44076a7f805d986ca18b27904.jpg",
    "second_img": "https://s01.riotpixels.net/data/1d/67/1d679579-cdcc-4750-ac0c-c4d6bcdc2556.jpg.240p.jpg",
    "body": "<div ><h2>Martha Is Dead \u2013 v1.0223.01</h2><p ><div><a target=\"_blank\" href=\"https://en.riotpixels.com/games/martha-is-dead/\" rel=\"noopener\"><img class=\"alignleft\" width=\"150\" src=\"https://i5.imageban.ru/out/2022/02/25/e195cad44076a7f805d986ca18b27904.jpg\"></a></div><br>Genres/Tags: <strong>Exploration, Adventure, World War II, First-person, 3D</strong><br>Companies: <strong>LKA, Wired Productions</strong><br>Languages: <strong>RUS/ENG/MULTI12</strong><br>Original Size: <strong>16.4 GB</strong><br>Repack Size: <strong>from 12.4 GB</strong> [Selective Download]</p>&nbsp;<div>&nbsp;</div><h3>Download Mirrors</h3><ul><li><a href=\"https://1337x.to/torrent/5161433/Martha-Is-Dead-v1-0223-01-MULTi12-FitGirl-Repack-Selective-Download-from-12-4-GB/\" target=\"_blank\" rel=\"noopener\">1337x</a> | [<a href=\"magnet:?xt=urn:btih:8E87F92A2E93FCDCCDE1994E70C1A0F9BFE6D9E0&amp;dn=Martha+Is+Dead+%28v1.0223.01%2C+MULTi12%29+%5BFitGirl+Repack%2C+Selective+Download+-+from+12.4+GB%5D&amp;tr=udp%3A%2F%2F46.148.18.250%3A2710&amp;tr=udp%3A%2F%2Fopentor.org%3A2710&amp;tr=udp%3A%2F%2Ftracker.coppersurfer.tk%3A6969%2Fannounce&amp;tr=udp%3A%2F%2Ftracker.opentrackr.org%3A1337%2Fannounce&amp;tr=http%3A%2F%2Ftracker.dler.org%3A6969%2Fannounce&amp;tr=udp%3A%2F%2Ftracker.leechers-paradise.org%3A6969%2Fannounce&amp;tr=udp%3A%2F%2F9.rarbg.me%3A2730%2Fannounce&amp;tr=udp%3A%2F%2F9.rarbg.to%3A2770%2Fannounce&amp;tr=udp%3A%2F%2Ftracker.pirateparty.gr%3A6969%2Fannounce&amp;tr=http%3A%2F%2Fretracker.local%2Fannounce&amp;tr=http%3A%2F%2Fretracker.ip.ncnet.ru%2Fannounce&amp;tr=udp%3A%2F%2Fexodus.desync.com%3A6969%2Fannounce&amp;tr=udp%3A%2F%2Fipv4.tracker.harry.lu%3A80%2Fannounce&amp;tr=udp%3A%2F%2Fopen.stealth.si%3A80%2Fannounce&amp;tr=udp%3A%2F%2Ftracker.zer0day.to%3A1337%2Fannounce&amp;tr=udp%3A%2F%2Ftracker.leechers-paradise.org%3A6969%2Fannounce&amp;tr=udp%3A%2F%2Fcoppersurfer.tk%3A6969%2Fannounce\">magnet</a>] [<a href=\"https://pastefg.hermietkreeft.site/?6f7449e7425aaa84#5mWLUuJAtF2EzVrC1tS54SqdbFVhxiN3kBteYCTs3s3Z\" target=\"_blank\" rel=\"noopener\">.torrent file only</a>] <br><img src=\"https://torrent-stats.info/994e/2dc48af4a.png\" style=\"display:block;clear:both\"></li><li><a href=\"http://rutor.info/torrent/864232/martha-is-dead-v-1.0223.01-2022-pc-repack-ot-fitgirl\" target=\"_blank\" rel=\"noopener\">RuTor</a> [<a href=\"magnet:?xt=urn:btih:8e87f92a2e93fcdccde1994e70c1a0f9bfe6d9e0&amp;dn=rutor.info_Martha+Is+Dead+%5Bv+1.0223.01%5D+%282022%29+PC+%7C+RePack+%D0%BE%D1%82+FitGirl&amp;tr=udp://opentor.net:6969&amp;tr=udp://opentor.org:2710&amp;tr=http://retracker.local/announce\">magnet</a>]</li><li><a href=\"https://tapochek.net/viewtopic.php?p=2835765\" target=\"_blank\" rel=\"noopener\">Tapochek.net</a></li><li><a href=\"https://pastefg.hermietkreeft.site/?e2fdd7143960ef57#DEmtHt9d7fXxSWumkngGzdUaUHJ6bcRsTGg3w1HARZxa\" target=\"_blank\" rel=\"noopener\">Filehoster: MultiUpload</a> (10+ hosters, interchangeable) [Use <a href=\"http://jdownloader.org/jdownloader2\" target=\"_blank\" rel=\"noopener\">JDownloader2</a>]</li><li><a href=\"https://pastefg.hermietkreeft.site/?e8344e4c960a2fde#2PJXMmgbKUp7YuUBuQRQT2gHb6Z4vP3jNnobmkjvrctY\" target=\"_blank\" rel=\"noopener\">Filehoster: ZippyShare</a></li><li><a href=\"https://pastefg.hermietkreeft.site/?79a9c93487026dbb#6VMgzdyZohdkWBb5R3GD2LArBfrGJgttCJeL7TXTMnzJ\" target=\"_blank\" rel=\"noopener\">Filehoster: BayFiles</a></li><li><a href=\"https://pastefg.hermietkreeft.site/?853e0047397e470f#8yk79Qb7XZvfokBF2Bar6GxD16YA4x7Rgpz1yiyYhFzd\" target=\"_blank\" rel=\"noopener\">Filehoster: OneDrive</a> (Uploaded by DyR0 t(-_-t), NOT compatible with other mirrors)</li><li><a href=\"https://crackhub.site/martha-is-dead-v1-0223-01-fitgirl-repack/\" target=\"_blank\" rel=\"noopener\">Filehosters: Google Drive, OneDrive + others</a> (Uploaded by crackhub213)</li></ul><p><a href=\"https://cs.rin.ru/forum/viewtopic.php?f=10&amp;t=102375\" target=\"_blank\" rel=\"noopener\">Discussion and (possible) future updates on CS.RIN.RU thread</a></p><h3>Screenshots (Click to enlarge)</h3><p><a target=\"_blank\" href=\"https://en.riotpixels.com/games/martha-is-dead/screenshots/13/?utm_source=emb-gfx-html&amp;utm_medium=image&amp;utm_campaign=rp-mass\" rel=\"noopener\"><img loading=\"lazy\" width=\"178\" height=\"100\" border=\"0\" src=\"https://s01.riotpixels.net/data/1d/67/1d679579-cdcc-4750-ac0c-c4d6bcdc2556.jpg.240p.jpg\"></a><a target=\"_blank\" href=\"https://en.riotpixels.com/games/martha-is-dead/screenshots/10/?utm_source=emb-gfx-html&amp;utm_medium=image&amp;utm_campaign=rp-mass\" rel=\"noopener\"><img loading=\"lazy\" width=\"178\" height=\"100\" border=\"0\" src=\"https://s01.riotpixels.net/data/c6/27/c627fb65-6832-4a57-8b1f-1b92c7b1e997.jpg.240p.jpg\"></a><a target=\"_blank\" href=\"https://en.riotpixels.com/games/martha-is-dead/screenshots/8/?utm_source=emb-gfx-html&amp;utm_medium=image&amp;utm_campaign=rp-mass\" rel=\"noopener\"><img loading=\"lazy\" width=\"178\" height=\"100\" border=\"0\" src=\"https://s01.riotpixels.net/data/02/50/0250baaa-00e1-40a2-9d5e-5f74176c0ec8.jpg.240p.jpg\"></a><br><a target=\"_blank\" href=\"https://en.riotpixels.com/games/martha-is-dead/screenshots/3/?utm_source=emb-gfx-html&amp;utm_medium=image&amp;utm_campaign=rp-mass\" rel=\"noopener\"><img loading=\"lazy\" width=\"179\" height=\"100\" border=\"0\" src=\"https://s01.riotpixels.net/data/3d/bf/3dbfc72c-879b-4137-9bd6-2af855d0adec.png.240p.jpg\"></a><a target=\"_blank\" href=\"https://en.riotpixels.com/games/martha-is-dead/screenshots/2/?utm_source=emb-gfx-html&amp;utm_medium=image&amp;utm_campaign=rp-mass\" rel=\"noopener\"><img loading=\"lazy\" width=\"179\" height=\"100\" border=\"0\" src=\"https://s01.riotpixels.net/data/0e/fe/0efef6c4-b536-4335-a799-426198d5dc91.png.240p.jpg\"></a><a target=\"_blank\" href=\"https://en.riotpixels.com/games/martha-is-dead/screenshots/1/?utm_source=emb-gfx-html&amp;utm_medium=image&amp;utm_campaign=rp-mass\" rel=\"noopener\"><img loading=\"lazy\" width=\"179\" height=\"100\" border=\"0\" src=\"https://s01.riotpixels.net/data/18/5b/185b749e-4ae2-4974-9bea-590119202fe0.png.240p.jpg\"></a></p><h3>Repack Features</h3><ul><li>Based on Martha_Is_Dead-FLT ISO release: flt-martha_is_dead.iso (17,584,232,448 bytes)</li><li>100% Lossless &amp; MD5 Perfect: all files are identical to originals after installation</li><li>NOTHING ripped, NOTHING re-encoded</li><li>Selective Download feature: you may skip downloading and installing of game developer interview video</li><li>Smaller archive size (compressed from 16.4 to 12.4/13.1 GB)</li><li>Installation takes 15-80 minutes (depending on your system)</li><li>After-install integrity check so you could make sure that everything installed properly</li><li>HDD space after installation: 17.7 GB</li><li>Language can be changed in game settings</li><li>Repack uses compression library by Razor12911</li><li>At least 2 GB of free RAM (inc. virtual) required for installing this repack</li></ul><div ><div><h2>Game Description</h2></div><div >Martha Is Dead is a dark first-person psychological thriller, set in 1944 Italy, that blurs the lines between reality, superstition and the tragedy of war.<p>As conflict intensifies between German and Allied forces, the desecrated body of a woman is found drowned\u2026 Martha!</p><p>Martha is dead, and her twin sister Giulia, the young daughter of a German soldier, must alone deal with the acute trauma of loss and the fallout from her murder. The hunt for the truth is shrouded by mysterious folklore and the extreme horror of war that draws ever closer.</p><p><b>What will prevail?</b></p><p><b><h3>Game Features</h3></b></p><ul><li><b>Unashamedly authentic voice acting in Italian:</b> The first Indie game to launch using the native Italian language as the default setting \u2013 for full immersion into the story and the characters.</li><li><b>From the creator of The Town of Light:</b> The second game from LKA, the award-winning developer of \u201cThe Town of Light\u201d and specialists in reality-based narrative games focused on tough subjects.</li><li><b>Deep and dark multi-layered narrative:</b> Martha Is Dead is an exploration of loss, relationships and the psychological undertones of a dark period of history through the eyes of a young woman who seeks the truth, but who also has secrets of her own to hide.</li><li><b>Explore a detailed recreation of the Italian countryside:</b> Freely explore the breathtakingly realised Tuscany countryside on foot, by boat, or bike. Grounded in reality, Martha Is Dead\u2019s setting and historical context are inspired by real facts and places that have been faithfully reconstructed in true LKA fashion.</li><li><b>Play with dolls:</b> Play with numerous marionette sequences in the puppet theatre to remember repressed memories.</li><li><b>Mixing folklore with superstition:</b> Unlock symbols and use tarot cards to unveil new aspects of the game and to summon the spirit of The Lady.</li><li><b>A backdrop of War:</b> Collect newspapers, telegrams and listen to the radio to keep updated on what is occurring in the world during the war.</li><li><b>Virtual photographic greatness:</b> Take pictures for the sheer pleasure of doing so, and also to progress through the story and discover more about the game world. A simulator will guide you through 1940s photography, where you\u2019ll be able to develop your actual photos through a fully working in-game darkroom!</li><li><b>Authentic Italian music of the era:</b> Immerse yourself in a deeply evocative and atmospheric soundtrack containing underwater music specialists Between Music and their Aquasonic project; The Town of Light composer Aseptic Void and his moody yet spinetingling tones; and held together in true vintage style featuring reimagined versions of classic tracks including Schubert\u2019s Ave Maria, O Bella Ciao, with original tracks written and sung by Francesca Messina, AKA 90s disco star, Femina Ridens.</li></ul></div></div>             </div>"
}