{
    "link": "https://fitgirl-repacks.site/mayhem-brawler/",
    "title": "Mayhem Brawler \u2013 v2.1.5 (Wolfpack\u201d Update)",
    "first_img": "https://i4.imageban.ru/out/2021/08/21/4f648acbce0893034e108c589674a2d2.jpg",
    "second_img": "https://s01.riotpixels.net/data/2d/72/2d727d94-c840-47a9-9486-69369bea03c4.jpg.240p.jpg",
    "body": "<div ><h2>Mayhem Brawler \u2013 v2.1.5 (Wolfpack\u201d Update)</h2><p ><div><a target=\"_blank\" href=\"https://en.riotpixels.com/games/mayhem-brawler/\" rel=\"noopener\"><img class=\"alignleft\" width=\"150\" src=\"https://i4.imageban.ru/out/2021/08/21/4f648acbce0893034e108c589674a2d2.jpg\"></a></div><br>Genres/Tags: <strong>Arcade, Beat \u2019em up (Brawler), Side, 2D</strong><br>Company: <strong>Hero Concept</strong><br>Languages: <strong>RUS/ENG/MULTI11</strong><br>Original Size: <strong>1.2 GB</strong><br>Repack Size: <strong>812 MB</strong></p>&nbsp;<div>&nbsp;</div><h3>Download Mirrors</h3><ul><li><a href=\"https://1337x.to/torrent/5164485/Mayhem-Brawler-v2-1-5-Wolfpack-Update-MULTi11-FitGirl-Repack/\" target=\"_blank\" rel=\"noopener\">1337x</a> | [<a href=\"magnet:?xt=urn:btih:775ECDB227564591BF5B66B3B37A8838B5824F74&amp;dn=Mayhem+Brawler+%28v2.1.5%2FWolfpack+Update%2C+MULTi11%29+%5BFitGirl+Repack%5D&amp;tr=udp%3A%2F%2F46.148.18.250%3A2710&amp;tr=udp%3A%2F%2Fopentor.org%3A2710&amp;tr=udp%3A%2F%2Ftracker.coppersurfer.tk%3A6969%2Fannounce&amp;tr=udp%3A%2F%2Ftracker.opentrackr.org%3A1337%2Fannounce&amp;tr=http%3A%2F%2Ftracker.dler.org%3A6969%2Fannounce&amp;tr=udp%3A%2F%2Ftracker.leechers-paradise.org%3A6969%2Fannounce&amp;tr=udp%3A%2F%2F9.rarbg.me%3A2730%2Fannounce&amp;tr=udp%3A%2F%2F9.rarbg.to%3A2770%2Fannounce&amp;tr=udp%3A%2F%2Ftracker.pirateparty.gr%3A6969%2Fannounce&amp;tr=http%3A%2F%2Fretracker.local%2Fannounce&amp;tr=http%3A%2F%2Fretracker.ip.ncnet.ru%2Fannounce&amp;tr=udp%3A%2F%2Fexodus.desync.com%3A6969%2Fannounce&amp;tr=udp%3A%2F%2Fipv4.tracker.harry.lu%3A80%2Fannounce&amp;tr=udp%3A%2F%2Fopen.stealth.si%3A80%2Fannounce&amp;tr=udp%3A%2F%2Ftracker.zer0day.to%3A1337%2Fannounce&amp;tr=udp%3A%2F%2Ftracker.leechers-paradise.org%3A6969%2Fannounce&amp;tr=udp%3A%2F%2Fcoppersurfer.tk%3A6969%2Fannounce\">magnet</a>] [<a href=\"https://pastefg.hermietkreeft.site/?dc7d9c79489a8d7d#xg21t9Hcs9en5mRFrJE3pFjct7jHwHPUveJmqM4tbQo\" target=\"_blank\" rel=\"noopener\">.torrent file only</a>] <br><img src=\"https://torrent-stats.info/66b3/1eadae9b0.png\" style=\"display:block;clear:both\"></li><li><a href=\"http://rutor.info/torrent/864580/mayhem-brawler-v-2.1.5-2021-pc-repack-ot-fitgirl\" target=\"_blank\" rel=\"noopener\">RuTor</a> [<a href=\"magnet:?xt=urn:btih:775ecdb227564591bf5b66b3b37a8838b5824f74&amp;dn=rutor.info_Mayhem+Brawler+%5Bv+2.1.5%5D+%282021%29+PC+%7C+RePack+%D0%BE%D1%82+FitGirl&amp;tr=udp://opentor.net:6969&amp;tr=udp://opentor.org:2710&amp;tr=http://retracker.local/announce\">magnet</a>]</li><li><a href=\"https://tapochek.net/viewtopic.php?p=2796011\" target=\"_blank\" rel=\"noopener\">Tapochek.net</a></li><li><a href=\"https://pastefg.hermietkreeft.site/?e5d48dc430c6f1df#2Nn6wGEhLVQfPc7jwDvxd9YGxJWgenD2ecgP1w5HTrsz\" target=\"_blank\" rel=\"noopener\">Filehoster: MultiUpload</a> (10+ hosters, interchangeable) [Use <a href=\"http://jdownloader.org/jdownloader2\" target=\"_blank\" rel=\"noopener\">JDownloader2</a>]</li><li><a href=\"https://pastefg.hermietkreeft.site/?27f8f6fbbf55da7c#GgRzgYosVSDJpFDxVrXznRtsESNnRXmoVZkfGZWnVcGo\" target=\"_blank\" rel=\"noopener\">Filehoster: ZippyShare</a></li><li><a href=\"https://pastefg.hermietkreeft.site/?a829f6dc8b5493fe#hW5ByPVznob5h91zdcF9dxQfzYHCY3fmukV9ZaJdjPx\" target=\"_blank\" rel=\"noopener\">Filehoster: BayFiles</a></li><li><a href=\"https://pastefg.hermietkreeft.site/?3c7a94a16f5e2cd6#73KrYzdd2MPnJeywGBA4QFVSGMJAAYrhnEmp1cEZAh2r\" target=\"_blank\" rel=\"noopener\">Filehoster: OneDrive</a> (Uploaded by DyR0 t(-_-t), NOT compatible with other mirrors)</li><li><a href=\"https://crackhub.site/mayhem-brawler-v2-1-5-wolfpack-update-fitgirl-repack/\" target=\"_blank\" rel=\"noopener\">Filehosters: Google Drive, OneDrive + others</a> (Uploaded by crackhub213)</li></ul><p><a href=\"https://cs.rin.ru/forum/viewtopic.php?f=10&amp;t=111202\" target=\"_blank\" rel=\"noopener\">Discussion and (possible) future updates on CS.RIN.RU thread</a></p><h3>Screenshots (Click to enlarge)</h3><p><a target=\"_blank\" href=\"https://en.riotpixels.com/games/mayhem-brawler/screenshots/14/?utm_source=emb-gfx-html&amp;utm_medium=image&amp;utm_campaign=rp-mass\" rel=\"noopener\"><img loading=\"lazy\" width=\"178\" height=\"100\" border=\"0\" src=\"https://s01.riotpixels.net/data/2d/72/2d727d94-c840-47a9-9486-69369bea03c4.jpg.240p.jpg\"></a><a target=\"_blank\" href=\"https://en.riotpixels.com/games/mayhem-brawler/screenshots/11/?utm_source=emb-gfx-html&amp;utm_medium=image&amp;utm_campaign=rp-mass\" rel=\"noopener\"><img loading=\"lazy\" width=\"178\" height=\"100\" border=\"0\" src=\"https://s01.riotpixels.net/data/78/27/78275cf7-335c-4e45-a979-9adab75a7225.jpg.240p.jpg\"></a><a target=\"_blank\" href=\"https://en.riotpixels.com/games/mayhem-brawler/screenshots/10/?utm_source=emb-gfx-html&amp;utm_medium=image&amp;utm_campaign=rp-mass\" rel=\"noopener\"><img loading=\"lazy\" width=\"178\" height=\"100\" border=\"0\" src=\"https://s01.riotpixels.net/data/d5/9d/d59d9ac7-cb30-4137-a7d2-22145e538b6e.jpg.240p.jpg\"></a><br><a target=\"_blank\" href=\"https://en.riotpixels.com/games/mayhem-brawler/screenshots/5/?utm_source=emb-gfx-html&amp;utm_medium=image&amp;utm_campaign=rp-mass\" rel=\"noopener\"><img loading=\"lazy\" width=\"178\" height=\"100\" border=\"0\" src=\"https://s01.riotpixels.net/data/71/b0/71b04bb1-dfd3-4842-b8f3-7cd2db0dddac.jpg.240p.jpg\"></a><a target=\"_blank\" href=\"https://en.riotpixels.com/games/mayhem-brawler/screenshots/4/?utm_source=emb-gfx-html&amp;utm_medium=image&amp;utm_campaign=rp-mass\" rel=\"noopener\"><img loading=\"lazy\" width=\"178\" height=\"100\" border=\"0\" src=\"https://s01.riotpixels.net/data/9f/85/9f857f20-72c5-44b8-9af4-caef238deec8.jpg.240p.jpg\"></a><a target=\"_blank\" href=\"https://en.riotpixels.com/games/mayhem-brawler/screenshots/2/?utm_source=emb-gfx-html&amp;utm_medium=image&amp;utm_campaign=rp-mass\" rel=\"noopener\"><img loading=\"lazy\" width=\"178\" height=\"100\" border=\"0\" src=\"https://s01.riotpixels.net/data/bc/b0/bcb02341-6244-4021-8d00-4e266adb5d23.jpg.240p.jpg\"></a></p><h3>Repack Features</h3><ul><li>Based on Mayhem.Brawler.Wolfpack-TiNYiSO ISO release: tn-mayhembrawlerwolfpack.iso (1,272,877,056 bytes)</li><li>Game version: v2.1.5 (\u201cWolfpack\u201d Update)</li><li>100% Lossless &amp; MD5 Perfect: all files are identical to originals after installation</li><li>NOTHING ripped, NOTHING re-encoded</li><li>Smaller archive size (compressed from 1.2 GB to 812 MB)</li><li>Installation takes 2-4 minutes (depending on your system)</li><li>After-install integrity check so you could make sure that everything installed properly</li><li>HDD space after installation: 1.3 GB</li><li>Language can be changed in game settings</li><li>At least 2 GB of free RAM (inc. virtual) required for installing this repack</li></ul><div ><div><h2>Game Description</h2></div><div ><b>TO PROTECT AND SERVE</b><br>While answering a routine call on a patrol, Dolphin, Star, and Trouble -the most popular officers of the super-powered law enforcement agency, Stronghold- find themselves in a sequence of events that will alter the fate of the entire city.<p><b>EXCESSIVE FORCE</b><br>Let\u2019s get one thing straight; if you ever think that a day in the life of a super-powered law enforcer is easy, you couldn\u2019t be more wrong, as there are greater threats than street gangs in urban fantasy-themed Mayhem Brawler. Using your arsenal of combos and special abilities, you and your co-op teammates should make life miserable for those super-powered criminals, fend yourself from the fury of werewolves, resist the hexes of street wizards and confront the megacorp led by vampire houses that enforce their goons to do their dirty deeds.</p><p><b>THE MAYHEM UNIVERSE</b><br>Comic book-inspired hand-drawn backgrounds and frame-by-frame animations coupled with a kick-ass soundtrack will deliver a jolt of adrenaline to your controller. With the choices you make, you will shape the flow of the story and finally reach one of the three different endings in the Mayhem Brawler universe, where each corner has a story to tell.</p><p><b><h3>Game Features</h3></b></p><ul><li>A fresh take on classic 90s-style beat \u2019em ups.</li><li>Offline co-op mode that supports up to 3 players.</li><li>Ability to alter the game flow with player-led decisions.</li><li>Fully voice-acted story experience and 11 different language options for subtitles.</li><li>3 unique endings based on the player\u2019s choices.</li><li>Unique combat mechanics.</li><li>3 playable characters against 30 mobs including 12 unique bosses.</li><li>Hand-drawn comic book-inspired art, frame-by-frame animated characters, and a rocking soundtrack.</li><li>Your admission ticket to the limitless universe of Mayhem.</li></ul></div></div><p><b>Backwards Compatibility</b></p><p>This repack IS NOT backwards compatible with my previous MB repacks.</p>             </div>"
}