{
    "link": "https://fitgirl-repacks.site/mecha-knights-nightmare/",
    "title": "Mecha Knights: Nightmare",
    "first_img": "https://i5.imageban.ru/out/2021/08/31/43a0c094e7ac0620586c2b6b8e083a34.jpg",
    "second_img": "https://s01.riotpixels.net/data/d8/84/d884ba64-abe7-4210-b200-4424640b461d.jpg.240p.jpg",
    "body": "<div ><h2>Mecha Knights: Nightmare</h2><p ><div><a target=\"_blank\" href=\"https://en.riotpixels.com/games/mecha-knights-nightmare/\" rel=\"noopener\"><img class=\"alignleft\" width=\"150\" src=\"https://i5.imageban.ru/out/2021/08/31/43a0c094e7ac0620586c2b6b8e083a34.jpg\"></a></div><br>Genres/Tags: <strong>Action, Shooter, Third-person, Mecha, 3D</strong><br>Companys: <strong>Damian Kubiak</strong><br>Language: <strong>ENG</strong><br>Original Size: <strong>5 GB</strong><br>Repack Size: <strong>3 GB</strong></p>&nbsp;<div>&nbsp;</div><h3>Download Mirrors</h3><ul><li><a href=\"https://1337x.to/torrent/4969609/Mecha-Knights-Nightmare-FitGirl-Repack/\" target=\"_blank\" rel=\"noopener\">1337x</a> | [<a href=\"magnet:?xt=urn:btih:16CA0D27E8D56DC1F22A1C646385D4919A003C29&amp;dn=Mecha+Knights%3A+Nightmare+%5BFitGirl+Repack%5D&amp;tr=udp%3A%2F%2F46.148.18.250%3A2710&amp;tr=udp%3A%2F%2Fopentor.org%3A2710&amp;tr=udp%3A%2F%2Ftracker.coppersurfer.tk%3A6969%2Fannounce&amp;tr=udp%3A%2F%2Ftracker.opentrackr.org%3A1337%2Fannounce&amp;tr=http%3A%2F%2Ftracker.dler.org%3A6969%2Fannounce&amp;tr=udp%3A%2F%2Ftracker.leechers-paradise.org%3A6969%2Fannounce&amp;tr=udp%3A%2F%2F9.rarbg.me%3A2730%2Fannounce&amp;tr=udp%3A%2F%2F9.rarbg.to%3A2770%2Fannounce&amp;tr=udp%3A%2F%2Ftracker.pirateparty.gr%3A6969%2Fannounce&amp;tr=http%3A%2F%2Fretracker.local%2Fannounce&amp;tr=http%3A%2F%2Fretracker.ip.ncnet.ru%2Fannounce&amp;tr=udp%3A%2F%2Fexodus.desync.com%3A6969%2Fannounce&amp;tr=udp%3A%2F%2Fipv4.tracker.harry.lu%3A80%2Fannounce&amp;tr=udp%3A%2F%2Fopen.stealth.si%3A80%2Fannounce&amp;tr=udp%3A%2F%2Ftracker.zer0day.to%3A1337%2Fannounce&amp;tr=udp%3A%2F%2Ftracker.leechers-paradise.org%3A6969%2Fannounce&amp;tr=udp%3A%2F%2Fcoppersurfer.tk%3A6969%2Fannounce\">magnet</a>] [<a href=\"https://pastefg.hermietkreeft.site/?d008fe22672b066e#EAnRgwM2eqKNecScuX6e8xhhjx9vgB1GqbcHtzaUXZ5u\" target=\"_blank\" rel=\"noopener\">.torrent file only</a>] <br><img src=\"https://torrent-stats.info/1c64/818be8e4.png\" style=\"display:block;clear:both\"></li><li><a href=\"https://tapochek.net/viewtopic.php?p=2797807\" target=\"_blank\" rel=\"noopener\">Tapochek.net</a></li><li><a href=\"https://pastefg.hermietkreeft.site/?3844bca3062ba35d#FYncqJTnFZs9TjizeHFECnzwz52dxYKGMp3ihsuN9wzi\" target=\"_blank\" rel=\"noopener\">Filehoster: MultiUpload</a> (10+ hosters, interchangeable) [Use <a href=\"http://jdownloader.org/jdownloader2\" target=\"_blank\" rel=\"noopener\">JDownloader2</a>]</li><li><a href=\"https://pastefg.hermietkreeft.site/?41bc5e745d3d0ef6#CrxPwPqra9J7DbaV7KfHF6dq4zRwNa36AUxFQKqrscse\" target=\"_blank\" rel=\"noopener\">Filehoster: PixelDrain</a></li><li><a href=\"https://pastefg.hermietkreeft.site/?e975067874bd75fa#3nXNWTgVb1afu6ZgrpWWDK5j6pP4CLNN4aMP1XbEAX4P\" target=\"_blank\" rel=\"noopener\">Filehoster: ZippyShare</a></li><li><a href=\"https://pastefg.hermietkreeft.site/?0160c93fcae237cf#6TTvT58NQ1u6an4FCfd794njgBhrjxJzeyJDLomHpMQK\" target=\"_blank\" rel=\"noopener\">Filehoster: LetsUpload</a> [Use <a href=\"http://jdownloader.org/jdownloader2\" target=\"_blank\" rel=\"noopener\">JDownloader2</a>]</li><li><a href=\"https://pastefg.hermietkreeft.site/?8c0dedec8b7e48a4#B2rG7RWvu7dUXG1SPK9UEr4WRBm51J9ofoBzb2mYAqZz\" target=\"_blank\" rel=\"noopener\">Filehoster: OneDrive</a> (Uploaded by DyR0 t(-_-t), NOT compatible with other mirrors)</li></ul><p><a href=\"https://cs.rin.ru/forum/viewtopic.php?f=10&amp;t=115478\" target=\"_blank\" rel=\"noopener\">Discussion and (possible) future updates on CS.RIN.RU thread</a></p><h3>Screenshots (Click to enlarge)</h3><p><a target=\"_blank\" href=\"https://en.riotpixels.com/games/mecha-knights-nightmare/screenshots/8/?utm_source=emb-gfx-html&amp;utm_medium=image&amp;utm_campaign=rp-mass\" rel=\"noopener\"><img loading=\"lazy\" width=\"178\" height=\"100\" border=\"0\" src=\"https://s01.riotpixels.net/data/d8/84/d884ba64-abe7-4210-b200-4424640b461d.jpg.240p.jpg\"></a><a target=\"_blank\" href=\"https://en.riotpixels.com/games/mecha-knights-nightmare/screenshots/7/?utm_source=emb-gfx-html&amp;utm_medium=image&amp;utm_campaign=rp-mass\" rel=\"noopener\"><img loading=\"lazy\" width=\"178\" height=\"100\" border=\"0\" src=\"https://s01.riotpixels.net/data/ec/c4/ecc499f0-0fc1-43fc-b6d8-1ffc83e26502.jpg.240p.jpg\"></a><a target=\"_blank\" href=\"https://en.riotpixels.com/games/mecha-knights-nightmare/screenshots/6/?utm_source=emb-gfx-html&amp;utm_medium=image&amp;utm_campaign=rp-mass\" rel=\"noopener\"><img loading=\"lazy\" width=\"178\" height=\"100\" border=\"0\" src=\"https://s01.riotpixels.net/data/72/c7/72c7e1b7-d350-431f-a2f3-ca741c8dd4c1.jpg.240p.jpg\"></a><br><a target=\"_blank\" href=\"https://en.riotpixels.com/games/mecha-knights-nightmare/screenshots/5/?utm_source=emb-gfx-html&amp;utm_medium=image&amp;utm_campaign=rp-mass\" rel=\"noopener\"><img loading=\"lazy\" width=\"178\" height=\"100\" border=\"0\" src=\"https://s01.riotpixels.net/data/d3/81/d381560b-52f3-4262-a900-984af80ff127.jpg.240p.jpg\"></a><a target=\"_blank\" href=\"https://en.riotpixels.com/games/mecha-knights-nightmare/screenshots/4/?utm_source=emb-gfx-html&amp;utm_medium=image&amp;utm_campaign=rp-mass\" rel=\"noopener\"><img loading=\"lazy\" width=\"178\" height=\"100\" border=\"0\" src=\"https://s01.riotpixels.net/data/84/19/8419476f-d7ed-4277-8499-33fec8bc117b.jpg.240p.jpg\"></a><a target=\"_blank\" href=\"https://en.riotpixels.com/games/mecha-knights-nightmare/screenshots/2/?utm_source=emb-gfx-html&amp;utm_medium=image&amp;utm_campaign=rp-mass\" rel=\"noopener\"><img loading=\"lazy\" width=\"178\" height=\"100\" border=\"0\" src=\"https://s01.riotpixels.net/data/30/46/3046b983-c0ac-4b6d-b3f2-eb62e5896905.jpg.240p.jpg\"></a></p><h3>Repack Features</h3><ul><li>Based on Mecha.Knights.Nightmare-PLAZA ISO release: plaza-mecha.knights.nightmare.iso (5,407,342,592 bytes)</li><li>100% Lossless &amp; MD5 Perfect: all files are identical to originals after installation</li><li>NOTHING ripped, NOTHING re-encoded</li><li>Significantly smaller archive size (compressed from 5 to 3 GB)</li><li>Installation takes 2 minutes</li><li>After-install integrity check so you could make sure that everything installed properly</li><li>HDD space after installation: 13.6 GB</li><li>At least 2 GB of free RAM (inc. virtual) required for installing this repack</li></ul><div ><div><h2>Game Description</h2></div><div ><p><b>Overview</b><br>In the year 2049 at the peak of the Second Cold War, an all-out conflict between N.A.T.O and the Russia-China alliance is about to break out. In the midst of the tension, an enigmatic incident sends the world into an apocalyptic war. Nightmarish creatures of unknown origin suddenly begin to appear, plunging the world into terror and chaos. A young American pilot, Ethan, is caught in the middle of it all, as untold horrors break out on the surface of the planet. He will have to battle endless hordes of monsters in his Mobile Armor, a powerful customizable Mech.</p><p><b>Single-Player Campaign</b><br>See the story through the eyes of an ace pilot. Fight for humanity\u2019s survival through 20 campaign missions, working as a part of the N.A.T.O forces. Be part of large-scale operations, pushing your Mobile Armors to the brink of their capabilities. Choose your Mech and engage hundreds of bizarre creatures in epic battles, gaining weapons, equipment and resources along the way to upgrade and customize your Mech.</p><p><b>Deep Mech Customization</b><br>Engage the enemy on your terms! Develop an all-round Mech, built to do everything at once, or specialize it, allowing for devastating long-range barrages of high-velocity guns, or get up close with flame throwers and double-gatling guns. Choose from among a wide variety of mechs and weapons.</p><p>Customize over 20 elements of your Mobile armour. Equip unique parts such as mine throwers, air support modules or weapon cooling systems.</p><p><b>About the developer</b><br>This is a one-man passion project. Mecha Knights are my attempt to create the Mech game I always wanted to play. I\u2019ve wanted to combine the elements from games like Armored Core, Front Mission, Earth Defence Force, and even Resident Evil, in an apocalyptic war theme that could be seen in animes such as Muv: Luv and Blue Gender. A game where it\u2019s not just you, the player, that is winning the whole war as a one-man army, but rather that you take part in larger operations \u2013 where you and your allies fight hundreds of enemies. A game where extensive customization and progression allows you to develop your own Mech, while the game keeps you engaged with the story of the soldiers.</p></div></div>             </div>"
}