{
    "link": "https://fitgirl-repacks.site/medieval-dynasty/",
    "title": "Medieval Dynasty: Digital Supporter Edition \u2013 v1.0.0.5 + Bonus Content",
    "first_img": "https://i2.imageban.ru/out/2021/09/24/0f410f3b354f5481d46a3548e384b440.jpg",
    "second_img": "https://s01.riotpixels.net/data/72/31/7231b869-02cc-4311-a8da-40c26f487ba3.jpg.240p.jpg",
    "body": "<div ><h2>Medieval Dynasty: Digital Supporter Edition \u2013 v1.0.0.5 + Bonus Content</h2><p ><div><a target=\"_blank\" href=\"https://en.riotpixels.com/games/medieval-dynasty/\" rel=\"noopener\"><img class=\"alignleft\" width=\"150\" src=\"https://i2.imageban.ru/out/2021/09/24/0f410f3b354f5481d46a3548e384b440.jpg\"></a></div><br>Genres/Tags: <strong>Managerial, Strategy, RPG, Open world, Survival, Medieval, First-person, 3D</strong><br>Companies: <strong>Render Cube, Toplitz Productions</strong><br>Languages: <strong>RUS/ENG/MULTI17</strong><br>Original Size: <strong>7.9 GB</strong><br>Repack Size: <strong>from 3.2 GB</strong> [Selective Download]</p>&nbsp;<div>&nbsp;</div><h3>Download Mirrors</h3><ul><li><a href=\"https://1337x.to/torrent/4995062/Medieval-Dynasty-Digital-Supporter-Edition-v1-0-0-5-Bonus-Content-MULTi17-FitGirl-Repack-Selective-Download-from-3-2-GB/\" target=\"_blank\" rel=\"noopener\">1337x</a> | [<a href=\"magnet:?xt=urn:btih:4ECF480FB06C76E9801239D26566D10EC2A43B23&amp;dn=Medieval+Dynasty%3A+Digital+Supporter+Edition+%28v1.0.0.5+%2B+Bonus+Content%2C+MULTi17%29+%5BFitGirl+Repack%2C+Selective+Download+-+from+3.2+GB%5D&amp;tr=udp%3A%2F%2F46.148.18.250%3A2710&amp;tr=udp%3A%2F%2Fopentor.org%3A2710&amp;tr=udp%3A%2F%2Ftracker.coppersurfer.tk%3A6969%2Fannounce&amp;tr=udp%3A%2F%2Ftracker.opentrackr.org%3A1337%2Fannounce&amp;tr=http%3A%2F%2Ftracker.dler.org%3A6969%2Fannounce&amp;tr=udp%3A%2F%2Ftracker.leechers-paradise.org%3A6969%2Fannounce&amp;tr=udp%3A%2F%2F9.rarbg.me%3A2730%2Fannounce&amp;tr=udp%3A%2F%2F9.rarbg.to%3A2770%2Fannounce&amp;tr=udp%3A%2F%2Ftracker.pirateparty.gr%3A6969%2Fannounce&amp;tr=http%3A%2F%2Fretracker.local%2Fannounce&amp;tr=http%3A%2F%2Fretracker.ip.ncnet.ru%2Fannounce&amp;tr=udp%3A%2F%2Fexodus.desync.com%3A6969%2Fannounce&amp;tr=udp%3A%2F%2Fipv4.tracker.harry.lu%3A80%2Fannounce&amp;tr=udp%3A%2F%2Fopen.stealth.si%3A80%2Fannounce&amp;tr=udp%3A%2F%2Ftracker.zer0day.to%3A1337%2Fannounce&amp;tr=udp%3A%2F%2Ftracker.leechers-paradise.org%3A6969%2Fannounce&amp;tr=udp%3A%2F%2Fcoppersurfer.tk%3A6969%2Fannounce\">magnet</a>] [<a href=\"https://pastefg.hermietkreeft.site/?39df140d26bdcd66#7gyPKnnM9tQoxF6dekSb6cVzvnBechhYAASjohZMWkSC\" target=\"_blank\" rel=\"noopener\">.torrent file only</a>] <br><img src=\"https://torrent-stats.info/39d2/109534866.png\" style=\"display:block;clear:both\"></li><li><a href=\"http://rutor.info/torrent/836127/medieval-dynasty-digital-supporter-edition-v-1.0.0.5-bonus-2021-pc-repack-ot-fitgirl\" target=\"_blank\" rel=\"noopener\">RuTor</a> [<a href=\"magnet:?xt=urn:btih:4ecf480fb06c76e9801239d26566d10ec2a43b23&amp;dn=rutor.info_Medieval+Dynasty%3A+Digital+Supporter+Edition+%5Bv+1.0.0.5+%2B+Bonus%5D+%282021%29+PC+%7C+RePack+%D0%BE%D1%82+FitGirl&amp;tr=udp://opentor.net:6969&amp;tr=udp://opentor.org:2710&amp;tr=http://retracker.local/announce\">magnet</a>]</li><li><a href=\"https://tapochek.net/viewtopic.php?p=2802148\" target=\"_blank\" rel=\"noopener\">Tapochek.net</a></li><li><a href=\"https://pastefg.hermietkreeft.site/?0ef4aa33cd1b5f67#9gBZVKGVKzd4tmW1xQ7zeEbaHv7uYqsDNzzyhzDkQsTT\" target=\"_blank\" rel=\"noopener\">Filehoster: MultiUpload</a> (10+ hosters, interchangeable) [Use <a href=\"http://jdownloader.org/jdownloader2\" target=\"_blank\" rel=\"noopener\">JDownloader2</a>]</li><li><a href=\"https://pastefg.hermietkreeft.site/?2f6bd59179ac5dc8#9U3Pxid9FQKES14mY6QWx73a7kBT24XU3rADXvdit4jx\" target=\"_blank\" rel=\"noopener\">Filehoster: PixelDrain</a></li><li><a href=\"https://pastefg.hermietkreeft.site/?2b229b4e42f9e6b1#8QZhFyvHy5AtnWBWrFogeyPK1iWUzZy3ojJnwzLf5fPi\" target=\"_blank\" rel=\"noopener\">Filehoster: ZippyShare</a></li><li><a href=\"https://pastefg.hermietkreeft.site/?86a1b098acbcbb1e#Eia6gewV5eJUs7ZzjGTdLtcCSKhZFJcvYii74iGuHDoJ\" target=\"_blank\" rel=\"noopener\">Filehoster: LetsUpload</a> [Use <a href=\"http://jdownloader.org/jdownloader2\" target=\"_blank\" rel=\"noopener\">JDownloader2</a>]</li><li><a href=\"https://pastefg.hermietkreeft.site/?b21eadf592e4ef55#BBANHDSFE1uhqs1FBFKAJZ8TdFLGBAP9hV5YMioQX2xa\" target=\"_blank\" rel=\"noopener\">Filehoster: OneDrive</a> (Uploaded by DyR0 t(-_-t), NOT compatible with other mirrors)</li></ul><p><a href=\"https://cs.rin.ru/forum/viewtopic.php?f=10&amp;t=104997\" target=\"_blank\" rel=\"noopener\">Discussion and (possible) future updates on CS.RIN.RU thread</a></p><h3>Screenshots (Click to enlarge)</h3><p><a target=\"_blank\" href=\"https://en.riotpixels.com/games/medieval-dynasty/screenshots/30/?utm_source=emb-gfx-html&amp;utm_medium=image&amp;utm_campaign=rp-mass\" rel=\"noopener\"><img loading=\"lazy\" width=\"178\" height=\"100\" border=\"0\" src=\"https://s01.riotpixels.net/data/72/31/7231b869-02cc-4311-a8da-40c26f487ba3.jpg.240p.jpg\"></a><a target=\"_blank\" href=\"https://en.riotpixels.com/games/medieval-dynasty/screenshots/28/?utm_source=emb-gfx-html&amp;utm_medium=image&amp;utm_campaign=rp-mass\" rel=\"noopener\"><img loading=\"lazy\" width=\"178\" height=\"100\" border=\"0\" src=\"https://s01.riotpixels.net/data/65/fe/65fe00ca-877d-406c-b139-9c1caf6981c1.jpg.240p.jpg\"></a><a target=\"_blank\" href=\"https://en.riotpixels.com/games/medieval-dynasty/screenshots/18/?utm_source=emb-gfx-html&amp;utm_medium=image&amp;utm_campaign=rp-mass\" rel=\"noopener\"><img loading=\"lazy\" width=\"178\" height=\"100\" border=\"0\" src=\"https://s01.riotpixels.net/data/e6/70/e670a289-ce42-4a29-8344-b1b71c1a5f3e.jpg.240p.jpg\"></a><br><a target=\"_blank\" href=\"https://en.riotpixels.com/games/medieval-dynasty/screenshots/17/?utm_source=emb-gfx-html&amp;utm_medium=image&amp;utm_campaign=rp-mass\" rel=\"noopener\"><img loading=\"lazy\" width=\"178\" height=\"100\" border=\"0\" src=\"https://s01.riotpixels.net/data/6d/7f/6d7f2fd6-ab45-4f4c-9f88-a29f89a6166e.jpg.240p.jpg\"></a><a target=\"_blank\" href=\"https://en.riotpixels.com/games/medieval-dynasty/screenshots/3/?utm_source=emb-gfx-html&amp;utm_medium=image&amp;utm_campaign=rp-mass\" rel=\"noopener\"><img loading=\"lazy\" width=\"178\" height=\"100\" border=\"0\" src=\"https://s01.riotpixels.net/data/e3/31/e3310e93-1ebd-46da-bc18-f3cf7dacc2aa.jpg.240p.jpg\"></a><a target=\"_blank\" href=\"https://en.riotpixels.com/games/medieval-dynasty/screenshots/1/?utm_source=emb-gfx-html&amp;utm_medium=image&amp;utm_campaign=rp-mass\" rel=\"noopener\"><img loading=\"lazy\" width=\"178\" height=\"100\" border=\"0\" src=\"https://s01.riotpixels.net/data/b3/03/b3036652-6e39-4c9f-a709-bde8e3ac2be7.jpg.240p.jpg\"></a></p><h3>Repack Features</h3><ul><li>Based on Medieval.Dynasty-CODEX ISO release: codex-medieval.dynasty.iso (4,462,510,080 bytes)</li><li>Game version: v1.0.0.5</li><li>Digital Supporter Edition Content (3.7 GB) added, thanks to InsaneRamZes!</li><li>100% Lossless &amp; MD5 Perfect: all files are identical to originals after installation</li><li>NOTHING ripped, NOTHING re-encoded</li><li>Selective Download feature: you may skip downloading and installing of bonus packs: smaller one (ArtBook, World Map, Wallpapers, OST) and a larger one with documentary/guide videos</li><li>Significantly smaller archive size (compressed from cumulative 7.9 to 3.2/6.7 GB)</li><li>Installation takes 2-5 minutes (depending on your system and selected components)</li><li>After-install integrity check so you could make sure that everything installed properly</li><li>HDD space after installation: up to 10.4 GB</li><li>Language can be changed in game settings</li><li>At least 2 GB of free RAM (inc. virtual) required for installing this repack</li></ul><div ><div><h2>Game Description</h2></div><div >Europe in the early Middle Ages \u2014 Nobles and clergy rule and the trade between nations brings prosperity as well as envy, distrust, and greed. Military conflict is everywhere and entire continents are changing.<p>In Medieval Dynasty, you take on the role of a young man who has fled from war and wants to take his fate into his own hands. From being alone, inexperienced and poor you will develop into a master of many skills, a leader of your community and the founder of a prosperous dynasty which is meant to last and prosper for generations to come. Defending against wild animals while hunting for food, gathering resources and crafting equipment, building a house and erecting a whole bustling village while founding a family all contribute to a unique gameplay experience across many genres. Tough winters and unexpected events challenge your skills and dexterity as you strive to build your own legacy.</p><p>You can choose to follow the main chapters, solve the questlines or just roam around and explore the vast medieval world \u2013 but be careful as wolves or bears may try to take a bite from you\u2026 Begin with the simplest things for your own survival like hunting and farming as well as building yourself a home. Found a family and have a heir \u2013 entice others to live near and work for you, erect many other buildings to transform your settlement into a vibrant village and, ultimately, a thriving dynasty that will reign for generations.</p><p>A massive medieval open 3D world awaits\u2026 Be aware of harsh winters and unexpected events while honing your skills to turn from a medieval survivor into the ruler of a dynasty. Grab your axe, hammer, or hunting bow \u2013 and craft your legacy!</p><p><b>Medieval Dynasty is a unique combination of multiple successful genres:</b><br>Survival: The need to survive, feed and ensure survival through hunting, farming and cultivation of the land.</p><p>Simulation: Create tools and weapons, construct and extend houses, stables and all manner of buildings as you grow an empire.</p><p>Role playing: Develop your own character, interact with NPCs, take care of your family and form community alliances by helping others and trading freely.</p><p>Strategy: While pioneering in the Middle Ages you will found and expand a village, manage the inhabitants, collect resources and produce all the goods you need and use or capitalise by trading them.</p><p><b><h3>Game Features</h3></b></p><ul><li>Beautiful and realistic open world 3D landscape with state-of-the-art graphics</li><li>Full 4 seasons with day/night cycle and realistic weather conditions</li><li>Interactive environment with trees to fell, various fruit to pluck, stones to collect, caves to explore and many more</li><li>18 different buildings with various levels from hay shacks to full stone mansions</li><li>Over 60 pieces of equipment to craft, including weapons, tools, furniture and clothing</li><li>Realistic wildlife interaction with plenty of different animals such as wolves, wild boars, deer, rabbits and others</li><li>All activities will impact on food, water, health and endurance status</li><li>Detailed skill tree for individual character development</li><li>Unique events and decisions with direct impact on gameplay</li><li>Dynasty reputation system triggering events with the king</li><li>Quests, trade and economy, sandbox option, social connections to NPCs and many more</li></ul></div></div>             </div>"
}