{
    "link": "https://fitgirl-repacks.site/melty-blood-type-lumina/",
    "title": "Melty Blood: Type Lumina + 14 DLCs",
    "first_img": "https://i1.imageban.ru/out/2021/10/01/e02bb9bfee82f8d163b6ad8bab5ea805.jpg",
    "second_img": "https://s01.riotpixels.net/data/7a/92/7a92c8da-186c-4d91-b0a2-73a321169a2e.jpg.240p.jpg",
    "body": "<div ><h2>Melty Blood: Type Lumina + 14 DLCs</h2><p ><div><a target=\"_blank\" href=\"https://en.riotpixels.com/games/melty-blood-type-lumina/\" rel=\"noopener\"><img class=\"alignleft\" width=\"150\" src=\"https://i1.imageban.ru/out/2021/10/01/e02bb9bfee82f8d163b6ad8bab5ea805.jpg\"></a></div><br>Genres/Tags: <strong>Action, Fighting, Side, Japanese, 2D</strong><br>Companies: <strong>FRENCH-BREAD, TYPE-MOON, DELiGHTWORKS Inc., TAMSOFT CORPORATION, GameLoop Inc.</strong><br>Languages: <strong>ENG/MULTI5</strong><br><strong style=\"color: red\">This game requires Windows 10</strong><br>Original Size: <strong>5.2 GB</strong><br>Repack Size: <strong>2.1 GB</strong></p>&nbsp;<div>&nbsp;</div><h3>Download Mirrors</h3><ul><li><a href=\"https://1337x.to/torrent/5002955/Melty-Blood-Type-Lumina-14-DLCs-MULTi5-FitGirl-Repack/\" target=\"_blank\" rel=\"noopener\">1337x</a> | [<a href=\"magnet:?xt=urn:btih:72C9BC675C320989F12F4EA9668C44B804F43CA8&amp;dn=Melty+Blood%3A+Type+Lumina+%28%2B14+DLCs%2C+MULTi5%29+%5BFitGirl+Repack%5D&amp;tr=udp%3A%2F%2F46.148.18.250%3A2710&amp;tr=udp%3A%2F%2Fopentor.org%3A2710&amp;tr=udp%3A%2F%2Ftracker.coppersurfer.tk%3A6969%2Fannounce&amp;tr=udp%3A%2F%2Ftracker.opentrackr.org%3A1337%2Fannounce&amp;tr=http%3A%2F%2Ftracker.dler.org%3A6969%2Fannounce&amp;tr=udp%3A%2F%2Ftracker.leechers-paradise.org%3A6969%2Fannounce&amp;tr=udp%3A%2F%2F9.rarbg.me%3A2730%2Fannounce&amp;tr=udp%3A%2F%2F9.rarbg.to%3A2770%2Fannounce&amp;tr=udp%3A%2F%2Ftracker.pirateparty.gr%3A6969%2Fannounce&amp;tr=http%3A%2F%2Fretracker.local%2Fannounce&amp;tr=http%3A%2F%2Fretracker.ip.ncnet.ru%2Fannounce&amp;tr=udp%3A%2F%2Fexodus.desync.com%3A6969%2Fannounce&amp;tr=udp%3A%2F%2Fipv4.tracker.harry.lu%3A80%2Fannounce&amp;tr=udp%3A%2F%2Fopen.stealth.si%3A80%2Fannounce&amp;tr=udp%3A%2F%2Ftracker.zer0day.to%3A1337%2Fannounce&amp;tr=udp%3A%2F%2Ftracker.leechers-paradise.org%3A6969%2Fannounce&amp;tr=udp%3A%2F%2Fcoppersurfer.tk%3A6969%2Fannounce\">magnet</a>] [<a href=\"https://pastefg.hermietkreeft.site/?6ca9ec2e03681470#5yvrunSnoQDchY1NJ3ahjyV5WrnyM6Ttyecnbttit4uP\" target=\"_blank\" rel=\"noopener\">.torrent file only</a>] <br><img src=\"https://torrent-stats.info/4ea9/16971d8cb.png\" style=\"display:block;clear:both\"></li><li><a href=\"https://tapochek.net/viewtopic.php?p=2803599\" target=\"_blank\" rel=\"noopener\">Tapochek.net</a></li><li><a href=\"https://pastefg.hermietkreeft.site/?454db91bc83ee0e5#9KFYqCmhNmTKEshpkvNAcHVAXonuFmYmF7BkmHC37zqN\" target=\"_blank\" rel=\"noopener\">Filehoster: MultiUpload</a> (10+ hosters, interchangeable) [Use <a href=\"http://jdownloader.org/jdownloader2\" target=\"_blank\" rel=\"noopener\">JDownloader2</a>]</li><li><a href=\"https://pastefg.hermietkreeft.site/?674376c9048d0610#6bKNuDHfEWWXPBjFARmoct3bV1caC7MpuF4kG8HYV3oa\" target=\"_blank\" rel=\"noopener\">Filehoster: PixelDrain</a></li><li><a href=\"https://pastefg.hermietkreeft.site/?24ff253f30c0024b#4smyXLco7zAghpLoep1JhTqoH5PTLT4rpdp53MobdQTZ\" target=\"_blank\" rel=\"noopener\">Filehoster: ZippyShare</a></li><li><a href=\"https://pastefg.hermietkreeft.site/?605aa9f7a25a4845#2kjSHaCjNaqejEJHynQv1jCDPXM54GYAxprVvxeA7GS4\" target=\"_blank\" rel=\"noopener\">Filehoster: LetsUpload</a> [Use <a href=\"http://jdownloader.org/jdownloader2\" target=\"_blank\" rel=\"noopener\">JDownloader2</a>]</li><li><a href=\"https://pastefg.hermietkreeft.site/?99029feacb849db0#E9RgBsama4q7k3TGWyPcngtKHTzxEHv46j3zFssWMH7P\" target=\"_blank\" rel=\"noopener\">Filehoster: OneDrive</a> (Uploaded by DyR0 t(-_-t), NOT compatible with other mirrors)</li></ul><p><a href=\"https://cs.rin.ru/forum/viewtopic.php?f=10&amp;t=114122\" target=\"_blank\" rel=\"noopener\">Discussion and (possible) future updates on CS.RIN.RU thread</a></p><h3>Screenshots (Click to enlarge)</h3><p><a target=\"_blank\" href=\"https://en.riotpixels.com/games/melty-blood-type-lumina/screenshots/7/?utm_source=emb-gfx-html&amp;utm_medium=image&amp;utm_campaign=rp-mass\" rel=\"noopener\"><img loading=\"lazy\" width=\"178\" height=\"100\" border=\"0\" src=\"https://s01.riotpixels.net/data/7a/92/7a92c8da-186c-4d91-b0a2-73a321169a2e.jpg.240p.jpg\"></a><a target=\"_blank\" href=\"https://en.riotpixels.com/games/melty-blood-type-lumina/screenshots/6/?utm_source=emb-gfx-html&amp;utm_medium=image&amp;utm_campaign=rp-mass\" rel=\"noopener\"><img loading=\"lazy\" width=\"178\" height=\"100\" border=\"0\" src=\"https://s01.riotpixels.net/data/85/85/85856ca3-6f6a-42b1-ab2b-f10b3d58ffce.jpg.240p.jpg\"></a><a target=\"_blank\" href=\"https://en.riotpixels.com/games/melty-blood-type-lumina/screenshots/5/?utm_source=emb-gfx-html&amp;utm_medium=image&amp;utm_campaign=rp-mass\" rel=\"noopener\"><img loading=\"lazy\" width=\"178\" height=\"100\" border=\"0\" src=\"https://s01.riotpixels.net/data/f2/d1/f2d132c1-bebd-42ec-99c0-186efd16740e.jpg.240p.jpg\"></a><br><a target=\"_blank\" href=\"https://en.riotpixels.com/games/melty-blood-type-lumina/screenshots/3/?utm_source=emb-gfx-html&amp;utm_medium=image&amp;utm_campaign=rp-mass\" rel=\"noopener\"><img loading=\"lazy\" width=\"178\" height=\"100\" border=\"0\" src=\"https://s01.riotpixels.net/data/9f/fe/9ffeda70-f776-4265-b258-dfbd1b0be6b1.jpg.240p.jpg\"></a><a target=\"_blank\" href=\"https://en.riotpixels.com/games/melty-blood-type-lumina/screenshots/2/?utm_source=emb-gfx-html&amp;utm_medium=image&amp;utm_campaign=rp-mass\" rel=\"noopener\"><img loading=\"lazy\" width=\"178\" height=\"100\" border=\"0\" src=\"https://s01.riotpixels.net/data/a3/19/a3192e1c-71ad-461c-8dd2-7a53891371d6.jpg.240p.jpg\"></a><a target=\"_blank\" href=\"https://en.riotpixels.com/games/melty-blood-type-lumina/screenshots/1/?utm_source=emb-gfx-html&amp;utm_medium=image&amp;utm_campaign=rp-mass\" rel=\"noopener\"><img loading=\"lazy\" width=\"178\" height=\"100\" border=\"0\" src=\"https://s01.riotpixels.net/data/63/33/63335517-1671-4ddc-8192-c0752c9a0cb0.jpg.240p.jpg\"></a></p><h3>Repack Features</h3><ul><li>Based on MELTY_BLOOD_TYPE_LUMINA-FLT ISO release: flt-melty_blood_type_lumina.iso (5,568,755,712 bytes)</li><li>14 DLCs are included and activated</li><li>100% Lossless &amp; MD5 Perfect: all files are identical to originals after installation</li><li>NOTHING ripped, NOTHING re-encoded</li><li>Significantly smaller archive size (compressed from 5.2 to 2.1 GB)</li><li>Installation takes 1-2 minutes</li><li>After-install integrity check so you could make sure that everything installed properly</li><li>HDD space after installation: 8.8 GB</li><li>Language can be changed in game settings</li><li>At least 2 GB of free RAM (inc. virtual) required for installing this repack</li></ul><div ><div><h2>Game Description</h2></div><div >Melty Blood is reborn.<p>This is the latest addition to the series of 2D fighting games based on TYPE-MOON\u2019s visual romance novel, Tsukihime.</p><p>The curtain rises once more on dramatic battles played out with familiar characters from Tsukihime -A piece of blue glass moon-.</p><p><b><h3>Game Features</h3></b></p><ul><li>Explore an all-new MELTY BLOOD world from scenario writer Kinoko Nasu, based on the events of Tsukihime -A piece of blue glass moon-.</li><li>Unique story events for each character give each playthrough its own feel, adding to the overall experience.</li><li>Visuals have been updated with HD graphics, and include animation sequences by A-1 Pictures for special attacks.</li><li>Dialog is fully voiced and will change depending on which characters are brought into battle, giving more insight into the characters\u2019 interpersonal relationships.</li><li>Use characteristic Melty Blood mechanics such as Aerial Combos, Shields, Magic Circuits, Arc Drives, and Last Arcs, as well as a few new powerful techniques under the Moon Skill system.</li><li>On top of that, an all-new simple control system has been implemented to make the intense battles a little more manageable, while also maintaining a balance which will allow both seasoned veterans and new players alike to fully enjoy the world of Melty Blood.</li><li>MELTY BLOOD: TYPE LUMINA utilizes rollback netcode for stable online battles against other players.</li><li>Customize your title, profile icon, and character outfits for battle. They can even be used in online matches!</li><li>Collect visuals, opening cinematics, music tracks, voices, pixel art, and more in the gallery.</li><li>You\u2019ll even be able to take a look at guest illustrations created by artists connected to TYPE-MOON titles.</li></ul><p><b>Included DLCs:</b></p><ul><li>Akiha Tohno Round Announcements</li><li>Arcueid Round Announcements</li><li>Ciel Round Announcements</li><li>Hisui Round Announcements</li><li>Kohaku Round Announcements</li><li>Kouma Kishima Round Announcements</li><li>Miyako Arima Round Announcements</li><li>Noel Round Announcements</li><li>Red Arcueid Round Announcements</li><li>Roa Round Announcements</li><li>Round Announcements \u2013 13 Character Set</li><li>Saber Round Announcements</li><li>Shiki Tohno Round Announcements</li><li>Vlov Round Announcements</li></ul></div></div>             </div>"
}