{
    "link": "https://fitgirl-repacks.site/metro-sim-hustle/",
    "title": "Metro Sim Hustle \u2013 v1.1.4 + Adult Only Content DLC",
    "first_img": "https://i3.imageban.ru/out/2021/07/25/c87d443603bcd353f1467233f8e68327.jpg",
    "second_img": "https://s01.riotpixels.net/data/a8/37/a8373294-ad68-4f2b-b8a5-b167925db6cb.jpg.240p.jpg",
    "body": "<div ><h2>Metro Sim Hustle \u2013 v1.1.4 + Adult Only Content DLC</h2><p ><div><a target=\"_blank\" href=\"https://en.riotpixels.com/games/metro-sim-hustle/\" rel=\"noopener\"><img class=\"alignleft\" width=\"150\" src=\"https://i3.imageban.ru/out/2021/07/25/c87d443603bcd353f1467233f8e68327.jpg\"></a></div><br>Genres/Tags: <strong>Adventure, First-Person, 3D</strong><br>Company: <strong>Departure Interactive</strong><br>Language: <strong>ENG</strong><br>Original Size: <strong>2.8 GB</strong><br>Repack Size: <strong>1.8 GB</strong></p>&nbsp;<div>&nbsp;</div><h3>Download Mirrors</h3><ul><li><a href=\"https://1337x.to/torrent/4931978/Metro-Sim-Hustle-v1-1-4-Adult-Only-Content-DLC-FitGirl-Repack/\" target=\"_blank\" rel=\"noopener\">1337x</a> | [<a href=\"magnet:?xt=urn:btih:71E20C5216DA57C6F45142B4FAD950B6A7BEBCA0&amp;dn=Metro+Sim+Hustle+%28v1.1.4+%2B+Adult+Only+Content+DLC%29+%5BFitGirl+Repack%5D&amp;tr=udp%3A%2F%2F46.148.18.250%3A2710&amp;tr=udp%3A%2F%2Fopentor.org%3A2710&amp;tr=udp%3A%2F%2Ftracker.coppersurfer.tk%3A6969%2Fannounce&amp;tr=udp%3A%2F%2Ftracker.opentrackr.org%3A1337%2Fannounce&amp;tr=http%3A%2F%2Ftracker.dler.org%3A6969%2Fannounce&amp;tr=udp%3A%2F%2Ftracker.leechers-paradise.org%3A6969%2Fannounce&amp;tr=udp%3A%2F%2F9.rarbg.me%3A2730%2Fannounce&amp;tr=udp%3A%2F%2F9.rarbg.to%3A2770%2Fannounce&amp;tr=udp%3A%2F%2Ftracker.pirateparty.gr%3A6969%2Fannounce&amp;tr=http%3A%2F%2Fretracker.local%2Fannounce&amp;tr=http%3A%2F%2Fretracker.ip.ncnet.ru%2Fannounce&amp;tr=udp%3A%2F%2Fexodus.desync.com%3A6969%2Fannounce&amp;tr=udp%3A%2F%2Fipv4.tracker.harry.lu%3A80%2Fannounce&amp;tr=udp%3A%2F%2Fopen.stealth.si%3A80%2Fannounce&amp;tr=udp%3A%2F%2Ftracker.zer0day.to%3A1337%2Fannounce&amp;tr=udp%3A%2F%2Ftracker.leechers-paradise.org%3A6969%2Fannounce&amp;tr=udp%3A%2F%2Fcoppersurfer.tk%3A6969%2Fannounce\">magnet</a>] [<a href=\"https://pastefg.hermietkreeft.site/?2e392a74855fad25#9FZLwHkYxRvFMPpNWZef4tEswdQbczzSu6HmzZdv4yR3\" target=\"_blank\" rel=\"noopener\">.torrent file only</a>] <br><img src=\"https://torrent-stats.info/42b4/12dfad660.png\" style=\"display:block;clear:both\"></li><li><a href=\"https://tapochek.net/viewtopic.php?p=2790968\" target=\"_blank\" rel=\"noopener\">Tapochek.net</a></li><li><a href=\"https://pastefg.hermietkreeft.site/?f3e7e4dd117e30cf#5xHELnSPyWWoSY3Ur4QJt9qBbkg9zZKAv4fNSbTk4S2G\" target=\"_blank\" rel=\"noopener\">Filehoster: MultiUpload</a> (10+ hosters, interchangeable) [Use <a href=\"http://jdownloader.org/jdownloader2\" target=\"_blank\" rel=\"noopener\">JDownloader2</a>]</li><li><a href=\"https://pastefg.hermietkreeft.site/?61ed297acd67ea78#Eg7RezHJ1SMjYyPtshuNnfXANrHGqKH4ZnpKc3dgzUdq\" target=\"_blank\" rel=\"noopener\">Filehoster: PixelDrain</a></li><li><a href=\"https://pastefg.hermietkreeft.site/?7765e4b2db6d950c#He6Wqxqi1CoH8aargktZc5SXMgiCMkSJXNK9GNvcfcVp\" target=\"_blank\" rel=\"noopener\">Filehoster: ZippyShare</a></li><li><a href=\"https://pastefg.hermietkreeft.site/?6b94331254c1d078#HZgLDhA7KpwfYx4HTaqey1sHW9xCVY984VmFejRRxxLy\" target=\"_blank\" rel=\"noopener\">Filehoster: LetsUpload</a> [Use <a href=\"http://jdownloader.org/jdownloader2\" target=\"_blank\" rel=\"noopener\">JDownloader2</a>]</li><li><a href=\"https://crackhub.site/metro-sim-hustle-v1-1-4-adult-only-content-dlc-fitgirl-repack/\" target=\"_blank\" rel=\"noopener\">Filehosters: Google Drive, OneDrive + others</a> (Uploaded by crackhub213)</li><li><a href=\"https://pastefg.hermietkreeft.site/?ce66ef4c02a903ab#GiCqtNXefy9YAoYM4x3YF4xQoLPoceLjMzojaaiWikg5\" target=\"_blank\" rel=\"noopener\">Filehoster: OneDrive</a> (Uploaded by DyR0 t(-_-t), NOT compatible with other mirrors)</li></ul><p><a href=\"https://cs.rin.ru/forum/viewtopic.php?f=10&amp;t=91879\" target=\"_blank\" rel=\"noopener\">Discussion and (possible) future updates on CS.RIN.RU thread</a></p><h3>Screenshots (Click to enlarge)</h3><p><a target=\"_blank\" href=\"https://en.riotpixels.com/games/metro-sim-hustle/screenshots/9/?utm_source=emb-gfx-html&amp;utm_medium=image&amp;utm_campaign=rp-mass\" rel=\"noopener\"><img loading=\"lazy\" width=\"178\" height=\"100\" border=\"0\" src=\"https://s01.riotpixels.net/data/a8/37/a8373294-ad68-4f2b-b8a5-b167925db6cb.jpg.240p.jpg\"></a><a target=\"_blank\" href=\"https://en.riotpixels.com/games/metro-sim-hustle/screenshots/7/?utm_source=emb-gfx-html&amp;utm_medium=image&amp;utm_campaign=rp-mass\" rel=\"noopener\"><img loading=\"lazy\" width=\"178\" height=\"100\" border=\"0\" src=\"https://s01.riotpixels.net/data/f2/af/f2af39d2-3193-4053-b3d2-fd7a55d62bac.jpg.240p.jpg\"></a><a target=\"_blank\" href=\"https://en.riotpixels.com/games/metro-sim-hustle/screenshots/6/?utm_source=emb-gfx-html&amp;utm_medium=image&amp;utm_campaign=rp-mass\" rel=\"noopener\"><img loading=\"lazy\" width=\"178\" height=\"100\" border=\"0\" src=\"https://s01.riotpixels.net/data/4c/2d/4c2d1c73-0ce4-48ba-8e1c-d6184c9f5144.jpg.240p.jpg\"></a><br><a target=\"_blank\" href=\"https://en.riotpixels.com/games/metro-sim-hustle/screenshots/5/?utm_source=emb-gfx-html&amp;utm_medium=image&amp;utm_campaign=rp-mass\" rel=\"noopener\"><img loading=\"lazy\" width=\"178\" height=\"100\" border=\"0\" src=\"https://s01.riotpixels.net/data/44/51/4451bb04-ae2e-4315-a276-a08eba5a1126.jpg.240p.jpg\"></a><a target=\"_blank\" href=\"https://en.riotpixels.com/games/metro-sim-hustle/screenshots/4/?utm_source=emb-gfx-html&amp;utm_medium=image&amp;utm_campaign=rp-mass\" rel=\"noopener\"><img loading=\"lazy\" width=\"178\" height=\"100\" border=\"0\" src=\"https://s01.riotpixels.net/data/fd/27/fd271397-b64a-4413-9f51-b751c83d2654.jpg.240p.jpg\"></a><a target=\"_blank\" href=\"https://en.riotpixels.com/games/metro-sim-hustle/screenshots/3/?utm_source=emb-gfx-html&amp;utm_medium=image&amp;utm_campaign=rp-mass\" rel=\"noopener\"><img loading=\"lazy\" width=\"178\" height=\"100\" border=\"0\" src=\"https://s01.riotpixels.net/data/41/fc/41fce4e5-2bcf-4500-b27e-f21f1edb35a3.jpg.240p.jpg\"></a></p><h3>Repack Features</h3><ul><li>Based on Metro.Sim.Hustle-PLAZA ISO release: plaza-metro.sim.hustle.iso (3,047,587,840 bytes)</li><li>Game version: v1.1.4; Adult Only Content DLC is included and activated</li><li>100% Lossless &amp; MD5 Perfect: all files are identical to originals after installation</li><li>NOTHING ripped, NOTHING re-encoded</li><li>Significantly smaller archive size (compressed from 2.8 to 1.8 GB)</li><li>Installation takes 1-2 minutes (depending on your system)</li><li>After-install integrity check so you could make sure that everything installed properly</li><li>HDD space after installation: 6.9 GB</li><li>At least 2 GB of free RAM (inc. virtual) required for installing this repack</li></ul><div ><div><h2>Game Description</h2></div><div ><b>TAKE THE REINS</b><br>Take the reins of a high-speed commuter train and see if you can keep up with the tight schedule. Your passengers are waiting for you, but watch out for speed traps and terrorists!<p><b>MAKE A LIVING</b><br>Earn some extra cash by completing sidequests for the locals, manufacturing and trafficking narcotics, having a scrap at the arena, or breaking into buildings. Hit one of the local entertainment venues after work that include a club, arcade, and casino.</p><p><b>DROP SOME CASH</b><br>Visit the local stores and choose from hundreds of items including food and beverages to consume, furniture to place in your home, and a variety of clothing to wear.</p><p><b>SETTLE IN</b><br>Use your earnings to move into a new home, then customize it with your choice of furniture and a splash of paint, or just lay low at the local hotel.</p><p><b>STAY IN TOUCH</b><br>Use your smartphone to manage your real estate, order a pizza, and check your text messages. Don\u2019t forget to set your alarm!</p></div></div>             </div>"
}