{
    "link": "https://fitgirl-repacks.site/metro-simulator/",
    "title": "Metro Simulator \u2013 v5.1a + 2 DLCs",
    "first_img": "https://i7.imageban.ru/out/2021/09/26/e1b9e4fa9e961a625812190f20ca5ff0.jpg",
    "second_img": "https://s01.riotpixels.net/data/08/bd/08bde13f-35c2-4f39-b968-d60cd8de5b98.jpg.240p.jpg",
    "body": "<div ><h2>Metro Simulator \u2013 v5.1a + 2 DLCs</h2><p ><div><a target=\"_blank\" href=\"https://en.riotpixels.com/games/metro-simulator/\" rel=\"noopener\"><img class=\"alignleft\" width=\"150\" src=\"https://i7.imageban.ru/out/2021/09/26/e1b9e4fa9e961a625812190f20ca5ff0.jpg\"></a></div><br>Genres/Tags: <strong>Simulation, First-person, Trains, 3D</strong><br>Company: <strong>KishMish Games</strong><br>Languages: <strong>RUS/ENG/MULTI16</strong><br>Original Size: <strong>2.2 GB</strong><br>Repack Size: <strong>1.1 GB</strong></p>&nbsp;<div>&nbsp;</div><h3>Download Mirrors</h3><ul><li><a href=\"https://1337x.to/torrent/4996485/Metro-Simulator-v5-1a-2-DLCs-MULTi16-FitGirl-Repack/\" target=\"_blank\" rel=\"noopener\">1337x</a> | [<a href=\"magnet:?xt=urn:btih:0336F9B6A44AFBDF133D431A40B04945CE10611D&amp;dn=Metro+Simulator+%28v5.1a+%2B+2+DLCs%2C+MULTi16%29+%5BFitGirl+Repack%5D&amp;tr=udp%3A%2F%2F46.148.18.250%3A2710&amp;tr=udp%3A%2F%2Fopentor.org%3A2710&amp;tr=udp%3A%2F%2Ftracker.coppersurfer.tk%3A6969%2Fannounce&amp;tr=udp%3A%2F%2Ftracker.opentrackr.org%3A1337%2Fannounce&amp;tr=http%3A%2F%2Ftracker.dler.org%3A6969%2Fannounce&amp;tr=udp%3A%2F%2Ftracker.leechers-paradise.org%3A6969%2Fannounce&amp;tr=udp%3A%2F%2F9.rarbg.me%3A2730%2Fannounce&amp;tr=udp%3A%2F%2F9.rarbg.to%3A2770%2Fannounce&amp;tr=udp%3A%2F%2Ftracker.pirateparty.gr%3A6969%2Fannounce&amp;tr=http%3A%2F%2Fretracker.local%2Fannounce&amp;tr=http%3A%2F%2Fretracker.ip.ncnet.ru%2Fannounce&amp;tr=udp%3A%2F%2Fexodus.desync.com%3A6969%2Fannounce&amp;tr=udp%3A%2F%2Fipv4.tracker.harry.lu%3A80%2Fannounce&amp;tr=udp%3A%2F%2Fopen.stealth.si%3A80%2Fannounce&amp;tr=udp%3A%2F%2Ftracker.zer0day.to%3A1337%2Fannounce&amp;tr=udp%3A%2F%2Ftracker.leechers-paradise.org%3A6969%2Fannounce&amp;tr=udp%3A%2F%2Fcoppersurfer.tk%3A6969%2Fannounce\">magnet</a>] [<a href=\"https://pastefg.hermietkreeft.site/?ffd56f00d17ce845#GnTe9wNfRYjkyrNfskX4J9TjvG3yz5gSfGkc9rRCTsBq\" target=\"_blank\" rel=\"noopener\">.torrent file only</a>] <br><img src=\"https://torrent-stats.info/431a/134019408.png\" style=\"display:block;clear:both\"></li><li><a href=\"http://rutor.info/torrent/836446/metro-simulator-v-5.1a-dlcs-2021-pc-repack-ot-fitgirl\" target=\"_blank\" rel=\"noopener\">RuTor</a> [<a href=\"magnet:?xt=urn:btih:0336f9b6a44afbdf133d431a40b04945ce10611d&amp;dn=rutor.info_Metro+Simulator+%5Bv+5.1a+%2B+DLCs%5D+%282021%29+PC+%7C+RePack+%D0%BE%D1%82+FitGirl&amp;tr=udp://opentor.net:6969&amp;tr=udp://opentor.org:2710&amp;tr=http://retracker.local/announce\">magnet</a>]</li><li><a href=\"https://tapochek.net/viewtopic.php?p=2802524\" target=\"_blank\" rel=\"noopener\">Tapochek.net</a></li><li><a href=\"https://pastefg.hermietkreeft.site/?402ac4eee4f185bb#EuzCBqnjLYyZUbVZdZJqHJgn8NRdCVKA4zpLYLYsMezB\" target=\"_blank\" rel=\"noopener\">Filehoster: MultiUpload</a> (10+ hosters, interchangeable) [Use <a href=\"http://jdownloader.org/jdownloader2\" target=\"_blank\" rel=\"noopener\">JDownloader2</a>]</li><li><a href=\"https://pastefg.hermietkreeft.site/?b7bc44fc8d33e0d9#3oNAeFGseGCQEMm3KZ9yNj12q6wigjxnrhHNc119HFcC\" target=\"_blank\" rel=\"noopener\">Filehoster: PixelDrain</a></li><li><a href=\"https://pastefg.hermietkreeft.site/?2d52b97fc90bafb6#ADNeZhJzNWpDx4BMLjmQeV7Mqcix46mQoZ7s26Mjb2kc\" target=\"_blank\" rel=\"noopener\">Filehoster: ZippyShare</a></li><li><a href=\"https://pastefg.hermietkreeft.site/?cb2d43c8912a5249#5zFQyuo8rMfnQ8b6WS8AcZCyXun7te2f7PHTyq1eWSkN\" target=\"_blank\" rel=\"noopener\">Filehoster: LetsUpload</a> [Use <a href=\"http://jdownloader.org/jdownloader2\" target=\"_blank\" rel=\"noopener\">JDownloader2</a>]</li><li><a href=\"https://pastefg.hermietkreeft.site/?c09b7465a0307dd6#7EJHG5JSdVE6QTWhP1EJfACcizUNfAgMvV1Mhg29kgd1\" target=\"_blank\" rel=\"noopener\">Filehoster: OneDrive</a> (Uploaded by DyR0 t(-_-t), NOT compatible with other mirrors)</li></ul><p><a href=\"https://cs.rin.ru/forum/viewtopic.php?f=10&amp;t=100238\" target=\"_blank\" rel=\"noopener\">Discussion and (possible) future updates on CS.RIN.RU thread</a></p><h3>Screenshots (Click to enlarge)</h3><p><a target=\"_blank\" href=\"https://en.riotpixels.com/games/metro-simulator/screenshots/10/?utm_source=emb-gfx-html&amp;utm_medium=image&amp;utm_campaign=rp-mass\" rel=\"noopener\"><img loading=\"lazy\" width=\"178\" height=\"100\" border=\"0\" src=\"https://s01.riotpixels.net/data/08/bd/08bde13f-35c2-4f39-b968-d60cd8de5b98.jpg.240p.jpg\"></a><a target=\"_blank\" href=\"https://en.riotpixels.com/games/metro-simulator/screenshots/7/?utm_source=emb-gfx-html&amp;utm_medium=image&amp;utm_campaign=rp-mass\" rel=\"noopener\"><img loading=\"lazy\" width=\"178\" height=\"100\" border=\"0\" src=\"https://s01.riotpixels.net/data/c0/66/c066ba26-c28f-4064-b88a-d2f74831c145.jpg.240p.jpg\"></a><a target=\"_blank\" href=\"https://en.riotpixels.com/games/metro-simulator/screenshots/5/?utm_source=emb-gfx-html&amp;utm_medium=image&amp;utm_campaign=rp-mass\" rel=\"noopener\"><img loading=\"lazy\" width=\"178\" height=\"100\" border=\"0\" src=\"https://s01.riotpixels.net/data/3a/2a/3a2aed36-dbfd-415a-9bb0-70d3df44ec81.jpg.240p.jpg\"></a><br><a target=\"_blank\" href=\"https://en.riotpixels.com/games/metro-simulator/screenshots/4/?utm_source=emb-gfx-html&amp;utm_medium=image&amp;utm_campaign=rp-mass\" rel=\"noopener\"><img loading=\"lazy\" width=\"213\" height=\"100\" border=\"0\" src=\"https://s01.riotpixels.net/data/dd/74/dd74ac23-c7e1-44cc-9d1a-bccbd7f737f9.jpg.240p.jpg\"></a><a target=\"_blank\" href=\"https://en.riotpixels.com/games/metro-simulator/screenshots/3/?utm_source=emb-gfx-html&amp;utm_medium=image&amp;utm_campaign=rp-mass\" rel=\"noopener\"><img loading=\"lazy\" width=\"178\" height=\"100\" border=\"0\" src=\"https://s01.riotpixels.net/data/58/37/58379419-1d19-4da0-9a2c-e0d65bd2c751.jpg.240p.jpg\"></a><a target=\"_blank\" href=\"https://en.riotpixels.com/games/metro-simulator/screenshots/1/?utm_source=emb-gfx-html&amp;utm_medium=image&amp;utm_campaign=rp-mass\" rel=\"noopener\"><img loading=\"lazy\" width=\"178\" height=\"100\" border=\"0\" src=\"https://s01.riotpixels.net/data/f7/5b/f75b6c3c-197a-4200-9a40-621071a0c2f8.jpg.240p.jpg\"></a></p><h3>Repack Features</h3><ul><li>Based on Metro.Simulator-PLAZA ISO release: plaza-metro.simulator.iso (2,334,588,928 bytes)</li><li>Game version: v5.1a, 2 DLCs are included and activated</li><li>100% Lossless &amp; MD5 Perfect: all files are identical to originals after installation</li><li>NOTHING ripped, NOTHING re-encoded</li><li>Significantly smaller archive size (compressed from 2.2 to 1.1 GB)</li><li>Installation takes one minute</li><li>After-install integrity check so you could make sure that everything installed properly</li><li>HDD space after installation: 6.8 GB</li><li>Language can be changed in game settings</li><li>At least 2 GB of free RAM (inc. virtual) required for installing this repack</li></ul><div ><div><h2>Game Description</h2></div><div ><b>Become a train driver!:</b><br>Don\u2019t lose your unique chance to take a look at the subway system in a new way!<p>The train control is made in accordance with reality \u2013 acceleration and braking, opening doors, switching cameras, setting up auto-informer and lots of other features. There are two trains available.</p><p><b>Traffic lights:</b><br>A very important part of each subway and railroad are railway traffic lights. In the game, the mechanics of traffic lights is implemented, and the player is able to use the switch arrows to assemble the correct path for the train.</p><p><b>Advanced passenger flow system</b><br>Passengers look realistic. They react on the arriving train, get on it and choose available seats in the car. If passengers see that the train is arriving at the station they need, they are standing near the doors in advance for exit.</p><p>Even day time is considered! There\u2019re more passengers in peak hours, while there are no passengers at night because metro is closed.</p><p><b>Passenger mode:</b><br>You also have an opportunity to see the game from the passenger\u2019s point of view. At any time you can leave the train to take a look at the stations, enter it again and continue riding an AI-controlled train.</p><p><b>The real metro with thoroughly recreated stations!:</b><br>You will see the world\u2019s most beautiful subway! The stations and tunnels are created as accurately as possible. On the rail sections, all slopes and turns are observed. </p><p><b>Working day as a train driver:</b><br>There are scenarios, where you need to complete various tasks. For example, you\u2019ll have to drive an empty train from station to station, while on the other day you\u2019ll need to follow the dispatch\u2019s instructions when a person fell on the tracks.</p><p>In the Free Mode it\u2019s up to you to choose the most interesting route! You can customize the initial station, route and time, make corrections to the schedule. You can start and end your working day in the Depot, where you can move on your legs, just like on stations! Driving to the depot and out of it is made as realistic as possible.</p><p><b>Included DLCs:</b></p><ul><li>\u2018Russia\u2019 Liveries Pack</li><li>\u2018Oka\u2019 Liveries Pack</li></ul></div></div>             </div>"
}