{
    "link": "https://fitgirl-repacks.site/midnight-protocol/",
    "title": "Midnight Protocol \u2013 v1.0.3 (Build 237)",
    "first_img": "https://i6.imageban.ru/out/2021/10/15/57ba7fd74b6f8789fc476d8bdf1737df.jpg",
    "second_img": "https://s01.riotpixels.net/data/7d/f6/7df68404-5910-4173-a791-b81c33edfc92.jpg.240p.jpg",
    "body": "<div ><h2>Midnight Protocol \u2013 v1.0.3 (Build 237)</h2><p ><div><a target=\"_blank\" href=\"https://en.riotpixels.com/games/midnight-protocol/\" rel=\"noopener\"><img class=\"alignleft\" width=\"150\" src=\"https://i6.imageban.ru/out/2021/10/15/57ba7fd74b6f8789fc476d8bdf1737df.jpg\"></a></div><br>Genres/Tags: <strong>Adventure, 3D, Logic</strong><br>Companies: <strong>LuGus Studios, Iceberg Interactive</strong><br>Languages: <strong>RUS/ENG/MULTI4</strong><br>Original Size: <strong>1.9 GB</strong><br>Repack Size: <strong>307 MB</strong></p>&nbsp;<div>&nbsp;</div><h3>Download Mirrors</h3><ul><li><a href=\"https://1337x.to/torrent/5019207/Midnight-Protocol-v1-0-3-Build-237-MULTi4-FitGirl-Repack/\" target=\"_blank\" rel=\"noopener\">1337x</a> | [<a href=\"magnet:?xt=urn:btih:EAC8E331A00046088D08F3FBC54154B85998ED5F&amp;dn=Midnight+Protocol+%28v1.0.3%2FBuild+237%2C+MULTi4%29+%5BFitGirl+Repack%5D&amp;tr=udp%3A%2F%2F46.148.18.250%3A2710&amp;tr=udp%3A%2F%2Fopentor.org%3A2710&amp;tr=udp%3A%2F%2Ftracker.coppersurfer.tk%3A6969%2Fannounce&amp;tr=udp%3A%2F%2Ftracker.opentrackr.org%3A1337%2Fannounce&amp;tr=http%3A%2F%2Ftracker.dler.org%3A6969%2Fannounce&amp;tr=udp%3A%2F%2Ftracker.leechers-paradise.org%3A6969%2Fannounce&amp;tr=udp%3A%2F%2F9.rarbg.me%3A2730%2Fannounce&amp;tr=udp%3A%2F%2F9.rarbg.to%3A2770%2Fannounce&amp;tr=udp%3A%2F%2Ftracker.pirateparty.gr%3A6969%2Fannounce&amp;tr=http%3A%2F%2Fretracker.local%2Fannounce&amp;tr=http%3A%2F%2Fretracker.ip.ncnet.ru%2Fannounce&amp;tr=udp%3A%2F%2Fexodus.desync.com%3A6969%2Fannounce&amp;tr=udp%3A%2F%2Fipv4.tracker.harry.lu%3A80%2Fannounce&amp;tr=udp%3A%2F%2Fopen.stealth.si%3A80%2Fannounce&amp;tr=udp%3A%2F%2Ftracker.zer0day.to%3A1337%2Fannounce&amp;tr=udp%3A%2F%2Ftracker.leechers-paradise.org%3A6969%2Fannounce&amp;tr=udp%3A%2F%2Fcoppersurfer.tk%3A6969%2Fannounce\">magnet</a>] [<a href=\"https://pastefg.hermietkreeft.site/?a9f9da62cf501708#DDMdHpkZ8nA4EXxZ8Fcz9ALK26nYb3RaEDpaSX3fHdCV\" target=\"_blank\" rel=\"noopener\">.torrent file only</a>] <br><img src=\"https://torrent-stats.info/f3fb/465b7d21f.png\" style=\"display:block;clear:both\"></li><li><a href=\"http://rutor.info/torrent/839668/midnight-protocol-v-1.0.3-build-237-2021-pc-repack-ot-fitgirl\" target=\"_blank\" rel=\"noopener\">RuTor</a> [<a href=\"magnet:?xt=urn:btih:eac8e331a00046088d08f3fbc54154b85998ed5f&amp;dn=rutor.info_Midnight+Protocol+%5Bv+1.0.3+Build+237%5D+%282021%29+PC+%7C+RePack+%D0%BE%D1%82+FitGirl&amp;tr=udp://opentor.net:6969&amp;tr=udp://opentor.org:2710&amp;tr=http://retracker.local/announce\">magnet</a>]</li><li><a href=\"https://tapochek.net/viewtopic.php?p=2805944\" target=\"_blank\" rel=\"noopener\">Tapochek.net</a></li><li><a href=\"https://pastefg.hermietkreeft.site/?5ba29beaf201d431#FFUnE6bCSWizr4LAdELN63hcFeRARsDXyAq3GTjQPi9y\" target=\"_blank\" rel=\"noopener\">Filehoster: MultiUpload</a> (10+ hosters, interchangeable) [Use <a href=\"http://jdownloader.org/jdownloader2\" target=\"_blank\" rel=\"noopener\">JDownloader2</a>]</li><li><a href=\"https://pastefg.hermietkreeft.site/?0483b954d356da2b#74R2VdKHcc4W8kgFp7cP1vTfrogh5J8K9B8G8yARgUnH\" target=\"_blank\" rel=\"noopener\">Filehoster: PixelDrain</a></li><li><a href=\"https://pastefg.hermietkreeft.site/?cb7c39c08b0eaba0#DPuuqu9QDrPEgKCTFffm8N8wuM1w9G4XjddsM2U1CkVr\" target=\"_blank\" rel=\"noopener\">Filehoster: ZippyShare</a></li><li><a href=\"https://pastefg.hermietkreeft.site/?f66f4c0cf01690ea#HkFhPZLsBkMvKnKYEcQaPZEjKLjDGJKBpTDHnKfSP4QT\" target=\"_blank\" rel=\"noopener\">Filehoster: LetsUpload</a> [Use <a href=\"http://jdownloader.org/jdownloader2\" target=\"_blank\" rel=\"noopener\">JDownloader2</a>]</li><li><a href=\"https://pastefg.hermietkreeft.site/?259efbcfd208b57d#ESZGkrpAbFjTd3Rp99UqCtbwG3Wq96wU4cXzgA6sby7Z\" target=\"_blank\" rel=\"noopener\">Filehoster: OneDrive</a> (Uploaded by DyR0 t(-_-t), NOT compatible with other mirrors)</li><li><a href=\"https://crackhub.site/midnight-protocol-v1-0-3-build-237-fitgirl-repack/\" target=\"_blank\" rel=\"noopener\">Filehosters: Google Drive, OneDrive + others</a> (Uploaded by crackhub213)</li></ul><p><a href=\"https://cs.rin.ru/forum/viewtopic.php?f=10&amp;t=100645\" target=\"_blank\" rel=\"noopener\">Discussion and (possible) future updates on CS.RIN.RU thread</a></p><h3>Screenshots (Click to enlarge)</h3><p><a target=\"_blank\" href=\"https://en.riotpixels.com/games/midnight-protocol/screenshots/16/?utm_source=emb-gfx-html&amp;utm_medium=image&amp;utm_campaign=rp-mass\" rel=\"noopener\"><img loading=\"lazy\" width=\"178\" height=\"100\" border=\"0\" src=\"https://s01.riotpixels.net/data/7d/f6/7df68404-5910-4173-a791-b81c33edfc92.jpg.240p.jpg\"></a><a target=\"_blank\" href=\"https://en.riotpixels.com/games/midnight-protocol/screenshots/15/?utm_source=emb-gfx-html&amp;utm_medium=image&amp;utm_campaign=rp-mass\" rel=\"noopener\"><img loading=\"lazy\" width=\"178\" height=\"100\" border=\"0\" src=\"https://s01.riotpixels.net/data/40/8d/408d6757-a15e-4a68-a6b9-37d1cf2db80d.jpg.240p.jpg\"></a><a target=\"_blank\" href=\"https://en.riotpixels.com/games/midnight-protocol/screenshots/11/?utm_source=emb-gfx-html&amp;utm_medium=image&amp;utm_campaign=rp-mass\" rel=\"noopener\"><img loading=\"lazy\" width=\"178\" height=\"100\" border=\"0\" src=\"https://s01.riotpixels.net/data/1a/ae/1aae487e-7b84-41b3-ad29-c4ea9a9b6bc3.jpg.240p.jpg\"></a><br><a target=\"_blank\" href=\"https://en.riotpixels.com/games/midnight-protocol/screenshots/8/?utm_source=emb-gfx-html&amp;utm_medium=image&amp;utm_campaign=rp-mass\" rel=\"noopener\"><img loading=\"lazy\" width=\"178\" height=\"100\" border=\"0\" src=\"https://s01.riotpixels.net/data/79/d8/79d8d980-6e52-4ebe-898b-bc01e96cd49c.jpg.240p.jpg\"></a><a target=\"_blank\" href=\"https://en.riotpixels.com/games/midnight-protocol/screenshots/3/?utm_source=emb-gfx-html&amp;utm_medium=image&amp;utm_campaign=rp-mass\" rel=\"noopener\"><img loading=\"lazy\" width=\"178\" height=\"100\" border=\"0\" src=\"https://s01.riotpixels.net/data/68/00/6800eeaf-bc2c-4df4-b094-8301a7d6849e.jpg.240p.jpg\"></a><a target=\"_blank\" href=\"https://en.riotpixels.com/games/midnight-protocol/screenshots/1/?utm_source=emb-gfx-html&amp;utm_medium=image&amp;utm_campaign=rp-mass\" rel=\"noopener\"><img loading=\"lazy\" width=\"178\" height=\"100\" border=\"0\" src=\"https://s01.riotpixels.net/data/08/6d/086db11a-38b7-4037-8c6a-ba962add424b.jpg.240p.jpg\"></a></p><h3>Repack Features</h3><ul><li>Based on Steam release Build 7535195: 1.9 GB</li><li>Game version: v1.0.3 (Build 237)</li><li>DARKSiDERS crack/emulator applied over</li><li>100% Lossless &amp; MD5 Perfect: all files are identical to originals after installation</li><li>NOTHING ripped, NOTHING re-encoded</li><li>Significantly smaller archive size (compressed from 1.9 GB to 307 MB)</li><li>Installation takes 10-20 seconds</li><li>After-install integrity check so you could make sure that everything installed properly</li><li>HDD space after installation: 1.9 GB</li><li>Language can be changed in game settings</li><li>At least 2 GB of free RAM (inc. virtual) required for installing this repack</li></ul><div ><div><h2>Game Description</h2></div><div >You assume the mantle of a prominent hacktivist, \u2018Data\u2019, who recently got doxxed and has been targeted for blackmail by a shadowy branch of government.<p>You interact with the virtual environment through your home terminal that requires nothing more than your keyboard.</p><p><b>&gt; HANG YOUR [H]AT</b><br>Will you respect others\u2019 privacy and bank accounts, or leave no stone unturned? Midnight Protocol allows you to play as the hacker you want to be. Help the police track down a rogue hacker, or blackmail a desperate husband trying to recover\u2026 dubious pictures. Gain black, grey, and white hat reputation to change the direction of the story based on your choices.</p><p><b>&gt; I[M]MERSION OVERLOAD</b><br>Midnight Protocol\u2019s design focuses on immersing you in a world of digital warfare without complicated hacking mechanics. Your keyboard is your weapon, type commands to eliminate or evade security programs, letting your keystrokes become part of the soundtrack.</p><p><b>&gt; NICE [D]ECK</b><br>Cracking a digital safe or extracting classified data requires careful planning. Pay the troll toll, use digital jackhammers, cloaks, and daggers to combat cybersecurity. Buy new programs or hardware on the black market, and customize your deck to fit your playstyle.</p><p><b>&gt; DI[S]TRACTIONS ABOUND</b><br>Take on dozens of sidequests filled with easter eggs and references, gather additional intel on your targets before you start a mission, and play some hacker chess to wind down. Midnight Protocol is jam-packed with optional missions, providing hours of additional content.</p><p>GL;HF</p></div></div>             </div>"
}