{
    "link": "https://fitgirl-repacks.site/mighty-fight-federation/",
    "title": "Mighty Fight Federation + Kunio & Riki Pack DLC",
    "first_img": "https://i5.imageban.ru/out/2021/11/07/3b5856f3077ac911e14d85c7b030e9dd.jpg",
    "second_img": "https://s01.riotpixels.net/data/87/84/87842ab0-eb96-486c-abaa-1211954c13d8.jpg.240p.jpg",
    "body": "<div ><h2>Mighty Fight Federation + Kunio & Riki Pack DLC</h2><p ><div><a target=\"_blank\" href=\"https://en.riotpixels.com/games/mighty-fight-federation/\" rel=\"noopener\"><img class=\"alignleft\" width=\"150\" src=\"https://i5.imageban.ru/out/2021/11/07/3b5856f3077ac911e14d85c7b030e9dd.jpg\"></a></div><br>Genres/Tags: <strong>Arcade, Beat \u2019em up (Brawler), Party game, 3D</strong><br>Companies: <strong>Komi Games Inc., Forthright Entertainment</strong><br>Language: <strong>ENG</strong><br>Original Size: <strong>2.1 GB</strong><br>Repack Size: <strong>1.2 GB</strong></p>&nbsp;<div>&nbsp;</div><h3>Download Mirrors</h3><ul><li><a href=\"https://1337x.to/torrent/5043162/Mighty-Fight-Federation-DLC-FitGirl-Repack/\" target=\"_blank\" rel=\"noopener\">1337x</a> | [<a href=\"magnet:?xt=urn:btih:E2D169754BE960EB4456B149943F12326A0B1A35&amp;dn=Mighty+Fight+Federation+%28%2B+DLC%29+%5BFitGirl+Repack%5D&amp;tr=udp%3A%2F%2F46.148.18.250%3A2710&amp;tr=udp%3A%2F%2Fopentor.org%3A2710&amp;tr=udp%3A%2F%2Ftracker.coppersurfer.tk%3A6969%2Fannounce&amp;tr=udp%3A%2F%2Ftracker.opentrackr.org%3A1337%2Fannounce&amp;tr=http%3A%2F%2Ftracker.dler.org%3A6969%2Fannounce&amp;tr=udp%3A%2F%2Ftracker.leechers-paradise.org%3A6969%2Fannounce&amp;tr=udp%3A%2F%2F9.rarbg.me%3A2730%2Fannounce&amp;tr=udp%3A%2F%2F9.rarbg.to%3A2770%2Fannounce&amp;tr=udp%3A%2F%2Ftracker.pirateparty.gr%3A6969%2Fannounce&amp;tr=http%3A%2F%2Fretracker.local%2Fannounce&amp;tr=http%3A%2F%2Fretracker.ip.ncnet.ru%2Fannounce&amp;tr=udp%3A%2F%2Fexodus.desync.com%3A6969%2Fannounce&amp;tr=udp%3A%2F%2Fipv4.tracker.harry.lu%3A80%2Fannounce&amp;tr=udp%3A%2F%2Fopen.stealth.si%3A80%2Fannounce&amp;tr=udp%3A%2F%2Ftracker.zer0day.to%3A1337%2Fannounce&amp;tr=udp%3A%2F%2Ftracker.leechers-paradise.org%3A6969%2Fannounce&amp;tr=udp%3A%2F%2Fcoppersurfer.tk%3A6969%2Fannounce\">magnet</a>] [<a href=\"https://pastefg.hermietkreeft.site/?e072072bf4ea35e6#3VrBDEvHjTTJg8owbjLLVAGrXwVNgL6LNqbzzNKCpWy3\" target=\"_blank\" rel=\"noopener\">.torrent file only</a>] <br><img src=\"https://torrent-stats.info/b149/3379d5ff5.png\" style=\"display:block;clear:both\"></li><li><a href=\"https://tapochek.net/viewtopic.php?p=2810349\" target=\"_blank\" rel=\"noopener\">Tapochek.net</a></li><li><a href=\"https://pastefg.hermietkreeft.site/?61753f2e8d32f0b2#BiWDiRRTs6FXD7s48qJgVT3AaD3McAPsisYyuMyrwArp\" target=\"_blank\" rel=\"noopener\">Filehoster: MultiUpload</a> (10+ hosters, interchangeable) [Use <a href=\"http://jdownloader.org/jdownloader2\" target=\"_blank\" rel=\"noopener\">JDownloader2</a>]</li><li><a href=\"https://pastefg.hermietkreeft.site/?d59c9fab8a146e69#B1kTg7GHCnuWa2SY679YBg9uwHyPGhynXq1vyYJKT2wq\" target=\"_blank\" rel=\"noopener\">Filehoster: ZippyShare</a></li><li><a href=\"https://pastefg.hermietkreeft.site/?28bfff58bc9a73d3#AtZa32PuSs28KmCKLjf8op6oVSeLTokGNNHxUxUHi2R9\" target=\"_blank\" rel=\"noopener\">Filehoster: BayFiles</a></li><li><a href=\"https://pastefg.hermietkreeft.site/?c44d259f7debf9d4#AxaS236gLWAWkwnzjmmkp1TCrhKwXvPNgXRzYKTAGKp9\" target=\"_blank\" rel=\"noopener\">Filehoster: LetsUpload</a> [Use <a href=\"http://jdownloader.org/jdownloader2\" target=\"_blank\" rel=\"noopener\">JDownloader2</a>]</li><li><a href=\"https://pastefg.hermietkreeft.site/?f8d3e3421cbb6ed3#8ixgyHVfoVV8tHttGkU3byFpFVgGW7HZGg6jQBtFgrBQ\" target=\"_blank\" rel=\"noopener\">Filehoster: OneDrive</a> (Uploaded by DyR0 t(-_-t), NOT compatible with other mirrors)</li><p><!--  <li><a href=\"\" target=\"_blank\" rel=\"noopener\">Filehosters: Google Drive, OneDrive + others</a> (Uploaded by crackhub213)</li>  --></p></ul><p><a href=\"https://cs.rin.ru/forum/viewtopic.php?f=10&amp;t=105995\" target=\"_blank\" rel=\"noopener\">Discussion and (possible) future updates on CS.RIN.RU thread</a></p><h3>Screenshots (Click to enlarge)</h3><p><a target=\"_blank\" href=\"https://en.riotpixels.com/games/mighty-fight-federation/screenshots/27/?utm_source=emb-gfx-html&amp;utm_medium=image&amp;utm_campaign=rp-mass\" rel=\"noopener\"><img loading=\"lazy\" width=\"178\" height=\"100\" border=\"0\" src=\"https://s01.riotpixels.net/data/87/84/87842ab0-eb96-486c-abaa-1211954c13d8.jpg.240p.jpg\"></a><a target=\"_blank\" href=\"https://en.riotpixels.com/games/mighty-fight-federation/screenshots/26/?utm_source=emb-gfx-html&amp;utm_medium=image&amp;utm_campaign=rp-mass\" rel=\"noopener\"><img loading=\"lazy\" width=\"178\" height=\"100\" border=\"0\" src=\"https://s01.riotpixels.net/data/e8/14/e814997b-2f10-45c3-8c88-6f26969fce13.jpg.240p.jpg\"></a><a target=\"_blank\" href=\"https://en.riotpixels.com/games/mighty-fight-federation/screenshots/24/?utm_source=emb-gfx-html&amp;utm_medium=image&amp;utm_campaign=rp-mass\" rel=\"noopener\"><img loading=\"lazy\" width=\"178\" height=\"100\" border=\"0\" src=\"https://s01.riotpixels.net/data/99/9a/999a66ab-3e5f-4e18-8605-00d7feef7493.jpg.240p.jpg\"></a><br><a target=\"_blank\" href=\"https://en.riotpixels.com/games/mighty-fight-federation/screenshots/18/?utm_source=emb-gfx-html&amp;utm_medium=image&amp;utm_campaign=rp-mass\" rel=\"noopener\"><img loading=\"lazy\" width=\"178\" height=\"100\" border=\"0\" src=\"https://s01.riotpixels.net/data/b2/8f/b28f5577-7c2b-4dff-a95a-5a698cd6ee13.jpg.240p.jpg\"></a><a target=\"_blank\" href=\"https://en.riotpixels.com/games/mighty-fight-federation/screenshots/16/?utm_source=emb-gfx-html&amp;utm_medium=image&amp;utm_campaign=rp-mass\" rel=\"noopener\"><img loading=\"lazy\" width=\"178\" height=\"100\" border=\"0\" src=\"https://s01.riotpixels.net/data/d3/48/d348f2da-cc6f-42a7-bcec-8423b55f525a.jpg.240p.jpg\"></a><a target=\"_blank\" href=\"https://en.riotpixels.com/games/mighty-fight-federation/screenshots/6/?utm_source=emb-gfx-html&amp;utm_medium=image&amp;utm_campaign=rp-mass\" rel=\"noopener\"><img loading=\"lazy\" width=\"178\" height=\"100\" border=\"0\" src=\"https://s01.riotpixels.net/data/2e/4c/2e4c4aa5-df13-4cc8-a16e-8ef64df8411f.jpg.240p.jpg\"></a></p><h3>Repack Features</h3><ul><li>Based on Mighty.Fight.Federation.Kunio.and.Riki-CODEX ISO release: codex-mighty.fight.federation.kunio.and.riki.iso (2,267,578,368 bytes)</li><li>Kunio &amp; Riki Pack DLC is included and activated</li><li>100% Lossless &amp; MD5 Perfect: all files are identical to originals after installation</li><li>NOTHING ripped, NOTHING re-encoded</li><li>Significantly smaller archive size (compressed from 2.1 to 1.2 GB)</li><li>Installation takes 2-4 minutes (depending on your system)</li><li>After-install integrity check so you could make sure that everything installed properly</li><li>HDD space after installation: 3.2 GB</li><li>Repack uses XTool library by Razor12911</li><li>At least 2 GB of free RAM (inc. virtual) required for installing this repack</li></ul><div ><div><h2>Game Description</h2></div><div ><b>Mighty Fight</b> is a throwback to classic 3D arena fighters, but with a focus on fighting game fundamentals. Select from a roster of characters each with distinct and deep combo opportunities. Use the game\u2019s Hype mechanics to zone, evade, counter and play mind-games with your opponents. Mighty Fight combines the old with the new in a fresh competitive twist on the party-fighter genre.<p><b>Story</b><br>In the vast reaches of space there lies a being of incredible cosmic power known only as Hyperion. Wielding the ability to bend reality to his will, he has collected the hypest warriors from across the multiverse. His goal? To pit them against each other in the universe\u2019s most electrifying pay-per-view event: The Mighty Fight Federation!</p><p><b>Gameplay</b></p><p><b>Hype Energy</b><br>Dealing and receiving damage builds up Hype Energy. This two-tiered resource can be spent on Breakers, Hype Cancels or activating Hype Factor.</p><p><b>Breakers</b><br>From hit stun or knock-back, you can spend one bar of Hype Energy on a Breaker to immediately reverse your opponent\u2019s combo and put them into a knock-back state. Time it just right and you\u2019ll get a free Red Breaker.</p><p><b>Hype Cancels</b><br>During an attack you can spend one bar to Hype Cancel out of it. This lets you create combos from moves that wouldn\u2019t otherwise link, or escape from dangerous situations.</p><p><b>Hype Factor</b><br>Spend both bars of Hype Energy to activate Hype Factor. During this mode, you won\u2019t build any Hype but for a short time your damage output and speed will be increased and you\u2019ll slowly regain lost health.</p><p><b>Hype Attacks</b><br>Once per match, at any time, you can throw out a devastating Hype Attack. Use these to punish an opponent who\u2019s put themselves in a precarious position. Every character has a different Hype Attack with different use cases.</p><p><b>Kunio &amp; Riki Pack addon features:</b><br>The hot-blooded renegades Kunio &amp; Riki from the hit series River City Ransom/Kunio-kun have joined the Mighty fight Federation! Use their signature moves like \u201cMach Punch\u201d, \u201cMach Kick\u201d, \u201cAcro Circus\u201d and pick up items like dodge-balls and baseball bats to pummel your opponents faster than they can say \u201cBARF!\u201d</p><ul><li>2 Playable characters: Kunio &amp; Riki</li><li>2 New Stages: Nekketsu High School Rooftop &amp; Gym</li><li>Arcade Mode Cutscenes for Kunio &amp; Riki</li><li>10 New Combo Missions</li><li>New River City Ransom/Kunio-kun music track by Tee Lopes!</li></ul><p><b><h3>Game Features</h3></b></p><ul><li><b>Multiplayer Mayhem:</b> Battle with up to 4 players locally and online</li><li><b>Play By Yourself:</b> Experience \u201cwhat if\u201d endings in Arcade Mode, and get good with in-game tutorials and Training Mode</li><li><b>Choose your Character:</b> Pick from a roster of 13 outlandish characters with unique play-styles. Place traps, throw explosive projectiles and charge in with rush-down combos. Find the style that fits the way you play</li><li><b>Fight or Flight:</b> Build energy to spend on combo Breakers or spend it all on a Hype Factor activation that can turn the tide of battle. The right choice can make all the difference</li><li><b>The Hypest Soundtrack:</b> A killer soundtrack featuring music by Tee Lopes (Sonic Mania), James Landino (RWBY, No Straight Roads), Vince DiCola (Rocky IV, Transformers) and Manami Matsumae (Mega Man, Shovel Knight)</li><li><b>Evergrowing List of Characters:</b> Mighty Fight will continue to grow our roster of fighters with new original and cross-over characters!</li></ul></div></div>             </div>"
}