{
    "link": "https://fitgirl-repacks.site/mindmist/",
    "title": "MINDMIST",
    "first_img": "https://i5.imageban.ru/out/2021/07/13/dee5f880602e252f43eb2a3b42f13bec.jpg",
    "second_img": "https://s01.riotpixels.net/data/6f/f8/6ff8d2e0-8f68-44ae-928e-77509cb3836a.jpg.240p.jpg",
    "body": "<div ><h2>MINDMIST</h2><p ><div><a target=\"_blank\" href=\"https://en.riotpixels.com/games/mindmist/\" rel=\"noopener\"><img class=\"alignleft\" width=\"150\" src=\"https://i5.imageban.ru/out/2021/07/13/dee5f880602e252f43eb2a3b42f13bec.jpg\"></a></div><br>Genres/Tags: <strong>Adventure, Exploration, First-person, 3D</strong><br>Company: <strong>Dragon Landing</strong><br>Languages: <strong>ENG/TUR</strong><br>Original Size: <strong>11.7 GB</strong><br>Repack Size: <strong>7.6 GB</strong></p>&nbsp;<div>&nbsp;</div><h3>Download Mirrors</h3><ul><li><a href=\"https://1337x.to/torrent/4902317/MINDMIST-MULTi2-FitGirl-Repack/\" target=\"_blank\" rel=\"noopener\">1337x</a> | [<a href=\"magnet:?xt=urn:btih:D4C830B320CBE9F30046675DF6495AFE2FA3CD2E&amp;dn=MINDMIST+%28MULTi2%29+%5BFitGirl+Repack%5D&amp;tr=udp%3A%2F%2F46.148.18.250%3A2710&amp;tr=udp%3A%2F%2Fopentor.org%3A2710&amp;tr=udp%3A%2F%2Ftracker.coppersurfer.tk%3A6969%2Fannounce&amp;tr=udp%3A%2F%2Ftracker.opentrackr.org%3A1337%2Fannounce&amp;tr=http%3A%2F%2Ftracker.dler.org%3A6969%2Fannounce&amp;tr=udp%3A%2F%2Ftracker.leechers-paradise.org%3A6969%2Fannounce&amp;tr=udp%3A%2F%2F9.rarbg.me%3A2730%2Fannounce&amp;tr=udp%3A%2F%2F9.rarbg.to%3A2770%2Fannounce&amp;tr=udp%3A%2F%2Ftracker.pirateparty.gr%3A6969%2Fannounce&amp;tr=http%3A%2F%2Fretracker.local%2Fannounce&amp;tr=http%3A%2F%2Fretracker.ip.ncnet.ru%2Fannounce&amp;tr=udp%3A%2F%2Fexodus.desync.com%3A6969%2Fannounce&amp;tr=udp%3A%2F%2Fipv4.tracker.harry.lu%3A80%2Fannounce&amp;tr=udp%3A%2F%2Fopen.stealth.si%3A80%2Fannounce&amp;tr=udp%3A%2F%2Ftracker.zer0day.to%3A1337%2Fannounce&amp;tr=udp%3A%2F%2Ftracker.leechers-paradise.org%3A6969%2Fannounce&amp;tr=udp%3A%2F%2Fcoppersurfer.tk%3A6969%2Fannounce\">magnet</a>] [<a href=\"https://pastefg.hermietkreeft.site/?99add21e64885d59#6D2uRcF9hBEL6Z3pcr6nXgN47Bc7DEEYkX5onkkRuKWW\" target=\"_blank\" rel=\"noopener\">.torrent file only</a>] <br><img src=\"https://torrent-stats.info/675d/1d121b146.png\" style=\"display:block;clear:both\"></li><li><a href=\"https://tapochek.net/viewtopic.php?p=2785955\" target=\"_blank\" rel=\"noopener\">Tapochek.net</a></li><li><a href=\"https://pastefg.hermietkreeft.site/?9b03835c891cc37b#13msDxo3KrcpMGdtxPEVHTCGCxCrcXUF3fiKmnLFjY3r\" target=\"_blank\" rel=\"noopener\">Filehoster: MultiUpload</a> (10+ hosters, interchangeable) [Use <a href=\"http://jdownloader.org/jdownloader2\" target=\"_blank\" rel=\"noopener\">JDownloader2</a>]</li><li><a href=\"https://pastefg.hermietkreeft.site/?ca26239ec5e4f4bd#5Z9ZCDpKeuHnNNxZSGfhjN7HdGgERvLHw7TG75CFCWN1\" target=\"_blank\" rel=\"noopener\">Filehoster: PixelDrain</a></li><li><a href=\"https://pastefg.hermietkreeft.site/?553470f7f6a988fa#EndQvUN91t5dhfr8wdQsgVo513cq4gRqmSeUo3z9vxeS\" target=\"_blank\" rel=\"noopener\">Filehoster: LetsUpload</a> [Use <a href=\"http://jdownloader.org/jdownloader2\" target=\"_blank\" rel=\"noopener\">JDownloader2</a>]</li><li><a href=\"https://crackhub.site/mindmist-fitgirl-repack/\" target=\"_blank\" rel=\"noopener\">Filehosters: Google Drive, OneDrive + others</a> (Uploaded by crackhub213)</li><li><a href=\"https://pastefg.hermietkreeft.site/?4463caab662d89c7#EPUFC4ZKGrBEA7dg5UrF1eW6U5PcJGn3VUeEZea4dmgS\" target=\"_blank\" rel=\"noopener\">Filehoster: OneDrive</a> (Uploaded by DyR0 t(-_-t), NOT compatible with other mirrors)</li></ul><p><a href=\"https://cs.rin.ru/forum/viewtopic.php?f=10&amp;t=109984\" target=\"_blank\" rel=\"noopener\">Discussion and (possible) future updates on CS.RIN.RU thread</a></p><h3>Screenshots (Click to enlarge)</h3><p><a target=\"_blank\" href=\"https://en.riotpixels.com/games/mindmist/screenshots/22/?utm_source=emb-gfx-html&amp;utm_medium=image&amp;utm_campaign=rp-mass\" rel=\"noopener\"><img loading=\"lazy\" width=\"178\" height=\"100\" border=\"0\" src=\"https://s01.riotpixels.net/data/6f/f8/6ff8d2e0-8f68-44ae-928e-77509cb3836a.jpg.240p.jpg\"></a><a target=\"_blank\" href=\"https://en.riotpixels.com/games/mindmist/screenshots/21/?utm_source=emb-gfx-html&amp;utm_medium=image&amp;utm_campaign=rp-mass\" rel=\"noopener\"><img loading=\"lazy\" width=\"178\" height=\"100\" border=\"0\" src=\"https://s01.riotpixels.net/data/e9/8e/e98efee8-31cd-4c16-b8e8-3b0ed58b397e.jpg.240p.jpg\"></a><a target=\"_blank\" href=\"https://en.riotpixels.com/games/mindmist/screenshots/19/?utm_source=emb-gfx-html&amp;utm_medium=image&amp;utm_campaign=rp-mass\" rel=\"noopener\"><img loading=\"lazy\" width=\"178\" height=\"100\" border=\"0\" src=\"https://s01.riotpixels.net/data/d3/9f/d39f861f-9285-4278-a310-9aaaa3ebfb23.jpg.240p.jpg\"></a><br><a target=\"_blank\" href=\"https://en.riotpixels.com/games/mindmist/screenshots/18/?utm_source=emb-gfx-html&amp;utm_medium=image&amp;utm_campaign=rp-mass\" rel=\"noopener\"><img loading=\"lazy\" width=\"178\" height=\"100\" border=\"0\" src=\"https://s01.riotpixels.net/data/20/19/2019e89a-b20f-4c72-9192-df6289a42c38.jpg.240p.jpg\"></a><a target=\"_blank\" href=\"https://en.riotpixels.com/games/mindmist/screenshots/16/?utm_source=emb-gfx-html&amp;utm_medium=image&amp;utm_campaign=rp-mass\" rel=\"noopener\"><img loading=\"lazy\" width=\"178\" height=\"100\" border=\"0\" src=\"https://s01.riotpixels.net/data/1b/19/1b19ea4c-418e-42de-bc10-f6f49ab16251.jpg.240p.jpg\"></a><a target=\"_blank\" href=\"https://en.riotpixels.com/games/mindmist/screenshots/13/?utm_source=emb-gfx-html&amp;utm_medium=image&amp;utm_campaign=rp-mass\" rel=\"noopener\"><img loading=\"lazy\" width=\"178\" height=\"100\" border=\"0\" src=\"https://s01.riotpixels.net/data/de/72/de723bfd-fce1-42d1-b37a-186b9f81d088.jpg.240p.jpg\"></a></p><h3>Repack Features</h3><ul><li>Based on MINDMIST-PLAZA ISO release: plaza-mindmist.iso (12,532,908,032 bytes)</li><li>100% Lossless &amp; MD5 Perfect: all files are identical to originals after installation</li><li>NOTHING ripped, NOTHING re-encoded</li><li>Significantly smaller archive size (compressed from 11.7 to 7.6 GB)</li><li>Installation takes 3-5 minutes (depending on your system)</li><li>After-install integrity check so you could make sure that everything installed properly</li><li>HDD space after installation: 26.3 GB</li><li>Language can be changed in game settings</li><li>Repack uses XTool library by Razor12911</li><li>At least 2 GB of free RAM (inc. virtual) required for installing this repack</li><li>Repack by FitGirl</li></ul><div ><div><h2>Game Description</h2></div><div ><p><b>GET LOST IN AN IMMERSIVE STORY </b><br>After losing his spouse, Alya, K\u0131van\u00e7 devoted himself to his project for the hope of finding happiness. K\u0131van\u00e7 completed his project within 7 years of hard work. To honor his spouse\u2019s name, K\u0131van\u00e7 gave her name to the project. Through A.L.I.A., he would have a chance to relive his memories of her once again. At the same time, he would commercialize his project and enable people to witness the past. Perhaps, on account of his work, K\u0131van\u00e7 would be able to fill in the gaps in the history written for thousands of years. However, he was unaware that the extraterrestrial who visited K\u0131van\u00e7 one day would show him how wild and ruthless human history is through his project A.L.I.A.</p><p><b>DISCOVER DIFFERENT ENVIRONMENTS</b><br>There are 3 main regions and plenty of relatively small areas waiting for you to discover in MINDMIST. Each region is unique in terms of its looks and atmosphere. Developed with Unreal Engine 4, MINDMIST offers photo-realistic visuals.</p><p><b>ENJOY RELAXING GAMEPLAY</b><br>Play the game at your own pace. Interact with the surrounding objects to uncover the background story as you progress and witness some of the brutal historical events in the main story. Also, expect some light puzzles!</p><p>Note: MINDMIST is designed in a way that can be completed in one sitting, approximately between 90-120 minutes.</p></div></div>             </div>"
}