{
    "link": "https://fitgirl-repacks.site/mini-racing-world/",
    "title": "Mini Racing World",
    "first_img": "https://i3.imageban.ru/out/2021/07/27/bfe1f9595be38fe1363b57c33db1e5fe.jpg",
    "second_img": "https://s01.riotpixels.net/data/4c/ef/4ceff451-b2c4-4252-82b6-a7ca4c4f51b3.jpg.240p.jpg",
    "body": "<div ><h2>Mini Racing World</h2><p ><div><a target=\"_blank\" href=\"https://en.riotpixels.com/games/mini-racing-world/\" rel=\"noopener\"><img class=\"alignleft\" width=\"150\" src=\"https://i3.imageban.ru/out/2021/07/27/bfe1f9595be38fe1363b57c33db1e5fe.jpg\"></a></div><br>Genres/Tags: <strong>Arcade, Racing, Isometric, 3D</strong><br>Company: <strong>Kitty In A Box</strong><br>Language: <strong>ENG</strong><br>Original Size: <strong>1.7 GB</strong><br>Repack Size: <strong>641 MB</strong></p>&nbsp;<div>&nbsp;</div><h3>Download Mirrors</h3><ul><li><a href=\"https://1337x.to/torrent/4933968/Mini-Racing-World-FitGirl-Repack/\" target=\"_blank\" rel=\"noopener\">1337x</a> | [<a href=\"magnet:?xt=urn:btih:733CDC2860B8F914E9B72E027DCE36D494CEF9D5&amp;dn=Mini+Racing+World+%5BFitGirl+Repack%5D&amp;tr=udp%3A%2F%2F46.148.18.250%3A2710&amp;tr=udp%3A%2F%2Fopentor.org%3A2710&amp;tr=udp%3A%2F%2Ftracker.coppersurfer.tk%3A6969%2Fannounce&amp;tr=udp%3A%2F%2Ftracker.opentrackr.org%3A1337%2Fannounce&amp;tr=http%3A%2F%2Ftracker.dler.org%3A6969%2Fannounce&amp;tr=udp%3A%2F%2Ftracker.leechers-paradise.org%3A6969%2Fannounce&amp;tr=udp%3A%2F%2F9.rarbg.me%3A2730%2Fannounce&amp;tr=udp%3A%2F%2F9.rarbg.to%3A2770%2Fannounce&amp;tr=udp%3A%2F%2Ftracker.pirateparty.gr%3A6969%2Fannounce&amp;tr=http%3A%2F%2Fretracker.local%2Fannounce&amp;tr=http%3A%2F%2Fretracker.ip.ncnet.ru%2Fannounce&amp;tr=udp%3A%2F%2Fexodus.desync.com%3A6969%2Fannounce&amp;tr=udp%3A%2F%2Fipv4.tracker.harry.lu%3A80%2Fannounce&amp;tr=udp%3A%2F%2Fopen.stealth.si%3A80%2Fannounce&amp;tr=udp%3A%2F%2Ftracker.zer0day.to%3A1337%2Fannounce&amp;tr=udp%3A%2F%2Ftracker.leechers-paradise.org%3A6969%2Fannounce&amp;tr=udp%3A%2F%2Fcoppersurfer.tk%3A6969%2Fannounce\">magnet</a>] [<a href=\"https://pastefg.hermietkreeft.site/?b795b4e398c8ba1e#EcLzTFBPse2DYuea1qXBdb44MKtjcycmzkbEQC3RdM41\" target=\"_blank\" rel=\"noopener\">.torrent file only</a>] <br><img src=\"https://torrent-stats.info/2e02/d05a82ac.png\" style=\"display:block;clear:both\"></li><li><a href=\"https://tapochek.net/viewtopic.php?p=2791215\" target=\"_blank\" rel=\"noopener\">Tapochek.net</a></li><li><a href=\"https://pastefg.hermietkreeft.site/?70b985ced99da905#7y75nuDvdiFmJhRk3nVuddpGhJuWWdHjyTMjvbXDp3kb\" target=\"_blank\" rel=\"noopener\">Filehoster: MultiUpload</a> (10+ hosters, interchangeable) [Use <a href=\"http://jdownloader.org/jdownloader2\" target=\"_blank\" rel=\"noopener\">JDownloader2</a>]</li><li><a href=\"https://pastefg.hermietkreeft.site/?17fd4b49c81c017d#5BUkRTxW6abqAftPC9LdstGbTBWqNioFxcsUCFjVM2Fq\" target=\"_blank\" rel=\"noopener\">Filehoster: PixelDrain</a></li><li><a href=\"https://pastefg.hermietkreeft.site/?0e0b192b6293c81e#EezypzKLSd9wLu8JHFeBo7ChV4mgYN1So72XFcmFqRKh\" target=\"_blank\" rel=\"noopener\">Filehoster: ZippyShare</a></li><li><a href=\"https://pastefg.hermietkreeft.site/?14fadcd6fb86a500#Dhdjpwm1ZYMSbJd8y2f3tbCRPJmsr4VkPyLgVmjN9yRX\" target=\"_blank\" rel=\"noopener\">Filehoster: LetsUpload</a> [Use <a href=\"http://jdownloader.org/jdownloader2\" target=\"_blank\" rel=\"noopener\">JDownloader2</a>]</li><li><a href=\"https://crackhub.site/mini-racing-world-fitgirl-repack/\" target=\"_blank\" rel=\"noopener\">Filehosters: Google Drive, OneDrive + others</a> (Uploaded by crackhub213)</li><li><a href=\"https://pastefg.hermietkreeft.site/?2fa6efc7bc1faf77#Av9k9h9PbsC56frfBfHdpxmxecC4LpLzhQA8stHNfwfp\" target=\"_blank\" rel=\"noopener\">Filehoster: OneDrive</a> (Uploaded by DyR0 t(-_-t), NOT compatible with other mirrors)</li></ul><p><a href=\"https://cs.rin.ru/forum/viewtopic.php?f=10&amp;t=114764\" target=\"_blank\" rel=\"noopener\">Discussion and (possible) future updates on CS.RIN.RU thread</a></p><h3>Screenshots (Click to enlarge)</h3><p><a target=\"_blank\" href=\"https://en.riotpixels.com/games/mini-racing-world/screenshots/10/?utm_source=emb-gfx-html&amp;utm_medium=image&amp;utm_campaign=rp-mass\" rel=\"noopener\"><img loading=\"lazy\" width=\"178\" height=\"100\" border=\"0\" src=\"https://s01.riotpixels.net/data/4c/ef/4ceff451-b2c4-4252-82b6-a7ca4c4f51b3.jpg.240p.jpg\"></a><a target=\"_blank\" href=\"https://en.riotpixels.com/games/mini-racing-world/screenshots/9/?utm_source=emb-gfx-html&amp;utm_medium=image&amp;utm_campaign=rp-mass\" rel=\"noopener\"><img loading=\"lazy\" width=\"178\" height=\"100\" border=\"0\" src=\"https://s01.riotpixels.net/data/4b/f2/4bf209dd-b08a-4d38-be7e-6cabd30f3df3.jpg.240p.jpg\"></a><a target=\"_blank\" href=\"https://en.riotpixels.com/games/mini-racing-world/screenshots/8/?utm_source=emb-gfx-html&amp;utm_medium=image&amp;utm_campaign=rp-mass\" rel=\"noopener\"><img loading=\"lazy\" width=\"178\" height=\"100\" border=\"0\" src=\"https://s01.riotpixels.net/data/fb/65/fb655e6e-6434-4fc2-a373-dbb608ba4e98.jpg.240p.jpg\"></a><br><a target=\"_blank\" href=\"https://en.riotpixels.com/games/mini-racing-world/screenshots/7/?utm_source=emb-gfx-html&amp;utm_medium=image&amp;utm_campaign=rp-mass\" rel=\"noopener\"><img loading=\"lazy\" width=\"178\" height=\"100\" border=\"0\" src=\"https://s01.riotpixels.net/data/97/83/97831103-d2eb-4ecc-b7b5-855814b5017c.jpg.240p.jpg\"></a><a target=\"_blank\" href=\"https://en.riotpixels.com/games/mini-racing-world/screenshots/5/?utm_source=emb-gfx-html&amp;utm_medium=image&amp;utm_campaign=rp-mass\" rel=\"noopener\"><img loading=\"lazy\" width=\"178\" height=\"100\" border=\"0\" src=\"https://s01.riotpixels.net/data/14/6c/146ca46e-f7ef-4414-886e-d549c157c593.jpg.240p.jpg\"></a><a target=\"_blank\" href=\"https://en.riotpixels.com/games/mini-racing-world/screenshots/4/?utm_source=emb-gfx-html&amp;utm_medium=image&amp;utm_campaign=rp-mass\" rel=\"noopener\"><img loading=\"lazy\" width=\"178\" height=\"100\" border=\"0\" src=\"https://s01.riotpixels.net/data/6e/6d/6e6ddf76-165f-42d5-a2ed-e2335063ae01.jpg.240p.jpg\"></a></p><h3>Repack Features</h3><ul><li>Based on Mini.Racing.World-DARKSiDERS ISO release: ds-miniracingworld.iso (1,808,078,848 bytes)</li><li>100% Lossless &amp; MD5 Perfect: all files are identical to originals after installation</li><li>NOTHING ripped, NOTHING re-encoded</li><li>Significantly smaller archive size (compressed from 1.7 GB to 641 MB)</li><li>Installation takes one minute</li><li>After-install integrity check so you could make sure that everything installed properly</li><li>HDD space after installation: 5 GB</li><li>At least 2 GB of free RAM (inc. virtual) required for installing this repack</li></ul><div ><div><h2>Game Description</h2></div><div ><p>Mini Racing World is a low poly arcade racing game with a career, car tuning and a open world map to explore!</p><p>It has a simple and immediate driving model, but difficult to master.</p><p><b><h3>Game Features</h3></b></p><ul><li>It has a simple and immediate driving model, but difficult to master.</li><li>You can buy new cars with the credits you gain by playing the events. You can also unlock some components by completing certain events.</li><li>Every car has a different driving style and different components to customize it.</li><li>Modify your cars by changing color, exhaust, spoilers and other aesthetic components.</li><li>Improve the perfomance of your vehicle to be able to proceed during the career.</li><li>Become the Mini Racing World champion by winning seasons and special races.</li><li>Explore a diverse mini open world to access the events and the garage.</li><li>3D low poly graphics with colorful and stylized environment and cars. Vehicles out of proportion for maximum cuteness.</li><li>Vehicles out of proportion for maximum cuteness.</li></ul></div></div>             </div>"
}