{
    "link": "https://fitgirl-repacks.site/minigolf-maker/",
    "title": "MiniGolf Maker",
    "first_img": "https://i2.imageban.ru/out/2022/02/27/9db172ac5fdf82cc5ed7e90e63834621.jpg",
    "second_img": "https://s01.riotpixels.net/data/39/9d/399d5cd6-4c38-433d-bfa1-cd2dc8f5ebb0.jpg.240p.jpg",
    "body": "<div ><h2>MiniGolf Maker</h2><p ><div><a target=\"_blank\" href=\"https://en.riotpixels.com/games/minigolf-maker/\" rel=\"noopener\"><img class=\"alignleft\" width=\"150\" src=\"https://i2.imageban.ru/out/2022/02/27/9db172ac5fdf82cc5ed7e90e63834621.jpg\"></a></div><br>Genres/Tags: <strong>Arcade, Sports, 3D</strong><br>Company: <strong>Road Turtle Games</strong><br>Language: <strong>ENG</strong><br>Original Size: <strong>3.9 GB</strong><br>Repack Size: <strong>2.5 GB</strong></p>&nbsp;<div>&nbsp;</div><h3>Download Mirrors</h3><ul><li><a href=\"https://1337x.to/torrent/5163777/MiniGolf-Maker-FitGirl-Repack/\" target=\"_blank\" rel=\"noopener\">1337x</a> | [<a href=\"magnet:?xt=urn:btih:C637835ABD5296861586734F51E6DB78516FC56E&amp;dn=MiniGolf+Maker+%5BFitGirl+Repack%5D&amp;tr=udp%3A%2F%2F46.148.18.250%3A2710&amp;tr=udp%3A%2F%2Fopentor.org%3A2710&amp;tr=udp%3A%2F%2Ftracker.coppersurfer.tk%3A6969%2Fannounce&amp;tr=udp%3A%2F%2Ftracker.opentrackr.org%3A1337%2Fannounce&amp;tr=http%3A%2F%2Ftracker.dler.org%3A6969%2Fannounce&amp;tr=udp%3A%2F%2Ftracker.leechers-paradise.org%3A6969%2Fannounce&amp;tr=udp%3A%2F%2F9.rarbg.me%3A2730%2Fannounce&amp;tr=udp%3A%2F%2F9.rarbg.to%3A2770%2Fannounce&amp;tr=udp%3A%2F%2Ftracker.pirateparty.gr%3A6969%2Fannounce&amp;tr=http%3A%2F%2Fretracker.local%2Fannounce&amp;tr=http%3A%2F%2Fretracker.ip.ncnet.ru%2Fannounce&amp;tr=udp%3A%2F%2Fexodus.desync.com%3A6969%2Fannounce&amp;tr=udp%3A%2F%2Fipv4.tracker.harry.lu%3A80%2Fannounce&amp;tr=udp%3A%2F%2Fopen.stealth.si%3A80%2Fannounce&amp;tr=udp%3A%2F%2Ftracker.zer0day.to%3A1337%2Fannounce&amp;tr=udp%3A%2F%2Ftracker.leechers-paradise.org%3A6969%2Fannounce&amp;tr=udp%3A%2F%2Fcoppersurfer.tk%3A6969%2Fannounce\">magnet</a>] [<a href=\"https://pastefg.hermietkreeft.site/?7622221aded06d16#DyuxSmHjkaesUGm1W2Ag8JbJYHUisZUgPHim2jrkFdYu\" target=\"_blank\" rel=\"noopener\">.torrent file only</a>] <br><img src=\"https://torrent-stats.info/734f/22703584e.png\" style=\"display:block;clear:both\"></li><li><a href=\"https://tapochek.net/viewtopic.php?p=2836438\" target=\"_blank\" rel=\"noopener\">Tapochek.net</a></li><li><a href=\"https://pastefg.hermietkreeft.site/?89751ede623328bd#6t16229u3eka45p15xFHJPKDTfPjHajtT8FdT2qX2ex8\" target=\"_blank\" rel=\"noopener\">Filehoster: MultiUpload</a> (10+ hosters, interchangeable) [Use <a href=\"http://jdownloader.org/jdownloader2\" target=\"_blank\" rel=\"noopener\">JDownloader2</a>]</li><li><a href=\"https://pastefg.hermietkreeft.site/?d1c0112819b95d4f#3oy5jEZDBWP3M8Dp1XimZRDdp7814x1EdRGRbPxffwJJ\" target=\"_blank\" rel=\"noopener\">Filehoster: ZippyShare</a></li><li><a href=\"https://pastefg.hermietkreeft.site/?c914965ee84301c3#2BWaaNhfTxBK3nBNJfgppBtQ53XA9xTEVmWbdtRt6mNg\" target=\"_blank\" rel=\"noopener\">Filehoster: BayFiles</a></li><li><a href=\"https://pastefg.hermietkreeft.site/?b5b41382905b784e#8b6Ujpk4mrbZHxk19PJ4WJ2behTsqUhTn9fG3XbFqGp9\" target=\"_blank\" rel=\"noopener\">Filehoster: OneDrive</a> (Uploaded by DyR0 t(-_-t), NOT compatible with other mirrors)</li><li><a href=\"https://crackhub.site/minigolf-maker-fitgirl-repa/\" target=\"_blank\" rel=\"noopener\">Filehosters: Google Drive, OneDrive + others</a> (Uploaded by crackhub213)</li></ul><p><a href=\"https://cs.rin.ru/forum/viewtopic.php?f=10&amp;t=95361\" target=\"_blank\" rel=\"noopener\">Discussion and (possible) future updates on CS.RIN.RU thread</a></p><h3>Screenshots (Click to enlarge)</h3><p><a target=\"_blank\" href=\"https://en.riotpixels.com/games/minigolf-maker/screenshots/13/?utm_source=emb-gfx-html&amp;utm_medium=image&amp;utm_campaign=rp-mass\" rel=\"noopener\"><img loading=\"lazy\" width=\"178\" height=\"100\" border=\"0\" src=\"https://s01.riotpixels.net/data/39/9d/399d5cd6-4c38-433d-bfa1-cd2dc8f5ebb0.jpg.240p.jpg\"></a><a target=\"_blank\" href=\"https://en.riotpixels.com/games/minigolf-maker/screenshots/11/?utm_source=emb-gfx-html&amp;utm_medium=image&amp;utm_campaign=rp-mass\" rel=\"noopener\"><img loading=\"lazy\" width=\"178\" height=\"100\" border=\"0\" src=\"https://s01.riotpixels.net/data/f6/2d/f62d595d-1c5f-4f59-9910-cd9536003046.jpg.240p.jpg\"></a><a target=\"_blank\" href=\"https://en.riotpixels.com/games/minigolf-maker/screenshots/9/?utm_source=emb-gfx-html&amp;utm_medium=image&amp;utm_campaign=rp-mass\" rel=\"noopener\"><img loading=\"lazy\" width=\"178\" height=\"100\" border=\"0\" src=\"https://s01.riotpixels.net/data/ee/83/ee83ff4f-aead-429e-be6f-d5cdfdae6913.jpg.240p.jpg\"></a><br><a target=\"_blank\" href=\"https://en.riotpixels.com/games/minigolf-maker/screenshots/8/?utm_source=emb-gfx-html&amp;utm_medium=image&amp;utm_campaign=rp-mass\" rel=\"noopener\"><img loading=\"lazy\" width=\"178\" height=\"100\" border=\"0\" src=\"https://s01.riotpixels.net/data/c6/14/c614a75f-0bfc-4195-a49f-2fb338056ebe.jpg.240p.jpg\"></a><a target=\"_blank\" href=\"https://en.riotpixels.com/games/minigolf-maker/screenshots/3/?utm_source=emb-gfx-html&amp;utm_medium=image&amp;utm_campaign=rp-mass\" rel=\"noopener\"><img loading=\"lazy\" width=\"178\" height=\"100\" border=\"0\" src=\"https://s01.riotpixels.net/data/d4/aa/d4aade79-134d-40a7-bea6-ed367b6ae0ea.jpg.240p.jpg\"></a><a target=\"_blank\" href=\"https://en.riotpixels.com/games/minigolf-maker/screenshots/2/?utm_source=emb-gfx-html&amp;utm_medium=image&amp;utm_campaign=rp-mass\" rel=\"noopener\"><img loading=\"lazy\" width=\"178\" height=\"100\" border=\"0\" src=\"https://s01.riotpixels.net/data/d8/d7/d8d77085-2c60-4210-b3d2-ae974ce1abc8.jpg.240p.jpg\"></a></p><h3>Repack Features</h3><ul><li>Based on MiniGolf.Maker-DARKSiDERS ISO release: ds-minigolfmaker.iso (4,158,410,752 bytes)</li><li>Please note, that \u201cPlay Mode\u201d is not working in the cracked version of the game</li><li>100% Lossless &amp; MD5 Perfect: all files are identical to originals after installation</li><li>NOTHING ripped, NOTHING re-encoded</li><li>Significantly smaller archive size (compressed from 3.9 to 2.5 GB)</li><li>Installation takes 3-5 minutes (depending on your system)</li><li>After-install integrity check so you could make sure that everything installed properly</li><li>HDD space after installation: 4 GB</li><li>Repack uses XTool library by Razor12911</li><li>At least 2 GB of free RAM (inc. virtual) required for installing this repack</li></ul><div ><div><h2>Game Description</h2></div><div ><p>Build the miniature golf course of your dreams in MiniGolf Maker. Play locally or online with up to 8 players, and Share your course with the world on the Steam Workshop.</p><p>Create your course using the Course Creator, one of the most ambitious level editors to ever be created for a miniature golf game.</p><p><b><h3>Game Features</h3></b></p><ul><li>Full control of the shape and size of each piece your greens. No more being bound by a limited number of pre-made pieces!</li><li>8 Environments: Desert, Halloween, Medieval, Winter, Pirate, Dreamscape, Polyworld, and Arcade.</li><li>Behaviors and Events system for creating dynamic courses.</li><li>Detailed control of the style of your course.</li><li>Use power-ups to give yourself an edge or get in the way of your friends;</li><li>Fire \u2013 Leaves behind a trail of fire, launching any ball that touches it into the air.</li><li>Ice \u2013 Leaves behind a trail of ice that causes any ball that rolls over it to slip and slide uncontrollably.</li><li>Bomb\u2013 Explodes after a short delay, flinging away any nearby objects.</li><li>Weight \u2013 Makes your ball super heavy, making it immune to fire, ice, and blast effects.</li><li>Jump \u2013 Catapults your ball into the air when used.</li><li>Brake \u2013 Slows your ball down very quickly when used.</li><li>Rocket \u2013 Propels your ball forward for a short time.</li><li>Black Hole\u2013 Sucks in nearby golf balls to their doom.</li><li>Punch\u2013 Punch away balls that get too close.</li><li>Ghost\u2013 Pass through other balls, makes you invulnerable to the affects of power ups, slightly lowers gravity for your ball and makes it roll farther.</li><li>Free Stroke\u2013 Subtracts 1 stroke form your score on your next turn.</li><li>Random \u2013 Can give you any of the above Power-Ups</li><li>Official course creator guide (Modding) \u2013 Use the MiniGolf Maker Mod Tools to create your own custom objects, music, and styles! Check out the Official Modding Guide to learn more: https://steamcommunity.com/sharedfiles/filedetails/?id=1983909283</li></ul></div></div>             </div>"
}