{
    "link": null,
    "title": "Missing Pushes",
    "first_img": [],
    "second_img": null,
    "body": "<div class=\"entry-content\"><p>For past nine days the push notification system on my site didn\u2019t work due to [censored]. But the hard work of Hermietkreeft brought it back to life (or we hope for it, haha). So this post comes with a special notification and lists all repacks which didn\u2019t get their pushes.</p><p>So, you could miss:</p><ol><li><a href=\"https://fitgirl-repacks.site/ark-survival-evolved/\" target=\"_blank\" rel=\"noopener\">ARK: Survival Evolved \u2013 Ultimate Survivor Edition v329.5 + All DLCs + Bonus Soundtracks</a></li><li><a href=\"https://fitgirl-repacks.site/automobilista-2/\" target=\"_blank\" rel=\"noopener\">Automobilista 2 v1.2.0.0/v1.2.0.2 + 5 DLCs + Multiplayer</a></li><li><a href=\"https://fitgirl-repacks.site/beautiful-desolation/\" target=\"_blank\" rel=\"noopener\">Beautiful Desolation: Deluxe Edition v1.0.6.7 + Bonus Content</a></li><li><a href=\"https://fitgirl-repacks.site/call-to-arms-gates-of-hell-ostfront/\" target=\"_blank\" rel=\"noopener\">Call to Arms: Gates of Hell \u2013 Ostfront</a></li><li><a href=\"https://fitgirl-repacks.site/desolate/\" target=\"_blank\" rel=\"noopener\">Desolate v1.3.5</a></li><li><a href=\"https://fitgirl-repacks.site/dragon-ball-z-kakarot/\" target=\"_blank\" rel=\"noopener\">Dragon Ball Z: Kakarot \u2013 Deluxe Edition v1.60 + 8 DLCs</a></li><li><a href=\"https://fitgirl-repacks.site/drift21/\" target=\"_blank\" rel=\"noopener\">DRIFT21 v.rev_19216</a></li><li><a href=\"https://fitgirl-repacks.site/edge-of-eternity/\" target=\"_blank\" rel=\"noopener\">Edge of Eternity + War Nekaroo Skin DLC</a></li><li><a href=\"https://fitgirl-repacks.site/garbage/\" target=\"_blank\" rel=\"noopener\">Garbage v2.00</a></li><li><a href=\"https://fitgirl-repacks.site/guilty-gear-strive/\" target=\"_blank\" rel=\"noopener\">GUILTY GEAR -STRIVE- + 2 DLCs + Multiplayer</a></li><li><a href=\"https://fitgirl-repacks.site/hollow-knight/\" target=\"_blank\" rel=\"noopener\">Hollow Knight v1.5.68.11808 + 2 Bonus Soundtracks</a></li><li><a href=\"https://fitgirl-repacks.site/human-fall-flat/\" target=\"_blank\" rel=\"noopener\">Human: Fall Flat v1078001 (Forest-level Update) + OSTs</a></li><li><a href=\"https://fitgirl-repacks.site/land-of-war-the-beginning/\" target=\"_blank\" rel=\"noopener\">Land of War: The Beginning v1.0.1201b + 4 DLCs</a></li><li><a href=\"https://fitgirl-repacks.site/mass-effect-1-legendary-edition/\" target=\"_blank\" rel=\"noopener\">Mass Effect 1: Legendary Edition v2.0.0.48602 + DLC</a></li><li><a href=\"https://fitgirl-repacks.site/mass-effect-2-legendary-edition/\" target=\"_blank\" rel=\"noopener\">Mass Effect 2: Legendary Edition v2.0.0.48602 + All DLCs</a></li><li><a href=\"https://fitgirl-repacks.site/mass-effect-3-legendary-edition/\" target=\"_blank\" rel=\"noopener\">Mass Effect 3: Legendary Edition v2.0.0.48602 + All DLCs</a></li><li><a href=\"https://fitgirl-repacks.site/ninja-gaiden-master-collection/\" target=\"_blank\" rel=\"noopener\">NINJA GAIDEN: Master Collection \u2013 Deluxe Edition 3 Games + Bonus Content</a></li><li><a href=\"https://fitgirl-repacks.site/no-more-heroes/\" target=\"_blank\" rel=\"noopener\">No More Heroes</a></li><li><a href=\"https://fitgirl-repacks.site/no-more-heroes-2-desperate-struggle/\" target=\"_blank\" rel=\"noopener\">No More Heroes 2: Desperate Struggle</a></li><li><a href=\"https://fitgirl-repacks.site/open-country/\" target=\"_blank\" rel=\"noopener\">Open Country v1.0.0.2636</a></li><li><a href=\"https://fitgirl-repacks.site/pro-cycling-manager-2021/\" target=\"_blank\" rel=\"noopener\">Pro Cycling Manager 2021</a></li><li><a href=\"https://fitgirl-repacks.site/the-persistence-enhanced/\" target=\"_blank\" rel=\"noopener\">The Persistence Enhanced + Digital Bonus Content + Windows 7 Fix</a></li><li><a href=\"https://fitgirl-repacks.site/thief-definitive-edition/\" target=\"_blank\" rel=\"noopener\">THIEF: Definitive Edition v1.7 GOG + All DLCs + Bonus Content</a></li><li><a href=\"https://fitgirl-repacks.site/tour-de-france-2021/\" target=\"_blank\" rel=\"noopener\">Tour de France 2021</a></li><li><a href=\"https://fitgirl-repacks.site/wasteland-3/\" target=\"_blank\" rel=\"noopener\">Wasteland 3: Digital Deluxe Edition Steam/GOG v1.4.1.285987 + 2 DLCs + Bonus Content + Multiplayer</a></li><li><a href=\"https://fitgirl-repacks.site/wave-break/\" target=\"_blank\" rel=\"noopener\">Wave Break</a></li><li><a href=\"https://fitgirl-repacks.site/wing-of-darkness/\" target=\"_blank\" rel=\"noopener\">Wing of Darkness</a></li></ol><p>PS: If you\u2019re subscribed to my pushes, but didn\u2019t receive the notification for THIS post, you may need to resubscribe. Instructions are <a href=\"https://fitgirl-repacks.site/push-notifications-ii-the-pushing-day/\" rel=\"noopener\" target=\"_blank\">in this old post</a>.</p>             </div>"
}