{
    "link": "https://fitgirl-repacks.site/monark/",
    "title": "MONARK",
    "first_img": "https://i3.imageban.ru/out/2022/02/23/ad7277a8b47f6866b309415a66555fbe.jpg",
    "second_img": "https://s01.riotpixels.net/data/81/50/815023ab-1bbd-41ae-8266-b666707342f8.png.240p.jpg",
    "body": "<div ><h2>MONARK</h2><p ><div><a target=\"_blank\" href=\"https://en.riotpixels.com/games/monark/\" rel=\"noopener\"><img class=\"alignleft\" width=\"150\" src=\"https://i3.imageban.ru/out/2022/02/23/ad7277a8b47f6866b309415a66555fbe.jpg\"></a></div><br>Genres/Tags: <strong>Adventure, RPG, Turn-based, Strategy, 3D</strong><br>Companies: <strong>FURYU Corporation, NIS America, Inc.</strong><br>Languages: <strong>ENG/MULTI5</strong><br>Original Size: <strong>10.5 GB</strong><br>Repack Size: <strong>7.2 GB</strong></p>&nbsp;<div>&nbsp;</div><h3>Download Mirrors</h3><ul><li><a href=\"https://1337x.to/torrent/5159157/MONARK-MULTi5-FitGirl-Repack/\" target=\"_blank\" rel=\"noopener\">1337x</a> | [<a href=\"magnet:?xt=urn:btih:0A409950A0242C927697E69CB664D98034523B24&amp;dn=MONARK+%28MULTi5%29+%5BFitGirl+Repack%5D&amp;tr=udp%3A%2F%2F46.148.18.250%3A2710&amp;tr=udp%3A%2F%2Fopentor.org%3A2710&amp;tr=udp%3A%2F%2Ftracker.coppersurfer.tk%3A6969%2Fannounce&amp;tr=udp%3A%2F%2Ftracker.opentrackr.org%3A1337%2Fannounce&amp;tr=http%3A%2F%2Ftracker.dler.org%3A6969%2Fannounce&amp;tr=udp%3A%2F%2Ftracker.leechers-paradise.org%3A6969%2Fannounce&amp;tr=udp%3A%2F%2F9.rarbg.me%3A2730%2Fannounce&amp;tr=udp%3A%2F%2F9.rarbg.to%3A2770%2Fannounce&amp;tr=udp%3A%2F%2Ftracker.pirateparty.gr%3A6969%2Fannounce&amp;tr=http%3A%2F%2Fretracker.local%2Fannounce&amp;tr=http%3A%2F%2Fretracker.ip.ncnet.ru%2Fannounce&amp;tr=udp%3A%2F%2Fexodus.desync.com%3A6969%2Fannounce&amp;tr=udp%3A%2F%2Fipv4.tracker.harry.lu%3A80%2Fannounce&amp;tr=udp%3A%2F%2Fopen.stealth.si%3A80%2Fannounce&amp;tr=udp%3A%2F%2Ftracker.zer0day.to%3A1337%2Fannounce&amp;tr=udp%3A%2F%2Ftracker.leechers-paradise.org%3A6969%2Fannounce&amp;tr=udp%3A%2F%2Fcoppersurfer.tk%3A6969%2Fannounce\">magnet</a>] [<a href=\"https://pastefg.hermietkreeft.site/?8ab63763c701d794#3pYm4HWkMY3ZnkdC3gCZMCKZuP3Atrrzx6zF7LGhhjw9\" target=\"_blank\" rel=\"noopener\">.torrent file only</a>] <br><img src=\"https://torrent-stats.info/e69c/44d360d4c.png\" style=\"display:block;clear:both\"></li><li><a href=\"https://tapochek.net/viewtopic.php?p=2835337\" target=\"_blank\" rel=\"noopener\">Tapochek.net</a></li><li><a href=\"https://pastefg.hermietkreeft.site/?2a191cd5a9f28262#5hTSnZYizWCcFeqWq3fBkN6BVoGoREmN2QwWZEmoDiFA\" target=\"_blank\" rel=\"noopener\">Filehoster: MultiUpload</a> (10+ hosters, interchangeable) [Use <a href=\"http://jdownloader.org/jdownloader2\" target=\"_blank\" rel=\"noopener\">JDownloader2</a>]</li><li><a href=\"https://pastefg.hermietkreeft.site/?7e5f914019215a56#81zm8iWa1vijnACBf6Mc5eA8dndkFu4QdahLoqCBmG4G\" target=\"_blank\" rel=\"noopener\">Filehoster: ZippyShare</a></li><li><a href=\"https://pastefg.hermietkreeft.site/?2681ea4bb8206a87#8woGtVJBo488SFjx93cdqLBV6gkEQ3Bhoajuk1WLsDm4\" target=\"_blank\" rel=\"noopener\">Filehoster: BayFiles</a></li><li><a href=\"https://pastefg.hermietkreeft.site/?60c6bc17d99a0842#Hqnt981JQGsTMVLX8SVmp4gKXMdJqVyECvaZzte8oaz4\" target=\"_blank\" rel=\"noopener\">Filehoster: OneDrive</a> (Uploaded by DyR0 t(-_-t), NOT compatible with other mirrors)</li><li><a href=\"https://crackhub.site/monark-fitgirl-repack/\" target=\"_blank\" rel=\"noopener\">Filehosters: Google Drive, OneDrive + others</a> (Uploaded by crackhub213)</li></ul><p><a href=\"https://cs.rin.ru/forum/viewtopic.php?f=10&amp;t=113814\" target=\"_blank\" rel=\"noopener\">Discussion and (possible) future updates on CS.RIN.RU thread</a></p><h3>Screenshots (Click to enlarge)</h3><p><a target=\"_blank\" href=\"https://en.riotpixels.com/games/monark/screenshots/44/?utm_source=emb-gfx-html&amp;utm_medium=image&amp;utm_campaign=rp-mass\" rel=\"noopener\"><img loading=\"lazy\" width=\"178\" height=\"100\" border=\"0\" src=\"https://s01.riotpixels.net/data/81/50/815023ab-1bbd-41ae-8266-b666707342f8.png.240p.jpg\"></a><a target=\"_blank\" href=\"https://en.riotpixels.com/games/monark/screenshots/39/?utm_source=emb-gfx-html&amp;utm_medium=image&amp;utm_campaign=rp-mass\" rel=\"noopener\"><img loading=\"lazy\" width=\"178\" height=\"100\" border=\"0\" src=\"https://s01.riotpixels.net/data/3d/09/3d098965-b235-4c34-ba0c-6e28ff846b06.jpg.240p.jpg\"></a><a target=\"_blank\" href=\"https://en.riotpixels.com/games/monark/screenshots/38/?utm_source=emb-gfx-html&amp;utm_medium=image&amp;utm_campaign=rp-mass\" rel=\"noopener\"><img loading=\"lazy\" width=\"178\" height=\"100\" border=\"0\" src=\"https://s01.riotpixels.net/data/7c/9d/7c9df08e-a06c-4364-b461-b6878bb97892.jpg.240p.jpg\"></a><br><a target=\"_blank\" href=\"https://en.riotpixels.com/games/monark/screenshots/34/?utm_source=emb-gfx-html&amp;utm_medium=image&amp;utm_campaign=rp-mass\" rel=\"noopener\"><img loading=\"lazy\" width=\"178\" height=\"100\" border=\"0\" src=\"https://s01.riotpixels.net/data/62/a2/62a22997-04f4-4d6a-9bf3-24995d901b34.jpg.240p.jpg\"></a><a target=\"_blank\" href=\"https://en.riotpixels.com/games/monark/screenshots/31/?utm_source=emb-gfx-html&amp;utm_medium=image&amp;utm_campaign=rp-mass\" rel=\"noopener\"><img loading=\"lazy\" width=\"178\" height=\"100\" border=\"0\" src=\"https://s01.riotpixels.net/data/71/f8/71f83509-3c5e-4fd5-bafe-6d2b773b006d.jpg.240p.jpg\"></a><a target=\"_blank\" href=\"https://en.riotpixels.com/games/monark/screenshots/26/?utm_source=emb-gfx-html&amp;utm_medium=image&amp;utm_campaign=rp-mass\" rel=\"noopener\"><img loading=\"lazy\" width=\"178\" height=\"100\" border=\"0\" src=\"https://s01.riotpixels.net/data/a7/47/a747c397-ee50-4b84-96df-9efbe6fba987.jpg.240p.jpg\"></a></p><h3>Repack Features</h3><ul><li>Based on MONARK-CODEX ISO release: codex-monark.iso (11,302,273,024 bytes)</li><li>100% Lossless &amp; MD5 Perfect: all files are identical to originals after installation</li><li>NOTHING ripped, NOTHING re-encoded</li><li>Significantly smaller archive size (compressed from 10.5 to 7.2 GB)</li><li>Installation takes 3-6 minutes (depending on your system)</li><li>After-install integrity check so you could make sure that everything installed properly</li><li>HDD space after installation: 14.1 GB</li><li>Language can be changed in game settings</li><li>Repack uses XTool library by Razor12911</li><li>At least 2 GB of free RAM (inc. virtual) required for installing this repack</li></ul><div ><div><h2>Game Description</h2></div><div ><p><b>Story:</b><br>How far will you go to save the ones you love? Could you face the threats that surround you? Could you face yourself?</p><p>Your world is plunged into madness when the mysterious and deadly Mist surrounds Shin Mikado Academy. In order to save your friends, you enter the Otherworld, a Daemon-filled dimension beyond the real world. Within this enigmatic realm, you must learn to harness your Authority of Vanity and conjure a battalion of Fiends, whose power comes from the Ego of their master.</p><p>Develop your Ego through various psychological tests to enhance the power of your Fiends, and lead your forces into battle to fight with and against the seven \u201cPactbearers\u201d that are corrupting the academy. Embrace the power of your madness to gain strength, but take care not to delve too far, lest you risk losing yourself. Fellow students and instructors will lend you their aid in your quest to resolve the anomalies throughout the campus.</p><p><b><h3>Game Features</h3></b></p><ul><li><b>Descent into Madness:</b> Jump between exploring the Mist of the real world and fighting within the enigmatic Otherworld. Call upon allies, fight enemies, and unravel the mysteries surrounding your academy. Will you save the world or go mad and destroy yourself?</li><li><b>Into The Mist and Beyond:</b> Dive into a dark realm where reality and the self collide. The mysterious worlds you\u2019ll explore are brought to life in a surreal, dark neo-fantasy style, with intricate character designs and evocative settings.</li><li><b>Power of the Ego:</b> Strengthen your Ego and customize the appearance and abilities of your Fiends. Unlock different Fiends to command in battle, and use the freeform tactical system to position your units and unleash destruction upon your enemies.</li></ul></div></div>             </div>"
}