{
    "link": "https://fitgirl-repacks.site/moncage/",
    "title": "Moncage \u2013 v1.01",
    "first_img": "https://i3.imageban.ru/out/2021/11/22/77026f8e6263b5901f6ac59c10c2b8d7.jpg",
    "second_img": "https://s01.riotpixels.net/data/db/90/db90468c-06aa-4790-9f0c-fcacc019ddfa.jpg.240p.jpg",
    "body": "<div ><h2>Moncage \u2013 v1.01</h2><p ><div><a target=\"_blank\" href=\"https://en.riotpixels.com/games/moncage/\" rel=\"noopener\"><img class=\"alignleft\" width=\"150\" src=\"https://i3.imageban.ru/out/2021/11/22/77026f8e6263b5901f6ac59c10c2b8d7.jpg\"></a></div><br>Genres/Tags: <strong>Logic, Puzzle, 3D</strong><br>Companies: <strong>Optillusion, XD</strong><br>Languages: <strong>ENG/MULTI8</strong><br>Original Size: <strong>820 MB</strong><br>Repack Size: <strong>722 MB</strong></p>&nbsp;<div>&nbsp;</div><h3>Download Mirrors</h3><ul><li><a href=\"https://1337x.to/torrent/5060026/Moncage-v1-01-MULTi8-FitGirl-Repack/\" target=\"_blank\" rel=\"noopener\">1337x</a> | [<a href=\"magnet:?xt=urn:btih:941036C59CF31FD3C4A05DF74C20F78AD1E5523F&amp;dn=Moncage+%28v1.01%2C+MULTi8%29+%5BFitGirl+Repack%5D&amp;tr=udp%3A%2F%2F46.148.18.250%3A2710&amp;tr=udp%3A%2F%2Fopentor.org%3A2710&amp;tr=udp%3A%2F%2Ftracker.coppersurfer.tk%3A6969%2Fannounce&amp;tr=udp%3A%2F%2Ftracker.opentrackr.org%3A1337%2Fannounce&amp;tr=http%3A%2F%2Ftracker.dler.org%3A6969%2Fannounce&amp;tr=udp%3A%2F%2Ftracker.leechers-paradise.org%3A6969%2Fannounce&amp;tr=udp%3A%2F%2F9.rarbg.me%3A2730%2Fannounce&amp;tr=udp%3A%2F%2F9.rarbg.to%3A2770%2Fannounce&amp;tr=udp%3A%2F%2Ftracker.pirateparty.gr%3A6969%2Fannounce&amp;tr=http%3A%2F%2Fretracker.local%2Fannounce&amp;tr=http%3A%2F%2Fretracker.ip.ncnet.ru%2Fannounce&amp;tr=udp%3A%2F%2Fexodus.desync.com%3A6969%2Fannounce&amp;tr=udp%3A%2F%2Fipv4.tracker.harry.lu%3A80%2Fannounce&amp;tr=udp%3A%2F%2Fopen.stealth.si%3A80%2Fannounce&amp;tr=udp%3A%2F%2Ftracker.zer0day.to%3A1337%2Fannounce&amp;tr=udp%3A%2F%2Ftracker.leechers-paradise.org%3A6969%2Fannounce&amp;tr=udp%3A%2F%2Fcoppersurfer.tk%3A6969%2Fannounce\">magnet</a>] [<a href=\"https://pastefg.hermietkreeft.site/?2a7c6caaa247a946#DQKW7W96sX2bp3nyFRMeDb7oLLobezmdjmrTnBF1o6cb\" target=\"_blank\" rel=\"noopener\">.torrent file only</a>] <br><img src=\"https://torrent-stats.info/5df7/1b6a63a67.png\" style=\"display:block;clear:both\"></li><li><a href=\"https://tapochek.net/viewtopic.php?p=2813931\" target=\"_blank\" rel=\"noopener\">Tapochek.net</a></li><li><a href=\"https://pastefg.hermietkreeft.site/?afb034eece47544b#6GTPqTQ9A6XK4nmh9AuC42vieHfaYCKwGTPbgKBgRakB\" target=\"_blank\" rel=\"noopener\">Filehoster: MultiUpload</a> (10+ hosters, interchangeable) [Use <a href=\"http://jdownloader.org/jdownloader2\" target=\"_blank\" rel=\"noopener\">JDownloader2</a>]</li><li><a href=\"https://pastefg.hermietkreeft.site/?b70506d19ab6eec6#Eoidp8jiQPDgUjSCAJnC7WSdbN49ay2Z3va62soxn2go\" target=\"_blank\" rel=\"noopener\">Filehoster: ZippyShare</a></li><li><a href=\"https://pastefg.hermietkreeft.site/?da6ac3dc0a0caf86#4Fnuckm88Vjqj4jBP3s5Mx6tE2u8nRSiX7egjzti7GLz\" target=\"_blank\" rel=\"noopener\">Filehoster: BayFiles</a></li><li><a href=\"https://pastefg.hermietkreeft.site/?574b47fb367686e0#63cAsUbdi6SkWEsfJy1KqRRo27qdHq6Y1eTgD5b36c7s\" target=\"_blank\" rel=\"noopener\">Filehoster: LetsUpload</a> [Use <a href=\"http://jdownloader.org/jdownloader2\" target=\"_blank\" rel=\"noopener\">JDownloader2</a>]</li><li><a href=\"https://pastefg.hermietkreeft.site/?9d0957b9bf856b26#EekqL4iDTzEwY8sM2wUZuQoPATCNCdeM33wehmNwovCq\" target=\"_blank\" rel=\"noopener\">Filehoster: OneDrive</a> (Uploaded by DyR0 t(-_-t), NOT compatible with other mirrors)</li><p><!--  <li><a href=\"\" target=\"_blank\" rel=\"noopener\">Filehosters: Google Drive, OneDrive + others</a> (Uploaded by crackhub213)</li>  --></p></ul><p><a href=\"https://cs.rin.ru/forum/viewtopic.php?f=10&amp;t=102693\" target=\"_blank\" rel=\"noopener\">Discussion and (possible) future updates on CS.RIN.RU thread</a></p><h3>Screenshots (Click to enlarge)</h3><p><a target=\"_blank\" href=\"https://en.riotpixels.com/games/moncage/screenshots/5/?utm_source=emb-gfx-html&amp;utm_medium=image&amp;utm_campaign=rp-mass\" rel=\"noopener\"><img loading=\"lazy\" width=\"178\" height=\"100\" border=\"0\" src=\"https://s01.riotpixels.net/data/db/90/db90468c-06aa-4790-9f0c-fcacc019ddfa.jpg.240p.jpg\"></a><a target=\"_blank\" href=\"https://en.riotpixels.com/games/moncage/screenshots/3/?utm_source=emb-gfx-html&amp;utm_medium=image&amp;utm_campaign=rp-mass\" rel=\"noopener\"><img loading=\"lazy\" width=\"178\" height=\"100\" border=\"0\" src=\"https://s01.riotpixels.net/data/a9/73/a9736925-bfe1-480d-892b-6255cf6789b4.jpg.240p.jpg\"></a><a target=\"_blank\" href=\"https://en.riotpixels.com/games/moncage/screenshots/4/?utm_source=emb-gfx-html&amp;utm_medium=image&amp;utm_campaign=rp-mass\" rel=\"noopener\"><img loading=\"lazy\" width=\"178\" height=\"100\" border=\"0\" src=\"https://s01.riotpixels.net/data/80/ea/80ea20e2-2a01-431d-aeef-3223e0033f43.jpg.240p.jpg\"></a><br><a target=\"_blank\" href=\"https://en.riotpixels.com/games/moncage/screenshots/2/?utm_source=emb-gfx-html&amp;utm_medium=image&amp;utm_campaign=rp-mass\" rel=\"noopener\"><img loading=\"lazy\" width=\"178\" height=\"100\" border=\"0\" src=\"https://s01.riotpixels.net/data/68/aa/68aae4d0-c040-4a2d-9309-67b0a3889898.jpg.240p.jpg\"></a><a target=\"_blank\" href=\"https://en.riotpixels.com/games/moncage/screenshots/1/?utm_source=emb-gfx-html&amp;utm_medium=image&amp;utm_campaign=rp-mass\" rel=\"noopener\"><img loading=\"lazy\" width=\"178\" height=\"100\" border=\"0\" src=\"https://s01.riotpixels.net/data/8b/bc/8bbc58e9-deec-47cb-8761-829e952a98f9.jpg.240p.jpg\"></a></p><h3>Repack Features</h3><ul><li>Based on Moncage-PLAZA ISO release: plaza-moncage.iso (860,160,000 bytes)</li><li>100% Lossless &amp; MD5 Perfect: all files are identical to originals after installation</li><li>NOTHING ripped, NOTHING re-encoded</li><li>Slightly smaller archive size (compressed from 820 to 722 MB)</li><li>Installation takes less than a minute</li><li>After-install integrity check so you could make sure that everything installed properly</li><li>HDD space after installation: 1.2 GB</li><li>Language can be changed in game settings</li><li>At least 2 GB of free RAM (inc. virtual) required for installing this repack</li></ul><p><strong style=\"color: #ff009b\">PS: Mindblowing game.</strong></p><div ><div><h2>Game Description</h2></div><div >Moncage is a stunning vignette puzzle adventure developed by Optillusion.<p>The game takes place inside a mysterious cube, with each side of the cube housing a unique world: be it an old factory, a light tower, an amusement park, or a church, etc. At first sight, they may seem random and unrelated, but upon closer look, you will become mesmerized by the subtle and intricate ways of how these worlds connect\u2026\u2026</p><p><b>Solve Puzzles with Mind-Boggling Optical Illusions</b><br>Use your imagination and spare no brain cells to find the connection and pinpoint every possible interaction between different sides of the cube, then watch as the magic unfold in front of you.</p><p><b>Collect All Photos to Unveil the Story</b><br>Behind the puzzles, there lies a story with a surprising twist for the player to uncover. Collect the photos from obscure corners and angles to reveal the underlying story, one photo at a time.</p><p><b>Get Unstuck with Thoughtful Hints</b><br>There is a multitude of guidance systems to help prevent players from getting stuck. Focus can be activated to highlight the key items to the solution, while hint texts are available to provide further clarity. And, if all else fails, video walkthroughs can be unlocked as the ultimate safety plan.</p><p><b>Prove Your Puzzle-Solving Skills with Medals</b><br>There are a total of 15 achievements in the game, each corresponding with a Medal that has been crafted with a uniquely stunning design. A complete collection of the 15 Medals could be the perfect evidence to attest to your master puzzle-solving skills~</p></div></div>             </div>"
}