{
    "link": "https://fitgirl-repacks.site/moonglow-bay/",
    "title": "Moonglow Bay",
    "first_img": "https://i5.imageban.ru/out/2021/10/27/e4e878bc836b3dc057d4aae2a8be5f6b.jpg",
    "second_img": "https://s01.riotpixels.net/data/02/0a/020a2a4e-bc68-4a1a-ae9e-a0afc33c1210.jpg.240p.jpg",
    "body": "<div ><h2>Moonglow Bay</h2><p ><div><a target=\"_blank\" href=\"https://en.riotpixels.com/games/moonglow-bay/\" rel=\"noopener\"><img class=\"alignleft\" width=\"150\" src=\"https://i5.imageban.ru/out/2021/10/27/e4e878bc836b3dc057d4aae2a8be5f6b.jpg\"></a></div><br>Genres/Tags: <strong>Lifestyle, RPG, Angling, Isometric, Retro, 3D</strong><br>Companies: <strong>Bunnyhug, Coatsink</strong><br>Languages: <strong>ENG/MULTI7</strong><br>Original Size: <strong>756 MB</strong><br>Repack Size: <strong>511 MB</strong></p>&nbsp;<div>&nbsp;</div><h3>Download Mirrors</h3><ul><li><a href=\"https://1337x.to/torrent/5031921/Moonglow-Bay-MULTi7-FitGirl-Repack/\" target=\"_blank\" rel=\"noopener\">1337x</a> | [<a href=\"magnet:?xt=urn:btih:5749B248B7D089DBD805FD4413863578647CACB7&amp;dn=Moonglow+Bay+%28MULTi7%29+%5BFitGirl+Repack%5D&amp;tr=udp%3A%2F%2F46.148.18.250%3A2710&amp;tr=udp%3A%2F%2Fopentor.org%3A2710&amp;tr=udp%3A%2F%2Ftracker.coppersurfer.tk%3A6969%2Fannounce&amp;tr=udp%3A%2F%2Ftracker.opentrackr.org%3A1337%2Fannounce&amp;tr=http%3A%2F%2Ftracker.dler.org%3A6969%2Fannounce&amp;tr=udp%3A%2F%2Ftracker.leechers-paradise.org%3A6969%2Fannounce&amp;tr=udp%3A%2F%2F9.rarbg.me%3A2730%2Fannounce&amp;tr=udp%3A%2F%2F9.rarbg.to%3A2770%2Fannounce&amp;tr=udp%3A%2F%2Ftracker.pirateparty.gr%3A6969%2Fannounce&amp;tr=http%3A%2F%2Fretracker.local%2Fannounce&amp;tr=http%3A%2F%2Fretracker.ip.ncnet.ru%2Fannounce&amp;tr=udp%3A%2F%2Fexodus.desync.com%3A6969%2Fannounce&amp;tr=udp%3A%2F%2Fipv4.tracker.harry.lu%3A80%2Fannounce&amp;tr=udp%3A%2F%2Fopen.stealth.si%3A80%2Fannounce&amp;tr=udp%3A%2F%2Ftracker.zer0day.to%3A1337%2Fannounce&amp;tr=udp%3A%2F%2Ftracker.leechers-paradise.org%3A6969%2Fannounce&amp;tr=udp%3A%2F%2Fcoppersurfer.tk%3A6969%2Fannounce\">magnet</a>] [<a href=\"https://pastefg.hermietkreeft.site/?561e7fbec20e8e92#GgUrFVywLsSJAGXiyXQQSuc2QNnuTcsQGX5ZXcQwN6Du\" target=\"_blank\" rel=\"noopener\">.torrent file only</a>] <br><img src=\"https://torrent-stats.info/fd44/49502eaf4.png\" style=\"display:block;clear:both\"></li><li><a href=\"https://tapochek.net/viewtopic.php?p=2808204\" target=\"_blank\" rel=\"noopener\">Tapochek.net</a></li><li><a href=\"https://pastefg.hermietkreeft.site/?718ad590aa64f7af#BTE3XnqGAqEqbscKhrBDQak1nYjB2VebuKsBgbs4zZTR\" target=\"_blank\" rel=\"noopener\">Filehoster: MultiUpload</a> (10+ hosters, interchangeable) [Use <a href=\"http://jdownloader.org/jdownloader2\" target=\"_blank\" rel=\"noopener\">JDownloader2</a>]</li><li><a href=\"https://pastefg.hermietkreeft.site/?c572b495ff76ed11#7nQHHiX1FuqKbfUUahNzw2YMHmFKFD4iHH6nBJ1LBY2J\" target=\"_blank\" rel=\"noopener\">Filehoster: PixelDrain</a></li><li><a href=\"https://pastefg.hermietkreeft.site/?c37ae93b069a002f#ZtCZXjL1VjVvE5R61xnDVJucZtEZS8LhL2vwerPEqQF\" target=\"_blank\" rel=\"noopener\">Filehoster: ZippyShare</a></li><li><a href=\"https://pastefg.hermietkreeft.site/?e6db3f820f217774#BBsgEc1rLvr9MTDLFx4hnFQRGAEpgughHUohGQ76nSPG\" target=\"_blank\" rel=\"noopener\">Filehoster: BayFiles</a></li><li><a href=\"https://pastefg.hermietkreeft.site/?ed8337cbbe3d0fa6#D9scVE8sjArLYBfLXCdqcNixsykYWNkSJkAFu4YrfzZ1\" target=\"_blank\" rel=\"noopener\">Filehoster: LetsUpload</a> [Use <a href=\"http://jdownloader.org/jdownloader2\" target=\"_blank\" rel=\"noopener\">JDownloader2</a>]</li><p><!--  <li><a href=\"\" target=\"_blank\" rel=\"noopener\">Filehoster: OneDrive</a> (Uploaded by DyR0 t(-_-t), NOT compatible with other mirrors)</li>  --><br><!--  <li><a href=\"\" target=\"_blank\" rel=\"noopener\">Filehosters: Google Drive, OneDrive + others</a> (Uploaded by crackhub213)</li>  --></p></ul><p><a href=\"https://cs.rin.ru/forum/viewtopic.php?f=10&amp;t=112336\" target=\"_blank\" rel=\"noopener\">Discussion and (possible) future updates on CS.RIN.RU thread</a></p><h3>Screenshots (Click to enlarge)</h3><p><a target=\"_blank\" href=\"https://en.riotpixels.com/games/moonglow-bay/screenshots/6/?utm_source=emb-gfx-html&amp;utm_medium=image&amp;utm_campaign=rp-mass\" rel=\"noopener\"><img loading=\"lazy\" width=\"178\" height=\"100\" border=\"0\" src=\"https://s01.riotpixels.net/data/02/0a/020a2a4e-bc68-4a1a-ae9e-a0afc33c1210.jpg.240p.jpg\"></a><a target=\"_blank\" href=\"https://en.riotpixels.com/games/moonglow-bay/screenshots/5/?utm_source=emb-gfx-html&amp;utm_medium=image&amp;utm_campaign=rp-mass\" rel=\"noopener\"><img loading=\"lazy\" width=\"178\" height=\"100\" border=\"0\" src=\"https://s01.riotpixels.net/data/92/29/9229b236-db4e-47eb-ae3d-93767049c073.jpg.240p.jpg\"></a><a target=\"_blank\" href=\"https://en.riotpixels.com/games/moonglow-bay/screenshots/4/?utm_source=emb-gfx-html&amp;utm_medium=image&amp;utm_campaign=rp-mass\" rel=\"noopener\"><img loading=\"lazy\" width=\"178\" height=\"100\" border=\"0\" src=\"https://s01.riotpixels.net/data/6a/2e/6a2e1331-0ab9-4919-b21b-4c5c6d9c3439.jpg.240p.jpg\"></a><br><a target=\"_blank\" href=\"https://en.riotpixels.com/games/moonglow-bay/screenshots/3/?utm_source=emb-gfx-html&amp;utm_medium=image&amp;utm_campaign=rp-mass\" rel=\"noopener\"><img loading=\"lazy\" width=\"178\" height=\"100\" border=\"0\" src=\"https://s01.riotpixels.net/data/48/46/4846716d-fdd7-4311-966f-75ddb292d389.jpg.240p.jpg\"></a><a target=\"_blank\" href=\"https://en.riotpixels.com/games/moonglow-bay/screenshots/1/?utm_source=emb-gfx-html&amp;utm_medium=image&amp;utm_campaign=rp-mass\" rel=\"noopener\"><img loading=\"lazy\" width=\"178\" height=\"100\" border=\"0\" src=\"https://s01.riotpixels.net/data/b4/ee/b4eefd38-b474-424a-b67e-2c9f3a0ba684.jpg.240p.jpg\"></a></p><h3>Repack Features</h3><ul><li>Based on Moonglow.Bay-CODEX ISO release: codex-moonglow.bay.iso (793,149,440 bytes)</li><li>100% Lossless &amp; MD5 Perfect: all files are identical to originals after installation</li><li>NOTHING ripped, NOTHING re-encoded</li><li>Significantly smaller archive size (compressed from 756 to 511 MB)</li><li>Installation takes one minute</li><li>After-install integrity check so you could make sure that everything installed properly</li><li>HDD space after installation: 4.1 GB</li><li>Language can be changed in game settings</li><li>At least 2 GB of free RAM (inc. virtual) required for installing this repack</li></ul><div ><div><h2>Game Description</h2></div><div ><p><b>HOME IS WHERE OUR STORY BEGINS\u2026</b></p><p>Moonglow Bay is set along the Eastern Canadian coastline during the 1980s and offers players a diverse and emotionally charged story, complemented by a relaxing, slice-of-life fishing RPG.</p><p>You play as a rookie angler, struggling to fulfil your partner\u2019s final wish by keeping a business afloat in the face of impending bankruptcy.</p><p>Whether playing solo or with a friend in drop-in-drop-out local co-op, you\u2019ll need to cook your catch of the day, then sell a variety of recipes to upgrade your shop, gear, and fishing boat.</p><p>Combining a playful voxel art style with a sumptuous soundtrack, your journey is split into several distinct story arcs featuring a fully-inhabited town to traverse and the potential for epic encounters with the rumoured Mystical Monsters of Moonglow.</p><p>With your journal and rod in hand, explore the furthest reaches of the ocean, from frigid glaciers to boiling geysers, and learn to cast nets, set traps and fish through ice, documenting over 100 varied aquatic species while uncovering the secrets of Moonglow Bay.</p></div></div>             </div>"
}