{
    "link": "https://fitgirl-repacks.site/mortal-shell/",
    "title": "Mortal Shell \u2013 Build 08.12.21 Revision 1.014528 + The Virtuous Cycle DLC",
    "first_img": "https://i6.imageban.ru/out/2021/08/18/dcd9721522931e4cd3b430c1fd27d470.jpg",
    "second_img": "https://s01.riotpixels.net/data/96/98/96985a48-3db5-4fae-b99a-035556204880.jpg.240p.jpg",
    "body": "<div ><h2>Mortal Shell \u2013 Build 08.12.21 Revision 1.014528 + The Virtuous Cycle DLC</h2><p ><div><a target=\"_blank\" href=\"http://en.riotpixels.com/games/mortal-shell/\" rel=\"noopener\"><img class=\"alignleft\" width=\"150\" src=\"https://i6.imageban.ru/out/2021/08/18/dcd9721522931e4cd3b430c1fd27d470.jpg\"></a></div><br>Genres/Tags: <strong>RPG, Action RPG, Third-person, 3D</strong><br>Companies: <strong>Cold Symmetry, Playstack</strong><br>Languages: <strong>RUS/ENG/MULTI13</strong><br>Original Size: <strong>8.3 GB</strong><br>Repack Size: <strong>5.5 GB</strong></p>&nbsp;<div>&nbsp;</div><h3>Download Mirrors</h3><ul><li><a href=\"https://1337x.to/torrent/4956702/Mortal-Shell-Build-08-12-21-Rev-1-014528-The-Virtuous-Cycle-DLC-MULTi14-FitGirl-Repack/\" target=\"_blank\" rel=\"noopener\">1337x</a> | [<a href=\"magnet:?xt=urn:btih:16377E61652C958A813675643134DDF6E56DCCED&amp;dn=Mortal+Shell+%28Build+08.12.21+Rev.+1.014528+%2B+The+Virtuous+Cycle+DLC%2C+MULTi14%29+%5BFitGirl+Repack%5D&amp;tr=udp%3A%2F%2F46.148.18.250%3A2710&amp;tr=udp%3A%2F%2Fopentor.org%3A2710&amp;tr=udp%3A%2F%2Ftracker.coppersurfer.tk%3A6969%2Fannounce&amp;tr=udp%3A%2F%2Ftracker.opentrackr.org%3A1337%2Fannounce&amp;tr=http%3A%2F%2Ftracker.dler.org%3A6969%2Fannounce&amp;tr=udp%3A%2F%2Ftracker.leechers-paradise.org%3A6969%2Fannounce&amp;tr=udp%3A%2F%2F9.rarbg.me%3A2730%2Fannounce&amp;tr=udp%3A%2F%2F9.rarbg.to%3A2770%2Fannounce&amp;tr=udp%3A%2F%2Ftracker.pirateparty.gr%3A6969%2Fannounce&amp;tr=http%3A%2F%2Fretracker.local%2Fannounce&amp;tr=http%3A%2F%2Fretracker.ip.ncnet.ru%2Fannounce&amp;tr=udp%3A%2F%2Fexodus.desync.com%3A6969%2Fannounce&amp;tr=udp%3A%2F%2Fipv4.tracker.harry.lu%3A80%2Fannounce&amp;tr=udp%3A%2F%2Fopen.stealth.si%3A80%2Fannounce&amp;tr=udp%3A%2F%2Ftracker.zer0day.to%3A1337%2Fannounce&amp;tr=udp%3A%2F%2Ftracker.leechers-paradise.org%3A6969%2Fannounce&amp;tr=udp%3A%2F%2Fcoppersurfer.tk%3A6969%2Fannounce\">magnet</a>] [<a href=\"https://pastefg.hermietkreeft.site/?7d63e945110ae629#E8imXD36UYviqv9Kfenk9pAHjQ6AS8vzaMn7HeXUH6Ki\" target=\"_blank\" rel=\"noopener\">.torrent file only</a>] <br><img src=\"https://torrent-stats.info/7564/21628f21c.png\" style=\"display:block;clear:both\"></li><li><a href=\"http://rutor.info/torrent/830325/mortal-shell-v-1.014528-dlc-2020-pc-repack-ot-fitgirl\" target=\"_blank\" rel=\"noopener\">RuTor</a> [<a href=\"magnet:?xt=urn:btih:16377e61652c958a813675643134ddf6e56dcced&amp;dn=rutor.info_Mortal+Shell+%5Bv+1.014528+%2B+DLC%5D+%282020%29+PC+%7C+RePack+%D0%BE%D1%82+FitGirl&amp;tr=udp://opentor.org:2710&amp;tr=udp://opentor.org:2710&amp;tr=http://retracker.local/announce\">magnet</a>]</li><li><a href=\"https://tapochek.net/viewtopic.php?p=2795430\" target=\"_blank\" rel=\"noopener\">Tapochek.net</a></li><li><a href=\"https://pastefg.hermietkreeft.site/?38032e8a26f41651#3iBRYwtX31ug3ikWFmRTsEKMcKFA99jCP3nir6s5wNnD\" target=\"_blank\" rel=\"noopener\">Filehoster: MultiUpload</a> (10+ hosters, interchangeable) [Use <a href=\"http://jdownloader.org/jdownloader2\" target=\"_blank\" rel=\"noopener\">JDownloader2</a>]</li><li><a href=\"https://pastefg.hermietkreeft.site/?ab3eab81a606783d#6iMTtXsrHKgdPBNHtuZo1Y7jjoCQFVwi2cpgm3prDGGB\" target=\"_blank\" rel=\"noopener\">Filehoster: PixelDrain</a></li><li><a href=\"https://pastefg.hermietkreeft.site/?a2871aa1806ccb4f#25noKmGdgVZ5Wc83JcLHqLvdvthZtZqrXDwzNkz6WEWr\" target=\"_blank\" rel=\"noopener\">Filehoster: ZippyShare</a></li><li><a href=\"https://pastefg.hermietkreeft.site/?5c6511cc0730a3e3#H9kiGiVPF1oGg1gkDYBRCptsQLuxr2TtwgZEJjaLRE32\" target=\"_blank\" rel=\"noopener\">Filehoster: LetsUpload</a> [Use <a href=\"http://jdownloader.org/jdownloader2\" target=\"_blank\" rel=\"noopener\">JDownloader2</a>]</li><li><a href=\"https://pastefg.hermietkreeft.site/?104bf0294f655183#CgrRyGetaXFcccs9AKPk62cVqhS7xntmPVVX1Bx8VmUp\" target=\"_blank\" rel=\"noopener\">Filehoster: OneDrive</a> (Uploaded by DyR0 t(-_-t), NOT compatible with other mirrors)</li></ul><p><a href=\"https://cs.rin.ru/forum/viewtopic.php?f=10&amp;t=104575\" target=\"_blank\" rel=\"noopener\">Discussion and (possible) future updates on CS.RIN.RU thread</a></p><h3>Screenshots (Click to enlarge)</h3><p><a target=\"_blank\" href=\"http://en.riotpixels.com/games/mortal-shell/screenshots/24/?utm_source=emb-gfx-html&amp;utm_medium=image&amp;utm_campaign=rp-mass\" rel=\"noopener\"><img loading=\"lazy\" width=\"178\" height=\"100\" border=\"0\" src=\"https://s01.riotpixels.net/data/96/98/96985a48-3db5-4fae-b99a-035556204880.jpg.240p.jpg\"></a><a target=\"_blank\" href=\"http://en.riotpixels.com/games/mortal-shell/screenshots/23/?utm_source=emb-gfx-html&amp;utm_medium=image&amp;utm_campaign=rp-mass\" rel=\"noopener\"><img loading=\"lazy\" width=\"178\" height=\"100\" border=\"0\" src=\"https://s01.riotpixels.net/data/fd/62/fd6272f9-96a7-4a0a-adf7-67aaa0ea7268.jpg.240p.jpg\"></a><a target=\"_blank\" href=\"http://en.riotpixels.com/games/mortal-shell/screenshots/21/?utm_source=emb-gfx-html&amp;utm_medium=image&amp;utm_campaign=rp-mass\" rel=\"noopener\"><img loading=\"lazy\" width=\"178\" height=\"100\" border=\"0\" src=\"https://s01.riotpixels.net/data/cf/0a/cf0a21cd-5967-4a08-9495-54ddfdc1b598.jpg.240p.jpg\"></a><br><a target=\"_blank\" href=\"http://en.riotpixels.com/games/mortal-shell/screenshots/20/?utm_source=emb-gfx-html&amp;utm_medium=image&amp;utm_campaign=rp-mass\" rel=\"noopener\"><img loading=\"lazy\" width=\"178\" height=\"100\" border=\"0\" src=\"https://s01.riotpixels.net/data/1e/5d/1e5d3e6c-1c36-4b85-9dd6-2bad60cd1d8d.jpg.240p.jpg\"></a><a target=\"_blank\" href=\"http://en.riotpixels.com/games/mortal-shell/screenshots/17/?utm_source=emb-gfx-html&amp;utm_medium=image&amp;utm_campaign=rp-mass\" rel=\"noopener\"><img loading=\"lazy\" width=\"178\" height=\"100\" border=\"0\" src=\"https://s01.riotpixels.net/data/59/98/5998fcea-4f95-4615-9b07-8508544d4d2e.jpg.240p.jpg\"></a><a target=\"_blank\" href=\"http://en.riotpixels.com/games/mortal-shell/screenshots/14/?utm_source=emb-gfx-html&amp;utm_medium=image&amp;utm_campaign=rp-mass\" rel=\"noopener\"><img loading=\"lazy\" width=\"178\" height=\"100\" border=\"0\" src=\"https://s01.riotpixels.net/data/0c/5a/0c5a31d9-9b54-4b6f-8475-7be2e55191b5.jpg.240p.jpg\"></a></p><h3>Repack Features</h3><ul><li>Based on Mortal_Shell_The_Virtuous_Cycle-FLT ISO release: flt-mortal_shell_the_virtuous_cycle.iso (8,927,215,616 bytes)</li><li>Game version: Build 08.12.21 Revision 1.014528, The Virtuous Cycle DLC is included and activated</li><li>100% Lossless &amp; MD5 Perfect: all files are identical to originals after installation</li><li>NOTHING ripped, NOTHING re-encoded</li><li>Significantly smaller archive size (compressed from 8.3 to 5.5 GB)</li><li>Installation takes 2-5 minutes (depending on your system)</li><li>After-install integrity check so you could make sure that everything installed properly</li><li>HDD space after installation: 14.9 GB</li><li>Language can be changed in game settings</li><li>Repack uses XTool library by Razor12911</li><li>At least 2 GB of free RAM (inc. virtual) required for installing this repack</li></ul><div ><div><h2>Game Description</h2></div><div ><p>Mortal Shell is a deep action-RPG that tests your sanity and resilience in a shattered world. As the remains of humanity wither and rot, zealous foes fester in the ruins. They spare no mercy, with survival demanding superior awareness, precision and instincts. Track down hidden sanctums of devout followers and discover your true purpose.</p><p>Possess Lost Warriors. The dead litter this tattered landscape, but not all are without hope. The lost remains of defeated warriors are yours to discover. Awaken these Mortal Shells, occupy their bodies and significantly open your understanding to diverse masteries of combat.</p><p>Face Haunting Foes. Your path is guarded by desperate adversaries, devoted to inscrutable gods. Behold creatures both pitiable and grotesque, but do not let fear halt your journey. Muster your courage and face them down.</p><p>Iron Sharpens Iron. Combat is strategic and deliberate. You must commit your sword only when an opportunity opens. Calculate your parries to unleash devastating counterblows. Temporarily entomb your Mortal Shell in stone to block attacks, or play aggressive and use your stone-form to add brutal weight to your own sword swings.</p><p><b>The Virtuous Cycle</b></p><p>The Virtuous Cycle is a game-altering roguelike expansion for the award winning Mortal Shell.</p><p>Prove your resolve once more, foundling. A blackened sky will be your only certainty as you descend once again through an ever-shifting and never forgiving landscape. Adapt, salvage, invest, and enhance to escape this unending abyss.</p><p>\u201cBeware, upon death, a new cycle will begin\u2026\u201d</p><p>Carve your own path to deliverance in this self-altering world where no two runs are ever the same. Create your own combat discipline from upgrade pillars that are scattered across Fallgrim and beyond. More than 100 upgrades are yours to inherit, from exotic weapon enhancements to entirely new maneuvers.</p><p>Once your elusive teacher, now yours to master. Hadern becomes Mortal Shell\u2019s fifth possessable Shell, playable within both Mortal Shell\u2019s main campaign and The Virtuous Cycle. His unique skill tree unlocks a new domain of innate talents, from dagger mastery to a fearsome ability to absorb punishment.</p><p>Fallgrim\u2019s most venerable weapon has been unearthed. In your hands the Axatana bends to your will, assembling itself into a supreme heavy axe when the moment calls, and detaching into lightning-fast dual katanas when you desire. Unique movesets for both stances are yours to unlock.</p></div></div><p><b>Backwards Compatibility</b></p><p>This repack IS NOT backwards compatible with my previous Mortal Shell repacks.</p>             </div>"
}