{
    "link": "https://fitgirl-repacks.site/motherland/",
    "title": "Motherland",
    "first_img": "https://i7.imageban.ru/out/2021/11/12/cd2c6e3bc1eb809728c6d24df9116365.jpg",
    "second_img": "https://s01.riotpixels.net/data/df/f4/dff4072d-60ba-4e91-be0f-5d3597fda5fa.jpg.240p.jpg",
    "body": "<div ><h2>Motherland</h2><p ><div><a target=\"_blank\" href=\"https://en.riotpixels.com/games/motherland/\" rel=\"noopener\"><img class=\"alignleft\" width=\"150\" src=\"https://i7.imageban.ru/out/2021/11/12/cd2c6e3bc1eb809728c6d24df9116365.jpg\"></a></div><br>Genres/Tags: <strong>Adventure, First-person, 3D</strong><br>Company: <strong>Andreev Worlds</strong><br>Languages: <strong>RUS/ENG/CHI</strong><br>Original Size: <strong>11.9 GB</strong><br>Repack Size: <strong>7.9 GB</strong></p>&nbsp;<div>&nbsp;</div><h3>Download Mirrors</h3><ul><li><a href=\"https://1337x.to/torrent/5049725/Motherland-MULTi3-FitGirl-Repack/\" target=\"_blank\" rel=\"noopener\">1337x</a> | [<a href=\"magnet:?xt=urn:btih:22EEBD28FBF427C01423CC81408E472AF6631B55&amp;dn=Motherland+%28MULTi3%29+%5BFitGirl+Repack%5D&amp;tr=udp%3A%2F%2F46.148.18.250%3A2710&amp;tr=udp%3A%2F%2Fopentor.org%3A2710&amp;tr=udp%3A%2F%2Ftracker.coppersurfer.tk%3A6969%2Fannounce&amp;tr=udp%3A%2F%2Ftracker.opentrackr.org%3A1337%2Fannounce&amp;tr=http%3A%2F%2Ftracker.dler.org%3A6969%2Fannounce&amp;tr=udp%3A%2F%2Ftracker.leechers-paradise.org%3A6969%2Fannounce&amp;tr=udp%3A%2F%2F9.rarbg.me%3A2730%2Fannounce&amp;tr=udp%3A%2F%2F9.rarbg.to%3A2770%2Fannounce&amp;tr=udp%3A%2F%2Ftracker.pirateparty.gr%3A6969%2Fannounce&amp;tr=http%3A%2F%2Fretracker.local%2Fannounce&amp;tr=http%3A%2F%2Fretracker.ip.ncnet.ru%2Fannounce&amp;tr=udp%3A%2F%2Fexodus.desync.com%3A6969%2Fannounce&amp;tr=udp%3A%2F%2Fipv4.tracker.harry.lu%3A80%2Fannounce&amp;tr=udp%3A%2F%2Fopen.stealth.si%3A80%2Fannounce&amp;tr=udp%3A%2F%2Ftracker.zer0day.to%3A1337%2Fannounce&amp;tr=udp%3A%2F%2Ftracker.leechers-paradise.org%3A6969%2Fannounce&amp;tr=udp%3A%2F%2Fcoppersurfer.tk%3A6969%2Fannounce\">magnet</a>] [<a href=\"https://pastefg.hermietkreeft.site/?e9ea8830e65a05a6#83kMJ1JEiQmLMxsxiSPUrK5Xcw3UKUFiwKR8ngeLG82X\" target=\"_blank\" rel=\"noopener\">.torrent file only</a>] <br><img src=\"https://torrent-stats.info/cc81/3b7b40c5a.png\" style=\"display:block;clear:both\"></li><li><a href=\"http://rutor.info/torrent/845235/motherland-2021-pc-repack-ot-fitgirl\" target=\"_blank\" rel=\"noopener\">RuTor</a> [<a href=\"magnet:?xt=urn:btih:22eebd28fbf427c01423cc81408e472af6631b55&amp;dn=rutor.info_Motherland+%282021%29+PC+%7C+RePack+%D0%BE%D1%82+FitGirl&amp;tr=udp://opentor.net:6969&amp;tr=udp://opentor.org:2710&amp;tr=http://retracker.local/announce\">magnet</a>]</li><li><a href=\"https://tapochek.net/viewtopic.php?p=2811976\" target=\"_blank\" rel=\"noopener\">Tapochek.net</a></li><li><a href=\"https://pastefg.hermietkreeft.site/?a9321d18931a1235#7fH4nHdhewpq1oD4d1jbiCMy7xH8p5AnehDjXBAtBEPo\" target=\"_blank\" rel=\"noopener\">Filehoster: MultiUpload</a> (10+ hosters, interchangeable) [Use <a href=\"http://jdownloader.org/jdownloader2\" target=\"_blank\" rel=\"noopener\">JDownloader2</a>]</li><li><a href=\"https://pastefg.hermietkreeft.site/?b6353ba425f899c8#G5oC5dkkahXE3hzqEgfNRnYasimLHXZv3X8Xp5mgRZS1\" target=\"_blank\" rel=\"noopener\">Filehoster: ZippyShare</a></li><li><a href=\"https://pastefg.hermietkreeft.site/?be9cf265351cd529#CnWd9wRrrwLhAznPmqiZJ98Bh52JCisSEsnXQu9LJARP\" target=\"_blank\" rel=\"noopener\">Filehoster: BayFiles</a></li><li><a href=\"https://pastefg.hermietkreeft.site/?3ac4082b5fbe388b#6A2gCrCnPWoKs72Bd6rnCbYYJhCWajADLRRFRMaQ7Jy5\" target=\"_blank\" rel=\"noopener\">Filehoster: LetsUpload</a> [Use <a href=\"http://jdownloader.org/jdownloader2\" target=\"_blank\" rel=\"noopener\">JDownloader2</a>]</li><li><a href=\"https://pastefg.hermietkreeft.site/?d5313a465ecce737#7stb4bdroCPE2TxJGbtriqGQCBcofR2BAC2Ru27rgPvH\" target=\"_blank\" rel=\"noopener\">Filehoster: OneDrive</a> (Uploaded by DyR0 t(-_-t), NOT compatible with other mirrors)</li><p><!--  <li><a href=\"\" target=\"_blank\" rel=\"noopener\">Filehosters: Google Drive, OneDrive + others</a> (Uploaded by crackhub213)</li>  --></p></ul><p><a href=\"https://cs.rin.ru/forum/viewtopic.php?f=10&amp;t=117191\" target=\"_blank\" rel=\"noopener\">Discussion and (possible) future updates on CS.RIN.RU thread</a></p><h3>Screenshots (Click to enlarge)</h3><p><a target=\"_blank\" href=\"https://en.riotpixels.com/games/motherland/screenshots/15/?utm_source=emb-gfx-html&amp;utm_medium=image&amp;utm_campaign=rp-mass\" rel=\"noopener\"><img loading=\"lazy\" width=\"178\" height=\"100\" border=\"0\" src=\"https://s01.riotpixels.net/data/df/f4/dff4072d-60ba-4e91-be0f-5d3597fda5fa.jpg.240p.jpg\"></a><a target=\"_blank\" href=\"https://en.riotpixels.com/games/motherland/screenshots/14/?utm_source=emb-gfx-html&amp;utm_medium=image&amp;utm_campaign=rp-mass\" rel=\"noopener\"><img loading=\"lazy\" width=\"178\" height=\"100\" border=\"0\" src=\"https://s01.riotpixels.net/data/77/89/778969bf-192b-4f51-99f0-748f41d57175.jpg.240p.jpg\"></a><a target=\"_blank\" href=\"https://en.riotpixels.com/games/motherland/screenshots/11/?utm_source=emb-gfx-html&amp;utm_medium=image&amp;utm_campaign=rp-mass\" rel=\"noopener\"><img loading=\"lazy\" width=\"178\" height=\"100\" border=\"0\" src=\"https://s01.riotpixels.net/data/07/25/07250fb6-9015-457d-a56b-b6d16576206a.jpg.240p.jpg\"></a><br><a target=\"_blank\" href=\"https://en.riotpixels.com/games/motherland/screenshots/9/?utm_source=emb-gfx-html&amp;utm_medium=image&amp;utm_campaign=rp-mass\" rel=\"noopener\"><img loading=\"lazy\" width=\"178\" height=\"100\" border=\"0\" src=\"https://s01.riotpixels.net/data/76/f7/76f766f3-f64c-4002-bb56-682c7fbf7d12.jpg.240p.jpg\"></a><a target=\"_blank\" href=\"https://en.riotpixels.com/games/motherland/screenshots/6/?utm_source=emb-gfx-html&amp;utm_medium=image&amp;utm_campaign=rp-mass\" rel=\"noopener\"><img loading=\"lazy\" width=\"178\" height=\"100\" border=\"0\" src=\"https://s01.riotpixels.net/data/e6/56/e656a917-b996-434d-8502-c80787e0420f.jpg.240p.jpg\"></a><a target=\"_blank\" href=\"https://en.riotpixels.com/games/motherland/screenshots/2/?utm_source=emb-gfx-html&amp;utm_medium=image&amp;utm_campaign=rp-mass\" rel=\"noopener\"><img loading=\"lazy\" width=\"178\" height=\"100\" border=\"0\" src=\"https://s01.riotpixels.net/data/76/92/76920c77-e358-4fd9-9640-7ee069229c70.jpg.240p.jpg\"></a></p><h3>Repack Features</h3><ul><li>Based on Motherland-PLAZA ISO release: plaza-motherland.iso (12,766,019,584 bytes)</li><li>100% Lossless &amp; MD5 Perfect: all files are identical to originals after installation</li><li>NOTHING ripped, NOTHING re-encoded</li><li>Significantly smaller archive size (compressed from 11.9 to 7.9 GB)</li><li>Installation takes 5-10 minutes (depending on your system)</li><li>After-install integrity check so you could make sure that everything installed properly</li><li>HDD space after installation: 12 GB</li><li>Language can be changed in game settings</li><li>Repack uses XTool library by Razor12911</li><li>At least 2 GB of free RAM (inc. virtual) required for installing this repack</li></ul><div ><div><h2>Game Description</h2></div><div ><b>Don\u2019t leave the town, don\u2019t make a mistake.</b><p><b>Motherland</b> (A sad fairytale for adults) is an indie-game that allows you to immerse in the atmosphere of a provincial town during the epidemic.</p><p>You are a tourist who came to Russia from another country. By the will of fate you find yourself in a provincial town. Now you can finally get to know the local traditions and culture. But when the time to return home came, the borders got closed\u2026</p><p>Now you have to stay in a small rented apartment. Staying in a damp, poorly heated place for too long makes you ill. You decide to go outside to get some fresh air and buy medicine at the local pharmacy.</p><p><b><h3>Game Features</h3></b></p><ul><li>Immersive gameplay</li><li>The atmosphere of a small provincial town</li><li>Non-linear narrative</li><li>Variety of fully-voiced colorful characters</li><li>Freedom of action (within the limits of the law)</li><li>Vast open world</li><li>Undying and iconic Russian panel houses</li><li>Omnipresent sense of sadness</li><li>Everlasting sorrow</li><li>Nonsense and jokes</li></ul></div></div>             </div>"
}