{
    "link": "https://fitgirl-repacks.site/motorcycle-mechanic-simulator-2021/",
    "title": "Motorcycle Mechanic Simulator 2021 \u2013 v1.0.12",
    "first_img": "https://i116.fastpic.org/big/2021/1120/7d/4d04c33e4e4e8c81f7b500558d95347d.jpg",
    "second_img": "https://s01.riotpixels.net/data/7f/c8/7fc89f23-cf4c-4f5c-952c-f089d2d7e3e4.jpg.240p.jpg",
    "body": "<div ><h2>Motorcycle Mechanic Simulator 2021 \u2013 v1.0.12</h2><p ><div><a target=\"_blank\" href=\"https://en.riotpixels.com/games/motorcycle-mechanic-simulator-2021/\" rel=\"noopener\"><img class=\"alignleft\" width=\"150\" src=\"https://i116.fastpic.org/big/2021/1120/7d/4d04c33e4e4e8c81f7b500558d95347d.jpg\"></a></div><br>Genres/Tags: <strong>Lifestyle, First-person, 3D</strong><br>Companies: <strong>PlayWay S.A., Play2Chill S.A. </strong><br>Languages: <strong>RUS/ENG/MULTI14</strong><br>Original Size: <strong>12.5 GB</strong><br>Repack Size: <strong>6.4 GB</strong></p>&nbsp;<div>&nbsp;</div><h3>Download Mirrors</h3><ul><li><a href=\"https://1337x.to/torrent/5058132/Motorcycle-Mechanic-Simulator-2021-v1-0-12-MULTi14-FitGirl-Repack/\" target=\"_blank\" rel=\"noopener\">1337x</a> | [<a href=\"magnet:?xt=urn:btih:37A6E8A90C6A9FECA43C92306CE336B7A869D284&amp;dn=Motorcycle+Mechanic+Simulator+2021+%28v1.0.12%2C+MULTi14%29+%5BFitGirl+Repack%5D&amp;tr=udp%3A%2F%2F46.148.18.250%3A2710&amp;tr=udp%3A%2F%2Fopentor.org%3A2710&amp;tr=udp%3A%2F%2Ftracker.coppersurfer.tk%3A6969%2Fannounce&amp;tr=udp%3A%2F%2Ftracker.opentrackr.org%3A1337%2Fannounce&amp;tr=http%3A%2F%2Ftracker.dler.org%3A6969%2Fannounce&amp;tr=udp%3A%2F%2Ftracker.leechers-paradise.org%3A6969%2Fannounce&amp;tr=udp%3A%2F%2F9.rarbg.me%3A2730%2Fannounce&amp;tr=udp%3A%2F%2F9.rarbg.to%3A2770%2Fannounce&amp;tr=udp%3A%2F%2Ftracker.pirateparty.gr%3A6969%2Fannounce&amp;tr=http%3A%2F%2Fretracker.local%2Fannounce&amp;tr=http%3A%2F%2Fretracker.ip.ncnet.ru%2Fannounce&amp;tr=udp%3A%2F%2Fexodus.desync.com%3A6969%2Fannounce&amp;tr=udp%3A%2F%2Fipv4.tracker.harry.lu%3A80%2Fannounce&amp;tr=udp%3A%2F%2Fopen.stealth.si%3A80%2Fannounce&amp;tr=udp%3A%2F%2Ftracker.zer0day.to%3A1337%2Fannounce&amp;tr=udp%3A%2F%2Ftracker.leechers-paradise.org%3A6969%2Fannounce&amp;tr=udp%3A%2F%2Fcoppersurfer.tk%3A6969%2Fannounce\">magnet</a>] [<a href=\"https://pastefg.hermietkreeft.site/?899176fec60afcf4#3MSPcjHcqjPB4iTbBhuRbfhsH8DCvBL8XP2iDHy4d5SG\" target=\"_blank\" rel=\"noopener\">.torrent file only</a>] <br><img src=\"https://torrent-stats.info/9230/2aa022130.png\" style=\"display:block;clear:both\"></li><li><a href=\"http://rutor.info/torrent/846490/motorcycle-mechanic-simulator-2021-v-1.0.12-2021-pc-repack-ot-fitgirl\" target=\"_blank\" rel=\"noopener\">RuTor</a> [<a href=\"magnet:?xt=urn:btih:37a6e8a90c6a9feca43c92306ce336b7a869d284&amp;dn=rutor.info_Motorcycle+Mechanic+Simulator+2021+%5Bv+1.0.12%5D+%282021%29+PC+%7C+RePack+%D0%BE%D1%82+FitGirl&amp;tr=udp://opentor.net:6969&amp;tr=udp://opentor.org:2710&amp;tr=http://retracker.local/announce\">magnet</a>]</li><li><a href=\"https://tapochek.net/viewtopic.php?p=2813580\" target=\"_blank\" rel=\"noopener\">Tapochek.net</a></li><li><a href=\"https://pastefg.hermietkreeft.site/?177aa136e0163a49#9v6LFN5w78ptiiNoD95Td17xApghsFT4S6Bh2r9uT219\" target=\"_blank\" rel=\"noopener\">Filehoster: MultiUpload</a> (10+ hosters, interchangeable) [Use <a href=\"http://jdownloader.org/jdownloader2\" target=\"_blank\" rel=\"noopener\">JDownloader2</a>]</li><li><a href=\"https://pastefg.hermietkreeft.site/?ac75d1a450795435#4PcMRUUMYZ38qhdZzi3TxRvhQQZvBV4UNinL4Qb4qkA2\" target=\"_blank\" rel=\"noopener\">Filehoster: ZippyShare</a></li><li><a href=\"https://pastefg.hermietkreeft.site/?b2fa488b0a0e89f0#4BAwsmC2HrqbCRnPPiuwrxYbKFcFCMe5sKP19hNTu3jk\" target=\"_blank\" rel=\"noopener\">Filehoster: BayFiles</a></li><li><a href=\"https://pastefg.hermietkreeft.site/?e01649242dd703c5#Dpmk9zxhYmbcAksJwbzBD6CTC1N4tAfkGtfSt5NznGj9\" target=\"_blank\" rel=\"noopener\">Filehoster: LetsUpload</a> [Use <a href=\"http://jdownloader.org/jdownloader2\" target=\"_blank\" rel=\"noopener\">JDownloader2</a>]</li><li><a href=\"https://pastefg.hermietkreeft.site/?2f636a6e6637ff5a#9paEdsvaeBHEf6Yem3Bk5HwCT5ht4b92KQNNhtW4JLmr\" target=\"_blank\" rel=\"noopener\">Filehoster: OneDrive</a> (Uploaded by DyR0 t(-_-t), NOT compatible with other mirrors)</li><p><!--  <li><a href=\"\" target=\"_blank\" rel=\"noopener\">Filehosters: Google Drive, OneDrive + others</a> (Uploaded by crackhub213)</li>  --></p></ul><p><a href=\"https://cs.rin.ru/forum/viewtopic.php?f=10&amp;t=97717\" target=\"_blank\" rel=\"noopener\">Discussion and (possible) future updates on CS.RIN.RU thread</a></p><h3>Screenshots (Click to enlarge)</h3><p><a target=\"_blank\" href=\"https://en.riotpixels.com/games/motorcycle-mechanic-simulator-2021/screenshots/25/?utm_source=emb-gfx-html&amp;utm_medium=image&amp;utm_campaign=rp-mass\" rel=\"noopener\"><img loading=\"lazy\" width=\"178\" height=\"100\" border=\"0\" src=\"https://s01.riotpixels.net/data/7f/c8/7fc89f23-cf4c-4f5c-952c-f089d2d7e3e4.jpg.240p.jpg\"></a><a target=\"_blank\" href=\"https://en.riotpixels.com/games/motorcycle-mechanic-simulator-2021/screenshots/18/?utm_source=emb-gfx-html&amp;utm_medium=image&amp;utm_campaign=rp-mass\" rel=\"noopener\"><img loading=\"lazy\" width=\"178\" height=\"100\" border=\"0\" src=\"https://s01.riotpixels.net/data/e8/59/e85929ec-7919-466a-81db-3130b27ab1e0.jpg.240p.jpg\"></a><a target=\"_blank\" href=\"https://en.riotpixels.com/games/motorcycle-mechanic-simulator-2021/screenshots/13/?utm_source=emb-gfx-html&amp;utm_medium=image&amp;utm_campaign=rp-mass\" rel=\"noopener\"><img loading=\"lazy\" width=\"178\" height=\"100\" border=\"0\" src=\"https://s01.riotpixels.net/data/47/f4/47f4f74e-da5f-4c98-b6bc-bf73f5987318.jpg.240p.jpg\"></a><br><a target=\"_blank\" href=\"https://en.riotpixels.com/games/motorcycle-mechanic-simulator-2021/screenshots/10/?utm_source=emb-gfx-html&amp;utm_medium=image&amp;utm_campaign=rp-mass\" rel=\"noopener\"><img loading=\"lazy\" width=\"178\" height=\"100\" border=\"0\" src=\"https://s01.riotpixels.net/data/19/21/1921db0d-7a73-4177-887f-ac5f83d35ef3.jpg.240p.jpg\"></a><a target=\"_blank\" href=\"https://en.riotpixels.com/games/motorcycle-mechanic-simulator-2021/screenshots/7/?utm_source=emb-gfx-html&amp;utm_medium=image&amp;utm_campaign=rp-mass\" rel=\"noopener\"><img loading=\"lazy\" width=\"178\" height=\"100\" border=\"0\" src=\"https://s01.riotpixels.net/data/af/c8/afc8f443-e02c-4671-a64a-3ae7af71f932.jpg.240p.jpg\"></a><a target=\"_blank\" href=\"https://en.riotpixels.com/games/motorcycle-mechanic-simulator-2021/screenshots/3/?utm_source=emb-gfx-html&amp;utm_medium=image&amp;utm_campaign=rp-mass\" rel=\"noopener\"><img loading=\"lazy\" width=\"178\" height=\"100\" border=\"0\" src=\"https://s01.riotpixels.net/data/45/5a/455a8a51-6602-423b-bb33-fd9487a5a548.jpg.240p.jpg\"></a></p><h3>Repack Features</h3><ul><li>Based on Motorcycle.Mechanic.Simulator.2021-CODEX ISO release: codex-motorcycle.mechanic.simulator.2021.iso (13,446,643,712 bytes)</li><li>100% Lossless &amp; MD5 Perfect: all files are identical to originals after installation</li><li>NOTHING ripped, NOTHING re-encoded</li><li>Significantly smaller archive size (compressed from 12.5 to 6.4 GB)</li><li>Installation takes: from 12 minutes on 16-threads CPU to 35 minutes on 35 minutes on 4-threads CPU</li><li>After-install integrity check so you could make sure that everything installed properly</li><li>HDD space after installation: 15.1 GB</li><li>Language can be changed in game settings</li><li>Repack uses XTool library by Razor12911</li><li>At least 2 GB of free RAM (inc. virtual) required for installing this repack</li></ul><div ><div><h2>Game Description</h2></div><div >Become the head of a motorcycle mechanic empire in this realistic simulation game. Start from the small garage, upgrade, and buy bigger with new possibilities. Take orders from customers, find old bikes, and give them a new life.<p><b><h3>Game Features</h3></b></p><ul><li>Play endlessly with various types of bikes</li><li>Try not to get lost with over 400 parts in each motorcycle</li><li>Explore the wide library of custom parts</li><li>Renovate old motorcycles and build custom bikes</li><li>Take orders from customers, earn money and XP</li><li>Choose between various available garages and furnish them</li><li>Check how your motorbikes work on test tracks</li><li>Search for special/custom parts in the junkyard location</li><li>Discover the shop with parts, various devices, and furniture</li><li>Customize parts by yourself by painting or water transfer printing</li></ul></div></div>             </div>"
}