{
    "link": "https://fitgirl-repacks.site/murder-mystery-machine/",
    "title": "Murder Mystery Machine",
    "first_img": "https://i5.imageban.ru/out/2021/08/26/fe79cd0a25c4d7934b259a80280a2010.jpg",
    "second_img": "https://s01.riotpixels.net/data/3c/af/3cafe2d1-125d-4698-9210-42c86fecfe2a.jpg.240p.jpg",
    "body": "<div ><h2>Murder Mystery Machine</h2><p ><div><a target=\"_blank\" href=\"https://en.riotpixels.com/games/murder-mystery-machine/\" rel=\"noopener\"><img class=\"alignleft\" width=\"150\" src=\"https://i5.imageban.ru/out/2021/08/26/fe79cd0a25c4d7934b259a80280a2010.jpg\"></a></div><br>Genres/Tags: <strong>Adventure, Puzzle solving, Isometric, 3D</strong><br>Companies: <strong>Blazing Griffin, Microids</strong><br>Languages: <strong>RUS/ENG/MULTI14</strong><br>Original Size: <strong>1.4 GB</strong><br>Repack Size: <strong>935 MB</strong></p>&nbsp;<div>&nbsp;</div><h3>Download Mirrors</h3><ul><li><a href=\"https://1337x.to/torrent/4963932/Murder-Mystery-Machine-MULTi14-FitGirl-Repack/\" target=\"_blank\" rel=\"noopener\">1337x</a> | [<a href=\"magnet:?xt=urn:btih:6CDE1D69E4A160BC2CF7F197FAC136A753C7ADB6&amp;dn=Murder+Mystery+Machine+%28MULTi14%29+%5BFitGirl+Repack%5D&amp;tr=udp%3A%2F%2F46.148.18.250%3A2710&amp;tr=udp%3A%2F%2Fopentor.org%3A2710&amp;tr=udp%3A%2F%2Ftracker.coppersurfer.tk%3A6969%2Fannounce&amp;tr=udp%3A%2F%2Ftracker.opentrackr.org%3A1337%2Fannounce&amp;tr=http%3A%2F%2Ftracker.dler.org%3A6969%2Fannounce&amp;tr=udp%3A%2F%2Ftracker.leechers-paradise.org%3A6969%2Fannounce&amp;tr=udp%3A%2F%2F9.rarbg.me%3A2730%2Fannounce&amp;tr=udp%3A%2F%2F9.rarbg.to%3A2770%2Fannounce&amp;tr=udp%3A%2F%2Ftracker.pirateparty.gr%3A6969%2Fannounce&amp;tr=http%3A%2F%2Fretracker.local%2Fannounce&amp;tr=http%3A%2F%2Fretracker.ip.ncnet.ru%2Fannounce&amp;tr=udp%3A%2F%2Fexodus.desync.com%3A6969%2Fannounce&amp;tr=udp%3A%2F%2Fipv4.tracker.harry.lu%3A80%2Fannounce&amp;tr=udp%3A%2F%2Fopen.stealth.si%3A80%2Fannounce&amp;tr=udp%3A%2F%2Ftracker.zer0day.to%3A1337%2Fannounce&amp;tr=udp%3A%2F%2Ftracker.leechers-paradise.org%3A6969%2Fannounce&amp;tr=udp%3A%2F%2Fcoppersurfer.tk%3A6969%2Fannounce\">magnet</a>] [<a href=\"https://pastefg.hermietkreeft.site/?127fdd9f4b5f2801#82qAmTapjHHZmzDxvwjaq9o8jmfPPk2rdo7DPF8TpmJT\" target=\"_blank\" rel=\"noopener\">.torrent file only</a>] <br><img src=\"https://torrent-stats.info/f197/44cd59be9.png\" style=\"display:block;clear:both\"></li><li><a href=\"http://rutor.info/torrent/831305/mashina-tainstvennyh-ubijstv_murder-mystery-machine-2021-pc-repack-ot-fitgirl\" target=\"_blank\" rel=\"noopener\">RuTor</a> [<a href=\"magnet:?xt=urn:btih:6cde1d69e4a160bc2cf7f197fac136a753c7adb6&amp;dn=rutor.info_%D0%9C%D0%B0%D1%88%D0%B8%D0%BD%D0%B0+%D1%82%D0%B0%D0%B8%D0%BD%D1%81%D1%82%D0%B2%D0%B5%D0%BD%D0%BD%D1%8B%D1%85+%D1%83%D0%B1%D0%B8%D0%B9%D1%81%D1%82%D0%B2+%2F+Murder+Mystery+Machine+%282021%29+PC+%7C+RePack+%D0%BE%D1%82+FitGirl&amp;tr=udp://opentor.org:2710&amp;tr=udp://opentor.org:2710&amp;tr=http://retracker.local/announce\">magnet</a>]</li><li><a href=\"https://tapochek.net/viewtopic.php?p=2796780\" target=\"_blank\" rel=\"noopener\">Tapochek.net</a></li><li><a href=\"https://pastefg.hermietkreeft.site/?2fb1d013b406d67b#HahtSbvUwnECqRfMfZnxSUcC3QpvcftytY8w6iyXY7rC\" target=\"_blank\" rel=\"noopener\">Filehoster: MultiUpload</a> (10+ hosters, interchangeable) [Use <a href=\"http://jdownloader.org/jdownloader2\" target=\"_blank\" rel=\"noopener\">JDownloader2</a>]</li><li><a href=\"https://pastefg.hermietkreeft.site/?b3841ecc870924f5#GSjcjoUzRn65WVJYAJ1XtmLox4SMK1NNgkRd5XAqcF3g\" target=\"_blank\" rel=\"noopener\">Filehoster: PixelDrain</a></li><li><a href=\"https://pastefg.hermietkreeft.site/?3f2969e9075e2301#DAJ2vPhgRUxug2tB8mJc9JEwzy5oAwvqHMKaEnLfCzpT\" target=\"_blank\" rel=\"noopener\">Filehoster: ZippyShare</a></li><li><a href=\"https://pastefg.hermietkreeft.site/?475933c624604486#AvqQacAZC9pJ3tWEGXHQ6TwnS2vxu6D25mUa6UgL65sW\" target=\"_blank\" rel=\"noopener\">Filehoster: LetsUpload</a> [Use <a href=\"http://jdownloader.org/jdownloader2\" target=\"_blank\" rel=\"noopener\">JDownloader2</a>]</li><li><a href=\"https://pastefg.hermietkreeft.site/?e2e800643b14841c#EdY3gXRrH5Zh6rVk1Ubzydc5eNTPXMUCudf1Q6xhoA4p\" target=\"_blank\" rel=\"noopener\">Filehoster: OneDrive</a> (Uploaded by DyR0 t(-_-t), NOT compatible with other mirrors)</li></ul><p><a href=\"https://cs.rin.ru/forum/viewtopic.php?f=10&amp;t=93794\" target=\"_blank\" rel=\"noopener\">Discussion and (possible) future updates on CS.RIN.RU thread</a></p><h3>Screenshots (Click to enlarge)</h3><p><a target=\"_blank\" href=\"https://en.riotpixels.com/games/murder-mystery-machine/screenshots/14/?utm_source=emb-gfx-html&amp;utm_medium=image&amp;utm_campaign=rp-mass\" rel=\"noopener\"><img loading=\"lazy\" width=\"178\" height=\"100\" border=\"0\" src=\"https://s01.riotpixels.net/data/3c/af/3cafe2d1-125d-4698-9210-42c86fecfe2a.jpg.240p.jpg\"></a><a target=\"_blank\" href=\"https://en.riotpixels.com/games/murder-mystery-machine/screenshots/7/?utm_source=emb-gfx-html&amp;utm_medium=image&amp;utm_campaign=rp-mass\" rel=\"noopener\"><img loading=\"lazy\" width=\"178\" height=\"100\" border=\"0\" src=\"https://s01.riotpixels.net/data/74/89/7489f9cc-3600-4adc-b346-02f424fea5a8.jpg.240p.jpg\"></a><a target=\"_blank\" href=\"https://en.riotpixels.com/games/murder-mystery-machine/screenshots/6/?utm_source=emb-gfx-html&amp;utm_medium=image&amp;utm_campaign=rp-mass\" rel=\"noopener\"><img loading=\"lazy\" width=\"178\" height=\"100\" border=\"0\" src=\"https://s01.riotpixels.net/data/93/59/9359d09a-9fcc-4a90-b161-11830f96724e.jpg.240p.jpg\"></a><br><a target=\"_blank\" href=\"https://en.riotpixels.com/games/murder-mystery-machine/screenshots/5/?utm_source=emb-gfx-html&amp;utm_medium=image&amp;utm_campaign=rp-mass\" rel=\"noopener\"><img loading=\"lazy\" width=\"178\" height=\"100\" border=\"0\" src=\"https://s01.riotpixels.net/data/a4/9b/a49b1c11-97b5-4a2a-a9d7-d11631580ab1.jpg.240p.jpg\"></a><a target=\"_blank\" href=\"https://en.riotpixels.com/games/murder-mystery-machine/screenshots/4/?utm_source=emb-gfx-html&amp;utm_medium=image&amp;utm_campaign=rp-mass\" rel=\"noopener\"><img loading=\"lazy\" width=\"178\" height=\"100\" border=\"0\" src=\"https://s01.riotpixels.net/data/1f/f7/1ff72271-621d-40b3-bf01-911b0795294c.jpg.240p.jpg\"></a><a target=\"_blank\" href=\"https://en.riotpixels.com/games/murder-mystery-machine/screenshots/1/?utm_source=emb-gfx-html&amp;utm_medium=image&amp;utm_campaign=rp-mass\" rel=\"noopener\"><img loading=\"lazy\" width=\"178\" height=\"100\" border=\"0\" src=\"https://s01.riotpixels.net/data/c5/b0/c5b0724a-1767-41fa-a62e-ab077380ce4d.jpg.240p.jpg\"></a></p><h3>Repack Features</h3><ul><li>Based on Murder_Mystery_Machine-FLT ISO release: flt-murder_mystery_machine.iso (1,482,315,776 bytes)</li><li>100% Lossless &amp; MD5 Perfect: all files are identical to originals after installation</li><li>NOTHING ripped, NOTHING re-encoded</li><li>Significantly smaller archive size (compressed from 1.4 GB to 935 MB)</li><li>Installation takes 1-2 minutes</li><li>After-install integrity check so you could make sure that everything installed properly</li><li>HDD space after installation: 2.7 GB</li><li>Language can be changed in game settings</li><li>At least 2 GB of free RAM (inc. virtual) required for installing this repack</li></ul><div ><div><h2>Game Description</h2></div><div ><b>About This Game</b><br>Join the District Crime Agency in this isometric, modern noir deduction thriller. Explore crime scenes in complex dioramas, organize your evidence effectively, and blur the lines between right and wrong to present your case. Do you have what it takes to be a real detective?<p>On her first day at the DCA, fresh-faced rookie Cassandra Clarke, is teamed with a reluctant burnt-out detective, Nate Huston, to investigate the murder of a prominent politician. While all evidence points to a botched robbery, it soon entwines the two detectives into a complex, interconnected series of crimes that are anything but an open-and-shut case.</p><p><b>Investigate Crime Scenes</b><br>Explore detailed, isometric crime scenes, navigating perspectives to uncover new clues. Question suspects in the area, and find contradictions in evidence to catch them out. Can you tell apart the red herrings from the key to the case?</p><p><b>Organize Evidence</b><br>Gather walls of evidence from crime scenes, interviews with suspects, and forensic results. It\u2019s up to you to keep your workspace organized so you don\u2019t miss anything, and cut through to the real who, what, and why.</p><p><b>Written By PROs</b><br>Enjoy a rich and immersive story inspired by film noir, written by film &amp; TV professionals at BAFTA-winning production company Blazing Griffin. With complex characters and dark, pervasive settings, expect the unexpected as the scales of justice are tilted.</p></div></div>             </div>"
}