{
    "link": "https://fitgirl-repacks.site/my-beautiful-paper-smile/",
    "title": "My Beautiful Paper Smile \u2013 v1.0.2",
    "first_img": "https://i3.imageban.ru/out/2021/10/17/afa1a3e629d41754ccc96a68e58d11b0.jpg",
    "second_img": "https://s01.riotpixels.net/data/7c/bc/7cbcfe9a-eee8-4c24-9a5a-0db74caf3f52.jpg.240p.jpg",
    "body": "<div ><h2>My Beautiful Paper Smile \u2013 v1.0.2</h2><p ><div><a target=\"_blank\" href=\"https://en.riotpixels.com/games/my-beautiful-paper-smile/\" rel=\"noopener\"><img class=\"alignleft\" width=\"150\" src=\"https://i3.imageban.ru/out/2021/10/17/afa1a3e629d41754ccc96a68e58d11b0.jpg\"></a></div><br>Genres/Tags: <strong>Adventure, Horror, Side, 2D</strong><br>Companies: <strong>Two Star Games</strong><br>Languages: <strong>RUS/ENG/MULTI7</strong><br>Original Size: <strong>1.6 GB</strong><br>Repack Size: <strong>866 MB</strong></p>&nbsp;<div>&nbsp;</div><h3>Download Mirrors</h3><ul><li><a href=\"https://1337x.to/torrent/5021210/My-Beautiful-Paper-Smile-v1-0-2-MULTi7-FitGirl-Repack/\" target=\"_blank\" rel=\"noopener\">1337x</a> | [<a href=\"magnet:?xt=urn:btih:D04BE90027C18401A10B6188CFAE2ACEC03FCF4D&amp;dn=My+Beautiful+Paper+Smile+%28v1.0.2%2C+MULTi7%29+%5BFitGirl+Repack%5D&amp;tr=udp%3A%2F%2F46.148.18.250%3A2710&amp;tr=udp%3A%2F%2Fopentor.org%3A2710&amp;tr=udp%3A%2F%2Ftracker.coppersurfer.tk%3A6969%2Fannounce&amp;tr=udp%3A%2F%2Ftracker.opentrackr.org%3A1337%2Fannounce&amp;tr=http%3A%2F%2Ftracker.dler.org%3A6969%2Fannounce&amp;tr=udp%3A%2F%2Ftracker.leechers-paradise.org%3A6969%2Fannounce&amp;tr=udp%3A%2F%2F9.rarbg.me%3A2730%2Fannounce&amp;tr=udp%3A%2F%2F9.rarbg.to%3A2770%2Fannounce&amp;tr=udp%3A%2F%2Ftracker.pirateparty.gr%3A6969%2Fannounce&amp;tr=http%3A%2F%2Fretracker.local%2Fannounce&amp;tr=http%3A%2F%2Fretracker.ip.ncnet.ru%2Fannounce&amp;tr=udp%3A%2F%2Fexodus.desync.com%3A6969%2Fannounce&amp;tr=udp%3A%2F%2Fipv4.tracker.harry.lu%3A80%2Fannounce&amp;tr=udp%3A%2F%2Fopen.stealth.si%3A80%2Fannounce&amp;tr=udp%3A%2F%2Ftracker.zer0day.to%3A1337%2Fannounce&amp;tr=udp%3A%2F%2Ftracker.leechers-paradise.org%3A6969%2Fannounce&amp;tr=udp%3A%2F%2Fcoppersurfer.tk%3A6969%2Fannounce\">magnet</a>] [<a href=\"https://pastefg.hermietkreeft.site/?2f0ee118e1374b8a#BfAhLWvv94ijSDT9gpiSMV6eu36b2CUn81tZYcDwnXjz\" target=\"_blank\" rel=\"noopener\">.torrent file only</a>] <br><img src=\"https://torrent-stats.info/6188/1c24d5da0.png\" style=\"display:block;clear:both\"></li><li><a href=\"http://rutor.info/torrent/840151/my-beautiful-paper-smile-v-1.0.2-2021-pc-repack-ot-fitgirl\" target=\"_blank\" rel=\"noopener\">RuTor</a> [<a href=\"magnet:?xt=urn:btih:d04be90027c18401a10b6188cfae2acec03fcf4d&amp;dn=rutor.info_My+Beautiful+Paper+Smile+%5Bv+1.0.2%5D+%282021%29+PC+%7C+RePack+%D0%BE%D1%82+FitGirl&amp;tr=udp://opentor.net:6969&amp;tr=udp://opentor.org:2710&amp;tr=http://retracker.local/announce\">magnet</a>]</li><li><a href=\"https://tapochek.net/viewtopic.php?p=2806310\" target=\"_blank\" rel=\"noopener\">Tapochek.net</a></li><li><a href=\"https://pastefg.hermietkreeft.site/?ab94d96d1cd806ad#EZSitZEYMDxNb8R46BP1ym2zcDwdTvD13Bnkuqb5nkXS\" target=\"_blank\" rel=\"noopener\">Filehoster: MultiUpload</a> (10+ hosters, interchangeable) [Use <a href=\"http://jdownloader.org/jdownloader2\" target=\"_blank\" rel=\"noopener\">JDownloader2</a>]</li><li><a href=\"https://pastefg.hermietkreeft.site/?e9cd36bee4b9d18d#GEHwSFEbTiE1mhDDE9F7gH1843LjQKnKcqegZVSazTXA\" target=\"_blank\" rel=\"noopener\">Filehoster: PixelDrain</a></li><li><a href=\"https://pastefg.hermietkreeft.site/?015d46dadb15cb55#4twacHesJVzqtxmhQydHDmN8b6LPGuEGj7UTjQPEVUmj\" target=\"_blank\" rel=\"noopener\">Filehoster: ZippyShare</a></li><li><a href=\"https://pastefg.hermietkreeft.site/?fdc4c8d937faf89c#GKJPQwaejQY4obXgHGHa6LGSMLLT87dhb5mzAMobisD6\" target=\"_blank\" rel=\"noopener\">Filehoster: LetsUpload</a> [Use <a href=\"http://jdownloader.org/jdownloader2\" target=\"_blank\" rel=\"noopener\">JDownloader2</a>]</li><li><a href=\"https://pastefg.hermietkreeft.site/?c13a01eff5b9f524#3HwPLuCnysZ8VJLrxrmfCKbPEe22rdcjBAj1rttnKw6o\" target=\"_blank\" rel=\"noopener\">Filehoster: OneDrive</a> (Uploaded by DyR0 t(-_-t), NOT compatible with other mirrors)</li><li><a href=\"https://crackhub.site/my-beautiful-paper-smile-v1-0-2-fitgirl-repack/\" target=\"_blank\" rel=\"noopener\">Filehosters: Google Drive, OneDrive + others</a> (Uploaded by crackhub213)</li></ul><p><a href=\"https://cs.rin.ru/forum/viewtopic.php?f=10&amp;t=95212\" target=\"_blank\" rel=\"noopener\">Discussion and (possible) future updates on CS.RIN.RU thread</a></p><h3>Screenshots (Click to enlarge)</h3><p><a target=\"_blank\" href=\"https://en.riotpixels.com/games/my-beautiful-paper-smile/screenshots/10/?utm_source=emb-gfx-html&amp;utm_medium=image&amp;utm_campaign=rp-mass\" rel=\"noopener\"><img loading=\"lazy\" width=\"178\" height=\"100\" border=\"0\" src=\"https://s01.riotpixels.net/data/7c/bc/7cbcfe9a-eee8-4c24-9a5a-0db74caf3f52.jpg.240p.jpg\"></a><a target=\"_blank\" href=\"https://en.riotpixels.com/games/my-beautiful-paper-smile/screenshots/9/?utm_source=emb-gfx-html&amp;utm_medium=image&amp;utm_campaign=rp-mass\" rel=\"noopener\"><img loading=\"lazy\" width=\"178\" height=\"100\" border=\"0\" src=\"https://s01.riotpixels.net/data/d6/a1/d6a1420e-065a-4879-b8c7-b115f06e8626.jpg.240p.jpg\"></a><a target=\"_blank\" href=\"https://en.riotpixels.com/games/my-beautiful-paper-smile/screenshots/5/?utm_source=emb-gfx-html&amp;utm_medium=image&amp;utm_campaign=rp-mass\" rel=\"noopener\"><img loading=\"lazy\" width=\"178\" height=\"100\" border=\"0\" src=\"https://s01.riotpixels.net/data/56/fc/56fc6f4e-3373-4bd7-858e-4a44c200372d.jpg.240p.jpg\"></a><br><a target=\"_blank\" href=\"https://en.riotpixels.com/games/my-beautiful-paper-smile/screenshots/4/?utm_source=emb-gfx-html&amp;utm_medium=image&amp;utm_campaign=rp-mass\" rel=\"noopener\"><img loading=\"lazy\" width=\"178\" height=\"100\" border=\"0\" src=\"https://s01.riotpixels.net/data/fe/c2/fec219de-0573-404d-99d9-2844c1eaab41.jpg.240p.jpg\"></a><a target=\"_blank\" href=\"https://en.riotpixels.com/games/my-beautiful-paper-smile/screenshots/2/?utm_source=emb-gfx-html&amp;utm_medium=image&amp;utm_campaign=rp-mass\" rel=\"noopener\"><img loading=\"lazy\" width=\"178\" height=\"100\" border=\"0\" src=\"https://s01.riotpixels.net/data/60/aa/60aa891e-2e62-43ea-a344-aef8411ffe82.jpg.240p.jpg\"></a><a target=\"_blank\" href=\"https://en.riotpixels.com/games/my-beautiful-paper-smile/screenshots/1/?utm_source=emb-gfx-html&amp;utm_medium=image&amp;utm_campaign=rp-mass\" rel=\"noopener\"><img loading=\"lazy\" width=\"178\" height=\"100\" border=\"0\" src=\"https://s01.riotpixels.net/data/50/7d/507d3d49-2e0f-4698-9e34-f5de4c96949a.jpg.240p.jpg\"></a></p><h3>Repack Features</h3><ul><li>Based on My.Beautiful.Paper.Smile-PLAZA ISO release: plaza-my.beautiful.paper.smile.iso (1,678,606,336 bytes)</li><li>100% Lossless &amp; MD5 Perfect: all files are identical to originals after installation</li><li>NOTHING ripped, NOTHING re-encoded</li><li>Significantly smaller archive size (compressed from 1.6 GB to 866 MB)</li><li>Installation takes one minute</li><li>After-install integrity check so you could make sure that everything installed properly</li><li>HDD space after installation: 1.6 GB</li><li>Language can be changed in game settings</li><li>Repack uses XTool library by Razor12911</li><li>At least 2 GB of free RAM (inc. virtual) required for installing this repack</li></ul><div ><div><h2>Game Description</h2></div><div ><b>Welcome, dear child, to your new home. Here you shall learn the art of perfection. Here you shall learn to smile.</b><p><b>Story</b></p><p>My Beautiful Paper Smile is set in a dystopian world where a mad king wants every child to be perfect. Perfection to him is a giant, happy, smile that is worn constantly. Never fading and always bright.</p><p>You are one of the Joyous, that child was taken by the Authorities, who have only ever known the facility and the mask that he wears bearing a smile that doesn\u2019t dull. The Joyous are watched by the Authorities and kept on a short leash as they are tested daily to ensure no other emotions populate in their subjects\u2019 minds other than happiness.</p><p>If sadness sits on their face they are taken away and never seen again.</p><p>Join the Joyous on his dark episodic odyssey as he makes his way through the world.</p><p><b>Gameplay</b></p><p>My Beautiful Paper Smile is a horror adventure that will have you running, dodging, and puzzling away from your nightmares as you sprint your way to escape the Joyous\u2019 facility and out into the world beyond. Utilize stealth to sneak past obstacles and avoid the Authorities, but don\u2019t go for too long without light, as prolonged exposure to the dark will end you as will the faceless monster that pursues you.</p><p><b><h3>Game Features</h3></b></p><ul><li>Stunning hand-drawn graphics.</li><li>Developed in Unreal Engine 4</li><li>Unique unsettling atmosphere.</li><li>Deep engrossing story.</li><li>Free yourself and try to escape the authorities \u2018education\u2019 facility.</li><li>Use stealth to avoid detection</li><li>Run and hide from the faceless one.</li><li>Uncover the reason behind the operation.</li><li>Discover the dark mystery behind the authorities\u2019 twisted scheme.</li></ul></div></div>             </div>"
}