{
    "link": "https://fitgirl-repacks.site/myst/",
    "title": "Myst \u2013 v1.5.3 (Patch 5)",
    "first_img": "https://i3.imageban.ru/out/2021/08/27/b90e0bbfaccefe816d59d1cebe5ee747.jpg",
    "second_img": "https://s01.riotpixels.net/data/28/56/2856e479-4dcd-4a2b-8668-991e9a14db12.jpg.240p.jpg",
    "body": "<div ><h2>Myst \u2013 v1.5.3 (Patch 5)</h2><p ><div><a target=\"_blank\" href=\"https://en.riotpixels.com/games/myst-ii-2020/\" rel=\"noopener\"><img class=\"alignleft\" width=\"150\" src=\"https://i3.imageban.ru/out/2021/08/27/b90e0bbfaccefe816d59d1cebe5ee747.jpg\"></a></div><br>Genres/Tags: <strong>Adventure, Puzzle solving, First-person, 3D</strong><br>Company: <strong>Cyan Worlds Inc</strong><br>Languages: <strong>ENG/MULTI9</strong><br>Original Size: <strong>10.1 GB</strong><br>Repack Size: <strong>5.6 GB</strong></p>&nbsp;<div>&nbsp;</div><h3>Download Mirrors</h3><ul><li><a href=\"https://1337x.to/torrent/5039325/Myst-v1-5-3-MULTi9-FitGirl-Repack/\" target=\"_blank\" rel=\"noopener\">1337x</a> | [<a href=\"magnet:?xt=urn:btih:87F420E006A1CA561DD3C90C749FAC5ED54E61FE&amp;dn=Myst+%28v1.5.3%2C+MULTi9%29+%5BFitGirl+Repack%5D&amp;tr=udp%3A%2F%2F46.148.18.250%3A2710&amp;tr=udp%3A%2F%2Fopentor.org%3A2710&amp;tr=udp%3A%2F%2Ftracker.coppersurfer.tk%3A6969%2Fannounce&amp;tr=udp%3A%2F%2Ftracker.opentrackr.org%3A1337%2Fannounce&amp;tr=http%3A%2F%2Ftracker.dler.org%3A6969%2Fannounce&amp;tr=udp%3A%2F%2Ftracker.leechers-paradise.org%3A6969%2Fannounce&amp;tr=udp%3A%2F%2F9.rarbg.me%3A2730%2Fannounce&amp;tr=udp%3A%2F%2F9.rarbg.to%3A2770%2Fannounce&amp;tr=udp%3A%2F%2Ftracker.pirateparty.gr%3A6969%2Fannounce&amp;tr=http%3A%2F%2Fretracker.local%2Fannounce&amp;tr=http%3A%2F%2Fretracker.ip.ncnet.ru%2Fannounce&amp;tr=udp%3A%2F%2Fexodus.desync.com%3A6969%2Fannounce&amp;tr=udp%3A%2F%2Fipv4.tracker.harry.lu%3A80%2Fannounce&amp;tr=udp%3A%2F%2Fopen.stealth.si%3A80%2Fannounce&amp;tr=udp%3A%2F%2Ftracker.zer0day.to%3A1337%2Fannounce&amp;tr=udp%3A%2F%2Ftracker.leechers-paradise.org%3A6969%2Fannounce&amp;tr=udp%3A%2F%2Fcoppersurfer.tk%3A6969%2Fannounce\">magnet</a>] [<a href=\"https://pastefg.hermietkreeft.site/?3d4ebbfd87a84723#31ftbyaFjrq1pE656ZFQt22Ya6GGiGHqkZxKbxYZgaXt\" target=\"_blank\" rel=\"noopener\">.torrent file only</a>] <br><img src=\"https://torrent-stats.info/c90c/3a5140874.png\" style=\"display:block;clear:both\"></li><li><a href=\"https://tapochek.net/viewtopic.php?p=2809495\" target=\"_blank\" rel=\"noopener\">Tapochek.net</a></li><li><a href=\"https://pastefg.hermietkreeft.site/?d73ba8ce72888b0e#8n9ftbYxLaGro2jxsNwvUtNz9ZFvHaERnXerZBxM9Q9F\" target=\"_blank\" rel=\"noopener\">Filehoster: MultiUpload</a> (10+ hosters, interchangeable) [Use <a href=\"http://jdownloader.org/jdownloader2\" target=\"_blank\" rel=\"noopener\">JDownloader2</a>]</li><li><a href=\"https://pastefg.hermietkreeft.site/?1829e1688799ec2b#HH7i2bxnAEBBfUNCq15ALgXmspTQMkXzEgSx1PoiuKqH\" target=\"_blank\" rel=\"noopener\">Filehoster: PixelDrain</a></li><li><a href=\"https://pastefg.hermietkreeft.site/?d300c7151215cf6d#BCBHVssobUTgLMzvHnVgrtHCKFSYksHqFQAbE44D9nk3\" target=\"_blank\" rel=\"noopener\">Filehoster: ZippyShare</a></li><li><a href=\"https://pastefg.hermietkreeft.site/?32215b7a4bdfee8c#EitdDgSZZMEuDav53mmmwWbewgNAbyw6qH6RDYYdHwj\" target=\"_blank\" rel=\"noopener\">Filehoster: BayFiles</a></li><li><a href=\"https://pastefg.hermietkreeft.site/?01a9e9c6d65cf2d9#dF5EqRueed5c82fQBKcpB81bVcaymFND8FuKidd9dmx\" target=\"_blank\" rel=\"noopener\">Filehoster: LetsUpload</a> [Use <a href=\"http://jdownloader.org/jdownloader2\" target=\"_blank\" rel=\"noopener\">JDownloader2</a>]</li><li><a href=\"https://pastefg.hermietkreeft.site/?0e6a5c984aaffad6#CYxcz4nSKMWjVrm9s4UYWCQ23QrMH8Ujks5jFBaksCJg\" target=\"_blank\" rel=\"noopener\">Filehoster: OneDrive</a> (Uploaded by DyR0 t(-_-t), NOT compatible with other mirrors)</li><p><!--  <li><a href=\"\" target=\"_blank\" rel=\"noopener\">Filehosters: Google Drive, OneDrive + others</a> (Uploaded by crackhub213)</li>  --></p></ul><p><a href=\"https://cs.rin.ru/forum/viewtopic.php?f=10&amp;t=108160\" target=\"_blank\" rel=\"noopener\">Discussion and (possible) future updates on CS.RIN.RU thread</a></p><h3>Screenshots (Click to enlarge)</h3><p><a target=\"_blank\" href=\"https://en.riotpixels.com/games/myst-ii-2020/screenshots/11/?utm_source=emb-gfx-html&amp;utm_medium=image&amp;utm_campaign=rp-mass\" rel=\"noopener\"><img loading=\"lazy\" width=\"178\" height=\"100\" border=\"0\" src=\"https://s01.riotpixels.net/data/28/56/2856e479-4dcd-4a2b-8668-991e9a14db12.jpg.240p.jpg\"></a><a target=\"_blank\" href=\"https://en.riotpixels.com/games/myst-ii-2020/screenshots/10/?utm_source=emb-gfx-html&amp;utm_medium=image&amp;utm_campaign=rp-mass\" rel=\"noopener\"><img loading=\"lazy\" width=\"178\" height=\"100\" border=\"0\" src=\"https://s01.riotpixels.net/data/56/52/5652bda9-95e5-4574-9eea-876ec46991cc.jpg.240p.jpg\"></a><a target=\"_blank\" href=\"https://en.riotpixels.com/games/myst-ii-2020/screenshots/9/?utm_source=emb-gfx-html&amp;utm_medium=image&amp;utm_campaign=rp-mass\" rel=\"noopener\"><img loading=\"lazy\" width=\"178\" height=\"100\" border=\"0\" src=\"https://s01.riotpixels.net/data/e3/85/e385f8a1-1093-44ce-b503-ea83e793b261.jpg.240p.jpg\"></a><br><a target=\"_blank\" href=\"https://en.riotpixels.com/games/myst-ii-2020/screenshots/8/?utm_source=emb-gfx-html&amp;utm_medium=image&amp;utm_campaign=rp-mass\" rel=\"noopener\"><img loading=\"lazy\" width=\"178\" height=\"100\" border=\"0\" src=\"https://s01.riotpixels.net/data/1e/47/1e4729c5-96ea-4bb1-94ff-ad8f02a966f2.jpg.240p.jpg\"></a><a target=\"_blank\" href=\"https://en.riotpixels.com/games/myst-ii-2020/screenshots/7/?utm_source=emb-gfx-html&amp;utm_medium=image&amp;utm_campaign=rp-mass\" rel=\"noopener\"><img loading=\"lazy\" width=\"178\" height=\"100\" border=\"0\" src=\"https://s01.riotpixels.net/data/a0/4d/a04d5f39-1632-45ac-aeef-8e4aa86c967d.jpg.240p.jpg\"></a><a target=\"_blank\" href=\"https://en.riotpixels.com/games/myst-ii-2020/screenshots/3/?utm_source=emb-gfx-html&amp;utm_medium=image&amp;utm_campaign=rp-mass\" rel=\"noopener\"><img loading=\"lazy\" width=\"178\" height=\"100\" border=\"0\" src=\"https://s01.riotpixels.net/data/82/5e/825e8dd3-6913-40d0-a591-7827c9978fe7.jpg.240p.jpg\"></a></p><h3>Repack Features</h3><ul><li>Based on Steam release BuildID 7455729: 10.1 GB, thanks to Christsnatcher!</li><li>Game version: v1.5.3 (Patch 5)</li><li>FLT crack applied over for saves compatibility</li><li>100% Lossless &amp; MD5 Perfect: all files are identical to originals after installation</li><li>NOTHING ripped, NOTHING re-encoded</li><li>Significantly smaller archive size (compressed from 10.1 to 5.6 GB)</li><li>Installation takes 3-6 minutes (depending on your system)</li><li>After-install integrity check so you could make sure that everything installed properly</li><li>HDD space after installation: 10.1 GB</li><li>Language can be changed in game settings</li><li>Use \u201cMyst DX11\u201d icon on your desktop to play the game on Windows 7/8/8.1</li><li>Use \u201cMyst VR\u201d icon on your desktop to play the game in VR mode</li><li>Repack uses XTool library by Razor12911</li><li>At least 2 GB of free RAM (inc. virtual) required for installing this repack</li></ul><div ><div><h2>Game Description</h2></div><div >Welcome to Myst: a starkly beautiful island, eerily tinged with mystery and shrouded in intrigue.<p>Journey to Myst Island and other stunning, long dormant locations \u2013 called \u201cAges\u201d- and begin to unravel the mystery you have been thrust into. As you learn what happened on the island, you will find that you are playing a key role in an epic story whose ending has not yet been written. Explore deeper connections in these stunning and surreal Ages, uncover a story of ruthless family betrayal, and make choices that will affect both you, and the world of Myst itself.</p><p>Cyan, the indie studio that created the beloved classic, has reimagined Myst.</p><p>Built from the ground up to play both in VR as well as traditional flatscreen displays, Myst is teeming with new art, new sound, re-imagined interactions, and even optional puzzle randomization. Finally\u2026 the highly anticipated Myst 2D/VR experience has arrived!</p><p>Now you can explore the Ages of Myst in a new dimension!</p><p><b>New and requested features in Myst (2021):</b></p><ul><li>For the first time in Myst\u2019s history, enjoy the game in many different languages through localized UI, including dialogue and gameplay-context subtitles.</li><li>A variety of accessibility options to assist in gameplay.</li><li>Tired of taking notes? Now you can take photo captures in-game to keep track of what you\u2019ve encountered!</li><li>A large number of graphics options to choose from, such as supersampling options and Ray Tracing to bring the best Myst experience out of the hardware you have.</li></ul></div></div><p><b>Backwards Compatibility</b></p><p>This repack IS slightly backwards compatible with my previous Myst repack. You can rehash fg-02.bin and save 395 MB of traffic.</p>             </div>"
}