{
    "link": "https://fitgirl-repacks.site/nairi-tower-of-shirin/",
    "title": "NAIRI: Tower of Shirin \u2013 Deluxe Edition \u2013 v1.06 + Bonus Content",
    "first_img": "https://i2.imageban.ru/out/2021/07/21/d399e3b9355d6bbbcc5682e679e2ecd2.jpg",
    "second_img": "https://s01.riotpixels.net/data/f0/60/f06004c4-b3c9-4e51-882d-ac252e81f6fa.jpg.240p.jpg",
    "body": "<div ><h2>NAIRI: Tower of Shirin \u2013 Deluxe Edition \u2013 v1.06 + Bonus Content</h2><p ><div><a target=\"_blank\" href=\"https://en.riotpixels.com/games/nairi-tower-of-shirin/\" rel=\"noopener\"><img class=\"alignleft\" width=\"150\" src=\"https://i2.imageban.ru/out/2021/07/21/d399e3b9355d6bbbcc5682e679e2ecd2.jpg\"></a></div><br>Genres/Tags: <strong>Adventure, Point-and-click, 2D</strong><br>Companies: <strong>HomeBearStudio, Hound Picked Games</strong><br>Languages: <strong>ENG/MULTI9</strong><br>Original Size: <strong>2.1 GB</strong><br>Repack Size: <strong>931 MB</strong></p>&nbsp;<div>&nbsp;</div><h3>Download Mirrors</h3><ul><li><a href=\"https://1337x.to/torrent/4927150/NAIRI-Tower-of-Shirin-Deluxe-Edition-v1-06-Bonus-Content-MULTi9-FitGirl-Repack/\" target=\"_blank\" rel=\"noopener\">1337x</a> | [<a href=\"magnet:?xt=urn:btih:F23F00B584EB7B7394FDF5BE79E5F6706467E74A&amp;dn=NAIRI%3A+Tower+of+Shirin+-+Deluxe+Edition+%28v1.06+%2B+Bonus+Content%2C+MULTi9%29+%5BFitGirl+Repack%5D&amp;tr=udp%3A%2F%2F46.148.18.250%3A2710&amp;tr=udp%3A%2F%2Fopentor.org%3A2710&amp;tr=udp%3A%2F%2Ftracker.coppersurfer.tk%3A6969%2Fannounce&amp;tr=udp%3A%2F%2Ftracker.opentrackr.org%3A1337%2Fannounce&amp;tr=http%3A%2F%2Ftracker.dler.org%3A6969%2Fannounce&amp;tr=udp%3A%2F%2Ftracker.leechers-paradise.org%3A6969%2Fannounce&amp;tr=udp%3A%2F%2F9.rarbg.me%3A2730%2Fannounce&amp;tr=udp%3A%2F%2F9.rarbg.to%3A2770%2Fannounce&amp;tr=udp%3A%2F%2Ftracker.pirateparty.gr%3A6969%2Fannounce&amp;tr=http%3A%2F%2Fretracker.local%2Fannounce&amp;tr=http%3A%2F%2Fretracker.ip.ncnet.ru%2Fannounce&amp;tr=udp%3A%2F%2Fexodus.desync.com%3A6969%2Fannounce&amp;tr=udp%3A%2F%2Fipv4.tracker.harry.lu%3A80%2Fannounce&amp;tr=udp%3A%2F%2Fopen.stealth.si%3A80%2Fannounce&amp;tr=udp%3A%2F%2Ftracker.zer0day.to%3A1337%2Fannounce&amp;tr=udp%3A%2F%2Ftracker.leechers-paradise.org%3A6969%2Fannounce&amp;tr=udp%3A%2F%2Fcoppersurfer.tk%3A6969%2Fannounce\">magnet</a>] [<a href=\"https://pastefg.hermietkreeft.site/?d23dfa28ffee783f#6m3hW55PrDJeyeNYJdSRJJsh1tvhf4h3LTPjg1EeYCGM\" target=\"_blank\" rel=\"noopener\">.torrent file only</a>] <br><img src=\"https://torrent-stats.info/f5be/4578455ac.png\" style=\"display:block;clear:both\"></li><li><a href=\"https://tapochek.net/viewtopic.php?p=2790142\" target=\"_blank\" rel=\"noopener\">Tapochek.net</a></li><li><a href=\"https://pastefg.hermietkreeft.site/?1283f73367bf642a#6jBtRViH2ZyBjtH581Xq89aWxaK1nG89LYXWNMDQkRo5\" target=\"_blank\" rel=\"noopener\">Filehoster: MultiUpload</a> (10+ hosters, interchangeable) [Use <a href=\"http://jdownloader.org/jdownloader2\" target=\"_blank\" rel=\"noopener\">JDownloader2</a>]</li><li><a href=\"https://pastefg.hermietkreeft.site/?d42d7f09dfeb51b9#jyuSQftzi4ZSx8kB6Z2xVfB6fBHaCAXaNCkNjhGnTdA\" target=\"_blank\" rel=\"noopener\">Filehoster: PixelDrain</a></li><li><a href=\"https://pastefg.hermietkreeft.site/?f02496bbe88d8724#8c6ecXmixsmZDBrfCYwCY75sxkQGC115yvVfx3xxb6vE\" target=\"_blank\" rel=\"noopener\">Filehoster: ZippyShare</a></li><li><a href=\"https://pastefg.hermietkreeft.site/?3a666ac73def45a4#DgKR4mxR9bXT5WQ3kHZsJiRm1G35uih5GdYJCVn9aLc2\" target=\"_blank\" rel=\"noopener\">Filehoster: LetsUpload</a> [Use <a href=\"http://jdownloader.org/jdownloader2\" target=\"_blank\" rel=\"noopener\">JDownloader2</a>]</li><li><a href=\"https://crackhub.site/nairi-tower-of-shirin-deluxe-edition-v1-06-bonus-content-fitgirl-repack/\" target=\"_blank\" rel=\"noopener\">Filehosters: Google Drive, OneDrive + others</a> (Uploaded by crackhub213)</li><li><a href=\"https://pastefg.hermietkreeft.site/?24f22ab825b7399f#45hpk7h3fD37YZv3vxbkMg7U94rFP2As7smS6DZBKHuB\" target=\"_blank\" rel=\"noopener\">Filehoster: OneDrive</a> (Uploaded by DyR0 t(-_-t), NOT compatible with other mirrors)</li></ul><p><a href=\"https://cs.rin.ru/forum/viewtopic.php?f=10&amp;t=94045\" target=\"_blank\" rel=\"noopener\">Discussion and (possible) future updates on CS.RIN.RU thread</a></p><h3>Screenshots (Click to enlarge)</h3><p><a target=\"_blank\" href=\"https://en.riotpixels.com/games/nairi-tower-of-shirin/screenshots/22/?utm_source=emb-gfx-html&amp;utm_medium=image&amp;utm_campaign=rp-mass\" rel=\"noopener\"><img loading=\"lazy\" width=\"178\" height=\"100\" border=\"0\" src=\"https://s01.riotpixels.net/data/f0/60/f06004c4-b3c9-4e51-882d-ac252e81f6fa.jpg.240p.jpg\"></a><a target=\"_blank\" href=\"https://en.riotpixels.com/games/nairi-tower-of-shirin/screenshots/11/?utm_source=emb-gfx-html&amp;utm_medium=image&amp;utm_campaign=rp-mass\" rel=\"noopener\"><img loading=\"lazy\" width=\"178\" height=\"100\" border=\"0\" src=\"https://s01.riotpixels.net/data/ca/11/ca117e7d-aeab-42e3-8bd6-ecc679b96e53.jpg.240p.jpg\"></a><a target=\"_blank\" href=\"https://en.riotpixels.com/games/nairi-tower-of-shirin/screenshots/7/?utm_source=emb-gfx-html&amp;utm_medium=image&amp;utm_campaign=rp-mass\" rel=\"noopener\"><img loading=\"lazy\" width=\"178\" height=\"100\" border=\"0\" src=\"https://s01.riotpixels.net/data/b0/93/b093a9ae-5955-4ec9-8078-94381c501944.jpg.240p.jpg\"></a><br><a target=\"_blank\" href=\"https://en.riotpixels.com/games/nairi-tower-of-shirin/screenshots/6/?utm_source=emb-gfx-html&amp;utm_medium=image&amp;utm_campaign=rp-mass\" rel=\"noopener\"><img loading=\"lazy\" width=\"178\" height=\"100\" border=\"0\" src=\"https://s01.riotpixels.net/data/4a/d6/4ad65763-47dc-47c0-9e2e-3592d96a0724.jpg.240p.jpg\"></a><a target=\"_blank\" href=\"https://en.riotpixels.com/games/nairi-tower-of-shirin/screenshots/5/?utm_source=emb-gfx-html&amp;utm_medium=image&amp;utm_campaign=rp-mass\" rel=\"noopener\"><img loading=\"lazy\" width=\"178\" height=\"100\" border=\"0\" src=\"https://s01.riotpixels.net/data/44/6e/446eb30f-b7c2-429e-b2e8-22416737eff7.jpg.240p.jpg\"></a><a target=\"_blank\" href=\"https://en.riotpixels.com/games/nairi-tower-of-shirin/screenshots/2/?utm_source=emb-gfx-html&amp;utm_medium=image&amp;utm_campaign=rp-mass\" rel=\"noopener\"><img loading=\"lazy\" width=\"178\" height=\"100\" border=\"0\" src=\"https://s01.riotpixels.net/data/52/a1/52a1b911-0931-4fa0-98f5-5518d4920f48.jpg.240p.jpg\"></a></p><h3>Repack Features</h3><ul><li>Based on NAIRI.Tower.of.Shirin.Deluxe.Edition-PLAZA ISO release: plaza-nairi.tower.of.shirin.deluxe.edition.iso (2,222,686,208 bytes)</li><li>100% Lossless &amp; MD5 Perfect: all files are identical to originals after installation</li><li>Bonus OST in WAV format ripped, NOTHING re-encoded</li><li>Bonus OST in MP3 format and artbook are included by default</li><li>Significantly smaller archive size (compressed from 2.1 GB to 931 MB)</li><li>Installation takes 2-4 minutes (depending on your system)</li><li>After-install integrity check so you could make sure that everything installed properly</li><li>HDD space after installation: 1.8 GB</li><li>Language can be changed in game settings</li><li>Repack uses XTool library by Razor12911</li><li>At least 2 GB of free RAM (inc. virtual) required for installing this repack</li></ul><div ><div><h2>Game Description</h2></div><div ><b>A Graphic Adventure Sure To Delight!</b><p>Welcome to the first chapter of the NAIRI story!</p><p>As Nairi becomes separated from her upper class family in the exotic city of Shirin, she embarks on a perilous journey to seek her way back home.</p><p>Follow her unique story together with her ex-criminal companion Rex to solve puzzles, make friends and enemies, and uncover a dark mystery tied to the Tower of Shirin\u2026</p><p>NAIRI: Tower of Shirin is a charming graphic adventure with adorable characters in a troubled world that is sure to delight people of all ages looking for a strong narrative and puzzle experience!</p><p><b><h3>Game Features</h3></b></p><ul><li>A cute yet melancholic graphic adventure: a captivating story with depth that appeals, regardless of age\u2026 or species!</li><li>Tons of adorable hand drawn art which is sure whet the appetite of \u2018Studio Ghibli\u2019 or \u2018The Last Airbender\u2019 fans!</li><li>Stretch your puzzle-muscles with challenging puzzles and brainteasers!</li><li>Many cute colorful characters that will melt your heart \u2013 and some that might freeze it!</li><li>Collect, trade and combine a wide range of wacky items!</li><li>A beautiful original soundtrack that will transport you to the exotic oasis city of Shirin!</li></ul><p><b>Included Bonuses</b></p><ul><li>OST</li><li>Art book</li></ul></div></div>             </div>"
}