{
    "link": "https://fitgirl-repacks.site/natures-habit/",
    "title": "Nature\u2019s Habit",
    "first_img": "https://i1.imageban.ru/out/2022/04/09/1eb49b67a207b734969743acfddbbf57.jpg",
    "second_img": "https://s01.riotpixels.net/data/ac/44/ac4422bc-7386-4f62-bc13-55af57fbdcff.jpg.240p.jpg",
    "body": "<div ><h2>Nature\u2019s Habit</h2><p ><div><a target=\"_blank\" href=\"https://en.riotpixels.com/games/natures-habit/\" rel=\"noopener\"><img class=\"alignleft\" width=\"150\" src=\"https://i1.imageban.ru/out/2022/04/09/1eb49b67a207b734969743acfddbbf57.jpg\"></a></div><br>Genres/Tags: <strong>Arcade, Jump and run, Side, 3D</strong><br>Companies: <strong>Wassem Bata, Tariq Hassan</strong><br>Language: <strong>ENG</strong><br>Original Size: <strong>2.6 GB</strong><br>Repack Size: <strong>1.5 GB</strong></p>&nbsp;<div>&nbsp;</div><h3>Download Mirrors</h3><ul><li><a href=\"https://1337x.to/torrent/5212800/Nature-s-Habit-FitGirl-Repack/\" target=\"_blank\" rel=\"noopener\">1337x</a> | [<a href=\"magnet:?xt=urn:btih:79355E8C7A9CC35CCD57A45D6D5D857CB7D57A52&amp;dn=Nature%26%23039%3Bs+Habit+%5BFitGirl+Repack%5D&amp;tr=udp%3A%2F%2F46.148.18.250%3A2710&amp;tr=udp%3A%2F%2Fopentor.org%3A2710&amp;tr=udp%3A%2F%2Ftracker.coppersurfer.tk%3A6969%2Fannounce&amp;tr=udp%3A%2F%2Ftracker.opentrackr.org%3A1337%2Fannounce&amp;tr=http%3A%2F%2Ftracker.dler.org%3A6969%2Fannounce&amp;tr=udp%3A%2F%2Ftracker.leechers-paradise.org%3A6969%2Fannounce&amp;tr=udp%3A%2F%2F9.rarbg.me%3A2730%2Fannounce&amp;tr=udp%3A%2F%2F9.rarbg.to%3A2770%2Fannounce&amp;tr=udp%3A%2F%2Ftracker.pirateparty.gr%3A6969%2Fannounce&amp;tr=http%3A%2F%2Fretracker.local%2Fannounce&amp;tr=http%3A%2F%2Fretracker.ip.ncnet.ru%2Fannounce&amp;tr=udp%3A%2F%2Fexodus.desync.com%3A6969%2Fannounce&amp;tr=udp%3A%2F%2Fipv4.tracker.harry.lu%3A80%2Fannounce&amp;tr=udp%3A%2F%2Fopen.stealth.si%3A80%2Fannounce&amp;tr=udp%3A%2F%2Ftracker.opentrackr.org%3A1337%2Fannounce&amp;tr=http%3A%2F%2Ftracker.openbittorrent.com%3A80%2Fannounce&amp;tr=udp%3A%2F%2Fopentracker.i2p.rocks%3A6969%2Fannounce&amp;tr=udp%3A%2F%2Ftracker.internetwarriors.net%3A1337%2Fannounce&amp;tr=udp%3A%2F%2Ftracker.leechers-paradise.org%3A6969%2Fannounce&amp;tr=udp%3A%2F%2Fcoppersurfer.tk%3A6969%2Fannounce&amp;tr=udp%3A%2F%2Ftracker.zer0day.to%3A1337%2Fannounce\">magnet</a>] [<a href=\"https://pastefg.hermietkreeft.site/?35cb7dafdd1accc2#HPtEua9p9oydUxiwLkuuKRUnG3gxZbNBFDk82ucBgw6K\" target=\"_blank\" rel=\"noopener\">.torrent file only</a>] <br><img src=\"https://torrent-stats.info/a45d/318969e52.png\" style=\"display:block;clear:both\"></li><li><a href=\"https://tapochek.net/viewtopic.php?p=2845154\" target=\"_blank\" rel=\"noopener\">Tapochek.net</a></li><li><a href=\"https://pastefg.hermietkreeft.site/?d6d536e20ff24db3#71mgKWvzQevRvG3Akh173SMqAxSr5sJPL6yU4XS6WZCm\" target=\"_blank\" rel=\"noopener\">Filehoster: MultiUpload</a> (10+ hosters, interchangeable) [Use <a href=\"http://jdownloader.org/jdownloader2\" target=\"_blank\" rel=\"noopener\">JDownloader2</a>]</li><li><a href=\"https://pastefg.hermietkreeft.site/?e179dba7389484cc#9V7j2kse8VBczhj8ie1ndndnBLabH79vief9whnCTLw4\" target=\"_blank\" rel=\"noopener\">Filehoster: ZippyShare</a></li><li><a href=\"https://pastefg.hermietkreeft.site/?ce4f48d1f705dc3d#B4XKsCuNVxJgMpqn3f91hRNyira826DYnqnuMHtosgK3\" target=\"_blank\" rel=\"noopener\">Filehoster: BayFiles</a></li><li><a href=\"https://pastefg.hermietkreeft.site/?11076c512c2f512a#RHSGuEf3qB8oTNPSmjWa73EfSb3YfeiptxeYhAsUHJZ\" target=\"_blank\" rel=\"noopener\">Filehoster: OneDrive</a> (Uploaded by DyR0 t(-_-t), NOT compatible with other mirrors)</li><p><!--  <li><a href=\"\" target=\"_blank\" rel=\"noopener\">Filehosters: Google Drive, OneDrive + others</a> (Uploaded by crackhub213)</li>  --></p></ul><p><a href=\"https://cs.rin.ru/forum/viewtopic.php?f=10&amp;t=121290\" target=\"_blank\" rel=\"noopener\">Discussion and (possible) future updates on CS.RIN.RU thread</a></p><h3>Screenshots (Click to enlarge)</h3><p><a target=\"_blank\" href=\"https://en.riotpixels.com/games/natures-habit/screenshots/6/?utm_source=emb-gfx-html&amp;utm_medium=image&amp;utm_campaign=rp-mass\" rel=\"noopener\"><img loading=\"lazy\" width=\"178\" height=\"100\" border=\"0\" src=\"https://s01.riotpixels.net/data/ac/44/ac4422bc-7386-4f62-bc13-55af57fbdcff.jpg.240p.jpg\"></a><a target=\"_blank\" href=\"https://en.riotpixels.com/games/natures-habit/screenshots/5/?utm_source=emb-gfx-html&amp;utm_medium=image&amp;utm_campaign=rp-mass\" rel=\"noopener\"><img loading=\"lazy\" width=\"178\" height=\"100\" border=\"0\" src=\"https://s01.riotpixels.net/data/03/c8/03c8db9c-722f-477f-889d-c67962120ccd.jpg.240p.jpg\"></a><a target=\"_blank\" href=\"https://en.riotpixels.com/games/natures-habit/screenshots/4/?utm_source=emb-gfx-html&amp;utm_medium=image&amp;utm_campaign=rp-mass\" rel=\"noopener\"><img loading=\"lazy\" width=\"178\" height=\"100\" border=\"0\" src=\"https://s01.riotpixels.net/data/a4/cf/a4cfae90-6f4a-4cbc-a3ba-c058bd592cb7.jpg.240p.jpg\"></a><br><a target=\"_blank\" href=\"https://en.riotpixels.com/games/natures-habit/screenshots/3/?utm_source=emb-gfx-html&amp;utm_medium=image&amp;utm_campaign=rp-mass\" rel=\"noopener\"><img loading=\"lazy\" width=\"178\" height=\"100\" border=\"0\" src=\"https://s01.riotpixels.net/data/63/ce/63cef30f-f796-48c8-a5b1-fb05789a2004.jpg.240p.jpg\"></a><a target=\"_blank\" href=\"https://en.riotpixels.com/games/natures-habit/screenshots/2/?utm_source=emb-gfx-html&amp;utm_medium=image&amp;utm_campaign=rp-mass\" rel=\"noopener\"><img loading=\"lazy\" width=\"178\" height=\"100\" border=\"0\" src=\"https://s01.riotpixels.net/data/91/09/9109cd68-e21e-49bd-8fe6-092393fc44e6.jpg.240p.jpg\"></a><a target=\"_blank\" href=\"https://en.riotpixels.com/games/natures-habit/screenshots/1/?utm_source=emb-gfx-html&amp;utm_medium=image&amp;utm_campaign=rp-mass\" rel=\"noopener\"><img loading=\"lazy\" width=\"178\" height=\"100\" border=\"0\" src=\"https://s01.riotpixels.net/data/b0/56/b0565a81-99ba-4fab-a73d-150a867cd662.jpg.240p.jpg\"></a></p><h3>Repack Features</h3><ul><li>Based on Natures.Habit-DARKSiDERS ISO release: ds-natureshabit.iso (2,844,391,424 bytes)</li><li>100% Lossless &amp; MD5 Perfect: all files are identical to originals after installation</li><li>NOTHING ripped, NOTHING re-encoded</li><li>Significantly smaller archive size (compressed from 2.6 to 1.5 GB)</li><li>Installation takes one minute</li><li>After-install integrity check so you could make sure that everything installed properly</li><li>HDD space after installation: 4 GB</li><li>At least 2 GB of free RAM (inc. virtual) required for installing this repack</li></ul><div ><div><h2>Game Description</h2></div><div ><p>We are living in the year 2060, the ecosphere\u2019s systems at the brink of collapsing. The group of scientists and ecologists named \u201cClepsydra\u201d gathered from all over the world to salvage the remains, they found that experimenting on small terrariums can be efficient, and will eventually shed a light on fixing the real ecosphere\u2019s systems.</p><p>You play as a synthetic water drop which is set to help these scientists by completing nature\u2019s habit where every living thing is dependent on water.</p><p>Expect to face many challenging tasks, traversing set types of terrains surfaces (Natural, man-made), not to forget to mention other natural effects and effectors such as (Crippling concentrated sun rays, Wind zones, synthetic ants).</p><p>By completing those set challenges, you will help \u201cClepsydra\u201d to develop the next generation of synthetic self-aware water, where it will go to pre-determined objective locations and aid what\u2019s in there such as (small fire, dying dehydrated plant, etc\u2026).Be aware, you are not their first trial, many generations of synthetic water drops were deployed and tested on, but unfortunately, none survived, luckily you can carry their memories and their learned abilities.</p><p><b><h3>Game Features</h3></b></p><ul><li>Cinematic Relaxing journey, \u201cNature\u2019s Habit\u201d will let you see the world through the eyes of a tiny waterdrop, Move through a lovely set of miniature words, each level will contain slightly different features, the calmness of the music and the interesting visuals will make the level memorable</li><li>To stay alive you are expected to \u2013 Move, Jump. Shoot &amp; Dodge.</li><li>Stay vigilant! some levels might include surviving-fight moments and your enemy is synthetic ants.</li><li>Side note \u2013 to create a relaxing-interesting journey the length of the game is shortened to last an hour or so.</li></ul></div></div>             </div>"
}