{
    "link": "https://fitgirl-repacks.site/necrobarista/",
    "title": "Necrobarista \u2013 v1.0.8 (Final Pour Update)",
    "first_img": "https://i1.imageban.ru/out/2021/10/04/c2ead1df3da364a3ac29b1d08063b0a6.jpg",
    "second_img": "https://s01.riotpixels.net/data/81/8f/818ff6ad-a43c-4491-ab9a-bc1abfec8cfd.jpg.240p.jpg",
    "body": "<div ><h2>Necrobarista \u2013 v1.0.8 (Final Pour Update)</h2><p ><div><a target=\"_blank\" href=\"http://en.riotpixels.com/games/necrobarista/\" rel=\"noopener\"><img class=\"alignleft\" width=\"150\" src=\"https://i1.imageban.ru/out/2021/10/04/c2ead1df3da364a3ac29b1d08063b0a6.jpg\"></a></div><br>Genres/Tags: <strong>Adventure, 3D</strong><br>Companies: <strong>Route 59, Active Gaming Media</strong><br>Languages: <strong>RUS/ENG/MULTI14</strong><br>Original Size: <strong>3.5 GB</strong><br>Repack Size: <strong>2.1 GB</strong></p>&nbsp;<div>&nbsp;</div><h3>Download Mirrors</h3><ul><li><a href=\"https://1337x.to/torrent/5005338/Necrobarista-v1-0-8-Final-Pour-Update-MULTi14-FitGirl-Repack/\" target=\"_blank\" rel=\"noopener\">1337x</a> | [<a href=\"magnet:?xt=urn:btih:8B0B279F9B7479946E9C457B145D9F6C00D4B64E&amp;dn=Necrobarista+%28v1.0.8%2FFinal+Pour+Update%2C+MULTi14%29+%5BFitGirl+Repack%5D&amp;tr=udp%3A%2F%2F46.148.18.250%3A2710&amp;tr=udp%3A%2F%2Fopentor.org%3A2710&amp;tr=udp%3A%2F%2Ftracker.coppersurfer.tk%3A6969%2Fannounce&amp;tr=udp%3A%2F%2Ftracker.opentrackr.org%3A1337%2Fannounce&amp;tr=http%3A%2F%2Ftracker.dler.org%3A6969%2Fannounce&amp;tr=udp%3A%2F%2Ftracker.leechers-paradise.org%3A6969%2Fannounce&amp;tr=udp%3A%2F%2F9.rarbg.me%3A2730%2Fannounce&amp;tr=udp%3A%2F%2F9.rarbg.to%3A2770%2Fannounce&amp;tr=udp%3A%2F%2Ftracker.pirateparty.gr%3A6969%2Fannounce&amp;tr=http%3A%2F%2Fretracker.local%2Fannounce&amp;tr=http%3A%2F%2Fretracker.ip.ncnet.ru%2Fannounce&amp;tr=udp%3A%2F%2Fexodus.desync.com%3A6969%2Fannounce&amp;tr=udp%3A%2F%2Fipv4.tracker.harry.lu%3A80%2Fannounce&amp;tr=udp%3A%2F%2Fopen.stealth.si%3A80%2Fannounce&amp;tr=udp%3A%2F%2Ftracker.zer0day.to%3A1337%2Fannounce&amp;tr=udp%3A%2F%2Ftracker.leechers-paradise.org%3A6969%2Fannounce&amp;tr=udp%3A%2F%2Fcoppersurfer.tk%3A6969%2Fannounce\">magnet</a>] [<a href=\"https://pastefg.hermietkreeft.site/?23e9fb066d9c8511#FCmiG5r1SFh4Pr5WEeZTmwcGs5WiKc2kNnvh2sva2pf9\" target=\"_blank\" rel=\"noopener\">.torrent file only</a>] <br><img src=\"https://torrent-stats.info/457b/13f7aa76a.png\" style=\"display:block;clear:both\"></li><li><a href=\"http://rutor.info/torrent/837780/necrobarista-v-1.0.8-2020-pc-repack-ot-fitgirl\" target=\"_blank\" rel=\"noopener\">RuTor</a> [<a href=\"magnet:?xt=urn:btih:8b0b279f9b7479946e9c457b145d9f6c00d4b64e&amp;dn=rutor.info_Necrobarista+%5Bv+1.0.8%5D+%282020%29+PC+%7C+RePack+%D0%BE%D1%82+FitGirl&amp;tr=udp://opentor.net:6969&amp;tr=udp://opentor.org:2710&amp;tr=http://retracker.local/announce\">magnet</a>]</li><li><a href=\"https://tapochek.net/viewtopic.php?p=2804018\" target=\"_blank\" rel=\"noopener\">Tapochek.net</a></li><li><a href=\"https://pastefg.hermietkreeft.site/?5117184e9d4dd6fd#AgZ66p8eEAkzVFxs4EwZYR3GBiDwPavEjE52xbXDDqrJ\" target=\"_blank\" rel=\"noopener\">Filehoster: MultiUpload</a> (10+ hosters, interchangeable) [Use <a href=\"http://jdownloader.org/jdownloader2\" target=\"_blank\" rel=\"noopener\">JDownloader2</a>]</li><li><a href=\"https://pastefg.hermietkreeft.site/?15e8907583ee1884#6HVLvfPrNjSUkaDDXJYALqCwGfXHzP5ZRm4gYed1BnT4\" target=\"_blank\" rel=\"noopener\">Filehoster: PixelDrain</a></li><li><a href=\"https://pastefg.hermietkreeft.site/?de1e74f23244afc1#E8nPuy9mdEcVJ8Z8r6m5opHLDoVAcMjXXA62Ugmpym3P\" target=\"_blank\" rel=\"noopener\">Filehoster: ZippyShare</a></li><li><a href=\"https://pastefg.hermietkreeft.site/?126f8f7ddf8ce2a7#5xw4WZg87jgyPAzwHvadMMXKWycSu4qzkCavvgDiPeUo\" target=\"_blank\" rel=\"noopener\">Filehoster: LetsUpload</a> [Use <a href=\"http://jdownloader.org/jdownloader2\" target=\"_blank\" rel=\"noopener\">JDownloader2</a>]</li><li><a href=\"https://pastefg.hermietkreeft.site/?8183901883e1dcc3#APWhz3fPrjTyte8HXr8wMFXphBzPuP7cYFtTx6s6xh2H\" target=\"_blank\" rel=\"noopener\">Filehoster: OneDrive</a> (Uploaded by DyR0 t(-_-t), NOT compatible with other mirrors)</li></ul><p><a href=\"https://cs.rin.ru/forum/viewtopic.php?f=10&amp;t=88905\" target=\"_blank\" rel=\"noopener\">Discussion and (possible) future updates on CS.RIN.RU thread</a></p><h3>Screenshots (Click to enlarge)</h3><p><a target=\"_blank\" href=\"http://en.riotpixels.com/games/necrobarista/screenshots/23/?utm_source=emb-gfx-html&amp;utm_medium=image&amp;utm_campaign=rp-mass\" rel=\"noopener\"><img loading=\"lazy\" width=\"178\" height=\"100\" border=\"0\" src=\"https://s01.riotpixels.net/data/81/8f/818ff6ad-a43c-4491-ab9a-bc1abfec8cfd.jpg.240p.jpg\"></a><a target=\"_blank\" href=\"http://en.riotpixels.com/games/necrobarista/screenshots/22/?utm_source=emb-gfx-html&amp;utm_medium=image&amp;utm_campaign=rp-mass\" rel=\"noopener\"><img loading=\"lazy\" width=\"178\" height=\"100\" border=\"0\" src=\"https://s01.riotpixels.net/data/0a/4c/0a4cc755-a45f-4c10-b1aa-520448dab842.jpg.240p.jpg\"></a><a target=\"_blank\" href=\"http://en.riotpixels.com/games/necrobarista/screenshots/15/?utm_source=emb-gfx-html&amp;utm_medium=image&amp;utm_campaign=rp-mass\" rel=\"noopener\"><img loading=\"lazy\" width=\"178\" height=\"100\" border=\"0\" src=\"https://s01.riotpixels.net/data/d4/01/d4017335-3844-4aa7-b976-efae68e70327.jpg.240p.jpg\"></a><br><a target=\"_blank\" href=\"http://en.riotpixels.com/games/necrobarista/screenshots/7/?utm_source=emb-gfx-html&amp;utm_medium=image&amp;utm_campaign=rp-mass\" rel=\"noopener\"><img loading=\"lazy\" width=\"178\" height=\"100\" border=\"0\" src=\"https://s01.riotpixels.net/data/7d/34/7d342a19-4c96-43d2-82ce-9e8ab59b8283.jpg.240p.jpg\"></a><a target=\"_blank\" href=\"http://en.riotpixels.com/games/necrobarista/screenshots/6/?utm_source=emb-gfx-html&amp;utm_medium=image&amp;utm_campaign=rp-mass\" rel=\"noopener\"><img loading=\"lazy\" width=\"178\" height=\"100\" border=\"0\" src=\"https://s01.riotpixels.net/data/e9/a9/e9a98332-e81d-4278-9afc-08843d7631a3.jpg.240p.jpg\"></a><a target=\"_blank\" href=\"http://en.riotpixels.com/games/necrobarista/screenshots/1/?utm_source=emb-gfx-html&amp;utm_medium=image&amp;utm_campaign=rp-mass\" rel=\"noopener\"><img loading=\"lazy\" width=\"178\" height=\"100\" border=\"0\" src=\"https://s01.riotpixels.net/data/58/0a/580a7c4a-e2df-4a28-81ca-992f09769e13.jpg.240p.jpg\"></a></p><h3>Repack Features</h3><ul><li>Based on Necrobarista.Final.Pour-CODEX ISO release: codex-necrobarista.final.pour.iso (3,729,948,672 bytes)</li><li>Game version is v1.0.8 (Final Pour Update)</li><li>100% Lossless &amp; MD5 Perfect: all files are identical to originals after installation</li><li>NOTHING ripped, NOTHING re-encoded</li><li>Smaller archive size (compressed from 3.5 to 2.1 GB)</li><li>Installation takes 5-15 minutes, depending on your system</li><li>After-install integrity check so you could make sure that everything installed properly</li><li>HDD space after installation: 4.1 GB (11.8 GB during installation)</li><li>Language can be changed in game settings</li><li>At least 2 GB of free RAM (inc. virtual) required for installing this repack</li></ul><div ><div><h2>Game Description</h2></div><div >\u201cThis is a story about death and coffee.\u201d<p>Inspired equally by film and anime, Necrobarista is a unique take on the visual novel medium. Follow a dynamic and diverse cast of characters as they navigate Melbourne\u2019s hipstery coffee culture, the questionable ethics of necromancy, and the process of letting go.</p></div></div><p><b>Backwards Compatibility</b></p><p>This repack is NOT backwards compatible with my previous Necrobarista repacks.</p>             </div>"
}