{
    "link": "https://fitgirl-repacks.site/necromunda-underhive-wars/",
    "title": "Necromunda: Underhive Wars \u2013 v1.4.4.2 Build 884 + 2 DLCs + Windows 7 Fix",
    "first_img": "https://i4.imageban.ru/out/2021/11/24/439b7775194296c351806144e66f3943.jpg",
    "second_img": "https://s01.riotpixels.net/data/6c/76/6c76d005-d5ba-413e-aec9-3f20162b1c21.jpg.240p.jpg",
    "body": "<div ><h2>Necromunda: Underhive Wars \u2013 v1.4.4.2 Build 884 + 2 DLCs + Windows 7 Fix</h2><p ><div><a target=\"_blank\" href=\"https://en.riotpixels.com/games/necromunda-underhive-wars/\" rel=\"noopener\"><img class=\"alignleft\" width=\"150\" src=\"https://i4.imageban.ru/out/2021/11/24/439b7775194296c351806144e66f3943.jpg\"></a></div><br>Genres/Tags: <strong>RPG, Strategy, Tactics, 3D, Turn-based</strong><br>Companies: <strong>Rogue Factor, Focus Home Interactive</strong><br>Languages: <strong>RUS/ENG/MULTI8</strong><br>Original Size: <strong>20.5 GB</strong><br>Repack Size: <strong>13.9 GB</strong></p>&nbsp;<div>&nbsp;</div><h3>Download Mirrors</h3><ul><li><a href=\"https://1337x.to/torrent/5063077/Necromunda-Underhive-Wars-v1-4-4-2-2-DLCs-Windows-7-Fix-MULTi8-FitGirl-Repack/\" target=\"_blank\" rel=\"noopener\">1337x</a> | [<a href=\"magnet:?xt=urn:btih:7B86773565D27878EF1F89B53077140DE38A8928&amp;dn=Necromunda%3A+Underhive+Wars+%28v1.4.4.2+%2B+2+DLCs+%2B+Windows+7+Fix%2C+MULTi8%29+%5BFitGirl+Repack%5D&amp;tr=udp%3A%2F%2F46.148.18.250%3A2710&amp;tr=udp%3A%2F%2Fopentor.org%3A2710&amp;tr=udp%3A%2F%2Ftracker.coppersurfer.tk%3A6969%2Fannounce&amp;tr=udp%3A%2F%2Ftracker.opentrackr.org%3A1337%2Fannounce&amp;tr=http%3A%2F%2Ftracker.dler.org%3A6969%2Fannounce&amp;tr=udp%3A%2F%2Ftracker.leechers-paradise.org%3A6969%2Fannounce&amp;tr=udp%3A%2F%2F9.rarbg.me%3A2730%2Fannounce&amp;tr=udp%3A%2F%2F9.rarbg.to%3A2770%2Fannounce&amp;tr=udp%3A%2F%2Ftracker.pirateparty.gr%3A6969%2Fannounce&amp;tr=http%3A%2F%2Fretracker.local%2Fannounce&amp;tr=http%3A%2F%2Fretracker.ip.ncnet.ru%2Fannounce&amp;tr=udp%3A%2F%2Fexodus.desync.com%3A6969%2Fannounce&amp;tr=udp%3A%2F%2Fipv4.tracker.harry.lu%3A80%2Fannounce&amp;tr=udp%3A%2F%2Fopen.stealth.si%3A80%2Fannounce&amp;tr=udp%3A%2F%2Ftracker.zer0day.to%3A1337%2Fannounce&amp;tr=udp%3A%2F%2Ftracker.leechers-paradise.org%3A6969%2Fannounce&amp;tr=udp%3A%2F%2Fcoppersurfer.tk%3A6969%2Fannounce\">magnet</a>] [<a href=\"https://pastefg.hermietkreeft.site/?2cd4b48ae1d5ee64#J15sVY8QZbE4KwJ6SG5ydVtaoVgyRL8tpTHyQ35yWWze\" target=\"_blank\" rel=\"noopener\">.torrent file only</a>] <br><img src=\"https://torrent-stats.info/89b5/28353b139.png\" style=\"display:block;clear:both\"></li><li><a href=\"http://rutor.info/torrent/847375/necromunda-underhive-wars-v-1.4.4.2-build-884-dlcs-2020-pc-repack-ot-fitgirl\" target=\"_blank\" rel=\"noopener\">RuTor</a> [<a href=\"magnet:?xt=urn:btih:7b86773565d27878ef1f89b53077140de38a8928&amp;dn=rutor.info_Necromunda%3A+Underhive+Wars+%5Bv+1.4.4.2+Build+884+%2B+DLCs%5D+%282020%29+PC+%7C+RePack+%D0%BE%D1%82+FitGirl&amp;tr=udp://opentor.net:6969&amp;tr=udp://opentor.org:2710&amp;tr=http://retracker.local/announce\">magnet</a>]</li><li><a href=\"https://tapochek.net/viewtopic.php?p=2814359\" target=\"_blank\" rel=\"noopener\">Tapochek.net</a></li><li><a href=\"https://pastefg.hermietkreeft.site/?52bc8993d46a1d1b#DPDbddUJRJtdyQUNDHrPwis3teeb5mAF1jxgfQ3631DF\" target=\"_blank\" rel=\"noopener\">Filehoster: MultiUpload</a> (10+ hosters, interchangeable) [Use <a href=\"http://jdownloader.org/jdownloader2\" target=\"_blank\" rel=\"noopener\">JDownloader2</a>]</li><li><a href=\"https://pastefg.hermietkreeft.site/?93297d439b5ed063#HAwGx1ivWwFZMc4rx39UtAiqVk74M3WY8hBq8WCFYtwU\" target=\"_blank\" rel=\"noopener\">Filehoster: ZippyShare</a></li><li><a href=\"https://pastefg.hermietkreeft.site/?b5d513e5a31d5f18#2pL1aFUP2oWpNz4xGsWGrPBxch5ZefEYAjpyPitb3sUb\" target=\"_blank\" rel=\"noopener\">Filehoster: BayFiles</a></li><li><a href=\"https://pastefg.hermietkreeft.site/?4364864d9f793671#FghMAzwtkVcqqD9eesYTEcEdMANm99z7izTtQSvrWB5C\" target=\"_blank\" rel=\"noopener\">Filehoster: LetsUpload</a> [Use <a href=\"http://jdownloader.org/jdownloader2\" target=\"_blank\" rel=\"noopener\">JDownloader2</a>]</li><li><a href=\"https://pastefg.hermietkreeft.site/?6b5d9715615e2771#3iaMdHfauYivL2jZwvz8LBW8gjLtmHL9aSZiNVQ3xuh5\" target=\"_blank\" rel=\"noopener\">Filehoster: OneDrive</a> (Uploaded by DyR0 t(-_-t), NOT compatible with other mirrors)</li><p><!--  <li><a href=\"\" target=\"_blank\" rel=\"noopener\">Filehosters: Google Drive, OneDrive + others</a> (Uploaded by crackhub213)</li>  --></p></ul><p><a href=\"https://cs.rin.ru/forum/viewtopic.php?f=10&amp;t=87535\" target=\"_blank\" rel=\"noopener\">Discussion and (possible) future updates on CS.RIN.RU thread</a></p><h3>Screenshots (Click to enlarge)</h3><p><a target=\"_blank\" href=\"https://en.riotpixels.com/games/necromunda-underhive-wars/screenshots/8/?utm_source=emb-gfx-html&amp;utm_medium=image&amp;utm_campaign=rp-mass\" rel=\"noopener\"><img loading=\"lazy\" width=\"178\" height=\"100\" border=\"0\" src=\"https://s01.riotpixels.net/data/6c/76/6c76d005-d5ba-413e-aec9-3f20162b1c21.jpg.240p.jpg\"></a><a target=\"_blank\" href=\"https://en.riotpixels.com/games/necromunda-underhive-wars/screenshots/7/?utm_source=emb-gfx-html&amp;utm_medium=image&amp;utm_campaign=rp-mass\" rel=\"noopener\"><img loading=\"lazy\" width=\"178\" height=\"100\" border=\"0\" src=\"https://s01.riotpixels.net/data/ce/5b/ce5b32d3-c4ec-4560-be23-cae7916facc1.jpg.240p.jpg\"></a><a target=\"_blank\" href=\"https://en.riotpixels.com/games/necromunda-underhive-wars/screenshots/6/?utm_source=emb-gfx-html&amp;utm_medium=image&amp;utm_campaign=rp-mass\" rel=\"noopener\"><img loading=\"lazy\" width=\"178\" height=\"100\" border=\"0\" src=\"https://s01.riotpixels.net/data/d0/1e/d01edcc4-1161-4e3d-949e-50888c165556.jpg.240p.jpg\"></a><br><a target=\"_blank\" href=\"https://en.riotpixels.com/games/necromunda-underhive-wars/screenshots/5/?utm_source=emb-gfx-html&amp;utm_medium=image&amp;utm_campaign=rp-mass\" rel=\"noopener\"><img loading=\"lazy\" width=\"177\" height=\"100\" border=\"0\" src=\"https://s01.riotpixels.net/data/fc/aa/fcaa0039-381c-45f8-8573-d16d5b553d9d.jpg.240p.jpg\"></a><a target=\"_blank\" href=\"https://en.riotpixels.com/games/necromunda-underhive-wars/screenshots/4/?utm_source=emb-gfx-html&amp;utm_medium=image&amp;utm_campaign=rp-mass\" rel=\"noopener\"><img loading=\"lazy\" width=\"178\" height=\"100\" border=\"0\" src=\"https://s01.riotpixels.net/data/30/08/3008a073-ae99-4346-8629-56009eaf0a59.jpg.240p.jpg\"></a><a target=\"_blank\" href=\"https://en.riotpixels.com/games/necromunda-underhive-wars/screenshots/3/?utm_source=emb-gfx-html&amp;utm_medium=image&amp;utm_campaign=rp-mass\" rel=\"noopener\"><img loading=\"lazy\" width=\"177\" height=\"100\" border=\"0\" src=\"https://s01.riotpixels.net/data/55/23/55237d0b-531b-45be-bb69-cfeecf6ee3b7.jpg.240p.jpg\"></a></p><h3>Repack Features</h3><ul><li>Based on Necromunda.Underhive.Wars.v1.4.4.2-CODEX ISO release: codex-necromunda.underhive.wars.v1.4.4.2.iso (22,036,807,680 bytes)</li><li>Game version: v1.4.4.2 Build 884; Van Saar Gang &amp; Cawdor Gang DLCs are included and activated</li><li>Copy all files and folders from \u201c_Windows 7 Fix\u201d folder to the game root to make the game running on Windows 7 via DXVK wrapper</li><li>100% Lossless &amp; MD5 Perfect: all files are identical to originals after installation</li><li>NOTHING ripped, NOTHING re-encoded</li><li>Significantly smaller archive size (compressed from 20.5 to 13.9 GB)</li><li>Installation takes 6-15 minutes (depending on your system)</li><li>After-install integrity check so you could make sure that everything installed properly</li><li>HDD space after installation: 39.4 GB</li><li>At least 2 GB of free RAM (inc. virtual) required for installing this repack</li></ul><div ><div><h2>Game Description</h2></div><div >Deep below the nightmarish, polluted hive cities of Necromunda, in the twisted, vertiginous, dark tunnels of the Underhive, rival gangs fight to the bitter end for personal power, wealth, survival and the honour of their Houses. Only the strongest survive.<p>Lead, customize, and grow your gangs of Escher, Goliath, and Orlock. Specialize each member and send them to battle in hazardous dystopian environments. Exploit the terrain in tactical gunfights: climb raised walkways to take advantage, set traps, and ambush foes to force them into bloody melee engagements.</p><p><b><h3>Game Features</h3></b></p><ul><li>Learn new skills, loot equipment and bring your evolved gang to 4-player online gang fights.</li><li>Lead and evolve your gangs in this compelling tactical-RPG</li><li>Follow a rich narrative campaign in the Underhive</li><li>Engage in immersive and persistent game modes</li><li>First video game adaptation from mythical tabletop game Necromunda, the most famous Hive World of Warhammer 40,000</li><li>Play solo or join thrilling 4-way online gang fights</li></ul></div></div><p><b>Backwards Compatibility</b></p><p>This repack IS partially backwards compatible with my previous NUW repack. You can rehash fg-02.bin to save 2.7 GB of traffic.</p>             </div>"
}