{
    "link": "https://fitgirl-repacks.site/necromunda-hired-gun/",
    "title": "Necromunda: Hired Gun \u2013 v1.61865 + 7 DLCs",
    "first_img": "https://i2.imageban.ru/out/2021/11/24/162cf2c249f121f9feb91ee6300e4ee5.jpg",
    "second_img": "https://s01.riotpixels.net/data/89/cf/89cfea89-d72f-4637-a71e-790a7358e860.jpg.240p.jpg",
    "body": "<div ><h2>Necromunda: Hired Gun \u2013 v1.61865 + 7 DLCs</h2><p ><div><a target=\"_blank\" href=\"https://en.riotpixels.com/games/necromunda-hired-gun/\" rel=\"noopener\"><img class=\"alignleft\" width=\"150\" src=\"https://i2.imageban.ru/out/2021/11/24/162cf2c249f121f9feb91ee6300e4ee5.jpg\"></a></div><br>Genres/Tags: <strong>Action, Shooter, First-person, 3D</strong><br>Companies: <strong>Streum On Studio, Focus Home Interactive</strong><br>Languages: <strong>RUS/ENG/MULTI9</strong><br>Original Size: <strong>20.9 GB</strong><br>Repack Size: <strong>12.6/12.8 GB</strong></p>&nbsp;<div>&nbsp;</div><h3>Download Mirrors</h3><ul><li><a href=\"https://1337x.to/torrent/5063198/Necromunda-Hired-Gun-v1-61865-7-DLCs-Bonuses-MULTi9-FitGirl-Repack-Selective-Download-from-12-6-GB/\" target=\"_blank\" rel=\"noopener\">1337x</a> | [<a href=\"magnet:?xt=urn:btih:34FC75D605793941F90648A752275CBB8F21FB6D&amp;dn=Necromunda%3A+Hired+Gun+%28v1.61865+%2B+7+DLCs%2FBonuses%2C+MULTi9%29+%5BFitGirl+Repack%2C+Selective+Download+-+from+12.6+GB%5D&amp;tr=udp%3A%2F%2F46.148.18.250%3A2710&amp;tr=udp%3A%2F%2Fopentor.org%3A2710&amp;tr=udp%3A%2F%2Ftracker.coppersurfer.tk%3A6969%2Fannounce&amp;tr=udp%3A%2F%2Ftracker.opentrackr.org%3A1337%2Fannounce&amp;tr=http%3A%2F%2Ftracker.dler.org%3A6969%2Fannounce&amp;tr=udp%3A%2F%2Ftracker.leechers-paradise.org%3A6969%2Fannounce&amp;tr=udp%3A%2F%2F9.rarbg.me%3A2730%2Fannounce&amp;tr=udp%3A%2F%2F9.rarbg.to%3A2770%2Fannounce&amp;tr=udp%3A%2F%2Ftracker.pirateparty.gr%3A6969%2Fannounce&amp;tr=http%3A%2F%2Fretracker.local%2Fannounce&amp;tr=http%3A%2F%2Fretracker.ip.ncnet.ru%2Fannounce&amp;tr=udp%3A%2F%2Fexodus.desync.com%3A6969%2Fannounce&amp;tr=udp%3A%2F%2Fipv4.tracker.harry.lu%3A80%2Fannounce&amp;tr=udp%3A%2F%2Fopen.stealth.si%3A80%2Fannounce&amp;tr=udp%3A%2F%2Ftracker.zer0day.to%3A1337%2Fannounce&amp;tr=udp%3A%2F%2Ftracker.leechers-paradise.org%3A6969%2Fannounce&amp;tr=udp%3A%2F%2Fcoppersurfer.tk%3A6969%2Fannounce\">magnet</a>] [<a href=\"https://pastefg.hermietkreeft.site/?2f41b492126e2c9e#CiLFxfkVXuxesM1tRvb4LQrJxsVDSTnVpB9EjgcsQr3u\" target=\"_blank\" rel=\"noopener\">.torrent file only</a>] <br><img src=\"https://torrent-stats.info/48a7/1536de7ea.png\" style=\"display:block;clear:both\"></li><li><a href=\"http://rutor.info/torrent/847420/necromunda-hired-gun-v-1.61865-dlcs-2021-pc-repack-ot-fitgirl\" target=\"_blank\" rel=\"noopener\">RuTor</a> [<a href=\"magnet:?xt=urn:btih:34fc75d605793941f90648a752275cbb8f21fb6d&amp;dn=rutor.info_Necromunda%3A+Hired+Gun+%5Bv+1.61865+%2B+DLCs%5D+%282021%29+PC+%7C+RePack+%D0%BE%D1%82+FitGirl&amp;tr=udp://opentor.net:6969&amp;tr=udp://opentor.org:2710&amp;tr=http://retracker.local/announce\">magnet</a>]</li><li><a href=\"https://tapochek.net/viewtopic.php?p=2814402\" target=\"_blank\" rel=\"noopener\">Tapochek.net</a></li><li><a href=\"https://pastefg.hermietkreeft.site/?43e9f0f8492732b9#FFWbXtEShZHhMisCVMCHJjbHvH762wELuFHiXH4zvmcy\" target=\"_blank\" rel=\"noopener\">Filehoster: MultiUpload</a> (10+ hosters, interchangeable) [Use <a href=\"http://jdownloader.org/jdownloader2\" target=\"_blank\" rel=\"noopener\">JDownloader2</a>]</li><li><a href=\"https://pastefg.hermietkreeft.site/?b5652b354feaac71#GqvF51DVq1ooMWSZkiyARvJtYK6811BuvHCsMgD2V4t6\" target=\"_blank\" rel=\"noopener\">Filehoster: ZippyShare</a></li><li><a href=\"https://pastefg.hermietkreeft.site/?96732f9cf3e3ab68#GjdaxwAcgwbB55nt6B6qFpSLisDrWtcBKqXSbQVfxzYN\" target=\"_blank\" rel=\"noopener\">Filehoster: BayFiles</a></li><li><a href=\"https://pastefg.hermietkreeft.site/?1aa1771dec172f57#6krcFVxbpT6RygNJu6NmMttAA4v6UYcyNNMyadq3WvA9\" target=\"_blank\" rel=\"noopener\">Filehoster: LetsUpload</a> [Use <a href=\"http://jdownloader.org/jdownloader2\" target=\"_blank\" rel=\"noopener\">JDownloader2</a>]</li><li><a href=\"https://pastefg.hermietkreeft.site/?8ef2cb666175f5b4#DefpYYSLhg8xJxebimrGW8EKhoVwAbrgdkMBUB9zAqjY\" target=\"_blank\" rel=\"noopener\">Filehoster: OneDrive</a> (Uploaded by DyR0 t(-_-t), NOT compatible with other mirrors)</li><p><!--  <li><a href=\"\" target=\"_blank\" rel=\"noopener\">Filehosters: Google Drive, OneDrive + others</a> (Uploaded by crackhub213)</li>  --></p></ul><p><a href=\"https://cs.rin.ru/forum/viewtopic.php?f=10&amp;t=112158\" target=\"_blank\" rel=\"noopener\">Discussion and (possible) future updates on CS.RIN.RU thread</a></p><h3>Screenshots (Click to enlarge)</h3><p><a target=\"_blank\" href=\"https://en.riotpixels.com/games/necromunda-hired-gun/screenshots/7/?utm_source=emb-gfx-html&amp;utm_medium=image&amp;utm_campaign=rp-mass\" rel=\"noopener\"><img loading=\"lazy\" width=\"178\" height=\"100\" border=\"0\" src=\"https://s01.riotpixels.net/data/89/cf/89cfea89-d72f-4637-a71e-790a7358e860.jpg.240p.jpg\"></a><a target=\"_blank\" href=\"https://en.riotpixels.com/games/necromunda-hired-gun/screenshots/6/?utm_source=emb-gfx-html&amp;utm_medium=image&amp;utm_campaign=rp-mass\" rel=\"noopener\"><img loading=\"lazy\" width=\"178\" height=\"100\" border=\"0\" src=\"https://s01.riotpixels.net/data/7e/f8/7ef89f8e-8643-4f16-aa5f-5c580bc4693a.jpg.240p.jpg\"></a><a target=\"_blank\" href=\"https://en.riotpixels.com/games/necromunda-hired-gun/screenshots/3/?utm_source=emb-gfx-html&amp;utm_medium=image&amp;utm_campaign=rp-mass\" rel=\"noopener\"><img loading=\"lazy\" width=\"178\" height=\"100\" border=\"0\" src=\"https://s01.riotpixels.net/data/1f/e8/1fe8155f-b25e-46bc-8a96-9e6995a13851.jpg.240p.jpg\"></a><br><a target=\"_blank\" href=\"https://en.riotpixels.com/games/necromunda-hired-gun/screenshots/2/?utm_source=emb-gfx-html&amp;utm_medium=image&amp;utm_campaign=rp-mass\" rel=\"noopener\"><img loading=\"lazy\" width=\"178\" height=\"100\" border=\"0\" src=\"https://s01.riotpixels.net/data/90/85/90855c44-8b1f-4e09-90a3-876e78202306.jpg.240p.jpg\"></a><a target=\"_blank\" href=\"https://en.riotpixels.com/games/necromunda-hired-gun/screenshots/1/?utm_source=emb-gfx-html&amp;utm_medium=image&amp;utm_campaign=rp-mass\" rel=\"noopener\"><img loading=\"lazy\" width=\"178\" height=\"100\" border=\"0\" src=\"https://s01.riotpixels.net/data/f5/59/f55940e0-15e2-4c14-903e-fcd6b8e5d73a.jpg.240p.jpg\"></a></p><h3>Repack Features</h3><ul><li>Based on Necromunda.Hired.Gun.v1.61194-CODEX ISO release: codex-necromunda.hired.gun.v1.61194.iso (22,434,054,144 bytes)</li><li>Necromunda.Hired.Gun.Update.v1.61865.incl.DLC-CODEX (484 MB) applied over</li><li>Game version: v1.61865; 5 DLCs and 2 bonus pieces (ArtBook + OST) are included and activated</li><li>100% Lossless &amp; MD5 Perfect: all files are identical to originals after installation</li><li>NOTHING ripped, NOTHING re-encoded</li><li>Selective Download feature: you may skip downloading and installing of bonus content (ArtBook + OST)</li><li>Significantly smaller archive size (compressed from cumulative 20.9 to 12.6/12.8 GB)</li><li>Installation takes 4-8 minutes (depending on your system)</li><li>After-install integrity check so you could make sure that everything installed properly</li><li>HDD space after installation: 39.6 GB</li><li>Language can be changed in game settings</li><li>Repack uses XTool library by Razor12911</li><li>At least 2 GB of free RAM (inc. virtual) required for installing this repack</li><li>Use \u201cNecromunda (DirectX 11)\u201d desktop icon to run the game on Windows 7</li></ul><div ><div><h2>Game Description</h2></div><div >Navigate an ocean of crime and corruption to balance the bloody ecosystem of Necromunda as a merciless hired gun. The money\u2019s good, the dog\u2019s loyal, and the gun\u2019s reliable \u2013 but can you survive the hunt? Necromunda: Hired Gun is an indie fast-paced, violent, and thrilling FPS set in the darkest reaches of Warhammer 40,000\u2019s most infamous hive city.<p>For the right price, eliminate the most notorious gangers and mutants. Your armory is a sprawling arsenal. Your body is enhanced with a dozen customizable augments to run on walls and leap over chasms. Your cyber-mastiff will sniff out and kill enemies for you, while your grappling hook allows quick, agile traversal of the massive environments.</p><p><b><h3>Game Features</h3></b></p><ul><li>An indie fast-paced FPS in the Warhammer 40,000 universe</li><li>Upgrade and fight alongside your loyal cyber-mastiff</li><li>Endless weapon and augment customisation</li><li>Upgrade, advance, and level up as you collect bounties</li></ul></div></div><p><b>Backwards Compatibility</b></p><p>This repack IS slightly backwards compatible with my previous NHG repack. You can rehash fg-02.bin to save 205 MB of traffic.</p>             </div>"
}