{
    "link": "https://fitgirl-repacks.site/nemezis-mysterious-journey-3/",
    "title": "Nemezis: Mysterious Journey III",
    "first_img": "https://i1.imageban.ru/out/2021/07/09/1cd66afab4dfb2731c819dfc62347d4c.jpg",
    "second_img": "https://s01.riotpixels.net/data/a7/c6/a7c6cd66-da70-479b-afdb-4680cfed853b.jpg.240p.jpg",
    "body": "<div ><h2>Nemezis: Mysterious Journey III</h2><p ><div><a target=\"_blank\" href=\"https://en.riotpixels.com/games/nemezis-mysterious-journey-3/\" rel=\"noopener\"><img class=\"alignleft\" width=\"150\" src=\"https://i1.imageban.ru/out/2021/07/09/1cd66afab4dfb2731c819dfc62347d4c.jpg\"></a></div><br>Genres/Tags: <strong>Adventure, Puzzle solving, First-person, 3D</strong><br>Companies: <strong>Detalion Games S.A., PlayWay S.A., Detalion Games S.A.</strong><br>Languages: <strong>RUS/ENG/MULTI8</strong><br>Original Size: <strong>11.2 GB</strong><br>Repack Size: <strong>7.3 GB</strong></p>&nbsp;<div>&nbsp;</div><h3>Download Mirrors</h3><ul><li><a href=\"https://1337x.to/torrent/4915016/Nemezis-Mysterious-Journey-III-MULTi8-FitGirl-Repack/\" target=\"_blank\" rel=\"noopener\">1337x</a> | [<a href=\"magnet:?xt=urn:btih:8B335F118837A0A3E39DEE5067848544758DA7B5&amp;dn=Nemezis%3A+Mysterious+Journey+III+%28MULTi8%29+%5BFitGirl+Repack%5D&amp;tr=udp%3A%2F%2F46.148.18.250%3A2710&amp;tr=udp%3A%2F%2Fopentor.org%3A2710&amp;tr=udp%3A%2F%2Ftracker.coppersurfer.tk%3A6969%2Fannounce&amp;tr=udp%3A%2F%2Ftracker.opentrackr.org%3A1337%2Fannounce&amp;tr=http%3A%2F%2Ftracker.dler.org%3A6969%2Fannounce&amp;tr=udp%3A%2F%2Ftracker.leechers-paradise.org%3A6969%2Fannounce&amp;tr=udp%3A%2F%2F9.rarbg.me%3A2730%2Fannounce&amp;tr=udp%3A%2F%2F9.rarbg.to%3A2770%2Fannounce&amp;tr=udp%3A%2F%2Ftracker.pirateparty.gr%3A6969%2Fannounce&amp;tr=http%3A%2F%2Fretracker.local%2Fannounce&amp;tr=http%3A%2F%2Fretracker.ip.ncnet.ru%2Fannounce&amp;tr=udp%3A%2F%2Fexodus.desync.com%3A6969%2Fannounce&amp;tr=udp%3A%2F%2Fipv4.tracker.harry.lu%3A80%2Fannounce&amp;tr=udp%3A%2F%2Fopen.stealth.si%3A80%2Fannounce&amp;tr=udp%3A%2F%2Ftracker.zer0day.to%3A1337%2Fannounce&amp;tr=udp%3A%2F%2Ftracker.leechers-paradise.org%3A6969%2Fannounce&amp;tr=udp%3A%2F%2Fcoppersurfer.tk%3A6969%2Fannounce\">magnet</a>] [<a href=\"https://pastefg.hermietkreeft.site/?11908d2ec1b2f49b#BTJg6ivEX9K3GBt6Jpms7Uc8bJmgLg39tBJwHa2FF2eW\" target=\"_blank\" rel=\"noopener\">.torrent file only</a>] <br><img src=\"https://torrent-stats.info/ee50/433a393d0.png\" style=\"display:block;clear:both\"></li><li><a href=\"http://rutor.info/torrent/824693/nemezis-mysterious-journey-iii-2021-pc-repack-ot-fitgirl\" target=\"_blank\" rel=\"noopener\">RuTor</a> [<a href=\"magnet:?xt=urn:btih:8b335f118837a0a3e39dee5067848544758da7b5&amp;dn=rutor.info_Nemezis%3A+Mysterious+Journey+III+%282021%29+PC+%7C+RePack+%D0%BE%D1%82+FitGirl&amp;tr=udp://opentor.org:2710&amp;tr=udp://opentor.org:2710&amp;tr=http://retracker.local/announce\">magnet</a>]</li><li><a href=\"https://tapochek.net/viewtopic.php?p=2788223\" target=\"_blank\" rel=\"noopener\">Tapochek.net</a></li><li><a href=\"https://pastefg.hermietkreeft.site/?e8b35e5cbf9df525#oSHyGYrczWEDpi8wvJUdnVWCahebM5diCNNHUuAweXp\" target=\"_blank\" rel=\"noopener\">Filehoster: MultiUpload</a> (10+ hosters, interchangeable) [Use <a href=\"http://jdownloader.org/jdownloader2\" target=\"_blank\" rel=\"noopener\">JDownloader2</a>]</li><li><a href=\"https://pastefg.hermietkreeft.site/?714ea74b77b149e7#2zUM5JdDuRwSh68R4czZxYPJAzTQxrTXbwSP23tN2RJu\" target=\"_blank\" rel=\"noopener\">Filehoster: PixelDrain</a></li><li><a href=\"https://pastefg.hermietkreeft.site/?c95a8b0a827b672c#FjcY7WtaB1ZzZNC6dLdCJY5d3SG5fDmQDKiCHMTCBRjr\" target=\"_blank\" rel=\"noopener\">Filehoster: LetsUpload</a> [Use <a href=\"http://jdownloader.org/jdownloader2\" target=\"_blank\" rel=\"noopener\">JDownloader2</a>]</li><li><a href=\"https://crackhub.site/nemezis-mysterious-journey-iii-fitgirl-repack/\" target=\"_blank\" rel=\"noopener\">Filehosters: Google Drive, OneDrive + others</a> (Uploaded by crackhub213)</li><li><a href=\"https://pastefg.hermietkreeft.site/?fde105a8cb5648a2#C28w5HdgDQHCKrHARnVgXwDBUyxTveCXM4MUg9FqStZZ\" target=\"_blank\" rel=\"noopener\">Filehoster: OneDrive</a> (Uploaded by DyR0 t(-_-t), NOT compatible with other mirrors)</li></ul><p><a href=\"https://cs.rin.ru/forum/viewtopic.php?f=10&amp;t=95088\" target=\"_blank\" rel=\"noopener\">Discussion and (possible) future updates on CS.RIN.RU thread</a></p><h3>Screenshots (Click to enlarge)</h3><p><a target=\"_blank\" href=\"https://en.riotpixels.com/games/nemezis-mysterious-journey-3/screenshots/12/?utm_source=emb-gfx-html&amp;utm_medium=image&amp;utm_campaign=rp-mass\" rel=\"noopener\"><img loading=\"lazy\" width=\"178\" height=\"100\" border=\"0\" src=\"https://s01.riotpixels.net/data/a7/c6/a7c6cd66-da70-479b-afdb-4680cfed853b.jpg.240p.jpg\"></a><a target=\"_blank\" href=\"https://en.riotpixels.com/games/nemezis-mysterious-journey-3/screenshots/10/?utm_source=emb-gfx-html&amp;utm_medium=image&amp;utm_campaign=rp-mass\" rel=\"noopener\"><img loading=\"lazy\" width=\"178\" height=\"100\" border=\"0\" src=\"https://s01.riotpixels.net/data/ad/58/ad583a06-913e-4946-addb-177f0ab63755.jpg.240p.jpg\"></a><a target=\"_blank\" href=\"https://en.riotpixels.com/games/nemezis-mysterious-journey-3/screenshots/9/?utm_source=emb-gfx-html&amp;utm_medium=image&amp;utm_campaign=rp-mass\" rel=\"noopener\"><img loading=\"lazy\" width=\"178\" height=\"100\" border=\"0\" src=\"https://s01.riotpixels.net/data/12/03/12034fcd-15f4-41dc-bea6-a09434372722.jpg.240p.jpg\"></a><br><a target=\"_blank\" href=\"https://en.riotpixels.com/games/nemezis-mysterious-journey-3/screenshots/7/?utm_source=emb-gfx-html&amp;utm_medium=image&amp;utm_campaign=rp-mass\" rel=\"noopener\"><img loading=\"lazy\" width=\"178\" height=\"100\" border=\"0\" src=\"https://s01.riotpixels.net/data/5b/80/5b802f59-5126-4f62-9849-47b9924f76da.jpg.240p.jpg\"></a><a target=\"_blank\" href=\"https://en.riotpixels.com/games/nemezis-mysterious-journey-3/screenshots/4/?utm_source=emb-gfx-html&amp;utm_medium=image&amp;utm_campaign=rp-mass\" rel=\"noopener\"><img loading=\"lazy\" width=\"178\" height=\"100\" border=\"0\" src=\"https://s01.riotpixels.net/data/5a/19/5a19f763-c636-4f69-97b2-cfe34394666a.jpg.240p.jpg\"></a><a target=\"_blank\" href=\"https://en.riotpixels.com/games/nemezis-mysterious-journey-3/screenshots/1/?utm_source=emb-gfx-html&amp;utm_medium=image&amp;utm_campaign=rp-mass\" rel=\"noopener\"><img loading=\"lazy\" width=\"178\" height=\"100\" border=\"0\" src=\"https://s01.riotpixels.net/data/66/f9/66f93ffd-b689-4443-9c2b-bbaf78e0d54b.jpg.240p.jpg\"></a></p><h3>Repack Features</h3><ul><li>Based on Nemezis.Mysterious.Journey.III-CODEX ISO release: codex-nemezis.mysterious.journey.iii.iso (12,055,511,040 bytes)</li><li>100% Lossless &amp; MD5 Perfect: all files are identical to originals after installation</li><li>NOTHING ripped, NOTHING re-encoded</li><li>Significantly smaller archive size (compressed from 11.2 to 7.3 GB)</li><li>Installation takes 3-8 minutes (depending on your system)</li><li>After-install integrity check so you could make sure that everything installed properly</li><li>HDD space after installation: 11.2 GB</li><li>Language can be changed in game settings</li><li>Repack uses XTool library by Razor12911</li><li>At least 2 GB of free RAM (inc. virtual) required for installing this repack</li></ul><div ><div><h2>Game Description</h2></div><div ><b>Travel and explore</b><br>This is the planet Regilus \u2013 a dazzlingly beautiful, exotic, multi-layered and mysterious ecosystem. No wonder that colonial syndicates and private explorers fought for it. In the end, the oasis of natural deposits and minerals found on Regilus was deemed too small to fight for, and with no more hostilities, various Teleportation Travel Agencies turned the place into a one-of-a-kind tourist attraction.<p><b>Lost in space</b><br>Nemezis: Mysterious Journey III is a puzzle adventure game with countless brain teasers, in which two tourists \u2013 Bogard and Amia \u2013 find themselves engaged in a series of mysterious events. The protagonists are separated and, in order to find each other, must rely on a guide whose behaviour becomes more and more grotesque with every passing minute.</p><p><b>Find your companion</b><br>During their adventure on Regilus, the protagonists will visit seven different locations \u2013 each one a completely new artistic experience altogether. In order to find one another, Bogard and Amia must solve many intriguing puzzles with varying levels of complexity. Nemezis: Mysterious Journey III is a very player-friendly game. Choose a level of puzzle difficulty appropriate to your experience with games of this type. You will also have access to a digital guide, whose advice can be crucial in many situations. But are you sure you can trust it?</p><p>The game\u2019s creator and puzzle designer is the legendary Roland Panto\u0142a \u2013 creator of critically acclaimed adventure titles such as AD 2044, Reah and the Schizm series.</p><p><b><h3>Game Features</h3></b></p><ul><li>Intriguing and engrossing puzzles that will test your ability to quickly associate facts and think abstractly.</li><li>A dark and stunningly beautiful ecosystem on the planet Regilus.</li><li>Superbly written, deep characters.</li><li>A compelling and exciting story, whose finale will surprise even the most seasoned fans of the genre.</li><li>A digital guide to help you in difficult situations and multiple difficulty levels to suit your experience.</li></ul></div></div>             </div>"
}