{
    "link": null,
    "title": "NEO: The World Ends with You + 2 DLCs",
    "first_img": "https://i3.imageban.ru/out/2021/10/04/2606f890bfe428e623552b0a55b81a68.jpg",
    "second_img": [],
    "body": "<div ><h2>NEO: The World Ends with You + 2 DLCs</h2><p ><div><a target=\"_blank\" href=\"https://en.riotpixels.com/games/neo-the-world-ends-with-you/\" rel=\"noopener\"><img class=\"alignleft\" width=\"150\" src=\"https://i3.imageban.ru/out/2021/10/04/2606f890bfe428e623552b0a55b81a68.jpg\"></a></div><br>Genres/Tags: <strong>RPG, Open world, Third-person, Japanese, 3D</strong><br>Companies: <strong>h.a.n.d., Inc., Square Enix</strong><br>Languages: <strong>ENG/MULTI6</strong><br><strong>This game REQUIRES Windows 10</strong><br>Original Size: <strong>12.2 GB</strong><br>Repack Size: <strong>from 8.6 GB</strong> [Selective Download]</p>&nbsp;<div>&nbsp;</div><h3>Download Mirrors</h3><ul><li><a href=\"https://1337x.to/torrent/5005383/NEO-The-World-Ends-with-You-2-DLCs-MULTi6-FitGirl-Repack-Selective-Download-from-8-6-GB/\" target=\"_blank\" rel=\"noopener\">1337x</a> | [<a href=\"magnet:?xt=urn:btih:A1D7A7C58CDAF93B46F80F4D63C0B404B99725AE&amp;dn=NEO%3A+The+World+Ends+with+You+%28%2B+2+DLCs%2C+MULTi6%29+%5BFitGirl+Repack%2C+Selective+Download+-+from+8.6+GB%5D&amp;tr=udp%3A%2F%2F46.148.18.250%3A2710&amp;tr=udp%3A%2F%2Fopentor.org%3A2710&amp;tr=udp%3A%2F%2Ftracker.coppersurfer.tk%3A6969%2Fannounce&amp;tr=udp%3A%2F%2Ftracker.opentrackr.org%3A1337%2Fannounce&amp;tr=http%3A%2F%2Ftracker.dler.org%3A6969%2Fannounce&amp;tr=udp%3A%2F%2Ftracker.leechers-paradise.org%3A6969%2Fannounce&amp;tr=udp%3A%2F%2F9.rarbg.me%3A2730%2Fannounce&amp;tr=udp%3A%2F%2F9.rarbg.to%3A2770%2Fannounce&amp;tr=udp%3A%2F%2Ftracker.pirateparty.gr%3A6969%2Fannounce&amp;tr=http%3A%2F%2Fretracker.local%2Fannounce&amp;tr=http%3A%2F%2Fretracker.ip.ncnet.ru%2Fannounce&amp;tr=udp%3A%2F%2Fexodus.desync.com%3A6969%2Fannounce&amp;tr=udp%3A%2F%2Fipv4.tracker.harry.lu%3A80%2Fannounce&amp;tr=udp%3A%2F%2Fopen.stealth.si%3A80%2Fannounce&amp;tr=udp%3A%2F%2Ftracker.zer0day.to%3A1337%2Fannounce&amp;tr=udp%3A%2F%2Ftracker.leechers-paradise.org%3A6969%2Fannounce&amp;tr=udp%3A%2F%2Fcoppersurfer.tk%3A6969%2Fannounce\">magnet</a>] [<a href=\"https://pastefg.hermietkreeft.site/?a8b976853c4fa5eb#J2WCd53Wjo962cx12ECXMYBBYgidBwU3Bdxj6vx97R5p\" target=\"_blank\" rel=\"noopener\">.torrent file only</a>] <br><img src=\"https://torrent-stats.info/0f4d/465aeea0.png\" style=\"display:block;clear:both\"></li><li><a href=\"https://tapochek.net/viewtopic.php?p=2804022\" target=\"_blank\" rel=\"noopener\">Tapochek.net</a></li><li><a href=\"https://pastefg.hermietkreeft.site/?93b4c241c575ed34#756AdbtuWmc8HXoBRQ8tvfGgKPUNwvogfyGgojQTGSeP\" target=\"_blank\" rel=\"noopener\">Filehoster: MultiUpload</a> (10+ hosters, interchangeable) [Use <a href=\"http://jdownloader.org/jdownloader2\" target=\"_blank\" rel=\"noopener\">JDownloader2</a>]</li><li><a href=\"https://pastefg.hermietkreeft.site/?aa89c23aab8c545d#7kdx8jDHAKzgb7fnF7PcfpDoNXpadz2oKvxBxCgFsyYV\" target=\"_blank\" rel=\"noopener\">Filehoster: PixelDrain</a></li><li><a href=\"https://pastefg.hermietkreeft.site/?af70c7eaa427d21c#8AZSu8fW6Na2jUyaBuvSiT6567dKwuVPicVvBCSQ56FE\" target=\"_blank\" rel=\"noopener\">Filehoster: ZippyShare</a></li><li><a href=\"https://pastefg.hermietkreeft.site/?e2ce392a5a491eba#ABdaB3d4fNGSJ48ewCQkncHUdjS9UxtTWM3N88vrUXGw\" target=\"_blank\" rel=\"noopener\">Filehoster: LetsUpload</a> [Use <a href=\"http://jdownloader.org/jdownloader2\" target=\"_blank\" rel=\"noopener\">JDownloader2</a>]</li><li><a href=\"https://pastefg.hermietkreeft.site/?aaf22030b583545f#BmnYxxMYVKSmyRQd8tN2XZQDDV6zzhtJtoHgXDc9n23y\" target=\"_blank\" rel=\"noopener\">Filehoster: OneDrive</a> (Uploaded by DyR0 t(-_-t), NOT compatible with other mirrors)</li></ul><p><a href=\"https://cs.rin.ru/forum/viewtopic.php?f=38&amp;t=112603\" target=\"_blank\" rel=\"noopener\">Discussion and (possible) future updates on CS.RIN.RU thread</a></p><h3>ATTENTION, Windows 7 users!</h3><p>Since native PC version requires Windows 10 to work and you\u2019re still on Windows 7 the only chance for you to play this game is using my <a href=\"https://fitgirl-repacks.site/neo-the-world-ends-with-you-switch-emulated/\">original Switch emulated repack</a>.</p><h3>Screenshots (Click to enlarge)</h3><p><a target=\"_blank\" href=\"https://en.riotpixels.com/games/neo-the-world-ends-with-you/screenshots/33/?utm_source=emb-gfx-html&amp;utm_medium=image&amp;utm_campaign=rp-mass\" rel=\"noopener\"><img loading=\"lazy\" width=\"178\" height=\"100\" border=\"0\" src=\"https://s01.riotpixels.net/data/fd/3f/fd3fac37-68ce-4a05-a16b-fccdedfc2fcb.jpg.240p.jpg\"></a><a target=\"_blank\" href=\"https://en.riotpixels.com/games/neo-the-world-ends-with-you/screenshots/28/?utm_source=emb-gfx-html&amp;utm_medium=image&amp;utm_campaign=rp-mass\" rel=\"noopener\"><img loading=\"lazy\" width=\"178\" height=\"100\" border=\"0\" src=\"https://s01.riotpixels.net/data/9b/60/9b60d04c-7be5-4887-b3a3-015b06529f13.jpg.240p.jpg\"></a><a target=\"_blank\" href=\"https://en.riotpixels.com/games/neo-the-world-ends-with-you/screenshots/23/?utm_source=emb-gfx-html&amp;utm_medium=image&amp;utm_campaign=rp-mass\" rel=\"noopener\"><img loading=\"lazy\" width=\"178\" height=\"100\" border=\"0\" src=\"https://s01.riotpixels.net/data/4b/57/4b57245c-0c52-41bc-b525-809a3432e2ed.jpg.240p.jpg\"></a><br><a target=\"_blank\" href=\"https://en.riotpixels.com/games/neo-the-world-ends-with-you/screenshots/17/?utm_source=emb-gfx-html&amp;utm_medium=image&amp;utm_campaign=rp-mass\" rel=\"noopener\"><img loading=\"lazy\" width=\"178\" height=\"100\" border=\"0\" src=\"https://s01.riotpixels.net/data/6a/fc/6afcb17c-b442-4233-90ae-c4d425d3477a.jpg.240p.jpg\"></a><a target=\"_blank\" href=\"https://en.riotpixels.com/games/neo-the-world-ends-with-you/screenshots/9/?utm_source=emb-gfx-html&amp;utm_medium=image&amp;utm_campaign=rp-mass\" rel=\"noopener\"><img loading=\"lazy\" width=\"178\" height=\"100\" border=\"0\" src=\"https://s01.riotpixels.net/data/f2/44/f244d3a1-0c5f-49d1-9af5-6f88bbc56abd.jpg.240p.jpg\"></a><a target=\"_blank\" href=\"https://en.riotpixels.com/games/neo-the-world-ends-with-you/screenshots/6/?utm_source=emb-gfx-html&amp;utm_medium=image&amp;utm_campaign=rp-mass\" rel=\"noopener\"><img loading=\"lazy\" width=\"178\" height=\"100\" border=\"0\" src=\"https://s01.riotpixels.net/data/70/5b/705be3c7-7530-4203-a474-64796ac72d77.jpg.240p.jpg\"></a></p><h3>Repack Features</h3><ul><li>Based on NEO.The.World.Ends.with.You-CODEX ISO release: codex-neo.the.world.ends.with.you.iso (13,113,196,544 bytes)</li><li>2 DLCs are included and activated</li><li>100% Lossless &amp; MD5 Perfect: all files are identical to originals after installation</li><li>NOTHING ripped, NOTHING re-encoded</li><li>Selective Download feature: you may skip downloading and installing of credits videos and Japanese voiceovers/videos</li><li>Smaller archive size (compressed from 12.2 to 8.6~10.5 GB)</li><li>Installation takes 12-25 minutes (depending on your system)</li><li>After-install integrity check so you could make sure that everything installed properly</li><li>HDD space after installation: up to 12.6 GB</li><li>Language can be changed in game settings</li><li>At least 2 GB of free RAM (inc. virtual) required for installing this repack</li></ul><div ><div><h2>Game Description</h2></div><div ><b>NEO: The World Ends with You</b><br>Rindo comes to the grim realization that his life is on the line when he is forced to compete in the so-called \u201cReapers\u2019 Game.\u201d<p>There\u2019s no telling how this tale will unfold\u2014but it\u2019s up to you to find out! Put your psychic prowess to the test as you duke it out on the stylishly animated streets of Shibuya.</p><p><b>STORY</b><br>It was just an ordinary day in Shibuya\u2014or so Rindo thought,<br>until he comes into possession of a mysterious pin<br>and gets wrapped up in the so-called \u201cReapers\u2019 Game\u201d\u2026</p><p><b>Included DLCs</b></p><ul><li>Legendary Threads Set</li><li>Reapers Game Survival Set</li></ul></div></div>             </div>"
}