{
    "link": "https://fitgirl-repacks.site/nerf-legends/",
    "title": "Nerf Legends: Digital Deluxe Edition+ Alpha Pack DLC + Multiplayer",
    "first_img": "https://i4.imageban.ru/out/2021/11/20/c5ecbdee7b22d2d5bd70e2d1c4ce22c2.jpg",
    "second_img": "https://s01.riotpixels.net/data/96/7f/967fa888-a205-4621-acd7-da61da7aa69a.jpg.240p.jpg",
    "body": "<div ><h2>Nerf Legends: Digital Deluxe Edition+ Alpha Pack DLC + Multiplayer</h2><p ><div><a target=\"_blank\" href=\"https://en.riotpixels.com/games/nerf-legends/\" rel=\"noopener\"><img class=\"alignleft\" width=\"150\" src=\"https://i4.imageban.ru/out/2021/11/20/c5ecbdee7b22d2d5bd70e2d1c4ce22c2.jpg\"></a></div><br>Genres/Tags: <strong>Action, Shooter, First-person, 3D</strong><br>Companies: <strong>FUN labs Romania S.R.L., GameMill Entertainment</strong><br>Languages: <strong>ENG/MULTI6</strong><br>Original Size: <strong>8.1 GB</strong><br>Repack Size: <strong>4.9/5.2 GB</strong></p>&nbsp;<div>&nbsp;</div><h3>Download Mirrors</h3><ul><li><a href=\"https://1337x.to/torrent/5058675/Nerf-Legends-Digital-Deluxe-Edition-Alpha-Pack-DLC-Multiplayer-MULTi6-FitGirl-Repack-Selective-Download-from-4-9-GB/\" target=\"_blank\" rel=\"noopener\">1337x</a> | [<a href=\"magnet:?xt=urn:btih:EC4F1AAEDAA78ECFDA4CEBEB2BED1C76EF00D227&amp;dn=Nerf+Legends%3A+Digital+Deluxe+Edition+%28%2B+Alpha+Pack+DLC+%2B+Multiplayer%2C+MULTi6%29+%5BFitGirl+Repack%2C+Selective+Download+-+from+4.9+GB%5D&amp;tr=udp%3A%2F%2F46.148.18.250%3A2710&amp;tr=udp%3A%2F%2Fopentor.org%3A2710&amp;tr=udp%3A%2F%2Ftracker.coppersurfer.tk%3A6969%2Fannounce&amp;tr=udp%3A%2F%2Ftracker.opentrackr.org%3A1337%2Fannounce&amp;tr=http%3A%2F%2Ftracker.dler.org%3A6969%2Fannounce&amp;tr=udp%3A%2F%2Ftracker.leechers-paradise.org%3A6969%2Fannounce&amp;tr=udp%3A%2F%2F9.rarbg.me%3A2730%2Fannounce&amp;tr=udp%3A%2F%2F9.rarbg.to%3A2770%2Fannounce&amp;tr=udp%3A%2F%2Ftracker.pirateparty.gr%3A6969%2Fannounce&amp;tr=http%3A%2F%2Fretracker.local%2Fannounce&amp;tr=http%3A%2F%2Fretracker.ip.ncnet.ru%2Fannounce&amp;tr=udp%3A%2F%2Fexodus.desync.com%3A6969%2Fannounce&amp;tr=udp%3A%2F%2Fipv4.tracker.harry.lu%3A80%2Fannounce&amp;tr=udp%3A%2F%2Fopen.stealth.si%3A80%2Fannounce&amp;tr=udp%3A%2F%2Ftracker.zer0day.to%3A1337%2Fannounce&amp;tr=udp%3A%2F%2Ftracker.leechers-paradise.org%3A6969%2Fannounce&amp;tr=udp%3A%2F%2Fcoppersurfer.tk%3A6969%2Fannounce\">magnet</a>] [<a href=\"https://pastefg.hermietkreeft.site/?59e7877bc04c80c1#3Y89mbVk3m25bWyZDTJMEd1ddWkvJewqgPyu7ZfSJE9H\" target=\"_blank\" rel=\"noopener\">.torrent file only</a>] <br><img src=\"https://torrent-stats.info/ebeb/44cbf1ca6.png\" style=\"display:block;clear:both\"></li><li><a href=\"https://tapochek.net/viewtopic.php?p=2813691\" target=\"_blank\" rel=\"noopener\">Tapochek.net</a></li><li><a href=\"https://pastefg.hermietkreeft.site/?edf893355fcf00e1#EtsPmoQY1P4MFXdhH8HLhPaDuFgRatAkTiZrzELxyZUW\" target=\"_blank\" rel=\"noopener\">Filehoster: MultiUpload</a> (10+ hosters, interchangeable) [Use <a href=\"http://jdownloader.org/jdownloader2\" target=\"_blank\" rel=\"noopener\">JDownloader2</a>]</li><li><a href=\"https://pastefg.hermietkreeft.site/?f3cb46a6548b0da8#CBk1zc9f3qYjzh29A3Erh5dQQYX6KtDQVgwPMCZaTwx7\" target=\"_blank\" rel=\"noopener\">Filehoster: ZippyShare</a></li><li><a href=\"https://pastefg.hermietkreeft.site/?6a71a153af5c4fdd#44kxZgeUGYNpWt8buvn3d2fhS8pVpMoh975sQv3zLDQ2\" target=\"_blank\" rel=\"noopener\">Filehoster: BayFiles</a></li><li><a href=\"https://pastefg.hermietkreeft.site/?a071ab6fab9221cd#4iTURfqczKZUH36YjTQknh4rWSu3dwMuyp6Kcf2xDEvD\" target=\"_blank\" rel=\"noopener\">Filehoster: LetsUpload</a> [Use <a href=\"http://jdownloader.org/jdownloader2\" target=\"_blank\" rel=\"noopener\">JDownloader2</a>]</li><li><a href=\"https://pastefg.hermietkreeft.site/?9ef53c78f311ebe4#Aavm58AsVXRjrPK4iUoonomEtmW6HzXJDHuZV2fZq5T2\" target=\"_blank\" rel=\"noopener\">Filehoster: OneDrive</a> (Uploaded by DyR0 t(-_-t), NOT compatible with other mirrors)</li><p><!--  <li><a href=\"\" target=\"_blank\" rel=\"noopener\">Filehosters: Google Drive, OneDrive + others</a> (Uploaded by crackhub213)</li>  --></p></ul><p><a href=\"https://cs.rin.ru/forum/viewtopic.php?f=10&amp;t=116786\" target=\"_blank\" rel=\"noopener\">Discussion and (possible) future updates on CS.RIN.RU thread</a></p><h3>Screenshots (Click to enlarge)</h3><p><a target=\"_blank\" href=\"https://en.riotpixels.com/games/nerf-legends/screenshots/8/?utm_source=emb-gfx-html&amp;utm_medium=image&amp;utm_campaign=rp-mass\" rel=\"noopener\"><img loading=\"lazy\" width=\"178\" height=\"100\" border=\"0\" src=\"https://s01.riotpixels.net/data/96/7f/967fa888-a205-4621-acd7-da61da7aa69a.jpg.240p.jpg\"></a><a target=\"_blank\" href=\"https://en.riotpixels.com/games/nerf-legends/screenshots/7/?utm_source=emb-gfx-html&amp;utm_medium=image&amp;utm_campaign=rp-mass\" rel=\"noopener\"><img loading=\"lazy\" width=\"178\" height=\"100\" border=\"0\" src=\"https://s01.riotpixels.net/data/82/11/821133cb-2316-43f7-9a51-8fd461e3f6f9.jpg.240p.jpg\"></a><a target=\"_blank\" href=\"https://en.riotpixels.com/games/nerf-legends/screenshots/6/?utm_source=emb-gfx-html&amp;utm_medium=image&amp;utm_campaign=rp-mass\" rel=\"noopener\"><img loading=\"lazy\" width=\"178\" height=\"100\" border=\"0\" src=\"https://s01.riotpixels.net/data/e4/86/e486979c-2023-430c-a48d-c917ea79d1a7.jpg.240p.jpg\"></a><br><a target=\"_blank\" href=\"https://en.riotpixels.com/games/nerf-legends/screenshots/4/?utm_source=emb-gfx-html&amp;utm_medium=image&amp;utm_campaign=rp-mass\" rel=\"noopener\"><img loading=\"lazy\" width=\"178\" height=\"100\" border=\"0\" src=\"https://s01.riotpixels.net/data/65/5b/655be656-2ccc-410d-99f7-9435cc3f299a.jpg.240p.jpg\"></a><a target=\"_blank\" href=\"https://en.riotpixels.com/games/nerf-legends/screenshots/2/?utm_source=emb-gfx-html&amp;utm_medium=image&amp;utm_campaign=rp-mass\" rel=\"noopener\"><img loading=\"lazy\" width=\"178\" height=\"100\" border=\"0\" src=\"https://s01.riotpixels.net/data/e1/fb/e1fb25e9-f694-480b-b1f7-45f79845e5e1.jpg.240p.jpg\"></a><a target=\"_blank\" href=\"https://en.riotpixels.com/games/nerf-legends/screenshots/1/?utm_source=emb-gfx-html&amp;utm_medium=image&amp;utm_campaign=rp-mass\" rel=\"noopener\"><img loading=\"lazy\" width=\"178\" height=\"100\" border=\"0\" src=\"https://s01.riotpixels.net/data/dd/17/dd1710af-d2c6-4a24-9584-5e21e07f3a9f.jpg.240p.jpg\"></a></p><h3>Repack Features</h3><ul><li>Based on Nerf_Legends-FLT ISO release: flt-nerf_legends.iso (8,713,523,200 bytes)</li><li>Alpha Pack DLC is include and activated</li><li>Multiplayer crack by 0xdeadc0de is available in NoDVD folder after installation</li><li>100% Lossless &amp; MD5 Perfect: all files are identical to originals after installation</li><li>NOTHING ripped, NOTHING re-encoded</li><li>Selective Download feature: you may skip downloading and installing of menu animated backgrounds (flythrougs for levels)</li><li>Significantly smaller archive size (compressed from 8.1 to 4.9/5.2 GB)</li><li>Installation takes 2-4 minutes (depending on your system)</li><li>After-install integrity check so you could make sure that everything installed properly</li><li>HDD space after installation: up to 15.7 GB</li><li>Language can be changed in game settings</li><li>Repack uses XTool library by Razor12911</li><li>At least 2 GB of free RAM (inc. virtual) required for installing this repack</li></ul><div ><div><h2>Game Description</h2></div><div >NERF Legends thrusts you into a futuristic, sci-fi world where you\u2019ll come face-to-face with legions of robot enemies and ultimate boss masters. Armed with a wide array of NERF blasters based on their iconic, real-world counterparts, you\u2019ll thwart formidable enemies while being challenged to pull off the most impressive high-flying trick shots across a series of unique and immersive environments. Are your NERF skills up to the challenge to become the ultimate NERF Legend?<p><b><h3>Game Features</h3></b></p><ul><li>Set in out-of-this-world locations such as Fortress Siege, Jungle Trouble, Ragnarok Showdown, and Spaceport Blastoff!</li><li>15 Authentic NERF basters across the Mega, Ultra and Elite lines! Plus upgradable perks &amp; skins to customize your blaster!</li><li>Collect dart powerups such as magnetic push, magnetic pull, seeker darts, and slow to change the tide of battles!</li><li>Enter the gauntlet and go face-to-face against a wide variety of blaster-wielding robots and Nerf Masters</li><li>Use accelerators and trampolines to bounce and fly across the world!</li><li>Use blasters to solve unique puzzles and challenges</li><li>Earn top rewards by beating the Nerf courses</li><li>4 vs 4 team play or 8 player free-for-all with online multiplayer modes</li><li>Use the character creator to customize your avatar!</li></ul></div></div>             </div>"
}