{
    "link": "https://fitgirl-repacks.site/next-space-rebels/",
    "title": "Next Space Rebels \u2013 v1.3",
    "first_img": "https://i3.imageban.ru/out/2021/11/21/fb02f4add21cd9d67b860748ba2874d2.jpg",
    "second_img": "https://s01.riotpixels.net/data/84/6f/846f7434-8f33-4020-876b-bc68d4a86da3.jpg.240p.jpg",
    "body": "<div ><h2>Next Space Rebels \u2013 v1.3</h2><p ><div><a target=\"_blank\" href=\"https://en.riotpixels.com/games/next-space-rebels/\" rel=\"noopener\"><img class=\"alignleft\" width=\"150\" src=\"https://i3.imageban.ru/out/2021/11/21/fb02f4add21cd9d67b860748ba2874d2.jpg\"></a></div><br>Genres/Tags: <strong>Logic, Simulation, 3D</strong><br>Companies: <strong>Studio Floris Kaayk, Humble Games</strong><br>Languages: <strong>ENG/MULTI6</strong><br>Original Size: <strong>1.8 GB</strong><br>Repack Size: <strong>1.4 GB</strong></p>&nbsp;<div>&nbsp;</div><h3>Download Mirrors</h3><ul><li><a href=\"https://1337x.to/torrent/5059787/Next-Space-Rebels-v1-3-MULTi6-FitGirl-Repack/\" target=\"_blank\" rel=\"noopener\">1337x</a> | [<a href=\"magnet:?xt=urn:btih:1E519C8420BFD812A887D41B43FA87C7D7E9290E&amp;dn=Next+Space+Rebels+%28v1.3%2C+MULTi6%29+%5BFitGirl+Repack%5D&amp;tr=udp%3A%2F%2F46.148.18.250%3A2710&amp;tr=udp%3A%2F%2Fopentor.org%3A2710&amp;tr=udp%3A%2F%2Ftracker.coppersurfer.tk%3A6969%2Fannounce&amp;tr=udp%3A%2F%2Ftracker.opentrackr.org%3A1337%2Fannounce&amp;tr=http%3A%2F%2Ftracker.dler.org%3A6969%2Fannounce&amp;tr=udp%3A%2F%2Ftracker.leechers-paradise.org%3A6969%2Fannounce&amp;tr=udp%3A%2F%2F9.rarbg.me%3A2730%2Fannounce&amp;tr=udp%3A%2F%2F9.rarbg.to%3A2770%2Fannounce&amp;tr=udp%3A%2F%2Ftracker.pirateparty.gr%3A6969%2Fannounce&amp;tr=http%3A%2F%2Fretracker.local%2Fannounce&amp;tr=http%3A%2F%2Fretracker.ip.ncnet.ru%2Fannounce&amp;tr=udp%3A%2F%2Fexodus.desync.com%3A6969%2Fannounce&amp;tr=udp%3A%2F%2Fipv4.tracker.harry.lu%3A80%2Fannounce&amp;tr=udp%3A%2F%2Fopen.stealth.si%3A80%2Fannounce&amp;tr=udp%3A%2F%2Ftracker.zer0day.to%3A1337%2Fannounce&amp;tr=udp%3A%2F%2Ftracker.leechers-paradise.org%3A6969%2Fannounce&amp;tr=udp%3A%2F%2Fcoppersurfer.tk%3A6969%2Fannounce\">magnet</a>] [<a href=\"https://pastefg.hermietkreeft.site/?af4722d4b6980ede#4Y4vXGuG7dZohXNmN5TrFEf6TXBvUyXjPDSzwyc7vGap\" target=\"_blank\" rel=\"noopener\">.torrent file only</a>] <br><img src=\"https://torrent-stats.info/d41b/3de047e42.png\" style=\"display:block;clear:both\"></li><li><a href=\"https://tapochek.net/viewtopic.php?p=2813892\" target=\"_blank\" rel=\"noopener\">Tapochek.net</a></li><li><a href=\"https://pastefg.hermietkreeft.site/?19b80165397da206#7zHpzaNbVnMKJhrWQ1L8yDEvg4K6ijVbqhVE1GNYjiiD\" target=\"_blank\" rel=\"noopener\">Filehoster: MultiUpload</a> (10+ hosters, interchangeable) [Use <a href=\"http://jdownloader.org/jdownloader2\" target=\"_blank\" rel=\"noopener\">JDownloader2</a>]</li><li><a href=\"https://pastefg.hermietkreeft.site/?17945227a434fd0f#5Sf6Bhan4KjEVbMb6nWpAdAJyoa3B6H7CUFDYdLM17pD\" target=\"_blank\" rel=\"noopener\">Filehoster: ZippyShare</a></li><li><a href=\"https://pastefg.hermietkreeft.site/?f077d38c8f0b73cd#GEgtvA2QdqeFevUEQestMtHAc4R2KwBKNNeVbZKRiTtA\" target=\"_blank\" rel=\"noopener\">Filehoster: BayFiles</a></li><li><a href=\"https://pastefg.hermietkreeft.site/?4e128adcc3f9b309#J7SSDFktcXTqh2DTfUKMzNUpTjEncLre5fphjj8LVtf\" target=\"_blank\" rel=\"noopener\">Filehoster: LetsUpload</a> [Use <a href=\"http://jdownloader.org/jdownloader2\" target=\"_blank\" rel=\"noopener\">JDownloader2</a>]</li><li><a href=\"https://pastefg.hermietkreeft.site/?9282c550c2e964fa#HSS5NjdGu3WA3e5K5tpC1pR9KyiZvxuGsdEEjMf9a7tp\" target=\"_blank\" rel=\"noopener\">Filehoster: OneDrive</a> (Uploaded by DyR0 t(-_-t), NOT compatible with other mirrors)</li><p><!--  <li><a href=\"\" target=\"_blank\" rel=\"noopener\">Filehosters: Google Drive, OneDrive + others</a> (Uploaded by crackhub213)</li>  --></p></ul><p><a href=\"https://cs.rin.ru/forum/viewtopic.php?f=10&amp;t=113914\" target=\"_blank\" rel=\"noopener\">Discussion and (possible) future updates on CS.RIN.RU thread</a></p><h3>Screenshots (Click to enlarge)</h3><p><a target=\"_blank\" href=\"https://en.riotpixels.com/games/next-space-rebels/screenshots/9/?utm_source=emb-gfx-html&amp;utm_medium=image&amp;utm_campaign=rp-mass\" rel=\"noopener\"><img loading=\"lazy\" width=\"179\" height=\"100\" border=\"0\" src=\"https://s01.riotpixels.net/data/84/6f/846f7434-8f33-4020-876b-bc68d4a86da3.jpg.240p.jpg\"></a><a target=\"_blank\" href=\"https://en.riotpixels.com/games/next-space-rebels/screenshots/7/?utm_source=emb-gfx-html&amp;utm_medium=image&amp;utm_campaign=rp-mass\" rel=\"noopener\"><img loading=\"lazy\" width=\"179\" height=\"100\" border=\"0\" src=\"https://s01.riotpixels.net/data/00/9c/009ce565-649f-422a-aaf4-d3d719249558.jpg.240p.jpg\"></a><a target=\"_blank\" href=\"https://en.riotpixels.com/games/next-space-rebels/screenshots/6/?utm_source=emb-gfx-html&amp;utm_medium=image&amp;utm_campaign=rp-mass\" rel=\"noopener\"><img loading=\"lazy\" width=\"178\" height=\"100\" border=\"0\" src=\"https://s01.riotpixels.net/data/b1/de/b1dedfa6-ce24-4443-a8ec-cce204ee737f.jpg.240p.jpg\"></a><br><a target=\"_blank\" href=\"https://en.riotpixels.com/games/next-space-rebels/screenshots/5/?utm_source=emb-gfx-html&amp;utm_medium=image&amp;utm_campaign=rp-mass\" rel=\"noopener\"><img loading=\"lazy\" width=\"179\" height=\"100\" border=\"0\" src=\"https://s01.riotpixels.net/data/e9/6d/e96dc515-2399-4f2e-9aa4-055601bf8f94.jpg.240p.jpg\"></a><a target=\"_blank\" href=\"https://en.riotpixels.com/games/next-space-rebels/screenshots/2/?utm_source=emb-gfx-html&amp;utm_medium=image&amp;utm_campaign=rp-mass\" rel=\"noopener\"><img loading=\"lazy\" width=\"179\" height=\"100\" border=\"0\" src=\"https://s01.riotpixels.net/data/2d/36/2d36ce9f-f599-44e8-8ec6-a588284db080.jpg.240p.jpg\"></a><a target=\"_blank\" href=\"https://en.riotpixels.com/games/next-space-rebels/screenshots/1/?utm_source=emb-gfx-html&amp;utm_medium=image&amp;utm_campaign=rp-mass\" rel=\"noopener\"><img loading=\"lazy\" width=\"179\" height=\"100\" border=\"0\" src=\"https://s01.riotpixels.net/data/dd/b5/ddb5e44d-6dfd-41e4-b1d4-9541126b2793.jpg.240p.jpg\"></a></p><h3>Repack Features</h3><ul><li>Based on Next_Space_Rebels-DINOByTES ISO release: din-nextspacerebels.iso (1,972,731,904 bytes)</li><li>100% Lossless &amp; MD5 Perfect: all files are identical to originals after installation</li><li>NOTHING ripped, NOTHING re-encoded</li><li>Slightly smaller archive size (compressed from 1.8 to 1.4 GB)</li><li>Installation takes 1-3 minutes (depending on your system)</li><li>After-install integrity check so you could make sure that everything installed properly</li><li>HDD space after installation: 2.2 GB</li><li>Language can be changed in game settings</li><li>Repack uses XTool library by Razor12911</li><li>At least 2 GB of free RAM (inc. virtual) required for installing this repack</li></ul><div ><div><h2>Game Description</h2></div><div >Order some parts online, get your camera, and grow your StarTube channel through rocket tinkering and often wacky challenges! With great fame comes great responsibility, and a sudden wrench in your path to greatness will take you on a journey towards space.<p>The mysterious Next Space Rebels know that those who control the satellites now control the future of the internet. Will you join them in their race to internet freedom?</p><p>Next Space Rebels enables the joy of creation, lessons of failure, and progress of experimentation, generally reserved for complex sim games, through its accessible \u201cnotepad-style\u201d creation tools and intertwined narrative.</p><p><b><h3>Game Features</h3></b></p><ul><li><b>BUILD A ROCKET</b> \u2013 Powerful yet easy-to-use rocket creation tools that will let any budding rocketeer express their full creative potential.</li><li><b>COLLECT NEW PARTS</b> \u2013 Earn and gather new parts by completing challenges to grow from a hobbyist rocket builder to an advanced satellite-launching rocket scientist.</li><li><b>GROW YOUR FOLLOWING</b> \u2013 Grow your online StarTube channel! Share your recorded creations in-game to grow your channel, then export them to share in real life.</li><li><b>JOIN THE NEXT SPACE REBELS</b> \u2013 Fully live-action cutscenes! Meet an extensive cast of extravagant internet characters on your journey towards becoming a Next Space Rebel.</li><li><b>CREATIVE FREEDOM</b> \u2013 Creative Mode (unlocked after story completion) to create the Frankensteinian rocket of your dreams!</li></ul></div></div>             </div>"
}