{
    "link": null,
    "title": "NieR Automata: Game of the YoRHa Edition + All DLCs + Bonus",
    "first_img": "https://i5.imageban.ru/out/2021/07/16/6d06a6a32f8dbd393e3d44e393ac5c06.jpg",
    "second_img": [],
    "body": "<div ><h2>NieR Automata: Game of the YoRHa Edition + All DLCs + Bonus</h2><p ><div><a href=\"http://en.riotpixels.com/games/nier-automata/\" target=\"_blank\" rel=\"noopener\"><img class=\"alignleft\" src=\"https://i5.imageban.ru/out/2021/07/16/6d06a6a32f8dbd393e3d44e393ac5c06.jpg\" width=\"150\"></a></div><br>Genres/Tags: <strong>RPG, Action RPG, Third-person, 3D</strong><br>Companies: <strong>PlatinumGames / Square Enix</strong><br>Languages: <strong>RUS/ENG/MULTI7</strong><br>Original Size: <strong>27.8 GB</strong><br>Repack Size: <strong>from 8.9 GB</strong> [Selective Download]</p><h3>Download Mirrors</h3><ul><li><a href=\"https://1337x.to/torrent/4921547/NieR-Automata-Game-of-the-YoRHa-Edition-All-DLCs-Bonus-MULTi7-FitGirl-Repack-Selective-Download-from-8-9-GB/\" target=\"_blank\" rel=\"noopener\">1337x</a> | [<a href=\"magnet:?xt=urn:btih:847262435544B53F89ECED9838912ED709F5E668&amp;dn=NieR+Automata%3A+Game+of+the+YoRHa+Edition+%28%2B+All+DLCs+%2B+Bonus%2C+MULTi7%29+%5BFitGirl+Repack%2C+Selective+Download+-+from+8.9+GB%5D&amp;tr=udp%3A%2F%2F46.148.18.250%3A2710&amp;tr=udp%3A%2F%2Fopentor.org%3A2710&amp;tr=udp%3A%2F%2Ftracker.coppersurfer.tk%3A6969%2Fannounce&amp;tr=udp%3A%2F%2Ftracker.opentrackr.org%3A1337%2Fannounce&amp;tr=http%3A%2F%2Ftracker.dler.org%3A6969%2Fannounce&amp;tr=udp%3A%2F%2Ftracker.leechers-paradise.org%3A6969%2Fannounce&amp;tr=udp%3A%2F%2F9.rarbg.me%3A2730%2Fannounce&amp;tr=udp%3A%2F%2F9.rarbg.to%3A2770%2Fannounce&amp;tr=udp%3A%2F%2Ftracker.pirateparty.gr%3A6969%2Fannounce&amp;tr=http%3A%2F%2Fretracker.local%2Fannounce&amp;tr=http%3A%2F%2Fretracker.ip.ncnet.ru%2Fannounce&amp;tr=udp%3A%2F%2Fexodus.desync.com%3A6969%2Fannounce&amp;tr=udp%3A%2F%2Fipv4.tracker.harry.lu%3A80%2Fannounce&amp;tr=udp%3A%2F%2Fopen.stealth.si%3A80%2Fannounce&amp;tr=udp%3A%2F%2Ftracker.zer0day.to%3A1337%2Fannounce&amp;tr=udp%3A%2F%2Ftracker.leechers-paradise.org%3A6969%2Fannounce&amp;tr=udp%3A%2F%2Fcoppersurfer.tk%3A6969%2Fannounce\">magnet</a>] [<a href=\"https://pastefg.hermietkreeft.site/?77bb943faa9fa79f#86MsUnbT2qmsc8UucEgJBoav6wG12LRQH2DLzBvvcnFM\" target=\"_blank\" rel=\"noopener\">.torrent file only</a>] <br><img src=\"https://torrent-stats.info/ed98/431a721e0.png\" style=\"display:block;clear:both\"></li><li><a href=\"http://rutor.info/torrent/825487/nier-automata-game-of-the-yorha-edition-dlcs-2017-2021-pc-repack-ot-fitgirl\" target=\"_blank\" rel=\"noopener\">RuTor</a> [<a href=\"magnet:?xt=urn:btih:847262435544b53f89eced9838912ed709f5e668&amp;dn=rutor.info_NieR+Automata%3A+Game+of+the+YoRHa+Edition+%5B%2B+DLC%27s%5D+%282017-2021%29+PC+%7C+RePack+%D0%BE%D1%82+FitGirl&amp;tr=udp://opentor.org:2710&amp;tr=udp://opentor.org:2710&amp;tr=http://retracker.local/announce\">magnet</a>]</li><li><a href=\"https://tapochek.net/viewtopic.php?t=200712&amp;start=0\" target=\"_blank\" rel=\"noopener\">Tapochek.net</a></li><li><a href=\"https://pastefg.hermietkreeft.site/?a3e2676dd3520703#5Fb4pncWB4YjPsT5wyEWfiXamuHR86H2X2HSbtjXDKq5\" target=\"_blank\" rel=\"noopener\">Filehoster: MultiUpload</a> (10+ hosters, interchangeable) [Use <a href=\"http://jdownloader.org/jdownloader2\" target=\"_blank\" rel=\"noopener\">JDownloader2</a>]</li><li><a href=\"https://pastefg.hermietkreeft.site/?30a2b2f039e2abd1#2EeTZZoygYNgvNxKDfBYnjqbbjqLsbz1qRqoRaNVCY61\" target=\"_blank\" rel=\"noopener\">Filehoster: PixelDrain</a></li><li><a href=\"https://pastefg.hermietkreeft.site/?7f8f6179902e4c54#GFjGjVByNGagr2g8U2ZG5npsHCam6Pg5sa2k42hDw4aq\" target=\"_blank\" rel=\"noopener\">Filehoster: LetsUpload</a> [Use <a href=\"http://jdownloader.org/jdownloader2\" target=\"_blank\" rel=\"noopener\">JDownloader2</a>]</li><li><a href=\"https://crackhub.site/nier-automata-game-of-the-yorha-edition-all-dlcs-bonus-fitgirl-repack/\" target=\"_blank\" rel=\"noopener\">Filehosters: Google Drive, OneDrive + others</a> (Uploaded by crackhub213)</li><li><a href=\"https://pastefg.hermietkreeft.site/?87b21902e7289702#FUCTQHFSisSTqrzq56aRe5WTyuw6DmQzVqzXn8SP8fVV\" target=\"_blank\" rel=\"noopener\">Filehoster: OneDrive</a> (Uploaded by DyR0 t(-_-t), NOT compatible with other mirrors)</li></ul><h3>Japanese Voiceovers Only Bug and Quickfix</h3><p>If you install this repack with Japanese VOs only, w/o installing English as well, you will face an issue of muted chars, fast subtitles, etc. This happens because the game tries to load English VOs even when they are not selected in the game settings.</p><p>The fix is very easy, though:</p><ol><li>Go to game\u2019s \u201cdata\\sound\u201d folder</li><li>Create a new folder named \u201cEnglish(US)\u201d and copy all files from \u201cJapanese\u201d folder to \u201cEnglish(US)\u201d</li><li>Then go to \u201cdata\\sound\\stream\u201d folder and repeat step two here as well</li><li>Now you\u2019ll have Japanese voiceovers with subtitles of your desire and no bugs</li></ol><p><a href=\"https://cs.rin.ru/forum/viewtopic.php?f=10&amp;t=73201\" target=\"_blank\" rel=\"noopener\">Discussion and (possible) future updates on CS.RIN.RU thread</a></p><h3>Screenshots (Click to enlarge)</h3><p><a target=\"_blank\" href=\"https://en.riotpixels.com/games/nier-automata/screenshots/160/?utm_source=emb-gfx-html&amp;utm_medium=image&amp;utm_campaign=rp-mass\" rel=\"noopener\"><img loading=\"lazy\" width=\"178\" height=\"100\" border=\"0\" src=\"https://s01.riotpixels.net/data/69/d2/69d2422a-b727-46fd-84b8-f9caf62c07cc.jpg.240p.jpg\"></a><a target=\"_blank\" href=\"https://en.riotpixels.com/games/nier-automata/screenshots/154/?utm_source=emb-gfx-html&amp;utm_medium=image&amp;utm_campaign=rp-mass\" rel=\"noopener\"><img loading=\"lazy\" width=\"178\" height=\"100\" border=\"0\" src=\"https://s01.riotpixels.net/data/bc/95/bc95cbea-ea8d-43f1-ba22-150fa3844681.jpg.240p.jpg\"></a><a target=\"_blank\" href=\"https://en.riotpixels.com/games/nier-automata/screenshots/130/?utm_source=emb-gfx-html&amp;utm_medium=image&amp;utm_campaign=rp-mass\" rel=\"noopener\"><img loading=\"lazy\" width=\"178\" height=\"100\" border=\"0\" src=\"https://s01.riotpixels.net/data/b3/e7/b3e7aa86-cd03-4b50-940c-b7bac70a96b8.jpg.240p.jpg\"></a><br><a target=\"_blank\" href=\"https://en.riotpixels.com/games/nier-automata/screenshots/99/?utm_source=emb-gfx-html&amp;utm_medium=image&amp;utm_campaign=rp-mass\" rel=\"noopener\"><img loading=\"lazy\" width=\"178\" height=\"100\" border=\"0\" src=\"https://s01.riotpixels.net/data/87/aa/87aa36a5-daef-4a27-8553-30c1124e41ae.jpg.240p.jpg\"></a><a target=\"_blank\" href=\"https://en.riotpixels.com/games/nier-automata/screenshots/59/?utm_source=emb-gfx-html&amp;utm_medium=image&amp;utm_campaign=rp-mass\" rel=\"noopener\"><img loading=\"lazy\" width=\"178\" height=\"100\" border=\"0\" src=\"https://s01.riotpixels.net/data/bb/db/bbdb966a-a867-4bae-81f8-c891b2d90b6f.jpg.240p.jpg\"></a><a target=\"_blank\" href=\"https://en.riotpixels.com/games/nier-automata/screenshots/57/?utm_source=emb-gfx-html&amp;utm_medium=image&amp;utm_campaign=rp-mass\" rel=\"noopener\"><img loading=\"lazy\" width=\"178\" height=\"100\" border=\"0\" src=\"https://s01.riotpixels.net/data/8f/65/8f65fa35-f335-448f-96c7-53df40171d77.jpg.240p.jpg\"></a></p><h3>Repack Features</h3><ul><li>Based on NieR.Automata.Game.of.the.YoRHa.Edition-CODEX ISO release: codex-nier.automata.game.of.the.yorha.edition.iso  (29,843,685,376 bytes)</li><li>All DLCs and bonus wallpapers are included and activated</li><li>ZoG Russian Localization v1.3, 16.07.2021 (38 MB) added; Replaces English language; unpack Russian.zip in game root to activate, run \u201cUninstall Russian.bat\u201d to deactivate</li><li>100% Lossless &amp; MD5 Perfect: all files are identical to originals after installation</li><li>NOTHING ripped, NOTHING re-encoded</li><li>Selective download feature: you may skip downloading and installing of English/Japanese voiceovers packs and select what videos you want to see: originals or recoded ones</li><li>Significantly smaller archive size (compressed from 27.8 to 8.9~19.5 GB, depending on selected components)</li><li>Installation takes (with lossy videos): 5-17 minutes (depending on your system); with original videos installation is 5-15 minutes longer</li><li>After-install integrity check so you could make sure that everything installed properly</li><li>HDD space after installation: up to 40.5 GB</li><li>Language can be changed in game settings</li><li>Repack uses XTool library by Razor12911</li><li>At least 2 GB of free RAM (inc. virtual) required for installing this repack</li></ul><div ><div><h2>Game Description</h2></div><div >NieR: Automata tells the story of androids 2B, 9S and A2 and their battle to reclaim the machine-driven dystopia overrun by powerful machines.<p>Humanity has been driven from the Earth by mechanical beings from another world. In a final effort to take back the planet, the human resistance sends a force of android soldiers to destroy the invaders. Now, a war between machines and androids rages on\u2026 A war that could soon unveil a long-forgotten truth of the world.</p><p><b>What do you get in NieR:Automata Game of the YoRHa Edition?</b></p><ul><li>The 3C3C1D119440927 Expansion DLC \u2013 Released after the original launch of NieR:Automata, the 3C3C1D119440927 Expansion DLC is included in the Game of the YoRHa Edition. It adds a host of new content to the game, including new story, costumes and arena battles.</li><li>Three new outfits \u2013 the Revealing Outfit for 2B, the Young Man\u2019s Outfit for 9S and the Destroyer Outfit for A2.</li><li>A series of challenging battles in three very different colosseums, including literal boss fights with Square Enix\u2019s CEO Yosuke -&gt; Matsuda and Platinum\u2019s CEO Kenichi Sato.</li><li>New story elements that expands on NieR:Automata\u2019s fascinating world</li><li>New hairsprays and accessories \u2013 change the look of 2B and 9S with new hair colours, masks and more.</li><li>New Jukebox tracks \u2013 critics fell in love with production company MONACA and composer Okabe Keiichi\u2019s soundtrack for NieR:Automata. The included DLC pack adds even more songs to play on the game\u2019s Jukebox.</li><li>Pod Skins \u2013 includes pod skins such as the Grimoire Weiss Pod, Retro Grey Pod Skin, Retro Red Pod Skin and the Cardboard Pod Skin.</li></ul><p><b><h3>Game Features</h3></b></p><ul><li><b>Action-Packed Battles</b> \u2013 Players will switch between using melee and ranged attacks in battle against hordes of enemies and challenging bosses across a variety of open field maps. The tight controls and incredibly fluid combat are simple to learn for newcomers while offering plenty of depth for more experienced action gamers. Players can perform high-speed battle actions\u2014combining light and heavy attacks\u2014and switch through an arsenal of weaponry while evading enemies with speed and style.</li><li><b>Beautifully Desolate Open-World</b> \u2013 The game seamlessly joins together hauntingly beautiful vistas and locations with no area loading. The environments are rendered in 60fps and contain a wealth of sub-events in addition to the main storyline.</li><li><b>Masterfully Crafted Story and Characters</b> \u2013 NieR: Automata tells the story of androids 2B, 9S and A2 and their ferocious battle to reclaim a machine-driven dystopia overrun by powerful weapons known as machine lifeforms.</li><li><b>Elements of an RPG</b> \u2013 Players will obtain a variety of weapon types, level up in battle, learn new combat skills, and customise a loadout that caters to their playstyle.</li><li><b>Utilise the Pod Support System to Assist In and Outside of Battle</b> \u2013 Pods can attack the enemy in both manual and lock-on modes. They can also assist outside of battle, such as allowing the player to glide through the air. Pods can be enhanced throughout the game, with upgrades including new attack methods and variations.</li><li><b>\u201cAuto Mode\u201d Available for Beginners</b> \u2013 Novice players can elect \u201cAuto Mode\u201d for easy attacks and evasions.</li></ul><p><b>Includes the following DLCs:</b></p><ul><li>3C3C1D119440927 Expansion</li><li>Grimoire Weiss Pod</li><li>Machine Mask Accessory</li><li>Valve Character Accessory</li><li>Cardboard Pod Skin</li><li>Retro Red Pod Skin</li><li>Retro Grey Pod Skin</li><li>Game of the YoRHa Edition Wallpaper Set</li></ul></div></div><div ><div Lossy VS Lossless</div><div ><p>I don\u2019t like lossy compression, but this game proves, that sometimes developers have to use brains.</p><p>Most game videos in NieR are in 1600\u00d7904 resolution, not even proper FullHD. And developers used extremely high bitrate for them, up to 30 MBbit/second with 30 FPS. Even the July 2021 build still uses too high bitrate!</p><p>And I must add, that cutscenes (pre-rendered by game engine into movie files) take more than 50% of game files, occupying 19 GB.</p><p>That\u2019s why I made an option for you to download much smaller archive with re-encoded videos.</p><p>They still look pretty good at bitrate of 5~6 MBit/sec. You can download this sample and compare:</p><p>Mirror 1: <a target=\"_blank\" href=\"https://anonfiles.com/N6tcW76au8/nier_sample_zip\" rel=\"noopener\">Anonfiles</a><br>Mirror 2: <a target=\"_blank\" href=\"https://www81.zippyshare.com/v/4luSvGSO/file.html\" rel=\"noopener\">Zippyshare</a><br>Mirror 3: <a target=\"_blank\" href=\"https://pixeldrain.com/u/Ai43swDG\" rel=\"noopener\">Pixeldrain</a><br>Mirror 4: <a target=\"_blank\" href=\"https://multiup.org/download/6482351bef20e193b88f7a82d49ea7e1/nier_sample.zip\" rel=\"noopener\">Multiupload</a></p><p>If you don\u2019t like the quality of re-encoded files, get original ones. Remember \u2013 the choice is always yours, not mine \ud83d\ude09</p><p>Visual side-by-side comparison of still frames from the sample above:</p><p><a target=\"_blank\" href=\"https://imgsli.com/NjE0NzE/\" rel=\"noopener\">https://imgsli.com/NjE0NzE/</a></p></div></div><div ><div Selective Download</div><div ><p>You can skip downloading of files you don\u2019t need. Don\u2019t download both video packs at the same time, choose one only. Here is the list of selective files:</p><ul><li>fg-selective-english-speech.bin (English voiceovers)</li><li>fg-selective-japanese-speech.bin (Japanese voiceovers \u2013 make sure you have installed the pack before switching to Japanese in game settings)</li><li>fg-selective-videos-original.bin (Original videos, 1600\u00d7904, 30 Mbps)</li><li>fg-selective-videos-recoded.bin (Re-encoded videos, 1600\u00d7904, ~5-6 Mbps)</li></ul><p>In example,  if you want to launch the game with English UI/Subtitles/Voiceovers and re-encoded videos \u2013 skip all \u201cselective\u201d files, but download fg-selective-videos-recoded.bin, fg-selective-english-speech.bin &amp; all main files (01-09).<br></p></div></div><div ><div Backwards Compatibility</div><div >This repack is NOT backwards compatible with my previous NieR Automata repack.</div></div>             </div>"
}