{
    "link": "https://fitgirl-repacks.site/nightwalker-2/",
    "title": "Nightwalker 2",
    "first_img": "https://i6.imageban.ru/out/2021/11/17/a7d2f0354911e20c1cfe6c533033b0c9.jpg",
    "second_img": "https://s01.riotpixels.net/data/4e/bd/4ebd3d21-6711-4b6f-ab90-2a9560604221.jpg.240p.jpg",
    "body": "<div ><h2>Nightwalker 2</h2><p ><div><a target=\"_blank\" href=\"https://en.riotpixels.com/games/nightwalker-2/\" rel=\"noopener\"><img class=\"alignleft\" width=\"150\" src=\"https://i6.imageban.ru/out/2021/11/17/a7d2f0354911e20c1cfe6c533033b0c9.jpg\"></a></div><br>Genres/Tags: <strong>Adventure, Exploration, Puzzle solving, First-person, Horror, 3D</strong><br>Companies: <strong>Useless Machines</strong><br>Languages: <strong>ENG</strong><br>Original Size: <strong>3.4 GB</strong><br>Repack Size: <strong>2.1 GB</strong></p>&nbsp;<div>&nbsp;</div><h3>Download Mirrors</h3><ul><li><a href=\"https://1337x.to/torrent/5055451/Nightwalker-2-FitGirl-Repack/\" target=\"_blank\" rel=\"noopener\">1337x</a> | [<a href=\"magnet:?xt=urn:btih:1DFBAE7D24D262EA6CCB340CA18EBC94FFBEE345&amp;dn=Nightwalker+2+%5BFitGirl+Repack%5D&amp;tr=udp%3A%2F%2F46.148.18.250%3A2710&amp;tr=udp%3A%2F%2Fopentor.org%3A2710&amp;tr=udp%3A%2F%2Ftracker.coppersurfer.tk%3A6969%2Fannounce&amp;tr=udp%3A%2F%2Ftracker.opentrackr.org%3A1337%2Fannounce&amp;tr=http%3A%2F%2Ftracker.dler.org%3A6969%2Fannounce&amp;tr=udp%3A%2F%2Ftracker.leechers-paradise.org%3A6969%2Fannounce&amp;tr=udp%3A%2F%2F9.rarbg.me%3A2730%2Fannounce&amp;tr=udp%3A%2F%2F9.rarbg.to%3A2770%2Fannounce&amp;tr=udp%3A%2F%2Ftracker.pirateparty.gr%3A6969%2Fannounce&amp;tr=http%3A%2F%2Fretracker.local%2Fannounce&amp;tr=http%3A%2F%2Fretracker.ip.ncnet.ru%2Fannounce&amp;tr=udp%3A%2F%2Fexodus.desync.com%3A6969%2Fannounce&amp;tr=udp%3A%2F%2Fipv4.tracker.harry.lu%3A80%2Fannounce&amp;tr=udp%3A%2F%2Fopen.stealth.si%3A80%2Fannounce&amp;tr=udp%3A%2F%2Ftracker.zer0day.to%3A1337%2Fannounce&amp;tr=udp%3A%2F%2Ftracker.leechers-paradise.org%3A6969%2Fannounce&amp;tr=udp%3A%2F%2Fcoppersurfer.tk%3A6969%2Fannounce\">magnet</a>] [<a href=\"https://pastefg.hermietkreeft.site/?d774eea1aaa44cf4#8RAD1DToozi1cCzimKJtJvWHDoaGNFth1gbxrqLrgdz\" target=\"_blank\" rel=\"noopener\">.torrent file only</a>] <br><img src=\"https://torrent-stats.info/340c/f29b5f90.png\" style=\"display:block;clear:both\"></li><li><a href=\"https://tapochek.net/viewtopic.php?p=2813130\" target=\"_blank\" rel=\"noopener\">Tapochek.net</a></li><li><a href=\"https://pastefg.hermietkreeft.site/?9bcffeaad81dd0ee#CTti3ffpum85sowYa7wgDJfQ7pJ4KR6vyuKPCNJV1W2i\" target=\"_blank\" rel=\"noopener\">Filehoster: MultiUpload</a> (10+ hosters, interchangeable) [Use <a href=\"http://jdownloader.org/jdownloader2\" target=\"_blank\" rel=\"noopener\">JDownloader2</a>]</li><li><a href=\"https://pastefg.hermietkreeft.site/?71fd1e535ca6e70e#E37bHnc3AaRfaYgt13CB8uHQSy5QrmA5sJ2cdCrzG46Y\" target=\"_blank\" rel=\"noopener\">Filehoster: ZippyShare</a></li><li><a href=\"https://pastefg.hermietkreeft.site/?67b578fc510e4720#3MXo5N5LmfrYc2w4WCs6kHMYoYjLmDsi4qSKHQeJxPBB\" target=\"_blank\" rel=\"noopener\">Filehoster: BayFiles</a></li><li><a href=\"https://pastefg.hermietkreeft.site/?d288a8d36fd0e554#CxKAuj2GNXF6f58ax3jGQBvKtMaB1sWV1tLKQLGQmPvr\" target=\"_blank\" rel=\"noopener\">Filehoster: LetsUpload</a> [Use <a href=\"http://jdownloader.org/jdownloader2\" target=\"_blank\" rel=\"noopener\">JDownloader2</a>]</li><li><a href=\"https://pastefg.hermietkreeft.site/?04c0ebb8b4969c00#7b8uaRz71Fik3LAE3MBGQo9wxghARJj8qqPdf4zowvvS\" target=\"_blank\" rel=\"noopener\">Filehoster: OneDrive</a> (Uploaded by DyR0 t(-_-t), NOT compatible with other mirrors)</li><p><!--  <li><a href=\"\" target=\"_blank\" rel=\"noopener\">Filehosters: Google Drive, OneDrive + others</a> (Uploaded by crackhub213)</li>  --></p></ul><p><a href=\"https://cs.rin.ru/forum/viewtopic.php?f=10&amp;t=117306\" target=\"_blank\" rel=\"noopener\">Discussion and (possible) future updates on CS.RIN.RU thread</a></p><h3>Screenshots (Click to enlarge)</h3><p><a target=\"_blank\" href=\"https://en.riotpixels.com/games/nightwalker-2/screenshots/8/?utm_source=emb-gfx-html&amp;utm_medium=image&amp;utm_campaign=rp-mass\" rel=\"noopener\"><img loading=\"lazy\" width=\"178\" height=\"100\" border=\"0\" src=\"https://s01.riotpixels.net/data/4e/bd/4ebd3d21-6711-4b6f-ab90-2a9560604221.jpg.240p.jpg\"></a><a target=\"_blank\" href=\"https://en.riotpixels.com/games/nightwalker-2/screenshots/7/?utm_source=emb-gfx-html&amp;utm_medium=image&amp;utm_campaign=rp-mass\" rel=\"noopener\"><img loading=\"lazy\" width=\"178\" height=\"100\" border=\"0\" src=\"https://s01.riotpixels.net/data/dc/24/dc24cb23-165e-4055-a83d-ee82bf5f3934.jpg.240p.jpg\"></a><a target=\"_blank\" href=\"https://en.riotpixels.com/games/nightwalker-2/screenshots/6/?utm_source=emb-gfx-html&amp;utm_medium=image&amp;utm_campaign=rp-mass\" rel=\"noopener\"><img loading=\"lazy\" width=\"178\" height=\"100\" border=\"0\" src=\"https://s01.riotpixels.net/data/e6/dc/e6dcd496-fbc3-42af-b08f-95c3b2a9364e.jpg.240p.jpg\"></a><br><a target=\"_blank\" href=\"https://en.riotpixels.com/games/nightwalker-2/screenshots/5/?utm_source=emb-gfx-html&amp;utm_medium=image&amp;utm_campaign=rp-mass\" rel=\"noopener\"><img loading=\"lazy\" width=\"178\" height=\"100\" border=\"0\" src=\"https://s01.riotpixels.net/data/31/ba/31baa615-50fb-4397-8391-a8ed37342ccd.jpg.240p.jpg\"></a><a target=\"_blank\" href=\"https://en.riotpixels.com/games/nightwalker-2/screenshots/3/?utm_source=emb-gfx-html&amp;utm_medium=image&amp;utm_campaign=rp-mass\" rel=\"noopener\"><img loading=\"lazy\" width=\"178\" height=\"100\" border=\"0\" src=\"https://s01.riotpixels.net/data/98/9b/989b1f03-abc5-468b-a0c5-354c389f9c52.jpg.240p.jpg\"></a><a target=\"_blank\" href=\"https://en.riotpixels.com/games/nightwalker-2/screenshots/2/?utm_source=emb-gfx-html&amp;utm_medium=image&amp;utm_campaign=rp-mass\" rel=\"noopener\"><img loading=\"lazy\" width=\"178\" height=\"100\" border=\"0\" src=\"https://s01.riotpixels.net/data/88/91/8891a0ea-c7f5-4b5b-8825-84ef04229d5b.jpg.240p.jpg\"></a></p><h3>Repack Features</h3><ul><li>Based on Nightwalker.2-PLAZA ISO release: plaza-nightwalker.2.iso (3,625,648,128 bytes)</li><li>100% Lossless &amp; MD5 Perfect: all files are identical to originals after installation</li><li>NOTHING ripped, NOTHING re-encoded</li><li>Significantly smaller archive size (compressed from 3.4 to 2.1 GB)</li><li>Installation takes 1-2 minutes (depending on your system)</li><li>After-install integrity check so you could make sure that everything installed properly</li><li>HDD space after installation: 3.1 GB</li><li>Repack uses XTool library by Razor12911</li><li>At least 2 GB of free RAM (inc. virtual) required for installing this repack</li></ul><div ><div><h2>Game Description</h2></div><div >Nightwalker 2 is a horror adventure game that tells the story of Nightwalker and Sally\u2019s most memorable adventure. In search for a treasure mentioned in a local legend, the two find themselves deep in more than what they have bargained for. Events that separate them will push the Nightwalker to his limits as he needs to do more than before to survive and reunite with Sally.<p>You play as the Nightwalker once again while trying to uncover the mysteries that surround the lost village. The new crafting feature will help you on your path of solving puzzles, getting over obstacles and surviving. Aside from the main story, Nightwalker 2 features 4 different side quests that enhance your exploration experience in the game.</p><p>The cinematic experience supported with cutscenes is making the adventure more immersive than before. In addition, Nightwalker 2 is hosting much more and versatile horror elements that you will get exactly what you want if you want to feel the suspense and be disturbed.</p><p><b>STORY</b><br>Right after the two set foot in the lost village, they soon discover that there is something sinister going on. But before they find the chance to work together, Nightwalker and Sally get separated due to some supernatural events. After that, Nightwalker\u2019s attempts to find Sally will only get him deeper in the mysteries of the lost village.</p><p><b>SIDE QUESTS</b><br>There are 4 different side quests in Nightwalker 2. One of them is focusing on a specific mystery about the village. It is hosting a series of events that are not connected to the progress of the main story. Two of the other side quests focus on the exploration. They reward the player with some upgrades to Nightwalker\u2019s equipment. Lastly, one of the side quests is for the collectible lovers.</p><p><b>CRAFTING</b><br>Crafting and combat is hand in hand in Nightwalker 2. Unlike the previous game, you will be able to defend yourself and get in combat using small rocks. Crafting system will let you enhance the power of your throwable rocks with the use of fabric, fuel and glass shards to deal more damage. Not only that, in order to solve some of the puzzles and skip some of the obstacles, you need specific types of crafted rocks. So, exploration is a huge part of the game as you need supplies for crafting.</p><p><b>PUZZLES</b><br>You will encounter puzzles during your adventure in and around the village. While some are necessary to progress in the story, most of them are a part of the exploration.</p></div></div>             </div>"
}