{
    "link": "https://fitgirl-repacks.site/no-more-heroes-2-desperate-struggle/",
    "title": "No More Heroes 2: Desperate Struggle",
    "first_img": "https://i114.fastpic.ru/big/2021/0611/b9/84dcf93e722a4d0ac8328871f83fc8b9.jpg",
    "second_img": "https://s01.riotpixels.net/data/55/c8/55c8c96f-72d5-440e-9dd8-9a1d4c1463f4.jpg.240p.jpg",
    "body": "<div ><h2>No More Heroes 2: Desperate Struggle</h2><p ><div><a target=\"_blank\" href=\"http://en.riotpixels.com/games/no-more-heroes-2-desperate-struggle/\" rel=\"noopener\"><img class=\"alignleft\" width=\"150\" src=\"https://i114.fastpic.ru/big/2021/0611/b9/84dcf93e722a4d0ac8328871f83fc8b9.jpg\"></a></div><br>Genres/Tags: <strong>Action, Hack\u2019n Slash, Beat\u2019em up, Third-person, Driving, 3D</strong><br>Companies: <strong>GRASSHOPPER MANUFACTURE INC., Inc., Marvelous</strong><br>Languages: <strong>ENG/MULTI8</strong><br><strong style=\"color: red\">Game controller or controller emu is required</strong><br>Original Size: <strong>2.3 GB</strong><br>Repack Size: <strong>1.3 GB</strong></p>&nbsp;<div>&nbsp;</div><h3>Download Mirrors</h3><ul><li><a href=\"https://1337x.to/torrent/4890385/No-More-Heroes-2-Desperate-Struggle-MULTi8-FitGirl-Repack/\" target=\"_blank\" rel=\"noopener\">1337x</a> | [<a href=\"magnet:?xt=urn:btih:16139BD621C97C55AE7AF393AF1BBDB080D165DB&amp;dn=No+More+Heroes+2%3A+Desperate+Struggle+%28MULTi8%29+%5BFitGirl+Repack%5D&amp;tr=udp%3A%2F%2F46.148.18.250%3A2710&amp;tr=udp%3A%2F%2Fopentor.org%3A2710&amp;tr=udp%3A%2F%2Ftracker.coppersurfer.tk%3A6969%2Fannounce&amp;tr=udp%3A%2F%2Ftracker.opentrackr.org%3A1337%2Fannounce&amp;tr=http%3A%2F%2Ftracker.dler.org%3A6969%2Fannounce&amp;tr=udp%3A%2F%2Ftracker.leechers-paradise.org%3A6969%2Fannounce&amp;tr=udp%3A%2F%2F9.rarbg.me%3A2730%2Fannounce&amp;tr=udp%3A%2F%2F9.rarbg.to%3A2770%2Fannounce&amp;tr=udp%3A%2F%2Ftracker.pirateparty.gr%3A6969%2Fannounce&amp;tr=http%3A%2F%2Fretracker.local%2Fannounce&amp;tr=http%3A%2F%2Fretracker.ip.ncnet.ru%2Fannounce&amp;tr=udp%3A%2F%2Fexodus.desync.com%3A6969%2Fannounce&amp;tr=udp%3A%2F%2Fipv4.tracker.harry.lu%3A80%2Fannounce&amp;tr=udp%3A%2F%2Fopen.stealth.si%3A80%2Fannounce&amp;tr=udp%3A%2F%2Ftracker.zer0day.to%3A1337%2Fannounce&amp;tr=udp%3A%2F%2Ftracker.leechers-paradise.org%3A6969%2Fannounce&amp;tr=udp%3A%2F%2Fcoppersurfer.tk%3A6969%2Fannounce\">magnet</a>] [<a href=\"https://pastefg.hermietkreeft.site/?e53f2ae761e9bf51#Guxb3NTeZ1SiPeDy5yYvg6nYLWHLfoL1EV8ikcSqVT2g\" target=\"_blank\" rel=\"noopener\">.torrent file only</a>] <br><img src=\"https://torrent-stats.info/f393/44524e4cb.png\" style=\"display:block;clear:both\"></li><li><a href=\"https://tapochek.net/viewtopic.php?p=2783653\" target=\"_blank\" rel=\"noopener\">Tapochek.net</a></li><li><a href=\"https://pastefg.hermietkreeft.site/?3855bfd8895d2806#5jXAHZVJQTVPHZs222aNU6r7pTY6TUPaBK1Wjyj6YsbU\" target=\"_blank\" rel=\"noopener\">Filehoster: MultiUpload</a> (10+ hosters, interchangeable) [Use <a href=\"http://jdownloader.org/jdownloader2\" target=\"_blank\" rel=\"noopener\">JDownloader2</a>]</li><li><a href=\"https://pastefg.hermietkreeft.site/?6e38e652a132f5be#Agk2CM38DmBvhAisfhEVgNaJ681cH7jUMNCZtv3VjWo5\" target=\"_blank\" rel=\"noopener\">Filehoster: PixelDrain</a></li><li><a href=\"https://pastefg.hermietkreeft.site/?36cef3aeb8f535f8#86PA9GanuQyAEpkoDKbzQSVQT1v22ZBGHRX2mPyrUtqH\" target=\"_blank\" rel=\"noopener\">Filehoster: LetsUpload</a> [Use <a href=\"http://jdownloader.org/jdownloader2\" target=\"_blank\" rel=\"noopener\">JDownloader2</a>]</li><li><a href=\"https://crackhub.site/no-more-heroes-2-desperate-struggle-fitgirl-repack/\" target=\"_blank\" rel=\"noopener\">Filehosters: Google Drive, OneDrive + others</a> (Uploaded by crackhub213)</li><li><a href=\"https://pastefg.hermietkreeft.site/?f87d217da452e9e0#G8R7XDA6NToUh2vXi7gQGCX9b22HHN5UzFhmsPdrZeGb\" target=\"_blank\" rel=\"noopener\">Filehoster: OneDrive</a> (Uploaded by DyR0 t(-_-t), NOT compatible with other mirrors)</li></ul><p><a href=\"https://cs.rin.ru/forum/viewtopic.php?f=10&amp;t=110796\" target=\"_blank\" rel=\"noopener\">Discussion and (possible) future updates on CS.RIN.RU thread</a></p><h3>Screenshots (Click to enlarge)</h3><p><a target=\"_blank\" href=\"http://en.riotpixels.com/games/no-more-heroes-2-desperate-struggle/screenshots/359/?utm_source=emb-gfx-html&amp;utm_medium=image&amp;utm_campaign=rp-mass\" rel=\"noopener\"><img loading=\"lazy\" width=\"178\" height=\"100\" border=\"0\" src=\"https://s01.riotpixels.net/data/55/c8/55c8c96f-72d5-440e-9dd8-9a1d4c1463f4.jpg.240p.jpg\"></a><a target=\"_blank\" href=\"http://en.riotpixels.com/games/no-more-heroes-2-desperate-struggle/screenshots/358/?utm_source=emb-gfx-html&amp;utm_medium=image&amp;utm_campaign=rp-mass\" rel=\"noopener\"><img loading=\"lazy\" width=\"178\" height=\"100\" border=\"0\" src=\"https://s01.riotpixels.net/data/64/73/64732f1e-3c7c-47a8-8622-f6211ee4dc33.jpg.240p.jpg\"></a><a target=\"_blank\" href=\"http://en.riotpixels.com/games/no-more-heroes-2-desperate-struggle/screenshots/355/?utm_source=emb-gfx-html&amp;utm_medium=image&amp;utm_campaign=rp-mass\" rel=\"noopener\"><img loading=\"lazy\" width=\"178\" height=\"100\" border=\"0\" src=\"https://s01.riotpixels.net/data/46/66/4666ff18-c21a-4fdf-b915-f1f882e766f8.jpg.240p.jpg\"></a><br><a target=\"_blank\" href=\"http://en.riotpixels.com/games/no-more-heroes-2-desperate-struggle/screenshots/353/?utm_source=emb-gfx-html&amp;utm_medium=image&amp;utm_campaign=rp-mass\" rel=\"noopener\"><img loading=\"lazy\" width=\"178\" height=\"100\" border=\"0\" src=\"https://s01.riotpixels.net/data/58/c7/58c7f7d0-25dd-4962-a149-0c354d4ec0eb.jpg.240p.jpg\"></a><a target=\"_blank\" href=\"http://en.riotpixels.com/games/no-more-heroes-2-desperate-struggle/screenshots/350/?utm_source=emb-gfx-html&amp;utm_medium=image&amp;utm_campaign=rp-mass\" rel=\"noopener\"><img loading=\"lazy\" width=\"178\" height=\"100\" border=\"0\" src=\"https://s01.riotpixels.net/data/b1/27/b1273398-cf5e-4d87-8945-4672a979c2ce.jpg.240p.jpg\"></a><a target=\"_blank\" href=\"http://en.riotpixels.com/games/no-more-heroes-2-desperate-struggle/screenshots/341/?utm_source=emb-gfx-html&amp;utm_medium=image&amp;utm_campaign=rp-mass\" rel=\"noopener\"><img loading=\"lazy\" width=\"178\" height=\"100\" border=\"0\" src=\"https://s01.riotpixels.net/data/0a/1f/0a1fa4c8-39d8-4d22-920b-12be95638853.jpg.240p.jpg\"></a></p><h3>Repack Features</h3><ul><li>Based on No.More.Heroes.2.Desperate.Struggle-CODEX ISO release: codex-no.more.heroes.2.desperate.struggle.iso (2,493,677,568 bytes)</li><li>100% Lossless &amp; MD5 Perfect: all files are identical to originals after installation</li><li>NOTHING ripped, NOTHING re-encoded</li><li>Significantly smaller archive size (compressed from 2.3 to 1.3 GB)</li><li>Installation takes one minute</li><li>After-install integrity check so you could make sure that everything installed properly</li><li>HDD space after installation: 3.7 GB</li><li>Use \u201cConfigurationTool.exe\u201d in game root to change the game language</li><li>At least 2 GB of free RAM (inc. virtual) required for installing this repack</li></ul><div ><div><h2>Game Description</h2></div><div >Travis Touchdown here. It\u2019s been three years since I clawed my way to #1 in the United Assassins Association. I thought it\u2019d be fine to take it easy for a while after that, but it looks like I rested on my laurels a little too long. I found myself sliding down the ranks all the way to #51, and to make things worse, some other assassin\u2014Skelter Helter\u2014comes out and starts nagging my head off about me killing his brother or something. So yeah, a real pain in the you-know-what.<p>Fueled by a thirst for vengeance (and a bit of good old-fashioned greed), I whipped out my beam katana once more and plunged headfirst into one helluva desperate struggle.</p><p>Experience the frenetic hack-and-slash gameplay of the sequel to No More Heroes in glorious HD! With more characters to play as and even more foes to stand in your way, there\u2019s never a dull moment in the world of No More Heroes 2: Desperate Struggle.</p><p>Featuring three playable characters, the ability to dual-wield beam katanas, and even bigger baddies to battle, this sexy sequel is a wild ride with more to love than ever before.</p><p>Kick back, grab a slice, and get ready to dive into a mind-melting drama the likes of which you\u2019ve never seen!</p><p><b><h3>Game Features</h3></b></p><ul><li>Dual-wield beam katanas as Travis Touchdown to dial the hack-and-slash insanity up to 11!</li><li>More baddies than ever before to go toe-to-toe with!</li><li>Jump through combat as the agile Shinobu or leave foes in the dust as Travis\u2019 brother, Henry.</li><li>Experience a blast from the past by playing 8-bit minigames to earn money and power up!</li></ul></div></div>             </div>"
}