{
    "link": "https://fitgirl-repacks.site/noosphere/",
    "title": "Noosphere",
    "first_img": "https://i3.imageban.ru/out/2021/07/25/c0ff47226a702a32da71e45feeda19ff.jpg",
    "second_img": "https://s01.riotpixels.net/data/9e/08/9e089b73-7dab-46f9-bb43-25c14d19ef74.jpg.240p.jpg",
    "body": "<div ><h2>Noosphere</h2><p ><div><a target=\"_blank\" href=\"https://en.riotpixels.com/games/noosphere/\" rel=\"noopener\"><img class=\"alignleft\" width=\"150\" src=\"https://i3.imageban.ru/out/2021/07/25/c0ff47226a702a32da71e45feeda19ff.jpg\"></a></div><br>Genres/Tags: <strong>Adventure, Psychological, Horror, First-person, Puzzle-solving, 3D</strong><br>Companies: <strong>KOEX studio, GrabTheGames, KOEX studio</strong><br>Languages: <strong>RUS/ENG/MULTI13</strong><br>Original Size: <strong>1.8 GB</strong><br>Repack Size: <strong>1.2 GB</strong></p>&nbsp;<div>&nbsp;</div><h3>Download Mirrors</h3><ul><li><a href=\"https://1337x.to/torrent/4931856/Noosphere-MULTi13-FitGirl-Repack/\" target=\"_blank\" rel=\"noopener\">1337x</a> | [<a href=\"magnet:?xt=urn:btih:DCDE3EC7B5676C7CC1CEC744A4CF69AB50FEA2C9&amp;dn=Noosphere+%28MULTi13%29+%5BFitGirl+Repack%5D&amp;tr=udp%3A%2F%2F46.148.18.250%3A2710&amp;tr=udp%3A%2F%2Fopentor.org%3A2710&amp;tr=udp%3A%2F%2Ftracker.coppersurfer.tk%3A6969%2Fannounce&amp;tr=udp%3A%2F%2Ftracker.opentrackr.org%3A1337%2Fannounce&amp;tr=http%3A%2F%2Ftracker.dler.org%3A6969%2Fannounce&amp;tr=udp%3A%2F%2Ftracker.leechers-paradise.org%3A6969%2Fannounce&amp;tr=udp%3A%2F%2F9.rarbg.me%3A2730%2Fannounce&amp;tr=udp%3A%2F%2F9.rarbg.to%3A2770%2Fannounce&amp;tr=udp%3A%2F%2Ftracker.pirateparty.gr%3A6969%2Fannounce&amp;tr=http%3A%2F%2Fretracker.local%2Fannounce&amp;tr=http%3A%2F%2Fretracker.ip.ncnet.ru%2Fannounce&amp;tr=udp%3A%2F%2Fexodus.desync.com%3A6969%2Fannounce&amp;tr=udp%3A%2F%2Fipv4.tracker.harry.lu%3A80%2Fannounce&amp;tr=udp%3A%2F%2Fopen.stealth.si%3A80%2Fannounce&amp;tr=udp%3A%2F%2Ftracker.zer0day.to%3A1337%2Fannounce&amp;tr=udp%3A%2F%2Ftracker.leechers-paradise.org%3A6969%2Fannounce&amp;tr=udp%3A%2F%2Fcoppersurfer.tk%3A6969%2Fannounce\">magnet</a>] [<a href=\"https://pastefg.hermietkreeft.site/?941fc5f0762341dd#CkWrAJpkA4cM9TLrzgN2oux999Ssu12Ttnxww5FmKUNq\" target=\"_blank\" rel=\"noopener\">.torrent file only</a>] <br><img src=\"https://torrent-stats.info/c744/3860e494c.png\" style=\"display:block;clear:both\"></li><li><a href=\"http://rutor.info/torrent/826817/noosphere-2021-pc-repack-ot-fitgirl\" target=\"_blank\" rel=\"noopener\">RuTor</a> [<a href=\"magnet:?xt=urn:btih:dcde3ec7b5676c7cc1cec744a4cf69ab50fea2c9&amp;dn=rutor.info_Noosphere+%282021%29+PC+%7C+RePack+%D0%BE%D1%82+FitGirl&amp;tr=udp://opentor.org:2710&amp;tr=udp://opentor.org:2710&amp;tr=http://retracker.local/announce\">magnet</a>]</li><li><a href=\"https://tapochek.net/viewtopic.php?p=2790940\" target=\"_blank\" rel=\"noopener\">Tapochek.net</a></li><li><a href=\"https://pastefg.hermietkreeft.site/?6f03e90e979653ff#GBmt1U6yPy1u3Q7dW7CMenvCvZnXCkcX2v4cxqJ3H1Ab\" target=\"_blank\" rel=\"noopener\">Filehoster: MultiUpload</a> (10+ hosters, interchangeable) [Use <a href=\"http://jdownloader.org/jdownloader2\" target=\"_blank\" rel=\"noopener\">JDownloader2</a>]</li><li><a href=\"https://pastefg.hermietkreeft.site/?cd4f5c57be449e1a#861s9WvuDAncGC9kgUDK2UGowtVmp4mpd1eMMkBEEnj4\" target=\"_blank\" rel=\"noopener\">Filehoster: PixelDrain</a></li><li><a href=\"https://pastefg.hermietkreeft.site/?71d34be9733ab364#5X8UN5FJWHCg8NPEResZnhLZg3AhPxnAr1WjeVveqRnZ\" target=\"_blank\" rel=\"noopener\">Filehoster: ZippyShare</a></li><li><a href=\"https://pastefg.hermietkreeft.site/?39eb14edacc2e44d#6Fu2WXUPa4aAEByDcEZvAH2wE1K6pXacGpTpGBFoupk7\" target=\"_blank\" rel=\"noopener\">Filehoster: LetsUpload</a> [Use <a href=\"http://jdownloader.org/jdownloader2\" target=\"_blank\" rel=\"noopener\">JDownloader2</a>]</li><li><a href=\"https://crackhub.site/noosphere-fitgirl-repack/\" target=\"_blank\" rel=\"noopener\">Filehosters: Google Drive, OneDrive + others</a> (Uploaded by crackhub213)</li><li><a href=\"https://pastefg.hermietkreeft.site/?87c89d7c3d5a9d5a#CmdiVxVxXkjniwt8YHaMHQ5GQfsH1HvMdHhJVTg6qgy9\" target=\"_blank\" rel=\"noopener\">Filehoster: OneDrive</a> (Uploaded by DyR0 t(-_-t), NOT compatible with other mirrors)</li></ul><p><a href=\"https://cs.rin.ru/forum/viewtopic.php?f=10&amp;t=114411\" target=\"_blank\" rel=\"noopener\">Discussion and (possible) future updates on CS.RIN.RU thread</a></p><h3>Screenshots (Click to enlarge)</h3><p><a target=\"_blank\" href=\"https://en.riotpixels.com/games/noosphere/screenshots/9/?utm_source=emb-gfx-html&amp;utm_medium=image&amp;utm_campaign=rp-mass\" rel=\"noopener\"><img loading=\"lazy\" width=\"178\" height=\"100\" border=\"0\" src=\"https://s01.riotpixels.net/data/9e/08/9e089b73-7dab-46f9-bb43-25c14d19ef74.jpg.240p.jpg\"></a><a target=\"_blank\" href=\"https://en.riotpixels.com/games/noosphere/screenshots/8/?utm_source=emb-gfx-html&amp;utm_medium=image&amp;utm_campaign=rp-mass\" rel=\"noopener\"><img loading=\"lazy\" width=\"178\" height=\"100\" border=\"0\" src=\"https://s01.riotpixels.net/data/9d/73/9d730936-958e-430a-9f32-6c5c1e5badbb.jpg.240p.jpg\"></a><a target=\"_blank\" href=\"https://en.riotpixels.com/games/noosphere/screenshots/5/?utm_source=emb-gfx-html&amp;utm_medium=image&amp;utm_campaign=rp-mass\" rel=\"noopener\"><img loading=\"lazy\" width=\"178\" height=\"100\" border=\"0\" src=\"https://s01.riotpixels.net/data/8f/5d/8f5d1f1d-664c-45a8-b865-34b68f2b6820.jpg.240p.jpg\"></a><br><a target=\"_blank\" href=\"https://en.riotpixels.com/games/noosphere/screenshots/3/?utm_source=emb-gfx-html&amp;utm_medium=image&amp;utm_campaign=rp-mass\" rel=\"noopener\"><img loading=\"lazy\" width=\"178\" height=\"100\" border=\"0\" src=\"https://s01.riotpixels.net/data/3d/01/3d01dc60-ffe8-4cfb-b614-9c5bb61bff2b.jpg.240p.jpg\"></a><a target=\"_blank\" href=\"https://en.riotpixels.com/games/noosphere/screenshots/2/?utm_source=emb-gfx-html&amp;utm_medium=image&amp;utm_campaign=rp-mass\" rel=\"noopener\"><img loading=\"lazy\" width=\"178\" height=\"100\" border=\"0\" src=\"https://s01.riotpixels.net/data/5e/ec/5eec3cc8-a3ae-4aed-85bd-34ee33bdace1.jpg.240p.jpg\"></a><a target=\"_blank\" href=\"https://en.riotpixels.com/games/noosphere/screenshots/1/?utm_source=emb-gfx-html&amp;utm_medium=image&amp;utm_campaign=rp-mass\" rel=\"noopener\"><img loading=\"lazy\" width=\"178\" height=\"100\" border=\"0\" src=\"https://s01.riotpixels.net/data/bd/f3/bdf3b8c8-d922-4642-8dd8-14fbf09232c6.jpg.240p.jpg\"></a></p><h3>Repack Features</h3><ul><li>Based on Noosphere-CODEX ISO release: codex-noosphere.iso (1,965,588,480 bytes)</li><li>100% Lossless &amp; MD5 Perfect: all files are identical to originals after installation</li><li>NOTHING ripped, NOTHING re-encoded</li><li>Significantly smaller archive size (compressed from 1.8 to 1.2 GB)</li><li>Installation takes one minute</li><li>After-install integrity check so you could make sure that everything installed properly</li><li>HDD space after installation: 5 GB</li><li>Language can be changed in game settings</li><li>At least 2 GB of free RAM (inc. virtual) required for installing this repack</li></ul><div ><div><h2>Game Description</h2></div><div ><b>Who am I..</b><br>\u2018Noosphere\u2019 is a first person psychological horror puzzle game about \u2018Personalities\u2019. Vincent survived a car accident but only to find out that another entity is living within him.<p><b>Whose story is this..</b><br>Vincent Martin uses futuristic technology to dive into the subconscious of himself to confront the ghost entity that has been living in him since the car accident. A story-driven game with elements of puzzles, horror and surprise.</p><p><b>Noosphere</b><br>He built a machine and called it \u2018The Noosphere\u2019, a term stands for the mind &amp; consciousness.</p><p><b><h3>Game Features</h3></b></p><ul><li>Story-driven game- Challenging puzzles</li><li>A theme on \u2018Personalities\u2019</li><li>Mysteries and uncovering the truth</li></ul></div></div>             </div>"
}