{
    "link": "https://fitgirl-repacks.site/norr-part-2-will-walker/",
    "title": "NORR Part II: Will Walker",
    "first_img": "https://i7.imageban.ru/out/2021/10/05/b95098d1401fae4e24c7dc4052a68cc0.jpg",
    "second_img": "https://s01.riotpixels.net/data/7f/30/7f3024b1-0807-4f19-9e9b-5be2f073bcab.jpg.240p.jpg",
    "body": "<div ><h2>NORR Part II: Will Walker</h2><p ><div><a target=\"_blank\" href=\"https://en.riotpixels.com/games/norr-part-2-will-walker/\" rel=\"noopener\"><img class=\"alignleft\" width=\"150\" src=\"https://i7.imageban.ru/out/2021/10/05/b95098d1401fae4e24c7dc4052a68cc0.jpg\"></a></div><br>Genres/Tags: <strong>Arcade, Top-down, Shooter, 3D</strong><br>Company: <strong>GWE games</strong><br>Languages: <strong>RUS/ENG</strong><br>Original Size: <strong>5.7 GB</strong><br>Repack Size: <strong>3.4 GB</strong></p>&nbsp;<div>&nbsp;</div><h3>Download Mirrors</h3><ul><li><a href=\"https://1337x.to/torrent/5006469/NORR-Part-II-Will-Walker-ENG-RUS-FitGirl-Repack/\" target=\"_blank\" rel=\"noopener\">1337x</a> | [<a href=\"magnet:?xt=urn:btih:6BE442C3024867CFD9CE10D21D90D5C662DF3D3F&amp;dn=NORR+Part+II%3A+Will+Walker+%28ENG%2FRUS%29+%5BFitGirl+Repack%5D&amp;tr=udp%3A%2F%2F46.148.18.250%3A2710&amp;tr=udp%3A%2F%2Fopentor.org%3A2710&amp;tr=udp%3A%2F%2Ftracker.coppersurfer.tk%3A6969%2Fannounce&amp;tr=udp%3A%2F%2Ftracker.opentrackr.org%3A1337%2Fannounce&amp;tr=http%3A%2F%2Ftracker.dler.org%3A6969%2Fannounce&amp;tr=udp%3A%2F%2Ftracker.leechers-paradise.org%3A6969%2Fannounce&amp;tr=udp%3A%2F%2F9.rarbg.me%3A2730%2Fannounce&amp;tr=udp%3A%2F%2F9.rarbg.to%3A2770%2Fannounce&amp;tr=udp%3A%2F%2Ftracker.pirateparty.gr%3A6969%2Fannounce&amp;tr=http%3A%2F%2Fretracker.local%2Fannounce&amp;tr=http%3A%2F%2Fretracker.ip.ncnet.ru%2Fannounce&amp;tr=udp%3A%2F%2Fexodus.desync.com%3A6969%2Fannounce&amp;tr=udp%3A%2F%2Fipv4.tracker.harry.lu%3A80%2Fannounce&amp;tr=udp%3A%2F%2Fopen.stealth.si%3A80%2Fannounce&amp;tr=udp%3A%2F%2Ftracker.zer0day.to%3A1337%2Fannounce&amp;tr=udp%3A%2F%2Ftracker.leechers-paradise.org%3A6969%2Fannounce&amp;tr=udp%3A%2F%2Fcoppersurfer.tk%3A6969%2Fannounce\">magnet</a>] [<a href=\"https://pastefg.hermietkreeft.site/?9f66185bc8f1fc6d#7XobqobCXVvhss3bZpSDZ3npJdiCq5vRmErXazjy6DF\" target=\"_blank\" rel=\"noopener\">.torrent file only</a>] <br><img src=\"https://torrent-stats.info/10d2/4d5e1d76.png\" style=\"display:block;clear:both\"></li><li><a href=\"http://rutor.info/torrent/837937/norr-part-ii-will-walker-2021-pc-repack-ot-fitgirl\" target=\"_blank\" rel=\"noopener\">RuTor</a> [<a href=\"magnet:?xt=urn:btih:6be442c3024867cfd9ce10d21d90d5c662df3d3f&amp;dn=rutor.info_NORR+Part+II%3A+Will+Walker+%282021%29+PC+%7C+RePack+%D0%BE%D1%82+FitGirl&amp;tr=udp://opentor.net:6969&amp;tr=udp://opentor.org:2710&amp;tr=http://retracker.local/announce\">magnet</a>]</li><li><a href=\"https://tapochek.net/viewtopic.php?p=2804151\" target=\"_blank\" rel=\"noopener\">Tapochek.net</a></li><li><a href=\"https://pastefg.hermietkreeft.site/?1206e37caf54347b#CWJjnZdJWS5B9fRsfxstExNxyGMu5yBEVAZKDP5pTcNQ\" target=\"_blank\" rel=\"noopener\">Filehoster: MultiUpload</a> (10+ hosters, interchangeable) [Use <a href=\"http://jdownloader.org/jdownloader2\" target=\"_blank\" rel=\"noopener\">JDownloader2</a>]</li><li><a href=\"https://pastefg.hermietkreeft.site/?579fa60a812475d2#6Vy3oWPKdmAWVEygDtvZxJySSjRFfx8pJuTR97gG3B13\" target=\"_blank\" rel=\"noopener\">Filehoster: PixelDrain</a></li><li><a href=\"https://pastefg.hermietkreeft.site/?49a8d6292e7f7c24#45LSm8N11boAuhTe3wwVbmbHemtcKaAGKzetRhZHZQLr\" target=\"_blank\" rel=\"noopener\">Filehoster: ZippyShare</a></li><li><a href=\"https://pastefg.hermietkreeft.site/?7f2bc8f8b6278200#3Amc4AySVEDsB5dQKZiKqTtuAAD3giS3Wq8G8MoX9G2e\" target=\"_blank\" rel=\"noopener\">Filehoster: LetsUpload</a> [Use <a href=\"http://jdownloader.org/jdownloader2\" target=\"_blank\" rel=\"noopener\">JDownloader2</a>]</li><li><a href=\"https://pastefg.hermietkreeft.site/?ddbe4b90fcbabb43#4GeZy3FrMtMuK8WN1SFjX7GQXn6WkAv1RQ8zYJPht5B9\" target=\"_blank\" rel=\"noopener\">Filehoster: OneDrive</a> (Uploaded by DyR0 t(-_-t), NOT compatible with other mirrors)</li></ul><p><a href=\"https://cs.rin.ru/forum/viewtopic.php?f=10&amp;t=116261\" target=\"_blank\" rel=\"noopener\">Discussion and (possible) future updates on CS.RIN.RU thread</a></p><h3>Screenshots (Click to enlarge)</h3><p><a target=\"_blank\" href=\"https://en.riotpixels.com/games/norr-part-2-will-walker/screenshots/26/?utm_source=emb-gfx-html&amp;utm_medium=image&amp;utm_campaign=rp-mass\" rel=\"noopener\"><img loading=\"lazy\" width=\"178\" height=\"100\" border=\"0\" src=\"https://s01.riotpixels.net/data/7f/30/7f3024b1-0807-4f19-9e9b-5be2f073bcab.jpg.240p.jpg\"></a><a target=\"_blank\" href=\"https://en.riotpixels.com/games/norr-part-2-will-walker/screenshots/25/?utm_source=emb-gfx-html&amp;utm_medium=image&amp;utm_campaign=rp-mass\" rel=\"noopener\"><img loading=\"lazy\" width=\"178\" height=\"100\" border=\"0\" src=\"https://s01.riotpixels.net/data/21/3a/213adf17-fe8f-4c9e-81f0-1e6b84e1d492.jpg.240p.jpg\"></a><a target=\"_blank\" href=\"https://en.riotpixels.com/games/norr-part-2-will-walker/screenshots/16/?utm_source=emb-gfx-html&amp;utm_medium=image&amp;utm_campaign=rp-mass\" rel=\"noopener\"><img loading=\"lazy\" width=\"178\" height=\"100\" border=\"0\" src=\"https://s01.riotpixels.net/data/9d/de/9ddec296-34b9-47af-8429-b5e4dd2f4738.jpg.240p.jpg\"></a><br><a target=\"_blank\" href=\"https://en.riotpixels.com/games/norr-part-2-will-walker/screenshots/13/?utm_source=emb-gfx-html&amp;utm_medium=image&amp;utm_campaign=rp-mass\" rel=\"noopener\"><img loading=\"lazy\" width=\"178\" height=\"100\" border=\"0\" src=\"https://s01.riotpixels.net/data/6e/45/6e45aef8-2ca9-4078-80bb-6cfb1a4bf9b2.jpg.240p.jpg\"></a><a target=\"_blank\" href=\"https://en.riotpixels.com/games/norr-part-2-will-walker/screenshots/9/?utm_source=emb-gfx-html&amp;utm_medium=image&amp;utm_campaign=rp-mass\" rel=\"noopener\"><img loading=\"lazy\" width=\"178\" height=\"100\" border=\"0\" src=\"https://s01.riotpixels.net/data/b9/83/b983cc7c-9e1f-42b5-8341-d3f1ba194f67.jpg.240p.jpg\"></a><a target=\"_blank\" href=\"https://en.riotpixels.com/games/norr-part-2-will-walker/screenshots/6/?utm_source=emb-gfx-html&amp;utm_medium=image&amp;utm_campaign=rp-mass\" rel=\"noopener\"><img loading=\"lazy\" width=\"178\" height=\"100\" border=\"0\" src=\"https://s01.riotpixels.net/data/07/73/07733a9a-65df-44c9-aa42-cdbd48cd8fc3.jpg.240p.jpg\"></a></p><h3>Repack Features</h3><ul><li>Based on NORR.part.II.Will.Walker-PLAZA ISO release: plaza-norr.part.ii.will.walker.iso (6,114,181,120 bytes)</li><li>100% Lossless &amp; MD5 Perfect: all files are identical to originals after installation</li><li>NOTHING ripped, NOTHING re-encoded</li><li>Significantly smaller archive size (compressed from 5.7 to 3.4 GB)</li><li>Installation takes 2-4 minutes (depending on your system)</li><li>After-install integrity check so you could make sure that everything installed properly</li><li>HDD space after installation: 15.4 GB</li><li>Language can be changed in game settings</li><li>Repack uses XTool library by Razor12911</li><li>At least 2 GB of free RAM (inc. virtual) required for installing this repack</li></ul><div ><div><h2>Game Description</h2></div><div >William Walker, the legendary assassin wants to get out of the game, but the demons of the past will never let him get away so easily.<p>NORR part II: Will Walker is a hardcore top-down shooter with emphasis on most cinematic and adrenaline experience.</p><p>Exciting shootouts await you in the game, in which your life depends only on your speed. Improved time-slow mechanics, available in both single player and multiplayer, will help you deal with the large groups of enemies.</p><p><b><h3>Game Features</h3></b></p><ul><li>Comics-style graphics allows you to better immerse yourself in reckless characters and plot.</li><li>Improved aiming mechanics allow for fast and accurate shooting.</li><li>A huge amount of damage that remains at the level after the shootings.</li><li>Slow time mechanics and a customizable kill-camera create an unforgettable cinematic gaming experience.</li><li>PVP multiplayer.</li><li>CO-OP missions.</li></ul></div></div>             </div>"
}