{
    "link": "https://fitgirl-repacks.site/old-evil/",
    "title": "Old Evil \u2013 v1.03",
    "first_img": "https://i4.imageban.ru/out/2021/07/15/188d3f1d1a3ebe755b88793545c331fd.jpg",
    "second_img": "https://s01.riotpixels.net/data/7a/29/7a29481e-8222-4b69-8ac3-b6153a287543.jpg.240p.jpg",
    "body": "<div ><h2>Old Evil \u2013 v1.03</h2><p ><div><a target=\"_blank\" href=\"https://en.riotpixels.com/games/old-evil/\" rel=\"noopener\"><img class=\"alignleft\" width=\"150\" src=\"https://i4.imageban.ru/out/2021/07/15/188d3f1d1a3ebe755b88793545c331fd.jpg\"></a></div><br>Genres/Tags: <strong>Action, Puzzle solving, First-person, Horror, 3D</strong><br>Company: <strong>UNICORE Games Studios</strong><br>Languages: <strong>RUS/ENG/MULTI4</strong><br>Original Size: <strong>6.3 GB</strong><br>Repack Size: <strong>4 GB</strong></p>&nbsp;<div>&nbsp;</div><h3>Download Mirrors</h3><ul><li><a href=\"https://1337x.to/torrent/4920457/Old-Evil-v1-03-MULTi4-FitGirl-Repack/\" target=\"_blank\" rel=\"noopener\">1337x</a> | [<a href=\"magnet:?xt=urn:btih:E6903E9BE1EC8676FE02FC4A438F537F6395EFA7&amp;dn=Old+Evil+%28v1.03%2C+MULTi4%29+%5BFitGirl+Repack%5D&amp;tr=udp%3A%2F%2F46.148.18.250%3A2710&amp;tr=udp%3A%2F%2Fopentor.org%3A2710&amp;tr=udp%3A%2F%2Ftracker.coppersurfer.tk%3A6969%2Fannounce&amp;tr=udp%3A%2F%2Ftracker.opentrackr.org%3A1337%2Fannounce&amp;tr=http%3A%2F%2Ftracker.dler.org%3A6969%2Fannounce&amp;tr=udp%3A%2F%2Ftracker.leechers-paradise.org%3A6969%2Fannounce&amp;tr=udp%3A%2F%2F9.rarbg.me%3A2730%2Fannounce&amp;tr=udp%3A%2F%2F9.rarbg.to%3A2770%2Fannounce&amp;tr=udp%3A%2F%2Ftracker.pirateparty.gr%3A6969%2Fannounce&amp;tr=http%3A%2F%2Fretracker.local%2Fannounce&amp;tr=http%3A%2F%2Fretracker.ip.ncnet.ru%2Fannounce&amp;tr=udp%3A%2F%2Fexodus.desync.com%3A6969%2Fannounce&amp;tr=udp%3A%2F%2Fipv4.tracker.harry.lu%3A80%2Fannounce&amp;tr=udp%3A%2F%2Fopen.stealth.si%3A80%2Fannounce&amp;tr=udp%3A%2F%2Ftracker.zer0day.to%3A1337%2Fannounce&amp;tr=udp%3A%2F%2Ftracker.leechers-paradise.org%3A6969%2Fannounce&amp;tr=udp%3A%2F%2Fcoppersurfer.tk%3A6969%2Fannounce\">magnet</a>] [<a href=\"https://pastefg.hermietkreeft.site/?0ce04024f34387e3#JojBMsj4ukxNooLtCzYQdtzvFNYUpFkGRYFXcpT7TZd\" target=\"_blank\" rel=\"noopener\">.torrent file only</a>] <br><img src=\"https://torrent-stats.info/fc4a/473d0ff12.png\" style=\"display:block;clear:both\"></li><li><a href=\"http://rutor.info/torrent/825332/old-evil-v-1.03-2021-pc-repack-ot-fitgirl\" target=\"_blank\" rel=\"noopener\">RuTor</a> [<a href=\"magnet:?xt=urn:btih:e6903e9be1ec8676fe02fc4a438f537f6395efa7&amp;dn=rutor.info_Old+Evil+%5Bv+1.03%5D+%282021%29+PC+%7C+RePack+%D0%BE%D1%82+FitGirl&amp;tr=udp://opentor.org:2710&amp;tr=udp://opentor.org:2710&amp;tr=http://retracker.local/announce\">magnet</a>]</li><li><a href=\"https://tapochek.net/viewtopic.php?p=2789141\" target=\"_blank\" rel=\"noopener\">Tapochek.net</a></li><li><a href=\"https://pastefg.hermietkreeft.site/?e491db6df25061ec#9UtPzM4TyRxQwXUKMyPAHHbXnQgZP8cEAFLwMqv7VFuS\" target=\"_blank\" rel=\"noopener\">Filehoster: MultiUpload</a> (10+ hosters, interchangeable) [Use <a href=\"http://jdownloader.org/jdownloader2\" target=\"_blank\" rel=\"noopener\">JDownloader2</a>]</li><li><a href=\"https://pastefg.hermietkreeft.site/?e2484a54952f69d4#8RP8NsKX5g19PSAQNMh3Sh7LgmTycbujDyJ2fuQftxLK\" target=\"_blank\" rel=\"noopener\">Filehoster: PixelDrain</a></li><li><a href=\"https://pastefg.hermietkreeft.site/?00646e7f638c3fc3#BGBMB3PFqvv4eYG6gwHPenVfS6d68TUrYBnpJDEdQF8V\" target=\"_blank\" rel=\"noopener\">Filehoster: ZippyShare</a></li><li><a href=\"https://pastefg.hermietkreeft.site/?10769df3f8f1878f#3AoLYVAp7kWbsDs16n4JALjTZgPQJo5DzQbXrFHS3Y5f\" target=\"_blank\" rel=\"noopener\">Filehoster: LetsUpload</a> [Use <a href=\"http://jdownloader.org/jdownloader2\" target=\"_blank\" rel=\"noopener\">JDownloader2</a>]</li><li><a href=\"https://crackhub.site/old-evil-v1-03-fitgirl-repack/\" target=\"_blank\" rel=\"noopener\">Filehosters: Google Drive, OneDrive + others</a> (Uploaded by crackhub213)</li><li><a href=\"https://pastefg.hermietkreeft.site/?b3c8926e4bff894a#8EUicNwWWEEnVHf6Rt8hpH8Cx3q4f4Tv1ZkjTcSjE8Tm\" target=\"_blank\" rel=\"noopener\">Filehoster: OneDrive</a> (Uploaded by DyR0 t(-_-t), NOT compatible with other mirrors)</li></ul><p><a href=\"https://cs.rin.ru/forum/viewtopic.php?f=10&amp;t=114441\" target=\"_blank\" rel=\"noopener\">Discussion and (possible) future updates on CS.RIN.RU thread</a></p><h3>Screenshots (Click to enlarge)</h3><p><a target=\"_blank\" href=\"https://en.riotpixels.com/games/old-evil/screenshots/6/?utm_source=emb-gfx-html&amp;utm_medium=image&amp;utm_campaign=rp-mass\" rel=\"noopener\"><img loading=\"lazy\" width=\"178\" height=\"100\" border=\"0\" src=\"https://s01.riotpixels.net/data/7a/29/7a29481e-8222-4b69-8ac3-b6153a287543.jpg.240p.jpg\"></a><a target=\"_blank\" href=\"https://en.riotpixels.com/games/old-evil/screenshots/5/?utm_source=emb-gfx-html&amp;utm_medium=image&amp;utm_campaign=rp-mass\" rel=\"noopener\"><img loading=\"lazy\" width=\"178\" height=\"100\" border=\"0\" src=\"https://s01.riotpixels.net/data/4e/c3/4ec38f23-8db0-426c-a309-679abadd8b67.jpg.240p.jpg\"></a><a target=\"_blank\" href=\"https://en.riotpixels.com/games/old-evil/screenshots/4/?utm_source=emb-gfx-html&amp;utm_medium=image&amp;utm_campaign=rp-mass\" rel=\"noopener\"><img loading=\"lazy\" width=\"178\" height=\"100\" border=\"0\" src=\"https://s01.riotpixels.net/data/5b/44/5b443385-4c1a-4d47-a813-fab9c9ddab06.jpg.240p.jpg\"></a><br><a target=\"_blank\" href=\"https://en.riotpixels.com/games/old-evil/screenshots/3/?utm_source=emb-gfx-html&amp;utm_medium=image&amp;utm_campaign=rp-mass\" rel=\"noopener\"><img loading=\"lazy\" width=\"178\" height=\"100\" border=\"0\" src=\"https://s01.riotpixels.net/data/ad/43/ad437a5d-2f9a-4b60-ab35-0701d887e902.jpg.240p.jpg\"></a><a target=\"_blank\" href=\"https://en.riotpixels.com/games/old-evil/screenshots/2/?utm_source=emb-gfx-html&amp;utm_medium=image&amp;utm_campaign=rp-mass\" rel=\"noopener\"><img loading=\"lazy\" width=\"178\" height=\"100\" border=\"0\" src=\"https://s01.riotpixels.net/data/3b/a9/3ba9421b-f4b6-4186-a988-8adfd3a5c186.jpg.240p.jpg\"></a><a target=\"_blank\" href=\"https://en.riotpixels.com/games/old-evil/screenshots/1/?utm_source=emb-gfx-html&amp;utm_medium=image&amp;utm_campaign=rp-mass\" rel=\"noopener\"><img loading=\"lazy\" width=\"178\" height=\"100\" border=\"0\" src=\"https://s01.riotpixels.net/data/4e/48/4e484611-5182-404a-b15a-4766eafe01fc.jpg.240p.jpg\"></a></p><h3>Repack Features</h3><ul><li>Based on Old.Evil-PLAZA ISO release: plaza-old.evil.iso (6,794,149,888 bytes)</li><li>Game version is v1.03</li><li>100% Lossless &amp; MD5 Perfect: all files are identical to originals after installation</li><li>NOTHING ripped, NOTHING re-encoded</li><li>Significantly smaller archive size (compressed from 6.3 to 4 GB)</li><li>Installation takes 3-6 minutes (depending on your system)</li><li>After-install integrity check so you could make sure that everything installed properly</li><li>HDD space after installation: 14.3 GB</li><li>Language can be changed in game settings</li><li>At least 2 GB of free RAM (inc. virtual) required for installing this repack</li></ul><div ><div><h2>Game Description</h2></div><div >It was fall 2018. A group of recruits from a private military organization took a basic combat training in a woodland near Witch Hills. A few days before the end of the training, the squad stopped being in touch. A searching group was sent to their landing place. Cedric (Ced) Still was in that group. It was him, who saw the footprints heading deep into the forest. Following a narrow, almost overgrown path, Ced came to the peat bank of the swamp. An unpleasant, mind-blowing sensation was rising there. He looked closely and saw a dull red glow in the middle of the swamp. A moment later, he felt a feverish desire to touch the source of the light, but he already was waist-deep in the muddy water. The swamp swallowed him. When he opened his eyes, he realised he was in a small cemetery. Cedric has no idea that his fellows, as he himself, have fallen into another world. Where the darkness, despair and fear reign. He will try to save his mates and find a way out of this Land of the Dead.<p><b><h3>Game Features</h3></b></p><ul><li>A variety of riddles and puzzles</li><li>The ability not only to escape from your enemies, but also to kill them</li><li>Modern graphics</li><li>Multiple types of firearms and melee weapons</li><li>Interesting story</li></ul></div></div>             </div>"
}