{
    "link": "https://fitgirl-repacks.site/olympic-games-tokyo-2020-the-official-video-game/",
    "title": "Olympic Games Tokyo 2020: The Official Video Game + Multiplayer",
    "first_img": "https://i115.fastpic.ru/big/2021/0624/03/ace42b9ea213a70408ced21ef3900203.jpg",
    "second_img": "https://s01.riotpixels.net/data/01/ca/01cadc24-5004-4c24-b048-9d2fd6d52222.jpg.240p.jpg",
    "body": "<div ><h2>Olympic Games Tokyo 2020: The Official Video Game + Multiplayer</h2><p ><div><a target=\"_blank\" href=\"https://en.riotpixels.com/games/olympic-games-tokyo-2020-the-official-video-game/\" rel=\"noopener\"><img class=\"alignleft\" width=\"150\" src=\"https://i115.fastpic.ru/big/2021/0624/03/ace42b9ea213a70408ced21ef3900203.jpg\"></a></div><br>Genres/Tags: <strong>Arcade, Sports, 3D</strong><br>Company: <strong>SEGA</strong><br>Languages: <strong>RUS/ENG/MULTI12</strong><br>Original Size: <strong>11.8 GB</strong><br>Repack Size: <strong>from 4.3 GB</strong> [Selective Download]</p>&nbsp;<div>&nbsp;</div><h3>Download Mirrors</h3><ul><li><a href=\"https://1337x.to/torrent/4900982/Olympic-Games-Tokyo-2020-The-Official-Video-Game-Multiplayer-MULTi12-FitGirl-Repack-Selective-Download-from-4-3-GB/\" target=\"_blank\" rel=\"noopener\">1337x</a> | [<a href=\"magnet:?xt=urn:btih:D9EDDEEAC923FD5EA283549C7ABA8538FB5EFCAC&amp;dn=Olympic+Games+Tokyo+2020%3A+The+Official+Video+Game+%28%2B+Multiplayer%2C+MULTi12%29+%5BFitGirl+Repack%2C+Selective+Download+-+from+4.3+GB%5D&amp;tr=udp%3A%2F%2F46.148.18.250%3A2710&amp;tr=udp%3A%2F%2Fopentor.org%3A2710&amp;tr=udp%3A%2F%2Ftracker.coppersurfer.tk%3A6969%2Fannounce&amp;tr=udp%3A%2F%2Ftracker.opentrackr.org%3A1337%2Fannounce&amp;tr=http%3A%2F%2Ftracker.dler.org%3A6969%2Fannounce&amp;tr=udp%3A%2F%2Ftracker.leechers-paradise.org%3A6969%2Fannounce&amp;tr=udp%3A%2F%2F9.rarbg.me%3A2730%2Fannounce&amp;tr=udp%3A%2F%2F9.rarbg.to%3A2770%2Fannounce&amp;tr=udp%3A%2F%2Ftracker.pirateparty.gr%3A6969%2Fannounce&amp;tr=http%3A%2F%2Fretracker.local%2Fannounce&amp;tr=http%3A%2F%2Fretracker.ip.ncnet.ru%2Fannounce&amp;tr=udp%3A%2F%2Fexodus.desync.com%3A6969%2Fannounce&amp;tr=udp%3A%2F%2Fipv4.tracker.harry.lu%3A80%2Fannounce&amp;tr=udp%3A%2F%2Fopen.stealth.si%3A80%2Fannounce&amp;tr=udp%3A%2F%2Ftracker.zer0day.to%3A1337%2Fannounce&amp;tr=udp%3A%2F%2Ftracker.leechers-paradise.org%3A6969%2Fannounce&amp;tr=udp%3A%2F%2Fcoppersurfer.tk%3A6969%2Fannounce\">magnet</a>] [<a href=\"https://pastefg.hermietkreeft.site/?7767892311990a99#7atYbwHp1xzog5EhhHfHRQ4YSf5HtyEW3PgtnGj92t1Y\" target=\"_blank\" rel=\"noopener\">.torrent file only</a>] <br><img src=\"https://torrent-stats.info/549c/17c8c6c98.png\" style=\"display:block;clear:both\"></li><li><a href=\"http://rutor.info/torrent/822510/olympic-games-tokyo-2020-the-official-video-game-2021-pc-repack-ot-fitgirl\" target=\"_blank\" rel=\"noopener\">RuTor</a> [<a href=\"magnet:?xt=urn:btih:d9eddeeac923fd5ea283549c7aba8538fb5efcac&amp;dn=rutor.info_Olympic+Games+Tokyo+2020%3A+The+Official+Video+Game+%282021%29+PC+%7C+RePack+%D0%BE%D1%82+FitGirl&amp;tr=udp://opentor.org:2710&amp;tr=udp://opentor.org:2710&amp;tr=http://retracker.local/announce\">magnet</a>]</li><li><a href=\"https://tapochek.net/viewtopic.php?p=2785765\" target=\"_blank\" rel=\"noopener\">Tapochek.net</a></li><li><a href=\"https://pastefg.hermietkreeft.site/?d420ee3723c7c876#CVJFRSAxkYo7XDSaoTkggtqvcU7fqAY7tG5X4d6oL8UV\" target=\"_blank\" rel=\"noopener\">Filehoster: MultiUpload</a> (10+ hosters, interchangeable) [Use <a href=\"http://jdownloader.org/jdownloader2\" target=\"_blank\" rel=\"noopener\">JDownloader2</a>]</li><li><a href=\"https://pastefg.hermietkreeft.site/?e8db4c425eff395f#J4uS592YUymW9qhZvUoCp9Cz9r1YFpBCtyZ51ScLwJr2\" target=\"_blank\" rel=\"noopener\">Filehoster: PixelDrain</a></li><li><a href=\"https://pastefg.hermietkreeft.site/?9e7bc4e095bcb853#76LmiKGNWNMxHcGMRycNmpppsZ1Qd8HsievxNqW25v7c\" target=\"_blank\" rel=\"noopener\">Filehoster: LetsUpload</a> [Use <a href=\"http://jdownloader.org/jdownloader2\" target=\"_blank\" rel=\"noopener\">JDownloader2</a>]</li><li><a href=\"https://crackhub.site/olympic-games-tokyo-2020-the-official-video-game-multiplayer-fitgirl-repack/\" target=\"_blank\" rel=\"noopener\">Filehosters: Google Drive, OneDrive + others</a> (Uploaded by crackhub213)</li><li><a href=\"https://pastefg.hermietkreeft.site/?f6fe959c589c067a#6RVjtVwb46Rdb5nNP5jkBDzoK6pux46BR4QUPbdNBDos\" target=\"_blank\" rel=\"noopener\">Filehoster: OneDrive</a> (Uploaded by DyR0 t(-_-t), NOT compatible with other mirrors)</li></ul><p><a href=\"https://cs.rin.ru/forum/viewtopic.php?f=10&amp;t=113509\" target=\"_blank\" rel=\"noopener\">Discussion and (possible) future updates on CS.RIN.RU thread</a></p><h3>Screenshots (Click to enlarge)</h3><p><a target=\"_blank\" href=\"https://en.riotpixels.com/games/olympic-games-tokyo-2020-the-official-video-game/screenshots/27/?utm_source=emb-gfx-html&amp;utm_medium=image&amp;utm_campaign=rp-mass\" rel=\"noopener\"><img loading=\"lazy\" width=\"178\" height=\"100\" border=\"0\" src=\"https://s01.riotpixels.net/data/01/ca/01cadc24-5004-4c24-b048-9d2fd6d52222.jpg.240p.jpg\"></a><a target=\"_blank\" href=\"https://en.riotpixels.com/games/olympic-games-tokyo-2020-the-official-video-game/screenshots/26/?utm_source=emb-gfx-html&amp;utm_medium=image&amp;utm_campaign=rp-mass\" rel=\"noopener\"><img loading=\"lazy\" width=\"178\" height=\"100\" border=\"0\" src=\"https://s01.riotpixels.net/data/d6/f7/d6f7f974-715a-41ec-90a8-5fc49997a15d.jpg.240p.jpg\"></a><a target=\"_blank\" href=\"https://en.riotpixels.com/games/olympic-games-tokyo-2020-the-official-video-game/screenshots/22/?utm_source=emb-gfx-html&amp;utm_medium=image&amp;utm_campaign=rp-mass\" rel=\"noopener\"><img loading=\"lazy\" width=\"178\" height=\"100\" border=\"0\" src=\"https://s01.riotpixels.net/data/9e/ff/9eff86f1-c111-47f4-8e67-0450c6feb351.jpg.240p.jpg\"></a><br><a target=\"_blank\" href=\"https://en.riotpixels.com/games/olympic-games-tokyo-2020-the-official-video-game/screenshots/21/?utm_source=emb-gfx-html&amp;utm_medium=image&amp;utm_campaign=rp-mass\" rel=\"noopener\"><img loading=\"lazy\" width=\"178\" height=\"100\" border=\"0\" src=\"https://s01.riotpixels.net/data/36/e7/36e75e7c-f511-4159-a197-3fa5bc8d05d4.jpg.240p.jpg\"></a><a target=\"_blank\" href=\"https://en.riotpixels.com/games/olympic-games-tokyo-2020-the-official-video-game/screenshots/15/?utm_source=emb-gfx-html&amp;utm_medium=image&amp;utm_campaign=rp-mass\" rel=\"noopener\"><img loading=\"lazy\" width=\"178\" height=\"100\" border=\"0\" src=\"https://s01.riotpixels.net/data/74/6d/746d4633-9260-4386-a273-88026be6cc8c.jpg.240p.jpg\"></a><a target=\"_blank\" href=\"https://en.riotpixels.com/games/olympic-games-tokyo-2020-the-official-video-game/screenshots/6/?utm_source=emb-gfx-html&amp;utm_medium=image&amp;utm_campaign=rp-mass\" rel=\"noopener\"><img loading=\"lazy\" width=\"178\" height=\"100\" border=\"0\" src=\"https://s01.riotpixels.net/data/2e/10/2e10cc50-5b83-428a-a354-c4746fca53ea.jpg.240p.jpg\"></a></p><h3>Repack Features</h3><ul><li>Based on Olympic_Games_Tokyo_2020_The_Official_Video_Game-FLT ISO release: flt-olympic_games_tokyo_2020_the_official_video_game.iso (12,689,262,592 bytes)</li><li>Alternative Goldberg crack/emulator is available in NoDVD folder after installation, allowing multiplayer via private lobbies</li><li>100% Lossless &amp; MD5 Perfect: all files are identical to originals after installation</li><li>NOTHING ripped, NOTHING re-encoded</li><li>Selective Download feature: you may skip downloading and installing of additional localizations (English is included by default)</li><li>Significantly smaller archive size (compressed from 11.8 to 4.3~7.1 GB, depending on selected components)</li><li>Installation takes from 4 minutes (8-threads CPU + SSD, no optional languages) up to 20 minutes (4-threads CPU + HDD, all languages)</li><li>After-install integrity check so you could make sure that everything installed properly</li><li>HDD space after installation: 13.8 GB (27.5 GB during installation)</li><li>Language can be changed in game settings</li><li>At least 2 GB of free RAM (inc. virtual) required for installing this repack</li></ul><div ><div><h2>Game Description</h2></div><div >The Olympic Games are back, and this time it\u2019s your chance for glory! Whether you play with friends, family, or go for gold on the global leaderboards, this is a party game that anyone can pick up and enjoy!<p>Prepare to unleash the competitor within as you create your athlete, customize their skills and pick the perfect costume. Why settle for standard sportswear when you can take centre stage as a pirate, astronaut or cowboy?</p><p>Choose between 18 fun-fueled sporting events\u2014from Tennis and Football to the 100m, Basketball and Boxing\u2014there\u2019s always a record to beat and a score to settle.</p><p>Going for gold has never been this much fun!</p></div></div><div ><div Selective Download</div><div ><p>You can skip downloading of additional localizations (English is included by default). Here is the list of optional files:</p><ul><li>fg-optional-additional-locales.bin [REQUIRED for all additional localizations)</li><li>fg-optional-brazilian.bin</li><li>fg-optional-chinese.bin</li><li>fg-optional-french.bin</li><li>fg-optional-german.bin</li><li>fg-optional-italian.bin</li><li>fg-optional-japanese.bin</li><li>fg-optional-korean.bin</li><li>fg-optional-polish.bin</li><li>fg-optional-russian.bin</li><li>fg-optional-spanish.bin</li></ul><p>In example,  if you want to launch the game with Spanish voiceovers \u2013 skip all \u201coptional\u201d files, but download fg-optional-additional-locales.bin, fg-optional-spanish.bin &amp; all main files (01-05).</p></div></div>             </div>"
}