{
    "link": "https://fitgirl-repacks.site/omno/",
    "title": "Omno",
    "first_img": "https://i6.imageban.ru/out/2021/07/29/ba8faae57f4e81272405578daa2f34e5.jpg",
    "second_img": "https://s01.riotpixels.net/data/cf/e3/cfe3494d-920d-47a2-b954-70f8ee675f35.jpg.240p.jpg",
    "body": "<div ><h2>Omno</h2><p ><div><a target=\"_blank\" href=\"https://en.riotpixels.com/games/omno/\" rel=\"noopener\"><img class=\"alignleft\" width=\"150\" src=\"https://i6.imageban.ru/out/2021/07/29/ba8faae57f4e81272405578daa2f34e5.jpg\"></a></div><br>Genres/Tags: <strong>Arcade, Jump and run, Exploration, Third-person, 3D</strong><br>Companies: <strong>Jonas Manke, Future Friends Games, StudioInkyfox</strong><br>Languages: <strong>RUS/ENG/MULTI11</strong><br>Original Size: <strong>1.1 GB</strong><br>Repack Size: <strong>from 367 MB</strong></p>&nbsp;<div>&nbsp;</div><h3>Download Mirrors</h3><ul><li><a href=\"https://1337x.to/torrent/4936058/Omno-MULTi11-FitGirl-Repack-Selective-Download-from-367-MB/\" target=\"_blank\" rel=\"noopener\">1337x</a> | [<a href=\"magnet:?xt=urn:btih:00E7EA51ED949C2B89B53E3E350CCAE51F6B74EF&amp;dn=Omno+%28MULTi11%29+%5BFitGirl+Repack%2C+Selective+Download+-+from+367+MB%5D&amp;tr=udp%3A%2F%2F46.148.18.250%3A2710&amp;tr=udp%3A%2F%2Fopentor.org%3A2710&amp;tr=udp%3A%2F%2Ftracker.coppersurfer.tk%3A6969%2Fannounce&amp;tr=udp%3A%2F%2Ftracker.opentrackr.org%3A1337%2Fannounce&amp;tr=http%3A%2F%2Ftracker.dler.org%3A6969%2Fannounce&amp;tr=udp%3A%2F%2Ftracker.leechers-paradise.org%3A6969%2Fannounce&amp;tr=udp%3A%2F%2F9.rarbg.me%3A2730%2Fannounce&amp;tr=udp%3A%2F%2F9.rarbg.to%3A2770%2Fannounce&amp;tr=udp%3A%2F%2Ftracker.pirateparty.gr%3A6969%2Fannounce&amp;tr=http%3A%2F%2Fretracker.local%2Fannounce&amp;tr=http%3A%2F%2Fretracker.ip.ncnet.ru%2Fannounce&amp;tr=udp%3A%2F%2Fexodus.desync.com%3A6969%2Fannounce&amp;tr=udp%3A%2F%2Fipv4.tracker.harry.lu%3A80%2Fannounce&amp;tr=udp%3A%2F%2Fopen.stealth.si%3A80%2Fannounce&amp;tr=udp%3A%2F%2Ftracker.zer0day.to%3A1337%2Fannounce&amp;tr=udp%3A%2F%2Ftracker.leechers-paradise.org%3A6969%2Fannounce&amp;tr=udp%3A%2F%2Fcoppersurfer.tk%3A6969%2Fannounce\">magnet</a>] [<a href=\"https://pastefg.hermietkreeft.site/?e7781d625b1f42f7#DrzpAow5UjPnScF4dbAxobHWrfR7QB4yrKk8rjzi6J7P\" target=\"_blank\" rel=\"noopener\">.torrent file only</a>] <br><img src=\"https://torrent-stats.info/3e3e/11a00abc4.png\" style=\"display:block;clear:both\"></li><li><a href=\"http://rutor.info/torrent/827315/omno-2021-pc-repack-ot-fitgirl\" target=\"_blank\" rel=\"noopener\">RuTor</a> [<a href=\"magnet:?xt=urn:btih:00e7ea51ed949c2b89b53e3e350ccae51f6b74ef&amp;dn=rutor.info_Omno+%282021%29+PC+%7C+RePack+%D0%BE%D1%82+FitGirl&amp;tr=udp://opentor.org:2710&amp;tr=udp://opentor.org:2710&amp;tr=http://retracker.local/announce\">magnet</a>]</li><li><a href=\"https://tapochek.net/viewtopic.php?p=2791586\" target=\"_blank\" rel=\"noopener\">Tapochek.net</a></li><li><a href=\"https://pastefg.hermietkreeft.site/?21ee463556fbe27e#3NV9tPoVbmkS2GmEdEcLue2o7azuUxgpNckih8zFJ61p\" target=\"_blank\" rel=\"noopener\">Filehoster: MultiUpload</a> (10+ hosters, interchangeable) [Use <a href=\"http://jdownloader.org/jdownloader2\" target=\"_blank\" rel=\"noopener\">JDownloader2</a>]</li><li><a href=\"https://pastefg.hermietkreeft.site/?cf3ee8c84a10dc08#2ETkXseasYiUhXQpfPkXNmXYJ2rdfPXPNnYNg3Zr6xXU\" target=\"_blank\" rel=\"noopener\">Filehoster: PixelDrain</a></li><li><a href=\"https://pastefg.hermietkreeft.site/?80d66e82d5a12a66#8X3HjuLgRQXitEtg9CFV4XC3XG5fvvVwrdo49JYMREc3\" target=\"_blank\" rel=\"noopener\">Filehoster: ZippyShare</a></li><li><a href=\"https://pastefg.hermietkreeft.site/?c0b7100c5d41b65d#8mGGGyECJ5bvknRD2dBcPxnWsjpzcJAtdvFGdCXjNsSA\" target=\"_blank\" rel=\"noopener\">Filehoster: LetsUpload</a> [Use <a href=\"http://jdownloader.org/jdownloader2\" target=\"_blank\" rel=\"noopener\">JDownloader2</a>]</li><li><a href=\"https://crackhub.site/omno-fitgirl-repack/\" target=\"_blank\" rel=\"noopener\">Filehosters: Google Drive, OneDrive + others</a> (Uploaded by crackhub213)</li><li><a href=\"https://pastefg.hermietkreeft.site/?8656972363ef0515#5dire1fe2T8Ba7tvFeBLdj92h9jqwGmLJPNcmW1iMMkD\" target=\"_blank\" rel=\"noopener\">Filehoster: OneDrive</a> (Uploaded by DyR0 t(-_-t), NOT compatible with other mirrors)</li></ul><p><a href=\"https://cs.rin.ru/forum/viewtopic.php?f=10&amp;t=93713\" target=\"_blank\" rel=\"noopener\">Discussion and (possible) future updates on CS.RIN.RU thread</a></p><h3>Screenshots (Click to enlarge)</h3><p><a target=\"_blank\" href=\"https://en.riotpixels.com/games/omno/screenshots/19/?utm_source=emb-gfx-html&amp;utm_medium=image&amp;utm_campaign=rp-mass\" rel=\"noopener\"><img loading=\"lazy\" width=\"178\" height=\"100\" border=\"0\" src=\"https://s01.riotpixels.net/data/cf/e3/cfe3494d-920d-47a2-b954-70f8ee675f35.jpg.240p.jpg\"></a><a target=\"_blank\" href=\"https://en.riotpixels.com/games/omno/screenshots/18/?utm_source=emb-gfx-html&amp;utm_medium=image&amp;utm_campaign=rp-mass\" rel=\"noopener\"><img loading=\"lazy\" width=\"178\" height=\"100\" border=\"0\" src=\"https://s01.riotpixels.net/data/1a/7d/1a7d41ba-2ea9-4984-9a7a-9506de7dd690.jpg.240p.jpg\"></a><a target=\"_blank\" href=\"https://en.riotpixels.com/games/omno/screenshots/17/?utm_source=emb-gfx-html&amp;utm_medium=image&amp;utm_campaign=rp-mass\" rel=\"noopener\"><img loading=\"lazy\" width=\"178\" height=\"100\" border=\"0\" src=\"https://s01.riotpixels.net/data/65/b9/65b956e2-2966-47a5-8594-bc5bf1123d98.jpg.240p.jpg\"></a><br><a target=\"_blank\" href=\"https://en.riotpixels.com/games/omno/screenshots/15/?utm_source=emb-gfx-html&amp;utm_medium=image&amp;utm_campaign=rp-mass\" rel=\"noopener\"><img loading=\"lazy\" width=\"178\" height=\"100\" border=\"0\" src=\"https://s01.riotpixels.net/data/97/25/9725abaa-2f53-4970-9ae2-ea70457a09d1.jpg.240p.jpg\"></a><a target=\"_blank\" href=\"https://en.riotpixels.com/games/omno/screenshots/12/?utm_source=emb-gfx-html&amp;utm_medium=image&amp;utm_campaign=rp-mass\" rel=\"noopener\"><img loading=\"lazy\" width=\"178\" height=\"100\" border=\"0\" src=\"https://s01.riotpixels.net/data/57/a2/57a25a78-b716-4e9e-b718-cef9a93c1bb7.jpg.240p.jpg\"></a><a target=\"_blank\" href=\"https://en.riotpixels.com/games/omno/screenshots/10/?utm_source=emb-gfx-html&amp;utm_medium=image&amp;utm_campaign=rp-mass\" rel=\"noopener\"><img loading=\"lazy\" width=\"178\" height=\"100\" border=\"0\" src=\"https://s01.riotpixels.net/data/5e/8d/5e8d306a-9048-47eb-b311-0390198c1417.jpg.240p.jpg\"></a></p><h3>Repack Features</h3><ul><li>Based on Omno-CODEX ISO release: codex-omno.iso (1,132,462,080 bytes)</li><li>100% Lossless &amp; MD5 Perfect: all files are identical to originals after installation</li><li>NOTHING ripped, NOTHING re-encoded</li><li>Selective Download feature: you may skip downloading and installing of advertising trailers</li><li>Significantly smaller archive size (compressed from 1.1 GB to 367/551 MB)</li><li>Installation takes less than a minute</li><li>After-install integrity check so you could make sure that everything installed properly</li><li>HDD space after installation: up to 1.5 GB</li><li>Language can be changed in game settings</li><li>At least 2 GB of free RAM (inc. virtual) required for installing this repack</li></ul><div ><div><h2>Game Description</h2></div><div ><b>An Emotional Journey</b><br>Omno whisks you away on a journey of discovery through an ancient world of wonders. It\u2019s a single-player adventure full of puzzles, secrets, and obstacles to overcome.<p><b>A beautiful, mysterious world</b><br>The power of a lost civilisation will carry you on an epic quest through lush forests, sun-blasted deserts, and frozen tundras \u2013 even to the clouds.</p><p><b>Meet Fantastical creatures</b><br>On your way, you\u2019ll discover a vibrant world full of strange and wonderful lifeforms, from cute little critters to enigmatic giants, and everything in between.</p></div></div>             </div>"
}