{
    "link": "https://fitgirl-repacks.site/one-last-memory/",
    "title": "One Last Memory",
    "first_img": "https://i7.imageban.ru/out/2021/11/09/35f867323932edef16217505cff8fafb.jpg",
    "second_img": "https://s01.riotpixels.net/data/87/f3/87f3e8fc-60e5-418c-ab61-84098113c73a.jpg.240p.jpg",
    "body": "<div ><h2>One Last Memory</h2><p ><div><a target=\"_blank\" href=\"https://en.riotpixels.com/games/one-last-memory/\" rel=\"noopener\"><img class=\"alignleft\" width=\"150\" src=\"https://i7.imageban.ru/out/2021/11/09/35f867323932edef16217505cff8fafb.jpg\"></a></div><br>Genres/Tags: <strong>Adventure, Exploration, First-person, 3D</strong><br>Company: <strong>EpiXR Games UG</strong><br>Language: <strong>ENG</strong><br>Original Size: <strong>2.4 GB</strong><br>Repack Size: <strong>1.1 GB</strong></p>&nbsp;<div>&nbsp;</div><h3>Download Mirrors</h3><ul><li><a href=\"https://1337x.to/torrent/5045060/One-Last-Memory-FitGirl-Repack/\" target=\"_blank\" rel=\"noopener\">1337x</a> | [<a href=\"magnet:?xt=urn:btih:2400C82150036568AFAD12F114DAE74E50BBA3AB&amp;dn=One+Last+Memory+%5BFitGirl+Repack%5D&amp;tr=udp%3A%2F%2F46.148.18.250%3A2710&amp;tr=udp%3A%2F%2Fopentor.org%3A2710&amp;tr=udp%3A%2F%2Ftracker.coppersurfer.tk%3A6969%2Fannounce&amp;tr=udp%3A%2F%2Ftracker.opentrackr.org%3A1337%2Fannounce&amp;tr=http%3A%2F%2Ftracker.dler.org%3A6969%2Fannounce&amp;tr=udp%3A%2F%2Ftracker.leechers-paradise.org%3A6969%2Fannounce&amp;tr=udp%3A%2F%2F9.rarbg.me%3A2730%2Fannounce&amp;tr=udp%3A%2F%2F9.rarbg.to%3A2770%2Fannounce&amp;tr=udp%3A%2F%2Ftracker.pirateparty.gr%3A6969%2Fannounce&amp;tr=http%3A%2F%2Fretracker.local%2Fannounce&amp;tr=http%3A%2F%2Fretracker.ip.ncnet.ru%2Fannounce&amp;tr=udp%3A%2F%2Fexodus.desync.com%3A6969%2Fannounce&amp;tr=udp%3A%2F%2Fipv4.tracker.harry.lu%3A80%2Fannounce&amp;tr=udp%3A%2F%2Fopen.stealth.si%3A80%2Fannounce&amp;tr=udp%3A%2F%2Ftracker.zer0day.to%3A1337%2Fannounce&amp;tr=udp%3A%2F%2Ftracker.leechers-paradise.org%3A6969%2Fannounce&amp;tr=udp%3A%2F%2Fcoppersurfer.tk%3A6969%2Fannounce\">magnet</a>] [<a href=\"https://pastefg.hermietkreeft.site/?9ebec423daa12292#BZLpb5axdtwiTzWoqqhPnBc74nfn6nZ98feG2bdQfnwP\" target=\"_blank\" rel=\"noopener\">.torrent file only</a>] <br><img src=\"https://torrent-stats.info/12f1/580ade1d.png\" style=\"display:block;clear:both\"></li><li><a href=\"https://tapochek.net/viewtopic.php?p=2810809\" target=\"_blank\" rel=\"noopener\">Tapochek.net</a></li><li><a href=\"https://pastefg.hermietkreeft.site/?cd890109064e1879#HG1VrFEw5ksrQkQjz4DAPwoaTSbQfumuENUsgnbmNaZL\" target=\"_blank\" rel=\"noopener\">Filehoster: MultiUpload</a> (10+ hosters, interchangeable) [Use <a href=\"http://jdownloader.org/jdownloader2\" target=\"_blank\" rel=\"noopener\">JDownloader2</a>]</li><li><a href=\"https://pastefg.hermietkreeft.site/?5b751678f1039fb0#417adywMmdHdiJsiGasv8Gbe8VFVBW25DiX6PZtA2wkB\" target=\"_blank\" rel=\"noopener\">Filehoster: ZippyShare</a></li><li><a href=\"https://pastefg.hermietkreeft.site/?325e57cd74c01ebc#dRewnScSZnPzy1Q8MRbhMn3vUaygPxAcdj5mWawsSPA\" target=\"_blank\" rel=\"noopener\">Filehoster: BayFiles</a></li><li><a href=\"https://pastefg.hermietkreeft.site/?ef0a68204f24364a#BEHkArvQDjsdSaquX9MALsGak3WyTEewmBLuF4A2fDZQ\" target=\"_blank\" rel=\"noopener\">Filehoster: LetsUpload</a> [Use <a href=\"http://jdownloader.org/jdownloader2\" target=\"_blank\" rel=\"noopener\">JDownloader2</a>]</li><li><a href=\"https://pastefg.hermietkreeft.site/?8cf91fb67bc209e4#E8Jmqrqk8QsnSfk51EFyZ8EYsuxX3NsGPuJKhEVXJkqg\" target=\"_blank\" rel=\"noopener\">Filehoster: OneDrive</a> (Uploaded by DyR0 t(-_-t), NOT compatible with other mirrors)</li><p><!--  <li><a href=\"\" target=\"_blank\" rel=\"noopener\">Filehosters: Google Drive, OneDrive + others</a> (Uploaded by crackhub213)</li>  --></p></ul><p><a href=\"https://cs.rin.ru/forum/viewtopic.php?f=10&amp;t=117068\" target=\"_blank\" rel=\"noopener\">Discussion and (possible) future updates on CS.RIN.RU thread</a></p><h3>Screenshots (Click to enlarge)</h3><p><a target=\"_blank\" href=\"https://en.riotpixels.com/games/one-last-memory/screenshots/9/?utm_source=emb-gfx-html&amp;utm_medium=image&amp;utm_campaign=rp-mass\" rel=\"noopener\"><img loading=\"lazy\" width=\"178\" height=\"100\" border=\"0\" src=\"https://s01.riotpixels.net/data/87/f3/87f3e8fc-60e5-418c-ab61-84098113c73a.jpg.240p.jpg\"></a><a target=\"_blank\" href=\"https://en.riotpixels.com/games/one-last-memory/screenshots/8/?utm_source=emb-gfx-html&amp;utm_medium=image&amp;utm_campaign=rp-mass\" rel=\"noopener\"><img loading=\"lazy\" width=\"178\" height=\"100\" border=\"0\" src=\"https://s01.riotpixels.net/data/d1/34/d1347c7a-dfd1-49ee-b9ee-c1e7ac3580fc.jpg.240p.jpg\"></a><a target=\"_blank\" href=\"https://en.riotpixels.com/games/one-last-memory/screenshots/7/?utm_source=emb-gfx-html&amp;utm_medium=image&amp;utm_campaign=rp-mass\" rel=\"noopener\"><img loading=\"lazy\" width=\"178\" height=\"100\" border=\"0\" src=\"https://s01.riotpixels.net/data/b1/1e/b11ebe7f-3d27-4d73-9327-b28cf8056eef.jpg.240p.jpg\"></a><br><a target=\"_blank\" href=\"https://en.riotpixels.com/games/one-last-memory/screenshots/4/?utm_source=emb-gfx-html&amp;utm_medium=image&amp;utm_campaign=rp-mass\" rel=\"noopener\"><img loading=\"lazy\" width=\"178\" height=\"100\" border=\"0\" src=\"https://s01.riotpixels.net/data/9e/cb/9ecb0556-aca2-4a57-ad94-a9340fd11bdd.jpg.240p.jpg\"></a><a target=\"_blank\" href=\"https://en.riotpixels.com/games/one-last-memory/screenshots/3/?utm_source=emb-gfx-html&amp;utm_medium=image&amp;utm_campaign=rp-mass\" rel=\"noopener\"><img loading=\"lazy\" width=\"178\" height=\"100\" border=\"0\" src=\"https://s01.riotpixels.net/data/74/cb/74cb3e21-7176-4c99-af86-2da5f7e4334c.jpg.240p.jpg\"></a><a target=\"_blank\" href=\"https://en.riotpixels.com/games/one-last-memory/screenshots/2/?utm_source=emb-gfx-html&amp;utm_medium=image&amp;utm_campaign=rp-mass\" rel=\"noopener\"><img loading=\"lazy\" width=\"178\" height=\"100\" border=\"0\" src=\"https://s01.riotpixels.net/data/b0/45/b045688e-d5e7-4314-bf8c-9debb9609271.jpg.240p.jpg\"></a></p><h3>Repack Features</h3><ul><li>Based on One.Last.Memory-DARKSiDERS ISO release: ds-onelastmemory.iso (2,599,989,248 bytes)</li><li>100% Lossless &amp; MD5 Perfect: all files are identical to originals after installation</li><li>NOTHING ripped, NOTHING re-encoded</li><li>Significantly smaller archive size (compressed from 2.4 to 1.1 GB)</li><li>Installation takes 2 minutes</li><li>After-install integrity check so you could make sure that everything installed properly</li><li>HDD space after installation: 5.1 GB</li><li>At least 2 GB of free RAM (inc. virtual) required for installing this repack</li></ul><div ><div><h2>Game Description</h2></div><div >One Last Memory is an emotional story driven exploration game about an old man who re-discovers his own past and lost memories on his journey through the beauty of nature. It is an adventure filled with joy, sadness and breathtaking locations and environments that are waiting to be discovered.<p><b><h3>Game Features</h3></b></p><ul><li>A heart-breaking story</li><li>A Journey through all 4 seasons</li><li>A ton of secret locations that only a careful explorer will discover</li><li>An exciting boat ride</li><li>A maze build out of elevators</li><li>Giant toys and other surreal references to the story that show the way</li><li>Watch towers that help with the orientation</li><li>A wonderful underground cave system full of surprises and little environmental riddles</li><li>A couple of small key challenges that need to be completed in order to progress</li><li>A hidden pirate bay</li><li>A story filled with twists and emotions</li><li>Many more\u2026</li></ul></div></div>             </div>"
}