{
    "link": "https://fitgirl-repacks.site/onirike/",
    "title": "Onirike",
    "first_img": "https://i3.imageban.ru/out/2021/07/13/d3ffdec28cbf9431e116025f66e3f4d4.jpg",
    "second_img": "https://s01.riotpixels.net/data/f9/a4/f9a46e25-63f1-42a9-bdc6-9c66ec31893f.jpg.240p.jpg",
    "body": "<div ><h2>Onirike</h2><p ><div><a target=\"_blank\" href=\"https://en.riotpixels.com/games/onirike/\" rel=\"noopener\"><img class=\"alignleft\" width=\"150\" src=\"https://i3.imageban.ru/out/2021/07/13/d3ffdec28cbf9431e116025f66e3f4d4.jpg\"></a></div><br>Genres/Tags: <strong>Arcade, Platform Adventure, Third-person, 3D</strong><br>Companies: <strong>DevilishGames, Badland Publishing</strong><br>Languages: <strong>RUS/ENG/MULTI9</strong><br>Original Size: <strong>729 MB</strong><br>Repack Size: <strong>500 MB</strong></p>&nbsp;<div>&nbsp;</div><h3>Download Mirrors</h3><ul><li><a href=\"https://1337x.to/torrent/4906422/Onirike-MULTi9-FitGirl-Repack/\" target=\"_blank\" rel=\"noopener\">1337x</a> | [<a href=\"magnet:?xt=urn:btih:34BBE3D5AC326E7796B3ABFE4AD4A6410F134649&amp;dn=Onirike+%28MULTi9%29+%5BFitGirl+Repack%5D&amp;tr=udp%3A%2F%2F46.148.18.250%3A2710&amp;tr=udp%3A%2F%2Fopentor.org%3A2710&amp;tr=udp%3A%2F%2Ftracker.coppersurfer.tk%3A6969%2Fannounce&amp;tr=udp%3A%2F%2Ftracker.opentrackr.org%3A1337%2Fannounce&amp;tr=http%3A%2F%2Ftracker.dler.org%3A6969%2Fannounce&amp;tr=udp%3A%2F%2Ftracker.leechers-paradise.org%3A6969%2Fannounce&amp;tr=udp%3A%2F%2F9.rarbg.me%3A2730%2Fannounce&amp;tr=udp%3A%2F%2F9.rarbg.to%3A2770%2Fannounce&amp;tr=udp%3A%2F%2Ftracker.pirateparty.gr%3A6969%2Fannounce&amp;tr=http%3A%2F%2Fretracker.local%2Fannounce&amp;tr=http%3A%2F%2Fretracker.ip.ncnet.ru%2Fannounce&amp;tr=udp%3A%2F%2Fexodus.desync.com%3A6969%2Fannounce&amp;tr=udp%3A%2F%2Fipv4.tracker.harry.lu%3A80%2Fannounce&amp;tr=udp%3A%2F%2Fopen.stealth.si%3A80%2Fannounce&amp;tr=udp%3A%2F%2Ftracker.zer0day.to%3A1337%2Fannounce&amp;tr=udp%3A%2F%2Ftracker.leechers-paradise.org%3A6969%2Fannounce&amp;tr=udp%3A%2F%2Fcoppersurfer.tk%3A6969%2Fannounce\">magnet</a>] [<a href=\"https://pastefg.hermietkreeft.site/?3e3bed7c16aa01f3#4E1danctocCfU4wzBijeJvaRqo6VESR3wW5oqFGRNDWY\" target=\"_blank\" rel=\"noopener\">.torrent file only</a>] <br><img src=\"https://torrent-stats.info/abfe/3069c4614.png\" style=\"display:block;clear:both\"></li><li><a href=\"http://rutor.info/torrent/823398/onirike-2021-pc-repack-ot-fitgirl\" target=\"_blank\" rel=\"noopener\">RuTor</a> [<a href=\"magnet:?xt=urn:btih:34bbe3d5ac326e7796b3abfe4ad4a6410f134649&amp;dn=rutor.info_Onirike+%282021%29+PC+%7C+RePack+%D0%BE%D1%82+FitGirl&amp;tr=udp://opentor.org:2710&amp;tr=udp://opentor.org:2710&amp;tr=http://retracker.local/announce\">magnet</a>]</li><li><a href=\"https://tapochek.net/viewtopic.php?p=2786691#2786691\" target=\"_blank\" rel=\"noopener\">Tapochek.net</a></li><li><a href=\"https://pastefg.hermietkreeft.site/?a763204382105427#C3PFS58jCVW9G3pvEzbbRhsPqLkhr5Yg8VfxKoVSCDKW\" target=\"_blank\" rel=\"noopener\">Filehoster: MultiUpload</a> (10+ hosters, interchangeable) [Use <a href=\"http://jdownloader.org/jdownloader2\" target=\"_blank\" rel=\"noopener\">JDownloader2</a>]</li><li><a href=\"https://pastefg.hermietkreeft.site/?af1f672d273354b9#D3rJM8D8MkLU9mxzjMyiwrxPk4NWceX77s3D2D9fMtNG\" target=\"_blank\" rel=\"noopener\">Filehoster: PixelDrain</a></li><li><a href=\"https://pastefg.hermietkreeft.site/?0b8a0b7e17d53d76#GLWPHSEKSZ7k4X99oQv1yhvFm7R6oVYQRspoCpX4Hs9w\" target=\"_blank\" rel=\"noopener\">Filehoster: LetsUpload</a> [Use <a href=\"http://jdownloader.org/jdownloader2\" target=\"_blank\" rel=\"noopener\">JDownloader2</a>]</li><li><a href=\"https://crackhub.site/onirike-fitgirl-repack/\" target=\"_blank\" rel=\"noopener\">Filehosters: Google Drive, OneDrive + others</a> (Uploaded by crackhub213)</li><li><a href=\"https://pastefg.hermietkreeft.site/?26f00b5efe7d37a6#FPW4cAoJYq9uybouxMkqpK2dVyUfJ7U6jcEjCfedwxcW\" target=\"_blank\" rel=\"noopener\">Filehoster: OneDrive</a> (Uploaded by DyR0 t(-_-t), NOT compatible with other mirrors)</li></ul><p><a href=\"https://cs.rin.ru/forum/viewtopic.php?f=10&amp;t=102274\" target=\"_blank\" rel=\"noopener\">Discussion and (possible) future updates on CS.RIN.RU thread</a></p><h3>Screenshots (Click to enlarge)</h3><p><a target=\"_blank\" href=\"https://en.riotpixels.com/games/onirike/screenshots/14/?utm_source=emb-gfx-html&amp;utm_medium=image&amp;utm_campaign=rp-mass\" rel=\"noopener\"><img loading=\"lazy\" width=\"178\" height=\"100\" border=\"0\" src=\"https://s01.riotpixels.net/data/f9/a4/f9a46e25-63f1-42a9-bdc6-9c66ec31893f.jpg.240p.jpg\"></a><a target=\"_blank\" href=\"https://en.riotpixels.com/games/onirike/screenshots/11/?utm_source=emb-gfx-html&amp;utm_medium=image&amp;utm_campaign=rp-mass\" rel=\"noopener\"><img loading=\"lazy\" width=\"178\" height=\"100\" border=\"0\" src=\"https://s01.riotpixels.net/data/1d/a2/1da21034-c2b9-487f-9ace-38763c9392ed.jpg.240p.jpg\"></a><a target=\"_blank\" href=\"https://en.riotpixels.com/games/onirike/screenshots/9/?utm_source=emb-gfx-html&amp;utm_medium=image&amp;utm_campaign=rp-mass\" rel=\"noopener\"><img loading=\"lazy\" width=\"178\" height=\"100\" border=\"0\" src=\"https://s01.riotpixels.net/data/97/70/97706070-b582-46ad-ad21-022daa21bca1.jpg.240p.jpg\"></a><br><a target=\"_blank\" href=\"https://en.riotpixels.com/games/onirike/screenshots/5/?utm_source=emb-gfx-html&amp;utm_medium=image&amp;utm_campaign=rp-mass\" rel=\"noopener\"><img loading=\"lazy\" width=\"178\" height=\"100\" border=\"0\" src=\"https://s01.riotpixels.net/data/95/0f/950f717d-f5da-418c-b2a1-039d80ec8a8a.jpg.240p.jpg\"></a><a target=\"_blank\" href=\"https://en.riotpixels.com/games/onirike/screenshots/3/?utm_source=emb-gfx-html&amp;utm_medium=image&amp;utm_campaign=rp-mass\" rel=\"noopener\"><img loading=\"lazy\" width=\"178\" height=\"100\" border=\"0\" src=\"https://s01.riotpixels.net/data/e4/d3/e4d357c2-5a27-4a86-ac11-63e1db7c6cca.jpg.240p.jpg\"></a><a target=\"_blank\" href=\"https://en.riotpixels.com/games/onirike/screenshots/2/?utm_source=emb-gfx-html&amp;utm_medium=image&amp;utm_campaign=rp-mass\" rel=\"noopener\"><img loading=\"lazy\" width=\"178\" height=\"100\" border=\"0\" src=\"https://s01.riotpixels.net/data/96/4f/964fa96a-08af-4034-9059-9b4af6874ae1.jpg.240p.jpg\"></a></p><h3>Repack Features</h3><ul><li>Based on Onirike-PLAZA ISO release: plaza-onirike.iso (764,379,136 bytes)</li><li>100% Lossless &amp; MD5 Perfect: all files are identical to originals after installation</li><li>NOTHING ripped, NOTHING re-encoded</li><li>Smaller archive size (compressed from 729 to 500 MB)</li><li>Installation takes one minute</li><li>After-install integrity check so you could make sure that everything installed properly</li><li>HDD space after installation: 1.5 GB</li><li>Language can be changed in game settings</li><li>At least 2 GB of free RAM (inc. virtual) required for installing this repack</li></ul><div ><div><h2>Game Description</h2></div><div ><p>Dreams are fed by our own desires. They dwell within us since we are born and this is what we call them until they become real. But\u2026 have you ever wondered what happens to dreams that never come true?</p><p><b>Onirike</b> is an original 3D adventure, puzzle and platformer video game which takes place in an intricate open world, designed with a non-linear narrative and presented with a peculiar audio-visual aesthetic.</p><p>Throughout the game, the player will take the role of Prieto, a strange being unaware of his own nature, but who has the rare ability to become invisible. Exploration, stealth and cultivating gypsophila flowers will be key to unveiling the story of Prieto and the orb in which he lives.</p><p><b><h3>Game Features</h3></b></p><ul><li>Explore Onirike\u2019s intricate open world.</li><li>Discover its captivating non-linear story.</li><li>Be amazed by its peculiar audio-visual style.</li><li>Help Prieto gain new abilities.</li><li>Strategically grow gypsophila flowers.</li><li>Avoid the devourers of souls by becoming invisible.</li></ul></div></div>             </div>"
}