{
    "link": "https://fitgirl-repacks.site/opus-echo-of-starsong/",
    "title": "OPUS: Echo of Starsong \u2013 v1.0.5",
    "first_img": "https://i3.imageban.ru/out/2021/09/01/2f34a27c0ef82eb9280562e6c5eb2d2f.jpg",
    "second_img": "https://s01.riotpixels.net/data/89/74/89747050-1611-41c5-95dc-601c1ec9ab04.jpg.240p.jpg",
    "body": "<div ><h2>OPUS: Echo of Starsong \u2013 v1.0.5</h2><p ><div><a target=\"_blank\" href=\"https://en.riotpixels.com/games/opus-echo-of-starsong/\" rel=\"noopener\"><img class=\"alignleft\" width=\"150\" src=\"https://i3.imageban.ru/out/2021/09/01/2f34a27c0ef82eb9280562e6c5eb2d2f.jpg\"></a></div><br>Genres/Tags: <strong>Arcade, Adventure, Platform adventure, Puzzle-Solving, Side, 3D</strong><br>Company: <strong>SIGONO INC.</strong><br>Languages: <strong>ENG/MULTI4</strong><br>Original Size: <strong>1 GB</strong><br>Repack Size: <strong>693 MB</strong></p>&nbsp;<div>&nbsp;</div><h3>Download Mirrors</h3><ul><li><a href=\"https://1337x.to/torrent/4970830/OPUS-Echo-of-Starsong-v1-0-5-MULTi4-FitGirl-Repack/\" target=\"_blank\" rel=\"noopener\">1337x</a> | [<a href=\"magnet:?xt=urn:btih:2609D89BAF85434878C1C717FFA31A6A197BAECF&amp;dn=OPUS%3A+Echo+of+Starsong+%28v1.0.5%2C+MULTi4%29+%5BFitGirl+Repack%5D&amp;tr=udp%3A%2F%2F46.148.18.250%3A2710&amp;tr=udp%3A%2F%2Fopentor.org%3A2710&amp;tr=udp%3A%2F%2Ftracker.coppersurfer.tk%3A6969%2Fannounce&amp;tr=udp%3A%2F%2Ftracker.opentrackr.org%3A1337%2Fannounce&amp;tr=http%3A%2F%2Ftracker.dler.org%3A6969%2Fannounce&amp;tr=udp%3A%2F%2Ftracker.leechers-paradise.org%3A6969%2Fannounce&amp;tr=udp%3A%2F%2F9.rarbg.me%3A2730%2Fannounce&amp;tr=udp%3A%2F%2F9.rarbg.to%3A2770%2Fannounce&amp;tr=udp%3A%2F%2Ftracker.pirateparty.gr%3A6969%2Fannounce&amp;tr=http%3A%2F%2Fretracker.local%2Fannounce&amp;tr=http%3A%2F%2Fretracker.ip.ncnet.ru%2Fannounce&amp;tr=udp%3A%2F%2Fexodus.desync.com%3A6969%2Fannounce&amp;tr=udp%3A%2F%2Fipv4.tracker.harry.lu%3A80%2Fannounce&amp;tr=udp%3A%2F%2Fopen.stealth.si%3A80%2Fannounce&amp;tr=udp%3A%2F%2Ftracker.zer0day.to%3A1337%2Fannounce&amp;tr=udp%3A%2F%2Ftracker.leechers-paradise.org%3A6969%2Fannounce&amp;tr=udp%3A%2F%2Fcoppersurfer.tk%3A6969%2Fannounce\">magnet</a>] [<a href=\"https://pastefg.hermietkreeft.site/?218526297846d01d#HSoZdv7hiXs3mCCSS3QLaDc6zkuDMZjPob2PxyC4te82\" target=\"_blank\" rel=\"noopener\">.torrent file only</a>] <br><img src=\"https://torrent-stats.info/c717/38cca7b1e.png\" style=\"display:block;clear:both\"></li><li><a href=\"https://tapochek.net/viewtopic.php?p=2798106\" target=\"_blank\" rel=\"noopener\">Tapochek.net</a></li><li><a href=\"https://pastefg.hermietkreeft.site/?5d434eb0f3008407#E6EvJdNVmGTUcFHHb1D26rAzhNt5BwSZfe9PMWx158jA\" target=\"_blank\" rel=\"noopener\">Filehoster: MultiUpload</a> (10+ hosters, interchangeable) [Use <a href=\"http://jdownloader.org/jdownloader2\" target=\"_blank\" rel=\"noopener\">JDownloader2</a>]</li><li><a href=\"https://pastefg.hermietkreeft.site/?51da66b88d27f1fa#J9Pm6Via6Mh8PZ9McZ7K6Y6yeEj6WBGeGqxdGeuHtkN5\" target=\"_blank\" rel=\"noopener\">Filehoster: PixelDrain</a></li><li><a href=\"https://pastefg.hermietkreeft.site/?55a8faea810d030a#3N47UJvtwxVbsbTgBB8XGNaxPKwLXNb78zoXh6QJxgFR\" target=\"_blank\" rel=\"noopener\">Filehoster: ZippyShare</a></li><li><a href=\"https://pastefg.hermietkreeft.site/?c5fb991fed160704#8ztoQAwksLH1NoPi1QNLNJfZBbHnAQUUtQtvBmDi64Eh\" target=\"_blank\" rel=\"noopener\">Filehoster: LetsUpload</a> [Use <a href=\"http://jdownloader.org/jdownloader2\" target=\"_blank\" rel=\"noopener\">JDownloader2</a>]</li><li><a href=\"https://pastefg.hermietkreeft.site/?654ddacaa3e83a42#GstsNhgxhSQ7w9cbMozXJgiugHAFDoELcfsU8FreXL5o\" target=\"_blank\" rel=\"noopener\">Filehoster: OneDrive</a> (Uploaded by DyR0 t(-_-t), NOT compatible with other mirrors)</li></ul><p><a href=\"https://cs.rin.ru/forum/viewtopic.php?f=10&amp;t=114220\" target=\"_blank\" rel=\"noopener\">Discussion and (possible) future updates on CS.RIN.RU thread</a></p><h3>Screenshots (Click to enlarge)</h3><p><a target=\"_blank\" href=\"https://en.riotpixels.com/games/opus-echo-of-starsong/screenshots/11/?utm_source=emb-gfx-html&amp;utm_medium=image&amp;utm_campaign=rp-mass\" rel=\"noopener\"><img loading=\"lazy\" width=\"178\" height=\"100\" border=\"0\" src=\"https://s01.riotpixels.net/data/89/74/89747050-1611-41c5-95dc-601c1ec9ab04.jpg.240p.jpg\"></a><a target=\"_blank\" href=\"https://en.riotpixels.com/games/opus-echo-of-starsong/screenshots/10/?utm_source=emb-gfx-html&amp;utm_medium=image&amp;utm_campaign=rp-mass\" rel=\"noopener\"><img loading=\"lazy\" width=\"178\" height=\"100\" border=\"0\" src=\"https://s01.riotpixels.net/data/87/da/87da7a6a-357b-4b4e-a358-1dd9b98a4746.jpg.240p.jpg\"></a><a target=\"_blank\" href=\"https://en.riotpixels.com/games/opus-echo-of-starsong/screenshots/7/?utm_source=emb-gfx-html&amp;utm_medium=image&amp;utm_campaign=rp-mass\" rel=\"noopener\"><img loading=\"lazy\" width=\"178\" height=\"100\" border=\"0\" src=\"https://s01.riotpixels.net/data/05/b9/05b90ca9-b839-49d4-8a74-014832fdb731.jpg.240p.jpg\"></a><br><a target=\"_blank\" href=\"https://en.riotpixels.com/games/opus-echo-of-starsong/screenshots/6/?utm_source=emb-gfx-html&amp;utm_medium=image&amp;utm_campaign=rp-mass\" rel=\"noopener\"><img loading=\"lazy\" width=\"178\" height=\"100\" border=\"0\" src=\"https://s01.riotpixels.net/data/03/a7/03a7aa6c-e36f-426d-ae43-afb132dc282d.jpg.240p.jpg\"></a><a target=\"_blank\" href=\"https://en.riotpixels.com/games/opus-echo-of-starsong/screenshots/3/?utm_source=emb-gfx-html&amp;utm_medium=image&amp;utm_campaign=rp-mass\" rel=\"noopener\"><img loading=\"lazy\" width=\"178\" height=\"100\" border=\"0\" src=\"https://s01.riotpixels.net/data/52/e4/52e4b079-a467-4d32-b076-d617076b8e63.jpg.240p.jpg\"></a><a target=\"_blank\" href=\"https://en.riotpixels.com/games/opus-echo-of-starsong/screenshots/1/?utm_source=emb-gfx-html&amp;utm_medium=image&amp;utm_campaign=rp-mass\" rel=\"noopener\"><img loading=\"lazy\" width=\"178\" height=\"100\" border=\"0\" src=\"https://s01.riotpixels.net/data/15/58/15588806-3274-4648-97a6-20999a019ea6.jpg.240p.jpg\"></a></p><h3>Repack Features</h3><ul><li>Based on OPUS.Echo.of.Starsong-CODEX ISO release: codex-opus.echo.of.starsong.iso (1,109,065,728 bytes)</li><li>100% Lossless &amp; MD5 Perfect: all files are identical to originals after installation</li><li>NOTHING ripped, NOTHING re-encoded</li><li>Significantly smaller archive size (compressed from 1 GB to 693 MB)</li><li>Installation takes one minute</li><li>After-install integrity check so you could make sure that everything installed properly</li><li>HDD space after installation: 2.8 GB</li><li>Language can be changed in game settings</li><li>At least 2 GB of free RAM (inc. virtual) required for installing this repack</li></ul><div ><div><h2>Game Description</h2></div><div >Echo of Starsong is a narrative puzzle adventure game. Asteroids emitting a sound known as \u201cStarsongs\u201d have become the center of conflict for the immense power they hold. Determined to claim asteroids of his own, a young man ventures out with a girl who can imitate starsongs, lending her voice to unravel an ancient myth deep in the heart of space.<p>\u201cI will claim the starsongs, and bring honor to the clan.\u201d</p><p>Exiled by his people, Jun ventures out in search of starsongs to redeem himself. But progress is slow, until he saves Eda, a witch who can pick up on the sound of asteroids. However, what appears to be a blessed encounter, will end up becoming a lifelong burden\u2026</p><p><b><h3>Game Features</h3></b></p><ul><li><b>SEEK OUT THE ELUSIVE ASTEROIDS:</b> The female protagonist \u2013 Eda, can hear the thunderous sound of starsongs in space, and navigate their spaceship towards the asteroid it came from.</li><li><b>UNRAVEL THE MYSTERY OF STARSONGS:</b> The male protagonist \u2013 Jun, can explore asteroids to locate the starsong\u2019s source, which reside in magnificant temples deep within the asteroids, hiding their ancient secrets.</li><li><b>ENGAGE WITH A COLORFUL CAST OF CHARACTERS:</b> Throughout their journey, the crew will encounter people of all sorts. From starsong intel brokers, to asteroid excavation enforcement officers. Some may act as an obstacle, while others will prove themselves to be allies.</li><li><b>LEARN ABOUT EACH CHARACTER\u2019S PAST:</b> Most people of Thousand Peaks have a personal story to tell when it comes to the conflicts that have ravaged their homeland. Uncover the troubled history of this solar system as you get to know each character.</li><li><b>TRAVEL ACROSS LAWLESS SOLAR SYSTEM:</b> The story\u2019s main setting, Thousand Peaks, has been in a state of chaos ever since the war. Help the crew travel through the territories of different factions, as they gather intel on the fabled starsongs.</li><li><b>ENJOY THE STORY AT YOUR OWN PACE:</b> Echo of Starsong is a narrative-driven game. Although light puzzles and resource management are involved throughout the story, gameplay is kept simple to provide an accessible experience.</li></ul></div></div>             </div>"
}