{
    "link": "https://fitgirl-repacks.site/orange-cast/",
    "title": "Orange Cast: Sci-Fi Space Action Game \u2013 v.20",
    "first_img": "https://i3.imageban.ru/out/2021/07/13/e98b6333333634913088152686ac60b9.jpg",
    "second_img": "https://s01.riotpixels.net/data/2e/99/2e9931e5-6189-47dc-a0d9-f7a732840bc8.jpg.240p.jpg",
    "body": "<div ><h2>Orange Cast: Sci-Fi Space Action Game \u2013 v.20</h2><p ><div><a target=\"_blank\" href=\"http://en.riotpixels.com/games/orange-cast-sci-fi-space-action-game/\" rel=\"noopener\"><img class=\"alignleft\" width=\"150\" src=\"https://i3.imageban.ru/out/2021/07/13/e98b6333333634913088152686ac60b9.jpg\"></a></div><br>Genres/Tags: <strong>Action, Shooter, Third-person, 3D</strong><br>Companies: <strong>Team Rez, Valkyrie Initiative</strong><br>Languages: <strong>RUS/ENG</strong><br>Original Size: <strong>14.5 GB</strong><br>Repack Size: <strong>9.8 GB</strong></p>&nbsp;<div>&nbsp;</div><h3>Download Mirrors</h3><ul><li><a href=\"https://1337x.to/torrent/4902337/Orange-Cast-Sci-Fi-Space-Action-Game-v2-0-MULTi2-FitGirl-Repack/\" target=\"_blank\" rel=\"noopener\">1337x</a> | [<a href=\"magnet:?xt=urn:btih:0F705F1B249403B82900AADDBAEFCE7FAAF9E396&amp;dn=Orange+Cast%3A+Sci-Fi+Space+Action+Game+%28v2.0%2C+MULTi2%29+%5BFitGirl+Repack%5D&amp;tr=udp%3A%2F%2F46.148.18.250%3A2710&amp;tr=udp%3A%2F%2Fopentor.org%3A2710&amp;tr=udp%3A%2F%2Ftracker.coppersurfer.tk%3A6969%2Fannounce&amp;tr=udp%3A%2F%2Ftracker.opentrackr.org%3A1337%2Fannounce&amp;tr=http%3A%2F%2Ftracker.dler.org%3A6969%2Fannounce&amp;tr=udp%3A%2F%2Ftracker.leechers-paradise.org%3A6969%2Fannounce&amp;tr=udp%3A%2F%2F9.rarbg.me%3A2730%2Fannounce&amp;tr=udp%3A%2F%2F9.rarbg.to%3A2770%2Fannounce&amp;tr=udp%3A%2F%2Ftracker.pirateparty.gr%3A6969%2Fannounce&amp;tr=http%3A%2F%2Fretracker.local%2Fannounce&amp;tr=http%3A%2F%2Fretracker.ip.ncnet.ru%2Fannounce&amp;tr=udp%3A%2F%2Fexodus.desync.com%3A6969%2Fannounce&amp;tr=udp%3A%2F%2Fipv4.tracker.harry.lu%3A80%2Fannounce&amp;tr=udp%3A%2F%2Fopen.stealth.si%3A80%2Fannounce&amp;tr=udp%3A%2F%2Ftracker.zer0day.to%3A1337%2Fannounce&amp;tr=udp%3A%2F%2Ftracker.leechers-paradise.org%3A6969%2Fannounce&amp;tr=udp%3A%2F%2Fcoppersurfer.tk%3A6969%2Fannounce\">magnet</a>] [<a href=\"https://pastefg.hermietkreeft.site/?164fb11c1032a41d#5nph2cp5Zq1XReGSWxo5DMM6cdxEafKkEHrKXThDtj7X\" target=\"_blank\" rel=\"noopener\">.torrent file only</a>] <br><img src=\"https://torrent-stats.info/aadd/300e28000.png\" style=\"display:block;clear:both\"></li><li><a href=\"http://rutor.info/torrent/822700/orange-cast-sci-fi-space-action-game-v-2.0-2021-pc-repack-ot-fitgirl\" target=\"_blank\" rel=\"noopener\">RuTor</a> [<a href=\"magnet:?xt=urn:btih:0f705f1b249403b82900aaddbaefce7faaf9e396&amp;dn=rutor.info_Orange+Cast%3A+Sci-Fi+Space+Action+Game+%5Bv+2.0%5D+%282021%29+PC+%7C+RePack+%D0%BE%D1%82+FitGirl&amp;tr=udp://opentor.org:2710&amp;tr=udp://opentor.org:2710&amp;tr=http://retracker.local/announce\">magnet</a>]</li><li><a href=\"https://tapochek.net/viewtopic.php?p=2785959\" target=\"_blank\" rel=\"noopener\">Tapochek.net</a></li><li><a href=\"https://pastefg.hermietkreeft.site/?564d76741d0b4e8a#CDZ5ZDKKPvBtPL7oWLwicXCvsQB42vuoDpRiYL6kP9Bw\" target=\"_blank\" rel=\"noopener\">Filehoster: MultiUpload</a> (10+ hosters, interchangeable) [Use <a href=\"http://jdownloader.org/jdownloader2\" target=\"_blank\" rel=\"noopener\">JDownloader2</a>]</li><li><a href=\"https://pastefg.hermietkreeft.site/?d847f62c17e5f740#Fi7SDfMXCPjFktX8tkZiZiqAbq5Gce5cECsVbGrGpjjC\" target=\"_blank\" rel=\"noopener\">Filehoster: PixelDrain</a></li><li><a href=\"https://pastefg.hermietkreeft.site/?5ea4ca51d17b57c8#72BHL5EAMHunfvZfEeKo7ZJSPoFLfMQSqpZzSeXB5wy4\" target=\"_blank\" rel=\"noopener\">Filehoster: LetsUpload</a> [Use <a href=\"http://jdownloader.org/jdownloader2\" target=\"_blank\" rel=\"noopener\">JDownloader2</a>]</li><li><a href=\"https://crackhub.site/orange-cast-sci-fi-space-action-game-v2-0-fitgirl-repack/\" target=\"_blank\" rel=\"noopener\">Filehosters: Google Drive, OneDrive + others</a> (Uploaded by crackhub213)</li><li><a href=\"https://pastefg.hermietkreeft.site/?195398b30e7fdf3f#FxMtyV4gJ4eeq5L2q1EBei1YVLoZ5Gmqd41BkoGigE4t\" target=\"_blank\" rel=\"noopener\">Filehoster: OneDrive</a> (Uploaded by DyR0 t(-_-t), NOT compatible with other mirrors)</li></ul><p><a href=\"https://cs.rin.ru/forum/viewtopic.php?f=10&amp;t=90754\" target=\"_blank\" rel=\"noopener\">Discussion and (possible) future updates on CS.RIN.RU thread</a></p><h3>Screenshots (Click to enlarge)</h3><p><a target=\"_blank\" href=\"http://en.riotpixels.com/games/orange-cast-sci-fi-space-action-game/screenshots/10/?utm_source=emb-gfx-html&amp;utm_medium=image&amp;utm_campaign=rp-mass\" rel=\"noopener\"><img loading=\"lazy\" width=\"185\" height=\"100\" border=\"0\" src=\"https://s01.riotpixels.net/data/2e/99/2e9931e5-6189-47dc-a0d9-f7a732840bc8.jpg.240p.jpg\"></a><a target=\"_blank\" href=\"http://en.riotpixels.com/games/orange-cast-sci-fi-space-action-game/screenshots/9/?utm_source=emb-gfx-html&amp;utm_medium=image&amp;utm_campaign=rp-mass\" rel=\"noopener\"><img loading=\"lazy\" width=\"185\" height=\"100\" border=\"0\" src=\"https://s01.riotpixels.net/data/cc/a2/cca2441c-909e-4587-aa75-e9825e215d53.jpg.240p.jpg\"></a><a target=\"_blank\" href=\"http://en.riotpixels.com/games/orange-cast-sci-fi-space-action-game/screenshots/6/?utm_source=emb-gfx-html&amp;utm_medium=image&amp;utm_campaign=rp-mass\" rel=\"noopener\"><img loading=\"lazy\" width=\"185\" height=\"100\" border=\"0\" src=\"https://s01.riotpixels.net/data/38/63/3863718d-c28e-4ea2-9062-d78890120843.jpg.240p.jpg\"></a><br><a target=\"_blank\" href=\"http://en.riotpixels.com/games/orange-cast-sci-fi-space-action-game/screenshots/3/?utm_source=emb-gfx-html&amp;utm_medium=image&amp;utm_campaign=rp-mass\" rel=\"noopener\"><img loading=\"lazy\" width=\"185\" height=\"100\" border=\"0\" src=\"https://s01.riotpixels.net/data/e7/4d/e74da7dc-5409-47cf-89b7-8c1bd16472e0.jpg.240p.jpg\"></a><a target=\"_blank\" href=\"http://en.riotpixels.com/games/orange-cast-sci-fi-space-action-game/screenshots/2/?utm_source=emb-gfx-html&amp;utm_medium=image&amp;utm_campaign=rp-mass\" rel=\"noopener\"><img loading=\"lazy\" width=\"185\" height=\"100\" border=\"0\" src=\"https://s01.riotpixels.net/data/66/94/6694fbd3-210c-421d-b067-f2deb1626ea7.jpg.240p.jpg\"></a><a target=\"_blank\" href=\"http://en.riotpixels.com/games/orange-cast-sci-fi-space-action-game/screenshots/1/?utm_source=emb-gfx-html&amp;utm_medium=image&amp;utm_campaign=rp-mass\" rel=\"noopener\"><img loading=\"lazy\" width=\"185\" height=\"100\" border=\"0\" src=\"https://s01.riotpixels.net/data/84/14/8414b1c5-1ec6-453f-870f-f695fff2018f.jpg.240p.jpg\"></a></p><h3>Repack Features</h3><ul><li>Based on Orange.Cast.Sci-Fi.Space.Action.Game.v2.0-CODEX ISO release: codex-orange.cast.sci.fi.space.action.game.v2.0.iso (15,541,403,648 bytes)</li><li>100% Lossless &amp; MD5 Perfect: all files are identical to originals after installation</li><li>NOTHING ripped, NOTHING re-encoded</li><li>Significantly smaller archive size (compressed from 14.5 to 9.8 GB)</li><li>Installation takes 5-12 minutes (depending on your system)</li><li>After-install integrity check so you could make sure that everything installed properly</li><li>HDD space after installation: 14.8 GB</li><li>Language can be changed in game settings</li><li>Repack uses XTool library by Razor12911</li><li>At least 2 GB of free RAM (inc. virtual) required for installing this repack</li></ul><div ><div><h2>Game Description</h2></div><div >As humanity\u2019s elite space trooper, you take on a heroic, action-packed adventure throughout the galaxy. Explore planets, protect colonies, and be the first to meet the unknown!<p>Explore the Galaxy<br>Visit planets, discover new dimensions, survive hazard environments.</p><p>Protect Humanity<br>Fast-paced and rewarding combat. Face cunning enemies, defeat menacing bosses, and arm yourself with top-notch weaponry of your choice.</p><p>Enjoy the view<br>The beauty of Space awaits you. The beautiful and deep soundtrack, spectacular views of Cosmos, the mystery of alien planets, and the romance of space travels.</p><p>True Sci-Fi experience<br>Dialogs, cinematics, and the choice-driven story inspired by James S.A. Corey\u2019s The Expanse series.</p></div></div><p><b>Backwards Compatibility</b></p><p>This repack is NOT backwards compatible with my previous OC repack.</p>             </div>"
}