{
    "link": "https://fitgirl-repacks.site/order-of-battle-world-war-2/",
    "title": "Order of Battle: World War II \u2013 v9.0.6 + 16 DLCs",
    "first_img": "https://i2.imageban.ru/out/2021/10/12/e42918521f2e671a88aa895ab4f01f79.jpg",
    "second_img": "https://s01.riotpixels.net/data/c0/26/c026fbe1-551f-4b68-86c2-fc9d0636860a.jpg.240p.jpg",
    "body": "<div ><h2>Order of Battle: World War II \u2013 v9.0.6 + 16 DLCs</h2><p ><div><a target=\"_blank\" href=\"https://en.riotpixels.com/games/order-of-battle-pacific/\" rel=\"noopener\"><img class=\"alignleft\" width=\"150\" src=\"https://i2.imageban.ru/out/2021/10/12/e42918521f2e671a88aa895ab4f01f79.jpg\"></a></div><br>Genres/Tags: <strong>Strategy, Wargame, Isometric, Turn-based, 2D</strong><br>Companies: <strong>The Artistocrats, Slitherine Ltd.</strong><br>Languages: <strong>RUS/ENG/MULTI5</strong><br>Original Size: <strong>1.6 GB</strong><br>Repack Size: <strong>990 MB</strong></p>&nbsp;<div>&nbsp;</div><h3>Download Mirrors</h3><ul><li><a href=\"https://1337x.to/torrent/5015679/Order-of-Battle-World-War-II-v9-0-6-16-DLCs-MULTi5-FitGirl-Repack/\" target=\"_blank\" rel=\"noopener\">1337x</a> | [<a href=\"magnet:?xt=urn:btih:FD759D63FFA60594003C67B91DADEC82D29D7F97&amp;dn=Order+of+Battle%3A+World+War+II+%28v9.0.6+%2B+16+DLCs%2C+MULTi5%29+%5BFitGirl+Repack%5D&amp;tr=udp%3A%2F%2F46.148.18.250%3A2710&amp;tr=udp%3A%2F%2Fopentor.org%3A2710&amp;tr=udp%3A%2F%2Ftracker.coppersurfer.tk%3A6969%2Fannounce&amp;tr=udp%3A%2F%2Ftracker.opentrackr.org%3A1337%2Fannounce&amp;tr=http%3A%2F%2Ftracker.dler.org%3A6969%2Fannounce&amp;tr=udp%3A%2F%2Ftracker.leechers-paradise.org%3A6969%2Fannounce&amp;tr=udp%3A%2F%2F9.rarbg.me%3A2730%2Fannounce&amp;tr=udp%3A%2F%2F9.rarbg.to%3A2770%2Fannounce&amp;tr=udp%3A%2F%2Ftracker.pirateparty.gr%3A6969%2Fannounce&amp;tr=http%3A%2F%2Fretracker.local%2Fannounce&amp;tr=http%3A%2F%2Fretracker.ip.ncnet.ru%2Fannounce&amp;tr=udp%3A%2F%2Fexodus.desync.com%3A6969%2Fannounce&amp;tr=udp%3A%2F%2Fipv4.tracker.harry.lu%3A80%2Fannounce&amp;tr=udp%3A%2F%2Fopen.stealth.si%3A80%2Fannounce&amp;tr=udp%3A%2F%2Ftracker.zer0day.to%3A1337%2Fannounce&amp;tr=udp%3A%2F%2Ftracker.leechers-paradise.org%3A6969%2Fannounce&amp;tr=udp%3A%2F%2Fcoppersurfer.tk%3A6969%2Fannounce\">magnet</a>] [<a href=\"https://pastefg.hermietkreeft.site/?a7d35e9129b08905#2e2UHdHkzVy983YLRH8xh9kawdmB1QoVJtRiZdAV1Hfj\" target=\"_blank\" rel=\"noopener\">.torrent file only</a>] <br><img src=\"https://torrent-stats.info/67b9/1de220d9f.png\" style=\"display:block;clear:both\"></li><li><a href=\"http://rutor.info/torrent/839221/order-of-battle-world-war-ii-v9.0.6-16-dlc-2015-pc-repack-ot-fitgirl\" target=\"_blank\" rel=\"noopener\">RuTor</a> [<a href=\"magnet:?xt=urn:btih:fd759d63ffa60594003c67b91dadec82d29d7f97&amp;dn=rutor.info_Order+of+Battle%3A+World+War+II+%5Bv9.0.6+%2B+16+DLC%5D+%282015%29+PC+%7C+RePack+%D0%BE%D1%82+FitGirl&amp;tr=udp://opentor.net:6969&amp;tr=udp://opentor.org:2710&amp;tr=http://retracker.local/announce\">magnet</a>]</li><li><a href=\"https://tapochek.net/viewtopic.php?p=2805523\" target=\"_blank\" rel=\"noopener\">Tapochek.net</a></li><li><a href=\"https://pastefg.hermietkreeft.site/?49a302c9b0739082#8UdqEuoXSisjQi1kBQ3akGz7A2iuzMozvf4fnyPQQn4H\" target=\"_blank\" rel=\"noopener\">Filehoster: MultiUpload</a> (10+ hosters, interchangeable) [Use <a href=\"http://jdownloader.org/jdownloader2\" target=\"_blank\" rel=\"noopener\">JDownloader2</a>]</li><li><a href=\"https://pastefg.hermietkreeft.site/?92321d3fd8308072#GvnJA9nZS4uoqwetke4oWo1RtHgbf7t3JcgSp8hEMBsx\" target=\"_blank\" rel=\"noopener\">Filehoster: PixelDrain</a></li><li><a href=\"https://pastefg.hermietkreeft.site/?33a3a50409c48ea1#G6EwRXcjqwz4TZYUYBoJQoHoUqdSbfnt8DdHUVixTF5C\" target=\"_blank\" rel=\"noopener\">Filehoster: ZippyShare</a></li><li><a href=\"https://pastefg.hermietkreeft.site/?bcad2721af6369b9#75ayELDEXgyGXY1TprYoFHhEZPV17AnEarMVT3WHX5U3\" target=\"_blank\" rel=\"noopener\">Filehoster: LetsUpload</a> [Use <a href=\"http://jdownloader.org/jdownloader2\" target=\"_blank\" rel=\"noopener\">JDownloader2</a>]</li><li><a href=\"https://pastefg.hermietkreeft.site/?453cc566919f93d3#5CUHnRme4VcPhDxYuVFvkmDKdK9kxmoSwpiwb7nUfV6u\" target=\"_blank\" rel=\"noopener\">Filehoster: OneDrive</a> (Uploaded by DyR0 t(-_-t), NOT compatible with other mirrors)</li><li><a href=\"https://crackhub.site/order-of-battle-world-war-ii-v9-0-6-16-dlcs-fitgirl-repack/\" target=\"_blank\" rel=\"noopener\">Filehosters: Google Drive, OneDrive + others</a> (Uploaded by crackhub213)</li></ul><p><a href=\"https://cs.rin.ru/forum/viewtopic.php?f=10&amp;t=67470\" target=\"_blank\" rel=\"noopener\">Discussion and (possible) future updates on CS.RIN.RU thread</a></p><h3>Screenshots (Click to enlarge)</h3><p><a target=\"_blank\" href=\"https://en.riotpixels.com/games/order-of-battle-pacific/screenshots/8/?utm_source=emb-gfx-html&amp;utm_medium=image&amp;utm_campaign=rp-mass\" rel=\"noopener\"><img loading=\"lazy\" width=\"178\" height=\"100\" border=\"0\" src=\"https://s01.riotpixels.net/data/c0/26/c026fbe1-551f-4b68-86c2-fc9d0636860a.jpg.240p.jpg\"></a><a target=\"_blank\" href=\"https://en.riotpixels.com/games/order-of-battle-pacific/screenshots/6/?utm_source=emb-gfx-html&amp;utm_medium=image&amp;utm_campaign=rp-mass\" rel=\"noopener\"><img loading=\"lazy\" width=\"178\" height=\"100\" border=\"0\" src=\"https://s01.riotpixels.net/data/e1/59/e1593c3d-7419-43b0-b791-d1f04e4f6777.jpg.240p.jpg\"></a><a target=\"_blank\" href=\"https://en.riotpixels.com/games/order-of-battle-pacific/screenshots/4/?utm_source=emb-gfx-html&amp;utm_medium=image&amp;utm_campaign=rp-mass\" rel=\"noopener\"><img loading=\"lazy\" width=\"178\" height=\"100\" border=\"0\" src=\"https://s01.riotpixels.net/data/3c/3a/3c3a6c59-f11c-44e8-bf31-c657f76779f6.jpg.240p.jpg\"></a><br><a target=\"_blank\" href=\"https://en.riotpixels.com/games/order-of-battle-winter-war/screenshots/7/?utm_source=emb-gfx-html&amp;utm_medium=image&amp;utm_campaign=rp-mass\" rel=\"noopener\"><img loading=\"lazy\" width=\"178\" height=\"100\" border=\"0\" src=\"https://s01.riotpixels.net/data/22/c8/22c8f83b-4e42-41ee-9aa7-0d7ed17f0716.jpg.240p.jpg\"></a><a target=\"_blank\" href=\"https://en.riotpixels.com/games/order-of-battle-winter-war/screenshots/5/?utm_source=emb-gfx-html&amp;utm_medium=image&amp;utm_campaign=rp-mass\" rel=\"noopener\"><img loading=\"lazy\" width=\"178\" height=\"100\" border=\"0\" src=\"https://s01.riotpixels.net/data/85/14/85145150-5f6c-40ce-8d97-deba0deb6af5.jpg.240p.jpg\"></a><a target=\"_blank\" href=\"https://en.riotpixels.com/games/order-of-battle-winter-war/screenshots/2/?utm_source=emb-gfx-html&amp;utm_medium=image&amp;utm_campaign=rp-mass\" rel=\"noopener\"><img loading=\"lazy\" width=\"178\" height=\"100\" border=\"0\" src=\"https://s01.riotpixels.net/data/69/5e/695edced-cff2-4e9f-a707-04d1bfa6a42b.jpg.240p.jpg\"></a></p><h3>Repack Features</h3><ul><li>Based on Order.of.Battle.World.War.II.Allies.Resurgent-PLAZA ISO release: plaza-order.of.battle.world.war.ii.allies.resurgent.iso (1,719,304,192 bytes)</li><li>Game version: v9.0.6, 16 DLCs are included and activated</li><li>100% Lossless &amp; MD5 Perfect: all files are identical to originals after installation</li><li>NOTHING ripped, NOTHING re-encoded</li><li>Significantly smaller archive size (compressed from 1.6 GB to 990 MB)</li><li>Installation takes ~7 minutes</li><li>After-install integrity check so you could make sure that everything installed properly</li><li>HDD space after installation: 2.9 GB</li><li>Language can be changed in game settings</li><li>At least 2 GB of free RAM (inc. virtual) required for installing this repack</li></ul><div ><div><h2>Game Description</h2></div><div ><b>Order of Battle: World War II</b> is a breath of fresh air for all strategy fans. It is a game that takes wargaming to a new level by upgrading every single game element and rebooting the genre for a new generation of players. Detailed terrain, rich animations and a slick interface, all within a traditional setting and with the elements that are familiar to experienced players \u2013 <b>Order of Battle: World War II follows in the footsteps of all time classics, such as Panzer General.</b><p>With a selection of over 700 unique looking and behaving units, players can build and manage their army, fleet and air force throughout the campaigns set in the various theatres of operations during WW2. A unique system of specializations allows players to customize their forces with special units, bonuses and abilities that reflect the difference in strategies and mentality of the various factions.</p><p>A set of unique Commanders \u2013 split between Generals, Pilots and Captains \u2013 is gradually unlocked in the campaigns. These can be attached to specific units to provide unique bonuses to anything in their command range. While good use of unit types and tactics remains the player\u2019s priority, clever use of Commanders can tip the balance in an offensive operation or buy just enough time in defense to turn the tide to your favor.</p><p>In <b>Order of Battle: World War II, a unique supply system also plays a key factor that directly affects the combat efficiency of the units.</b> Landing on an enemy island without any support ships will prevent the invasion forces from building a solid beachhead, and breaking the supply lines of your opponent, isolating his units and making encirclement maneuvers are the strategies required to achieve an ultimate victory.</p><p>Add an intuitive in-game scenario editor, up to 4 player multiplayer support through Hotseat or Slitherine\u2019s PBEM++ server system and you have a game with endless re-playability.</p><p><b><h3>Game Features</h3></b></p><ul><li>Classic turn based, hex based gameplay with an intuitive UI and great depth.</li><li>Play in dynamic campaigns with unit carryover and multiple \u201cwhat-if\u201d scenarios.</li><li>A rich 3D world with detailed animations and effects. Turn-based wargaming has never looked this good!</li><li>20 different Specializations give a unique feel to each faction including Banzai Charge, Bushido Code and even the Manhattan Project.</li><li>Over 700 different unit types, including infantry, tanks, ships and aircraft, each with unique visuals and animations</li><li>Attach unique commanders to your units to give them additional offensive and defensive bonuses</li><li>A deep but intuitive supply system allowing breakthroughs &amp; encirclements.</li><li>4 player multiplayer over PBEM++ and hotseat, supporting last-man-standing, teamplay and cooperative against AI scenarios.</li><li>An extensive, user-friendly in-game scenario editor with a what-you-see-is-what-you-get design.</li></ul><p><b>Included DLCs:</b></p><ul><li>Morning Sun</li><li>U.S. Marines</li><li>Winter War</li><li>US Pacific</li><li>Rising Sun</li><li>Blitzkrieg</li><li>Kriegsmarine</li><li>Burma Road</li><li>Panzerkrieg</li><li>Sandstorm</li><li>Endsieg</li><li>Red Star</li><li>Red Steel</li><li>Red Storm</li><li>Allies\u00a0Defiant</li><li>Allies Resurgent</li></ul></div></div>             </div>"
}