{
    "link": "https://fitgirl-repacks.site/outbreak-contagious-memories/",
    "title": "Outbreak: Contagious Memories",
    "first_img": "https://i6.imageban.ru/out/2022/04/07/42f0ff3fff726c6ce8a7a0f2d032ee83.jpg",
    "second_img": "https://s01.riotpixels.net/data/7e/46/7e469fc1-c28e-404d-962b-5e5637a02395.jpg.240p.jpg",
    "body": "<div ><h2>Outbreak: Contagious Memories</h2><p ><div><a target=\"_blank\" href=\"https://en.riotpixels.com/games/outbreak-contagious-memories/\" rel=\"noopener\"><img class=\"alignleft\" width=\"150\" src=\"https://i6.imageban.ru/out/2022/04/07/42f0ff3fff726c6ce8a7a0f2d032ee83.jpg\"></a></div><br>Genres/Tags: <strong>Action, Survival, Horror, Zombies, First-person, Third-person, Fixed camera angles, 3D</strong><br>Company: <strong>Dead Drop Studios LLC</strong><br>Language: <strong>ENG</strong><br>Original Size: <strong>7.3 GB</strong><br>Repack Size: <strong>4.3 GB</strong></p>&nbsp;<div>&nbsp;</div><h3>Download Mirrors</h3><ul><li><a href=\"https://1337x.to/torrent/5210267/Outbreak-Contagious-Memories-FitGirl-Repack/\" target=\"_blank\" rel=\"noopener\">1337x</a> | [<a href=\"magnet:?xt=urn:btih:25331F5573B10082DE8887A714B9DD02B90F199D&amp;dn=Outbreak%3A+Contagious+Memories+%5BFitGirl+Repack%5D&amp;tr=udp%3A%2F%2F46.148.18.250%3A2710&amp;tr=udp%3A%2F%2Fopentor.org%3A2710&amp;tr=udp%3A%2F%2Ftracker.coppersurfer.tk%3A6969%2Fannounce&amp;tr=udp%3A%2F%2Ftracker.opentrackr.org%3A1337%2Fannounce&amp;tr=http%3A%2F%2Ftracker.dler.org%3A6969%2Fannounce&amp;tr=udp%3A%2F%2Ftracker.leechers-paradise.org%3A6969%2Fannounce&amp;tr=udp%3A%2F%2F9.rarbg.me%3A2730%2Fannounce&amp;tr=udp%3A%2F%2F9.rarbg.to%3A2770%2Fannounce&amp;tr=udp%3A%2F%2Ftracker.pirateparty.gr%3A6969%2Fannounce&amp;tr=http%3A%2F%2Fretracker.local%2Fannounce&amp;tr=http%3A%2F%2Fretracker.ip.ncnet.ru%2Fannounce&amp;tr=udp%3A%2F%2Fexodus.desync.com%3A6969%2Fannounce&amp;tr=udp%3A%2F%2Fipv4.tracker.harry.lu%3A80%2Fannounce&amp;tr=udp%3A%2F%2Fopen.stealth.si%3A80%2Fannounce&amp;tr=udp%3A%2F%2Ftracker.opentrackr.org%3A1337%2Fannounce&amp;tr=http%3A%2F%2Ftracker.openbittorrent.com%3A80%2Fannounce&amp;tr=udp%3A%2F%2Fopentracker.i2p.rocks%3A6969%2Fannounce&amp;tr=udp%3A%2F%2Ftracker.internetwarriors.net%3A1337%2Fannounce&amp;tr=udp%3A%2F%2Ftracker.leechers-paradise.org%3A6969%2Fannounce&amp;tr=udp%3A%2F%2Fcoppersurfer.tk%3A6969%2Fannounce&amp;tr=udp%3A%2F%2Ftracker.zer0day.to%3A1337%2Fannounce\">magnet</a>] [<a href=\"https://pastefg.hermietkreeft.site/?4e6327428d1991d7#sE4UZ8SAV4GdMC2DFNdN1uwU9pf3YzdRhQZXS37mYKs\" target=\"_blank\" rel=\"noopener\">.torrent file only</a>] <br><img src=\"https://torrent-stats.info/87a7/28dc77014.png\" style=\"display:block;clear:both\"></li><li><a href=\"https://tapochek.net/viewtopic.php?p=2844742\" target=\"_blank\" rel=\"noopener\">Tapochek.net</a></li><li><a href=\"https://pastefg.hermietkreeft.site/?c1ad4404618776d2#8btRVxBeR59r56AMDQ6Dn5wQRBgFr4qUy1oEVBxVL1kE\" target=\"_blank\" rel=\"noopener\">Filehoster: MultiUpload</a> (10+ hosters, interchangeable) [Use <a href=\"http://jdownloader.org/jdownloader2\" target=\"_blank\" rel=\"noopener\">JDownloader2</a>]</li><li><a href=\"https://pastefg.hermietkreeft.site/?6969ad23bb9f4984#C7iio588wJ6fHzdqtK6ifTTQBpd1kQCge752vcNqNYLB\" target=\"_blank\" rel=\"noopener\">Filehoster: ZippyShare</a></li><li><a href=\"https://pastefg.hermietkreeft.site/?e8f21e0783c0693f#2SxVfKcKRQqqPKwCpt5s8he7fBP6vvR7SRBPLWc4G5J6\" target=\"_blank\" rel=\"noopener\">Filehoster: BayFiles</a></li><li><a href=\"https://pastefg.hermietkreeft.site/?cc9c5b2fbc3ceeae#JgnKpRMymMAvRwFrwHwgBsRGXn4FVLyyBuVKnSno2Au\" target=\"_blank\" rel=\"noopener\">Filehoster: OneDrive</a> (Uploaded by DyR0 t(-_-t), NOT compatible with other mirrors)</li><p><!--  <li><a href=\"\" target=\"_blank\" rel=\"noopener\">Filehosters: Google Drive, OneDrive + others</a> (Uploaded by crackhub213)</li>  --></p></ul><p><a href=\"https://cs.rin.ru/forum/viewtopic.php?f=10&amp;t=121242\" target=\"_blank\" rel=\"noopener\">Discussion and (possible) future updates on CS.RIN.RU thread</a></p><h3>Screenshots (Click to enlarge)</h3><p><a target=\"_blank\" href=\"https://en.riotpixels.com/games/outbreak-contagious-memories/screenshots/12/?utm_source=emb-gfx-html&amp;utm_medium=image&amp;utm_campaign=rp-mass\" rel=\"noopener\"><img loading=\"lazy\" width=\"178\" height=\"100\" border=\"0\" src=\"https://s01.riotpixels.net/data/7e/46/7e469fc1-c28e-404d-962b-5e5637a02395.jpg.240p.jpg\"></a><a target=\"_blank\" href=\"https://en.riotpixels.com/games/outbreak-contagious-memories/screenshots/11/?utm_source=emb-gfx-html&amp;utm_medium=image&amp;utm_campaign=rp-mass\" rel=\"noopener\"><img loading=\"lazy\" width=\"178\" height=\"100\" border=\"0\" src=\"https://s01.riotpixels.net/data/b7/8f/b78f773e-1ce8-4046-8ba4-1f6c42850b59.jpg.240p.jpg\"></a><a target=\"_blank\" href=\"https://en.riotpixels.com/games/outbreak-contagious-memories/screenshots/10/?utm_source=emb-gfx-html&amp;utm_medium=image&amp;utm_campaign=rp-mass\" rel=\"noopener\"><img loading=\"lazy\" width=\"178\" height=\"100\" border=\"0\" src=\"https://s01.riotpixels.net/data/e2/10/e2103591-6601-48f1-9b4a-b7ea2f77ed19.jpg.240p.jpg\"></a><br><a target=\"_blank\" href=\"https://en.riotpixels.com/games/outbreak-contagious-memories/screenshots/8/?utm_source=emb-gfx-html&amp;utm_medium=image&amp;utm_campaign=rp-mass\" rel=\"noopener\"><img loading=\"lazy\" width=\"178\" height=\"100\" border=\"0\" src=\"https://s01.riotpixels.net/data/3b/0e/3b0ed8de-6656-46e7-907d-3e1a293e6164.jpg.240p.jpg\"></a><a target=\"_blank\" href=\"https://en.riotpixels.com/games/outbreak-contagious-memories/screenshots/6/?utm_source=emb-gfx-html&amp;utm_medium=image&amp;utm_campaign=rp-mass\" rel=\"noopener\"><img loading=\"lazy\" width=\"178\" height=\"100\" border=\"0\" src=\"https://s01.riotpixels.net/data/29/a2/29a27570-95e1-4258-b7ae-d89ea43a0576.jpg.240p.jpg\"></a><a target=\"_blank\" href=\"https://en.riotpixels.com/games/outbreak-contagious-memories/screenshots/5/?utm_source=emb-gfx-html&amp;utm_medium=image&amp;utm_campaign=rp-mass\" rel=\"noopener\"><img loading=\"lazy\" width=\"178\" height=\"100\" border=\"0\" src=\"https://s01.riotpixels.net/data/ee/b3/eeb3ba20-bffa-4679-a789-cf319626831f.jpg.240p.jpg\"></a></p><h3>Repack Features</h3><ul><li>Based on Outbreak.Contagious.Memories-DOGE ISO release: wow-outbreak.contagious.memories.iso (7,786,897,408 bytes)</li><li>100% Lossless &amp; MD5 Perfect: all files are identical to originals after installation</li><li>NOTHING ripped, NOTHING re-encoded</li><li>Significantly smaller archive size (compressed from 7.3 to 4.3 GB)</li><li>Installation takes 2-3 minutes</li><li>After-install integrity check so you could make sure that everything installed properly</li><li>HDD space after installation: 18.1 GB</li><li>At least 2 GB of free RAM (inc. virtual) required for installing this repack</li></ul><div ><div><h2>Game Description</h2></div><div ><p><b>This Place is Dead:</b><br>Outbreak: Contagious Memories is a send-up to classic 90\u2019s horror series like Resident Evil and Silent Hill where your survival will be determined by moment-to-moment decisions, what you decide to carry, and how good you are at spotting conveniently written notes.</p><p><b>Awaking Nightmare:</b><br>After being knocked unconscious, Lydia awakens in an abandoned warehouse as fellow survivors debate leaving her behind. Not one to play the helpless maiden, Lydia takes charge, forging a path through crafty environmental puzzles and hordes of the undead to figure out a way for her and her fellow survivors to escape the city.</p><p><b>It Needs Brains:</b><br>Resources are scarce, is it worth that extra bullet to take down a zombie? Or maybe you should take a risk and try to dodge it. You will have to think on your feet and decide how best to approach every situation. A bullet saved is a bullet earned, but medical supplies are hard to come by in undead uprisings.</p><p><b>Meet A Friend For A Bite:</b><br>It\u2019s a nightmare scenario, but you don\u2019t have to go it alone, grab a friend and work together to escape the city in fully integrated co-op, and look at any scenario from the perspective that suits you with fully integrated 1st person, 3rd person, and fixed cameras. Escape the zombie outbreak your way!</p><p><b>Still Hungry For More?</b><br>With plenty of unlockable bonus content like Operation: Rabid Wolf, work with your friends or compete against them, whether it\u2019s fighting through the city to rescue survivors, or to beat the main game in record time with nothing but your fists. With plenty of additional content to unlock, one run won\u2019t be enough to see everything Outbreak: Contagious Memories has to offer.</p><p><b><h3>Game Features</h3></b></p><ul><li>Classic survival horror mechanics. Inventory and resource management, conveniently written and placed notes, backtracking and puzzles.</li><li>Full co-op integration, play through the full game solo or with a friend!</li><li>Integrated camera control, choose between 1st person, 3rd person, and classic fixed camera.</li><li>Hordes of undead, mutated beasts, and monsters with lots of extra teeth.</li><li>Unlock Operation: Rabid Wolf, an arcade bonus game where you fight through the city alone or with a friend rescuing survivors.</li><li>Plenty of unlockable bonus content and game modes.</li><li>Voice acting that\u2019s almost cheesy enough to put in a sandwich!</li></ul></div></div>             </div>"
}