{
    "link": "https://fitgirl-repacks.site/outer-wilds/",
    "title": "Outer Wilds: Archaeologist Edition \u2013 v1.1.10 + Echoes of the Eye DLC + Bonus Soundtrack",
    "first_img": "https://i2.imageban.ru/out/2021/09/29/6fbb2e14b37f1f844c6c9ca1e9f175e1.jpg",
    "second_img": "https://s01.riotpixels.net/data/81/c5/81c54ccf-a64d-4a0f-ba95-6bb922865116.jpg.240p.jpg",
    "body": "<div ><h2>Outer Wilds: Archaeologist Edition \u2013 v1.1.10 + Echoes of the Eye DLC + Bonus Soundtrack</h2><p ><div><a target=\"_blank\" href=\"https://en.riotpixels.com/games/outer-wilds/\" rel=\"noopener\"><img class=\"alignleft\" width=\"150\" src=\"https://i2.imageban.ru/out/2021/09/29/6fbb2e14b37f1f844c6c9ca1e9f175e1.jpg\"></a></div><br>Genres/Tags: <strong>Adventure, Open world, First-person, 3D</strong><br>Companies: <strong>Mobius Digital, Annapurna Interactive</strong><br>Languages: <strong>RUS/ENG/MULTI12</strong><br>Original Size: <strong>4.5 GB</strong><br>Repack Size: <strong>from 2.3 GB</strong> [Selective Download]</p>&nbsp;<div>&nbsp;</div><h3>Download Mirrors</h3><ul><li><a href=\"https://1337x.to/torrent/4999350/Outer-Wilds-Archaeologist-Edition-v1-1-10-DLC-Bonus-OST-MULTi12-FitGirl-Repack-Selective-Download-from-2-3-GB/\" target=\"_blank\" rel=\"noopener\">1337x</a> | [<a href=\"magnet:?xt=urn:btih:4D8CDC6756A204754E22199DE30368995555BF95&amp;dn=Outer+Wilds%3A+Archaeologist+Edition+%28v1.1.10+%2B+DLC+%2B+Bonus+OST%2C+MULTi12%29+%5BFitGirl+Repack%2C+Selective+Download+-+from+2.3+GB%5D&amp;tr=udp%3A%2F%2F46.148.18.250%3A2710&amp;tr=udp%3A%2F%2Fopentor.org%3A2710&amp;tr=udp%3A%2F%2Ftracker.coppersurfer.tk%3A6969%2Fannounce&amp;tr=udp%3A%2F%2Ftracker.opentrackr.org%3A1337%2Fannounce&amp;tr=http%3A%2F%2Ftracker.dler.org%3A6969%2Fannounce&amp;tr=udp%3A%2F%2Ftracker.leechers-paradise.org%3A6969%2Fannounce&amp;tr=udp%3A%2F%2F9.rarbg.me%3A2730%2Fannounce&amp;tr=udp%3A%2F%2F9.rarbg.to%3A2770%2Fannounce&amp;tr=udp%3A%2F%2Ftracker.pirateparty.gr%3A6969%2Fannounce&amp;tr=http%3A%2F%2Fretracker.local%2Fannounce&amp;tr=http%3A%2F%2Fretracker.ip.ncnet.ru%2Fannounce&amp;tr=udp%3A%2F%2Fexodus.desync.com%3A6969%2Fannounce&amp;tr=udp%3A%2F%2Fipv4.tracker.harry.lu%3A80%2Fannounce&amp;tr=udp%3A%2F%2Fopen.stealth.si%3A80%2Fannounce&amp;tr=udp%3A%2F%2Ftracker.zer0day.to%3A1337%2Fannounce&amp;tr=udp%3A%2F%2Ftracker.leechers-paradise.org%3A6969%2Fannounce&amp;tr=udp%3A%2F%2Fcoppersurfer.tk%3A6969%2Fannounce\">magnet</a>] [<a href=\"https://pastefg.hermietkreeft.site/?bf01f5d731b59fe8#5bbVvZHzDBrYvrBypW8132tw9FRK7mw4YReUPed6Z13f\" target=\"_blank\" rel=\"noopener\">.torrent file only</a>] <br><img src=\"https://torrent-stats.info/199d/759fe9f7.png\" style=\"display:block;clear:both\"></li><li><a href=\"http://rutor.info/torrent/836905/outer-wilds-archaeologist-edition-v-1.1.10-dlc-ost-2019-pc-repack-ot-fitgirl\" target=\"_blank\" rel=\"noopener\">RuTor</a> [<a href=\"magnet:?xt=urn:btih:4d8cdc6756a204754e22199de30368995555bf95&amp;dn=rutor.info_Outer+Wilds%3A+Archaeologist+Edition+%5Bv+1.1.10+%2B+DLC+%2B+OST%5D+%282019%29+PC+%7C+RePack+%D0%BE%D1%82+FitGirl&amp;tr=udp://opentor.net:6969&amp;tr=udp://opentor.org:2710&amp;tr=http://retracker.local/announce\">magnet</a>]</li><li><a href=\"https://tapochek.net/viewtopic.php?p=2803024\" target=\"_blank\" rel=\"noopener\">Tapochek.net</a></li><li><a href=\"https://pastefg.hermietkreeft.site/?26cb581e97f5dd40#2MnZiUXPZS9vt4BKtYM5ZBbykL7Uqf8hSLgvRRgHj8mH\" target=\"_blank\" rel=\"noopener\">Filehoster: MultiUpload</a> (10+ hosters, interchangeable) [Use <a href=\"http://jdownloader.org/jdownloader2\" target=\"_blank\" rel=\"noopener\">JDownloader2</a>]</li><li><a href=\"https://pastefg.hermietkreeft.site/?78a372f8c9fec8eb#CNwkwyVPRsGDyucga2ssC1EjXt6pmyxojPeGfYr6pc9u\" target=\"_blank\" rel=\"noopener\">Filehoster: PixelDrain</a></li><li><a href=\"https://pastefg.hermietkreeft.site/?e72bd7eb23f6dd45#3vPRmPbsLDLMaY3F1yUGje8SXKuG91V6ET5E2qZhFqt6\" target=\"_blank\" rel=\"noopener\">Filehoster: ZippyShare</a></li><li><a href=\"https://pastefg.hermietkreeft.site/?ae5868962ebc284a#7cAtXKsFTojVhpxt3GHhe49rQVXX3fRAyXwCzhXeJyZY\" target=\"_blank\" rel=\"noopener\">Filehoster: LetsUpload</a> [Use <a href=\"http://jdownloader.org/jdownloader2\" target=\"_blank\" rel=\"noopener\">JDownloader2</a>]</li><li><a href=\"https://pastefg.hermietkreeft.site/?779aae34b53b3bed#9cAgjmCmJUHQ8exuQdBiKetVJvt7EUtHtcaxdC9cPF5i\" target=\"_blank\" rel=\"noopener\">Filehoster: OneDrive</a> (Uploaded by DyR0 t(-_-t), NOT compatible with other mirrors)</li></ul><p><a href=\"https://cs.rin.ru/forum/viewtopic.php?f=10&amp;t=87826\" target=\"_blank\" rel=\"noopener\">Discussion and (possible) future updates on CS.RIN.RU thread</a></p><h3>Screenshots (Click to enlarge)</h3><p><a target=\"_blank\" href=\"https://en.riotpixels.com/games/outer-wilds/screenshots/10/?utm_source=emb-gfx-html&amp;utm_medium=image&amp;utm_campaign=rp-mass\" rel=\"noopener\"><img loading=\"lazy\" width=\"178\" height=\"100\" border=\"0\" src=\"https://s01.riotpixels.net/data/81/c5/81c54ccf-a64d-4a0f-ba95-6bb922865116.jpg.240p.jpg\"></a><a target=\"_blank\" href=\"https://en.riotpixels.com/games/outer-wilds/screenshots/9/?utm_source=emb-gfx-html&amp;utm_medium=image&amp;utm_campaign=rp-mass\" rel=\"noopener\"><img loading=\"lazy\" width=\"178\" height=\"100\" border=\"0\" src=\"https://s01.riotpixels.net/data/23/f1/23f17b43-5dc5-42e7-bae2-1aea0ff50fa5.jpg.240p.jpg\"></a><a target=\"_blank\" href=\"https://en.riotpixels.com/games/outer-wilds/screenshots/8/?utm_source=emb-gfx-html&amp;utm_medium=image&amp;utm_campaign=rp-mass\" rel=\"noopener\"><img loading=\"lazy\" width=\"178\" height=\"100\" border=\"0\" src=\"https://s01.riotpixels.net/data/7d/16/7d16cac9-37a5-4d0d-bb07-5311c35fad19.jpg.240p.jpg\"></a><br><a target=\"_blank\" href=\"https://en.riotpixels.com/games/outer-wilds/screenshots/7/?utm_source=emb-gfx-html&amp;utm_medium=image&amp;utm_campaign=rp-mass\" rel=\"noopener\"><img loading=\"lazy\" width=\"178\" height=\"100\" border=\"0\" src=\"https://s01.riotpixels.net/data/16/59/1659aa0e-06e4-46e9-8ec9-419b28202d94.jpg.240p.jpg\"></a><a target=\"_blank\" href=\"https://en.riotpixels.com/games/outer-wilds/screenshots/4/?utm_source=emb-gfx-html&amp;utm_medium=image&amp;utm_campaign=rp-mass\" rel=\"noopener\"><img loading=\"lazy\" width=\"178\" height=\"100\" border=\"0\" src=\"https://s01.riotpixels.net/data/ae/36/ae36a4c5-cb1c-4769-a549-001d7b32da86.png.240p.jpg\"></a><a target=\"_blank\" href=\"https://en.riotpixels.com/games/outer-wilds/screenshots/3/?utm_source=emb-gfx-html&amp;utm_medium=image&amp;utm_campaign=rp-mass\" rel=\"noopener\"><img loading=\"lazy\" width=\"178\" height=\"100\" border=\"0\" src=\"https://s01.riotpixels.net/data/2a/68/2a68394a-ed0e-4447-9c2e-b6b45746e2ff.jpg.240p.jpg\"></a></p><h3>Repack Features</h3><ul><li>Based on Outer.Wilds.Echoes.of.the.Eye-CODEX ISO release: codex-outer.wilds.echoes.of.the.eye.iso (4,751,589,376 bytes)</li><li>Bonus Soundtrack in MP3 format (123 MB) added, thanks to SuperFr0g!</li><li>Game version: v1.1.10; Echoes of the Eye DLC is included and activated</li><li>100% Lossless &amp; MD5 Perfect: all files are identical to originals after installation</li><li>NOTHING ripped, NOTHING re-encoded</li><li>Selective Download feature: you may skip downloading and installing of bonus soundtrack</li><li>Significantly smaller archive size (compressed from cumulative 4.5 to 2.3/2.4 GB)</li><li>Installation takes 3-5 minutes (depending on your system and selected components)</li><li>After-install integrity check so you could make sure that everything installed properly</li><li>HDD space after installation: up to 10.9 GB</li><li>Language can be changed in game settings</li><li>At least 2 GB of free RAM (inc. virtual) required for installing this repack</li></ul><div ><div><h2>Game Description</h2></div><div >Winner of Best Game at the 2020 BAFTA Games Awards and named Game of the Year 2019 by Giant Bomb, Polygon, Eurogamer, and The Guardian, Outer Wilds is a critically-acclaimed and award-winning open world mystery about a solar system trapped in an endless time loop.<p><b>Welcome to the Space Program!</b><br>You\u2019re the newest recruit of Outer Wilds Ventures, a fledgling space program searching for answers in a strange, constantly evolving solar system.</p><p><b>Mysteries of the Solar System\u2026</b><br>What lurks in the heart of the ominous Dark Bramble? Who built the alien ruins on the Moon? Can the endless time loop be stopped? Answers await you in the most dangerous reaches of space.</p><p><b>Echoes of the Eye</b><br>The Hearthian space program has detected an anomaly that can\u2019t be attributed to any known location in the solar system. Grab your flashlight and prepare to illuminate the darkest secrets of the Outer Wilds\u2026</p><p><b>Echoes of the Eye DLC:</b></p><p>A strange satellite photo that can\u2019t be explained. A new museum exhibit that marks the trailhead for one last journey into the wilds. Should you pull at the thread and unravel the solar system\u2019s deepest secret, or is some knowledge better left in the dark?<br></p></div></div>             </div>"
}