{
    "link": "https://fitgirl-repacks.site/paint-the-town-red/",
    "title": "Paint the Town Red \u2013 v1.0.0 r5475",
    "first_img": "https://i6.imageban.ru/out/2021/07/31/a38dcb09498954c35adec141e1fb31eb.jpg",
    "second_img": "https://s01.riotpixels.net/data/0c/d7/0cd79ac9-74dd-4ab9-b708-50d45d2aeede.jpg.240p.jpg",
    "body": "<div ><h2>Paint the Town Red \u2013 v1.0.0 r5475</h2><p ><div><a target=\"_blank\" href=\"https://en.riotpixels.com/games/paint-the-town-red/\" rel=\"noopener\"><img class=\"alignleft\" width=\"150\" src=\"https://i6.imageban.ru/out/2021/07/31/a38dcb09498954c35adec141e1fb31eb.jpg\"></a></div><br>Genres/Tags: <strong>Arcade, Beat \u2019em up (Brawler), First-person, 3D</strong><br>Company: <strong>South East Games</strong><br>Languages: <strong>RUS/ENG/MULTI27</strong><br>Original Size: <strong>2.3 GB</strong><br>Repack Size: <strong>1.5 GB</strong></p>&nbsp;<div>&nbsp;</div><h3>Download Mirrors</h3><ul><li><a href=\"https://1337x.to/torrent/4938250/Paint-the-Town-Red-v1-0-0-r5475-MULTi27-FitGirl-Repack/\" target=\"_blank\" rel=\"noopener\">1337x</a> | [<a href=\"magnet:?xt=urn:btih:9156CC999439D60E5385412CD2403D563CAEAF61&amp;dn=Paint+the+Town+Red+%28v1.0.0+r5475%2C+MULTi27%29+%5BFitGirl+Repack%5D&amp;tr=udp%3A%2F%2F46.148.18.250%3A2710&amp;tr=udp%3A%2F%2Fopentor.org%3A2710&amp;tr=udp%3A%2F%2Ftracker.coppersurfer.tk%3A6969%2Fannounce&amp;tr=udp%3A%2F%2Ftracker.opentrackr.org%3A1337%2Fannounce&amp;tr=http%3A%2F%2Ftracker.dler.org%3A6969%2Fannounce&amp;tr=udp%3A%2F%2Ftracker.leechers-paradise.org%3A6969%2Fannounce&amp;tr=udp%3A%2F%2F9.rarbg.me%3A2730%2Fannounce&amp;tr=udp%3A%2F%2F9.rarbg.to%3A2770%2Fannounce&amp;tr=udp%3A%2F%2Ftracker.pirateparty.gr%3A6969%2Fannounce&amp;tr=http%3A%2F%2Fretracker.local%2Fannounce&amp;tr=http%3A%2F%2Fretracker.ip.ncnet.ru%2Fannounce&amp;tr=udp%3A%2F%2Fexodus.desync.com%3A6969%2Fannounce&amp;tr=udp%3A%2F%2Fipv4.tracker.harry.lu%3A80%2Fannounce&amp;tr=udp%3A%2F%2Fopen.stealth.si%3A80%2Fannounce&amp;tr=udp%3A%2F%2Ftracker.zer0day.to%3A1337%2Fannounce&amp;tr=udp%3A%2F%2Ftracker.leechers-paradise.org%3A6969%2Fannounce&amp;tr=udp%3A%2F%2Fcoppersurfer.tk%3A6969%2Fannounce\">magnet</a>] [<a href=\"https://pastefg.hermietkreeft.site/?525ae5c5da7958e6#DrB7LwGBBCrhXkcNVxhitxpo3WwRowjh7YDPVgcCeyqC\" target=\"_blank\" rel=\"noopener\">.torrent file only</a>] <br><img src=\"https://torrent-stats.info/412c/1277449ec.png\" style=\"display:block;clear:both\"></li><li><a href=\"http://rutor.info/torrent/827649/paint-the-town-red-v-1.0.0-r5475-2021-pc-repack-ot-fitgirl\" target=\"_blank\" rel=\"noopener\">RuTor</a> [<a href=\"magnet:?xt=urn:btih:9156cc999439d60e5385412cd2403d563caeaf61&amp;dn=rutor.info_Paint+the+Town+Red+%5Bv+1.0.0+r5475%5D+%282021%29+PC+%7C+RePack+%D0%BE%D1%82+FitGirl&amp;tr=udp://opentor.org:2710&amp;tr=udp://opentor.org:2710&amp;tr=http://retracker.local/announce\">magnet</a>]</li><li><a href=\"https://tapochek.net/viewtopic.php?p=2791980\" target=\"_blank\" rel=\"noopener\">Tapochek.net</a></li><li><a href=\"https://pastefg.hermietkreeft.site/?2bd58c6dcd0a1441#YBZt7tKz8JGkA6n5WA3yuALF7MyCLHoo6bj9Gh5Q4Ki\" target=\"_blank\" rel=\"noopener\">Filehoster: MultiUpload</a> (10+ hosters, interchangeable) [Use <a href=\"http://jdownloader.org/jdownloader2\" target=\"_blank\" rel=\"noopener\">JDownloader2</a>]</li><li><a href=\"https://pastefg.hermietkreeft.site/?1050705373662a9f#Dsd6GZVsgGPQijoALzjJejVsZuqdJpnuu6eE7kd2H66v\" target=\"_blank\" rel=\"noopener\">Filehoster: PixelDrain</a></li><li><a href=\"https://pastefg.hermietkreeft.site/?72a03fd86050e9d5#BmAHp27wkiYGdqA1sYv5XfXLP2MuMmhfmC7WTufKxSaC\" target=\"_blank\" rel=\"noopener\">Filehoster: ZippyShare</a></li><li><a href=\"https://pastefg.hermietkreeft.site/?a43e100b142aff9d#72onSXQZ8rAKb9sHyZLRGiT8utjFyVfg2KRPd9kS63x3\" target=\"_blank\" rel=\"noopener\">Filehoster: LetsUpload</a> [Use <a href=\"http://jdownloader.org/jdownloader2\" target=\"_blank\" rel=\"noopener\">JDownloader2</a>]</li><li><a href=\"https://crackhub.site/paint-the-town-red-v1-0-0-r5475-fitgirl-repack/\" target=\"_blank\" rel=\"noopener\">Filehosters: Google Drive, OneDrive + others</a> (Uploaded by crackhub213)</li><li><a href=\"https://pastefg.hermietkreeft.site/?79d3bcc341cc9964#7cHiL9cudxrBYAeo8vvrkAJTd82DteKHidEQ8FcLBM9P\" target=\"_blank\" rel=\"noopener\">Filehoster: OneDrive</a> (Uploaded by DyR0 t(-_-t), NOT compatible with other mirrors)</li></ul><p><a href=\"https://cs.rin.ru/forum/viewtopic.php?f=10&amp;t=69806\" target=\"_blank\" rel=\"noopener\">Discussion and (possible) future updates on CS.RIN.RU thread</a></p><h3>Screenshots (Click to enlarge)</h3><p><a target=\"_blank\" href=\"https://en.riotpixels.com/games/paint-the-town-red/screenshots/24/?utm_source=emb-gfx-html&amp;utm_medium=image&amp;utm_campaign=rp-mass\" rel=\"noopener\"><img loading=\"lazy\" width=\"178\" height=\"100\" border=\"0\" src=\"https://s01.riotpixels.net/data/0c/d7/0cd79ac9-74dd-4ab9-b708-50d45d2aeede.jpg.240p.jpg\"></a><a target=\"_blank\" href=\"https://en.riotpixels.com/games/paint-the-town-red/screenshots/22/?utm_source=emb-gfx-html&amp;utm_medium=image&amp;utm_campaign=rp-mass\" rel=\"noopener\"><img loading=\"lazy\" width=\"178\" height=\"100\" border=\"0\" src=\"https://s01.riotpixels.net/data/47/ae/47ae1992-7065-48bd-b68c-19460872a813.jpg.240p.jpg\"></a><a target=\"_blank\" href=\"https://en.riotpixels.com/games/paint-the-town-red/screenshots/20/?utm_source=emb-gfx-html&amp;utm_medium=image&amp;utm_campaign=rp-mass\" rel=\"noopener\"><img loading=\"lazy\" width=\"178\" height=\"100\" border=\"0\" src=\"https://s01.riotpixels.net/data/0b/bd/0bbdf81c-d60b-4e59-a7f5-126abc30c727.jpg.240p.jpg\"></a><br><a target=\"_blank\" href=\"https://en.riotpixels.com/games/paint-the-town-red/screenshots/16/?utm_source=emb-gfx-html&amp;utm_medium=image&amp;utm_campaign=rp-mass\" rel=\"noopener\"><img loading=\"lazy\" width=\"178\" height=\"100\" border=\"0\" src=\"https://s01.riotpixels.net/data/f4/f3/f4f3caf6-c564-4856-a606-e9ae58dcf7f4.jpg.240p.jpg\"></a><a target=\"_blank\" href=\"https://en.riotpixels.com/games/paint-the-town-red/screenshots/14/?utm_source=emb-gfx-html&amp;utm_medium=image&amp;utm_campaign=rp-mass\" rel=\"noopener\"><img loading=\"lazy\" width=\"178\" height=\"100\" border=\"0\" src=\"https://s01.riotpixels.net/data/54/f5/54f5154c-c33a-49a6-b95a-96cf8988fb89.jpg.240p.jpg\"></a><a target=\"_blank\" href=\"https://en.riotpixels.com/games/paint-the-town-red/screenshots/5/?utm_source=emb-gfx-html&amp;utm_medium=image&amp;utm_campaign=rp-mass\" rel=\"noopener\"><img loading=\"lazy\" width=\"178\" height=\"100\" border=\"0\" src=\"https://s01.riotpixels.net/data/05/d2/05d2e794-fbca-4075-919c-e5692db86125.jpg.240p.jpg\"></a></p><h3>Repack Features</h3><ul><li>Based on Paint.the.Town.Red-PLAZA ISO release: plaza-paint.the.town.red.iso (2,462,318,592 bytes)</li><li>Game version is: v1.0.0 r5475</li><li>100% Lossless &amp; MD5 Perfect: all files are identical to originals after installation</li><li>NOTHING ripped, NOTHING re-encoded</li><li>Significantly smaller archive size (compressed from 2.3 to 1.5 GB)</li><li>Installation takes 2-4 minutes (depending on your system)</li><li>After-install integrity check so you could make sure that everything installed properly</li><li>HDD space after installation: 2.9 GB (6.5 GB during installation)</li><li>Language can be changed in game settings</li><li>At least 2 GB of free RAM (inc. virtual) required for installing this repack</li></ul><div ><div><h2>Game Description</h2></div><div >Paint the Town Red is a chaotic first person melee combat game set in different locations and time periods and featuring a massive Rogue-Lite adventure. The voxel-based enemies can be punched, bashed, kicked, stabbed and sliced completely dynamically using almost anything that isn\u2019t nailed down.<p>In the Scenario levels you\u2019ll need to use your wits, speed and anything you can get your hands on in epic bar fights, disco brawls, old west saloon rumbles and more.</p><p>In the epic rogue-lite Beneath you\u2019ll have to delve deep underground battling terrifying monsters and unlocking powerful upgrades in a battle against ancient evils.</p><p>Our amazing community has used the in-game Level Editor and Custom Texture and Music options to add thousands of amazing new levels to the game on the Steam workshop. Create your own massive brawls, horrific adventures, ingenious puzzle levels and more with the intuitive editor.</p><p><b><h3>Game Features</h3></b></p><ul><li>Demolish completely destructible voxel-based enemies</li><li>Dive into action-packed scenarios including a Biker Bar, Disco, Prison, Pirate Cove and Western Saloon each filled with unique enemies and weapons</li><li>Face the ultimate challenge in Beneath, a massive roguelike campaign filled with deadly creatures, secrets, and bosses. Choose from a variety of classes with unique stats and abilities and upgrade them to become unstoppable</li><li>Join the fray in the Arena mode with multiple challenges and survive as long as possible in the Endless Mode</li><li>Fight alongside friends in online co-op multiplayer for almost every mode in the game</li><li>Design new stages in the Level Editor with Steam Workshop support and hundreds of user-created levels to choose from, with support for custom music and character textures</li><li>Crush records and claim glory on leaderboards</li><li>Test features, weapons, and mechanics in a sandbox level</li><li>Stab, shoot, and eviscerate foes with a vast array of period-appropriate weaponry</li><li>Defeat boss enemies with unique challenges and rewards</li><li>Enjoy full controller support, made for brawlers who prefer controllers to keyboards</li></ul></div></div>             </div>"
}