{
    "link": "https://fitgirl-repacks.site/panzer-corps-2/",
    "title": "Panzer Corps 2: Complete Edition \u2013 v1.2.0 + 7 DLCs + Bonus Content",
    "first_img": "https://i4.imageban.ru/out/2021/07/13/35e053eac1ebd0b8ff161b2270367f2b.jpg",
    "second_img": "https://s01.riotpixels.net/data/19/36/19361fdd-31a8-4d72-9f91-d5a507332167.jpg.240p.jpg",
    "body": "<div ><h2>Panzer Corps 2: Complete Edition \u2013 v1.2.0 + 7 DLCs + Bonus Content</h2><p ><div><a target=\"_blank\" href=\"http://en.riotpixels.com/games/panzer-corps-2/\" rel=\"noopener\"><img class=\"alignleft\" width=\"150\" src=\"https://i4.imageban.ru/out/2021/07/13/35e053eac1ebd0b8ff161b2270367f2b.jpg\"></a></div><br>Genres/Tags: <strong>Strategy, Wargame, Top-down, 3D, Turn-based</strong><br>Companies: <strong>Flashback Game Studio, Slitherine</strong><br>Languages: <strong>RUS/ENG/MULTI8</strong><br>Original Size: <strong>6.6 GB</strong><br>Repack Size: <strong>2.9/3.1 GB</strong></p>&nbsp;<div>&nbsp;</div><h3>Download Mirrors</h3><ul><li><a href=\"https://1337x.to/torrent/4917360/Panzer-Corps-2-Complete-Edition-v1-2-0-7-DLCs-Bonus-Content-MULTi8-FitGirl-Repack-Selective-Download-from-2-9-GB/\" target=\"_blank\" rel=\"noopener\">1337x</a> | [<a href=\"magnet:?xt=urn:btih:2F4953160D3E265F37BFD4CF3D0E22F83D56B5BD&amp;dn=Panzer+Corps+2%3A+Complete+Edition+%28v1.2.0+%2B+7+DLCs+%2B+Bonus+Content%2C+MULTi8%29+%5BFitGirl+Repack%2C+Selective+Download+-+from+2.9+GB%5D&amp;tr=udp%3A%2F%2F46.148.18.250%3A2710&amp;tr=udp%3A%2F%2Fopentor.org%3A2710&amp;tr=udp%3A%2F%2Ftracker.coppersurfer.tk%3A6969%2Fannounce&amp;tr=udp%3A%2F%2Ftracker.opentrackr.org%3A1337%2Fannounce&amp;tr=http%3A%2F%2Ftracker.dler.org%3A6969%2Fannounce&amp;tr=udp%3A%2F%2Ftracker.leechers-paradise.org%3A6969%2Fannounce&amp;tr=udp%3A%2F%2F9.rarbg.me%3A2730%2Fannounce&amp;tr=udp%3A%2F%2F9.rarbg.to%3A2770%2Fannounce&amp;tr=udp%3A%2F%2Ftracker.pirateparty.gr%3A6969%2Fannounce&amp;tr=http%3A%2F%2Fretracker.local%2Fannounce&amp;tr=http%3A%2F%2Fretracker.ip.ncnet.ru%2Fannounce&amp;tr=udp%3A%2F%2Fexodus.desync.com%3A6969%2Fannounce&amp;tr=udp%3A%2F%2Fipv4.tracker.harry.lu%3A80%2Fannounce&amp;tr=udp%3A%2F%2Fopen.stealth.si%3A80%2Fannounce&amp;tr=udp%3A%2F%2Ftracker.zer0day.to%3A1337%2Fannounce&amp;tr=udp%3A%2F%2Ftracker.leechers-paradise.org%3A6969%2Fannounce&amp;tr=udp%3A%2F%2Fcoppersurfer.tk%3A6969%2Fannounce\">magnet</a>] [<a href=\"https://pastefg.hermietkreeft.site/?a74fe6e863f92629#B8Cnwr4AMMYhxYqCrUKjg9hCchuAChn89mwTzBUSF64c\" target=\"_blank\" rel=\"noopener\">.torrent file only</a>] <br><img src=\"https://torrent-stats.info/d4cf/3c0eb18ae.png\" style=\"display:block;clear:both\"></li><li><a href=\"http://rutor.info/torrent/824958/panzer-corps-2-complete-edition-v-1.2.0-7-dlc-bonus-2020-pc-repack-ot-fitgirl\" target=\"_blank\" rel=\"noopener\">RuTor</a> [<a href=\"magnet:?xt=urn:btih:2f4953160d3e265f37bfd4cf3d0e22f83d56b5bd&amp;dn=rutor.info_Panzer+Corps+2%3A+Complete+Edition+%5Bv+1.2.0+%2B+7+DLC+%2B+Bonus%5D+%282020%29+PC+%7C+RePack+%D0%BE%D1%82+FitGirl&amp;tr=udp://opentor.org:2710&amp;tr=udp://opentor.org:2710&amp;tr=http://retracker.local/announce\">magnet</a>]</li><li><a href=\"https://tapochek.net/viewtopic.php?p=2666876\" target=\"_blank\" rel=\"noopener\">Tapochek.net</a></li><li><a href=\"https://pastefg.hermietkreeft.site/?f685cff995ad0969#7Vbo4V7Qbe6uqXUrNyMt9muSnTfpjpwm6aZ7QUcW3nv1\" target=\"_blank\" rel=\"noopener\">Filehoster: MultiUpload</a> (10+ hosters, interchangeable) [Use <a href=\"http://jdownloader.org/jdownloader2\" target=\"_blank\" rel=\"noopener\">JDownloader2</a>]</li><li><a href=\"https://pastefg.hermietkreeft.site/?a2470066eaa3fe5d#81TT7Lr981umXhYF6gb2PPTHBL7axKQpXL3AuVuchVA9\" target=\"_blank\" rel=\"noopener\">Filehoster: PixelDrain</a></li><li><a href=\"https://pastefg.hermietkreeft.site/?d34e6a617bfd7b80#DqT4F788yAyMonJitLhTiPfFGkhk9R7s1ZxgQYbiCMSM\" target=\"_blank\" rel=\"noopener\">Filehoster: ZippyShare</a></li><li><a href=\"https://pastefg.hermietkreeft.site/?1bfd1b2090842085#AK8NFHC2LZcCHU69zsWGLHRDJuXXBdWX1EV13zdYwgKU\" target=\"_blank\" rel=\"noopener\">Filehoster: LetsUpload</a> [Use <a href=\"http://jdownloader.org/jdownloader2\" target=\"_blank\" rel=\"noopener\">JDownloader2</a>]</li><li><a href=\"https://crackhub.site/panzer-corps-2-complete-edition-v1-2-0-7-dlcs-bonus-content-fitgirl-repack/\" target=\"_blank\" rel=\"noopener\">Filehosters: Google Drive, OneDrive + others</a> (Uploaded by crackhub213)</li><li><a href=\"https://pastefg.hermietkreeft.site/?319981a1c67035be#2jCqvcvCGVMrLZiJEZMa3cHenmypdWakMfCdzDEA9YaT\" target=\"_blank\" rel=\"noopener\">Filehoster: OneDrive</a> (Uploaded by DyR0 t(-_-t), NOT compatible with other mirrors)</li></ul><p><a href=\"https://cs.rin.ru/forum/viewtopic.php?f=10&amp;t=102131\" target=\"_blank\" rel=\"noopener\">Discussion and (possible) future updates on CS.RIN.RU thread</a></p><h3>Screenshots (Click to enlarge)</h3><p><a target=\"_blank\" href=\"http://en.riotpixels.com/games/panzer-corps-2/screenshots/22/?utm_source=emb-gfx-html&amp;utm_medium=image&amp;utm_campaign=rp-mass\" rel=\"noopener\"><img loading=\"lazy\" width=\"178\" height=\"100\" border=\"0\" src=\"https://s01.riotpixels.net/data/19/36/19361fdd-31a8-4d72-9f91-d5a507332167.jpg.240p.jpg\"></a><a target=\"_blank\" href=\"http://en.riotpixels.com/games/panzer-corps-2/screenshots/19/?utm_source=emb-gfx-html&amp;utm_medium=image&amp;utm_campaign=rp-mass\" rel=\"noopener\"><img loading=\"lazy\" width=\"178\" height=\"100\" border=\"0\" src=\"https://s01.riotpixels.net/data/a2/68/a268a7f8-4bfd-4d40-bc65-4fdb1472197c.jpg.240p.jpg\"></a><a target=\"_blank\" href=\"http://en.riotpixels.com/games/panzer-corps-2/screenshots/18/?utm_source=emb-gfx-html&amp;utm_medium=image&amp;utm_campaign=rp-mass\" rel=\"noopener\"><img loading=\"lazy\" width=\"178\" height=\"100\" border=\"0\" src=\"https://s01.riotpixels.net/data/0f/e7/0fe7e6bd-e727-4881-ae84-3e04f963269a.jpg.240p.jpg\"></a><br><a target=\"_blank\" href=\"http://en.riotpixels.com/games/panzer-corps-2/screenshots/15/?utm_source=emb-gfx-html&amp;utm_medium=image&amp;utm_campaign=rp-mass\" rel=\"noopener\"><img loading=\"lazy\" width=\"178\" height=\"100\" border=\"0\" src=\"https://s01.riotpixels.net/data/b1/70/b1702c3c-9c85-4fa7-9ce2-9ac3c804f4ff.jpg.240p.jpg\"></a><a target=\"_blank\" href=\"http://en.riotpixels.com/games/panzer-corps-2/screenshots/11/?utm_source=emb-gfx-html&amp;utm_medium=image&amp;utm_campaign=rp-mass\" rel=\"noopener\"><img loading=\"lazy\" width=\"178\" height=\"100\" border=\"0\" src=\"https://s01.riotpixels.net/data/7d/b4/7db4ba54-8235-4e78-9936-b6e6608b4c17.jpg.240p.jpg\"></a><a target=\"_blank\" href=\"http://en.riotpixels.com/games/panzer-corps-2/screenshots/2/?utm_source=emb-gfx-html&amp;utm_medium=image&amp;utm_campaign=rp-mass\" rel=\"noopener\"><img loading=\"lazy\" width=\"178\" height=\"100\" border=\"0\" src=\"https://s01.riotpixels.net/data/c9/99/c9992f46-06a8-416c-9bd1-233a735b4b1a.jpg.240p.jpg\"></a></p><h3>Repack Features</h3><ul><li>Based on Panzer.Corps.2.Axis.Operations.1942-CODEX ISO release: codex-panzer.corps.2.axis.operations.1942.iso (7,073,136,640 bytes)</li><li>Game version is v1.2.0; 7 DLCs and bonus content (Campaign Tree, OST and Wallpapers) are included and activated</li><li>100% Lossless &amp; MD5 Perfect: all files are identical to originals after installation</li><li>NOTHING ripped, NOTHING re-encoded</li><li>Selective Download feature: you may skip downloading and installing of bonus content</li><li>Significantly smaller archive size (compressed from 6.6 to 2.9/3.1 GB)</li><li>Installation takes 4-8 minutes (depending on your system)</li><li>After-install integrity check so you could make sure that everything installed properly</li><li>HDD space after installation: 13.5 GB</li><li>Language can be changed in game settings</li><li>Repack uses XTool library by Razor12911</li><li>At least 2 GB of free RAM (inc. virtual) required for installing this repack</li></ul><div ><div><h2>Game Description</h2></div><div >Panzer Corps 2 is the ultimate Second World War strategy game!<p>Enjoy the time-proven gameplay formula which has been appreciated by millions of players over the years, brought to a whole new level of refinement up to the latest technical standards.</p><p>The king of wargames is back<br>Easy to play and at the same time extremely deep, its fine-tuned turn-based gameplay style means that it\u2019s the quality of your decisions, not the speed of clicking, which will determine the outcome of your battles. Don\u2019t outpace your enemies, outsmart them! In-depth gameplay mechanics model unit movement, combat, spotting, encirclements, weather, capturing enemy equipment and much more.</p><p>A massive amount of content<br>Panzer Corps 2 is all about content. You can play for every major power in the European theatre of the Second World War, and unleash over a whopping 1000 unique different units on your enemies! Every single unit in the game has been painstakingly modelled and animated. No other game covers as many authentic World War II vehicles as Panzer Corps 2!</p><p>All of World War II at your fingertips<br>Panzer Corps 2 comes with a massive branching campaign including around 60 scenarios: lead the Wehrmacht in the entirety of World War II, carrying over your battle-hardened veterans from one battle to the next. 4 additional single player scenarios are available and another 10 scenarios carefully designed for a balanced Multiplayer experience. On top of that there is an advanced random map generator for Skirmish mode, offering six distinct map types and four mission types.</p><p>The ultimate wargame online experience<br>Challenge your friends or play on coop against the AI. Panzer Corps 2 offers a wide range of Multiplayer options: hot seat, server-assisted play-by-email (Slitherine\u2019s PBEM++) mode, and a true online Multiplayer. In the latter mode it is even possible to play your turns simultaneously with your coop partner, which basically reduces waiting times to zero!</p><p>A comprehensive editor<br>Modding was always big with Panzer Corps series. For this reason, Panzer Corps 2 includes the most powerful Scenario Editor we have ever created, which is also very user friendly and easy to use. Using the Editor, you can create your own campaigns, single scenarios and multiplayer maps in no time, or you can enjoy content created by fellow players. If the prequel game is any indication, literally hundreds of user-made scenarios will be available for Panzer Corps 2 in no time, for unlimited replayability!</p><p><b>Included DLCs</b></p><ul><li>Generals Edition Upgrade</li><li>Field Marshal Edition Upgrade</li><li>Axis Operations \u2013 Spanish Civil War</li><li>Axis Operations \u2013 1939</li><li>Axis Operations \u2013 1940</li><li>Axis Operations \u2013 1941</li><li>Axis Operations \u2013 1942</li></ul></div></div><p><b>Backwards Compatibility</b></p><p>This repack is slightly backwards compatible with my previous PC2 repack. You can rehash fg-optional-bonus-content.bin to save 152 MB of traffic.</p>             </div>"
}