{
    "link": "https://fitgirl-repacks.site/patron/",
    "title": "Patron \u2013 v1.020.0 + 2 DLCs",
    "first_img": "https://i4.imageban.ru/out/2021/08/11/9c7a8c5fb62e0e78499c7bc8b8fe33b5.jpg",
    "second_img": "https://s01.riotpixels.net/data/ce/e5/cee53550-9855-4230-8238-6c0e16b614ff.jpg.240p.jpg",
    "body": "<div ><h2>Patron \u2013 v1.020.0 + 2 DLCs</h2><p ><div><a target=\"_blank\" href=\"https://en.riotpixels.com/games/patron/\" rel=\"noopener\"><img class=\"alignleft\" width=\"150\" src=\"https://i4.imageban.ru/out/2021/08/11/9c7a8c5fb62e0e78499c7bc8b8fe33b5.jpg\"></a></div><br>Genres/Tags: <strong>Managerial, Strategy, Survival, Isometric, Real-time, 3D</strong><br>Company: <strong>Overseer Games</strong><br>Languages: <strong>RUS/ENG/MULTI12</strong><br>Original Size: <strong>2.1 GB</strong><br>Repack Size: <strong>1.1 GB</strong></p>&nbsp;<div>&nbsp;</div><h3>Download Mirrors</h3><ul><li><a href=\"https://1337x.to/torrent/5001145/Patron-v1-020-0-2-DLCs-MULTi12-FitGirl-Repack/\" target=\"_blank\" rel=\"noopener\">1337x</a> | [<a href=\"magnet:?xt=urn:btih:5EE6BC273D8953351D20AACD1AEE1E2FDDD40BB9&amp;dn=Patron+%28v1.020.0+%2B+2+DLCs%2C+MULTi12%29+%5BFitGirl+Repack%5D&amp;tr=udp%3A%2F%2F46.148.18.250%3A2710&amp;tr=udp%3A%2F%2Fopentor.org%3A2710&amp;tr=udp%3A%2F%2Ftracker.coppersurfer.tk%3A6969%2Fannounce&amp;tr=udp%3A%2F%2Ftracker.opentrackr.org%3A1337%2Fannounce&amp;tr=http%3A%2F%2Ftracker.dler.org%3A6969%2Fannounce&amp;tr=udp%3A%2F%2Ftracker.leechers-paradise.org%3A6969%2Fannounce&amp;tr=udp%3A%2F%2F9.rarbg.me%3A2730%2Fannounce&amp;tr=udp%3A%2F%2F9.rarbg.to%3A2770%2Fannounce&amp;tr=udp%3A%2F%2Ftracker.pirateparty.gr%3A6969%2Fannounce&amp;tr=http%3A%2F%2Fretracker.local%2Fannounce&amp;tr=http%3A%2F%2Fretracker.ip.ncnet.ru%2Fannounce&amp;tr=udp%3A%2F%2Fexodus.desync.com%3A6969%2Fannounce&amp;tr=udp%3A%2F%2Fipv4.tracker.harry.lu%3A80%2Fannounce&amp;tr=udp%3A%2F%2Fopen.stealth.si%3A80%2Fannounce&amp;tr=udp%3A%2F%2Ftracker.zer0day.to%3A1337%2Fannounce&amp;tr=udp%3A%2F%2Ftracker.leechers-paradise.org%3A6969%2Fannounce&amp;tr=udp%3A%2F%2Fcoppersurfer.tk%3A6969%2Fannounce\">magnet</a>] [<a href=\"https://pastefg.hermietkreeft.site/?8ca45d115d15fee0#5nNZpVFayQKSAUWKHzmTZATkWdMzqBiVf3a3vKvuJV1X\" target=\"_blank\" rel=\"noopener\">.torrent file only</a>] <br><img src=\"https://torrent-stats.info/aacd/310b51207.png\" style=\"display:block;clear:both\"></li><li><a href=\"http://rutor.info/torrent/837134/patron-v-1.020.0-dlcs-2021-pc-repack-ot-fitgirl\" target=\"_blank\" rel=\"noopener\">RuTor</a> [<a href=\"magnet:?xt=urn:btih:5ee6bc273d8953351d20aacd1aee1e2fddd40bb9&amp;dn=rutor.info_Patron+%5Bv+1.020.0+%2B+DLCs%5D+%282021%29+PC+%7C+RePack+%D0%BE%D1%82+FitGirl&amp;tr=udp://opentor.net:6969&amp;tr=udp://opentor.org:2710&amp;tr=http://retracker.local/announce\">magnet</a>]</li><li><a href=\"https://tapochek.net/viewtopic.php?p=2803356\" target=\"_blank\" rel=\"noopener\">Tapochek.net</a></li><li><a href=\"d\" target=\"_blank\" rel=\"noopener\">Filehoster: MultiUpload</a> (10+ hosters, interchangeable) [Use <a href=\"http://jdownloader.org/jdownloader2\" target=\"_blank\" rel=\"noopener\">JDownloader2</a>]</li><li><a href=\"https://pastefg.hermietkreeft.site/?47163d9e91940257#4NwRaayZWLRcu9chgawjruoQmq7BvChcHSjW4nZBLLKt\" target=\"_blank\" rel=\"noopener\">Filehoster: PixelDrain</a></li><li><a href=\"https://pastefg.hermietkreeft.site/?3f1fd2b35cf5b036#CDcK4hfQ81za1L7BU25a4pTN5Fgungoz6ZxSq6L4KFzv\" target=\"_blank\" rel=\"noopener\">Filehoster: ZippyShare</a></li><li><a href=\"https://pastefg.hermietkreeft.site/?7dfd32c729ee4b0c#Gdec4eKhmMSgchWAcvqicuWewYHwmvtovo6d84HYqmRn\" target=\"_blank\" rel=\"noopener\">Filehoster: LetsUpload</a> [Use <a href=\"http://jdownloader.org/jdownloader2\" target=\"_blank\" rel=\"noopener\">JDownloader2</a>]</li><li><a href=\"https://pastefg.hermietkreeft.site/?1b25a8677403b0df#4qUTaRhKRmbTjDzX6rydVKE2EEiwweJ2Umsd6xiEAuXk\" target=\"_blank\" rel=\"noopener\">Filehoster: OneDrive</a> (Uploaded by DyR0 t(-_-t), NOT compatible with other mirrors)</li></ul><p><a href=\"https://cs.rin.ru/forum/viewtopic.php?f=10&amp;t=112685\" target=\"_blank\" rel=\"noopener\">Discussion and (possible) future updates on CS.RIN.RU thread</a></p><h3>Screenshots (Click to enlarge)</h3><p><a target=\"_blank\" href=\"https://en.riotpixels.com/games/patron/screenshots/9/?utm_source=emb-gfx-html&amp;utm_medium=image&amp;utm_campaign=rp-mass\" rel=\"noopener\"><img loading=\"lazy\" width=\"178\" height=\"100\" border=\"0\" src=\"https://s01.riotpixels.net/data/ce/e5/cee53550-9855-4230-8238-6c0e16b614ff.jpg.240p.jpg\"></a><a target=\"_blank\" href=\"https://en.riotpixels.com/games/patron/screenshots/7/?utm_source=emb-gfx-html&amp;utm_medium=image&amp;utm_campaign=rp-mass\" rel=\"noopener\"><img loading=\"lazy\" width=\"178\" height=\"100\" border=\"0\" src=\"https://s01.riotpixels.net/data/be/30/be30f898-1f73-4b99-a8aa-38097f40f97f.jpg.240p.jpg\"></a><a target=\"_blank\" href=\"https://en.riotpixels.com/games/patron/screenshots/6/?utm_source=emb-gfx-html&amp;utm_medium=image&amp;utm_campaign=rp-mass\" rel=\"noopener\"><img loading=\"lazy\" width=\"178\" height=\"100\" border=\"0\" src=\"https://s01.riotpixels.net/data/5f/c7/5fc72bed-3938-4db4-a8b0-1560cfb54dc2.jpg.240p.jpg\"></a><br><a target=\"_blank\" href=\"https://en.riotpixels.com/games/patron/screenshots/4/?utm_source=emb-gfx-html&amp;utm_medium=image&amp;utm_campaign=rp-mass\" rel=\"noopener\"><img loading=\"lazy\" width=\"178\" height=\"100\" border=\"0\" src=\"https://s01.riotpixels.net/data/72/d1/72d101ea-90b9-431d-ba03-8807ffa68a37.jpg.240p.jpg\"></a><a target=\"_blank\" href=\"https://en.riotpixels.com/games/patron/screenshots/3/?utm_source=emb-gfx-html&amp;utm_medium=image&amp;utm_campaign=rp-mass\" rel=\"noopener\"><img loading=\"lazy\" width=\"178\" height=\"100\" border=\"0\" src=\"https://s01.riotpixels.net/data/7e/47/7e4787e1-3819-4168-a755-896a048adb28.jpg.240p.jpg\"></a><a target=\"_blank\" href=\"https://en.riotpixels.com/games/patron/screenshots/2/?utm_source=emb-gfx-html&amp;utm_medium=image&amp;utm_campaign=rp-mass\" rel=\"noopener\"><img loading=\"lazy\" width=\"178\" height=\"100\" border=\"0\" src=\"https://s01.riotpixels.net/data/6f/ca/6fca734b-f7ee-4cf0-b2d4-d2bd9b3931ea.jpg.240p.jpg\"></a></p><h3>Repack Features</h3><ul><li>Based on Patron.Mare.Nostrum-CODEX ISO release: codex-patron.mare.nostrum.iso (2,095,087,616 bytes)</li><li>Missing Supporter Pack DLC (117 MB) added</li><li>Game version: v1.020.0; 2 DLCs (Supporter Pack &amp; Mare Nostrum) are included and activated</li><li>100% Lossless &amp; MD5 Perfect: all files are identical to originals after installation</li><li>NOTHING ripped, NOTHING re-encoded</li><li>Significantly smaller archive size (compressed from cumulative 2.1 to 1.1 GB)</li><li>Installation takes 1-3 minutes</li><li>After-install integrity check so you could make sure that everything installed properly</li><li>HDD space after installation: 4.1 GB</li><li>Language can be changed in game launcher settings</li><li>Windows 7 users should use separate desktop icons for launcher/config and the game itself</li><li>At least 2 GB of free RAM (inc. virtual) required for installing this repack</li></ul><div ><div><h2>Game Description</h2></div><div ><b>Patron</b> builds upon the foundations laid out by the staples of the survival city builder genre and enhances the experience with a large research tree and by introducing intricate social dynamics into the game and the genre in general. Happiness, the standard simple feature of all such games, in the case of Patron is a complete gameplay system in its own right.<p>Patron starts off similarly to other games in the genre, but then veers off exploring social intricacies and what it means to truly run a society and not just a city filled with automatons.</p><p>Each individual citizen in the town has his needs, desires and issues troubling him or making him happy. Some citizens are more concerned with immigration, while others are more aggravated by tax-related issues. If the citizen\u2019s view on the subject is in line with what the town government (YOU, the player) is doing, he\u2019ll be happy. Works the other way around as well.</p><p><b>CONSTRUCT AND UPGRADE</b><br>To make the best of the opportunities in this new land, you will need to construct residential houses, farms, production plants, manufacturing buildings and dozens of other buildings needed to harvest the riches of the land.</p><p><b>BALANCE SENSITIVE SOCIAL ISSUES</b><br>Every decision you make as Patron will be met with different reactions from different social groups. You\u2019ll need real political talent to balance sensitive matters as religion, immigration, loyalty, poverty\u2026 Whatever you choose to do can lead to unforeseen consequences years later.</p><p><b>ADAPT TO WEATHER AND SEASONS</b><br>Managing your tasks and citizens in a timely and efficient manner allows you to prepare and adapt to external variables like harsh weather or different seasons.</p><p><b>RESEARCH AND DEVELOP FOR THE FUTURE</b><br>The world is changing and you must make sure you\u2019re advancing at the proper pace. Only by constant advancing and research will your society be able to stand the test of time.</p><p><b>TRAGEDY ALWAYS LURKS</b><br>No matter what you do, unexpected tragedies can always strike your people. They will look to you for protection and help.</p><p><b>ENJOY THE GOOD SIDE OF LIFE</b><br>People also need external signs of their success. Build and arrange numerous beautification elements of your city, and make sure everyone is rewarded for their hard work.</p><p><b><h3>Game Features</h3></b></p><ul><li>A survival city builder with a unique social dynamics system</li><li>Gather and produce resources</li><li>Establish sustainable production chains</li><li>Build your fledgling village into a prosperous city as you construct and upgrade buildings</li><li>Manage your people and steer your citizens towards needed professions</li><li>Balance social issues: Class strife, Immigration, Religion, Health, Safety, Loyalty\u2026</li><li>Plan growth through an extensive Research Tree and unlock technology, policies and upgrades</li><li>Plan production and overseas trade to support your economy through difficult times</li></ul></div></div><p><b>Backwards Compatibility</b></p><p>This repack is NOT backwards compatible with my previous Patron repack.</p>             </div>"
}