{
    "link": "https://fitgirl-repacks.site/paw-patrol-the-movie-adventure-city-calls/",
    "title": "PAW Patrol The Movie: Adventure City Calls",
    "first_img": "https://i5.imageban.ru/out/2021/08/14/abc8a1f5341f3585f676c9ec9f6e7817.jpg",
    "second_img": "https://s01.riotpixels.net/data/c0/ec/c0ec832b-d01f-459c-b295-cdf3ad33fb0d.jpg.240p.jpg",
    "body": "<div ><h2>PAW Patrol The Movie: Adventure City Calls</h2><p ><div><a target=\"_blank\" href=\"https://en.riotpixels.com/games/paw-patrol-the-movie-adventure-city-calls/\" rel=\"noopener\"><img class=\"alignleft\" width=\"150\" src=\"https://i5.imageban.ru/out/2021/08/14/abc8a1f5341f3585f676c9ec9f6e7817.jpg\"></a></div><br>Genres/Tags: <strong>Arcade, Jump and run, Isometric, Side, 3D</strong><br>Companies: <strong>Drakhar Studio, Outright Games Ltd.</strong><br>Languages: <strong>RUS/ENG/MULTI16</strong><br><strong style=\"color:red\">This game REQUIRES gamepad to work</strong><br>Original Size: <strong>3.1 GB</strong><br>Repack Size: <strong>1.7 GB</strong></p>&nbsp;<div>&nbsp;</div><h3>Download Mirrors</h3><ul><li><a href=\"https://1337x.to/torrent/4951748/PAW-Patrol-The-Movie-Adventure-City-Calls-MULTi16-FitGirl-Repack/\" target=\"_blank\" rel=\"noopener\">1337x</a> | [<a href=\"magnet:?xt=urn:btih:C22F010186C7748D0AA6DECF9217A84FD07C6E9E&amp;dn=PAW+Patrol+The+Movie%3A+Adventure+City+Calls+%28MULTi16%29+%5BFitGirl+Repack%5D&amp;tr=udp%3A%2F%2F46.148.18.250%3A2710&amp;tr=udp%3A%2F%2Fopentor.org%3A2710&amp;tr=udp%3A%2F%2Ftracker.coppersurfer.tk%3A6969%2Fannounce&amp;tr=udp%3A%2F%2Ftracker.opentrackr.org%3A1337%2Fannounce&amp;tr=http%3A%2F%2Ftracker.dler.org%3A6969%2Fannounce&amp;tr=udp%3A%2F%2Ftracker.leechers-paradise.org%3A6969%2Fannounce&amp;tr=udp%3A%2F%2F9.rarbg.me%3A2730%2Fannounce&amp;tr=udp%3A%2F%2F9.rarbg.to%3A2770%2Fannounce&amp;tr=udp%3A%2F%2Ftracker.pirateparty.gr%3A6969%2Fannounce&amp;tr=http%3A%2F%2Fretracker.local%2Fannounce&amp;tr=http%3A%2F%2Fretracker.ip.ncnet.ru%2Fannounce&amp;tr=udp%3A%2F%2Fexodus.desync.com%3A6969%2Fannounce&amp;tr=udp%3A%2F%2Fipv4.tracker.harry.lu%3A80%2Fannounce&amp;tr=udp%3A%2F%2Fopen.stealth.si%3A80%2Fannounce&amp;tr=udp%3A%2F%2Ftracker.zer0day.to%3A1337%2Fannounce&amp;tr=udp%3A%2F%2Ftracker.leechers-paradise.org%3A6969%2Fannounce&amp;tr=udp%3A%2F%2Fcoppersurfer.tk%3A6969%2Fannounce\">magnet</a>] [<a href=\"https://pastefg.hermietkreeft.site/?48cb3cbcca3bcaee#AeoRUxUD4W5zwGbtjMdvW8hUmkdiP3gpgsfn9eg2ZUva\" target=\"_blank\" rel=\"noopener\">.torrent file only</a>] <br><img src=\"https://torrent-stats.info/decf/3f4d689c8.png\" style=\"display:block;clear:both\"></li><li><a href=\"http://rutor.info/torrent/829612/paw-patrol-the-movie-adventure-city-calls-2021-pc-repack-ot-fitgirl\" target=\"_blank\" rel=\"noopener\">RuTor</a> [<a href=\"magnet:?xt=urn:btih:c22f010186c7748d0aa6decf9217a84fd07c6e9e&amp;dn=rutor.info_PAW+Patrol+The+Movie%3A+Adventure+City+Calls+%282021%29+PC+%7C+RePack+%D0%BE%D1%82+FitGirl&amp;tr=udp://opentor.org:2710&amp;tr=udp://opentor.org:2710&amp;tr=http://retracker.local/announce\">magnet</a>]</li><li><a href=\"https://tapochek.net/viewtopic.php?p=2794512\" target=\"_blank\" rel=\"noopener\">Tapochek.net</a></li><li><a href=\"https://pastefg.hermietkreeft.site/?463ef9d0392a734f#7wDS8MENSfRbUsAUvFRLSWdDZ86277mjAbnNPV6hVSt\" target=\"_blank\" rel=\"noopener\">Filehoster: MultiUpload</a> (10+ hosters, interchangeable) [Use <a href=\"http://jdownloader.org/jdownloader2\" target=\"_blank\" rel=\"noopener\">JDownloader2</a>]</li><li><a href=\"https://pastefg.hermietkreeft.site/?97d847ac7331c593#FAKwjkifxEG2c8bXoJsPgsPzKrzeG8ifoE1URUG6wKsd\" target=\"_blank\" rel=\"noopener\">Filehoster: PixelDrain</a></li><li><a href=\"https://pastefg.hermietkreeft.site/?1d1304c6aa86d1a5#CUgETG5tRvRZ4PUg1fN6cjpvbq3p1xqtpeBALTqfG1SV\" target=\"_blank\" rel=\"noopener\">Filehoster: ZippyShare</a></li><li><a href=\"https://pastefg.hermietkreeft.site/?72a8f5b1ae3c02b2#3egQ1gzfAh4MdPEY6aHGsqAB62qMvdkpSgm1y59AnyEU\" target=\"_blank\" rel=\"noopener\">Filehoster: LetsUpload</a> [Use <a href=\"http://jdownloader.org/jdownloader2\" target=\"_blank\" rel=\"noopener\">JDownloader2</a>]</li><li><a href=\"https://crackhub.site/paw-patrol-the-movie-adventure-city-calls-fitgirl-repack/\" target=\"_blank\" rel=\"noopener\">Filehosters: Google Drive, OneDrive + others</a> (Uploaded by crackhub213)</li><li><a href=\"https://pastefg.hermietkreeft.site/?3156296ac2a38493#HJBVrsyzXBjAo15km1Ug2Nd5WSnS9pEu3sWm7sktA1nU\" target=\"_blank\" rel=\"noopener\">Filehoster: OneDrive</a> (Uploaded by DyR0 t(-_-t), NOT compatible with other mirrors)</li></ul><p><a href=\"https://cs.rin.ru/forum/viewtopic.php?f=10&amp;t=113922\" target=\"_blank\" rel=\"noopener\">Discussion and (possible) future updates on CS.RIN.RU thread</a></p><h3>Screenshots (Click to enlarge)</h3><p><a target=\"_blank\" href=\"https://en.riotpixels.com/games/paw-patrol-the-movie-adventure-city-calls/screenshots/10/?utm_source=emb-gfx-html&amp;utm_medium=image&amp;utm_campaign=rp-mass\" rel=\"noopener\"><img loading=\"lazy\" width=\"178\" height=\"100\" border=\"0\" src=\"https://s01.riotpixels.net/data/c0/ec/c0ec832b-d01f-459c-b295-cdf3ad33fb0d.jpg.240p.jpg\"></a><a target=\"_blank\" href=\"https://en.riotpixels.com/games/paw-patrol-the-movie-adventure-city-calls/screenshots/9/?utm_source=emb-gfx-html&amp;utm_medium=image&amp;utm_campaign=rp-mass\" rel=\"noopener\"><img loading=\"lazy\" width=\"178\" height=\"100\" border=\"0\" src=\"https://s01.riotpixels.net/data/29/0f/290f64a8-de3e-4fa7-9e5b-4ed1e53d0ae3.jpg.240p.jpg\"></a><a target=\"_blank\" href=\"https://en.riotpixels.com/games/paw-patrol-the-movie-adventure-city-calls/screenshots/8/?utm_source=emb-gfx-html&amp;utm_medium=image&amp;utm_campaign=rp-mass\" rel=\"noopener\"><img loading=\"lazy\" width=\"178\" height=\"100\" border=\"0\" src=\"https://s01.riotpixels.net/data/ac/7f/ac7f7d89-c66b-4ee9-8043-f1fbf3b844e2.jpg.240p.jpg\"></a><br><a target=\"_blank\" href=\"https://en.riotpixels.com/games/paw-patrol-the-movie-adventure-city-calls/screenshots/7/?utm_source=emb-gfx-html&amp;utm_medium=image&amp;utm_campaign=rp-mass\" rel=\"noopener\"><img loading=\"lazy\" width=\"178\" height=\"100\" border=\"0\" src=\"https://s01.riotpixels.net/data/54/c5/54c5902b-1c86-4233-9694-89a5b5f662e7.jpg.240p.jpg\"></a><a target=\"_blank\" href=\"https://en.riotpixels.com/games/paw-patrol-the-movie-adventure-city-calls/screenshots/6/?utm_source=emb-gfx-html&amp;utm_medium=image&amp;utm_campaign=rp-mass\" rel=\"noopener\"><img loading=\"lazy\" width=\"178\" height=\"100\" border=\"0\" src=\"https://s01.riotpixels.net/data/4c/f4/4cf42be9-250e-420e-b72a-a1397c028224.jpg.240p.jpg\"></a><a target=\"_blank\" href=\"https://en.riotpixels.com/games/paw-patrol-the-movie-adventure-city-calls/screenshots/5/?utm_source=emb-gfx-html&amp;utm_medium=image&amp;utm_campaign=rp-mass\" rel=\"noopener\"><img loading=\"lazy\" width=\"178\" height=\"100\" border=\"0\" src=\"https://s01.riotpixels.net/data/30/a3/30a36595-4ea4-4e0d-88f1-348543f5c6d5.jpg.240p.jpg\"></a></p><h3>Repack Features</h3><ul><li>Based on PAW.Patrol.The.Movie.Adventure.City.Calls-CODEX ISO release: codex-paw.patrol.the.movie.adventure.city.calls.iso (3,343,515,648 bytes)</li><li>100% Lossless &amp; MD5 Perfect: all files are identical to originals after installation</li><li>NOTHING ripped, NOTHING re-encoded</li><li>Significantly smaller archive size (compressed from 3.1 to 1.7 GB)</li><li>Installation takes 2-4 minutes (depending on your system)</li><li>After-install integrity check so you could make sure that everything installed properly</li><li>HDD space after installation: 4.1 GB (8.8 GB durins installation)</li><li>Language can be changed in game settings</li><li>At least 2 GB of free RAM (inc. virtual) required for installing this repack</li></ul><div ><div><h2>Game Description</h2></div><div >A big city means a bigger adventure! When Ryder and the PAW Patrol learn that Mayor Humdinger has taken over a buzzing metropolis, they must race into action to save Adventure City from his selfish scheming. The pups need YOU to join Team PAWsome! So, Adventure City here we come! <p>Be your favorite pups including Chase, Skye, Marshall, and new streetwise city girl, Liberty \u2013 and use their unique abilities in high-adrenaline rescue missions. Use next-level gadgets and vehicles to explore all-new locations from PAW Patrol: The Movie.</p><p>Have fun with minigames like Pup Pup Boogie, Runners, and more. You can play solo, or in couch co-pup mode with a friend, in this fun-for-all 3D platforming adventure.</p><p>The PAW Patrol pups were born to be heroes \u2013 are you ready to join them on their bravest mission yet?! </p><p><b><h3>Game Features</h3></b></p><ul><li><b>TO ADVENTURE CITY!:</b>  Explore all-new locations from PAW Patrol: The Movie</li><li><b>BE THE PUPS:</b> Including Chase, Marshall, Skye, and new city girl Liberty</li><li><b>MISSION PAW:</b> Save the day in amazing rescue and bonus missions</li><li><b>COLLECT THEM ALL:</b> Unlock reward badges for collecting all the pup treats</li><li><b>PLAY MINIGAMES:</b> Like Pup Pup Boogie, in solo or couch co-op mode</li></ul></div></div>             </div>"
}