{
    "link": "https://fitgirl-repacks.site/pc-building-simulator/",
    "title": "PC Building Simulator: Maxed Out Edition \u2013 v1.13 (IT Expansion) + 12 DLCs",
    "first_img": "https://i5.imageban.ru/out/2021/10/30/bd6035c724845d044fc7355aed5c66e4.jpg",
    "second_img": "https://s01.riotpixels.net/data/53/e6/53e6368c-1ca5-41a7-b849-458be008d902.jpg.240p.jpg",
    "body": "<div ><h2>PC Building Simulator: Maxed Out Edition \u2013 v1.13 (IT Expansion) + 12 DLCs</h2><p ><div><a target=\"_blank\" href=\"https://en.riotpixels.com/games/pc-building-simulator/\" rel=\"noopener\"><img class=\"alignleft\" width=\"150\" src=\"https://i5.imageban.ru/out/2021/10/30/bd6035c724845d044fc7355aed5c66e4.jpg\"></a></div><br>Genres/Tags: <strong>Simulation, First-person, 3D</strong><br>Companies: <strong>The Irregular Corporation, Claudiu Kiss</strong><br>Languages: <strong>RUS/ENG/MULTI10</strong><br>Original Size: <strong>13.6 GB</strong><br>Repack Size: <strong>4.9/5 GB</strong> [Selective Download]</p>&nbsp;<div>&nbsp;</div><h3>Download Mirrors</h3><ul><li><a href=\"https://1337x.to/torrent/5035097/PC-Building-Simulator-Maxed-Out-Edition-v1-13-IT-Expansion-12-DLCs-MULTi10-FitGirl-Repack-Selective-Download-from-4-9-GB/\" target=\"_blank\" rel=\"noopener\">1337x</a> | [<a href=\"magnet:?xt=urn:btih:9860EF982BA227B970D883F01E1579E63A3587EB&amp;dn=PC+Building+Simulator%3A+Maxed+Out+Edition+%28v1.13%2FIT+Expansion+%2B+12+DLCs%2C+MULTi10%29+%5BFitGirl+Repack%2C+Selective+Download+-+from+4.9+GB%5D&amp;tr=udp%3A%2F%2F46.148.18.250%3A2710&amp;tr=udp%3A%2F%2Fopentor.org%3A2710&amp;tr=udp%3A%2F%2Ftracker.coppersurfer.tk%3A6969%2Fannounce&amp;tr=udp%3A%2F%2Ftracker.opentrackr.org%3A1337%2Fannounce&amp;tr=http%3A%2F%2Ftracker.dler.org%3A6969%2Fannounce&amp;tr=udp%3A%2F%2Ftracker.leechers-paradise.org%3A6969%2Fannounce&amp;tr=udp%3A%2F%2F9.rarbg.me%3A2730%2Fannounce&amp;tr=udp%3A%2F%2F9.rarbg.to%3A2770%2Fannounce&amp;tr=udp%3A%2F%2Ftracker.pirateparty.gr%3A6969%2Fannounce&amp;tr=http%3A%2F%2Fretracker.local%2Fannounce&amp;tr=http%3A%2F%2Fretracker.ip.ncnet.ru%2Fannounce&amp;tr=udp%3A%2F%2Fexodus.desync.com%3A6969%2Fannounce&amp;tr=udp%3A%2F%2Fipv4.tracker.harry.lu%3A80%2Fannounce&amp;tr=udp%3A%2F%2Fopen.stealth.si%3A80%2Fannounce&amp;tr=udp%3A%2F%2Ftracker.zer0day.to%3A1337%2Fannounce&amp;tr=udp%3A%2F%2Ftracker.leechers-paradise.org%3A6969%2Fannounce&amp;tr=udp%3A%2F%2Fcoppersurfer.tk%3A6969%2Fannounce\">magnet</a>] [<a href=\"https://pastefg.hermietkreeft.site/?7b157252e845ab34#7DL7Z6nNMMgvuSUsz9jjCGEiK14aB4MeYE6cRhZYFrM1\" target=\"_blank\" rel=\"noopener\">.torrent file only</a>] <br><img src=\"https://torrent-stats.info/83f0/263981110.png\" style=\"display:block;clear:both\"></li><li><a href=\"http://rutor.info/torrent/842566/pc-building-simulator-maxed-out-edition-v-1.13-dlcs-2019-pc-repack-ot-fitgirl\" target=\"_blank\" rel=\"noopener\">RuTor</a> [<a href=\"magnet:?xt=urn:btih:9860ef982ba227b970d883f01e1579e63a3587eb&amp;dn=rutor.info_PC+Building+Simulator%3A+Maxed+Out+Edition+%5Bv+1.13+%2B+DLCs%5D+%282019%29+PC+%7C+RePack+%D0%BE%D1%82+FitGirl&amp;tr=udp://opentor.net:6969&amp;tr=udp://opentor.org:2710&amp;tr=http://retracker.local/announce\">magnet</a>]</li><li><a href=\"https://tapochek.net/viewtopic.php?p=2808831\" target=\"_blank\" rel=\"noopener\">Tapochek.net</a></li><li><a href=\"https://pastefg.hermietkreeft.site/?74194257c1549afe#967qviGLNao4Gj9gC4dGEZRzDKRMjb4LbcHqz4qfHrS3\" target=\"_blank\" rel=\"noopener\">Filehoster: MultiUpload</a> (10+ hosters, interchangeable) [Use <a href=\"http://jdownloader.org/jdownloader2\" target=\"_blank\" rel=\"noopener\">JDownloader2</a>]</li><li><a href=\"https://pastefg.hermietkreeft.site/?a7c0e39536125af0#FZuNar849VZkb6rQAf5m5hrv9e1ywYzxZcvaPg6tDMJE\" target=\"_blank\" rel=\"noopener\">Filehoster: PixelDrain</a></li><li><a href=\"https://pastefg.hermietkreeft.site/?8b2913a5d005b6b8#5AtFUT1K2uTznSRBEysytyxBthAfiPQx5DH1AiXqF2nE\" target=\"_blank\" rel=\"noopener\">Filehoster: ZippyShare</a></li><li><a href=\"https://pastefg.hermietkreeft.site/?c60bed839c723c4b#4Kgob27m7Cz1UmDAVE9fqPANBfE9kcvgoaBSmm4ELMos\" target=\"_blank\" rel=\"noopener\">Filehoster: BayFiles</a></li><li><a href=\"https://pastefg.hermietkreeft.site/?be399bda55e1ea29#H3wnh5118oYJXQWHHNGbRAt1wArwRSeKadU1QrNRAz3W\" target=\"_blank\" rel=\"noopener\">Filehoster: LetsUpload</a> [Use <a href=\"http://jdownloader.org/jdownloader2\" target=\"_blank\" rel=\"noopener\">JDownloader2</a>]</li><li><a href=\"https://pastefg.hermietkreeft.site/?54ccb3241aa7246a#8w2GVzNb7sabxtSsUcqzYGodsCTZay3Zi7fvBg1RUtL7\" target=\"_blank\" rel=\"noopener\">Filehoster: OneDrive</a> (Uploaded by DyR0 t(-_-t), NOT compatible with other mirrors)</li><p><!--  <li><a href=\"\" target=\"_blank\" rel=\"noopener\">Filehosters: Google Drive, OneDrive + others</a> (Uploaded by crackhub213)</li>  --></p></ul><p><a href=\"https://cs.rin.ru/forum/viewtopic.php?f=10&amp;t=79111\" target=\"_blank\" rel=\"noopener\">Discussion and (possible) future updates on CS.RIN.RU thread</a></p><h3>Screenshots (Click to enlarge)</h3><p><a target=\"_blank\" href=\"https://en.riotpixels.com/games/pc-building-simulator/screenshots/9/?utm_source=emb-gfx-html&amp;utm_medium=image&amp;utm_campaign=rp-mass\" rel=\"noopener\"><img loading=\"lazy\" width=\"178\" height=\"100\" border=\"0\" src=\"https://s01.riotpixels.net/data/53/e6/53e6368c-1ca5-41a7-b849-458be008d902.jpg.240p.jpg\"></a><a target=\"_blank\" href=\"https://en.riotpixels.com/games/pc-building-simulator/screenshots/7/?utm_source=emb-gfx-html&amp;utm_medium=image&amp;utm_campaign=rp-mass\" rel=\"noopener\"><img loading=\"lazy\" width=\"178\" height=\"100\" border=\"0\" src=\"https://s01.riotpixels.net/data/8f/0f/8f0f7ac1-7f47-465b-b5ee-6ab5262316c8.jpg.240p.jpg\"></a><a target=\"_blank\" href=\"https://en.riotpixels.com/games/pc-building-simulator/screenshots/6/?utm_source=emb-gfx-html&amp;utm_medium=image&amp;utm_campaign=rp-mass\" rel=\"noopener\"><img loading=\"lazy\" width=\"178\" height=\"100\" border=\"0\" src=\"https://s01.riotpixels.net/data/61/e4/61e4c26b-52b5-4408-bee0-9ec7faf6307e.jpg.240p.jpg\"></a><br><a target=\"_blank\" href=\"https://en.riotpixels.com/games/pc-building-simulator/screenshots/4/?utm_source=emb-gfx-html&amp;utm_medium=image&amp;utm_campaign=rp-mass\" rel=\"noopener\"><img loading=\"lazy\" width=\"178\" height=\"100\" border=\"0\" src=\"https://s01.riotpixels.net/data/c7/5d/c75d5016-5444-4fe7-9ebe-eafe8bb370f3.jpg.240p.jpg\"></a><a target=\"_blank\" href=\"https://en.riotpixels.com/games/pc-building-simulator/screenshots/2/?utm_source=emb-gfx-html&amp;utm_medium=image&amp;utm_campaign=rp-mass\" rel=\"noopener\"><img loading=\"lazy\" width=\"178\" height=\"100\" border=\"0\" src=\"https://s01.riotpixels.net/data/ce/9e/ce9e0930-c078-4813-a204-57b25e6a45de.jpg.240p.jpg\"></a><a target=\"_blank\" href=\"https://en.riotpixels.com/games/pc-building-simulator/screenshots/1/?utm_source=emb-gfx-html&amp;utm_medium=image&amp;utm_campaign=rp-mass\" rel=\"noopener\"><img loading=\"lazy\" width=\"178\" height=\"100\" border=\"0\" src=\"https://s01.riotpixels.net/data/91/cf/91cf282e-ec1e-4dba-a85d-1e3a800ca946.jpg.240p.jpg\"></a></p><h3>Repack Features</h3><ul><li>Based on PC.Building.Simulator.IT.Expansion-PLAZA ISO release: plaza-pc.building.simulator.it.expansion.iso (14,623,113,216 bytes)</li><li>Game version: v1.13, 12 DLCs are included and activated</li><li>100% Lossless &amp; MD5 Perfect: all files are identical to originals after installation</li><li>NOTHING ripped, NOTHING re-encoded</li><li>You can skip downloading and installing of bonus soundtrack in MP3 format</li><li>Significantly smaller archive size (compressed from 13.6 to 4.9/5 GB)</li><li>Installation takes 4-8 minutes (depending on your system)</li><li>After-install integrity check so you could make sure that everything installed properly</li><li>HDD space after installation: 33.3 GB (up to 37 GB during installation)</li><li>Language can be changed in game settings</li><li>At least 2 GB of free RAM (inc. virtual) required for installing this repack</li></ul><div ><div><h2>Game Description</h2></div><div >Build your very own PC empire, from simple diagnosis and repairs to bespoke, boutique creations that would be the envy of any enthusiast. With an ever-expanding marketplace full of real-world components you can finally stop dreaming of that ultimate PC and get out there, build it and see how it benchmarks in 3DMark!<p>PC Building Simulator has already enjoyed viral success with over 650,000+ downloads of its pre-alpha demo and has now been lovingly developed into a fully-fledged simulation to allow you to build the PC of your dreams.</p><p><b>Included DLCs</b></p><ul><li>AORUS Workshop</li><li>Deadstick Case</li><li>Esports Expansion</li><li>EVGA Workshop</li><li>Fractal Design Workshop</li><li>Good Company Case</li><li>NZXT Workshop</li><li>Overclocked Edition Content</li><li>Overclockers UK Workshop</li><li>Razer Workshop</li><li>Republic of Gamers Workshop</li><li>Soundtrack</li></ul></div></div><h3>Backwards Compatibility</h3><p>This repack IS NOT backwards compatible with my previous PCBS repack.</p>             </div>"
}