{
    "link": "https://fitgirl-repacks.site/per-aspera/",
    "title": "Per Aspera: Deluxe Edition \u2013 v1.5.0.14137 + 2 DLCs + Bonus Content",
    "first_img": "https://i3.imageban.ru/out/2021/10/27/1cee6f4a20aaf3b6cc85dd569cc5b930.jpg",
    "second_img": "https://s01.riotpixels.net/data/86/3c/863c17b4-eef5-47e1-8c68-9ea0c57e20cb.jpg.240p.jpg",
    "body": "<div ><h2>Per Aspera: Deluxe Edition \u2013 v1.5.0.14137 + 2 DLCs + Bonus Content</h2><p ><div><a target=\"_blank\" href=\"http://en.riotpixels.com/games/per-aspera/\" rel=\"noopener\"><img class=\"alignleft\" width=\"150\" src=\"https://i3.imageban.ru/out/2021/10/27/1cee6f4a20aaf3b6cc85dd569cc5b930.jpg\"></a></div><br>Genres/Tags: <strong>Managerial, Strategy, Isometric, 3D, Real-time</strong><br>Companies: <strong>Tlon Industries, Raw Fury Games</strong><br>Languages: <strong>RUS/ENG/MULTI8</strong><br>Original Size: <strong>3.3 GB</strong><br>Repack Size: <strong>from 838 MB</strong> [Selective Download]</p>&nbsp;<div>&nbsp;</div><h3>Download Mirrors</h3><ul><li><a href=\"https://1337x.to/torrent/5031996/Per-Aspera-Deluxe-Edition-v1-5-0-14137-2-DLCs-Bonus-Content-MULTi8-FitGirl-Repack-Selective-Download-from-838-MB/\" target=\"_blank\" rel=\"noopener\">1337x</a> | [<a href=\"magnet:?xt=urn:btih:739FFD9124A8A53B354103A689DE7435AEAEB080&amp;dn=Per+Aspera%3A+Deluxe+Edition+%28v1.5.0.14137+%2B+2+DLCs+%2B+Bonus+Content%2C+MULTi8%29+%5BFitGirl+Repack%2C+Selective+Download+-+from+838+MB%5D&amp;tr=udp%3A%2F%2F46.148.18.250%3A2710&amp;tr=udp%3A%2F%2Fopentor.org%3A2710&amp;tr=udp%3A%2F%2Ftracker.coppersurfer.tk%3A6969%2Fannounce&amp;tr=udp%3A%2F%2Ftracker.opentrackr.org%3A1337%2Fannounce&amp;tr=http%3A%2F%2Ftracker.dler.org%3A6969%2Fannounce&amp;tr=udp%3A%2F%2Ftracker.leechers-paradise.org%3A6969%2Fannounce&amp;tr=udp%3A%2F%2F9.rarbg.me%3A2730%2Fannounce&amp;tr=udp%3A%2F%2F9.rarbg.to%3A2770%2Fannounce&amp;tr=udp%3A%2F%2Ftracker.pirateparty.gr%3A6969%2Fannounce&amp;tr=http%3A%2F%2Fretracker.local%2Fannounce&amp;tr=http%3A%2F%2Fretracker.ip.ncnet.ru%2Fannounce&amp;tr=udp%3A%2F%2Fexodus.desync.com%3A6969%2Fannounce&amp;tr=udp%3A%2F%2Fipv4.tracker.harry.lu%3A80%2Fannounce&amp;tr=udp%3A%2F%2Fopen.stealth.si%3A80%2Fannounce&amp;tr=udp%3A%2F%2Ftracker.zer0day.to%3A1337%2Fannounce&amp;tr=udp%3A%2F%2Ftracker.leechers-paradise.org%3A6969%2Fannounce&amp;tr=udp%3A%2F%2Fcoppersurfer.tk%3A6969%2Fannounce\">magnet</a>] [<a href=\"https://pastefg.hermietkreeft.site/?5b1890a8543a9764#ALRnF6hStNbXAQtmoZACKQKNCscbfRrLHpWn1BttyWcx\" target=\"_blank\" rel=\"noopener\">.torrent file only</a>] <br><img src=\"https://torrent-stats.info/03a6/10e5e820.png\" style=\"display:block;clear:both\"></li><li><a href=\"http://rutor.info/torrent/841878/per-aspera-deluxe-edition-v-1.5.0.14137-dlcs-bonus-2020-pc-repack-ot-fitgirl\" target=\"_blank\" rel=\"noopener\">RuTor</a> [<a href=\"magnet:?xt=urn:btih:739ffd9124a8a53b354103a689de7435aeaeb080&amp;dn=rutor.info_Per+Aspera%3A+Deluxe+Edition+%5Bv+1.5.0.14137+%2B+DLCs+%2B+Bonus%5D+%282020%29+PC+%7C+RePack+%D0%BE%D1%82+FitGirl&amp;tr=udp://opentor.net:6969&amp;tr=udp://opentor.org:2710&amp;tr=http://retracker.local/announce\">magnet</a>]</li><li><a href=\"https://tapochek.net/viewtopic.php?p=2808235\" target=\"_blank\" rel=\"noopener\">Tapochek.net</a></li><li><a href=\"https://pastefg.hermietkreeft.site/?e1b89c4f0176f549#CRDY9PTfmSXkvZDNvtt8zRmq3yBtbMPemx9LusHy1me7\" target=\"_blank\" rel=\"noopener\">Filehoster: MultiUpload</a> (10+ hosters, interchangeable) [Use <a href=\"http://jdownloader.org/jdownloader2\" target=\"_blank\" rel=\"noopener\">JDownloader2</a>]</li><li><a href=\"https://pastefg.hermietkreeft.site/?c6b1062f6be6db81#6E555QwS6ELzGozQsv15dKtrqWATLie39xgwpCtAmWze\" target=\"_blank\" rel=\"noopener\">Filehoster: PixelDrain</a></li><li><a href=\"https://pastefg.hermietkreeft.site/?a894ab9f1e6044e6#3H7RgedUpxEXxWmzF2zvzGsQCARdEUUV4L1kxmxApnP3\" target=\"_blank\" rel=\"noopener\">Filehoster: ZippyShare</a></li><li><a href=\"https://pastefg.hermietkreeft.site/?c658dc36ca503193#CLkLrDDSyiXFnxNMGhrTZ6ANqMnqqWfcWadPGpTnfwqB\" target=\"_blank\" rel=\"noopener\">Filehoster: BayFiles</a></li><li><a href=\"https://pastefg.hermietkreeft.site/?7c975c8d4349348a#AE7zQg89pvUDHszzz3U9ETWCFAwX9sHnkH1WhbyNkQLj\" target=\"_blank\" rel=\"noopener\">Filehoster: LetsUpload</a> [Use <a href=\"http://jdownloader.org/jdownloader2\" target=\"_blank\" rel=\"noopener\">JDownloader2</a>]</li><li><a href=\"https://pastefg.hermietkreeft.site/?2baf4c61050ab1bb#5x2Q2io9Jg9fgcQiH7PZDhuLZSQKz24bbGbe9Be82PXK\" target=\"_blank\" rel=\"noopener\">Filehoster: OneDrive</a> (Uploaded by DyR0 t(-_-t), NOT compatible with other mirrors)</li><p><!--  <li><a href=\"\" target=\"_blank\" rel=\"noopener\">Filehosters: Google Drive, OneDrive + others</a> (Uploaded by crackhub213)</li>  --></p></ul><p><a href=\"https://cs.rin.ru/forum/viewtopic.php?f=10&amp;t=97740\" target=\"_blank\" rel=\"noopener\">Discussion and (possible) future updates on CS.RIN.RU thread</a></p><h3>Screenshots (Click to enlarge)</h3><p><a target=\"_blank\" href=\"http://en.riotpixels.com/games/per-aspera/screenshots/17/?utm_source=emb-gfx-html&amp;utm_medium=image&amp;utm_campaign=rp-mass\" rel=\"noopener\"><img loading=\"lazy\" width=\"178\" height=\"100\" border=\"0\" src=\"https://s01.riotpixels.net/data/86/3c/863c17b4-eef5-47e1-8c68-9ea0c57e20cb.jpg.240p.jpg\"></a><a target=\"_blank\" href=\"http://en.riotpixels.com/games/per-aspera/screenshots/16/?utm_source=emb-gfx-html&amp;utm_medium=image&amp;utm_campaign=rp-mass\" rel=\"noopener\"><img loading=\"lazy\" width=\"178\" height=\"100\" border=\"0\" src=\"https://s01.riotpixels.net/data/15/43/154387ee-92c2-44c4-95c0-62a7bf42de80.jpg.240p.jpg\"></a><a target=\"_blank\" href=\"http://en.riotpixels.com/games/per-aspera/screenshots/15/?utm_source=emb-gfx-html&amp;utm_medium=image&amp;utm_campaign=rp-mass\" rel=\"noopener\"><img loading=\"lazy\" width=\"178\" height=\"100\" border=\"0\" src=\"https://s01.riotpixels.net/data/ac/90/ac90718a-731a-4fa8-bc10-cbe3704ca707.jpg.240p.jpg\"></a><br><a target=\"_blank\" href=\"http://en.riotpixels.com/games/per-aspera/screenshots/14/?utm_source=emb-gfx-html&amp;utm_medium=image&amp;utm_campaign=rp-mass\" rel=\"noopener\"><img loading=\"lazy\" width=\"178\" height=\"100\" border=\"0\" src=\"https://s01.riotpixels.net/data/aa/7e/aa7e7feb-97bc-4527-97f4-ff1d11092964.jpg.240p.jpg\"></a><a target=\"_blank\" href=\"http://en.riotpixels.com/games/per-aspera/screenshots/13/?utm_source=emb-gfx-html&amp;utm_medium=image&amp;utm_campaign=rp-mass\" rel=\"noopener\"><img loading=\"lazy\" width=\"178\" height=\"100\" border=\"0\" src=\"https://s01.riotpixels.net/data/43/40/434036fd-dbb6-48e0-a572-c3df8954d839.jpg.240p.jpg\"></a><a target=\"_blank\" href=\"http://en.riotpixels.com/games/per-aspera/screenshots/5/?utm_source=emb-gfx-html&amp;utm_medium=image&amp;utm_campaign=rp-mass\" rel=\"noopener\"><img loading=\"lazy\" width=\"178\" height=\"100\" border=\"0\" src=\"https://s01.riotpixels.net/data/35/c9/35c94766-9cd9-4605-96d8-326f593286e1.jpg.240p.jpg\"></a></p><h3>Repack Features</h3><ul><li>Based on Per.Aspera.Green.Mars.PROPER-PLAZA ISO release: plaza-per.aspera.green.mars.proper.iso (3,552,182,272 bytes)</li><li>Game version: v1.5.0.14137; Buildings Paint Pack &amp; Green Mars DLCs are included and activated</li><li>100% Lossless &amp; MD5 Perfect: all files are identical to originals after installation</li><li>NOTHING ripped, Bonus soundtrack re-encoded from WAV to MP3 format (LAME, Extreme preset)</li><li>Selective Download feature: you can skip downloading and installing of bonus content (OST, Artbook, Audiodrama)</li><li>Significantly smaller archive size (compressed from 3.3 GB to 838 MB/1.4 GB)</li><li>Installation takes 2-6 minutes (depending on your system and selected components)</li><li>After-install integrity check so you could make sure that everything installed properly</li><li>HDD space after installation: up to 2.7 GB</li><li>Language can be changed in game settings</li><li>At least 2 GB of free RAM (inc. virtual) required for installing this repack</li><li>Repack uses XTool library by Razor12911</li></ul><div ><div><h2>Game Description</h2></div><div >The surface of Mars is littered with Humanity\u2019s failed attempts to colonize its surface. This time will be different \u2013 this time there is no room for human error.<p>Per Aspera is a planetary simulation game that combines hard science fiction and base building and takes the experience planet-wide. Step into the role of AMI, an Artificial Consciousness with the prime directive of terraforming Mars for human colonization.</p><p><b><h3>Game Features</h3></b></p><ul><li>Balance a complex well of resources to build interconnected structures that span the entire planet.</li><li>Customize your planet with branching research trees that allow players to tailor their terraforming plan \u2014 Develop new technologies, steeped in real-world science, to create a thriving interplanetary civilization.</li><li>Cultivate relationships with your human colonists and ensure their continued survival on Mars\u2019 unforgiving surface. How you choose to forge these relationships will impact how your mission concludes.</li><li>Uncover the mystery of a threatening presence on Mars and defend your colonies from unknown and combative forces.</li><li>Immerse yourself in a rich, compelling narrative or take your time and craft the perfect Martian landscape with Sandbox Mode.</li><li>Includes the immersive voice acting talents of Troy Baker, Phil LaMarr, Laila Berzins, Yong Yea, Lynsey Murrell, and Nneka Okoye.</li></ul></div></div><p><b>Backwards Compatibility</b></p><p>This repack IS NOT backwards compatible with my previous Per Aspera repack.</p>             </div>"
}