{
    "link": "https://fitgirl-repacks.site/pillow-bellow/",
    "title": "Pillow Bellow",
    "first_img": "https://i2.imageban.ru/out/2021/09/21/1a3aa473e6b7ea39310d3f171ee9d82f.jpg",
    "second_img": "https://s01.riotpixels.net/data/49/94/4994e633-d699-4c59-9817-55732b8e53bb.jpg.240p.jpg",
    "body": "<div ><h2>Pillow Bellow</h2><p ><div><a target=\"_blank\" href=\"https://en.riotpixels.com/games/pillow-bellow/\" rel=\"noopener\"><img class=\"alignleft\" width=\"150\" src=\"https://i2.imageban.ru/out/2021/09/21/1a3aa473e6b7ea39310d3f171ee9d82f.jpg\"></a></div><br>Genres/Tags: <strong>Arcade, Jump and run, Third-person. 3D</strong><br>Companies: <strong>Jan Kova\u010d\u00edk, VOX design</strong><br>Language: <strong>ENG</strong><br>Original Size: <strong>6.3 GB</strong><br>Repack Size: <strong>2.5 GB</strong></p>&nbsp;<div>&nbsp;</div><h3>Download Mirrors</h3><ul><li><a href=\"https://1337x.to/torrent/4990170/Pillow-Bellow-FitGirl-Repack/\" target=\"_blank\" rel=\"noopener\">1337x</a> | [<a href=\"magnet:?xt=urn:btih:3EF694CDA25B37031FD55744B34E2D2536A63250&amp;dn=Pillow+Bellow+%5BFitGirl+Repack%5D&amp;tr=udp%3A%2F%2F46.148.18.250%3A2710&amp;tr=udp%3A%2F%2Fopentor.org%3A2710&amp;tr=udp%3A%2F%2Ftracker.coppersurfer.tk%3A6969%2Fannounce&amp;tr=udp%3A%2F%2Ftracker.opentrackr.org%3A1337%2Fannounce&amp;tr=http%3A%2F%2Ftracker.dler.org%3A6969%2Fannounce&amp;tr=udp%3A%2F%2Ftracker.leechers-paradise.org%3A6969%2Fannounce&amp;tr=udp%3A%2F%2F9.rarbg.me%3A2730%2Fannounce&amp;tr=udp%3A%2F%2F9.rarbg.to%3A2770%2Fannounce&amp;tr=udp%3A%2F%2Ftracker.pirateparty.gr%3A6969%2Fannounce&amp;tr=http%3A%2F%2Fretracker.local%2Fannounce&amp;tr=http%3A%2F%2Fretracker.ip.ncnet.ru%2Fannounce&amp;tr=udp%3A%2F%2Fexodus.desync.com%3A6969%2Fannounce&amp;tr=udp%3A%2F%2Fipv4.tracker.harry.lu%3A80%2Fannounce&amp;tr=udp%3A%2F%2Fopen.stealth.si%3A80%2Fannounce&amp;tr=udp%3A%2F%2Ftracker.zer0day.to%3A1337%2Fannounce&amp;tr=udp%3A%2F%2Ftracker.leechers-paradise.org%3A6969%2Fannounce&amp;tr=udp%3A%2F%2Fcoppersurfer.tk%3A6969%2Fannounce\">magnet</a>] [<a href=\"https://pastefg.hermietkreeft.site/?1fa09675f4d83d13#2ZdYFbCgBtgHoB4vLKzmEecT7ikLGkX1XX6XoJpb1f4S\" target=\"_blank\" rel=\"noopener\">.torrent file only</a>] <br><img src=\"https://torrent-stats.info/5744/19009f5ec.png\" style=\"display:block;clear:both\"></li><li><a href=\"https://tapochek.net/viewtopic.php?p=2801328\" target=\"_blank\" rel=\"noopener\">Tapochek.net</a></li><li><a href=\"https://pastefg.hermietkreeft.site/?c5a95d01a799a76f#2jFw84q3zkH5ZGfExqweiaE73yJQB12VjoDsHV5ngf7C\" target=\"_blank\" rel=\"noopener\">Filehoster: MultiUpload</a> (10+ hosters, interchangeable) [Use <a href=\"http://jdownloader.org/jdownloader2\" target=\"_blank\" rel=\"noopener\">JDownloader2</a>]</li><li><a href=\"https://pastefg.hermietkreeft.site/?f137a0c8db52478c#BX4ncyZoAbTGtAT73dE44AZX1Pc5ndw9pAcck6PF8bxg\" target=\"_blank\" rel=\"noopener\">Filehoster: PixelDrain</a></li><li><a href=\"https://pastefg.hermietkreeft.site/?6f5510cb3ef41ea5#AxEETZgyyP22SKbLdSFBidJHpPC11buZe6PxHGjmdbGX\" target=\"_blank\" rel=\"noopener\">Filehoster: ZippyShare</a></li><li><a href=\"https://pastefg.hermietkreeft.site/?bb0dfbc79f67d278#78MG5fbEKHHk2WnWeTcaWTdQHhHB68D4d9Tzw2CZHxDK\" target=\"_blank\" rel=\"noopener\">Filehoster: LetsUpload</a> [Use <a href=\"http://jdownloader.org/jdownloader2\" target=\"_blank\" rel=\"noopener\">JDownloader2</a>]</li><li><a href=\"https://pastefg.hermietkreeft.site/?12e7dae486469f05#1oxeqVbsnZZUM7T28onn7pjNAWd8QTa2qug7eg67seS\" target=\"_blank\" rel=\"noopener\">Filehoster: OneDrive</a> (Uploaded by DyR0 t(-_-t), NOT compatible with other mirrors)</li></ul><p><a href=\"https://cs.rin.ru/forum/viewtopic.php?f=10&amp;t=116002\" target=\"_blank\" rel=\"noopener\">Discussion and (possible) future updates on CS.RIN.RU thread</a></p><h3>Screenshots (Click to enlarge)</h3><p><a target=\"_blank\" href=\"https://en.riotpixels.com/games/pillow-bellow/screenshots/12/?utm_source=emb-gfx-html&amp;utm_medium=image&amp;utm_campaign=rp-mass\" rel=\"noopener\"><img loading=\"lazy\" width=\"185\" height=\"100\" border=\"0\" src=\"https://s01.riotpixels.net/data/49/94/4994e633-d699-4c59-9817-55732b8e53bb.jpg.240p.jpg\"></a><a target=\"_blank\" href=\"https://en.riotpixels.com/games/pillow-bellow/screenshots/11/?utm_source=emb-gfx-html&amp;utm_medium=image&amp;utm_campaign=rp-mass\" rel=\"noopener\"><img loading=\"lazy\" width=\"185\" height=\"100\" border=\"0\" src=\"https://s01.riotpixels.net/data/89/af/89afbff3-409c-469e-aaa9-c4820326f4df.jpg.240p.jpg\"></a><a target=\"_blank\" href=\"https://en.riotpixels.com/games/pillow-bellow/screenshots/9/?utm_source=emb-gfx-html&amp;utm_medium=image&amp;utm_campaign=rp-mass\" rel=\"noopener\"><img loading=\"lazy\" width=\"185\" height=\"100\" border=\"0\" src=\"https://s01.riotpixels.net/data/4d/ab/4dabc5a8-3578-4d8a-a8d5-0d20db11fc43.jpg.240p.jpg\"></a><br><a target=\"_blank\" href=\"https://en.riotpixels.com/games/pillow-bellow/screenshots/8/?utm_source=emb-gfx-html&amp;utm_medium=image&amp;utm_campaign=rp-mass\" rel=\"noopener\"><img loading=\"lazy\" width=\"185\" height=\"100\" border=\"0\" src=\"https://s01.riotpixels.net/data/d0/59/d059d46c-5125-402b-ac81-15e1a2644be5.jpg.240p.jpg\"></a><a target=\"_blank\" href=\"https://en.riotpixels.com/games/pillow-bellow/screenshots/4/?utm_source=emb-gfx-html&amp;utm_medium=image&amp;utm_campaign=rp-mass\" rel=\"noopener\"><img loading=\"lazy\" width=\"185\" height=\"100\" border=\"0\" src=\"https://s01.riotpixels.net/data/24/73/2473816a-d86d-40dc-86a2-156a36e2f9dc.jpg.240p.jpg\"></a><a target=\"_blank\" href=\"https://en.riotpixels.com/games/pillow-bellow/screenshots/1/?utm_source=emb-gfx-html&amp;utm_medium=image&amp;utm_campaign=rp-mass\" rel=\"noopener\"><img loading=\"lazy\" width=\"185\" height=\"100\" border=\"0\" src=\"https://s01.riotpixels.net/data/66/94/66946a44-c696-48f4-9dfd-24ec6d5443b5.jpg.240p.jpg\"></a></p><h3>Repack Features</h3><ul><li>Based on Pillow.Bellow-DOGE ISO release: wow-pillow.bellow.iso (6,762,446,848 bytes)</li><li>100% Lossless &amp; MD5 Perfect: all files are identical to originals after installation</li><li>NOTHING ripped, NOTHING re-encoded</li><li>Significantly smaller archive size (compressed from 6.3 to 2.5 GB)</li><li>Installation takes 10-15 minutes (depending on your system)</li><li>After-install integrity check so you could make sure that everything installed properly</li><li>HDD space after installation: 11.3 GB (22.2 GB during installation)</li><li>Repack uses XTool library by Razor12911</li><li>At least 2 GB of free RAM (inc. virtual) required for installing this repack</li></ul><div ><div><h2>Game Description</h2></div><div ><b>Good night and sweet dreams \u2026. maybe?</b><p>Do you have trouble sleeping and don\u2019t know why? That\u2019s exactly what Pillow World is all about to answer.</p><p>In this game you will play the main role of a small blue pillow whose task is to go through different worlds (in the future, present and past) and help people to sleep better.</p><p>You need to collect all the feathers that are needed to pass to the next rescue.</p><p>Dont worry you will not lose them when you die but on each map are placed unique skins that you can collect since humans are so picky and dont want to sleep only on blue pillow.</p><p>Collecting these skins will lift people\u2019s spirits and help them sleep better.</p><p>But if you want to look back at your skin collection we have made a special Wardrobe in Pillow World so you can always take these skins back.</p><p>Hope our Pillow World don\u2019t scare you, its a really beautiful and colorful place.</p><p>So dont be afraid and jump into the adventure of our Pillow World which is counting on you.</p><p><b><h3>Game Features</h3></b></p><ul><li><b>One thing is nightmare for all pillows.</b> \u2013 The water\u2026. because who want to sleep on wet pillows? So be really careful and try to not fall into the water becase you will lose your new skin (if you collected it).</li><li><b>Achievements?</b> \u2013 Yes there are a few hidden achievements. It will be good to collect that for your personal collection of trophies.</li><li><b>Enemies?</b> \u2013 Yes you can meet special enemies that will try to hurt you or the human. But don\u2019t be afraid you will be able to defend yourself and kill all the bad things that will be waiting for you. And there is a lot of bad things\u2026.</li><li><b>Events?</b> \u2013 Yes in this game will be a special events some of them will be active only by some time and some of them are permanent.</li></ul></div></div>             </div>"
}