{
    "link": "https://fitgirl-repacks.site/pj-masks-heroes-of-the-night/",
    "title": "PJ Masks: Heroes of the Night",
    "first_img": "https://i6.imageban.ru/out/2021/10/31/25b20fc4fbd4c38fb07bdd6813e133e2.jpg",
    "second_img": "https://s01.riotpixels.net/data/9a/ff/9aff01eb-0126-4ab1-add1-5c203befbd14.jpg.240p.jpg",
    "body": "<div ><h2>PJ Masks: Heroes of the Night</h2><p ><div><a target=\"_blank\" href=\"https://en.riotpixels.com/games/pj-masks-heroes-of-the-night/\" rel=\"noopener\"><img class=\"alignleft\" width=\"150\" src=\"https://i6.imageban.ru/out/2021/10/31/25b20fc4fbd4c38fb07bdd6813e133e2.jpg\"></a></div><br>Genres/Tags: <strong>Arcade, Jump and run, Kids, Side, Third-person, Superheroes, 3D</strong><br>Companies: <strong>Petoons Studio</strong><br>Languages: <strong>RUS/ENG/MULTI16</strong><br>Original Size: <strong>3.8 GB</strong><br>Repack Size: <strong>2.1 GB</strong></p>&nbsp;<div>&nbsp;</div><h3>Download Mirrors</h3><ul><li><a href=\"https://1337x.to/torrent/5035894/PJ-Masks-Heroes-of-the-Night-MULTi16-FitGirl-Repack/\" target=\"_blank\" rel=\"noopener\">1337x</a> | [<a href=\"magnet:?xt=urn:btih:2DC602F6B9879F8A2510B86C0177D799C4159D80&amp;dn=PJ+Masks%3A+Heroes+of+the+Night+%28MULTi16%29+%5BFitGirl+Repack%5D&amp;tr=udp%3A%2F%2F46.148.18.250%3A2710&amp;tr=udp%3A%2F%2Fopentor.org%3A2710&amp;tr=udp%3A%2F%2Ftracker.coppersurfer.tk%3A6969%2Fannounce&amp;tr=udp%3A%2F%2Ftracker.opentrackr.org%3A1337%2Fannounce&amp;tr=http%3A%2F%2Ftracker.dler.org%3A6969%2Fannounce&amp;tr=udp%3A%2F%2Ftracker.leechers-paradise.org%3A6969%2Fannounce&amp;tr=udp%3A%2F%2F9.rarbg.me%3A2730%2Fannounce&amp;tr=udp%3A%2F%2F9.rarbg.to%3A2770%2Fannounce&amp;tr=udp%3A%2F%2Ftracker.pirateparty.gr%3A6969%2Fannounce&amp;tr=http%3A%2F%2Fretracker.local%2Fannounce&amp;tr=http%3A%2F%2Fretracker.ip.ncnet.ru%2Fannounce&amp;tr=udp%3A%2F%2Fexodus.desync.com%3A6969%2Fannounce&amp;tr=udp%3A%2F%2Fipv4.tracker.harry.lu%3A80%2Fannounce&amp;tr=udp%3A%2F%2Fopen.stealth.si%3A80%2Fannounce&amp;tr=udp%3A%2F%2Ftracker.zer0day.to%3A1337%2Fannounce&amp;tr=udp%3A%2F%2Ftracker.leechers-paradise.org%3A6969%2Fannounce&amp;tr=udp%3A%2F%2Fcoppersurfer.tk%3A6969%2Fannounce\">magnet</a>] [<a href=\"https://pastefg.hermietkreeft.site/?7f3ebc4aa7afdabd#27dfCLAhqJJ2KD5sczKwfSa49Ti36RRwA9V9yLLDAZNk\" target=\"_blank\" rel=\"noopener\">.torrent file only</a>] <br><img src=\"https://torrent-stats.info/b86c/3570fcc68.png\" style=\"display:block;clear:both\"></li><li><a href=\"http://rutor.info/torrent/842708/pj-masks-heroes-of-the-night-2021-pc-repack-ot-fitgirl\" target=\"_blank\" rel=\"noopener\">RuTor</a> [<a href=\"magnet:?xt=urn:btih:2dc602f6b9879f8a2510b86c0177d799c4159d80&amp;dn=rutor.info_PJ+Masks%3A+Heroes+of+the+Night+%282021%29+PC+%7C+RePack+%D0%BE%D1%82+FitGirl&amp;tr=udp://opentor.net:6969&amp;tr=udp://opentor.org:2710&amp;tr=http://retracker.local/announce\">magnet</a>]</li><li><a href=\"https://tapochek.net/viewtopic.php?p=2808937\" target=\"_blank\" rel=\"noopener\">Tapochek.net</a></li><li><a href=\"https://pastefg.hermietkreeft.site/?feed10017cb17a4d#9HMZbXocUv3FQ8kkiE8sVYVizYhCFPNEDQBfxGq9kQsc\" target=\"_blank\" rel=\"noopener\">Filehoster: MultiUpload</a> (10+ hosters, interchangeable) [Use <a href=\"http://jdownloader.org/jdownloader2\" target=\"_blank\" rel=\"noopener\">JDownloader2</a>]</li><li><a href=\"https://pastefg.hermietkreeft.site/?9e458cb20a2f6856#CR8hguYC93Zv2vxMLSVAkSXdWGL4L8hvDhkiWa87pmcM\" target=\"_blank\" rel=\"noopener\">Filehoster: PixelDrain</a></li><li><a href=\"https://pastefg.hermietkreeft.site/?aa772290e27a4a57#4Fwmyfe6VX1un7iYqXo3iw9JqeqQY71mXh9xAQidWax9\" target=\"_blank\" rel=\"noopener\">Filehoster: ZippyShare</a></li><li><a href=\"https://pastefg.hermietkreeft.site/?4a4c0e9c338ecdec#7vZdPHXQm6PF7Pm231kwqP3hBYHETjipcp7HjJaR4gV9\" target=\"_blank\" rel=\"noopener\">Filehoster: BayFiles</a></li><li><a href=\"https://pastefg.hermietkreeft.site/?1c92e2541c4b3965#5PFHEk2RP2y4gJxWkB5xNLJAxF6fTVSpu89v2rfp9Bmk\" target=\"_blank\" rel=\"noopener\">Filehoster: LetsUpload</a> [Use <a href=\"http://jdownloader.org/jdownloader2\" target=\"_blank\" rel=\"noopener\">JDownloader2</a>]</li><li><a href=\"https://pastefg.hermietkreeft.site/?34f3eded2d8adcc9#HepMe2J3rb9LxDWRcTRcQixpaPyHp8bqXVxvdWBGCtsf\" target=\"_blank\" rel=\"noopener\">Filehoster: OneDrive</a> (Uploaded by DyR0 t(-_-t), NOT compatible with other mirrors)</li><p><!--  <li><a href=\"\" target=\"_blank\" rel=\"noopener\">Filehosters: Google Drive, OneDrive + others</a> (Uploaded by crackhub213)</li>  --></p></ul><p><a href=\"https://cs.rin.ru/forum/viewtopic.php?f=10&amp;t=113926\" target=\"_blank\" rel=\"noopener\">Discussion and (possible) future updates on CS.RIN.RU thread</a></p><h3>Screenshots (Click to enlarge)</h3><p><a target=\"_blank\" href=\"https://en.riotpixels.com/games/pj-masks-heroes-of-the-night/screenshots/16/?utm_source=emb-gfx-html&amp;utm_medium=image&amp;utm_campaign=rp-mass\" rel=\"noopener\"><img loading=\"lazy\" width=\"178\" height=\"100\" border=\"0\" src=\"https://s01.riotpixels.net/data/9a/ff/9aff01eb-0126-4ab1-add1-5c203befbd14.jpg.240p.jpg\"></a><a target=\"_blank\" href=\"https://en.riotpixels.com/games/pj-masks-heroes-of-the-night/screenshots/15/?utm_source=emb-gfx-html&amp;utm_medium=image&amp;utm_campaign=rp-mass\" rel=\"noopener\"><img loading=\"lazy\" width=\"178\" height=\"100\" border=\"0\" src=\"https://s01.riotpixels.net/data/8f/60/8f60487a-02e3-4bb7-a350-d6e858511592.jpg.240p.jpg\"></a><a target=\"_blank\" href=\"https://en.riotpixels.com/games/pj-masks-heroes-of-the-night/screenshots/9/?utm_source=emb-gfx-html&amp;utm_medium=image&amp;utm_campaign=rp-mass\" rel=\"noopener\"><img loading=\"lazy\" width=\"178\" height=\"100\" border=\"0\" src=\"https://s01.riotpixels.net/data/da/ca/daca40ab-ba7a-4abb-af37-13cb61bd7f48.jpg.240p.jpg\"></a><br><a target=\"_blank\" href=\"https://en.riotpixels.com/games/pj-masks-heroes-of-the-night/screenshots/7/?utm_source=emb-gfx-html&amp;utm_medium=image&amp;utm_campaign=rp-mass\" rel=\"noopener\"><img loading=\"lazy\" width=\"178\" height=\"100\" border=\"0\" src=\"https://s01.riotpixels.net/data/58/4e/584e2d3b-3e7e-4bdd-a0a2-31d354ea4f0e.jpg.240p.jpg\"></a><a target=\"_blank\" href=\"https://en.riotpixels.com/games/pj-masks-heroes-of-the-night/screenshots/6/?utm_source=emb-gfx-html&amp;utm_medium=image&amp;utm_campaign=rp-mass\" rel=\"noopener\"><img loading=\"lazy\" width=\"178\" height=\"100\" border=\"0\" src=\"https://s01.riotpixels.net/data/81/9d/819d5866-b33c-45af-8a40-5c59a82df30d.jpg.240p.jpg\"></a><a target=\"_blank\" href=\"https://en.riotpixels.com/games/pj-masks-heroes-of-the-night/screenshots/5/?utm_source=emb-gfx-html&amp;utm_medium=image&amp;utm_campaign=rp-mass\" rel=\"noopener\"><img loading=\"lazy\" width=\"178\" height=\"100\" border=\"0\" src=\"https://s01.riotpixels.net/data/6f/fc/6ffce170-b033-4428-88f9-4c30f4203a38.jpg.240p.jpg\"></a></p><h3>Repack Features</h3><ul><li>Based on PJ.MASKS.HEROES.OF.THE.NIGHT-DARKSiDERS ISO release: ds-pjmasksheroesofthenight.iso (4,103,000,064 bytes)</li><li>100% Lossless &amp; MD5 Perfect: all files are identical to originals after installation</li><li>NOTHING ripped, NOTHING re-encoded</li><li>Significantly smaller archive size (compressed from 3.8 to 2.1 GB)</li><li>Installation takes 1-2 minutes (depending on your system)</li><li>After-install integrity check so you could make sure that everything installed properly</li><li>HDD space after installation: 7 GB</li><li>Language can be changed in game settings</li><li>Repack uses XTool library by Razor12911</li><li>At least 2 GB of free RAM (inc. virtual) required for installing this repack</li></ul><div ><div><h2>Game Description</h2></div><div >Who goes into the night to save the day? You do! Get your PJs on and become heroes Catboy, Owlette, and Gekko in the most exciting PJ Masks video game yet.<p>Starting out at Mission Control HQ, you\u2019ll set off on a platforming adventure for little heroes. Use your superpowers \u2013 like Catboy\u2019s speed, Owlette\u2019s super flying moves, and mighty Gekko\u2019s muscles \u2013 to stop the most popular night-time baddies. And explore eight PJ Masks locations, from the city roofs and Mystery Mountain all the way to the Moon! With help from PJ Robot, you\u2019ll discover a world of friendship, teamwork, and amazing hidden collectibles.</p><p>Bedtime is the right time to fight crime \u2013 but can you save the world from Romeo, Luna Girl, Night Ninja and more villains?</p><p><b><h3>Game Features</h3></b></p><ul><li><b>BE THE HEROES</b> \u2013 Play as Catboy, Owlette, and Gekko</li><li><b>EXPLORE THE WORLD</b> \u2013 Visit 8 familiar PJ Masks locations</li><li><b>PLAY SAFELY</b> \u2013 Use controls designed for little heroes</li><li><b>STOP THE BADDIES</b> \u2013 Save the day from Romeo, Luna Girl, Night Ninja and more</li><li><b>SEARCH FOR COLLECTIBLES</b> \u2013 Find lots of cool hidden items.</li></ul></div></div>             </div>"
}