{
    "link": "https://fitgirl-repacks.site/planetary-annihilation-titans/",
    "title": "Planetary Annihilation: TITANS",
    "first_img": "https://i1.imageban.ru/out/2021/07/13/0ad6ca17ac2fe1a67d423083d6514d8e.jpg",
    "second_img": "https://s01.riotpixels.net/data/76/e7/76e7729f-e1c1-4cac-8a73-66eaeaaa47cc.jpg.240p.jpg",
    "body": "<div ><h2>Planetary Annihilation: TITANS</h2><p ><div><a target=\"_blank\" href=\"https://en.riotpixels.com/games/planetary-annihilation-titans/\" rel=\"noopener\"><img class=\"alignleft\" width=\"150\" src=\"https://i1.imageban.ru/out/2021/07/13/0ad6ca17ac2fe1a67d423083d6514d8e.jpg\"></a></div><br>Genres/Tags: <strong>August 18, 2015; \u201cFusion Update\u201d \u2013 June 24, 2021</strong><br>Companies: <strong>Strategy, RTS, Isometric, Top-down, Real-time, 3D</strong><br>Languages: <strong>RUS/ENG/MULTI25</strong><br>Original Size: <strong>4.1 GB</strong><br>Repack Size: <strong>1.7 GB</strong></p>&nbsp;<div>&nbsp;</div><h3>Download Mirrors</h3><ul><li><a href=\"https://1337x.to/torrent/4905855/Planetary-Annihilation-TITANS-v115819-v115847-DLC-MULTi25-FitGirl-Repack/\" target=\"_blank\" rel=\"noopener\">1337x</a> | [<a href=\"magnet:?xt=urn:btih:C7DD9C6B625D07370CE411BAB10C1BC7AFB94EED&amp;dn=Planetary+Annihilation%3A+TITANS+%28v115819%2Fv115847+%2B+DLC%2C+MULTi25%29+%5BFitGirl+Repack%5D&amp;tr=udp%3A%2F%2F46.148.18.250%3A2710&amp;tr=udp%3A%2F%2Fopentor.org%3A2710&amp;tr=udp%3A%2F%2Ftracker.coppersurfer.tk%3A6969%2Fannounce&amp;tr=udp%3A%2F%2Ftracker.opentrackr.org%3A1337%2Fannounce&amp;tr=http%3A%2F%2Ftracker.dler.org%3A6969%2Fannounce&amp;tr=udp%3A%2F%2Ftracker.leechers-paradise.org%3A6969%2Fannounce&amp;tr=udp%3A%2F%2F9.rarbg.me%3A2730%2Fannounce&amp;tr=udp%3A%2F%2F9.rarbg.to%3A2770%2Fannounce&amp;tr=udp%3A%2F%2Ftracker.pirateparty.gr%3A6969%2Fannounce&amp;tr=http%3A%2F%2Fretracker.local%2Fannounce&amp;tr=http%3A%2F%2Fretracker.ip.ncnet.ru%2Fannounce&amp;tr=udp%3A%2F%2Fexodus.desync.com%3A6969%2Fannounce&amp;tr=udp%3A%2F%2Fipv4.tracker.harry.lu%3A80%2Fannounce&amp;tr=udp%3A%2F%2Fopen.stealth.si%3A80%2Fannounce&amp;tr=udp%3A%2F%2Ftracker.zer0day.to%3A1337%2Fannounce&amp;tr=udp%3A%2F%2Ftracker.leechers-paradise.org%3A6969%2Fannounce&amp;tr=udp%3A%2F%2Fcoppersurfer.tk%3A6969%2Fannounce\">magnet</a>] [<a href=\"https://pastefg.hermietkreeft.site/?22c362ea63c819ba#DVhchxz8TnSDms2weT9R9d6zzqR6Lbu5vpmsRvtz6Sjo\" target=\"_blank\" rel=\"noopener\">.torrent file only</a>] <br><img src=\"https://torrent-stats.info/11ba/4fd4947a.png\" style=\"display:block;clear:both\"></li><li><a href=\"http://rutor.info/torrent/823298/planetary-annihilation-titans-v-115819/115847-dlc-2015-pc-repack-ot-fitgirl\" target=\"_blank\" rel=\"noopener\">RuTor</a> [<a href=\"magnet:?xt=urn:btih:c7dd9c6b625d07370ce411bab10c1bc7afb94eed&amp;dn=rutor.info_Planetary+Annihilation%3A+TITANS+%5Bv+115819%2F115847+%2B+DLC%5D+%282015%29+PC+%7C+RePack+%D0%BE%D1%82+FitGirl&amp;tr=udp://opentor.org:2710&amp;tr=udp://opentor.org:2710&amp;tr=http://retracker.local/announce\">magnet</a>]</li><li><a href=\"https://tapochek.net/viewtopic.php?p=2149536\" target=\"_blank\" rel=\"noopener\">Tapochek.net</a></li><li><a href=\"https://pastefg.hermietkreeft.site/?c8f73dcf62fd7887#744j26yQyeq96e7UnJTMPjNjGCzjY8RYDijyGS5s1rzB\" target=\"_blank\" rel=\"noopener\">Filehoster: MultiUpload</a> (10+ hosters, interchangeable) [Use <a href=\"http://jdownloader.org/jdownloader2\" target=\"_blank\" rel=\"noopener\">JDownloader2</a>]</li><li><a href=\"https://pastefg.hermietkreeft.site/?aa2a61a5b1a08ccf#EJrzuFZ7dvrXbDa73X1rWs34rHWbBmtBnsFPmFAp3rDr\" target=\"_blank\" rel=\"noopener\">Filehoster: PixelDrain</a></li><li><a href=\"https://pastefg.hermietkreeft.site/?e84ed47bfb400154#2CCBPJRKWhEbpXTdFF6w8MPV1xEuyirVtBJTZufSzRsh\" target=\"_blank\" rel=\"noopener\">Filehoster: LetsUpload</a> [Use <a href=\"http://jdownloader.org/jdownloader2\" target=\"_blank\" rel=\"noopener\">JDownloader2</a>]</li><li><a href=\"https://crackhub.site/planetary-annihilation-titans-v115819-v115847-dlc-fitgirl-repack/\" target=\"_blank\" rel=\"noopener\">Filehosters: Google Drive, OneDrive + others</a> (Uploaded by crackhub213)</li><li><a href=\"https://pastefg.hermietkreeft.site/?b9b169953e033f40#8vLP8QnsmrvWcYLyWNWxniT44Er2yJmSy59RdnnCbYw6\" target=\"_blank\" rel=\"noopener\">Filehoster: OneDrive</a> (Uploaded by DyR0 t(-_-t), NOT compatible with other mirrors)</li></ul><p><a href=\"https://cs.rin.ru/forum/viewtopic.php?f=10&amp;t=63176\" target=\"_blank\" rel=\"noopener\">Discussion and (possible) future updates on CS.RIN.RU thread</a></p><h3>Screenshots (Click to enlarge)</h3><p><a target=\"_blank\" href=\"https://en.riotpixels.com/games/planetary-annihilation-titans/screenshots/28/?utm_source=emb-gfx-html&amp;utm_medium=image&amp;utm_campaign=rp-mass\" rel=\"noopener\"><img loading=\"lazy\" width=\"178\" height=\"100\" border=\"0\" src=\"https://s01.riotpixels.net/data/76/e7/76e7729f-e1c1-4cac-8a73-66eaeaaa47cc.jpg.240p.jpg\"></a><a target=\"_blank\" href=\"https://en.riotpixels.com/games/planetary-annihilation-titans/screenshots/27/?utm_source=emb-gfx-html&amp;utm_medium=image&amp;utm_campaign=rp-mass\" rel=\"noopener\"><img loading=\"lazy\" width=\"178\" height=\"100\" border=\"0\" src=\"https://s01.riotpixels.net/data/d5/da/d5dac20c-c8e6-43db-a1d9-212c5f7156d6.jpg.240p.jpg\"></a><a target=\"_blank\" href=\"https://en.riotpixels.com/games/planetary-annihilation-titans/screenshots/26/?utm_source=emb-gfx-html&amp;utm_medium=image&amp;utm_campaign=rp-mass\" rel=\"noopener\"><img loading=\"lazy\" width=\"178\" height=\"100\" border=\"0\" src=\"https://s01.riotpixels.net/data/61/f5/61f545b4-d466-451a-8f7e-cda0f7e06802.jpg.240p.jpg\"></a><br><a target=\"_blank\" href=\"https://en.riotpixels.com/games/planetary-annihilation-titans/screenshots/25/?utm_source=emb-gfx-html&amp;utm_medium=image&amp;utm_campaign=rp-mass\" rel=\"noopener\"><img loading=\"lazy\" width=\"178\" height=\"100\" border=\"0\" src=\"https://s01.riotpixels.net/data/94/d9/94d9b98d-9474-44a9-b615-374336886941.jpg.240p.jpg\"></a><a target=\"_blank\" href=\"https://en.riotpixels.com/games/planetary-annihilation-titans/screenshots/8/?utm_source=emb-gfx-html&amp;utm_medium=image&amp;utm_campaign=rp-mass\" rel=\"noopener\"><img loading=\"lazy\" width=\"178\" height=\"100\" border=\"0\" src=\"https://s01.riotpixels.net/data/07/24/0724e862-a554-4ccd-a085-8fd4eb69d046.jpg.240p.jpg\"></a><a target=\"_blank\" href=\"https://en.riotpixels.com/games/planetary-annihilation-titans/screenshots/4/?utm_source=emb-gfx-html&amp;utm_medium=image&amp;utm_campaign=rp-mass\" rel=\"noopener\"><img loading=\"lazy\" width=\"178\" height=\"100\" border=\"0\" src=\"https://s01.riotpixels.net/data/82/26/8226f30a-d4e5-4f55-8e30-842230fcb70e.jpg.240p.jpg\"></a></p><h3>Repack Features</h3><ul><li>Based on two releases: scene Planetary.Annihilation.TITANS.Fusion-CODEX ISO (codex-planetary.annihilation.titans.fusion.iso, 2,398,027,776 bytes) and non-scene Planetary.Annihilation.TITANS.b6941234-CSF by Skiminok (2,000,421,766 bytes)</li><li>By default repack installs v115819 (CODEX), compatible with future CODEX patches. But you can manually update your game to v115847 (Skiminok release) by running \u201cInstall Update.bat\u201d in game root. This will make the game not compatible with patches though</li><li>Kickstarter Gift DLC is included and activated</li><li>100% Lossless &amp; MD5 Perfect: all files are identical to originals after installation</li><li>NOTHING ripped, NOTHING re-encoded</li><li>Significantly smaller archive size (compressed from cumulative 4.1 to 1.7 GB)</li><li>Installation takes ~5 minutes (depending on your system)</li><li>After-install integrity check so you could make sure that everything installed properly</li><li>HDD space after installation: 3.8 GB</li><li>Language can be changed in game settings</li><li>At least 2 GB of free RAM (inc. virtual) required for installing this repack</li></ul><div ><div><h2>Game Description</h2></div><div >Wage war across entire solar systems with massive armies at your command. Annihilate enemy forces with world-shattering TITAN-class units, and demolish planets with massive super weapons!<p><b>TITANS</b> is the huge stand-alone expansion to the already massive-scale RTS Planetary Annihilation, which includes the base game and adds tons of new features:</p><p><b>Fusion Update:</b><br>The time of the Unicorn is over, and now, the time of Fusion begins. It represents the beginning of great change.</p><p>This arc kicks off with the introduction of the Stinger, the little bot that could. Bringing anti-air back to the Bot Factory with its twin mounted homing missile pods, it can accompany your Dox raids to bring down those pesky Icarus and Bumblebees.</p><p><b><h3>Game Features</h3></b></p><ul><li>Devastate your enemies with 5 massive Titan-class super units like the earth-shaking Atlas bot and lightning-wielding Zeus airship!</li><li>Expand your strategic arsenal with 18 new units such as versatile Hover Tanks, indomitable Orbital Battleships, and voracious Nanobot Swarms!</li><li>Elevate your game with new planets that feature multi-level terrain available in both single and multiplayer.</li><li>Get up to speed faster with a new, streamlined tutorial experience, then take your game to the next level with the new Bounty Mode option for AI skirmish and multiplayer,</li><li><b>Epic Scale</b> \u2013 Command armies with numbers in the thousands across multiple planets on land, sea, air, and even in orbit.</li><li><b>Epic Multiplayer</b> \u2013 Play with up to ten friends (or enemies) in massive free-for-all and team-based matches. Or, compete in the 1v1 ranked ladder.</li><li><b>Epic Single-Player</b> \u2013 Galactic War is a twist on traditional real-time strategy campaigns that has players battling across a dynamic galaxy filled with procedurally-generated content.</li><li><b>Smash Planets</b> \u2013 End games by destroying entire planets with giant lasers, asteroid collisions, and the new planet-splitting Ragnarok Titan!</li><li><b>Advanced Command And Control</b> \u2013 Automate your armies with intuitive controls and features, allowing you to create and manage massive armies and production lines with ease across multiple fronts on multiple planets at once!</li><li><b>Instant Replays</b> \u2013 View in-match recordings in real-time while matches are in progress. See when a battle turned by rewinding the game to any point, and use Play From Here to turn it back in your favor.</li><li><b>Local Server</b> \u2013 Host LAN games with up to 32 players using the included DRM free local server: https://planetaryannihilation.com/guides/hosting-a-local-server/</li></ul></div></div>             </div>"
}