{
    "link": "https://fitgirl-repacks.site/police-stories/",
    "title": "Police Stories: Supporter Bundle \u2013 v1.4.3 + DLC + Bonus Content",
    "first_img": "https://i7.imageban.ru/out/2021/11/02/5c21d59a61bf1bbcb3a4e7e2de4f523c.jpg",
    "second_img": "https://s01.riotpixels.net/data/06/a9/06a9ebec-2c0d-4eef-8c17-2ba320c0bfe0.jpg.240p.jpg",
    "body": "<div ><h2>Police Stories: Supporter Bundle \u2013 v1.4.3 + DLC + Bonus Content</h2><p ><div><a target=\"_blank\" href=\"https://en.riotpixels.com/games/police-stories/\" rel=\"noopener\"><img class=\"alignleft\" width=\"150\" src=\"https://i7.imageban.ru/out/2021/11/02/5c21d59a61bf1bbcb3a4e7e2de4f523c.jpg\"></a></div><br>Genres/Tags: <strong>Arcade, Shoot \u2019em up, Top-down, Retro, 2D</strong><br>Companies: <strong>Mighty Morgan, HypeTrain Digital</strong><br>Languages: <strong>RUS/ENG/MULTI11</strong><br>Original Size: <strong>1.1 GB</strong><br>Repack Size: <strong>147/292 MB</strong> [Selective Download]</p>&nbsp;<div>&nbsp;</div><h3>Download Mirrors</h3><ul><li><a href=\"https://1337x.to/torrent/5038388/Police-Stories-Supporter-Bundle-v1-4-3-DLC-Bonus-Content-MULTi11-FitGirl-Repack-Selective-Download-from-147-MB/\" target=\"_blank\" rel=\"noopener\">1337x</a> | [<a href=\"magnet:?xt=urn:btih:1A7168B2475E6DAD602526A093C8E75A5EA0A27A&amp;dn=Police+Stories%3A+Supporter+Bundle+%28v1.4.3+%2B+DLC+%2B+Bonus+Content%2C+MULTi11%29+%5BFitGirl+Repack%2C+Selective+Download+-+from+147+MB%5D&amp;tr=udp%3A%2F%2F46.148.18.250%3A2710&amp;tr=udp%3A%2F%2Fopentor.org%3A2710&amp;tr=udp%3A%2F%2Ftracker.coppersurfer.tk%3A6969%2Fannounce&amp;tr=udp%3A%2F%2Ftracker.opentrackr.org%3A1337%2Fannounce&amp;tr=http%3A%2F%2Ftracker.dler.org%3A6969%2Fannounce&amp;tr=udp%3A%2F%2Ftracker.leechers-paradise.org%3A6969%2Fannounce&amp;tr=udp%3A%2F%2F9.rarbg.me%3A2730%2Fannounce&amp;tr=udp%3A%2F%2F9.rarbg.to%3A2770%2Fannounce&amp;tr=udp%3A%2F%2Ftracker.pirateparty.gr%3A6969%2Fannounce&amp;tr=http%3A%2F%2Fretracker.local%2Fannounce&amp;tr=http%3A%2F%2Fretracker.ip.ncnet.ru%2Fannounce&amp;tr=udp%3A%2F%2Fexodus.desync.com%3A6969%2Fannounce&amp;tr=udp%3A%2F%2Fipv4.tracker.harry.lu%3A80%2Fannounce&amp;tr=udp%3A%2F%2Fopen.stealth.si%3A80%2Fannounce&amp;tr=udp%3A%2F%2Ftracker.zer0day.to%3A1337%2Fannounce&amp;tr=udp%3A%2F%2Ftracker.leechers-paradise.org%3A6969%2Fannounce&amp;tr=udp%3A%2F%2Fcoppersurfer.tk%3A6969%2Fannounce\">magnet</a>] [<a href=\"https://pastefg.hermietkreeft.site/?9db56e1c73651992#CaQYHt5Z8WE95WiMNw1VcfYekfsbCrgPb511btNHf9zL\" target=\"_blank\" rel=\"noopener\">.torrent file only</a>] <br><img src=\"https://torrent-stats.info/26a0/b331d380.png\" style=\"display:block;clear:both\"></li><li><a href=\"http://rutor.info/torrent/843253/police-stories-supporter-bundle-v-1.4.3-dlc-bonus-2019-pc-repack-ot-fitgirl\" target=\"_blank\" rel=\"noopener\">RuTor</a> [<a href=\"magnet:?xt=urn:btih:1a7168b2475e6dad602526a093c8e75a5ea0a27a&amp;dn=rutor.info_Police+Stories%3A+Supporter+Bundle+%5Bv+1.4.3+%2B+DLC+%2B+Bonus%5D+%282019%29+PC+%7C+RePack+%D0%BE%D1%82+FitGirl&amp;tr=udp://opentor.net:6969&amp;tr=udp://opentor.org:2710&amp;tr=http://retracker.local/announce\">magnet</a>]</li><li><a href=\"https://tapochek.net/viewtopic.php?p=2809368\" target=\"_blank\" rel=\"noopener\">Tapochek.net</a></li><li><a href=\"https://pastefg.hermietkreeft.site/?36017eb513a4fc8f#GMP1S1QXmD8brJuK6K6URgHYZwMFfkkZghZ9LZxhkskF\" target=\"_blank\" rel=\"noopener\">Filehoster: MultiUpload</a> (10+ hosters, interchangeable) [Use <a href=\"http://jdownloader.org/jdownloader2\" target=\"_blank\" rel=\"noopener\">JDownloader2</a>]</li><li><a href=\"https://pastefg.hermietkreeft.site/?8176ab5e95fbee59#5ucSaoamVfziYK4g98UUCqapkQ1CkfVjp4cwwg74g56C\" target=\"_blank\" rel=\"noopener\">Filehoster: PixelDrain</a></li><li><a href=\"https://pastefg.hermietkreeft.site/?0bd47d3c02b0ee87#BAvfQKDoqG7Yjt8omhH1qqwEJXumL8zfTjmgvLj9ANPU\" target=\"_blank\" rel=\"noopener\">Filehoster: ZippyShare</a></li><li><a href=\"https://pastefg.hermietkreeft.site/?961374476734aa5b#3re7vZKecXJpnw8fDUQjcm9z9WSQavoyb9XGXVfybyou\" target=\"_blank\" rel=\"noopener\">Filehoster: BayFiles</a></li><li><a href=\"https://pastefg.hermietkreeft.site/?0a5167814e562b9c#2B3FMJsyaR2pFKFctpPY47jrmvPKsBtLCTv7TkbsBaMD\" target=\"_blank\" rel=\"noopener\">Filehoster: LetsUpload</a> [Use <a href=\"http://jdownloader.org/jdownloader2\" target=\"_blank\" rel=\"noopener\">JDownloader2</a>]</li><li><a href=\"https://pastefg.hermietkreeft.site/?f537773ff7b96112#4dhprHkMFVTukSWFz1Wrqh157KnhN6AUrtxTgJSGSV36\" target=\"_blank\" rel=\"noopener\">Filehoster: OneDrive</a> (Uploaded by DyR0 t(-_-t), NOT compatible with other mirrors)</li><p><!--  <li><a href=\"\" target=\"_blank\" rel=\"noopener\">Filehosters: Google Drive, OneDrive + others</a> (Uploaded by crackhub213)</li>  --></p></ul><p><a href=\"https://cs.rin.ru/forum/viewtopic.php?f=10&amp;t=76102\" target=\"_blank\" rel=\"noopener\">Discussion and (possible) future updates on CS.RIN.RU thread</a></p><h3>Screenshots (Click to enlarge)</h3><p><a target=\"_blank\" href=\"https://en.riotpixels.com/games/police-stories/screenshots/12/?utm_source=emb-gfx-html&amp;utm_medium=image&amp;utm_campaign=rp-mass\" rel=\"noopener\"><img loading=\"lazy\" width=\"178\" height=\"100\" border=\"0\" src=\"https://s01.riotpixels.net/data/06/a9/06a9ebec-2c0d-4eef-8c17-2ba320c0bfe0.jpg.240p.jpg\"></a><a target=\"_blank\" href=\"https://en.riotpixels.com/games/police-stories/screenshots/11/?utm_source=emb-gfx-html&amp;utm_medium=image&amp;utm_campaign=rp-mass\" rel=\"noopener\"><img loading=\"lazy\" width=\"178\" height=\"100\" border=\"0\" src=\"https://s01.riotpixels.net/data/6f/c5/6fc59bb0-551c-4c3b-a814-0a4a6a9b4a5f.jpg.240p.jpg\"></a><a target=\"_blank\" href=\"https://en.riotpixels.com/games/police-stories/screenshots/10/?utm_source=emb-gfx-html&amp;utm_medium=image&amp;utm_campaign=rp-mass\" rel=\"noopener\"><img loading=\"lazy\" width=\"178\" height=\"100\" border=\"0\" src=\"https://s01.riotpixels.net/data/46/e6/46e679f5-454a-44f7-8829-073f1f943598.jpg.240p.jpg\"></a><br><a target=\"_blank\" href=\"https://en.riotpixels.com/games/police-stories/screenshots/9/?utm_source=emb-gfx-html&amp;utm_medium=image&amp;utm_campaign=rp-mass\" rel=\"noopener\"><img loading=\"lazy\" width=\"178\" height=\"100\" border=\"0\" src=\"https://s01.riotpixels.net/data/e3/e3/e3e32abc-6ac6-4ad1-97e7-4a5cb2ea0505.jpg.240p.jpg\"></a><a target=\"_blank\" href=\"https://en.riotpixels.com/games/police-stories/screenshots/6/?utm_source=emb-gfx-html&amp;utm_medium=image&amp;utm_campaign=rp-mass\" rel=\"noopener\"><img loading=\"lazy\" width=\"178\" height=\"100\" border=\"0\" src=\"https://s01.riotpixels.net/data/9f/c4/9fc46568-b62e-43aa-a57d-2b07c4fb5ffa.jpg.240p.jpg\"></a><a target=\"_blank\" href=\"https://en.riotpixels.com/games/police-stories/screenshots/2/?utm_source=emb-gfx-html&amp;utm_medium=image&amp;utm_campaign=rp-mass\" rel=\"noopener\"><img loading=\"lazy\" width=\"178\" height=\"100\" border=\"0\" src=\"https://s01.riotpixels.net/data/64/3e/643ecf2c-051c-433b-8a03-bbaba23695d3.jpg.240p.jpg\"></a></p><h3>Repack Features</h3><ul><li>Based on Police.Stories.v1.4.3-DARKSiDERS ISO release: ds-policestoriesv143.iso (1,192,638,464 bytes)</li><li>Game version: v1.4.3; Supporter Pack DLC is included and activated</li><li>100% Lossless &amp; MD5 Perfect: all files (but OST) are identical to originals after installation</li><li>NOTHING ripped, bonus OST in WAV format recoded to MP3 (LAME Extreme preset)</li><li>Selective Download feature: you may skip downloading and installing of bonus content (OST + ArtBook)</li><li>Significantly smaller archive size (compressed from 1.1 GB to 147/292 MB)</li><li>Installation takes 1-2 minutes (depending on your system)</li><li>After-install integrity check so you could make sure that everything installed properly</li><li>HDD space after installation: up to 620 MB (2.8 GB during installation)</li><li>Language can be changed in game settings</li><li>At least 2 GB of free RAM (inc. virtual) required for installing this repack</li></ul><div ><div><h2>Game Description</h2></div><div >Inspired by SWAT 4 and gritty police TV shows, Police Stories is a fresh take on top-down shooters with an emphasis on tactics that forces you to make split second decisions. Neutralize criminals, rescue civilians and defuse bombs in Single Player mode or Online Co-op. And remember \u2013 shooting first is not an option!<p>Unforgiving and tense, each mission tells a story of two police operatives \u2013 John Rimes and Rick Jones, filled with infiltrating gang hideouts, rescuing hostages, making arrests and other life-threatening situations.</p><p><b><h3>Game Features</h3></b></p><ul><li>The Surrender System allows you to apprehend the suspects without resorting to violence. Fire a warning shot near them or engage them in melee combat \u2013 those are just some of the ways you can make them submit.</li><li>Issue commands to your fellow cop Rick Jones. Make sure to use him wisely \u2013 and who knows, he might save your life in return.</li><li>Randomly placed criminals, hostages and evidence make every level run unique. The placement changes every time you restart, leading to new interesting situations and opportunities.</li><li>As a law enforcement officer, you will have access to end-of-the-line police equipment, such as under-the-door cameras, door blast charges and many others.</li><li>Various types of lawbreakers, from small petty criminals to well organised gangs and terrorists. Each type has not only unique weapons, but different behaviour and shooting skill.</li><li>Complex Tactical Gameplay: Try not to get spotted, don\u2019t waste bullets, regularly check your surroundings and make sure to take criminals down quietly.</li><li>All your actions are scored in real time. Playing aggressively won\u2019t get you a high enough result to start the next mission \u2013 so keep that in mind!</li><li>Co-op. Complete mission together for better scores and more fun!</li></ul></div></div>             </div>"
}