{
    "link": "https://fitgirl-repacks.site/portal-dungeon-goblin-escape/",
    "title": "Portal Dungeon: Goblin Escape \u2013 v1.1",
    "first_img": "https://i6.imageban.ru/out/2021/11/04/996636a3f19a17cca4d0bb8fdb0b8bba.jpg",
    "second_img": "https://s01.riotpixels.net/data/69/77/6977a53e-0f32-40d5-89c8-458a49f04129.jpg.240p.jpg",
    "body": "<div ><h2>Portal Dungeon: Goblin Escape \u2013 v1.1</h2><p ><div><a target=\"_blank\" href=\"https://en.riotpixels.com/games/portal-dungeon-goblin-escape/\" rel=\"noopener\"><img class=\"alignleft\" width=\"150\" src=\"https://i6.imageban.ru/out/2021/11/04/996636a3f19a17cca4d0bb8fdb0b8bba.jpg\"></a></div><br>Genres/Tags: <strong>Action, Third-person, 3D</strong><br>Companies: <strong>DillyFrame</strong><br>Languages: <strong>RUS/ENG/MULTI7</strong><br>Original Size: <strong>1.6 GB</strong><br>Repack Size: <strong>913 MB</strong></p>&nbsp;<div>&nbsp;</div><h3>Download Mirrors</h3><ul><li><a href=\"https://1337x.to/torrent/5040450/Portal-Dungeon-Goblin-Escape-v1-1-MULTi7-FitGirl-Repack/\" target=\"_blank\" rel=\"noopener\">1337x</a> | [<a href=\"magnet:?xt=urn:btih:85F3783E255E61D1E8AD5DE888635CBD329C56D5&amp;dn=Portal+Dungeon%3A+Goblin+Escape+%28v1.1%2C+MULTi7%29+%5BFitGirl+Repack%5D&amp;tr=udp%3A%2F%2F46.148.18.250%3A2710&amp;tr=udp%3A%2F%2Fopentor.org%3A2710&amp;tr=udp%3A%2F%2Ftracker.coppersurfer.tk%3A6969%2Fannounce&amp;tr=udp%3A%2F%2Ftracker.opentrackr.org%3A1337%2Fannounce&amp;tr=http%3A%2F%2Ftracker.dler.org%3A6969%2Fannounce&amp;tr=udp%3A%2F%2Ftracker.leechers-paradise.org%3A6969%2Fannounce&amp;tr=udp%3A%2F%2F9.rarbg.me%3A2730%2Fannounce&amp;tr=udp%3A%2F%2F9.rarbg.to%3A2770%2Fannounce&amp;tr=udp%3A%2F%2Ftracker.pirateparty.gr%3A6969%2Fannounce&amp;tr=http%3A%2F%2Fretracker.local%2Fannounce&amp;tr=http%3A%2F%2Fretracker.ip.ncnet.ru%2Fannounce&amp;tr=udp%3A%2F%2Fexodus.desync.com%3A6969%2Fannounce&amp;tr=udp%3A%2F%2Fipv4.tracker.harry.lu%3A80%2Fannounce&amp;tr=udp%3A%2F%2Fopen.stealth.si%3A80%2Fannounce&amp;tr=udp%3A%2F%2Ftracker.zer0day.to%3A1337%2Fannounce&amp;tr=udp%3A%2F%2Ftracker.leechers-paradise.org%3A6969%2Fannounce&amp;tr=udp%3A%2F%2Fcoppersurfer.tk%3A6969%2Fannounce\">magnet</a>] [<a href=\"https://pastefg.hermietkreeft.site/?2a0e4cfb03c69ff0#6GWNYcbFamDZU8vUGarB9KvQNCuj1ukha1hNxBBgvFHi\" target=\"_blank\" rel=\"noopener\">.torrent file only</a>] <br><img src=\"https://torrent-stats.info/5de8/1b3ecf0b8.png\" style=\"display:block;clear:both\"></li><li><a href=\"http://rutor.info/torrent/843698/portal-dungeon-goblin-escape-v-1.1-2021-pc-repack-ot-fitgirl\" target=\"_blank\" rel=\"noopener\">RuTor</a> [<a href=\"magnet:?xt=urn:btih:85f3783e255e61d1e8ad5de888635cbd329c56d5&amp;dn=rutor.info_Portal+Dungeon%3A+Goblin+Escape+%5Bv+1.1%5D+%282021%29+PC+%7C+RePack+%D0%BE%D1%82+FitGirl&amp;tr=udp://opentor.net:6969&amp;tr=udp://opentor.org:2710&amp;tr=http://retracker.local/announce\">magnet</a>]</li><li><a href=\"https://tapochek.net/viewtopic.php?p=2809711\" target=\"_blank\" rel=\"noopener\">Tapochek.net</a></li><li><a href=\"https://pastefg.hermietkreeft.site/?715af8fb8348f3f7#BNhsmnSuoMs8Aa1r2FD6nFVpzx4S3Le4HPR8akECZiMB\" target=\"_blank\" rel=\"noopener\">Filehoster: MultiUpload</a> (10+ hosters, interchangeable) [Use <a href=\"http://jdownloader.org/jdownloader2\" target=\"_blank\" rel=\"noopener\">JDownloader2</a>]</li><li><a href=\"https://pastefg.hermietkreeft.site/?32544b12c9f193e0#osMztW6qUWhB1WkE4KLE2bGHgHJ6qe6HLM7rP4ERVxq\" target=\"_blank\" rel=\"noopener\">Filehoster: PixelDrain</a></li><li><a href=\"https://pastefg.hermietkreeft.site/?178b4317c5933206#38U5oHUdiU5hsSQxYsSPbHGcv1Adq41zrDJEH1aJ6hU4\" target=\"_blank\" rel=\"noopener\">Filehoster: ZippyShare</a></li><li><a href=\"https://pastefg.hermietkreeft.site/?3e427411e01cd796#5dRyJeGMwQWzC68mttrZe6dDVdDz3wwTF64cbi8McKbB\" target=\"_blank\" rel=\"noopener\">Filehoster: BayFiles</a></li><li><a href=\"https://pastefg.hermietkreeft.site/?9abb236048f2db68#96tnHpLwz21oeQe64qkaqQ171EkCm18hC3Pfw9UVwM8z\" target=\"_blank\" rel=\"noopener\">Filehoster: LetsUpload</a> [Use <a href=\"http://jdownloader.org/jdownloader2\" target=\"_blank\" rel=\"noopener\">JDownloader2</a>]</li><li><a href=\"https://pastefg.hermietkreeft.site/?ab06510dfffc913f#6MUM7imGVg11v3hAcL6sGFKPPaaELFtLo8rCf6sY9nuP\" target=\"_blank\" rel=\"noopener\">Filehoster: OneDrive</a> (Uploaded by DyR0 t(-_-t), NOT compatible with other mirrors)</li><p><!--  <li><a href=\"\" target=\"_blank\" rel=\"noopener\">Filehosters: Google Drive, OneDrive + others</a> (Uploaded by crackhub213)</li>  --></p></ul><p><a href=\"https://cs.rin.ru/forum/viewtopic.php?f=10&amp;t=116979\" target=\"_blank\" rel=\"noopener\">Discussion and (possible) future updates on CS.RIN.RU thread</a></p><h3>Screenshots (Click to enlarge)</h3><p><a target=\"_blank\" href=\"https://en.riotpixels.com/games/portal-dungeon-goblin-escape/screenshots/6/?utm_source=emb-gfx-html&amp;utm_medium=image&amp;utm_campaign=rp-mass\" rel=\"noopener\"><img loading=\"lazy\" width=\"178\" height=\"100\" border=\"0\" src=\"https://s01.riotpixels.net/data/69/77/6977a53e-0f32-40d5-89c8-458a49f04129.jpg.240p.jpg\"></a><a target=\"_blank\" href=\"https://en.riotpixels.com/games/portal-dungeon-goblin-escape/screenshots/5/?utm_source=emb-gfx-html&amp;utm_medium=image&amp;utm_campaign=rp-mass\" rel=\"noopener\"><img loading=\"lazy\" width=\"178\" height=\"100\" border=\"0\" src=\"https://s01.riotpixels.net/data/c9/5a/c95a40ee-f61c-4dbb-a301-316b773b8e9e.jpg.240p.jpg\"></a><a target=\"_blank\" href=\"https://en.riotpixels.com/games/portal-dungeon-goblin-escape/screenshots/4/?utm_source=emb-gfx-html&amp;utm_medium=image&amp;utm_campaign=rp-mass\" rel=\"noopener\"><img loading=\"lazy\" width=\"178\" height=\"100\" border=\"0\" src=\"https://s01.riotpixels.net/data/81/a7/81a7831d-b51a-4561-a74f-e9cbfa8ea7c1.jpg.240p.jpg\"></a><br><a target=\"_blank\" href=\"https://en.riotpixels.com/games/portal-dungeon-goblin-escape/screenshots/3/?utm_source=emb-gfx-html&amp;utm_medium=image&amp;utm_campaign=rp-mass\" rel=\"noopener\"><img loading=\"lazy\" width=\"178\" height=\"100\" border=\"0\" src=\"https://s01.riotpixels.net/data/ac/5a/ac5a5b10-3d41-48f5-97de-3002884857a0.jpg.240p.jpg\"></a><a target=\"_blank\" href=\"https://en.riotpixels.com/games/portal-dungeon-goblin-escape/screenshots/2/?utm_source=emb-gfx-html&amp;utm_medium=image&amp;utm_campaign=rp-mass\" rel=\"noopener\"><img loading=\"lazy\" width=\"178\" height=\"100\" border=\"0\" src=\"https://s01.riotpixels.net/data/76/5a/765a1207-e5c7-4b81-a059-3f5353bdc213.jpg.240p.jpg\"></a><a target=\"_blank\" href=\"https://en.riotpixels.com/games/portal-dungeon-goblin-escape/screenshots/1/?utm_source=emb-gfx-html&amp;utm_medium=image&amp;utm_campaign=rp-mass\" rel=\"noopener\"><img loading=\"lazy\" width=\"178\" height=\"100\" border=\"0\" src=\"https://s01.riotpixels.net/data/df/43/df431ab5-df94-4c60-aabd-8ba17cf68d77.jpg.240p.jpg\"></a></p><h3>Repack Features</h3><ul><li>Based on Portal.Dungeon.Goblin.Escape-DARKSiDERS ISO release: ds-portaldungeongoblinescape.iso (1,712,713,728 bytes)</li><li>100% Lossless &amp; MD5 Perfect: all files are identical to originals after installation</li><li>NOTHING ripped, NOTHING re-encoded</li><li>Significantly smaller archive size (compressed from 1.6 GB to 913 MB)</li><li>Installation takes less than a minute</li><li>After-install integrity check so you could make sure that everything installed properly</li><li>HDD space after installation: 2.7 GB</li><li>Repack uses XTool library by Razor12911</li><li>At least 2 GB of free RAM (inc. virtual) required for installing this repack</li></ul><div ><div><h2>Game Description</h2></div><div >You\u2019ve been sent to activate the portals of the kingdom and free the dungeons from the dangerous creatures. You have only pickaxe and desire to live.<p>You can take a friend with you, but at the same time you will be tied with collars that will not let you go far or escape. It will save you if you die inside the dungeon, though in this case you will have to clean it again.</p><p><b>Gameplay:</b><br>Break everything and collect coins. You need them to improve armor and weapons, as well as for some other things. Raise your level, crush everything around and become stronger!</p><p>You will find 20 portal dungeons, a variety of monsters, bosses and tasks, secret rooms with treasures and dangerous traps.</p><p>Go into the portal, find a key and clear the monsters inside the dungeon. Return to the main hall and repeat it with the next portal.</p><p><b><h3>Game Features</h3></b></p><ul><li>20 levels (portal dungeons)</li><li>Bosses</li><li>All items on levels can be magically destroyed (except architecture)</li><li>A variety of weapons and armor</li><li>Daily challenges</li><li>Bestiary</li><li>Traps</li><li>Co-op with a friend</li></ul></div></div>             </div>"
}