{
    "link": null,
    "title": "Possible Site Downtime or Domain Change",
    "first_img": [],
    "second_img": null,
    "body": "<div class=\"entry-content\"><p><span style=\"color: #ff0000; font-size: 14pt;\"><strong>Due to some troubles with my domain name, this site may go down soon for unknown period of time or forever. In the latter case the new domain (which name I didn\u2019t think of) will arise and information about it will be posted on sites I upload to. Fingers crossed none of the above events will happen, but fasten your seat belts and prepare for a crash.</strong></span></p><p>Keep an eye on this list for my future repacks.</p><p><a href=\"https://1337x.to/user/FitGirl/\" target=\"_blank\" rel=\"noopener\">https://1337x.to/user/FitGirl/</a></p><p>You may also join my unofficial Discord community and wait for news in there.</p><p><a href=\"https://discord.gg/GmTJ5Rm\" target=\"_blank\" rel=\"noopener\">https://discord.gg/GmTJ5Rm</a></p><p><span style=\"font-size: 14pt; color: #99cc00;\"><strong>Update, August 30: The situation is now going in the good direction, though not FINALLY fixed. I will update this post later.<br></strong></span></p><p><span style=\"font-size: 14pt; color: #99cc00;\"><strong>Update, September 3: The issue <a href=\"https://fitgirl-repacks.site/domain-issue-resolved/\" rel=\"noopener\" target=\"_blank\">has been resolved.</a><br></strong></span></p>             </div>"
}