{
    "link": "https://fitgirl-repacks.site/project-nightmares-case-36-henrietta-kedward/",
    "title": "Project Nightmares: Case 36 \u2013 Henrietta Kedward",
    "first_img": "https://i4.imageban.ru/out/2021/09/30/df3b50909098cfdb5e8d16db4ac83e3b.jpg",
    "second_img": "https://s01.riotpixels.net/data/8f/5b/8f5b32f4-d2c6-4edd-b83f-05d540043406.jpg.240p.jpg",
    "body": "<div ><h2>Project Nightmares: Case 36 \u2013 Henrietta Kedward</h2><p ><div><a target=\"_blank\" href=\"https://en.riotpixels.com/games/project-nightmares-case-36-henrietta-kedward/\" rel=\"noopener\"><img class=\"alignleft\" width=\"150\" src=\"https://i4.imageban.ru/out/2021/09/30/df3b50909098cfdb5e8d16db4ac83e3b.jpg\"></a></div><br>Genres/Tags: <strong>Adventure, Survival, Horror, First-person, 3D</strong><br>Company: <strong>NC Studio</strong><br>Languages: <strong>RUS/ENG/MULTI14</strong><br>Original Size: <strong>5.1 GB</strong><br>Repack Size: <strong>3.4 GB</strong></p>&nbsp;<div>&nbsp;</div><h3>Download Mirrors</h3><ul><li><a href=\"https://1337x.to/torrent/5001271/Project-Nightmares-Case-36-Henrietta-Kedward-MULTi14-FitGirl-Repack/\" target=\"_blank\" rel=\"noopener\">1337x</a> | [<a href=\"magnet:?xt=urn:btih:2C0B94F99082D1F1BAEDCE980175EE1F5B60ECB3&amp;dn=Project+Nightmares%3A+Case+36+-+Henrietta+Kedward+%28MULTi14%29+%5BFitGirl+Repack%5D&amp;tr=udp%3A%2F%2F46.148.18.250%3A2710&amp;tr=udp%3A%2F%2Fopentor.org%3A2710&amp;tr=udp%3A%2F%2Ftracker.coppersurfer.tk%3A6969%2Fannounce&amp;tr=udp%3A%2F%2Ftracker.opentrackr.org%3A1337%2Fannounce&amp;tr=http%3A%2F%2Ftracker.dler.org%3A6969%2Fannounce&amp;tr=udp%3A%2F%2Ftracker.leechers-paradise.org%3A6969%2Fannounce&amp;tr=udp%3A%2F%2F9.rarbg.me%3A2730%2Fannounce&amp;tr=udp%3A%2F%2F9.rarbg.to%3A2770%2Fannounce&amp;tr=udp%3A%2F%2Ftracker.pirateparty.gr%3A6969%2Fannounce&amp;tr=http%3A%2F%2Fretracker.local%2Fannounce&amp;tr=http%3A%2F%2Fretracker.ip.ncnet.ru%2Fannounce&amp;tr=udp%3A%2F%2Fexodus.desync.com%3A6969%2Fannounce&amp;tr=udp%3A%2F%2Fipv4.tracker.harry.lu%3A80%2Fannounce&amp;tr=udp%3A%2F%2Fopen.stealth.si%3A80%2Fannounce&amp;tr=udp%3A%2F%2Ftracker.zer0day.to%3A1337%2Fannounce&amp;tr=udp%3A%2F%2Ftracker.leechers-paradise.org%3A6969%2Fannounce&amp;tr=udp%3A%2F%2Fcoppersurfer.tk%3A6969%2Fannounce\">magnet</a>] [<a href=\"https://pastefg.hermietkreeft.site/?a4bcee82cfc016bc#DLQqfApKvSHVvvubiwzr3vEt9LDYc9NS31qS1zeLAhEE\" target=\"_blank\" rel=\"noopener\">.torrent file only</a>] <br><img src=\"https://torrent-stats.info/ce98/3b5281bf8.png\" style=\"display:block;clear:both\"></li><li><a href=\"http://rutor.info/torrent/837160/project-nightmares-case-36-henrietta-kedward-2021-pc-repack-ot-fitgirl\" target=\"_blank\" rel=\"noopener\">RuTor</a> [<a href=\"magnet:?xt=urn:btih:2c0b94f99082d1f1baedce980175ee1f5b60ecb3&amp;dn=rutor.info_Project+Nightmares%3A+Case+36+-+Henrietta+Kedward+%282021%29+PC+%7C+RePack+%D0%BE%D1%82+FitGirl&amp;tr=udp://opentor.net:6969&amp;tr=udp://opentor.org:2710&amp;tr=http://retracker.local/announce\">magnet</a>]</li><li><a href=\"https://tapochek.net/viewtopic.php?p=2803380\" target=\"_blank\" rel=\"noopener\">Tapochek.net</a></li><li><a href=\"https://pastefg.hermietkreeft.site/?e4d7f729bb0157a3#BiKSBHenx54zB5CF6UZv9tYZXcXMgSmGAD1oxDBh2EQH\" target=\"_blank\" rel=\"noopener\">Filehoster: MultiUpload</a> (10+ hosters, interchangeable) [Use <a href=\"http://jdownloader.org/jdownloader2\" target=\"_blank\" rel=\"noopener\">JDownloader2</a>]</li><li><a href=\"https://pastefg.hermietkreeft.site/?5901a3dd7a2d37f8#Hc9LaMvZ6RD6UBcER1u99VKY34iv7bduUhK2Un4Em3X2\" target=\"_blank\" rel=\"noopener\">Filehoster: PixelDrain</a></li><li><a href=\"https://pastefg.hermietkreeft.site/?38eb96a65526f5ce#GP39SxjzZhpCy4DvU1U2HE1HJov8PMJAuV367gWupXPc\" target=\"_blank\" rel=\"noopener\">Filehoster: ZippyShare</a></li><li><a href=\"https://pastefg.hermietkreeft.site/?f0183570d7c4deba#3WKAVuVGrHXtg91bBSaAqcNZweoX9DVuiUzz8s3VHC6T\" target=\"_blank\" rel=\"noopener\">Filehoster: LetsUpload</a> [Use <a href=\"http://jdownloader.org/jdownloader2\" target=\"_blank\" rel=\"noopener\">JDownloader2</a>]</li><li><a href=\"https://pastefg.hermietkreeft.site/?b83f113c61c691e5#MYSSVJgwYVwB65CVryzqqBz7WMwXBdvTmQc69q53hSF\" target=\"_blank\" rel=\"noopener\">Filehoster: OneDrive</a> (Uploaded by DyR0 t(-_-t), NOT compatible with other mirrors)</li></ul><p><a href=\"https://cs.rin.ru/forum/viewtopic.php?f=10&amp;t=91108\" target=\"_blank\" rel=\"noopener\">Discussion and (possible) future updates on CS.RIN.RU thread</a></p><h3>Screenshots (Click to enlarge)</h3><p><a target=\"_blank\" href=\"https://en.riotpixels.com/games/project-nightmares-case-36-henrietta-kedward/screenshots/18/?utm_source=emb-gfx-html&amp;utm_medium=image&amp;utm_campaign=rp-mass\" rel=\"noopener\"><img loading=\"lazy\" width=\"178\" height=\"100\" border=\"0\" src=\"https://s01.riotpixels.net/data/8f/5b/8f5b32f4-d2c6-4edd-b83f-05d540043406.jpg.240p.jpg\"></a><a target=\"_blank\" href=\"https://en.riotpixels.com/games/project-nightmares-case-36-henrietta-kedward/screenshots/17/?utm_source=emb-gfx-html&amp;utm_medium=image&amp;utm_campaign=rp-mass\" rel=\"noopener\"><img loading=\"lazy\" width=\"178\" height=\"100\" border=\"0\" src=\"https://s01.riotpixels.net/data/9b/21/9b21c9d6-59dd-4719-a672-3a8605d08c88.jpg.240p.jpg\"></a><a target=\"_blank\" href=\"https://en.riotpixels.com/games/project-nightmares-case-36-henrietta-kedward/screenshots/15/?utm_source=emb-gfx-html&amp;utm_medium=image&amp;utm_campaign=rp-mass\" rel=\"noopener\"><img loading=\"lazy\" width=\"178\" height=\"100\" border=\"0\" src=\"https://s01.riotpixels.net/data/b7/fb/b7fbf6d2-008a-4032-9906-906e391ba5ba.jpg.240p.jpg\"></a><br><a target=\"_blank\" href=\"https://en.riotpixels.com/games/project-nightmares-case-36-henrietta-kedward/screenshots/14/?utm_source=emb-gfx-html&amp;utm_medium=image&amp;utm_campaign=rp-mass\" rel=\"noopener\"><img loading=\"lazy\" width=\"178\" height=\"100\" border=\"0\" src=\"https://s01.riotpixels.net/data/5d/50/5d50e5bb-1d96-4283-a866-91a6b0badb29.jpg.240p.jpg\"></a><a target=\"_blank\" href=\"https://en.riotpixels.com/games/project-nightmares-case-36-henrietta-kedward/screenshots/7/?utm_source=emb-gfx-html&amp;utm_medium=image&amp;utm_campaign=rp-mass\" rel=\"noopener\"><img loading=\"lazy\" width=\"178\" height=\"100\" border=\"0\" src=\"https://s01.riotpixels.net/data/c6/21/c62164c1-4544-45c5-96d1-88dbd864fe1f.jpg.240p.jpg\"></a><a target=\"_blank\" href=\"https://en.riotpixels.com/games/project-nightmares-case-36-henrietta-kedward/screenshots/1/?utm_source=emb-gfx-html&amp;utm_medium=image&amp;utm_campaign=rp-mass\" rel=\"noopener\"><img loading=\"lazy\" width=\"178\" height=\"100\" border=\"0\" src=\"https://s01.riotpixels.net/data/7c/79/7c792e70-c7fb-4ee6-8d4c-2187957c2335.jpg.240p.jpg\"></a></p><h3>Repack Features</h3><ul><li>Based on Project.Nightmares-PLAZA ISO release: plaza-project.nightmares.iso (5,457,477,632 bytes)</li><li>100% Lossless &amp; MD5 Perfect: all files are identical to originals after installation</li><li>NOTHING ripped, NOTHING re-encoded</li><li>Significantly smaller archive size (compressed from 5.1 to 3.4 GB)</li><li>Installation takes two minutes</li><li>After-install integrity check so you could make sure that everything installed properly</li><li>HDD space after installation: 8.9 GB</li><li>Language can be changed in game settings</li><li>At least 2 GB of free RAM (inc. virtual) required for installing this repack</li></ul><div ><div><h2>Game Description</h2></div><div >A group of scientists dedicated to studying the paranormal has developed a machine that can induce a patient with psychic abilities into a dream state, linking them to a malignant or cursed object.<p>Project Nightmares is in charge of investigating such objects, discovering the history behind them, and putting a stop to the evil they embody.</p><p>In the first installment of the game, we will play through the case of Henrietta Kedward. A toy with a dark past provides us with a connection to this malicious old woman; tapping into this connection, we\u2019ll find ourselves in a nightmare set during her lifetime, surrounded by terror and mystery.</p><p>Every time you play, Project Nightmares will be different. The game was designed so that the experience of playing through it changes constantly; beyond the engaging storyline, the player will never know what\u2019s going to happen next.</p></div></div>             </div>"
}