{
    "link": "https://fitgirl-repacks.site/psychonauts-2/",
    "title": "Psychonauts 2 \u2013 v1088619",
    "first_img": "https://i2.imageban.ru/out/2021/08/25/ef432b4e28662809d4b7b7bb43720d75.jpg",
    "second_img": "https://s01.riotpixels.net/data/9e/38/9e384475-a468-466c-9437-6ff1ebc796c4.jpg.240p.jpg",
    "body": "<div ><h2>Psychonauts 2 \u2013 v1088619</h2><p ><div><a target=\"_blank\" href=\"https://en.riotpixels.com/games/psychonauts-2/\" rel=\"noopener\"><img class=\"alignleft\" width=\"150\" src=\"https://i2.imageban.ru/out/2021/08/25/ef432b4e28662809d4b7b7bb43720d75.jpg\"></a></div><br>Genres/Tags: <strong>Action, Third-person, 3D</strong><br>Companies: <strong>Double Fine Productions, Xbox Game Studios</strong><br>Languages: <strong>ENG/MULTI6</strong><br>Original Size: <strong>28.7 GB</strong><br>Repack Size: <strong>from 17.3 GB</strong> [Selective Download]</p>&nbsp;<div>&nbsp;</div><h3>Download Mirrors</h3><ul><li><a href=\"https://1337x.to/torrent/5039739/Psychonauts-2-v1088619-MULTi6-FitGirl-Repack-Selective-Download-from-17-3-GB/\" target=\"_blank\" rel=\"noopener\">1337x</a> | [<a href=\"magnet:?xt=urn:btih:5DE21AA8E2D7A46E2C858901AF1607B45C42F537&amp;dn=Psychonauts+2+%28v1088619%2C+MULTi6%29+%5BFitGirl+Repack%2C+Selective+Download+-+from+17.3+GB%5D&amp;tr=udp%3A%2F%2F46.148.18.250%3A2710&amp;tr=udp%3A%2F%2Fopentor.org%3A2710&amp;tr=udp%3A%2F%2Ftracker.coppersurfer.tk%3A6969%2Fannounce&amp;tr=udp%3A%2F%2Ftracker.opentrackr.org%3A1337%2Fannounce&amp;tr=http%3A%2F%2Ftracker.dler.org%3A6969%2Fannounce&amp;tr=udp%3A%2F%2Ftracker.leechers-paradise.org%3A6969%2Fannounce&amp;tr=udp%3A%2F%2F9.rarbg.me%3A2730%2Fannounce&amp;tr=udp%3A%2F%2F9.rarbg.to%3A2770%2Fannounce&amp;tr=udp%3A%2F%2Ftracker.pirateparty.gr%3A6969%2Fannounce&amp;tr=http%3A%2F%2Fretracker.local%2Fannounce&amp;tr=http%3A%2F%2Fretracker.ip.ncnet.ru%2Fannounce&amp;tr=udp%3A%2F%2Fexodus.desync.com%3A6969%2Fannounce&amp;tr=udp%3A%2F%2Fipv4.tracker.harry.lu%3A80%2Fannounce&amp;tr=udp%3A%2F%2Fopen.stealth.si%3A80%2Fannounce&amp;tr=udp%3A%2F%2Ftracker.zer0day.to%3A1337%2Fannounce&amp;tr=udp%3A%2F%2Ftracker.leechers-paradise.org%3A6969%2Fannounce&amp;tr=udp%3A%2F%2Fcoppersurfer.tk%3A6969%2Fannounce\">magnet</a>] [<a href=\"https://pastefg.hermietkreeft.site/?bd2bca10e4477c43#HSfaGyb9artrpzmUDvWNwAx5bsanmye9poKRHKHjSJdj\" target=\"_blank\" rel=\"noopener\">.torrent file only</a>] <br><img src=\"https://torrent-stats.info/8901/27befb549.png\" style=\"display:block;clear:both\"></li><li><a href=\"https://tapochek.net/viewtopic.php?p=2809547\" target=\"_blank\" rel=\"noopener\">Tapochek.net</a></li><li><a href=\"https://pastefg.hermietkreeft.site/?9cb411488742d430#2JTsTF4b6nnJEPEZkaiCC8ZU8gEBPxBjDuED7pw2fZR9\" target=\"_blank\" rel=\"noopener\">Filehoster: MultiUpload</a> (10+ hosters, interchangeable) [Use <a href=\"http://jdownloader.org/jdownloader2\" target=\"_blank\" rel=\"noopener\">JDownloader2</a>]</li><li><a href=\"https://pastefg.hermietkreeft.site/?b6cfb3301c76b80d#GDSLHGoRo8Qyi3aYkN2hSczNQHgkZR6ZATX1WWmgySKT\" target=\"_blank\" rel=\"noopener\">Filehoster: PixelDrain</a></li><li><a href=\"https://pastefg.hermietkreeft.site/?fee549c41c63042f#E63fFLKq9qmbAZT8LteFyzLG1AFXMDF2CRp4PHoYA4Eg\" target=\"_blank\" rel=\"noopener\">Filehoster: ZippyShare</a></li><li><a href=\"https://pastefg.hermietkreeft.site/?b2de39ff0f689ab1#ePdhKj2q6vTNgjQPKafmn91X1DsC3hTrJM4GY3oSWcM\" target=\"_blank\" rel=\"noopener\">Filehoster: BayFiles</a></li><li><a href=\"https://pastefg.hermietkreeft.site/?dde7befaf3fc8f08#3LnStioR6VUCHtKxH1H6UDNfNFRSwExRYu72hg7bipt7\" target=\"_blank\" rel=\"noopener\">Filehoster: LetsUpload</a> [Use <a href=\"http://jdownloader.org/jdownloader2\" target=\"_blank\" rel=\"noopener\">JDownloader2</a>]</li><li><a href=\"https://pastefg.hermietkreeft.site/?19bc8ee7d0e23cb5#DRnr7zQVdziSxCqz6DXZJw3fHamh54ZgMsBMcrg3qtdS\" target=\"_blank\" rel=\"noopener\">Filehoster: OneDrive</a> (Uploaded by DyR0 t(-_-t), NOT compatible with other mirrors)</li><p><!--  <li><a href=\"\" target=\"_blank\" rel=\"noopener\">Filehosters: Google Drive, OneDrive + others</a> (Uploaded by crackhub213)</li>  --></p></ul><p><a href=\"https://cs.rin.ru/forum/viewtopic.php?f=10&amp;t=79820\" target=\"_blank\" rel=\"noopener\">Discussion and (possible) future updates on CS.RIN.RU thread</a></p><h3>Screenshots (Click to enlarge)</h3><p><a target=\"_blank\" href=\"https://en.riotpixels.com/games/psychonauts-2/screenshots/63/?utm_source=emb-gfx-html&amp;utm_medium=image&amp;utm_campaign=rp-mass\" rel=\"noopener\"><img loading=\"lazy\" width=\"178\" height=\"100\" border=\"0\" src=\"https://s01.riotpixels.net/data/9e/38/9e384475-a468-466c-9437-6ff1ebc796c4.jpg.240p.jpg\"></a><a target=\"_blank\" href=\"https://en.riotpixels.com/games/psychonauts-2/screenshots/47/?utm_source=emb-gfx-html&amp;utm_medium=image&amp;utm_campaign=rp-mass\" rel=\"noopener\"><img loading=\"lazy\" width=\"178\" height=\"100\" border=\"0\" src=\"https://s01.riotpixels.net/data/5c/88/5c880d6a-e244-446a-98af-f972f8890174.jpg.240p.jpg\"></a><a target=\"_blank\" href=\"https://en.riotpixels.com/games/psychonauts-2/screenshots/44/?utm_source=emb-gfx-html&amp;utm_medium=image&amp;utm_campaign=rp-mass\" rel=\"noopener\"><img loading=\"lazy\" width=\"178\" height=\"100\" border=\"0\" src=\"https://s01.riotpixels.net/data/aa/aa/aaaad18e-dbc2-496c-b826-9ab3804be7fd.jpg.240p.jpg\"></a><br><a target=\"_blank\" href=\"https://en.riotpixels.com/games/psychonauts-2/screenshots/36/?utm_source=emb-gfx-html&amp;utm_medium=image&amp;utm_campaign=rp-mass\" rel=\"noopener\"><img loading=\"lazy\" width=\"178\" height=\"100\" border=\"0\" src=\"https://s01.riotpixels.net/data/b9/63/b963bcd5-3c98-4b39-aea6-d2a586cc3f78.jpg.240p.jpg\"></a><a target=\"_blank\" href=\"https://en.riotpixels.com/games/psychonauts-2/screenshots/23/?utm_source=emb-gfx-html&amp;utm_medium=image&amp;utm_campaign=rp-mass\" rel=\"noopener\"><img loading=\"lazy\" width=\"178\" height=\"100\" border=\"0\" src=\"https://s01.riotpixels.net/data/6f/87/6f87dbea-02d9-46de-b481-8b02249ca1cb.jpg.240p.jpg\"></a><a target=\"_blank\" href=\"https://en.riotpixels.com/games/psychonauts-2/screenshots/9/?utm_source=emb-gfx-html&amp;utm_medium=image&amp;utm_campaign=rp-mass\" rel=\"noopener\"><img loading=\"lazy\" width=\"178\" height=\"100\" border=\"0\" src=\"https://s01.riotpixels.net/data/da/10/da109841-cd2c-4743-8024-264572795215.jpg.240p.jpg\"></a></p><h3>Repack Features</h3><ul><li>Based on Psychonauts.2.v1088619-CODEX ISO release: codex-psychonauts.2.v1088619.iso (30,826,299,392 bytes)</li><li>Game version: v1088619</li><li>100% Lossless &amp; MD5 Perfect: all files are identical to originals after installation</li><li>NOTHING ripped, NOTHING re-encoded</li><li>Selective Download feature: you may skip downloading and installing of \u201cintro\u201d videos in different bitrates</li><li>Significantly smaller archive size (compressed from 28.7 to 17.3/17.7 GB)</li><li>Installation takes 5-30 minutes (depending on your system)</li><li>After-install integrity check so you could make sure that everything installed properly</li><li>HDD space after installation: up to 30 GB (33.8 GB during installation)</li><li>Language can be changed in game settings</li><li>Repack uses XTool library by Razor12911</li><li>At least 2 GB of free RAM (inc. virtual) required for installing this repack</li></ul><div ><div><h2>Game Description</h2></div><div >Razputin \u201cRaz\u201d Aquato, trained acrobat and powerful young psychic, has realized his lifelong dream of joining the international psychic espionage organization known as the Psychonauts! But these psychic super spies are in trouble. Their leader hasn\u2019t been the same since he was rescued from a kidnapping, and what\u2019s worse, there\u2019s a mole hiding in headquarters.<p>Combining quirky missions and mysterious conspiracies, Psychonauts 2 is a platform-adventure game with cinematic style and tons of customizable psychic powers. Psychonauts 2 serves up danger, excitement and laughs in equal measure as players guide Raz on a journey through the minds of friends and foes on a quest to defeat a murderous psychic villain.</p><p><b><h3>Game Features</h3></b></p><ul><li>Experience an imaginative, cinematic story that mixes humor and intrigue, brought to you by legendary game designer Tim Schafer (Grim Fandango, Br\u00fctal Legend, Broken Age).</li><li>Explore unique environments using Raz\u2019s ability to dive into people\u2019s brains to battle their inner demons, unlock hidden memories, and resolve their emotional baggage.</li><li>Leap acrobatically through the air, traversing tightropes and trapezes in a varied, challenging, and joyful platforming experience.</li><li>Wield a powerful array of psychic powers to blast, burn and levitate things, or even slow down time itself to solve environmental puzzles and battle strange enemies.</li></ul></div></div><p><b>Backwards Compatibility</b></p><p>This repack IS slightly backwards compatible with my previous P2 repack. You can rehash fg-04.bin &amp; fg-optional-videos.bin to save 585 MB of traffic.</p>             </div>"
}