{
    "link": "https://fitgirl-repacks.site/pulsar-lost-colony/",
    "title": "PULSAR: Lost Colony + Multiplayer",
    "first_img": "https://i115.fastpic.ru/big/2021/0624/98/ee51b902e4e06e26433c8bb574473498.jpg",
    "second_img": "https://s01.riotpixels.net/data/e2/05/e205056a-65a5-4b4e-9aea-f19813ba2c2a.jpg.240p.jpg",
    "body": "<div ><h2>PULSAR: Lost Colony + Multiplayer</h2><p ><div><a target=\"_blank\" href=\"https://en.riotpixels.com/games/pulsar-lost-colony/\" rel=\"noopener\"><img class=\"alignleft\" width=\"150\" src=\"https://i115.fastpic.ru/big/2021/0624/98/ee51b902e4e06e26433c8bb574473498.jpg\"></a></div><br>Genres/Tags: <strong>Action, Adventure, Exploration, Open world, First-person, 3D</strong><br>Company: <strong>Leafy Games</strong><br>Language: <strong>ENG</strong><br>Original Size: <strong>2.7 GB</strong><br>Repack Size: <strong>1.8 GB</strong></p>&nbsp;<div>&nbsp;</div><h3>Download Mirrors</h3><ul><li><a href=\"https://1337x.to/torrent/4901146/PULSAR-Lost-Colony-Multiplayer-FitGirl-Repack/\" target=\"_blank\" rel=\"noopener\">1337x</a> | [<a href=\"magnet:?xt=urn:btih:F5EF0D4B70B801B79E1AFD59C5C64D5BDE045463&amp;dn=PULSAR%3A+Lost+Colony+%28%2B+Multiplayer%29+%5BFitGirl+Repack%5D&amp;tr=udp%3A%2F%2F46.148.18.250%3A2710&amp;tr=udp%3A%2F%2Fopentor.org%3A2710&amp;tr=udp%3A%2F%2Ftracker.coppersurfer.tk%3A6969%2Fannounce&amp;tr=udp%3A%2F%2Ftracker.opentrackr.org%3A1337%2Fannounce&amp;tr=http%3A%2F%2Ftracker.dler.org%3A6969%2Fannounce&amp;tr=udp%3A%2F%2Ftracker.leechers-paradise.org%3A6969%2Fannounce&amp;tr=udp%3A%2F%2F9.rarbg.me%3A2730%2Fannounce&amp;tr=udp%3A%2F%2F9.rarbg.to%3A2770%2Fannounce&amp;tr=udp%3A%2F%2Ftracker.pirateparty.gr%3A6969%2Fannounce&amp;tr=http%3A%2F%2Fretracker.local%2Fannounce&amp;tr=http%3A%2F%2Fretracker.ip.ncnet.ru%2Fannounce&amp;tr=udp%3A%2F%2Fexodus.desync.com%3A6969%2Fannounce&amp;tr=udp%3A%2F%2Fipv4.tracker.harry.lu%3A80%2Fannounce&amp;tr=udp%3A%2F%2Fopen.stealth.si%3A80%2Fannounce&amp;tr=udp%3A%2F%2Ftracker.zer0day.to%3A1337%2Fannounce&amp;tr=udp%3A%2F%2Ftracker.leechers-paradise.org%3A6969%2Fannounce&amp;tr=udp%3A%2F%2Fcoppersurfer.tk%3A6969%2Fannounce\">magnet</a>] [<a href=\"https://pastefg.hermietkreeft.site/?3e4ff5bc336c168a#32UrfUzq8Cgx2GT74xt8j7mot2Ne38xx3f2S851hWhMX\" target=\"_blank\" rel=\"noopener\">.torrent file only</a>] <br><img src=\"https://torrent-stats.info/fd59/473b27bf9.png\" style=\"display:block;clear:both\"></li><li><a href=\"https://tapochek.net/viewtopic.php?p=2785813\" target=\"_blank\" rel=\"noopener\">Tapochek.net</a></li><li><a href=\"https://pastefg.hermietkreeft.site/?5ded36913bcde1c6#H3dsT696FFvgoR41ZaZ7kMTRhrQYJi9t2yHJ8RoPGuTn\" target=\"_blank\" rel=\"noopener\">Filehoster: MultiUpload</a> (10+ hosters, interchangeable) [Use <a href=\"http://jdownloader.org/jdownloader2\" target=\"_blank\" rel=\"noopener\">JDownloader2</a>]</li><li><a href=\"https://pastefg.hermietkreeft.site/?71a1779167ab2b78#ArBW9tYzvpQ1x4wuoUeLwbEj6m8eU6joqup3Kx6sEdrG\" target=\"_blank\" rel=\"noopener\">Filehoster: PixelDrain</a></li><li><a href=\"https://pastefg.hermietkreeft.site/?1e273d37a1660e8a#DPiAGGZ7eNQDQgUuFkmtv4HbNfudH1BQsQc7yan7B5dW\" target=\"_blank\" rel=\"noopener\">Filehoster: LetsUpload</a> [Use <a href=\"http://jdownloader.org/jdownloader2\" target=\"_blank\" rel=\"noopener\">JDownloader2</a>]</li><li><a href=\"https://crackhub.site/pulsar-lost-colony-multiplayer-fitgirl-repack/\" target=\"_blank\" rel=\"noopener\">Filehosters: Google Drive, OneDrive + others</a> (Uploaded by crackhub213)</li><li><a href=\"https://pastefg.hermietkreeft.site/?bc124af368ef46a1#FEFuesTGVMXfw8xSHRK1GpPmcHzhfnVj3SkFafW6mjta\" target=\"_blank\" rel=\"noopener\">Filehoster: OneDrive</a> (Uploaded by DyR0 t(-_-t), NOT compatible with other mirrors)</li></ul><p><a href=\"https://cs.rin.ru/forum/viewtopic.php?f=10&amp;t=64822\" target=\"_blank\" rel=\"noopener\">Discussion and (possible) future updates on CS.RIN.RU thread</a></p><h3>Screenshots (Click to enlarge)</h3><p><a target=\"_blank\" href=\"https://en.riotpixels.com/games/pulsar-lost-colony/screenshots/13/?utm_source=emb-gfx-html&amp;utm_medium=image&amp;utm_campaign=rp-mass\" rel=\"noopener\"><img loading=\"lazy\" width=\"178\" height=\"100\" border=\"0\" src=\"https://s01.riotpixels.net/data/e2/05/e205056a-65a5-4b4e-9aea-f19813ba2c2a.jpg.240p.jpg\"></a><a target=\"_blank\" href=\"https://en.riotpixels.com/games/pulsar-lost-colony/screenshots/12/?utm_source=emb-gfx-html&amp;utm_medium=image&amp;utm_campaign=rp-mass\" rel=\"noopener\"><img loading=\"lazy\" width=\"178\" height=\"100\" border=\"0\" src=\"https://s01.riotpixels.net/data/f2/3b/f23b8298-b110-432f-9e5d-d37e1ba57eeb.jpg.240p.jpg\"></a><a target=\"_blank\" href=\"https://en.riotpixels.com/games/pulsar-lost-colony/screenshots/11/?utm_source=emb-gfx-html&amp;utm_medium=image&amp;utm_campaign=rp-mass\" rel=\"noopener\"><img loading=\"lazy\" width=\"178\" height=\"100\" border=\"0\" src=\"https://s01.riotpixels.net/data/77/3d/773d2569-00a2-4853-9b08-0be1f05e09e7.jpg.240p.jpg\"></a><br><a target=\"_blank\" href=\"https://en.riotpixels.com/games/pulsar-lost-colony/screenshots/8/?utm_source=emb-gfx-html&amp;utm_medium=image&amp;utm_campaign=rp-mass\" rel=\"noopener\"><img loading=\"lazy\" width=\"178\" height=\"100\" border=\"0\" src=\"https://s01.riotpixels.net/data/c9/08/c908f3b9-c3d2-47e1-b2a9-c6da52294038.jpg.240p.jpg\"></a><a target=\"_blank\" href=\"https://en.riotpixels.com/games/pulsar-lost-colony/screenshots/7/?utm_source=emb-gfx-html&amp;utm_medium=image&amp;utm_campaign=rp-mass\" rel=\"noopener\"><img loading=\"lazy\" width=\"178\" height=\"100\" border=\"0\" src=\"https://s01.riotpixels.net/data/0b/91/0b91798b-8583-4a75-9671-695ede3b1478.jpg.240p.jpg\"></a><a target=\"_blank\" href=\"https://en.riotpixels.com/games/pulsar-lost-colony/screenshots/6/?utm_source=emb-gfx-html&amp;utm_medium=image&amp;utm_campaign=rp-mass\" rel=\"noopener\"><img loading=\"lazy\" width=\"178\" height=\"100\" border=\"0\" src=\"https://s01.riotpixels.net/data/55/be/55be1707-acff-4775-ac28-7b8be601bda1.jpg.240p.jpg\"></a></p><h3>Repack Features</h3><ul><li>Based on PULSAR_Lost_Colony-FLT ISO release: flt-pulsar_lost_colony.iso (2,930,231,296 bytes)</li><li>At the moment of repack release the multiplayer part of the game works even in cracked version</li><li>100% Lossless &amp; MD5 Perfect: all files are identical to originals after installation</li><li>NOTHING ripped, NOTHING re-encoded</li><li>Significantly smaller archive size (compressed from 2.7 to 1.8 GB)</li><li>Installation takes 1-2 minutes</li><li>After-install integrity check so you could make sure that everything installed properly</li><li>HDD space after installation: 4.6 GB</li><li>At least 2 GB of free RAM (inc. virtual) required for installing this repack</li></ul><div ><div><h2>Game Description</h2></div><div ><p>Team up to operate a starship and explore a randomized galaxy falling into chaos. Each player assumes a role aboard the ship: Captain, Pilot, Scientist, Weapons Specialist and Engineer. Coordination between your crewmembers is essential to survive the perils that await you.</p><p>Control the various stations that run your ship. Reroute power between ship systems, operate turrets, run powerful programs, scan enemy vessels for information to give you an edge in battle, or start up the warp drive to escape a fight you cannot win. The strategies you use are up to you\u2014or your Captain.</p><p>Embark on missions, investigate abandoned stations, and scavenge for components that could aid you in your voyage. Teleport down to the surfaces of planets where you may face extreme environments and dangerous creatures. Trek across the galaxy, and discover what lies on its fringes.</p><p><b><h3>Game Features</h3></b></p><ul><li>Online co-op multiplayer (1 \u2013 5 players)</li><li>Offline / singleplayer mode</li><li>Customizable AI crew bots in online and offline mode</li><li>Five unique classes; everyone plays a role on the ship</li><li>Fast-paced and tactical ship-to-ship space combat</li><li>Teleport to other ships, planets or stations to join the away team</li><li>Loot planets and stations for valuable items</li><li>Board enemy ships to capture them or destroy their systems</li><li>VR mode (with motion controller support)</li></ul></div></div>             </div>"
}