{
    "link": "https://fitgirl-repacks.site/punk-wars/",
    "title": "Punk Wars \u2013 v1.0.6",
    "first_img": "https://i7.imageban.ru/out/2021/11/15/377d4885702c5f56c70c4b8cd87875ed.jpg",
    "second_img": "https://s01.riotpixels.net/data/c7/b3/c7b3487e-5479-432f-8e9e-fffcf58a9cf5.jpg.240p.jpg",
    "body": "<div ><h2>Punk Wars \u2013 v1.0.6</h2><p ><div><a target=\"_blank\" href=\"https://en.riotpixels.com/games/punk-wars/\" rel=\"noopener\"><img class=\"alignleft\" width=\"150\" src=\"https://i7.imageban.ru/out/2021/11/15/377d4885702c5f56c70c4b8cd87875ed.jpg\"></a></div><br>Genres/Tags: <strong>Strategy, Turn-based, Isometric, Real-Time, 3D</strong><br>Companies: <strong>Strategy Forge S.A., Jujubee S.A., </strong><br>Languages: <strong>RUS/ENG/MULTI7</strong><br>Original Size: <strong>5.2 GB</strong><br>Repack Size: <strong>2.8 GB</strong></p>&nbsp;<div>&nbsp;</div><h3>Download Mirrors</h3><ul><li><a href=\"https://1337x.to/torrent/5052074/Punk-Wars-v1-0-6-MULTi7-FitGirl-Repack/\" target=\"_blank\" rel=\"noopener\">1337x</a> | [<a href=\"magnet:?xt=urn:btih:A740EFF9D6F8664E12900A9A3CDD5138B2D2C900&amp;dn=Punk+Wars+%28v1.0.6%2C+MULTi7%29+%5BFitGirl+Repack%5D&amp;tr=udp%3A%2F%2F46.148.18.250%3A2710&amp;tr=udp%3A%2F%2Fopentor.org%3A2710&amp;tr=udp%3A%2F%2Ftracker.coppersurfer.tk%3A6969%2Fannounce&amp;tr=udp%3A%2F%2Ftracker.opentrackr.org%3A1337%2Fannounce&amp;tr=http%3A%2F%2Ftracker.dler.org%3A6969%2Fannounce&amp;tr=udp%3A%2F%2Ftracker.leechers-paradise.org%3A6969%2Fannounce&amp;tr=udp%3A%2F%2F9.rarbg.me%3A2730%2Fannounce&amp;tr=udp%3A%2F%2F9.rarbg.to%3A2770%2Fannounce&amp;tr=udp%3A%2F%2Ftracker.pirateparty.gr%3A6969%2Fannounce&amp;tr=http%3A%2F%2Fretracker.local%2Fannounce&amp;tr=http%3A%2F%2Fretracker.ip.ncnet.ru%2Fannounce&amp;tr=udp%3A%2F%2Fexodus.desync.com%3A6969%2Fannounce&amp;tr=udp%3A%2F%2Fipv4.tracker.harry.lu%3A80%2Fannounce&amp;tr=udp%3A%2F%2Fopen.stealth.si%3A80%2Fannounce&amp;tr=udp%3A%2F%2Ftracker.zer0day.to%3A1337%2Fannounce&amp;tr=udp%3A%2F%2Ftracker.leechers-paradise.org%3A6969%2Fannounce&amp;tr=udp%3A%2F%2Fcoppersurfer.tk%3A6969%2Fannounce\">magnet</a>] [<a href=\"https://pastefg.hermietkreeft.site/?2236ae38e8c3eea0#GJsQy2J4NP8nM6cAPrSwdwYyuP2jsCNFJN1w1ocLXCqn\" target=\"_blank\" rel=\"noopener\">.torrent file only</a>] <br><img src=\"https://torrent-stats.info/0a9a/3162c704.png\" style=\"display:block;clear:both\"></li><li><a href=\"http://rutor.info/torrent/845663/punk-wars-v-1.0.6-2021-pc-repack-ot-fitgirl\" target=\"_blank\" rel=\"noopener\">RuTor</a> [<a href=\"magnet:?xt=urn:btih:a740eff9d6f8664e12900a9a3cdd5138b2d2c900&amp;dn=rutor.info_Punk+Wars+%5Bv+1.0.6%5D+%282021%29+PC+%7C+RePack+%D0%BE%D1%82+FitGirl&amp;tr=udp://opentor.net:6969&amp;tr=udp://opentor.org:2710&amp;tr=http://retracker.local/announce\">magnet</a>]</li><li><a href=\"https://tapochek.net/viewtopic.php?p=2812480\" target=\"_blank\" rel=\"noopener\">Tapochek.net</a></li><li><a href=\"https://pastefg.hermietkreeft.site/?c4ea0becd4a1c8e8#fL77eZHPxfPPzZfP2aZwfGq14YnfSipXdqU6GHsruaB\" target=\"_blank\" rel=\"noopener\">Filehoster: MultiUpload</a> (10+ hosters, interchangeable) [Use <a href=\"http://jdownloader.org/jdownloader2\" target=\"_blank\" rel=\"noopener\">JDownloader2</a>]</li><li><a href=\"https://pastefg.hermietkreeft.site/?a16bb6a31c504f42#2a5F5NNPwG5UTzHKuAtaUvdCnLghxUms2GZeJU3RWG41\" target=\"_blank\" rel=\"noopener\">Filehoster: ZippyShare</a></li><li><a href=\"https://pastefg.hermietkreeft.site/?1ac9a154772deed4#9bthYA77HGPUZbxGuVWdQTBpoKxTMsovgtTFzzszQxcf\" target=\"_blank\" rel=\"noopener\">Filehoster: BayFiles</a></li><li><a href=\"https://pastefg.hermietkreeft.site/?995ba76454f78350#B4z3YGw5iDfsG1GXDzNP79oBaxZWS4LiiZDcgBQ62xBZ\" target=\"_blank\" rel=\"noopener\">Filehoster: LetsUpload</a> [Use <a href=\"http://jdownloader.org/jdownloader2\" target=\"_blank\" rel=\"noopener\">JDownloader2</a>]</li><li><a href=\"https://pastefg.hermietkreeft.site/?defe04a072dcc34a#9biq985xDU4MuUCeidcWDWoY1GxTRKcvmenP9bqXveyY\" target=\"_blank\" rel=\"noopener\">Filehoster: OneDrive</a> (Uploaded by DyR0 t(-_-t), NOT compatible with other mirrors)</li><p><!--  <li><a href=\"\" target=\"_blank\" rel=\"noopener\">Filehosters: Google Drive, OneDrive + others</a> (Uploaded by crackhub213)</li>  --></p></ul><p><a href=\"https://cs.rin.ru/forum/viewtopic.php?f=10&amp;t=117195\" target=\"_blank\" rel=\"noopener\">Discussion and (possible) future updates on CS.RIN.RU thread</a></p><h3>Screenshots (Click to enlarge)</h3><p><a target=\"_blank\" href=\"https://en.riotpixels.com/games/punk-wars/screenshots/15/?utm_source=emb-gfx-html&amp;utm_medium=image&amp;utm_campaign=rp-mass\" rel=\"noopener\"><img loading=\"lazy\" width=\"178\" height=\"100\" border=\"0\" src=\"https://s01.riotpixels.net/data/c7/b3/c7b3487e-5479-432f-8e9e-fffcf58a9cf5.jpg.240p.jpg\"></a><a target=\"_blank\" href=\"https://en.riotpixels.com/games/punk-wars/screenshots/13/?utm_source=emb-gfx-html&amp;utm_medium=image&amp;utm_campaign=rp-mass\" rel=\"noopener\"><img loading=\"lazy\" width=\"178\" height=\"100\" border=\"0\" src=\"https://s01.riotpixels.net/data/eb/57/eb570dd6-c1bc-4f21-b16d-b39d6171fe41.jpg.240p.jpg\"></a><a target=\"_blank\" href=\"https://en.riotpixels.com/games/punk-wars/screenshots/12/?utm_source=emb-gfx-html&amp;utm_medium=image&amp;utm_campaign=rp-mass\" rel=\"noopener\"><img loading=\"lazy\" width=\"178\" height=\"100\" border=\"0\" src=\"https://s01.riotpixels.net/data/13/65/1365de20-3db9-473c-904a-37419f830e14.jpg.240p.jpg\"></a><br><a target=\"_blank\" href=\"https://en.riotpixels.com/games/punk-wars/screenshots/10/?utm_source=emb-gfx-html&amp;utm_medium=image&amp;utm_campaign=rp-mass\" rel=\"noopener\"><img loading=\"lazy\" width=\"178\" height=\"100\" border=\"0\" src=\"https://s01.riotpixels.net/data/08/56/0856e790-0e2e-4a46-b3b8-838d36122a17.jpg.240p.jpg\"></a><a target=\"_blank\" href=\"https://en.riotpixels.com/games/punk-wars/screenshots/7/?utm_source=emb-gfx-html&amp;utm_medium=image&amp;utm_campaign=rp-mass\" rel=\"noopener\"><img loading=\"lazy\" width=\"178\" height=\"100\" border=\"0\" src=\"https://s01.riotpixels.net/data/a3/ea/a3eaaad9-b0ff-4779-accf-058d8d2c28ea.jpg.240p.jpg\"></a><a target=\"_blank\" href=\"https://en.riotpixels.com/games/punk-wars/screenshots/3/?utm_source=emb-gfx-html&amp;utm_medium=image&amp;utm_campaign=rp-mass\" rel=\"noopener\"><img loading=\"lazy\" width=\"178\" height=\"100\" border=\"0\" src=\"https://s01.riotpixels.net/data/ee/5b/ee5b791b-7333-474b-b9c8-5c00627665d2.jpg.240p.jpg\"></a></p><h3>Repack Features</h3><ul><li>Based on Punk.Wars-CODEX ISO release: codex-punk.wars.iso (5,578,457,088 bytes)</li><li>100% Lossless &amp; MD5 Perfect: all files are identical to originals after installation</li><li>NOTHING ripped, NOTHING re-encoded</li><li>Significantly smaller archive size (compressed from 5.2 to 2.8 GB)</li><li>Installation takes 4 minutes</li><li>After-install integrity check so you could make sure that everything installed properly</li><li>HDD space after installation: 10.8 GB</li><li>Language can be changed in game settings</li><li>At least 2 GB of free RAM (inc. virtual) required for installing this repack</li></ul><div ><div><h2>Game Description</h2></div><div ><b>ONLY OUR TECHNOLOGY CAN SAVE YOU</b><br>The years go by and another cycle has come to an end. Our civilisation has crumbled due to our greed and selfishness. Now we know that to avoid repeating the same mistakes, we need to stand united\u2026 and ours is the banner, under which humanity can thrive again. Our technology, philosophy and way of life are the ones that can finally bring happiness to the world\u2026 we just need to convince a few stubborn leaders\u2026<p>Punk Wars is a combat and tactics-oriented strategy drawing inspiration from the classic turn-based 4X titles. Set in a post-apocalyptic world, in which the ruins of a once powerful megacity become the arena for a deadly fight between four newly emerged corporations, trying to assert dominance for both their unique technology and philosophy of life.</p><p>Become the powerful leader of the mesianic steampunk, tenebrous dieselpunk, militaristic steelpunk or technocratic atompunk; explore the ruins of a bygone civilization, where resources are scarce and the dangers way too common. Develop your infrastructure and technology that will secure your triumph. Create a winning strategy and a playstyle for each faction, utilising their distinctive skills and units.</p><p><b>EXPLORE. DEVELOP. CONQUER.</b><br>But before you make that happen, you will have to set out to explore the once magnificent, ruined wasteland full of hostile nomads; find water and other vital resources, extract them and put them to a good use developing your scientific, industrial and military infrastructure. Grow and expand your territory, creating advanced and foolproof supply chains in which single units rely on each other, working together like one organism.</p><p>Grow and rule over your population, carefully monitoring its well-being and keeping it content. Plan ahead as much as you can, but leave yourself some space for a time when a random event strikes. And finally \u2013 put your meticulously trained and developed units to good use, engaging in challenging, turn-based battles that will put your tactical thinking to the test.</p><p><b><h3>Game Features</h3></b></p><ul><li>Take control of one of the four powerful corporations \u2013 Steampunk, Dieselpunk, Atompunk or Steelpunk \u2013 and use its unique skillset to lead it to glory.</li><li>Explore the mysteries of a ruined, post-apocalyptic megacity.</li><li>Level up your units and engage in fierce battles that will challenge your tactical sense.</li><li>Grow your scientific, industrial and military infrastructure, creating advanced supply chains.</li><li>Seek, garner and wisely use scarce resources.</li><li>Unite humanity and lead it to the new era of peace and prosperity!</li></ul></div></div>             </div>"
}