{
    "link": "https://fitgirl-repacks.site/puppetnetik-speedrun-challenge/",
    "title": "PuppeTNetiK: Speedrun Challenge",
    "first_img": "https://i6.imageban.ru/out/2021/08/11/7e4faaf632d129c3bed2edaefacb5cb7.jpg",
    "second_img": "https://s01.riotpixels.net/data/dc/c6/dcc6e46f-5fc7-4fc2-a2dc-9645ef09ec27.jpg.240p.jpg",
    "body": "<div ><h2>PuppeTNetiK: Speedrun Challenge</h2><p ><div><a target=\"_blank\" href=\"https://en.riotpixels.com/games/puppetnetik-speedrun-challenge/\" rel=\"noopener\"><img class=\"alignleft\" width=\"150\" src=\"https://i6.imageban.ru/out/2021/08/11/7e4faaf632d129c3bed2edaefacb5cb7.jpg\"></a></div><br>Genres/Tags: <strong>Arcade, Jump and run, Isometric, Side, 3D</strong><br>Company: <strong>Contraddiction Games</strong><br>Languages: <strong>ENG/MULTI8</strong><br>Original Size: <strong>3.3 GB</strong><br>Repack Size: <strong>2.1 GB</strong></p>&nbsp;<div>&nbsp;</div><h3>Download Mirrors</h3><ul><li><a href=\"https://1337x.to/torrent/4949156/PuppeTNetiK-Speedrun-Challenge-MULTi8-FitGirl-Repack/\" target=\"_blank\" rel=\"noopener\">1337x</a> | [<a href=\"magnet:?xt=urn:btih:97F7F9FF69832FC08B7E4570EDD36CC7B096A20A&amp;dn=PuppeTNetiK%3A+Speedrun+Challenge+%28MULTi8%29+%5BFitGirl+Repack%5D&amp;tr=udp%3A%2F%2F46.148.18.250%3A2710&amp;tr=udp%3A%2F%2Fopentor.org%3A2710&amp;tr=udp%3A%2F%2Ftracker.coppersurfer.tk%3A6969%2Fannounce&amp;tr=udp%3A%2F%2Ftracker.opentrackr.org%3A1337%2Fannounce&amp;tr=http%3A%2F%2Ftracker.dler.org%3A6969%2Fannounce&amp;tr=udp%3A%2F%2Ftracker.leechers-paradise.org%3A6969%2Fannounce&amp;tr=udp%3A%2F%2F9.rarbg.me%3A2730%2Fannounce&amp;tr=udp%3A%2F%2F9.rarbg.to%3A2770%2Fannounce&amp;tr=udp%3A%2F%2Ftracker.pirateparty.gr%3A6969%2Fannounce&amp;tr=http%3A%2F%2Fretracker.local%2Fannounce&amp;tr=http%3A%2F%2Fretracker.ip.ncnet.ru%2Fannounce&amp;tr=udp%3A%2F%2Fexodus.desync.com%3A6969%2Fannounce&amp;tr=udp%3A%2F%2Fipv4.tracker.harry.lu%3A80%2Fannounce&amp;tr=udp%3A%2F%2Fopen.stealth.si%3A80%2Fannounce&amp;tr=udp%3A%2F%2Ftracker.zer0day.to%3A1337%2Fannounce&amp;tr=udp%3A%2F%2Ftracker.leechers-paradise.org%3A6969%2Fannounce&amp;tr=udp%3A%2F%2Fcoppersurfer.tk%3A6969%2Fannounce\">magnet</a>] [<a href=\"https://pastefg.hermietkreeft.site/?763acc17b5e46166#5Ub1p5WTKU8yW7se8N5cFTQqc6CV2bPZNNY7VxMfGP45\" target=\"_blank\" rel=\"noopener\">.torrent file only</a>] <br><img src=\"https://torrent-stats.info/4570/13b734520.png\" style=\"display:block;clear:both\"></li><li><a href=\"https://tapochek.net/viewtopic.php?p=2794076\" target=\"_blank\" rel=\"noopener\">Tapochek.net</a></li><li><a href=\"https://pastefg.hermietkreeft.site/?8fe8c799922fb6d0#HmGyLDpjaCk4prdu4UxJ7cEGhQcqMGVhp4QcAZGx8HUn\" target=\"_blank\" rel=\"noopener\">Filehoster: MultiUpload</a> (10+ hosters, interchangeable) [Use <a href=\"http://jdownloader.org/jdownloader2\" target=\"_blank\" rel=\"noopener\">JDownloader2</a>]</li><li><a href=\"https://pastefg.hermietkreeft.site/?ec3762334375fa11#3wtXKgd6V2p2QodbBh4VvC3YcKtWUd16eGyFrpBjJAFj\" target=\"_blank\" rel=\"noopener\">Filehoster: PixelDrain</a></li><li><a href=\"https://pastefg.hermietkreeft.site/?44069ee808e6dce3#4pH6ApykyheEMBqCxPm6HTFeJRNjJ3Ueii7e357zYBEb\" target=\"_blank\" rel=\"noopener\">Filehoster: ZippyShare</a></li><li><a href=\"https://pastefg.hermietkreeft.site/?fb94ad2ac8bc57ca#Bugbp6yCwVqyP2BmzEjSRdzctVTJVoUVHhM4bg5A1YbU\" target=\"_blank\" rel=\"noopener\">Filehoster: LetsUpload</a> [Use <a href=\"http://jdownloader.org/jdownloader2\" target=\"_blank\" rel=\"noopener\">JDownloader2</a>]</li><li><a href=\"https://crackhub.site/puppetnetik-speedrun-challenge-fitgirl-repack/\" target=\"_blank\" rel=\"noopener\">Filehosters: Google Drive, OneDrive + others</a> (Uploaded by crackhub213)</li><li><a href=\"https://pastefg.hermietkreeft.site/?2e77cfe19ccebdcb#96DgW1SahWX7gLpxebUHuvCnG3XArVfdM4hoU7qXwzcn\" target=\"_blank\" rel=\"noopener\">Filehoster: OneDrive</a> (Uploaded by DyR0 t(-_-t), NOT compatible with other mirrors)</li></ul><p><a href=\"https://cs.rin.ru/forum/viewtopic.php?f=10&amp;t=112985\" target=\"_blank\" rel=\"noopener\">Discussion and (possible) future updates on CS.RIN.RU thread</a></p><h3>Screenshots (Click to enlarge)</h3><p><a target=\"_blank\" href=\"https://en.riotpixels.com/games/puppetnetik-speedrun-challenge/screenshots/14/?utm_source=emb-gfx-html&amp;utm_medium=image&amp;utm_campaign=rp-mass\" rel=\"noopener\"><img loading=\"lazy\" width=\"178\" height=\"100\" border=\"0\" src=\"https://s01.riotpixels.net/data/dc/c6/dcc6e46f-5fc7-4fc2-a2dc-9645ef09ec27.jpg.240p.jpg\"></a><a target=\"_blank\" href=\"https://en.riotpixels.com/games/puppetnetik-speedrun-challenge/screenshots/13/?utm_source=emb-gfx-html&amp;utm_medium=image&amp;utm_campaign=rp-mass\" rel=\"noopener\"><img loading=\"lazy\" width=\"178\" height=\"100\" border=\"0\" src=\"https://s01.riotpixels.net/data/ac/ed/aced45d6-3bbf-4627-80a3-57ccdcb70b92.jpg.240p.jpg\"></a><a target=\"_blank\" href=\"https://en.riotpixels.com/games/puppetnetik-speedrun-challenge/screenshots/9/?utm_source=emb-gfx-html&amp;utm_medium=image&amp;utm_campaign=rp-mass\" rel=\"noopener\"><img loading=\"lazy\" width=\"178\" height=\"100\" border=\"0\" src=\"https://s01.riotpixels.net/data/c8/76/c876e8ae-3f63-43c3-b69b-0ad0f3532d1c.jpg.240p.jpg\"></a><br><a target=\"_blank\" href=\"https://en.riotpixels.com/games/puppetnetik-speedrun-challenge/screenshots/6/?utm_source=emb-gfx-html&amp;utm_medium=image&amp;utm_campaign=rp-mass\" rel=\"noopener\"><img loading=\"lazy\" width=\"178\" height=\"100\" border=\"0\" src=\"https://s01.riotpixels.net/data/ce/ff/ceffa07b-2449-44bd-b72d-7e944af5da52.jpg.240p.jpg\"></a><a target=\"_blank\" href=\"https://en.riotpixels.com/games/puppetnetik-speedrun-challenge/screenshots/4/?utm_source=emb-gfx-html&amp;utm_medium=image&amp;utm_campaign=rp-mass\" rel=\"noopener\"><img loading=\"lazy\" width=\"178\" height=\"100\" border=\"0\" src=\"https://s01.riotpixels.net/data/52/1d/521de087-f694-4ba6-9368-5afb2c82af72.jpg.240p.jpg\"></a><a target=\"_blank\" href=\"https://en.riotpixels.com/games/puppetnetik-speedrun-challenge/screenshots/1/?utm_source=emb-gfx-html&amp;utm_medium=image&amp;utm_campaign=rp-mass\" rel=\"noopener\"><img loading=\"lazy\" width=\"178\" height=\"100\" border=\"0\" src=\"https://s01.riotpixels.net/data/1b/9e/1b9e4e4d-2ee5-4cd6-b712-41973ad5c8fc.jpg.240p.jpg\"></a></p><h3>Repack Features</h3><ul><li>Based on PuppeTNetiK.Speedrun.Challenge-DOGE ISO release: wow-puppetnetik.speedrun.challenge.iso (3,495,020,544 bytes)</li><li>100% Lossless &amp; MD5 Perfect: all files are identical to originals after installation</li><li>NOTHING ripped, NOTHING re-encoded</li><li>Significantly smaller archive size (compressed from 3.3 to 2.1 GB)</li><li>Installation takes 1-2 minutes</li><li>After-install integrity check so you could make sure that everything installed properly</li><li>HDD space after installation: 6.7 GB</li><li>Language can be changed in game settings</li><li>At least 2 GB of free RAM (inc. virtual) required for installing this repack</li></ul><div ><div><h2>Game Description</h2></div><div ><b>Puppetnetik</b> is not a simple video game, it is a control experience on a military climbing prototype made from Moscovium-based materials that offer extraordinary magnetic properties.<p>Try to take control of his limbs with the help of a magnet in a multitude of locations!</p><p><b><h3>Game Features</h3></b></p><ul><li>Dodge, run, jump!</li><li>Discover all the skins for your puppetnetik</li><li>Leaderboards for each level</li><li>Unlock the Achievements</li><li>Get to the Top!</li><li><b>Ranked Speedrun MAP:</b> Try to beat the record in a hard long mode!</li><li><b>Ranked Speedruns Single Level:</b> Each level has its leaderboard, try to be the best!</li></ul></div></div>             </div>"
}