{
    "link": "https://fitgirl-repacks.site/quake-enhanced/",
    "title": "Quake: Enhanced",
    "first_img": "https://i6.imageban.ru/out/2021/08/19/72053d26ad9b1d5098af05b203948ca0.jpg",
    "second_img": "https://s01.riotpixels.net/data/10/ef/10ef3e1d-f5da-4b77-b836-045d277a0c38.jpg.240p.jpg",
    "body": "<div ><h2>Quake: Enhanced</h2><p ><div><a target=\"_blank\" href=\"https://en.riotpixels.com/games/quake-ii-2021/\" rel=\"noopener\"><img class=\"alignleft\" width=\"150\" src=\"https://i6.imageban.ru/out/2021/08/19/72053d26ad9b1d5098af05b203948ca0.jpg\"></a></div><br>Genres/Tags: <strong>Action, Shooter, First-person, 3D</strong><br>Companies: <strong>id Software, Bethesda Softworks</strong><br>Languages: <strong>RUS/ENG/MULTI6</strong><br>Original Size: <strong>575 MB</strong><br>Repack Size: <strong>355 MB</strong></p>&nbsp;<div>&nbsp;</div><h3>Download Mirrors</h3><ul><li><a href=\"https://1337x.to/torrent/4957793/Quake-Enhanced-MULTi6-FitGirl-Repack/\" target=\"_blank\" rel=\"noopener\">1337x</a> | [<a href=\"magnet:?xt=urn:btih:EC0AEDA55BB77308C99A2F3ACDF3DEE6C42460DE&amp;dn=Quake%3A+Enhanced+%28MULTi6%29+%5BFitGirl+Repack%5D&amp;tr=udp%3A%2F%2F46.148.18.250%3A2710&amp;tr=udp%3A%2F%2Fopentor.org%3A2710&amp;tr=udp%3A%2F%2Ftracker.coppersurfer.tk%3A6969%2Fannounce&amp;tr=udp%3A%2F%2Ftracker.opentrackr.org%3A1337%2Fannounce&amp;tr=http%3A%2F%2Ftracker.dler.org%3A6969%2Fannounce&amp;tr=udp%3A%2F%2Ftracker.leechers-paradise.org%3A6969%2Fannounce&amp;tr=udp%3A%2F%2F9.rarbg.me%3A2730%2Fannounce&amp;tr=udp%3A%2F%2F9.rarbg.to%3A2770%2Fannounce&amp;tr=udp%3A%2F%2Ftracker.pirateparty.gr%3A6969%2Fannounce&amp;tr=http%3A%2F%2Fretracker.local%2Fannounce&amp;tr=http%3A%2F%2Fretracker.ip.ncnet.ru%2Fannounce&amp;tr=udp%3A%2F%2Fexodus.desync.com%3A6969%2Fannounce&amp;tr=udp%3A%2F%2Fipv4.tracker.harry.lu%3A80%2Fannounce&amp;tr=udp%3A%2F%2Fopen.stealth.si%3A80%2Fannounce&amp;tr=udp%3A%2F%2Ftracker.zer0day.to%3A1337%2Fannounce&amp;tr=udp%3A%2F%2Ftracker.leechers-paradise.org%3A6969%2Fannounce&amp;tr=udp%3A%2F%2Fcoppersurfer.tk%3A6969%2Fannounce\">magnet</a>] [<a href=\"https://pastefg.hermietkreeft.site/?909084dfbdbacce1#89fZpVhecn46PZ7WxpcM82UnBCvZWgzqpfnjDry2o4wg\" target=\"_blank\" rel=\"noopener\">.torrent file only</a>] <br><img src=\"https://torrent-stats.info/2f3a/d6f04b92.png\" style=\"display:block;clear:both\"></li><li><a href=\"http://rutor.info/torrent/830492/quake-enhanced-1996/2021-pc-repack-ot-fitgirl\" target=\"_blank\" rel=\"noopener\">RuTor</a> [<a href=\"magnet:?xt=urn:btih:ec0aeda55bb77308c99a2f3acdf3dee6c42460de&amp;dn=rutor.info_Quake+Enhanced+%281996%2F2021%29+PC+%7C+RePack+%D0%BE%D1%82+FitGirl&amp;tr=udp://opentor.org:2710&amp;tr=udp://opentor.org:2710&amp;tr=http://retracker.local/announce\">magnet</a>]</li><li><a href=\"https://tapochek.net/viewtopic.php?p=2795637\" target=\"_blank\" rel=\"noopener\">Tapochek.net</a></li><li><a href=\"https://pastefg.hermietkreeft.site/?8bb53d46d177f6d8#BJ2g1qEQpoiHepTU4C3he3D5FdUZaVcLNjNnnTzQwSiT\" target=\"_blank\" rel=\"noopener\">Filehoster: MultiUpload</a> (10+ hosters, interchangeable) [Use <a href=\"http://jdownloader.org/jdownloader2\" target=\"_blank\" rel=\"noopener\">JDownloader2</a>]</li><li><a href=\"https://pastefg.hermietkreeft.site/?b902c630ef6b8b15#7xNjBLoiENfPSkb86vNzMshLWfoRqjwb3RkckB62DGHP\" target=\"_blank\" rel=\"noopener\">Filehoster: PixelDrain</a></li><li><a href=\"https://pastefg.hermietkreeft.site/?a26f9700640b9dd1#FTRB3n96ADCos2nLy77TmuRDo4K7g1DkojCcmK74bLKi\" target=\"_blank\" rel=\"noopener\">Filehoster: ZippyShare</a></li><li><a href=\"https://pastefg.hermietkreeft.site/?2f85d44c4566d2c3#6Caqf4ZX12UyFUj5Hx78ABXDxk3JTpuLMNQgaSG6JH3v\" target=\"_blank\" rel=\"noopener\">Filehoster: LetsUpload</a> [Use <a href=\"http://jdownloader.org/jdownloader2\" target=\"_blank\" rel=\"noopener\">JDownloader2</a>]</li><li><a href=\"https://pastefg.hermietkreeft.site/?7a6a047249a1d0d4#8iAbWPfj88et3iKe2t51aUsHWRrkZdZE3BPo9acPa7z3\" target=\"_blank\" rel=\"noopener\">Filehoster: OneDrive</a> (Uploaded by DyR0 t(-_-t), NOT compatible with other mirrors)</li></ul><p><a href=\"https://cs.rin.ru/forum/viewtopic.php?f=10&amp;t=77152\" target=\"_blank\" rel=\"noopener\">Discussion and (possible) future updates on CS.RIN.RU thread</a></p><h3>Screenshots (Click to enlarge)</h3><p><a target=\"_blank\" href=\"https://en.riotpixels.com/games/quake-ii-2021/screenshots/11/?utm_source=emb-gfx-html&amp;utm_medium=image&amp;utm_campaign=rp-mass\" rel=\"noopener\"><img loading=\"lazy\" width=\"178\" height=\"100\" border=\"0\" src=\"https://s01.riotpixels.net/data/10/ef/10ef3e1d-f5da-4b77-b836-045d277a0c38.jpg.240p.jpg\"></a><a target=\"_blank\" href=\"https://en.riotpixels.com/games/quake-ii-2021/screenshots/9/?utm_source=emb-gfx-html&amp;utm_medium=image&amp;utm_campaign=rp-mass\" rel=\"noopener\"><img loading=\"lazy\" width=\"178\" height=\"100\" border=\"0\" src=\"https://s01.riotpixels.net/data/ce/2f/ce2fbfbe-db0f-4fc3-a328-ee17c82acd40.jpg.240p.jpg\"></a><a target=\"_blank\" href=\"https://en.riotpixels.com/games/quake-ii-2021/screenshots/8/?utm_source=emb-gfx-html&amp;utm_medium=image&amp;utm_campaign=rp-mass\" rel=\"noopener\"><img loading=\"lazy\" width=\"178\" height=\"100\" border=\"0\" src=\"https://s01.riotpixels.net/data/ca/9e/ca9e968d-6f1d-41ef-836a-ca7c73061cf6.jpg.240p.jpg\"></a><br><a target=\"_blank\" href=\"https://en.riotpixels.com/games/quake-ii-2021/screenshots/5/?utm_source=emb-gfx-html&amp;utm_medium=image&amp;utm_campaign=rp-mass\" rel=\"noopener\"><img loading=\"lazy\" width=\"178\" height=\"100\" border=\"0\" src=\"https://s01.riotpixels.net/data/6b/27/6b2772ce-7070-4419-a2a5-eae4aed08e5f.jpg.240p.jpg\"></a><a target=\"_blank\" href=\"https://en.riotpixels.com/games/quake-ii-2021/screenshots/2/?utm_source=emb-gfx-html&amp;utm_medium=image&amp;utm_campaign=rp-mass\" rel=\"noopener\"><img loading=\"lazy\" width=\"178\" height=\"100\" border=\"0\" src=\"https://s01.riotpixels.net/data/d0/c3/d0c321e2-c57f-4a07-9d79-57025d10aff7.jpg.240p.jpg\"></a><a target=\"_blank\" href=\"https://en.riotpixels.com/games/quake-ii-2021/screenshots/1/?utm_source=emb-gfx-html&amp;utm_medium=image&amp;utm_campaign=rp-mass\" rel=\"noopener\"><img loading=\"lazy\" width=\"178\" height=\"100\" border=\"0\" src=\"https://s01.riotpixels.net/data/ff/0f/ff0f233b-8b5e-4d62-ae15-30aba8e527bb.jpg.240p.jpg\"></a></p><h3>Repack Features</h3><ul><li>Based on Quake.Enhanced-PLAZA ISO release: plaza-quake.enhanced.iso (602,832,896 bytes)</li><li>100% Lossless &amp; MD5 Perfect: all files are identical to originals after installation</li><li>NOTHING ripped, NOTHING re-encoded</li><li>Significantly smaller archive size (compressed from 575 to 355 MB)</li><li>Installation takes less than a minute</li><li>After-install integrity check so you could make sure that everything installed properly</li><li>HDD space after installation: 1.4 GB</li><li>Language can be changed in game settings</li><li>At least 2 GB of free RAM (inc. virtual) required for installing this repack</li></ul><div ><div><h2>Game Description</h2></div><div >Developed by the award-winning id Software, Quake\u00ae is the ground-breaking, original dark fantasy first-person shooter that inspires today\u2019s retro-style FPS games. With Quake (Enhanced), experience the authentic, updated, and visually enhanced version of the original.<p><b>Experience the Original Game, Enhanced</b><br>Enjoy the original, authentic version of Quake, now with up to 4K* and widescreen resolution support, enhanced models, dynamic and colored lighting, anti-aliasing, depth of field, the original, atmospheric soundtrack and theme song by Trent Reznor, and more. There\u2019s never been a better time to play Quake.</p><p><b>Play the Dark Fantasy Campaign</b><br>You are Ranger, a warrior armed with a powerful arsenal of weapons. Fight corrupted knights, deformed ogres and an army of twisted creatures across four dark dimensions of infested military bases, ancient medieval castles, lava-filled dungeons and gothic cathedrals in search of the four magic runes. Only after you have collected the runes will you hold the power to defeat the ancient evil that threatens all of humanity.</p><p><b>Get the Original &amp; New Expansion Packs</b><br>Quake also comes with both original expansion packs: \u201cThe Scourge of Armagon\u201d and \u201cDissolution of Eternity,\u201d as well as two expansions developed by the award-winning team at MachineGames: \u201cDimension of the Past,\u201d and the all-new \u201cDimension of the Machine.\u201d</p><p>Discover the All-New \u201cDimension of the Machine\u201d Expansion<br>In the deepest depths of the labyrinth lies the core of lava and steel known only as The Machine. Crusade across time and space against the forces of evil to bring together the lost runes, power the dormant machine, and open the portal hiding the greatest threat to all known worlds\u2014destroy it\u2026before it destroys us all.</p><p><b>Enjoy Online &amp; Local Multiplayer and Co-op</b><br>Fight through the dark fantasy base campaign and expansions in 4-player online or local split-screen co-op, and compete in pure, retro-style combat with support for 8-player (online) or 4-player (local split-screen) matches. Featuring dedicated server support for online matchmaking and peer-to-peer support for custom matches.</p><p><b>Download Additional, Free Mods &amp; Missions</b><br>Expand your experience with free, curated, fan-made and official mods and missions such as Quake 64, which is available to download and play now. More fan-made and official mods and missions coming soon.</p><p><b>Play together With Crossplay</b><br>Play the campaign and all expansion packs cooperatively or go toe-to-toe in multiplayer matches with your friends regardless of platform! Crossplay is supported among PC (controller-enabled), Xbox One, Xbox Series X/S, PS4, PS5 and Nintendo Switch.</p><p><b>Get the \u201coriginal\u201d and \u201cenhanced\u201d Versions</b><br>Play whichever version of Quake you prefer. Ownership of Quake gives you access to Quake (Original), the fully-moddable, untouched version of the game that has been available for years , and Quake (Enhanced), the recently released version of the game with improved visuals, curated add-ons, enhanced multiplayer support, crossplay, controller support, and more.</p></div></div>             </div>"
}