{
    "link": "https://fitgirl-repacks.site/r-type-final-2/",
    "title": "R-Type Final 2 \u2013 v1.2.0 + 7 DLCs",
    "first_img": "https://i3.imageban.ru/out/2021/10/16/a08cb6a06f29b7927bc86b2018b95690.jpg",
    "second_img": "https://s01.riotpixels.net/data/42/21/422135fb-26dc-435d-bfcd-5ce8d55e53d8.jpg.240p.jpg",
    "body": "<div ><h2>R-Type Final 2 \u2013 v1.2.0 + 7 DLCs</h2><p ><div><a target=\"_blank\" href=\"https://en.riotpixels.com/games/r-type-final-2\" rel=\"noopener\"><img class=\"alignleft\" width=\"150\" src=\"https://i3.imageban.ru/out/2021/10/16/a08cb6a06f29b7927bc86b2018b95690.jpg\"></a></div><br>Genres/Tags: <strong>Arcade, Shoot \u2019em up, Action</strong><br>Companies: <strong>Granzella Inc., NIS America, Inc.</strong><br>Languages: <strong>ENG/MULTI9</strong><br>Original Size: <strong>10 GB</strong><br>Repack Size: <strong>5.6 GB</strong></p>&nbsp;<div>&nbsp;</div><h3>Download Mirrors</h3><ul><li><a href=\"https://1337x.to/torrent/5165719/R-Type-Final-2-v1-2-0-7-DLCs-MULTi9-FitGirl-Repack/\" target=\"_blank\" rel=\"noopener\">1337x</a> | [<a href=\"magnet:?xt=urn:btih:67B820735D900F2CAA8A4EC5F7B1BEBC252B81CA&amp;dn=R-Type+Final+2+%28v1.2.0+%2B+7+DLCs%2C+MULTi9%29+%5BFitGirl+Repack%5D&amp;tr=udp%3A%2F%2F46.148.18.250%3A2710&amp;tr=udp%3A%2F%2Fopentor.org%3A2710&amp;tr=udp%3A%2F%2Ftracker.coppersurfer.tk%3A6969%2Fannounce&amp;tr=udp%3A%2F%2Ftracker.opentrackr.org%3A1337%2Fannounce&amp;tr=http%3A%2F%2Ftracker.dler.org%3A6969%2Fannounce&amp;tr=udp%3A%2F%2Ftracker.leechers-paradise.org%3A6969%2Fannounce&amp;tr=udp%3A%2F%2F9.rarbg.me%3A2730%2Fannounce&amp;tr=udp%3A%2F%2F9.rarbg.to%3A2770%2Fannounce&amp;tr=udp%3A%2F%2Ftracker.pirateparty.gr%3A6969%2Fannounce&amp;tr=http%3A%2F%2Fretracker.local%2Fannounce&amp;tr=http%3A%2F%2Fretracker.ip.ncnet.ru%2Fannounce&amp;tr=udp%3A%2F%2Fexodus.desync.com%3A6969%2Fannounce&amp;tr=udp%3A%2F%2Fipv4.tracker.harry.lu%3A80%2Fannounce&amp;tr=udp%3A%2F%2Fopen.stealth.si%3A80%2Fannounce&amp;tr=udp%3A%2F%2Ftracker.zer0day.to%3A1337%2Fannounce&amp;tr=udp%3A%2F%2Ftracker.leechers-paradise.org%3A6969%2Fannounce&amp;tr=udp%3A%2F%2Fcoppersurfer.tk%3A6969%2Fannounce\">magnet</a>] [<a href=\"https://pastefg.hermietkreeft.site/?40f14c60fda0bdc2#6Vnpdc6Wz7F2NaoDVK2v5tsSxTXHdAsw7XrPN9d2hs9R\" target=\"_blank\" rel=\"noopener\">.torrent file only</a>] <br><img src=\"https://torrent-stats.info/4ec5/178945e25.png\" style=\"display:block;clear:both\"></li><li><a href=\"https://tapochek.net/viewtopic.php?p=2836848\" target=\"_blank\" rel=\"noopener\">Tapochek.net</a></li><li><a href=\"https://pastefg.hermietkreeft.site/?20b8ab7ccfe2d43e#6xZJ3T9RhSTPyCqcnnLpLjdxDb76hux4SrffkyQvY1MF\" target=\"_blank\" rel=\"noopener\">Filehoster: MultiUpload</a> (10+ hosters, interchangeable) [Use <a href=\"http://jdownloader.org/jdownloader2\" target=\"_blank\" rel=\"noopener\">JDownloader2</a>]</li><li><a href=\"https://pastefg.hermietkreeft.site/?59388a12ca2211fa#3mLk5BdDspSHrMpZLwTr7G1o8WjZAHD2LiqUojDH8C7L\" target=\"_blank\" rel=\"noopener\">Filehoster: ZippyShare</a></li><li><a href=\"https://pastefg.hermietkreeft.site/?a8b66856e7b6033c#Cu2w3DN3GMAzZKVnEJ4Hatgvho9eAf3So5ApccjGErnF\" target=\"_blank\" rel=\"noopener\">Filehoster: BayFiles</a></li><li><a href=\"https://pastefg.hermietkreeft.site/?a2005aa27b9d0bb5#EEjDdHG9A7GbL9yGa4ZGMJ6HyoaW2J9kuJh9etihqmFV\" target=\"_blank\" rel=\"noopener\">Filehoster: OneDrive</a> (Uploaded by DyR0 t(-_-t), NOT compatible with other mirrors)</li><li><a href=\"https://crackhub.site/r-type-final-2-v1-2-0-7-dlcs-fitgirl-repack/\" target=\"_blank\" rel=\"noopener\">Filehosters: Google Drive, OneDrive + others</a> (Uploaded by crackhub213)</li></ul><p><a href=\"https://cs.rin.ru/forum/viewtopic.php?f=10&amp;t=97537\" target=\"_blank\" rel=\"noopener\">Discussion and (possible) future updates on CS.RIN.RU thread</a></p><h3>Screenshots (Click to enlarge)</h3><p><a target=\"_blank\" href=\"https://en.riotpixels.com/games/r-type-final-2/screenshots/25/?utm_source=emb-gfx-html&amp;utm_medium=image&amp;utm_campaign=rp-mass\" rel=\"noopener\"><img loading=\"lazy\" width=\"178\" height=\"100\" border=\"0\" src=\"https://s01.riotpixels.net/data/42/21/422135fb-26dc-435d-bfcd-5ce8d55e53d8.jpg.240p.jpg\"></a><a target=\"_blank\" href=\"https://en.riotpixels.com/games/r-type-final-2/screenshots/23/?utm_source=emb-gfx-html&amp;utm_medium=image&amp;utm_campaign=rp-mass\" rel=\"noopener\"><img loading=\"lazy\" width=\"178\" height=\"100\" border=\"0\" src=\"https://s01.riotpixels.net/data/31/c7/31c7e115-dd36-4170-919c-5865c2d43dee.jpg.240p.jpg\"></a><a target=\"_blank\" href=\"https://en.riotpixels.com/games/r-type-final-2/screenshots/16/?utm_source=emb-gfx-html&amp;utm_medium=image&amp;utm_campaign=rp-mass\" rel=\"noopener\"><img loading=\"lazy\" width=\"178\" height=\"100\" border=\"0\" src=\"https://s01.riotpixels.net/data/ab/77/ab776674-38b5-4438-a964-f873b17fd606.png.240p.jpg\"></a><br><a target=\"_blank\" href=\"https://en.riotpixels.com/games/r-type-final-2/screenshots/8/?utm_source=emb-gfx-html&amp;utm_medium=image&amp;utm_campaign=rp-mass\" rel=\"noopener\"><img loading=\"lazy\" width=\"178\" height=\"100\" border=\"0\" src=\"https://s01.riotpixels.net/data/7b/f7/7bf788ac-6e01-4612-9422-7cd290e6ce43.jpg.240p.jpg\"></a><a target=\"_blank\" href=\"https://en.riotpixels.com/games/r-type-final-2/screenshots/4/?utm_source=emb-gfx-html&amp;utm_medium=image&amp;utm_campaign=rp-mass\" rel=\"noopener\"><img loading=\"lazy\" width=\"178\" height=\"100\" border=\"0\" src=\"https://s01.riotpixels.net/data/6d/4b/6d4b0fce-724e-40e4-9001-eb7cb888ae4b.png.240p.jpg\"></a><a target=\"_blank\" href=\"https://en.riotpixels.com/games/r-type-final-2/screenshots/2/?utm_source=emb-gfx-html&amp;utm_medium=image&amp;utm_campaign=rp-mass\" rel=\"noopener\"><img loading=\"lazy\" width=\"178\" height=\"100\" border=\"0\" src=\"https://s01.riotpixels.net/data/18/84/18847eb4-1ded-4bc5-836d-79b8bd44add3.jpg.240p.jpg\"></a></p><h3>Repack Features</h3><ul><li>Based on Steam v1.2.0 (BuildID 8276170) release: 10 GB, thanks to Rui!</li><li>CODEX crack/emu applied over</li><li>Game version: v1.2.0; 7 DLCs are included and activated</li><li>100% Lossless &amp; MD5 Perfect: all files are identical to originals after installation</li><li>NOTHING ripped, NOTHING re-encoded</li><li>Significantly smaller archive size (compressed from 10 to 5.6 GB)</li><li>Installation takes 3-6 minutes (depending on your system)</li><li>After-install integrity check so you could make sure that everything installed properly</li><li>HDD space after installation: 10 GB</li><li>Language can be changed in game settings</li><li>Repack uses XTool library by Razor12911</li><li>At least 2 GB of free RAM (inc. virtual) required for installing this repack</li></ul><div ><div><h2>Game Description</h2></div><div >R-Type has returned! The legendary side-scroller is back and better than ever with beautifully rendered 3D graphics, exhilarating shoot-\u2019em-up gameplay, and a multitude of stages, ships, and weapons that will allow you to conduct a symphony of destruction upon your foes.<p>Feel the rush of mowing down hordes of Bydo with your fleet of R-Type fighters equipped with an arsenal of new and classic wave cannons, force units, bit devices, and devastating delta weapons. The Bydo threat is always evolving, as new enemies spawn from the wreckage of fallen foes, and stages are corrupted and altered by the sentient Bydo corruption. R-Type Final 2 unites the explosive action of the original games with modernized visuals and gameplay features, making this a must-have title for new and old shoot-\u2019em-up fans alike.</p><p>Enhanced and Evolved<br>R-Type is back and better than ever! Experience the explosive return of the legendary shoot-\u2019em-up on PC, where the high-octane action of the original games meets contemporary visuals, challenging gameplay, and an arsenal of new features.evolving enemies, stages that transform before you, and a real-time difficulty meter increases or decreases based on your performance.</p><p><b>Included DLCs</b></p><ul><li>DLC Set 1</li><li>DLC Set 2</li><li>DLC Set 3</li><li>DLC Set 4</li><li>DLC Set 5</li><li>DLC Set 6</li><li>Crowdfunding Original R-CRAFT</li></ul></div></div><p><b>Backwards Compatibility</b></p><p>This repack is NOT backwards compatible with my previous RTF2 repacks.</p>             </div>"
}