{
    "link": null,
    "title": "Raccoon Arrival",
    "first_img": [],
    "second_img": null,
    "body": "<div class=\"entry-content\"><h2>Raccoon Arrival</h2><p ><img class=\"alignleft\" width=\"150\" src=\"https://i2.imageban.ru/out/2021/10/18/225a635112c303f9e5229506f08c9ebb.jpg\"><br>Genres/Tags: <strong>Adventure, Exploration, Puzzle solving, Third-Person, 3D</strong><br>Company: <strong>Julian Fokin</strong><br>Language: <strong>ENG</strong><br>Original Size: <strong>4.5 GB</strong><br>Repack Size: <strong>2.9 GB</strong></p><p></p><h3>Download Mirrors</h3><ul><li><a href=\"https://1337x.to/torrent/5021321/Raccoon-Arrival-FitGirl-Repack/\" target=\"_blank\" rel=\"noopener\">1337x</a> | [<a href=\"magnet:?xt=urn:btih:5751E6D09E5A8215642A3633E591ACD33AFF3CD2&amp;dn=Raccoon+Arrival+%5BFitGirl+Repack%5D&amp;tr=udp%3A%2F%2F46.148.18.250%3A2710&amp;tr=udp%3A%2F%2Fopentor.org%3A2710&amp;tr=udp%3A%2F%2Ftracker.coppersurfer.tk%3A6969%2Fannounce&amp;tr=udp%3A%2F%2Ftracker.opentrackr.org%3A1337%2Fannounce&amp;tr=http%3A%2F%2Ftracker.dler.org%3A6969%2Fannounce&amp;tr=udp%3A%2F%2Ftracker.leechers-paradise.org%3A6969%2Fannounce&amp;tr=udp%3A%2F%2F9.rarbg.me%3A2730%2Fannounce&amp;tr=udp%3A%2F%2F9.rarbg.to%3A2770%2Fannounce&amp;tr=udp%3A%2F%2Ftracker.pirateparty.gr%3A6969%2Fannounce&amp;tr=http%3A%2F%2Fretracker.local%2Fannounce&amp;tr=http%3A%2F%2Fretracker.ip.ncnet.ru%2Fannounce&amp;tr=udp%3A%2F%2Fexodus.desync.com%3A6969%2Fannounce&amp;tr=udp%3A%2F%2Fipv4.tracker.harry.lu%3A80%2Fannounce&amp;tr=udp%3A%2F%2Fopen.stealth.si%3A80%2Fannounce&amp;tr=udp%3A%2F%2Ftracker.zer0day.to%3A1337%2Fannounce&amp;tr=udp%3A%2F%2Ftracker.leechers-paradise.org%3A6969%2Fannounce&amp;tr=udp%3A%2F%2Fcoppersurfer.tk%3A6969%2Fannounce\">magnet</a>] [<a href=\"https://pastefg.hermietkreeft.site/?119b763061019ca0#Ftm2q51XovnWaQWSHEDh4dk4Z5N4gwxY3k2Ua3ioy2DP\" target=\"_blank\" rel=\"noopener\">.torrent file only</a>] <br><img src=\"https://torrent-stats.info/3633/fa42dd30.png\" style=\"display:block;clear:both\"></li><li><a href=\"https://tapochek.net/viewtopic.php?p=2806329\" target=\"_blank\" rel=\"noopener\">Tapochek.net</a></li><li><a href=\"https://pastefg.hermietkreeft.site/?0850b98746f4097c#5mx3XgxEDRPox2UtFjF6mJtE97BBjbriPZRa12cKnpix\" target=\"_blank\" rel=\"noopener\">Filehoster: MultiUpload</a> (10+ hosters, interchangeable) [Use <a href=\"http://jdownloader.org/jdownloader2\" target=\"_blank\" rel=\"noopener\">JDownloader2</a>]</li><li><a href=\"https://pastefg.hermietkreeft.site/?c8d42bd25f55c2c7#4Yw2d4mgagkJUm3cqh9YPrM3kATiqtdrpQuzXJuJv2nS\" target=\"_blank\" rel=\"noopener\">Filehoster: PixelDrain</a></li><li><a href=\"https://pastefg.hermietkreeft.site/?6dd21d68b034fb6e#CqJoNxiYr37ApZG4J4C5N6tjbcQYCc4mQLUpP5DY9FjB\" target=\"_blank\" rel=\"noopener\">Filehoster: ZippyShare</a></li><li><a href=\"https://pastefg.hermietkreeft.site/?a2d94ed35bf04dde#6rUBvh93mWQfzaKTbcK47LZBFfhEQ6JNdcZ4enNJoeNz\" target=\"_blank\" rel=\"noopener\">Filehoster: LetsUpload</a> [Use <a href=\"http://jdownloader.org/jdownloader2\" target=\"_blank\" rel=\"noopener\">JDownloader2</a>]</li><li><a href=\"https://pastefg.hermietkreeft.site/?f1431925e472aba3#2TyR4ot9qbzQcCuBBUn35xW1VePP1RMoCcUnaitd1iKe\" target=\"_blank\" rel=\"noopener\">Filehoster: OneDrive</a> (Uploaded by DyR0 t(-_-t), NOT compatible with other mirrors)</li><li><a href=\"https://crackhub.site/raccoon-arrival-fitgirl-repack/\" target=\"_blank\" rel=\"noopener\">Filehosters: Google Drive, OneDrive + others</a> (Uploaded by crackhub213)</li></ul><p><a href=\"https://cs.rin.ru/forum/viewtopic.php?f=10&amp;t=116460\" target=\"_blank\" rel=\"noopener\">Discussion and (possible) future updates on CS.RIN.RU thread</a></p><h3>Screenshots (Click to enlarge)</h3><p><a target=\"_blank\" href=\"https://imageban.ru/show/2021/10/18/45d88b0761967008dafb5fcedb290973/jpg\" rel=\"noopener\"><img src=\"https://i6.imageban.ru/thumbs/2021.10.18/45d88b0761967008dafb5fcedb290973.jpg\" border=\"0\" style=\"border: 1px solid #000000\"></a><a target=\"_blank\" href=\"https://imageban.ru/show/2021/10/18/825791e453935e29be42223d90149ee8/jpg\" rel=\"noopener\"><img src=\"https://i1.imageban.ru/thumbs/2021.10.18/825791e453935e29be42223d90149ee8.jpg\" border=\"0\" style=\"border: 1px solid #000000\"></a><a target=\"_blank\" href=\"https://imageban.ru/show/2021/10/18/615f38574db323daefed8cbed07990cc/jpg\" rel=\"noopener\"><img src=\"https://i5.imageban.ru/thumbs/2021.10.18/615f38574db323daefed8cbed07990cc.jpg\" border=\"0\" style=\"border: 1px solid #000000\"></a><br><a target=\"_blank\" href=\"https://imageban.ru/show/2021/10/18/0e9262137339fb6d2ef80008c4ecbe78/jpg\" rel=\"noopener\"><img src=\"https://i6.imageban.ru/thumbs/2021.10.18/0e9262137339fb6d2ef80008c4ecbe78.jpg\" border=\"0\" style=\"border: 1px solid #000000\"></a><a target=\"_blank\" href=\"https://imageban.ru/show/2021/10/18/40295fde2d194f328eab17970c69c9bf/jpg\" rel=\"noopener\"><img src=\"https://i6.imageban.ru/thumbs/2021.10.18/40295fde2d194f328eab17970c69c9bf.jpg\" border=\"0\" style=\"border: 1px solid #000000\"></a><a target=\"_blank\" href=\"https://imageban.ru/show/2021/10/18/d40a0eb0c0f0202aa9b749d44cc5d33f/jpg\" rel=\"noopener\"><img src=\"https://i2.imageban.ru/thumbs/2021.10.18/d40a0eb0c0f0202aa9b749d44cc5d33f.jpg\" border=\"0\" style=\"border: 1px solid #000000\"></a></p><h3>Repack Features</h3><ul><li>Based on Raccoon.Arrival-PLAZA ISO release: plaza-raccoon.arrival.iso (4,812,275,712 bytes)</li><li>100% Lossless &amp; MD5 Perfect: all files are identical to originals after installation</li><li>NOTHING ripped, NOTHING re-encoded</li><li>Significantly smaller archive size (compressed from 4.5 to 2.9 GB)</li><li>Installation takes two minutes</li><li>After-install integrity check so you could make sure that everything installed properly</li><li>HDD space after installation: 10 GB</li><li>At least 2 GB of free RAM (inc. virtual) required for installing this repack</li></ul><div class=\"su-spoiler su-spoiler-style-fancy su-spoiler-icon-plus su-spoiler-closed\" data-scroll-offset=\"0\" data-anchor-in-url=\"no\"><div class=\"su-spoiler-title\" tabindex=\"0\" role=\"button\"><span class=\"su-spoiler-icon\"></span>Game Description</div><div class=\"su-spoiler-content su-u-clearfix su-u-trim\">A beautiful third-person exploration world with a raccoon, who goes over himself to get the truth about his past. On your journey with Raccoon, you gonna relax and doing chill puzzles.<p>The story has different sides but which one will be correct is on you.</p><p>Raccoon Arrival is a basic walking simulator with amazing soundtracks and a very bright environment for you to explore.</p><p><b>Game Features</b></p><ul><li>For fans of Firewatch, TheFirstTree, Journey</li><li>Super emotional music mixed with the huge colorful environment open for exploring</li><li>The game is full of relaxing puzzles and focused on 2 hours of gameplay</li></ul></div></div>             </div>"
}