{
    "link": "https://fitgirl-repacks.site/rainbow-billy-the-curse-of-the-leviathan/",
    "title": "Rainbow Billy: The Curse of the Leviathan",
    "first_img": "https://i5.imageban.ru/out/2021/10/09/587ab51cd7c0d5e4981d8f4d3ccf34d4.jpg",
    "second_img": "https://s01.riotpixels.net/data/e4/47/e447335f-1948-46f4-b213-d9de5b9bfd06.jpg.240p.jpg",
    "body": "<div ><h2>Rainbow Billy: The Curse of the Leviathan</h2><p ><div><a target=\"_blank\" href=\"https://en.riotpixels.com/games/rainbow-billy-the-curse-of-the-leviathan/\" rel=\"noopener\"><img class=\"alignleft\" width=\"150\" src=\"https://i5.imageban.ru/out/2021/10/09/587ab51cd7c0d5e4981d8f4d3ccf34d4.jpg\"></a></div><br>Genres/Tags: <strong>Arcade, Platform adventure, Puzzle-Solving, Isometric, 3D</strong><br>Companies: <strong>ManaVoid Entertainment, Skybound Games</strong><br>Languages: <strong>ENG/MULTI4</strong><br>Original Size: <strong>2.8 GB</strong><br>Repack Size: <strong>from 1.8 GB</strong></p>&nbsp;<div>&nbsp;</div><h3>Download Mirrors</h3><ul><li><a href=\"https://1337x.to/torrent/5012596/Rainbow-Billy-The-Curse-of-the-Leviathan-MULTi4-FitGirl-Repack-Selective-Download-from-1-8-GB/\" target=\"_blank\" rel=\"noopener\">1337x</a> | [<a href=\"magnet:?xt=urn:btih:25AC941F57F9B1D339BDB653093BE35E73363447&amp;dn=Rainbow+Billy%3A+The+Curse+of+the+Leviathan+%28MULTi4%29+%5BFitGirl+Repack%2C+Selective+Download+-+from+1.8+GB%5D&amp;tr=udp%3A%2F%2F46.148.18.250%3A2710&amp;tr=udp%3A%2F%2Fopentor.org%3A2710&amp;tr=udp%3A%2F%2Ftracker.coppersurfer.tk%3A6969%2Fannounce&amp;tr=udp%3A%2F%2Ftracker.opentrackr.org%3A1337%2Fannounce&amp;tr=http%3A%2F%2Ftracker.dler.org%3A6969%2Fannounce&amp;tr=udp%3A%2F%2Ftracker.leechers-paradise.org%3A6969%2Fannounce&amp;tr=udp%3A%2F%2F9.rarbg.me%3A2730%2Fannounce&amp;tr=udp%3A%2F%2F9.rarbg.to%3A2770%2Fannounce&amp;tr=udp%3A%2F%2Ftracker.pirateparty.gr%3A6969%2Fannounce&amp;tr=http%3A%2F%2Fretracker.local%2Fannounce&amp;tr=http%3A%2F%2Fretracker.ip.ncnet.ru%2Fannounce&amp;tr=udp%3A%2F%2Fexodus.desync.com%3A6969%2Fannounce&amp;tr=udp%3A%2F%2Fipv4.tracker.harry.lu%3A80%2Fannounce&amp;tr=udp%3A%2F%2Fopen.stealth.si%3A80%2Fannounce&amp;tr=udp%3A%2F%2Ftracker.zer0day.to%3A1337%2Fannounce&amp;tr=udp%3A%2F%2Ftracker.leechers-paradise.org%3A6969%2Fannounce&amp;tr=udp%3A%2F%2Fcoppersurfer.tk%3A6969%2Fannounce\">magnet</a>] [<a href=\"https://pastefg.hermietkreeft.site/?dc2f09606762c764#3qvaX4KezYByJgr6asbetCFFJnV8Vv1tyyiG8L3rA4FG\" target=\"_blank\" rel=\"noopener\">.torrent file only</a>] <br><img src=\"https://torrent-stats.info/b653/347ae1e07.png\" style=\"display:block;clear:both\"></li><li><a href=\"https://tapochek.net/viewtopic.php?p=2805029\" target=\"_blank\" rel=\"noopener\">Tapochek.net</a></li><li><a href=\"https://pastefg.hermietkreeft.site/?41b7de1fab2212c8#Mfy3X2YUiDbe6wvnoEgX5291XoVX2Tf4YjwHkrZjpbP\" target=\"_blank\" rel=\"noopener\">Filehoster: MultiUpload</a> (10+ hosters, interchangeable) [Use <a href=\"http://jdownloader.org/jdownloader2\" target=\"_blank\" rel=\"noopener\">JDownloader2</a>]</li><li><a href=\"https://pastefg.hermietkreeft.site/?e892179807d1f506#8DVHzLwfqyBpfy4dBQxu8Eg8JJ8E1uQyJ28W4xYTSbKq\" target=\"_blank\" rel=\"noopener\">Filehoster: ZippyShare</a></li><li><a href=\"https://pastefg.hermietkreeft.site/?f2a0c44c3eb0b883#4fKHKp4gsJzC9ncmBi6ShQjX2jAG5MmCs9WZhwcovgQ3\" target=\"_blank\" rel=\"noopener\">Filehoster: LetsUpload</a> [Use <a href=\"http://jdownloader.org/jdownloader2\" target=\"_blank\" rel=\"noopener\">JDownloader2</a>]</li><li><a href=\"https://pastefg.hermietkreeft.site/?c0dde112ee5bce34#7M4x1AHVYRowZSfVURwZg9gtc75LKkE2MyKZMxpjJ1MP\" target=\"_blank\" rel=\"noopener\">Filehoster: OneDrive</a> (Uploaded by DyR0 t(-_-t), NOT compatible with other mirrors)</li></ul><p><a href=\"https://cs.rin.ru/forum/viewtopic.php?f=10&amp;t=102196\" target=\"_blank\" rel=\"noopener\">Discussion and (possible) future updates on CS.RIN.RU thread</a></p><h3>Screenshots (Click to enlarge)</h3><p><a target=\"_blank\" href=\"https://en.riotpixels.com/games/rainbow-billy-the-curse-of-the-leviathan/screenshots/9/?utm_source=emb-gfx-html&amp;utm_medium=image&amp;utm_campaign=rp-mass\" rel=\"noopener\"><img loading=\"lazy\" width=\"178\" height=\"100\" border=\"0\" src=\"https://s01.riotpixels.net/data/e4/47/e447335f-1948-46f4-b213-d9de5b9bfd06.jpg.240p.jpg\"></a><a target=\"_blank\" href=\"https://en.riotpixels.com/games/rainbow-billy-the-curse-of-the-leviathan/screenshots/7/?utm_source=emb-gfx-html&amp;utm_medium=image&amp;utm_campaign=rp-mass\" rel=\"noopener\"><img loading=\"lazy\" width=\"178\" height=\"100\" border=\"0\" src=\"https://s01.riotpixels.net/data/7e/20/7e204f01-031c-4fee-8c1d-e12a9883f015.jpg.240p.jpg\"></a><a target=\"_blank\" href=\"https://en.riotpixels.com/games/rainbow-billy-the-curse-of-the-leviathan/screenshots/6/?utm_source=emb-gfx-html&amp;utm_medium=image&amp;utm_campaign=rp-mass\" rel=\"noopener\"><img loading=\"lazy\" width=\"178\" height=\"100\" border=\"0\" src=\"https://s01.riotpixels.net/data/b8/09/b80942b7-9a3b-4ba4-b8d7-831389068e9b.jpg.240p.jpg\"></a><br><a target=\"_blank\" href=\"https://en.riotpixels.com/games/rainbow-billy-the-curse-of-the-leviathan/screenshots/4/?utm_source=emb-gfx-html&amp;utm_medium=image&amp;utm_campaign=rp-mass\" rel=\"noopener\"><img loading=\"lazy\" width=\"178\" height=\"100\" border=\"0\" src=\"https://s01.riotpixels.net/data/ae/cb/aecb8f3f-bd23-48bc-b440-208a61ad3809.jpg.240p.jpg\"></a><a target=\"_blank\" href=\"https://en.riotpixels.com/games/rainbow-billy-the-curse-of-the-leviathan/screenshots/2/?utm_source=emb-gfx-html&amp;utm_medium=image&amp;utm_campaign=rp-mass\" rel=\"noopener\"><img loading=\"lazy\" width=\"178\" height=\"100\" border=\"0\" src=\"https://s01.riotpixels.net/data/9e/31/9e31f0ac-28ad-4c07-b3bd-36a384b1b667.jpg.240p.jpg\"></a><a target=\"_blank\" href=\"https://en.riotpixels.com/games/rainbow-billy-the-curse-of-the-leviathan/screenshots/1/?utm_source=emb-gfx-html&amp;utm_medium=image&amp;utm_campaign=rp-mass\" rel=\"noopener\"><img loading=\"lazy\" width=\"178\" height=\"100\" border=\"0\" src=\"https://s01.riotpixels.net/data/c4/36/c4365d52-e98b-404f-a494-20740057be6d.jpg.240p.jpg\"></a></p><h3>Repack Features</h3><ul><li>Based on Rainbow.Billy.The.Curse.of.the.Leviathan-PLAZA ISO release: plaza-rainbow.billy.the.curse.of.the.leviathan.iso (2,984,738,816 bytes)</li><li>100% Lossless &amp; MD5 Perfect: all files are identical to originals after installation</li><li>NOTHING ripped, NOTHING re-encoded</li><li>Selective Download feature: you may skip downloading and installing of unused Switch files</li><li>Significantly smaller archive size (compressed from 2.8 to 1.8/2.2 GB)</li><li>Installation takes 1-2 minutes</li><li>After-install integrity check so you could make sure that everything installed properly</li><li>HDD space after installation: up to 3.7 GB</li><li>Language can be changed in game settings</li><li>At least 2 GB of free RAM (inc. virtual) required for installing this repack</li></ul><div ><div><h2>Game Description</h2></div><div ><p><b>HEROES COME IN ALL COLORS.</b><br>Rainbow Billy: The Curse of the Leviathan is a wholesome, creature capture, 2.5D Adventure-Puzzle-Platformer with RPG elements. It is a family-friendly and openly accessible adventure in which you must save whimsical creatures by bringing back color to the world you once knew!</p><p>Rainbow Billy tells a universal coming of age story about dealing with changes in the world and accepting ourselves and the others around us! Sometimes it only takes a conversation, empathy, and a new point of view to make a world of a difference.</p><p><b>EXPLORE A WONDROUS WORLD!</b><br>From dark caverns on secret islands to hidden coves off in the stormy seas, explore a rich world filled with treasure, fish (because every great game has a fishing minigame!), friendship and\u2026 danger!</p><p><b>SOLVE ENVIRONMENTAL PUZZLES!</b><br>Each world is filled with clever challenges and secrets that unlock new areas to explore!</p><p><b>BEFRIEND CURIOUS CREATURES!</b><br>Meet over 60 strange, lovable creatures and help them with their problems in non-violent encounters! Create your own unique team to save the day!</p><p><b>RECOLOR THE WORLD!</b><br>Restore color to a monochrome world and help your friends find the courage to be their true selves in a story about empathy and growth.</p></div></div>             </div>"
}