{
    "link": "https://fitgirl-repacks.site/realms-of-arkania-star-trail/",
    "title": "Realms of Arkania: Star Trail \u2013 Digital Deluxe Edition, v1.10 + DLC + Bonus Content",
    "first_img": "https://i3.imageban.ru/out/2021/07/28/cace7c607aafc05991386e325af592c7.jpg",
    "second_img": "https://s01.riotpixels.net/data/ed/59/ed599962-84e3-4271-8d8e-41648df19e16.jpg.240p.jpg",
    "body": "<div ><h2>Realms of Arkania: Star Trail \u2013 Digital Deluxe Edition, v1.10 + DLC + Bonus Content</h2><p ><div><a target=\"_blank\" href=\"http://en.riotpixels.com/games/realms-of-arkania-star-trail-ii-2017/\" rel=\"noopener\"><img class=\"alignleft\" width=\"150\" src=\"https://i3.imageban.ru/out/2021/07/28/cace7c607aafc05991386e325af592c7.jpg\"></a></div><br>Genres/Tags: <strong>RPG, Open world, First-person, 3D, Party-based, Real-time, Turn-based</strong><br>Companies: <strong>Crafty Studios / United Independent Entertainment</strong><br>Languages: <strong>ENG/GER</strong><br>Original Size: <strong>13.6 GB</strong><br>Repack Size: <strong>from 3.9 GB</strong> [Selective Download]</p>&nbsp;<div>&nbsp;</div><h3>Download Mirrors</h3><ul><li><a href=\"https://1337x.to/torrent/4934164/Realms-of-Arkania-Star-Trail-Digital-Deluxe-Edition-v1-10-DLC-Bonus-Content-MULTi2-FitGirl-Repack-Selective-Download-from-3-9-GB/\" target=\"_blank\" rel=\"noopener\">1337x</a> | [<a href=\"magnet:?xt=urn:btih:78A6C162BED4D326DAF78652A55A4093ABCDA81D&amp;dn=Realms+of+Arkania%3A+Star+Trail+-+Digital+Deluxe+Edition+%28v1.10+%2B+DLC+%2B+Bonus+Content%2C+MULTi2%29+%5BFitGirl+Repack%2C+Selective+Download+-+from+3.9+GB%5D&amp;tr=udp%3A%2F%2F46.148.18.250%3A2710&amp;tr=udp%3A%2F%2Fopentor.org%3A2710&amp;tr=udp%3A%2F%2Ftracker.coppersurfer.tk%3A6969%2Fannounce&amp;tr=udp%3A%2F%2Ftracker.opentrackr.org%3A1337%2Fannounce&amp;tr=http%3A%2F%2Ftracker.dler.org%3A6969%2Fannounce&amp;tr=udp%3A%2F%2Ftracker.leechers-paradise.org%3A6969%2Fannounce&amp;tr=udp%3A%2F%2F9.rarbg.me%3A2730%2Fannounce&amp;tr=udp%3A%2F%2F9.rarbg.to%3A2770%2Fannounce&amp;tr=udp%3A%2F%2Ftracker.pirateparty.gr%3A6969%2Fannounce&amp;tr=http%3A%2F%2Fretracker.local%2Fannounce&amp;tr=http%3A%2F%2Fretracker.ip.ncnet.ru%2Fannounce&amp;tr=udp%3A%2F%2Fexodus.desync.com%3A6969%2Fannounce&amp;tr=udp%3A%2F%2Fipv4.tracker.harry.lu%3A80%2Fannounce&amp;tr=udp%3A%2F%2Fopen.stealth.si%3A80%2Fannounce&amp;tr=udp%3A%2F%2Ftracker.zer0day.to%3A1337%2Fannounce&amp;tr=udp%3A%2F%2Ftracker.leechers-paradise.org%3A6969%2Fannounce&amp;tr=udp%3A%2F%2Fcoppersurfer.tk%3A6969%2Fannounce\">magnet</a>] [<a href=\"https://pastefg.hermietkreeft.site/?a40e315ccf9f35e4#3Bm9tbes9PWz5AMgaxzKqQmnPmxx2v9SieMa9szNmB8Y\" target=\"_blank\" rel=\"noopener\">.torrent file only</a>] <br><img src=\"https://torrent-stats.info/8652/2605e4db8.png\" style=\"display:block;clear:both\"></li><li><a href=\"https://tapochek.net/viewtopic.php?p=2791273\" target=\"_blank\" rel=\"noopener\">Tapochek.net</a></li><li><a href=\"https://pastefg.hermietkreeft.site/?0ca04736c8317229#CXDugk89UHRonpNdNnTt6rBHrNi1FiTFL58ugtrU9BFB\" target=\"_blank\" rel=\"noopener\">Filehoster: MultiUpload</a> (10+ hosters, interchangeable) [Use <a href=\"http://jdownloader.org/jdownloader2\" target=\"_blank\" rel=\"noopener\">JDownloader2</a>]</li><li><a href=\"https://pastefg.hermietkreeft.site/?6bdaff20a8364e2c#8gzGBNVgFq9EAUe5nEVEUrP8TMrLqUsxSkeCVfMesJRk\" target=\"_blank\" rel=\"noopener\">Filehoster: PixelDrain</a></li><li><a href=\"https://pastefg.hermietkreeft.site/?365981b1dc11e67c#AevecK6bBaFNXiyvAzXkf4nzisUgCemuZ6q5CiAxFLD6\" target=\"_blank\" rel=\"noopener\">Filehoster: ZippyShare</a></li><li><a href=\"https://pastefg.hermietkreeft.site/?0a75329dfa7c6c1c#3TrLJguYTugJ8vup7ARxuGA7dmVdQtUtbo2Npskw72kC\" target=\"_blank\" rel=\"noopener\">Filehoster: LetsUpload</a> [Use <a href=\"http://jdownloader.org/jdownloader2\" target=\"_blank\" rel=\"noopener\">JDownloader2</a>]</li><li><a href=\"https://crackhub.site/realms-of-arkania-star-trail-digital-deluxe-edition-v1-10-dlc-bonus-content-fitgirl-repack/\" target=\"_blank\" rel=\"noopener\">Filehosters: Google Drive, OneDrive + others</a> (Uploaded by crackhub213)</li><li><a href=\"https://pastefg.hermietkreeft.site/?2e66ec4b22514c21#GCdZdKwboqCNcCfH3AdANDokp7BnyoMwKZtW45hppU9m\" target=\"_blank\" rel=\"noopener\">Filehoster: OneDrive</a> (Uploaded by DyR0 t(-_-t), NOT compatible with other mirrors)</li></ul><p><a href=\"https://cs.rin.ru/forum/viewtopic.php?f=10&amp;t=74866\" target=\"_blank\" rel=\"noopener\">Discussion and (possible) future updates on CS.RIN.RU thread</a></p><h3>Screenshots (Click to enlarge)</h3><p><a target=\"_blank\" href=\"http://en.riotpixels.com/games/realms-of-arkania-star-trail-ii-2017/screenshots/16/?utm_source=emb-gfx-html&amp;utm_medium=image&amp;utm_campaign=rp-mass\" rel=\"noopener\"><img loading=\"lazy\" width=\"178\" height=\"100\" border=\"0\" src=\"https://s01.riotpixels.net/data/ed/59/ed599962-84e3-4271-8d8e-41648df19e16.jpg.240p.jpg\"></a><a target=\"_blank\" href=\"http://en.riotpixels.com/games/realms-of-arkania-star-trail-ii-2017/screenshots/15/?utm_source=emb-gfx-html&amp;utm_medium=image&amp;utm_campaign=rp-mass\" rel=\"noopener\"><img loading=\"lazy\" width=\"178\" height=\"100\" border=\"0\" src=\"https://s01.riotpixels.net/data/32/a7/32a7bd7a-1ebc-4147-95c1-d4519660d80c.jpg.240p.jpg\"></a><a target=\"_blank\" href=\"http://en.riotpixels.com/games/realms-of-arkania-star-trail-ii-2017/screenshots/14/?utm_source=emb-gfx-html&amp;utm_medium=image&amp;utm_campaign=rp-mass\" rel=\"noopener\"><img loading=\"lazy\" width=\"178\" height=\"100\" border=\"0\" src=\"https://s01.riotpixels.net/data/f0/99/f0992f69-7f13-47f6-af11-d5f8c2a40867.jpg.240p.jpg\"></a><br><a target=\"_blank\" href=\"http://en.riotpixels.com/games/realms-of-arkania-star-trail-ii-2017/screenshots/12/?utm_source=emb-gfx-html&amp;utm_medium=image&amp;utm_campaign=rp-mass\" rel=\"noopener\"><img loading=\"lazy\" width=\"178\" height=\"100\" border=\"0\" src=\"https://s01.riotpixels.net/data/dd/bc/ddbc722a-7cd8-40cc-a0bd-c7d7f24efaf9.jpg.240p.jpg\"></a><a target=\"_blank\" href=\"http://en.riotpixels.com/games/realms-of-arkania-star-trail-ii-2017/screenshots/10/?utm_source=emb-gfx-html&amp;utm_medium=image&amp;utm_campaign=rp-mass\" rel=\"noopener\"><img loading=\"lazy\" width=\"178\" height=\"100\" border=\"0\" src=\"https://s01.riotpixels.net/data/19/b2/19b2bb93-9799-43d5-8330-07126c69e136.jpg.240p.jpg\"></a><a target=\"_blank\" href=\"http://en.riotpixels.com/games/realms-of-arkania-star-trail-ii-2017/screenshots/9/?utm_source=emb-gfx-html&amp;utm_medium=image&amp;utm_campaign=rp-mass\" rel=\"noopener\"><img loading=\"lazy\" width=\"178\" height=\"100\" border=\"0\" src=\"https://s01.riotpixels.net/data/96/e3/96e31f43-c1a1-473a-bc49-814293904bd0.jpg.240p.jpg\"></a></p><h3>Repack Features</h3><ul><li>Based on Steam v1.10 Deluxe Edition release: 13.6 GB, thanks to Rui!</li><li>In-game items DLC is included and activated</li><li>Modified CODEX crack/emu applied over, thanks to Christsnatcher!</li><li>100% Lossless &amp; MD5 Perfect: all files are identical to originals after installation</li><li>NOTHING ripped, NOTHING re-encoded</li><li>Selective Download feature: you may skip downloading of bonus content (OST, Wallpapers, Maps) and German voiceovers</li><li>Significantly smaller archive size (compressed from 13.6 to 3.9~4.3 GB, depending on selected components)</li><li>Installation takes 3-6 minutes (depending on your system and selected components)</li><li>After-install integrity check so you could make sure that everything installed properly</li><li>HDD space after installation: up to 13.6 GB (15 GB during installation)</li><li>At least 2 GB of free RAM (inc. virtual) required for installing this repack</li></ul><div ><div><h2>Game Description</h2></div><div ><p>The united orc tribes attempted to invade the region of Thorwal, but a group of valiant adventurers thwarted their plans during their previous quest. Now the orcs have regrouped and attacked other, more vulnerable areas \u2013 Lowangen is occupied and half the Svellt Valley lies in ashes. An elf ambassador summons the party to the city of Kvirasim. To unite the races of the elves and the dwarves in the struggle against a common enemy, they must recover an artifact known as the Salamander Stone.</p><p>Yet not all is as simple as it seems: As the party approaches an abandoned dwarven mine that may hold the answers to their questions, someone else makes it clear that not everyone in the country favors a cooperation between the two races.</p><p>Star Trail is a faithful remake of Realms of Arkania\u2019s classic sequel. This hardcore RPG features dozens of talents and spells, distinct races and character classes as well as a challenging isometric turn-based combat system. Obey your orders and succeed in your quest to retrieve the Salamander stone \u2013 the peace between elves and dwarves depends on it!</p><p><b><h3>Game Features</h3></b></p><ul><li>Hardcore RPG with isometric turn-based tactical fights</li><li>Hand-crafted cities and dungeons to explore in first person view</li><li>Master dozens of talents including fighting and magical skills</li><li>Meet countless endearing characters within the lovingly detailed cities and villages</li><li>Create your characters and manage your party</li><li>Plan your extensive travels through the realm in detail</li><li>Based on the TDE ruleset as a hybrid between v3 and v4</li></ul><p>The Digital Deluxe Edition of Realms of Arkania: Star Trail grants access to the following additional ingame content and digital goods:</p><p><b>Additional Content</b></p><ul><li>Dwarven Plate Armor: Equip your favorite party member with the exclusive plate armor forged from dark dwarven steel.</li><li>The Adventurer\u2019s Cookbook: Enhance your crafting skills with additional, useful recipes.</li><li>The King\u2019s Armory: Access the King\u2019s Armory in Tiefhusen right from the beginning and choose three non-magical weapons to your liking.</li><li>Aventurian Legends: Start your game with a repertoire of 6 unique and well-known aventurian characters.</li><li>Digitally Remastered Legacy Score: Enjoy the extensive digitally remastered version of the original Star Trail score from 1994. The 38 tracks are available as 320 kbps MP3</li></ul></div></div>             </div>"
}