{
    "link": "https://fitgirl-repacks.site/rebel-inc-escalation/",
    "title": "Rebel Inc: Escalation \u2013 v1.0",
    "first_img": "https://i2.imageban.ru/out/2021/10/15/17c9f00fa68fc05b5bc0e4aaed49f9e2.jpg",
    "second_img": "https://s01.riotpixels.net/data/1d/36/1d36eef6-e4a9-4be6-a211-0a28042ae551.jpg.240p.jpg",
    "body": "<div ><h2>Rebel Inc: Escalation \u2013 v1.0</h2><p ><div><a target=\"_blank\" href=\"https://en.riotpixels.com/games/rebel-inc/\" rel=\"noopener\"><img class=\"alignleft\" width=\"150\" src=\"https://i2.imageban.ru/out/2021/10/15/17c9f00fa68fc05b5bc0e4aaed49f9e2.jpg\"></a></div><br>Genres/Tags: <strong>Managerial, Strategy, Top-down, Pausable real-time, 2D</strong><br>Company: <strong>Ndemic Creations</strong><br>Languages: <strong>RUS/ENG/MULTI13</strong><br>Original Size: <strong>529 MB</strong><br>Repack Size: <strong>332 MB</strong></p>&nbsp;<div>&nbsp;</div><h3>Download Mirrors</h3><ul><li><a href=\"https://1337x.to/torrent/5018287/Rebel-Inc-Escalation-v1-0-MULTi13-FitGirl-Repack/\" target=\"_blank\" rel=\"noopener\">1337x</a> | [<a href=\"magnet:?xt=urn:btih:9AA7707736DE9161906D00815D840D8C58FE384A&amp;dn=Rebel+Inc%3A+Escalation+%28v1.0%2C+MULTi13%29+%5BFitGirl+Repack%5D&amp;tr=udp%3A%2F%2F46.148.18.250%3A2710&amp;tr=udp%3A%2F%2Fopentor.org%3A2710&amp;tr=udp%3A%2F%2Ftracker.coppersurfer.tk%3A6969%2Fannounce&amp;tr=udp%3A%2F%2Ftracker.opentrackr.org%3A1337%2Fannounce&amp;tr=http%3A%2F%2Ftracker.dler.org%3A6969%2Fannounce&amp;tr=udp%3A%2F%2Ftracker.leechers-paradise.org%3A6969%2Fannounce&amp;tr=udp%3A%2F%2F9.rarbg.me%3A2730%2Fannounce&amp;tr=udp%3A%2F%2F9.rarbg.to%3A2770%2Fannounce&amp;tr=udp%3A%2F%2Ftracker.pirateparty.gr%3A6969%2Fannounce&amp;tr=http%3A%2F%2Fretracker.local%2Fannounce&amp;tr=http%3A%2F%2Fretracker.ip.ncnet.ru%2Fannounce&amp;tr=udp%3A%2F%2Fexodus.desync.com%3A6969%2Fannounce&amp;tr=udp%3A%2F%2Fipv4.tracker.harry.lu%3A80%2Fannounce&amp;tr=udp%3A%2F%2Fopen.stealth.si%3A80%2Fannounce&amp;tr=udp%3A%2F%2Ftracker.zer0day.to%3A1337%2Fannounce&amp;tr=udp%3A%2F%2Ftracker.leechers-paradise.org%3A6969%2Fannounce&amp;tr=udp%3A%2F%2Fcoppersurfer.tk%3A6969%2Fannounce\">magnet</a>] [<a href=\"https://pastefg.hermietkreeft.site/?835ad7a17b91175f#MRnPvTWD6hKRNdynaQAdsmFMs5wcEHQG8WARYNixHEY\" target=\"_blank\" rel=\"noopener\">.torrent file only</a>] <br><img src=\"https://torrent-stats.info/0081/2530d61.png\" style=\"display:block;clear:both\"></li><li><a href=\"http://rutor.info/torrent/839544/rebel-inc-escalation-v-1.0-2021-pc-repack-ot-fitgirl\" target=\"_blank\" rel=\"noopener\">RuTor</a> [<a href=\"magnet:?xt=urn:btih:9aa7707736de9161906d00815d840d8c58fe384a&amp;dn=rutor.info_Rebel+Inc%3A+Escalation+%5Bv+1.0%5D+%282021%29+PC+%7C+RePack+%D0%BE%D1%82+FitGirl&amp;tr=udp://opentor.net:6969&amp;tr=udp://opentor.org:2710&amp;tr=http://retracker.local/announce\">magnet</a>]</li><li><a href=\"https://tapochek.net/viewtopic.php?p=2805853\" target=\"_blank\" rel=\"noopener\">Tapochek.net</a></li><li><a href=\"https://pastefg.hermietkreeft.site/?e39f99f9d06298b2#4z8u9khDzMao99hf6em6SZTr78dZmrcHGqpYmjSaM3eP\" target=\"_blank\" rel=\"noopener\">Filehoster: MultiUpload</a> (10+ hosters, interchangeable) [Use <a href=\"http://jdownloader.org/jdownloader2\" target=\"_blank\" rel=\"noopener\">JDownloader2</a>]</li><li><a href=\"https://pastefg.hermietkreeft.site/?e8673add003de8ea#ZQD77bMXjwfrQ9QJHN4RNaTzND2FC2rdpdA2ncnxAH6\" target=\"_blank\" rel=\"noopener\">Filehoster: PixelDrain</a></li><li><a href=\"https://pastefg.hermietkreeft.site/?f9fc17b94daaf380#2afvutBtzvh8Dw94rmg1v2gLozQSpxqg6ZpPj8mWe9u2\" target=\"_blank\" rel=\"noopener\">Filehoster: ZippyShare</a></li><li><a href=\"https://pastefg.hermietkreeft.site/?5b26b4ba7feb3349#6Jq59nX7ChZf2BM6JSDW8sMfaJWyzGy5RqqxKLDTFXad\" target=\"_blank\" rel=\"noopener\">Filehoster: LetsUpload</a> [Use <a href=\"http://jdownloader.org/jdownloader2\" target=\"_blank\" rel=\"noopener\">JDownloader2</a>]</li><li><a href=\"https://pastefg.hermietkreeft.site/?31c9351d606bbe3c#6fbA8mCGUV9QsA1VPqKkZADudiFoAYA6BXVmDg3PH3wz\" target=\"_blank\" rel=\"noopener\">Filehoster: OneDrive</a> (Uploaded by DyR0 t(-_-t), NOT compatible with other mirrors)</li><li><a href=\"https://crackhub.site/rebel-inc-escalation-v1-0-fitgirl-repack/\" target=\"_blank\" rel=\"noopener\">Filehosters: Google Drive, OneDrive + others</a> (Uploaded by crackhub213)</li></ul><p><a href=\"https://cs.rin.ru/forum/viewtopic.php?f=10&amp;t=100621\" target=\"_blank\" rel=\"noopener\">Discussion and (possible) future updates on CS.RIN.RU thread</a></p><h3>Screenshots (Click to enlarge)</h3><p><a target=\"_blank\" href=\"https://en.riotpixels.com/games/rebel-inc/screenshots/17/?utm_source=emb-gfx-html&amp;utm_medium=image&amp;utm_campaign=rp-mass\" rel=\"noopener\"><img loading=\"lazy\" width=\"178\" height=\"100\" border=\"0\" src=\"https://s01.riotpixels.net/data/1d/36/1d36eef6-e4a9-4be6-a211-0a28042ae551.jpg.240p.jpg\"></a><a target=\"_blank\" href=\"https://en.riotpixels.com/games/rebel-inc/screenshots/14/?utm_source=emb-gfx-html&amp;utm_medium=image&amp;utm_campaign=rp-mass\" rel=\"noopener\"><img loading=\"lazy\" width=\"178\" height=\"100\" border=\"0\" src=\"https://s01.riotpixels.net/data/12/55/12558520-87ef-42b4-ad97-874910d5d3c3.jpg.240p.jpg\"></a><a target=\"_blank\" href=\"https://en.riotpixels.com/games/rebel-inc/screenshots/6/?utm_source=emb-gfx-html&amp;utm_medium=image&amp;utm_campaign=rp-mass\" rel=\"noopener\"><img loading=\"lazy\" width=\"178\" height=\"100\" border=\"0\" src=\"https://s01.riotpixels.net/data/e4/87/e4870cb4-27f7-47a9-acd4-406d42b5adef.jpg.240p.jpg\"></a><br><a target=\"_blank\" href=\"https://en.riotpixels.com/games/rebel-inc/screenshots/5/?utm_source=emb-gfx-html&amp;utm_medium=image&amp;utm_campaign=rp-mass\" rel=\"noopener\"><img loading=\"lazy\" width=\"178\" height=\"100\" border=\"0\" src=\"https://s01.riotpixels.net/data/28/dc/28dc9827-d719-4ff3-8df2-ee93a6aab2f0.jpg.240p.jpg\"></a><a target=\"_blank\" href=\"https://en.riotpixels.com/games/rebel-inc/screenshots/3/?utm_source=emb-gfx-html&amp;utm_medium=image&amp;utm_campaign=rp-mass\" rel=\"noopener\"><img loading=\"lazy\" width=\"178\" height=\"100\" border=\"0\" src=\"https://s01.riotpixels.net/data/69/f6/69f6c87b-a639-4a83-bc38-338f4e575324.jpg.240p.jpg\"></a><a target=\"_blank\" href=\"https://en.riotpixels.com/games/rebel-inc/screenshots/2/?utm_source=emb-gfx-html&amp;utm_medium=image&amp;utm_campaign=rp-mass\" rel=\"noopener\"><img loading=\"lazy\" width=\"178\" height=\"100\" border=\"0\" src=\"https://s01.riotpixels.net/data/f5/4e/f54e83c5-3899-41fa-98d0-8240ace9992e.jpg.240p.jpg\"></a></p><h3>Repack Features</h3><ul><li>Based on Rebel.Inc.Escalation-PLAZA ISO release: plaza-rebel.inc.escalation.iso (554,369,024 bytes)</li><li>100% Lossless &amp; MD5 Perfect: all files are identical to originals after installation</li><li>NOTHING ripped, NOTHING re-encoded</li><li>Smaller archive size (compressed from 529 to 332 MB)</li><li>Installation takes half-a-minute</li><li>After-install integrity check so you could make sure that everything installed properly</li><li>HDD space after installation: 1.4 GB</li><li>Language can be changed in game settings</li><li>At least 2 GB of free RAM (inc. virtual) required for installing this repack</li></ul><div ><div><h2>Game Description</h2></div><div >From the creator of \u2018Plague Inc: Evolved\u2019 comes a unique and deeply engaging political/military strategic simulation.<p>In Rebel Inc: Escalation, the war is \u2018over\u2019 \u2013 but we all know that doesn\u2019t mean anything. In order to stabilise a war-torn country, you need to balance competing military and civilian priorities to win the hearts and minds of the people, whilst also stopping a deadly insurgency from seizing power!</p><p>Following on from the global mega hit \u2018Plague Inc.\u2019 with over 160 million players, Rebel Inc: Escalation offers a deeply engaging, strategic challenge inspired by the complexities and consequences of modern counter insurgency. It has received acclaim from international development experts and was even featured at a major international peace conference!</p><p>Rebel Inc: Escalation builds on the original critically acclaimed gameplay of Rebel Inc. with multiple significant, all-new features, enhanced music, improved 3D graphics for PC/Mac, online multiplayer and steam workshop support.</p><p>An important note: Although a fictional game, Rebel Inc. looks at important real world issues and we have made every effort to deal with them sensitively. The game has been extensively researched and has been developed in cooperation with leading regional politicians, business people and journalists as well as international charities, experts and governments.</p><p><b><h3>Game Features</h3></b></p><ul><li><b>8 regions to stabilise</b> \u2013 Deploy to wildly different strategic environments, including the gentle farms of \u2018Saffron Fields\u2019, or the impenetrable forests of \u2018Distant Steppe\u2019. Work to defend the \u2018Azure Dam\u2019 from the Insurgency, or develop unique new strategies to counter the drug trade in \u2018Opium Fields\u2019.</li><li><b>8 unique governors</b> \u2013 Each one with radical new abilities to master. Choose the \u2018Economist\u2019 to receive an entire year\u2019s income in one go or the \u2018Warlord\u2019 to train a personal militia. Field an army of heavy armour with the \u2018Tank Commander\u2019, or tap into the black-market with the \u2018Smuggler\u2019.</li><li><b>Hyper-realistic</b> \u2013 Inspired by Afghanistan, the simulation is highly detailed, containing real world development initiatives and an innovative representation of counter insurgency tactics. It has been praised by the World Bank and was even featured at a major international peace conference.</li><li><b>Campaign Mode</b> \u2013 Conduct large-scale operations across multiple regions. Carefully manage resources and choose unique upgrades in a persistent world with 150+ Player Tactics, Map Features and Insurgent Tactics to radically mix up gameplay!</li><li><b>Vs Multiplayer</b> \u2013 Take control of the Insurgency to try and topple the government in your opponent\u2019s Region, whilst trying to stabilise your own! Dynamically scaling difficulty ensures that players of different skill levels can have a good, challenging game.</li><li><b>Co-Op Multiplayer</b> \u2013 Work together to simultaneously stabilise two separate Regions, sending soldiers and resources to your partner to achieve your goals. Or jump into a Co-Op Campaign of escalating difficulty.</li><li><b>Challenge Mode</b> \u2013 Compete against the Steam Community on randomised Weekly Challenges, including an extra hard mode for the best of the best.</li><li><b>Custom Scenarios &amp; Scenario Creator</b> \u2013 Explore a world of fresh new ways to play with official and community created Scenarios, or develop your own share them with other players via Steam Workshop. Who said Nation Building was hard?</li><li><b>Advanced civilian and military AI</b> \u2013 Sophisticated narrative algorithms model the needs of local populations, while deadly insurgent attacks put constant pressure on your operation.</li><li><b>Gorgeous Graphics</b> \u2013 Stabilise a beautifully rendered 3D world that responds to your actions and thrives as you provide jobs and services. Drone cams and civilian TV channels bring your operation to life and show you what\u2019s happening on the ground.</li></ul></div></div>             </div>"
}