{
    "link": "https://fitgirl-repacks.site/reptiles-in-hunt/",
    "title": "Reptiles: In Hunt \u2013 v1.02",
    "first_img": "https://i3.imageban.ru/out/2021/07/31/c156a298bd2592922a254e74c57cc583.jpg",
    "second_img": "https://s01.riotpixels.net/data/d1/dd/d1dd9235-0b97-4e5a-9b90-38679c182aff.jpg.240p.jpg",
    "body": "<div ><h2>Reptiles: In Hunt \u2013 v1.02</h2><p ><div><a target=\"_blank\" href=\"https://en.riotpixels.com/games/reptiles-in-hunt/\" rel=\"noopener\"><img class=\"alignleft\" width=\"150\" src=\"https://i3.imageban.ru/out/2021/07/31/c156a298bd2592922a254e74c57cc583.jpg\"></a></div><br>Genres/Tags: <strong>Action, Third-person, Post-apocalypse, 3D</strong><br>Company: <strong>Corpix Games</strong><br>Languages: <strong>RUS/ENG/MULTI6</strong><br>Original Size: <strong>4.8 GB</strong><br>Repack Size: <strong>2.8 GB</strong></p>&nbsp;<div>&nbsp;</div><h3>Download Mirrors</h3><ul><li><a href=\"https://1337x.to/torrent/4938222/Reptiles-In-Hunt-v1-02-MULTi6-FitGirl-Repack/\" target=\"_blank\" rel=\"noopener\">1337x</a> | [<a href=\"magnet:?xt=urn:btih:B354336E63BB939D309FD1200E31C8A30FAB76DE&amp;dn=Reptiles%3A+In+Hunt+%28v1.02%2C+MULTi6%29+%5BFitGirl+Repack%5D&amp;tr=udp%3A%2F%2F46.148.18.250%3A2710&amp;tr=udp%3A%2F%2Fopentor.org%3A2710&amp;tr=udp%3A%2F%2Ftracker.coppersurfer.tk%3A6969%2Fannounce&amp;tr=udp%3A%2F%2Ftracker.opentrackr.org%3A1337%2Fannounce&amp;tr=http%3A%2F%2Ftracker.dler.org%3A6969%2Fannounce&amp;tr=udp%3A%2F%2Ftracker.leechers-paradise.org%3A6969%2Fannounce&amp;tr=udp%3A%2F%2F9.rarbg.me%3A2730%2Fannounce&amp;tr=udp%3A%2F%2F9.rarbg.to%3A2770%2Fannounce&amp;tr=udp%3A%2F%2Ftracker.pirateparty.gr%3A6969%2Fannounce&amp;tr=http%3A%2F%2Fretracker.local%2Fannounce&amp;tr=http%3A%2F%2Fretracker.ip.ncnet.ru%2Fannounce&amp;tr=udp%3A%2F%2Fexodus.desync.com%3A6969%2Fannounce&amp;tr=udp%3A%2F%2Fipv4.tracker.harry.lu%3A80%2Fannounce&amp;tr=udp%3A%2F%2Fopen.stealth.si%3A80%2Fannounce&amp;tr=udp%3A%2F%2Ftracker.zer0day.to%3A1337%2Fannounce&amp;tr=udp%3A%2F%2Ftracker.leechers-paradise.org%3A6969%2Fannounce&amp;tr=udp%3A%2F%2Fcoppersurfer.tk%3A6969%2Fannounce\">magnet</a>] [<a href=\"https://pastefg.hermietkreeft.site/?320ce613216987d5#AewbVWYuzECUoM9C74hN68NKTiXo4K41fCtFEysc93MW\" target=\"_blank\" rel=\"noopener\">.torrent file only</a>] <br><img src=\"https://torrent-stats.info/d120/3b40b5d80.png\" style=\"display:block;clear:both\"></li><li><a href=\"http://rutor.info/torrent/827642/reptiles-in-hunt-v-1.02-2021-pc-repack-ot-fitgirl\" target=\"_blank\" rel=\"noopener\">RuTor</a> [<a href=\"magnet:?xt=urn:btih:b354336e63bb939d309fd1200e31c8a30fab76de&amp;dn=rutor.info_Reptiles%3A+In+Hunt+%5Bv+1.02%5D+%282021%29+PC+%7C+RePack+%D0%BE%D1%82+FitGirl&amp;tr=udp://opentor.org:2710&amp;tr=udp://opentor.org:2710&amp;tr=http://retracker.local/announce\">magnet</a>]</li><li><a href=\"https://tapochek.net/viewtopic.php?p=2791972\" target=\"_blank\" rel=\"noopener\">Tapochek.net</a></li><li><a href=\"https://pastefg.hermietkreeft.site/?2e4e3c2532ed26f1#4P5nA9fD4CJtkTrT41jAhLu9Jj8qyJvRTTqBCuAJ644d\" target=\"_blank\" rel=\"noopener\">Filehoster: MultiUpload</a> (10+ hosters, interchangeable) [Use <a href=\"http://jdownloader.org/jdownloader2\" target=\"_blank\" rel=\"noopener\">JDownloader2</a>]</li><li><a href=\"https://pastefg.hermietkreeft.site/?767c9986c39536ea#5Ukv9326iMMd51CFnztJAPC6b2xaYFY58SRPm4rUKwVn\" target=\"_blank\" rel=\"noopener\">Filehoster: PixelDrain</a></li><li><a href=\"https://pastefg.hermietkreeft.site/?64fcc79873a23b23#HKbaciy8YntFj5HP9bUSLCWhgXapnY7hqo9uCJeYa5Z8\" target=\"_blank\" rel=\"noopener\">Filehoster: ZippyShare</a></li><li><a href=\"https://pastefg.hermietkreeft.site/?b0f4421a0ec81bd8#BQHYCTzTuX7Bxq6cDkCY2N3MS2Hp6PwufE8PxsHmnZk7\" target=\"_blank\" rel=\"noopener\">Filehoster: LetsUpload</a> [Use <a href=\"http://jdownloader.org/jdownloader2\" target=\"_blank\" rel=\"noopener\">JDownloader2</a>]</li><li><a href=\"https://crackhub.site/reptiles-in-hunt-v1-02-fitgirl-repack/\" target=\"_blank\" rel=\"noopener\">Filehosters: Google Drive, OneDrive + others</a> (Uploaded by crackhub213)</li><li><a href=\"https://pastefg.hermietkreeft.site/?1a2443ab719d3b45#JA9k4uqAvgzkzMU4v1cm9YZH6LxPk9mYMEVZ4A7R3gec\" target=\"_blank\" rel=\"noopener\">Filehoster: OneDrive</a> (Uploaded by DyR0 t(-_-t), NOT compatible with other mirrors)</li></ul><p><a href=\"https://cs.rin.ru/forum/viewtopic.php?f=10&amp;t=98290\" target=\"_blank\" rel=\"noopener\">Discussion and (possible) future updates on CS.RIN.RU thread</a></p><h3>Screenshots (Click to enlarge)</h3><p><a target=\"_blank\" href=\"https://en.riotpixels.com/games/reptiles-in-hunt/screenshots/6/?utm_source=emb-gfx-html&amp;utm_medium=image&amp;utm_campaign=rp-mass\" rel=\"noopener\"><img loading=\"lazy\" width=\"178\" height=\"100\" border=\"0\" src=\"https://s01.riotpixels.net/data/d1/dd/d1dd9235-0b97-4e5a-9b90-38679c182aff.jpg.240p.jpg\"></a><a target=\"_blank\" href=\"https://en.riotpixels.com/games/reptiles-in-hunt/screenshots/5/?utm_source=emb-gfx-html&amp;utm_medium=image&amp;utm_campaign=rp-mass\" rel=\"noopener\"><img loading=\"lazy\" width=\"178\" height=\"100\" border=\"0\" src=\"https://s01.riotpixels.net/data/ef/ea/efea88b7-e889-45be-a095-a610a766642e.jpg.240p.jpg\"></a><a target=\"_blank\" href=\"https://en.riotpixels.com/games/reptiles-in-hunt/screenshots/4/?utm_source=emb-gfx-html&amp;utm_medium=image&amp;utm_campaign=rp-mass\" rel=\"noopener\"><img loading=\"lazy\" width=\"178\" height=\"100\" border=\"0\" src=\"https://s01.riotpixels.net/data/54/da/54da98be-545a-43c5-8764-c1b8179100d2.jpg.240p.jpg\"></a><br><a target=\"_blank\" href=\"https://en.riotpixels.com/games/reptiles-in-hunt/screenshots/3/?utm_source=emb-gfx-html&amp;utm_medium=image&amp;utm_campaign=rp-mass\" rel=\"noopener\"><img loading=\"lazy\" width=\"178\" height=\"100\" border=\"0\" src=\"https://s01.riotpixels.net/data/42/fa/42faadf5-c468-4258-8ffe-bfa68675588c.jpg.240p.jpg\"></a><a target=\"_blank\" href=\"https://en.riotpixels.com/games/reptiles-in-hunt/screenshots/2/?utm_source=emb-gfx-html&amp;utm_medium=image&amp;utm_campaign=rp-mass\" rel=\"noopener\"><img loading=\"lazy\" width=\"178\" height=\"100\" border=\"0\" src=\"https://s01.riotpixels.net/data/c7/59/c759ccfb-490a-4dec-8b5e-0d149d35538b.jpg.240p.jpg\"></a><a target=\"_blank\" href=\"https://en.riotpixels.com/games/reptiles-in-hunt/screenshots/1/?utm_source=emb-gfx-html&amp;utm_medium=image&amp;utm_campaign=rp-mass\" rel=\"noopener\"><img loading=\"lazy\" width=\"178\" height=\"100\" border=\"0\" src=\"https://s01.riotpixels.net/data/b0/24/b024beef-c522-4b8c-b5c9-e5dbb5a92c97.jpg.240p.jpg\"></a></p><h3>Repack Features</h3><ul><li>Based on Reptiles.In.Hunt-CODEX ISO release: codex-reptiles.in.hunt.iso (5,173,608,448 bytes)</li><li>100% Lossless &amp; MD5 Perfect: all files are identical to originals after installation</li><li>NOTHING ripped, NOTHING re-encoded</li><li>Significantly smaller archive size (compressed from 4.8 to 2.8 GB)</li><li>Installation takes two minutes</li><li>After-install integrity check so you could make sure that everything installed properly</li><li>HDD space after installation: 9 GB</li><li>Language can be changed in game settings</li><li>At least 2 GB of free RAM (inc. virtual) required for installing this repack</li></ul><div ><div><h2>Game Description</h2></div><div >Over 200 years have passed since the world fell. You are a hunter in a world full of dinosaurs. However, there are creatures much more dangerous than the gigantic reptiles. These are Reptilians invading these lands, burning villages and kidnapping children. Save your son from the hands of the Reptilians. To do this, you will have to hunt dinosaurs, discover the ruins of a ruined human civilization and build new, stronger weapons.<p>The game takes the best features from other survival and action games. Take resources from the environment, skin the dinos, and dive into water to search for unique items. Use a drone to find dinos\u2019 positions. Search dangerous and dark metro tunnels to find unique loot. All of this with a look of third-person perspective.</p><p><b><h3>Game Features</h3></b></p><ul><li>Many different dinosaurs</li><li>Craft and collect weapons</li><li>Stealth hunting</li><li>Dinosaur interactions (fighting in groups, attacking other dinos)</li><li>Swimming</li><li>Underground (destroyed tunnels)</li><li>Outstanding graphics</li><li>Drones</li><li>Deadly Reptilians</li></ul></div></div>             </div>"
}