{
    "link": null,
    "title": "Resistance 3 \u2013 v1.05 + 2 DLCs + RPCS3 Emu + Offline Co-Op",
    "first_img": "https://i3.imageban.ru/out/2021/08/07/b43df6878052f862d730c936eaaaed6a.jpg",
    "second_img": [],
    "body": "<div ><h2>Resistance 3 \u2013 v1.05 + 2 DLCs + RPCS3 Emu + Offline Co-Op</h2><p ><div><a target=\"_blank\" href=\"https://en.riotpixels.com/games/resistance-3/\" rel=\"noopener\"><img class=\"alignleft\" width=\"150\" src=\"https://i3.imageban.ru/out/2021/08/07/b43df6878052f862d730c936eaaaed6a.jpg\"></a></div><br>Genres/Tags: <strong>Action, Shooter, First-person, 3D</strong><br>Companies: <strong>Insomniac Games, Sony Computer Entertainment</strong><br>Languages: <strong>RUS/ENG/MULTI15</strong><br>Original Size: <strong>34.3 GB</strong><br>Repack Size: <strong>from 6.6 GB</strong> [Selective Download]</p>&nbsp;<div>&nbsp;</div><h3>Download Mirrors</h3><ul><li><a href=\"https://1337x.to/torrent/4947442/Resistance-3-v1-05-2-DLCs-RPCS3-Emu-Offline-Co-Op-MULTi15-FitGirl-Repack-Selective-Download-from-6-6-GB/\" target=\"_blank\" rel=\"noopener\">1337x</a> | [<a href=\"magnet:?xt=urn:btih:4CB474DDAE1D64B728AA7067DCBBE1CF149D1EA1&amp;dn=Resistance+3+%28v1.05+%2B+2+DLCs+%2B+RPCS3+Emu+%2B+Offline+Co-Op%2C+MULTi15%29+%5BFitGirl+Repack%2C+Selective+Download+-+from+6.6+GB%5D&amp;tr=udp%3A%2F%2F46.148.18.250%3A2710&amp;tr=udp%3A%2F%2Fopentor.org%3A2710&amp;tr=udp%3A%2F%2Ftracker.coppersurfer.tk%3A6969%2Fannounce&amp;tr=udp%3A%2F%2Ftracker.opentrackr.org%3A1337%2Fannounce&amp;tr=http%3A%2F%2Ftracker.dler.org%3A6969%2Fannounce&amp;tr=udp%3A%2F%2Ftracker.leechers-paradise.org%3A6969%2Fannounce&amp;tr=udp%3A%2F%2F9.rarbg.me%3A2730%2Fannounce&amp;tr=udp%3A%2F%2F9.rarbg.to%3A2770%2Fannounce&amp;tr=udp%3A%2F%2Ftracker.pirateparty.gr%3A6969%2Fannounce&amp;tr=http%3A%2F%2Fretracker.local%2Fannounce&amp;tr=http%3A%2F%2Fretracker.ip.ncnet.ru%2Fannounce&amp;tr=udp%3A%2F%2Fexodus.desync.com%3A6969%2Fannounce&amp;tr=udp%3A%2F%2Fipv4.tracker.harry.lu%3A80%2Fannounce&amp;tr=udp%3A%2F%2Fopen.stealth.si%3A80%2Fannounce&amp;tr=udp%3A%2F%2Ftracker.zer0day.to%3A1337%2Fannounce&amp;tr=udp%3A%2F%2Ftracker.leechers-paradise.org%3A6969%2Fannounce&amp;tr=udp%3A%2F%2Fcoppersurfer.tk%3A6969%2Fannounce\">magnet</a>] [<a href=\"https://pastefg.hermietkreeft.site/?443a12f792d37903#4Bcr36okTvur5tKMH2FezBeLVM492tZTUiVMbfnh6Amw\" target=\"_blank\" rel=\"noopener\">.torrent file only</a>] <br><img src=\"https://torrent-stats.info/7067/1fe683648.png\" style=\"display:block;clear:both\"></li><li><a href=\"http://rutor.info/torrent/829014/resistance-3-rpcs3-emu-dlcs-co-op-2011-pc-repack-ot-fitgirl\" target=\"_blank\" rel=\"noopener\">RuTor</a> [<a href=\"magnet:?xt=urn:btih:4cb474ddae1d64b728aa7067dcbbe1cf149d1ea1&amp;dn=rutor.info_Resistance+3+%5B%2B+RPCS3+Emu+%2B+DLCs+%2B+Co-op%5D+%282011%29+PC+%7C+RePack+%D0%BE%D1%82+FitGirl&amp;tr=udp://opentor.org:2710&amp;tr=udp://opentor.org:2710&amp;tr=http://retracker.local/announce\">magnet</a>]</li><li><a href=\"https://tapochek.net/viewtopic.php?p=2793649\" target=\"_blank\" rel=\"noopener\">Tapochek.net</a></li><li><a href=\"https://pastefg.hermietkreeft.site/?901f1ce44e57b429#6axsQU8tsK3ua3PwS6gqZgwosZNYnDTw4MtCNs1k19HA\" target=\"_blank\" rel=\"noopener\">Filehoster: MultiUpload</a> (10+ hosters, interchangeable) [Use <a href=\"http://jdownloader.org/jdownloader2\" target=\"_blank\" rel=\"noopener\">JDownloader2</a>]</li><li><a href=\"https://pastefg.hermietkreeft.site/?8b5b03969a67e5a8#9T1XLcmWq1ZzNggkwJtXxZdeNiHzrkZ2RdDfkq3fKPkJ\" target=\"_blank\" rel=\"noopener\">Filehoster: PixelDrain</a></li><li><a href=\"https://pastefg.hermietkreeft.site/?950f07b57b008413#Dckn1oYbgX9wmSnGLFAX6xB5hPLTkhHkSHJ2tqvxLzPa\" target=\"_blank\" rel=\"noopener\">Filehoster: ZippyShare</a></li><li><a href=\"https://pastefg.hermietkreeft.site/?f0dc2c5786087ad0#2gYP26FUu1fw4m1ebR6ne5RPWLUSGRahiSdU6ZWME1gZ\" target=\"_blank\" rel=\"noopener\">Filehoster: LetsUpload</a> [Use <a href=\"http://jdownloader.org/jdownloader2\" target=\"_blank\" rel=\"noopener\">JDownloader2</a>]</li><li><a href=\"https://crackhub.site/resistance-3-v1-05-2-dlcs-rpcs3-emu-offline-co-op/\" target=\"_blank\" rel=\"noopener\">Filehosters: Google Drive, OneDrive + others</a> (Uploaded by crackhub213)</li><li><a href=\"https://pastefg.hermietkreeft.site/?e059916cbb8f651b#FFZKrGzzmuEiZbMeMWqA3meEjTgHdFZ5of5jt24qLBQE\" target=\"_blank\" rel=\"noopener\">Filehoster: OneDrive</a> (Uploaded by DyR0 t(-_-t), NOT compatible with other mirrors)</li></ul><h3>Screenshots (Click to enlarge)</h3><p><a target=\"_blank\" href=\"https://en.riotpixels.com/games/resistance-3/screenshots/102/?utm_source=emb-gfx-html&amp;utm_medium=image&amp;utm_campaign=rp-mass\" rel=\"noopener\"><img loading=\"lazy\" width=\"178\" height=\"100\" border=\"0\" src=\"https://s01.riotpixels.net/data/0f/be/0fbe810d-90c0-4699-b765-756ef37aede0.jpg.240p.jpg\"></a><a target=\"_blank\" href=\"https://en.riotpixels.com/games/resistance-3/screenshots/101/?utm_source=emb-gfx-html&amp;utm_medium=image&amp;utm_campaign=rp-mass\" rel=\"noopener\"><img loading=\"lazy\" width=\"178\" height=\"100\" border=\"0\" src=\"https://s01.riotpixels.net/data/39/0f/390fe0ed-9aa0-44f4-bb38-5d4fcfacb800.jpg.240p.jpg\"></a><a target=\"_blank\" href=\"https://en.riotpixels.com/games/resistance-3/screenshots/99/?utm_source=emb-gfx-html&amp;utm_medium=image&amp;utm_campaign=rp-mass\" rel=\"noopener\"><img loading=\"lazy\" width=\"178\" height=\"100\" border=\"0\" src=\"https://s01.riotpixels.net/data/64/77/64773543-1079-44aa-b864-85d572e92bd4.jpg.240p.jpg\"></a><br><a target=\"_blank\" href=\"https://en.riotpixels.com/games/resistance-3/screenshots/24/?utm_source=emb-gfx-html&amp;utm_medium=image&amp;utm_campaign=rp-mass\" rel=\"noopener\"><img loading=\"lazy\" width=\"178\" height=\"100\" border=\"0\" src=\"https://s01.riotpixels.net/data/ca/33/ca33e664-07d2-4c40-a13b-eed8134af0ea.jpg.240p.jpg\"></a><a target=\"_blank\" href=\"https://en.riotpixels.com/games/resistance-3/screenshots/23/?utm_source=emb-gfx-html&amp;utm_medium=image&amp;utm_campaign=rp-mass\" rel=\"noopener\"><img loading=\"lazy\" width=\"178\" height=\"100\" border=\"0\" src=\"https://s01.riotpixels.net/data/8e/14/8e14b97b-72d0-4b09-b6fb-f46f22f6909f.jpg.240p.jpg\"></a><a target=\"_blank\" href=\"https://en.riotpixels.com/games/resistance-3/screenshots/12/?utm_source=emb-gfx-html&amp;utm_medium=image&amp;utm_campaign=rp-mass\" rel=\"noopener\"><img loading=\"lazy\" width=\"178\" height=\"100\" border=\"0\" src=\"https://s01.riotpixels.net/data/45/2a/452a97ee-165c-453e-a0b0-740be768f5c4.jpg.240p.jpg\"></a></p><h3>Repack Features</h3><ul><li>Based on PS3 BCES01118 ISO release: 32.6 GB</li><li>All updates till v1.05 installed over (1.1 GB)</li><li>2 DLCs (Survival Pack &amp; Brutality Pack, 329 MB) are installed over and activated</li><li>Bonus soundtrack in MP3 (112 MB) added</li><li>PS3 Firmware v4.88 (197 MB) added</li><li>RPCS3 v0.0.17-12565 emulator with built-in updater included, so you can always keep the emu in the fresh condition</li><li>In case you have troubles with newer RPCS3 builds, you can always restore version bundled with the repack by unpacking \u201cRestore Older Emulator.zip\u201d</li><li>100% Lossless &amp; MD5 Perfect: all files are identical to originals after installation</li><li>Non-game files (other game demos) ripped, NOTHING re-encoded</li><li>Selective Download feature: you may skip downloading and installing of optional language packs (English and some other langs w/o their own voiceovers are included by default), \u201cBehind the scenes\u201d bonus videos, 3D Stereo Mode videos and bonus sountrack</li><li>Significantly smaller archive size (compressed from cumulative 34.3 to 6.6~10.8 GB, depending on selected components)</li><li>Installation takes 10-25 minutes (depending on your system and selected components)</li><li>After-install integrity check so you could make sure that everything installed properly</li><li>HDD space after installation: up to 28.8 GB</li><li>The game supports local co-op with KBM &amp; controllers plugged-in and configured in emulator settings</li><li>Language can be changed in emulator settings (RMB on game title \u2013&gt; Change Custom Configuration \u2013&gt; System \u2013&gt; Console Language)</li><li>By default some PS controller buttons are mapped to mouse, so you could play the game as any PC shooter. You can change those mappings in emulator settings \u2013 take a note on Mouse Acceleation/Deadzone settings to adjust the game for your system</li><li>By default the game runs in native 720p resolution, which you can increase in emu settings at cost of perfomance hit</li><li>Some emulator settings are CPU-dependant, so you should check them all and adjust accordingly to your configuration. Don\u2019t forget to clean all caches for the game after any CPU/GPU setting changes</li><li>Loading time after Insomniac logo can be several minutes long while staying on the black screen \u2013 just wait</li><li>NEVER close the game before quitting to main menu first \u2013 this may break save files</li><li>If the game crashes for you while loading 1st level \u2013 delete \u201cdev_hdd0\\home\\00000001\u201d folder, this will remove all saves and reset game state; also, clean all caches generated by the emu and run it again</li><li>On some further levels the game may also stuck on level loading. Then close the emu, run it again and change SPU Decoder from \u201cRecompiler (LLVM)\u201d to \u201cRecompiler (ASMJIT)\u201d in emulator settings for this particular game. Pass that stuck place and you can return the LLVM back</li><li>Repack uses XTool library by Razor12911</li><li>At least 2 GB of free RAM (inc. virtual) required for installing this repack</li></ul><div ><div><h2>Game Description</h2></div><div >Resistance 3 is a full-featured adventure shooter based in a brutal alternative universe in which humanity is faced with a struggle for survival against a relentless alien race in a decimated America.<p>Journey as mankind\u2019s last hope, Joseph Capelli, across a devastated America, making your way from Haven, Oklahoma to New York City</p><p>A fully loaded arsenal of innovative weapons, including classics like the Bullseye, Auger and a new weapon upgrade system</p><p>Fully featured offline and online cooperative modes that let you share the experience</p><p>Engage smarter and more agile Chimeran enemies and experience new, more focused, progression-based multiplayer experience</p></div></div><div ><div Selective Download</div><div ><p>You can skip downloading of \u201cBehind the Scenes\u201d videos, 3D Stereo Mode videos, bonus soundtrack and language packs you don\u2019t need. Here is the list of optional files:</p><ul><li>fg-optional-3d-videos.bin (3D Stere Mode videos, can be used if you have compatible hardware and activated 3D Stereo Mode in emulator settings)</li><li>fg-optional-bonus-soundtrack.bin (Bonus soundtrack in MP3 format)</li><li>fg-optional-bonus-videos.bin (Behind the Scene videos, available in the game\u2019s menu for bonus points)</li><li>fg-optional-french.bin</li><li>fg-optional-german.bin</li><li>fg-optional-italian.bin</li><li>fg-optional-japanese.bin</li><li>fg-optional-polish.bin</li><li>fg-optional-portuguese.bin</li><li>fg-optional-russian.bin</li><li>fg-optional-spanish.bin</li></ul><p>In example, if you want to launch the game with Spanish UI/Subtitles/Voiceovers \u2013 skip all \u201coptional\u201d files, but download fg-optional-spanish.bin &amp; all main files (01-03).<br></p></div></div><p><b>Cross-repack compatibility</b></p><p>If you have downloaded and still have some of my RPCS3-powered repacks, you can use fg-ps3-firmware-v4.88.bin from any of those and save 145 MB of traffic.</p>             </div>"
}