{
    "link": null,
    "title": "Resistance 2 + RPCS3 Emu + Offline Co-Op",
    "first_img": "https://i4.imageban.ru/out/2021/08/05/0e62b02cc7d0a25b7878669fee8996d1.jpg",
    "second_img": [],
    "body": "<div ><h2>Resistance 2 + RPCS3 Emu + Offline Co-Op</h2><p ><div><a target=\"_blank\" href=\"https://en.riotpixels.com/games/resistance-2/\" rel=\"noopener\"><img class=\"alignleft\" width=\"150\" src=\"https://i4.imageban.ru/out/2021/08/05/0e62b02cc7d0a25b7878669fee8996d1.jpg\"></a></div><br>Genres/Tags: <strong>Action, Shooter, First-person, 3D</strong><br>Companies: <strong>Insomniac Games, Sony Computer Entertainment</strong><br>Languages: <strong>ENG/MULTI13</strong><br>Original Size: <strong>21.6 GB</strong><br>Repack Size: <strong>5.4 GB</strong></p>&nbsp;<div>&nbsp;</div><h3>Download Mirrors</h3><ul><li><a href=\"https://1337x.to/torrent/4943145/Resistance-2-RPCS3-Emu-Offline-Co-Op-MULTi13-FitGirl-Repack/\" target=\"_blank\" rel=\"noopener\">1337x</a> | [<a href=\"magnet:?xt=urn:btih:005114580A6BF4242A09B8C6873BF13022E04A14&amp;dn=Resistance+2+%28%2B+RPCS3+Emu+%2B+Offline+Co-Op%2C+MULTi13%29+%5BFitGirl+Repack%5D&amp;tr=udp%3A%2F%2F46.148.18.250%3A2710&amp;tr=udp%3A%2F%2Fopentor.org%3A2710&amp;tr=udp%3A%2F%2Ftracker.coppersurfer.tk%3A6969%2Fannounce&amp;tr=udp%3A%2F%2Ftracker.opentrackr.org%3A1337%2Fannounce&amp;tr=http%3A%2F%2Ftracker.dler.org%3A6969%2Fannounce&amp;tr=udp%3A%2F%2Ftracker.leechers-paradise.org%3A6969%2Fannounce&amp;tr=udp%3A%2F%2F9.rarbg.me%3A2730%2Fannounce&amp;tr=udp%3A%2F%2F9.rarbg.to%3A2770%2Fannounce&amp;tr=udp%3A%2F%2Ftracker.pirateparty.gr%3A6969%2Fannounce&amp;tr=http%3A%2F%2Fretracker.local%2Fannounce&amp;tr=http%3A%2F%2Fretracker.ip.ncnet.ru%2Fannounce&amp;tr=udp%3A%2F%2Fexodus.desync.com%3A6969%2Fannounce&amp;tr=udp%3A%2F%2Fipv4.tracker.harry.lu%3A80%2Fannounce&amp;tr=udp%3A%2F%2Fopen.stealth.si%3A80%2Fannounce&amp;tr=udp%3A%2F%2Ftracker.zer0day.to%3A1337%2Fannounce&amp;tr=udp%3A%2F%2Ftracker.leechers-paradise.org%3A6969%2Fannounce&amp;tr=udp%3A%2F%2Fcoppersurfer.tk%3A6969%2Fannounce\">magnet</a>] [<a href=\"https://pastefg.hermietkreeft.site/?d472641e3efafec5#8xkgHSnwKspxcAg9F8cPgWf76ToqPnvPMDhLGgUXvaDj\" target=\"_blank\" rel=\"noopener\">.torrent file only</a>] <br><img src=\"https://torrent-stats.info/b8c6/346727f2a.png\" style=\"display:block;clear:both\"></li><li><a href=\"https://tapochek.net/viewtopic.php?p=2792814\" target=\"_blank\" rel=\"noopener\">Tapochek.net</a></li><li><a href=\"https://pastefg.hermietkreeft.site/?0e0437d281a485b7#rtDA9sDvmX5sKL1aYnXGPV5RDRkga9x67vPChGJHqDe\" target=\"_blank\" rel=\"noopener\">Filehoster: MultiUpload</a> (10+ hosters, interchangeable) [Use <a href=\"http://jdownloader.org/jdownloader2\" target=\"_blank\" rel=\"noopener\">JDownloader2</a>]</li><li><a href=\"https://pastefg.hermietkreeft.site/?2167a62ac0402a52#94pytb144vvcaCGkRiJqAX1kj2nCbg7XmQa5AE1EHj48\" target=\"_blank\" rel=\"noopener\">Filehoster: PixelDrain</a></li><li><a href=\"https://pastefg.hermietkreeft.site/?860b5d5c25c0cbd7#2v28yhHcHWp3vYvce59pbf2ub7eP5Aw689RQTFfs1SUi\" target=\"_blank\" rel=\"noopener\">Filehoster: ZippyShare</a></li><li><a href=\"https://pastefg.hermietkreeft.site/?61293900d8fcb6e8#69S5L6ZWaab7S9wzw9E1JkwUg4fYrDAwNX3S6F2pmVGn\" target=\"_blank\" rel=\"noopener\">Filehoster: LetsUpload</a> [Use <a href=\"http://jdownloader.org/jdownloader2\" target=\"_blank\" rel=\"noopener\">JDownloader2</a>]</li><li><a href=\"https://crackhub.site/resistance-2-rpcs3-emu-offline-co-op-fitgirl-repack/\" target=\"_blank\" rel=\"noopener\">Filehosters: Google Drive, OneDrive + others</a> (Uploaded by crackhub213)</li><li><a href=\"https://pastefg.hermietkreeft.site/?9cae93d911e3d9ea#H1YZiCKvFwpdogHFFninXNDSbCa6W4eybz7XBffUPUb6\" target=\"_blank\" rel=\"noopener\">Filehoster: OneDrive</a> (Uploaded by DyR0 t(-_-t), NOT compatible with other mirrors)</li></ul><h3>Screenshots (Click to enlarge)</h3><p><a target=\"_blank\" href=\"https://en.riotpixels.com/games/resistance-2/screenshots/67/?utm_source=emb-gfx-html&amp;utm_medium=image&amp;utm_campaign=rp-mass\" rel=\"noopener\"><img loading=\"lazy\" width=\"178\" height=\"100\" border=\"0\" src=\"https://s01.riotpixels.net/data/7e/0d/7e0dfb10-1e80-42a1-ab4a-af115d70f4dd.jpg.240p.jpg\"></a><a target=\"_blank\" href=\"https://en.riotpixels.com/games/resistance-2/screenshots/55/?utm_source=emb-gfx-html&amp;utm_medium=image&amp;utm_campaign=rp-mass\" rel=\"noopener\"><img loading=\"lazy\" width=\"182\" height=\"100\" border=\"0\" src=\"https://s01.riotpixels.net/data/10/95/1095f391-1c93-4a66-94b8-b6af7c7634d1.jpg.240p.jpg\"></a><a target=\"_blank\" href=\"https://en.riotpixels.com/games/resistance-2/screenshots/51/?utm_source=emb-gfx-html&amp;utm_medium=image&amp;utm_campaign=rp-mass\" rel=\"noopener\"><img loading=\"lazy\" width=\"178\" height=\"100\" border=\"0\" src=\"https://s01.riotpixels.net/data/9e/5a/9e5a1477-0ff1-44b3-bca1-8f0630a8773e.jpg.240p.jpg\"></a><br><a target=\"_blank\" href=\"https://en.riotpixels.com/games/resistance-2/screenshots/43/?utm_source=emb-gfx-html&amp;utm_medium=image&amp;utm_campaign=rp-mass\" rel=\"noopener\"><img loading=\"lazy\" width=\"182\" height=\"100\" border=\"0\" src=\"https://s01.riotpixels.net/data/3c/af/3caff246-a362-4d00-b8ef-d9db302b3f19.jpg.240p.jpg\"></a><a target=\"_blank\" href=\"https://en.riotpixels.com/games/resistance-2/screenshots/39/?utm_source=emb-gfx-html&amp;utm_medium=image&amp;utm_campaign=rp-mass\" rel=\"noopener\"><img loading=\"lazy\" width=\"178\" height=\"100\" border=\"0\" src=\"https://s01.riotpixels.net/data/d8/96/d8964d59-d678-4b49-ba8d-1c6cffa6f57a.jpg.240p.jpg\"></a><a target=\"_blank\" href=\"https://en.riotpixels.com/games/resistance-2/screenshots/8/?utm_source=emb-gfx-html&amp;utm_medium=image&amp;utm_campaign=rp-mass\" rel=\"noopener\"><img loading=\"lazy\" width=\"178\" height=\"100\" border=\"0\" src=\"https://s01.riotpixels.net/data/37/f5/37f54f6c-825b-4b83-8de8-4ff979cba0b1.jpg.240p.jpg\"></a></p><h3>Repack Features</h3><ul><li>Based on digital PSN NPEA00431 release: 21.4 GB</li><li>PS3 Firmware v4.88 (197 MB) added</li><li>RPCS3 v0.0.17-12586 emulator with built-in updater included, so you can always keep the emu in the fresh condition; FPS unlock patch activated</li><li>100% Lossless &amp; MD5 Perfect: all files are identical to originals after installation</li><li>NOTHING ripped, NOTHING re-encoded</li><li>Significantly smaller archive size (compressed from cumulative 21.6 to 5.4 GB)</li><li>Installation takes 7-15 minutes (depending on your system)</li><li>After-install integrity check so you could make sure that everything installed properly</li><li>HDD space after installation: 21.7 GB</li><li>Language can be changed in emulator settings (RMB on game title \u2013&gt; Change Custom Configuration \u2013&gt; System \u2013&gt; Console Language)</li><li>By default some PS controller buttons are mapped to mouse, so you could play the game as any PC shooter. With LMB you can shoot, RMB throws a grenade and MMB reloads a current weapon. You can change those mappings in emulator settings \u2013 take a note on Mouse Acceleation/Deadzone settings to adjust the game for your system</li><li>By default the game runs in native 720p resolution, which you can increase in emu settings at cost of perfomance hit</li><li>This game is heavily CPU-cores dependant, you REALLY need at least 8 working threads for it</li><li>Some emulator settings are CPU-dependant, so you should check them all and adjust accordingly to your configuration</li><li>The game supports local co-op with KBM &amp; controllers plugged-in and configured in emulator settings</li><li>Repack uses XTool library by Razor12911</li><li>At least 2 GB of free RAM (inc. virtual) required for installing this repack</li></ul><div ><div><h2>Game Description</h2></div><div ><p>Resistance 2 for the PlayStation 3 is an alternate-history, first-person shooter that puts you in the heroic role of Sgt. Nathan Hale</p><p>After brief opening scenes in London and Iceland, the battle moves across the globe to the United States</p><p>New Chimeran creatures include the Chameleon, with cloaking powers, and the Grim, a species that attacks in hordes</p><p>US-based campaign is loaded with tons of new weapons to enhance the overall gameplay and first-person shooter experience</p><p>Impressive gameplay options include offline co-operative campaign mode that can accommodate two players.<br></p></div></div><h3>Cross-repack compatibility</h3><p>If you have downloaded and still have some of my RPCS3-powered repacks, you can use fg-ps3-firmware-v4.88.bin from any of those and save 145 MB of traffic.</p>             </div>"
}