{
    "link": "https://fitgirl-repacks.site/rico-london/",
    "title": "RICO: London \u2013 v1.0.7856",
    "first_img": "https://i1.imageban.ru/out/2021/09/13/21f86abf04867222fb93004489a89292.jpg",
    "second_img": "https://s01.riotpixels.net/data/2e/e0/2ee0a47b-99ec-4996-a894-9800e34d48ce.jpg.240p.jpg",
    "body": "<div ><h2>RICO: London \u2013 v1.0.7856</h2><p ><div><a target=\"_blank\" href=\"https://en.riotpixels.com/games/rico-london/\" rel=\"noopener\"><img class=\"alignleft\" width=\"150\" src=\"https://i1.imageban.ru/out/2021/09/13/21f86abf04867222fb93004489a89292.jpg\"></a></div><br>Genres/Tags: <strong>Action, Arcade, Shooter, First-person, 3D</strong><br>Companies: <strong>Ground Shatter, Numskull Games</strong><br>Languages: <strong>ENG/MULTI9</strong><br>Original Size: <strong>3.9 GB</strong><br>Repack Size: <strong>2.2 GB</strong></p>&nbsp;<div>&nbsp;</div><h3>Download Mirrors</h3><ul><li><a href=\"https://1337x.to/torrent/4982626/RICO-London-v1-0-7856-MULTi9-FitGirl-Repack/\" target=\"_blank\" rel=\"noopener\">1337x</a> | [<a href=\"magnet:?xt=urn:btih:DA8700F4CDAE4AE0234C052A2EAF138B2418815C&amp;dn=RICO%3A+London+%28v1.0.7856%2C+MULTi9%29+%5BFitGirl+Repack%5D&amp;tr=udp%3A%2F%2F46.148.18.250%3A2710&amp;tr=udp%3A%2F%2Fopentor.org%3A2710&amp;tr=udp%3A%2F%2Ftracker.coppersurfer.tk%3A6969%2Fannounce&amp;tr=udp%3A%2F%2Ftracker.opentrackr.org%3A1337%2Fannounce&amp;tr=http%3A%2F%2Ftracker.dler.org%3A6969%2Fannounce&amp;tr=udp%3A%2F%2Ftracker.leechers-paradise.org%3A6969%2Fannounce&amp;tr=udp%3A%2F%2F9.rarbg.me%3A2730%2Fannounce&amp;tr=udp%3A%2F%2F9.rarbg.to%3A2770%2Fannounce&amp;tr=udp%3A%2F%2Ftracker.pirateparty.gr%3A6969%2Fannounce&amp;tr=http%3A%2F%2Fretracker.local%2Fannounce&amp;tr=http%3A%2F%2Fretracker.ip.ncnet.ru%2Fannounce&amp;tr=udp%3A%2F%2Fexodus.desync.com%3A6969%2Fannounce&amp;tr=udp%3A%2F%2Fipv4.tracker.harry.lu%3A80%2Fannounce&amp;tr=udp%3A%2F%2Fopen.stealth.si%3A80%2Fannounce&amp;tr=udp%3A%2F%2Ftracker.zer0day.to%3A1337%2Fannounce&amp;tr=udp%3A%2F%2Ftracker.leechers-paradise.org%3A6969%2Fannounce&amp;tr=udp%3A%2F%2Fcoppersurfer.tk%3A6969%2Fannounce\">magnet</a>] [<a href=\"https://pastefg.hermietkreeft.site/?ee85e2c3bd36465f#EZNaFbxkZ2GPqSyhCxxkPgV3NsB6UJ9dGkZEmaGUz4z4\" target=\"_blank\" rel=\"noopener\">.torrent file only</a>] <br><img src=\"https://torrent-stats.info/052a/17a2bf88.png\" style=\"display:block;clear:both\"></li><li><a href=\"https://tapochek.net/viewtopic.php?p=2800052\" target=\"_blank\" rel=\"noopener\">Tapochek.net</a></li><li><a href=\"https://pastefg.hermietkreeft.site/?78411d941e64d7ed#FPpcotw3sJAoZWAGFQZn1KBvKxqLPhHdbHztJPcBMyKC\" target=\"_blank\" rel=\"noopener\">Filehoster: MultiUpload</a> (10+ hosters, interchangeable) [Use <a href=\"http://jdownloader.org/jdownloader2\" target=\"_blank\" rel=\"noopener\">JDownloader2</a>]</li><li><a href=\"https://pastefg.hermietkreeft.site/?7c1e398dc39daa15#99nWqTeoYX8gcXuStwjjLKm7d8ENxSKSgARwyD3RJSSx\" target=\"_blank\" rel=\"noopener\">Filehoster: PixelDrain</a></li><li><a href=\"https://pastefg.hermietkreeft.site/?44dc92dc685b0bbf#EKFHTiGBSyDESMjWXGttiSjC6aArMG7swynSJyCCMJdX\" target=\"_blank\" rel=\"noopener\">Filehoster: ZippyShare</a></li><li><a href=\"https://pastefg.hermietkreeft.site/?ae597ea2e7203154#6466akckq71kBxVcAYEmWx8ANPc5JjH3HjxbCLC72rL3\" target=\"_blank\" rel=\"noopener\">Filehoster: LetsUpload</a> [Use <a href=\"http://jdownloader.org/jdownloader2\" target=\"_blank\" rel=\"noopener\">JDownloader2</a>]</li><li><a href=\"https://pastefg.hermietkreeft.site/?74bb9c8ca4d0b905#4DM4yiP6tPkZ7yCUEJzjT3c3PFMNujPQf2udTNzf2VfE\" target=\"_blank\" rel=\"noopener\">Filehoster: OneDrive</a> (Uploaded by DyR0 t(-_-t), NOT compatible with other mirrors)</li></ul><p><a href=\"https://cs.rin.ru/forum/viewtopic.php?f=10&amp;t=115737\" target=\"_blank\" rel=\"noopener\">Discussion and (possible) future updates on CS.RIN.RU thread</a></p><h3>Screenshots (Click to enlarge)</h3><p><a target=\"_blank\" href=\"https://en.riotpixels.com/games/rico-london/screenshots/25/?utm_source=emb-gfx-html&amp;utm_medium=image&amp;utm_campaign=rp-mass\" rel=\"noopener\"><img loading=\"lazy\" width=\"178\" height=\"100\" border=\"0\" src=\"https://s01.riotpixels.net/data/2e/e0/2ee0a47b-99ec-4996-a894-9800e34d48ce.jpg.240p.jpg\"></a><a target=\"_blank\" href=\"https://en.riotpixels.com/games/rico-london/screenshots/15/?utm_source=emb-gfx-html&amp;utm_medium=image&amp;utm_campaign=rp-mass\" rel=\"noopener\"><img loading=\"lazy\" width=\"178\" height=\"100\" border=\"0\" src=\"https://s01.riotpixels.net/data/7a/49/7a49ce29-2597-421b-8ad5-b3e71ce28306.jpg.240p.jpg\"></a><a target=\"_blank\" href=\"https://en.riotpixels.com/games/rico-london/screenshots/7/?utm_source=emb-gfx-html&amp;utm_medium=image&amp;utm_campaign=rp-mass\" rel=\"noopener\"><img loading=\"lazy\" width=\"178\" height=\"100\" border=\"0\" src=\"https://s01.riotpixels.net/data/a4/a9/a4a999c7-8ded-4877-a35e-8259f31a5620.jpg.240p.jpg\"></a><br><a target=\"_blank\" href=\"https://en.riotpixels.com/games/rico-london/screenshots/6/?utm_source=emb-gfx-html&amp;utm_medium=image&amp;utm_campaign=rp-mass\" rel=\"noopener\"><img loading=\"lazy\" width=\"178\" height=\"100\" border=\"0\" src=\"https://s01.riotpixels.net/data/e4/61/e461759f-48e2-4955-bba0-e39b09e5a030.jpg.240p.jpg\"></a><a target=\"_blank\" href=\"https://en.riotpixels.com/games/rico-london/screenshots/5/?utm_source=emb-gfx-html&amp;utm_medium=image&amp;utm_campaign=rp-mass\" rel=\"noopener\"><img loading=\"lazy\" width=\"178\" height=\"100\" border=\"0\" src=\"https://s01.riotpixels.net/data/28/7a/287aff95-8bc6-4346-b773-84ee2769e174.jpg.240p.jpg\"></a><a target=\"_blank\" href=\"https://en.riotpixels.com/games/rico-london/screenshots/3/?utm_source=emb-gfx-html&amp;utm_medium=image&amp;utm_campaign=rp-mass\" rel=\"noopener\"><img loading=\"lazy\" width=\"178\" height=\"100\" border=\"0\" src=\"https://s01.riotpixels.net/data/36/72/36721ac2-40c7-4a09-92ad-5d2de1394a82.jpg.240p.jpg\"></a></p><h3>Repack Features</h3><ul><li>Based on RICO.London-CODEX ISO release: codex-rico.london.iso (4,179,066,880 bytes)</li><li>100% Lossless &amp; MD5 Perfect: all files are identical to originals after installation</li><li>NOTHING ripped, NOTHING re-encoded</li><li>Significantly smaller archive size (compressed from 3.9 to 2.2 GB)</li><li>Installation takes 5-12 minutes (depending on your system)</li><li>After-install integrity check so you could make sure that everything installed properly</li><li>HDD space after installation: 4.4 GB (12 GB during installation)</li><li>Language can be changed in game settings</li><li>At least 2 GB of free RAM (inc. virtual) required for installing this repack</li></ul><div ><div><h2>Game Description</h2></div><div ><p><b>London, New Year\u2019s Eve 1999.</b><br>While everyone is getting ready to party the metropolitan police are working overtime. Detective Inspector Redfern finds herself at the scene of an emerging arms trade at the foot of a high-rise tower. Without the permission of her superiors or the support of backup, Redfern prepares to go kick off the millennium with a bang.</p><p><b>RICO London</b> is a gang-busting, name-taking, explosive co-op shooter. Battle your way up the high-rise tower stacked with East End gangsters solo or with a partner. Crash through doors, dodge bullets and turn the weapons of the fallen into your personal arsenal. Do whatever it takes reach the top.</p><p><b>High-rise, Higher Stakes</b><br>Ascend the dangerous gang infested tower, taking on tougher goons as you advance. The higher you get the higher the stakes.</p><p><b>High Calibre</b><br>The three magazines of 9mm you brought with you were never going to get you past the first floor. Chop and change from your ever-expanding arsenal to suit the task at hand as you defeat enemies along the way.</p><p><b>Perks Of the Job</b><br>Customise your loadout with a series of performance enhancing perks and upgrades. Modify your skills as the night unfolds.</p><p><b>Double Trouble</b><br>It wouldn\u2019t be a buddy cop shooter without a partner by your side. Call in a co-op ride-along, either local or online.</p><p>It is all down to you (and your partner) to bring the whole lot of them down, in the only way you can\u2026 kicking doors and shooting bad guys!</p><p><b><h3>Game Features</h3></b></p><ul><li>Arcade style game play</li><li>Play through various game modes \u2013 follow the story in Operation (Easy or Normal), or jump straight in to shoot bad guys in Daily play.</li><li>Compelling storyline with exhilarating gameplay to match it</li><li>Buddy cop co-op shooter, in local or online</li><li>Defeat different enemy types to collect new weapons and expand your arsenal</li><li>Rescue civilian hostages and get them to safety</li><li>Many collectible items to locate</li><li>Moment-to-moment action packed gameplay</li><li>Battle your way through the towers many storeys.</li><li>Watch the chaos unravel in slow motion</li><li>Cell shaded, graphic-novel art style</li></ul></div></div>             </div>"
}