{
    "link": "https://fitgirl-repacks.site/ride-4/",
    "title": "RIDE 4: Complete the Set- Build 7159412 + 32 DLCs",
    "first_img": "https://i5.imageban.ru/out/2021/08/20/248ef1b7518d4ca953089f8269dac010.jpg",
    "second_img": "https://s01.riotpixels.net/data/ba/00/ba0047c9-9add-4c9b-bbaf-8e736565ed0a.jpg.240p.jpg",
    "body": "<div ><h2>RIDE 4: Complete the Set- Build 7159412 + 32 DLCs</h2><p ><div><a target=\"_blank\" href=\"http://en.riotpixels.com/games/ride-4/\" rel=\"noopener\"><img class=\"alignleft\" width=\"150\" src=\"https://i5.imageban.ru/out/2021/08/20/248ef1b7518d4ca953089f8269dac010.jpg\"></a></div><br>Genres/Tags: <strong>Racing, Simulation, 3D</strong><br>Company: <strong>Milestone</strong><br>Languages: <strong>RUS/ENG/MULTI10</strong><br>Original Size: <strong>43 GB</strong><br>Repack Size: <strong>22 GB</strong></p>&nbsp;<div>&nbsp;</div><h3>Download Mirrors</h3><ul><li><a href=\"https://1337x.to/torrent/4957992/RIDE-4-Complete-the-Set-Build-7159412-32-DLCs-MULTi10-FitGirl-Repack/\" target=\"_blank\" rel=\"noopener\">1337x</a> | [<a href=\"magnet:?xt=urn:btih:0EF47143D48FAB07FF003533F8FE2CFBB50DCDB0&amp;dn=RIDE+4%3A+Complete+the+Set+%28Build+7159412+%2B+32+DLCs%2C+MULTi10%29+%5BFitGirl+Repack%5D&amp;tr=udp%3A%2F%2F46.148.18.250%3A2710&amp;tr=udp%3A%2F%2Fopentor.org%3A2710&amp;tr=udp%3A%2F%2Ftracker.coppersurfer.tk%3A6969%2Fannounce&amp;tr=udp%3A%2F%2Ftracker.opentrackr.org%3A1337%2Fannounce&amp;tr=http%3A%2F%2Ftracker.dler.org%3A6969%2Fannounce&amp;tr=udp%3A%2F%2Ftracker.leechers-paradise.org%3A6969%2Fannounce&amp;tr=udp%3A%2F%2F9.rarbg.me%3A2730%2Fannounce&amp;tr=udp%3A%2F%2F9.rarbg.to%3A2770%2Fannounce&amp;tr=udp%3A%2F%2Ftracker.pirateparty.gr%3A6969%2Fannounce&amp;tr=http%3A%2F%2Fretracker.local%2Fannounce&amp;tr=http%3A%2F%2Fretracker.ip.ncnet.ru%2Fannounce&amp;tr=udp%3A%2F%2Fexodus.desync.com%3A6969%2Fannounce&amp;tr=udp%3A%2F%2Fipv4.tracker.harry.lu%3A80%2Fannounce&amp;tr=udp%3A%2F%2Fopen.stealth.si%3A80%2Fannounce&amp;tr=udp%3A%2F%2Ftracker.zer0day.to%3A1337%2Fannounce&amp;tr=udp%3A%2F%2Ftracker.leechers-paradise.org%3A6969%2Fannounce&amp;tr=udp%3A%2F%2Fcoppersurfer.tk%3A6969%2Fannounce\">magnet</a>] [<a href=\"https://pastefg.hermietkreeft.site/?c6444176c6861a0c#4FB2PMPsAGRBhwV9fQEcrViWVf9qR1RzSNUWf5LX3eMA\" target=\"_blank\" rel=\"noopener\">.torrent file only</a>] <br><img src=\"https://torrent-stats.info/3533/f2219c2b.png\" style=\"display:block;clear:both\"></li><li><a href=\"http://rutor.info/torrent/830502/ride-4-complete-the-set-b7159412-dlcs-2020-pc-repack-ot-fitgirl\" target=\"_blank\" rel=\"noopener\">RuTor</a> [<a href=\"magnet:?xt=urn:btih:0ef47143d48fab07ff003533f8fe2cfbb50dcdb0&amp;dn=rutor.info_RIDE+4%3A+Complete+the+Set+%5Bb7159412+%2B+DLCs%5D+%282020%29+PC+%7C+RePack+%D0%BE%D1%82+FitGirl&amp;tr=udp://opentor.org:2710&amp;tr=udp://opentor.org:2710&amp;tr=http://retracker.local/announce\">magnet</a>]</li><li><a href=\"https://tapochek.net/viewtopic.php?p=2795651\" target=\"_blank\" rel=\"noopener\">Tapochek.net</a></li><li><a href=\"https://pastefg.hermietkreeft.site/?f85e797b05900351#28JzhNHTtPTb5VnHi25yj1SkqZ7o7LrbPZdDdmn3TdEJ\" target=\"_blank\" rel=\"noopener\">Filehoster: MultiUpload</a> (10+ hosters, interchangeable) [Use <a href=\"http://jdownloader.org/jdownloader2\" target=\"_blank\" rel=\"noopener\">JDownloader2</a>]</li><li><a href=\"https://pastefg.hermietkreeft.site/?fc0f4b96d5808d49#AH7M51L4hKFDj9UXnJVMcnDZM83ihR1qmjiiCGB7UtJj\" target=\"_blank\" rel=\"noopener\">Filehoster: PixelDrain</a></li><li><a href=\"https://pastefg.hermietkreeft.site/?e583bcf9ca5ac17e#QzdUQN8uz4ekpz1P7dEGzCBP4uGucMQvBv9bBB7gvsa\" target=\"_blank\" rel=\"noopener\">Filehoster: ZippyShare</a></li><li><a href=\"https://pastefg.hermietkreeft.site/?6390cfb1be4729c0#Chi3madaPYukM9LWbgdZkEGfBEyJeZso81vKQuPrJ5zp\" target=\"_blank\" rel=\"noopener\">Filehoster: LetsUpload</a> [Use <a href=\"http://jdownloader.org/jdownloader2\" target=\"_blank\" rel=\"noopener\">JDownloader2</a>]</li><li><a href=\"https://pastefg.hermietkreeft.site/?e72bc2c8fd5ca625#A35P4Qx9ADrZdeAeLgVdTfaoE6oAHHNFChvENTSARn6K\" target=\"_blank\" rel=\"noopener\">Filehoster: OneDrive</a> (Uploaded by DyR0 t(-_-t), NOT compatible with other mirrors)</li></ul><p><a href=\"https://cs.rin.ru/forum/viewtopic.php?f=10&amp;t=105500\" target=\"_blank\" rel=\"noopener\">Discussion and (possible) future updates on CS.RIN.RU thread</a></p><h3>Screenshots (Click to enlarge)</h3><p><a target=\"_blank\" href=\"http://en.riotpixels.com/games/ride-4/screenshots/40/?utm_source=emb-gfx-html&amp;utm_medium=image&amp;utm_campaign=rp-mass\" rel=\"noopener\"><img loading=\"lazy\" width=\"178\" height=\"100\" border=\"0\" src=\"https://s01.riotpixels.net/data/ba/00/ba0047c9-9add-4c9b-bbaf-8e736565ed0a.jpg.240p.jpg\"></a><a target=\"_blank\" href=\"http://en.riotpixels.com/games/ride-4/screenshots/32/?utm_source=emb-gfx-html&amp;utm_medium=image&amp;utm_campaign=rp-mass\" rel=\"noopener\"><img loading=\"lazy\" width=\"178\" height=\"100\" border=\"0\" src=\"https://s01.riotpixels.net/data/98/7e/987e0749-5897-4996-b5a6-390340c576f1.jpg.240p.jpg\"></a><a target=\"_blank\" href=\"http://en.riotpixels.com/games/ride-4/screenshots/23/?utm_source=emb-gfx-html&amp;utm_medium=image&amp;utm_campaign=rp-mass\" rel=\"noopener\"><img loading=\"lazy\" width=\"178\" height=\"100\" border=\"0\" src=\"https://s01.riotpixels.net/data/6d/1c/6d1c9fc1-3f9b-4a0a-9842-ae55d1b41679.jpg.240p.jpg\"></a><br><a target=\"_blank\" href=\"http://en.riotpixels.com/games/ride-4/screenshots/15/?utm_source=emb-gfx-html&amp;utm_medium=image&amp;utm_campaign=rp-mass\" rel=\"noopener\"><img loading=\"lazy\" width=\"178\" height=\"100\" border=\"0\" src=\"https://s01.riotpixels.net/data/28/7d/287d2fd8-e898-411e-a23f-ddff638ed20b.jpg.240p.jpg\"></a><a target=\"_blank\" href=\"http://en.riotpixels.com/games/ride-4/screenshots/11/?utm_source=emb-gfx-html&amp;utm_medium=image&amp;utm_campaign=rp-mass\" rel=\"noopener\"><img loading=\"lazy\" width=\"178\" height=\"100\" border=\"0\" src=\"https://s01.riotpixels.net/data/fa/9f/fa9f7b47-5ccb-4d69-9784-a4759f171124.jpg.240p.jpg\"></a><a target=\"_blank\" href=\"http://en.riotpixels.com/games/ride-4/screenshots/3/?utm_source=emb-gfx-html&amp;utm_medium=image&amp;utm_campaign=rp-mass\" rel=\"noopener\"><img loading=\"lazy\" width=\"178\" height=\"100\" border=\"0\" src=\"https://s01.riotpixels.net/data/ee/75/ee7590e8-0392-4837-8302-966ddf6367ec.jpg.240p.jpg\"></a></p><h3>Repack Features</h3><ul><li>Based on RIDE.4.Naked.Japan.Style-CODEX scene ISO release: codex-ride.4.naked.japan.style.iso (46,217,396,224 bytes)</li><li>32 DLCs are included and activated; Steam BuildID 7159412</li><li>100% Lossless &amp; MD5 Perfect: all files are identical to originals after installation</li><li>NOTHING ripped, NOTHING re-encoded</li><li>Significantly smaller archive size (compressed from 43 to 22 GB)</li><li>Installation takes from 9 minutes on 16-threads CPU to 33 minutes on 4-threads CPU</li><li>After-install integrity check so you could make sure that everything installed properly</li><li>HDD space after installation: 46.7 GB</li><li>Use \u201cLanguage Changer.bat\u201d in game root to change the game language</li><li>Repack uses XTool library by Razor12911</li><li>At least 2 GB of free RAM (inc. virtual) required for installing this repack</li></ul><div ><div><h2>Game Description</h2></div><div >Are you ready to live the best gaming experience that a motorcycle fan can get?<p>RIDE 4 will spark your competitive soul with hundreds of bikes, dozens of tracks and a whole new level of realism.</p><p>NEW AND ENHANCED CONTENTS<br>Choose among hundreds of officially licensed bikes and ride on dozens of tracks all around the world, carefully designed with an extraordinary level of detail! Every asset has been created starting from CAD data, laser and 3D scanning to achieve precision down to the smallest detail and let you enjoy the best two-wheel racing experience ever.</p><p>CHOOSE YOUR PATH<br>Jump into an amazing and dynamic adventure that interacts with your decisions and choose your own path from the regional events up to the professional leagues. Show your riding skills through challenging races, ability tests, track days and a huge set of events. You could even become an official tester for the most celebrated manufacturers!</p><p>DAY/NIGHT CYCLE, DYNAMIC WEATHER AND ENDURANCE RACES<br>RIDE 4 features a fully dynamic weather conditions system and a complete day/night cycle. Experience the race in a new light and prove you are the best rider in any condition. And for the first time, the \u201cEndurance\u201d mode will put your tenacity to the test, with animated pit-stops and long lasting races: prepare to face a world where strategy is the ultimate ingredient of your success!</p><p>NEURAL AI<br>Let us introduce you to A.N.N.A. (Artificial Neural Network Agent), our revolutionary neural AI system based on machine learning. Race against faster, smarter, more accurate riders and compete with an AI more human than ever!</p><p>EXPANDED CUSTOMIZATION<br>Race with your own style! Choose among plenty of official brands for your rider\u2019s outfit and customize your bikes aesthetically and mechanically. Unleash your creativity and design your helmet, suit and bike livery in total freedom thanks to our new graphics editor. Once you\u2019re done, share your creations online or just discover the best designs of the community!</p><p><b>Included DLCs</b></p><ul><li>600cc Passion</li><li>Best Vintage 80\u2019s \u2013 90\u2019s</li><li>Bonus Pack 01</li><li>Bonus Pack 02</li><li>Bonus Pack 03</li><li>Bonus Pack 04</li><li>Bonus Pack 05</li><li>Bonus Pack 06</li><li>Bonus Pack 07</li><li>Bonus Pack 08</li><li>Bonus Pack 09</li><li>Bonus Pack 10</li><li>Bonus Pack 11</li><li>Bonus Pack 12</li><li>Bonus Pack 13</li><li>Bonus Pack 14</li><li>Credits Multiplier</li><li>European Bikes Pack</li><li>Extreme Performance</li><li>Italian Style Pack 1</li><li>Italian Style Pack 2</li><li>Japanese Bikes Pack</li><li>Kyalami Pack</li><li>Naked Japan Style</li><li>Power Naked Pack</li><li>Sportbikes 101</li><li>Street Kings</li><li>Superbikes 2000</li><li>The Collector\u2019s Pack</li><li>Ultimate 2020</li><li>USA Tribute Pack</li><li>Valencia Pack</li></ul></div></div><p><b>Backwards Compatibility</b></p><p>This repack is NOT backwards compatible with my previous repack of this game.</p>             </div>"
}