{
    "link": "https://fitgirl-repacks.site/rims-racing/",
    "title": "RiMS Racing: Ultimate Edition + 6 DLCs",
    "first_img": "https://i1.imageban.ru/out/2021/08/19/69598ebc46de4225231d5b983f84c5da.jpg",
    "second_img": "https://s01.riotpixels.net/data/3d/00/3d006e80-e5f5-4da3-8f19-8dda952378a2.jpg.240p.jpg",
    "body": "<div ><h2>RiMS Racing: Ultimate Edition + 6 DLCs</h2><p ><div><a target=\"_blank\" href=\"https://en.riotpixels.com/games/rims-racing/\" rel=\"noopener\"><img class=\"alignleft\" width=\"150\" src=\"https://i1.imageban.ru/out/2021/08/19/69598ebc46de4225231d5b983f84c5da.jpg\"></a></div><br>Genres/Tags: <strong>Simulation, Racing, First-person, Third-person, Motorcycles, 3D</strong><br>Companies: <strong>Raceward Studio, Nacon</strong><br>Languages: <strong>RUS/ENG/MULTI13</strong><br>Original Size: <strong>10.3 GB</strong><br>Repack Size: <strong>6.8 GB</strong></p>&nbsp;<div>&nbsp;</div><h3>Download Mirrors</h3><ul><li><a href=\"https://1337x.to/torrent/4957765/RiMS-Racing-Ultimate-Edition-6-DLCs-MULTi13-FitGirl-Repack/\" target=\"_blank\" rel=\"noopener\">1337x</a> | [<a href=\"magnet:?xt=urn:btih:3FB23C687DA503D761FC8EC4C7D0072A4BF49BF4&amp;dn=RiMS+Racing%3A+Ultimate+Edition+%28%2B+6+DLCs%2C+MULTi13%29+%5BFitGirl+Repack%5D&amp;tr=udp%3A%2F%2F46.148.18.250%3A2710&amp;tr=udp%3A%2F%2Fopentor.org%3A2710&amp;tr=udp%3A%2F%2Ftracker.coppersurfer.tk%3A6969%2Fannounce&amp;tr=udp%3A%2F%2Ftracker.opentrackr.org%3A1337%2Fannounce&amp;tr=http%3A%2F%2Ftracker.dler.org%3A6969%2Fannounce&amp;tr=udp%3A%2F%2Ftracker.leechers-paradise.org%3A6969%2Fannounce&amp;tr=udp%3A%2F%2F9.rarbg.me%3A2730%2Fannounce&amp;tr=udp%3A%2F%2F9.rarbg.to%3A2770%2Fannounce&amp;tr=udp%3A%2F%2Ftracker.pirateparty.gr%3A6969%2Fannounce&amp;tr=http%3A%2F%2Fretracker.local%2Fannounce&amp;tr=http%3A%2F%2Fretracker.ip.ncnet.ru%2Fannounce&amp;tr=udp%3A%2F%2Fexodus.desync.com%3A6969%2Fannounce&amp;tr=udp%3A%2F%2Fipv4.tracker.harry.lu%3A80%2Fannounce&amp;tr=udp%3A%2F%2Fopen.stealth.si%3A80%2Fannounce&amp;tr=udp%3A%2F%2Ftracker.zer0day.to%3A1337%2Fannounce&amp;tr=udp%3A%2F%2Ftracker.leechers-paradise.org%3A6969%2Fannounce&amp;tr=udp%3A%2F%2Fcoppersurfer.tk%3A6969%2Fannounce\">magnet</a>] [<a href=\"https://pastefg.hermietkreeft.site/?ae545ea880003659#uZ3jyTtCy2N4jmcbwF3hPHjHb5cs41CtioEisso7sT6\" target=\"_blank\" rel=\"noopener\">.torrent file only</a>] <br><img src=\"https://torrent-stats.info/8ec4/289bfe524.png\" style=\"display:block;clear:both\"></li><li><a href=\"http://rutor.info/torrent/830490/rims-racing-ultimate-edition-dlcs-2021-pc-repack-ot-fitgirl\" target=\"_blank\" rel=\"noopener\">RuTor</a> [<a href=\"magnet:?xt=urn:btih:3fb23c687da503d761fc8ec4c7d0072a4bf49bf4&amp;dn=rutor.info_RiMS+Racing%3A+Ultimate+Edition+%5B%2B+DLCs%5D+%282021%29+PC+%7C+RePack+%D0%BE%D1%82+FitGirl&amp;tr=udp://opentor.org:2710&amp;tr=udp://opentor.org:2710&amp;tr=http://retracker.local/announce\">magnet</a>]</li><li><a href=\"https://tapochek.net/viewtopic.php?p=2795630\" target=\"_blank\" rel=\"noopener\">Tapochek.net</a></li><li><a href=\"https://pastefg.hermietkreeft.site/?c6588301ffb9e1b3#HXZTzn1JST2JgZei4zeBqKMUZxXm3Fg6z82upZ6EsqFf\" target=\"_blank\" rel=\"noopener\">Filehoster: MultiUpload</a> (10+ hosters, interchangeable) [Use <a href=\"http://jdownloader.org/jdownloader2\" target=\"_blank\" rel=\"noopener\">JDownloader2</a>]</li><li><a href=\"https://pastefg.hermietkreeft.site/?612e1b8b79afd554#EzREssfqLhfp8LBca1FsRyag7siAAospfDG7d2uAicYh\" target=\"_blank\" rel=\"noopener\">Filehoster: PixelDrain</a></li><li><a href=\"https://pastefg.hermietkreeft.site/?b197e519ef80e4f5#98rjVKYYMs7eEXAzKbimVduDn4fLYAVnjBuvRoEEeGKq\" target=\"_blank\" rel=\"noopener\">Filehoster: ZippyShare</a></li><li><a href=\"https://pastefg.hermietkreeft.site/?95e45c63b29933aa#A63uHtVmp2ycGSZQF58skBxxp2fsbee3vyEejyfpns6m\" target=\"_blank\" rel=\"noopener\">Filehoster: LetsUpload</a> [Use <a href=\"http://jdownloader.org/jdownloader2\" target=\"_blank\" rel=\"noopener\">JDownloader2</a>]</li><li><a href=\"https://pastefg.hermietkreeft.site/?61584b5f660c44e3#D3CYnWWzTHBkTRcakfjdPFbdCtqi4YpxEwQvJepge635\" target=\"_blank\" rel=\"noopener\">Filehoster: OneDrive</a> (Uploaded by DyR0 t(-_-t), NOT compatible with other mirrors)</li></ul><p><a href=\"https://cs.rin.ru/forum/viewtopic.php?f=10&amp;t=112710\" target=\"_blank\" rel=\"noopener\">Discussion and (possible) future updates on CS.RIN.RU thread</a></p><h3>Screenshots (Click to enlarge)</h3><p><a target=\"_blank\" href=\"https://en.riotpixels.com/games/rims-racing/screenshots/9/?utm_source=emb-gfx-html&amp;utm_medium=image&amp;utm_campaign=rp-mass\" rel=\"noopener\"><img loading=\"lazy\" width=\"178\" height=\"100\" border=\"0\" src=\"https://s01.riotpixels.net/data/3d/00/3d006e80-e5f5-4da3-8f19-8dda952378a2.jpg.240p.jpg\"></a><a target=\"_blank\" href=\"https://en.riotpixels.com/games/rims-racing/screenshots/8/?utm_source=emb-gfx-html&amp;utm_medium=image&amp;utm_campaign=rp-mass\" rel=\"noopener\"><img loading=\"lazy\" width=\"178\" height=\"100\" border=\"0\" src=\"https://s01.riotpixels.net/data/56/a1/56a158a3-5e9e-40fa-8757-be6e6fcf010a.jpg.240p.jpg\"></a><a target=\"_blank\" href=\"https://en.riotpixels.com/games/rims-racing/screenshots/7/?utm_source=emb-gfx-html&amp;utm_medium=image&amp;utm_campaign=rp-mass\" rel=\"noopener\"><img loading=\"lazy\" width=\"178\" height=\"100\" border=\"0\" src=\"https://s01.riotpixels.net/data/42/4f/424f9154-e648-4cfd-9aa9-24c6f8a5dec6.jpg.240p.jpg\"></a><br><a target=\"_blank\" href=\"https://en.riotpixels.com/games/rims-racing/screenshots/6/?utm_source=emb-gfx-html&amp;utm_medium=image&amp;utm_campaign=rp-mass\" rel=\"noopener\"><img loading=\"lazy\" width=\"178\" height=\"100\" border=\"0\" src=\"https://s01.riotpixels.net/data/07/15/0715a20f-12b5-44f4-9abb-0a5ddf181263.jpg.240p.jpg\"></a><a target=\"_blank\" href=\"https://en.riotpixels.com/games/rims-racing/screenshots/5/?utm_source=emb-gfx-html&amp;utm_medium=image&amp;utm_campaign=rp-mass\" rel=\"noopener\"><img loading=\"lazy\" width=\"178\" height=\"100\" border=\"0\" src=\"https://s01.riotpixels.net/data/c1/9c/c19c34ec-0640-4adc-9115-a0d5a3c2c91e.jpg.240p.jpg\"></a><a target=\"_blank\" href=\"https://en.riotpixels.com/games/rims-racing/screenshots/4/?utm_source=emb-gfx-html&amp;utm_medium=image&amp;utm_campaign=rp-mass\" rel=\"noopener\"><img loading=\"lazy\" width=\"178\" height=\"100\" border=\"0\" src=\"https://s01.riotpixels.net/data/4e/12/4e12cb0d-24ce-42e5-a597-ae88ca42eea1.jpg.240p.jpg\"></a></p><h3>Repack Features</h3><ul><li>Based on RiMS.Racing-CODEX ISO release: codex-rims racing.iso (11,083,481,088 bytes)</li><li>RiMS.Racing.DLC.Unlocker-CODEX applied over; 6 DLCs are included and activated</li><li>100% Lossless &amp; MD5 Perfect: all files are identical to originals after installation</li><li>NOTHING ripped, NOTHING re-encoded</li><li>Significantly smaller archive size (compressed from 10.3 to 6.8 GB)</li><li>Installation takes 5-13 minutes (depending on your system)</li><li>After-install integrity check so you could make sure that everything installed properly</li><li>HDD space after installation: 13 GB (up to 18.3 GB during installation)</li><li>Language can be changed in game settings</li><li>Repack uses XTool library by Razor12911</li><li>At least 2 GB of free RAM (inc. virtual) required for installing this repack</li></ul><div ><div><h2>Game Description</h2></div><div >A race is not won purely on the track, so you need to become more than a rider by understanding motorbike behaviour like a real engineer. Traction, angle, braking, torque, trajectory, speed\u2026 every factor must be considered before heading to the workshop to change certain components and configuring the optimal set-up.<p><b>A DREAM GARAGE</b><br>Your adventure starts by choosing your dream motorbike. In RiMS Racing, you can ride the world\u2019s 8 most powerful European and Japanese motorbikes: Ducati Panigale V4 R, MV Agusta F4 RC, Aprilia RSV4, BMW M 1000 RR, Suzuki GSX-R1000R, Honda CBR1000RR, Kawasaki Ninja ZX-10RR, Yamaha YZF-R1. Recreated with an unmatched level of detail thanks to close collaboration with each manufacturer, these motorbikes also provide a highly accurate and realistic riding experience. They are true rough diamonds that only need a few cuts to shine their brightest!</p><p><b>OPTIMISE YOUR MOTORBIKE</b><br>With a mechanics management system never before seen in a motorbike simulation, you can dismantle all your bike\u2019s parts to maintain them after each race or to upgrade them and boost your performance. You will become familiar with every last screw in your motorbike. Browse a catalogue of over 500 official spare parts from the biggest names in the industry along with over 200 official equipment items to personalise your rider!</p><p><b>ANALYSE YOUR PERFORMANCE</b><br>RiMS Racing thrusts you straight into the heart of the action with the Motorbike Status Check (MSC), which helps you analyse your bike\u2019s behaviour in real time and understand how to optimise your performance. Brake disc temperature, tyre compound and pressure pressure, suspension behaviour affecting stability, electronic settings\u2026 Just like for a real rider, your motorbike\u2019s configuration can be adapted to your riding style!</p><p><b>ACCURATE AND REALISTIC PHYSICS</b><br>The level of accuracy and details provided by the mechanics management and MSC is matched by realistic motorbike physics that will thrill the most demanding of track racers. But thanks to the various ride assist technologies, less experienced players can still learn the techniques that will take them to the top.</p><p><b>THE MOST ICONIC CIRCUITS</b><br>Silverstone, Laguna Seca, Suzuka, N\u00fcrburgring, Paul Ricard\u2026 Travel the world and enjoy thrilling races on 10 faithfully recreated official circuits. For those who prefer roads, five routes in the stunning landscapes of the United States, Norway, Australia, Spain and Italy have been recreated for a different racing experience on two wheels!</p><p><b>MANAGE YOUR CAREER AND TEAM</b><br>Career mode in RiMS Racing gives you control of a team. Build your rider by managing their race calendar, choose which R&amp;D areas to invest in, and upgrade the team\u2019s skills. If you make the right decisions and improve your racing performances, opportunities with other manufacturers will become available to you!</p><p><b>Included DLCs:</b></p><ul><li>Bahrain International Circuit</li><li>The Bloody Beetroots Specials</li><li>Career Pro Starter Pack</li><li>Nolan X-LITE Helmets</li><li>European Manufacturers Package</li><li>Japanese Manufacturers Package</li></ul></div></div>             </div>"
}