{
    "link": "https://fitgirl-repacks.site/road-96/",
    "title": "Road 96: Hitchhiker Bundle + Soundtrack + Prologue e-Book",
    "first_img": "https://i7.imageban.ru/out/2021/08/16/cec4404bbf9d4e97a99a2fd2ff97aaeb.jpg",
    "second_img": "https://s01.riotpixels.net/data/33/7f/337fc7c4-894b-44b1-8d7b-598894026ab1.jpg.240p.jpg",
    "body": "<div ><h2>Road 96: Hitchhiker Bundle + Soundtrack + Prologue e-Book</h2><p ><div><a target=\"_blank\" href=\"https://en.riotpixels.com/games/road-96/\" rel=\"noopener\"><img class=\"alignleft\" width=\"150\" src=\"https://i7.imageban.ru/out/2021/08/16/cec4404bbf9d4e97a99a2fd2ff97aaeb.jpg\"></a></div><br>Genres/Tags: <strong>Adventure, Driving, First-person, 3D</strong><br>Company: <strong>Digixart</strong><br>Languages: <strong>RUS/ENG/MULTI10</strong><br>Original Size: <strong>6.6 GB</strong><br>Repack Size: <strong>from 4.3 GB</strong> [Selective Download]</p>&nbsp;<div>&nbsp;</div><h3>Download Mirrors</h3><ul><li><a href=\"https://1337x.to/torrent/4954307/Road-96-Hitchhiker-Bundle-Bonus-Content-MULTi10-FitGirl-Repack-Selective-Download-from-4-3-GB/\" target=\"_blank\" rel=\"noopener\">1337x</a> | [<a href=\"magnet:?xt=urn:btih:1EDE9AB6E3BA4773F95F7B84F49B23442651DE1C&amp;dn=Road+96%3A+Hitchhiker+Bundle+%28%2B+Bonus+Content%2C+MULTi10%29+%5BFitGirl+Repack%2C+Selective+Download+-+from+4.3+GB%5D&amp;tr=udp%3A%2F%2F46.148.18.250%3A2710&amp;tr=udp%3A%2F%2Fopentor.org%3A2710&amp;tr=udp%3A%2F%2Ftracker.coppersurfer.tk%3A6969%2Fannounce&amp;tr=udp%3A%2F%2Ftracker.opentrackr.org%3A1337%2Fannounce&amp;tr=http%3A%2F%2Ftracker.dler.org%3A6969%2Fannounce&amp;tr=udp%3A%2F%2Ftracker.leechers-paradise.org%3A6969%2Fannounce&amp;tr=udp%3A%2F%2F9.rarbg.me%3A2730%2Fannounce&amp;tr=udp%3A%2F%2F9.rarbg.to%3A2770%2Fannounce&amp;tr=udp%3A%2F%2Ftracker.pirateparty.gr%3A6969%2Fannounce&amp;tr=http%3A%2F%2Fretracker.local%2Fannounce&amp;tr=http%3A%2F%2Fretracker.ip.ncnet.ru%2Fannounce&amp;tr=udp%3A%2F%2Fexodus.desync.com%3A6969%2Fannounce&amp;tr=udp%3A%2F%2Fipv4.tracker.harry.lu%3A80%2Fannounce&amp;tr=udp%3A%2F%2Fopen.stealth.si%3A80%2Fannounce&amp;tr=udp%3A%2F%2Ftracker.zer0day.to%3A1337%2Fannounce&amp;tr=udp%3A%2F%2Ftracker.leechers-paradise.org%3A6969%2Fannounce&amp;tr=udp%3A%2F%2Fcoppersurfer.tk%3A6969%2Fannounce\">magnet</a>] [<a href=\"https://pastefg.hermietkreeft.site/?f8562e728abe98d7#4Azyvb92cwhaoaoby9hvPfFws6WwXdz6mig764Dk7STU\" target=\"_blank\" rel=\"noopener\">.torrent file only</a>] <br><img src=\"https://torrent-stats.info/7b84/231b734e0.png\" style=\"display:block;clear:both\"></li><li><a href=\"http://rutor.info/torrent/830026/road-96-hitchhiker-bundle-bonus-2021-pc-repack-ot-fitgirl\" target=\"_blank\" rel=\"noopener\">RuTor</a> [<a href=\"magnet:?xt=urn:btih:1ede9ab6e3ba4773f95f7b84f49b23442651de1c&amp;dn=rutor.info_Road+96%3A+Hitchhiker+Bundle+%5B%2B+Bonus%5D+%282021%29+PC+%7C+RePack+%D0%BE%D1%82+FitGirl&amp;tr=udp://opentor.org:2710&amp;tr=udp://opentor.org:2710&amp;tr=http://retracker.local/announce\">magnet</a>]</li><li><a href=\"https://tapochek.net/viewtopic.php?p=2794987\" target=\"_blank\" rel=\"noopener\">Tapochek.net</a></li><li><a href=\"https://pastefg.hermietkreeft.site/?c58014b1960ef25a#5o39c74UhKBAiK4ynvek2GykCMxPnArhrqejoK8ofman\" target=\"_blank\" rel=\"noopener\">Filehoster: MultiUpload</a> (10+ hosters, interchangeable) [Use <a href=\"http://jdownloader.org/jdownloader2\" target=\"_blank\" rel=\"noopener\">JDownloader2</a>]</li><li><a href=\"https://pastefg.hermietkreeft.site/?3c1266b1b630fb93#G7MFRF1McCqYTL3e3FGTHDtwtvFDe5dZmGeznAG1YuMr\" target=\"_blank\" rel=\"noopener\">Filehoster: PixelDrain</a></li><li><a href=\"https://pastefg.hermietkreeft.site/?9e00178b4ff48579#9CQNorqMp4pAc9DTSNKR7Tz912YBBYb1yytEJ4uajt61\" target=\"_blank\" rel=\"noopener\">Filehoster: ZippyShare</a></li><li><a href=\"https://pastefg.hermietkreeft.site/?3330671bbcf331c6#5s5PHDCFhW1SbLQhopkLph3CMvosukTKRxCmPVmBw52T\" target=\"_blank\" rel=\"noopener\">Filehoster: LetsUpload</a> [Use <a href=\"http://jdownloader.org/jdownloader2\" target=\"_blank\" rel=\"noopener\">JDownloader2</a>]</li><li><a href=\"https://pastefg.hermietkreeft.site/?72b4744997ae352e#EG3EGAoC7TSUKYtAcjbq2hxPk8zcfkuGDkM1Hf7ckcos\" target=\"_blank\" rel=\"noopener\">Filehoster: OneDrive</a> (Uploaded by DyR0 t(-_-t), NOT compatible with other mirrors)</li></ul><p><a href=\"https://cs.rin.ru/forum/viewtopic.php?f=10&amp;t=110676\" target=\"_blank\" rel=\"noopener\">Discussion and (possible) future updates on CS.RIN.RU thread</a></p><h3>Screenshots (Click to enlarge)</h3><p><a target=\"_blank\" href=\"https://en.riotpixels.com/games/road-96/screenshots/18/?utm_source=emb-gfx-html&amp;utm_medium=image&amp;utm_campaign=rp-mass\" rel=\"noopener\"><img loading=\"lazy\" width=\"178\" height=\"100\" border=\"0\" src=\"https://s01.riotpixels.net/data/33/7f/337fc7c4-894b-44b1-8d7b-598894026ab1.jpg.240p.jpg\"></a><a target=\"_blank\" href=\"https://en.riotpixels.com/games/road-96/screenshots/13/?utm_source=emb-gfx-html&amp;utm_medium=image&amp;utm_campaign=rp-mass\" rel=\"noopener\"><img loading=\"lazy\" width=\"178\" height=\"100\" border=\"0\" src=\"https://s01.riotpixels.net/data/ab/46/ab469f08-3400-4a24-8456-8686306ce5cc.jpg.240p.jpg\"></a><a target=\"_blank\" href=\"https://en.riotpixels.com/games/road-96/screenshots/12/?utm_source=emb-gfx-html&amp;utm_medium=image&amp;utm_campaign=rp-mass\" rel=\"noopener\"><img loading=\"lazy\" width=\"178\" height=\"100\" border=\"0\" src=\"https://s01.riotpixels.net/data/78/9a/789a2bd5-7d9c-42d3-a3a7-2437cc743a67.jpg.240p.jpg\"></a><br><a target=\"_blank\" href=\"https://en.riotpixels.com/games/road-96/screenshots/10/?utm_source=emb-gfx-html&amp;utm_medium=image&amp;utm_campaign=rp-mass\" rel=\"noopener\"><img loading=\"lazy\" width=\"178\" height=\"100\" border=\"0\" src=\"https://s01.riotpixels.net/data/4a/50/4a50344c-ac6b-4ba7-ac6f-9247db4b1a8f.jpg.240p.jpg\"></a><a target=\"_blank\" href=\"https://en.riotpixels.com/games/road-96/screenshots/9/?utm_source=emb-gfx-html&amp;utm_medium=image&amp;utm_campaign=rp-mass\" rel=\"noopener\"><img loading=\"lazy\" width=\"178\" height=\"100\" border=\"0\" src=\"https://s01.riotpixels.net/data/4e/80/4e80f3e7-d5dd-425a-b5a4-9ab835b955d1.jpg.240p.jpg\"></a><a target=\"_blank\" href=\"https://en.riotpixels.com/games/road-96/screenshots/6/?utm_source=emb-gfx-html&amp;utm_medium=image&amp;utm_campaign=rp-mass\" rel=\"noopener\"><img loading=\"lazy\" width=\"178\" height=\"100\" border=\"0\" src=\"https://s01.riotpixels.net/data/b5/7a/b57aa6dc-d3c9-4747-a14e-5a8e39fdb25b.jpg.240p.jpg\"></a></p><h3>Repack Features</h3><ul><li>Based on Road.96-CODEX ISO release: codex-road.96.iso (6,797,885,440 bytes)</li><li>Bonus Prologue e-Book and Soundtrack in MP3 format added (273 MB), thanks to InsaneRamZes!</li><li>100% Lossless &amp; MD5 Perfect: all files are identical to originals after installation</li><li>NOTHING ripped, NOTHING re-encoded</li><li>Selective Download feature: you may skip downloading and installing of bonus content</li><li>Significantly smaller archive size (compressed from cumulative 6.6 to 4.3/4.5 GB)</li><li>Installation takes 4-6 minutes</li><li>After-install integrity check so you could make sure that everything installed properly</li><li>HDD space after installation: up to 14.4 GB</li><li>Language can be changed in game settings</li><li>At least 2 GB of free RAM (inc. virtual) required for installing this repack</li></ul><div ><div><h2>Game Description</h2></div><div >Summer 1996, Today is the day!<p>You hit the road. Adventure. Freedom. Escape. Run. Flee the Regime. Try to survive.</p><p>On this risky road trip to the border, you\u2019ll meet incredible characters, and discover their intertwined stories and secrets in an ever-evolving adventure.<br>But every mile opens up a choice to make. Your decisions will change your adventure, change the people you meet, maybe even change the world.</p><p>There are thousands of roads across the authoritarian nation of Petria.</p><p>Which one will you take?</p><p>Road 96 is a crazy, beautiful road-trip. The discovery of exciting places, and unusual people on your own personal journey to freedom.</p><p>An ever-evolving story-driven adventure inspired by Tarantino, The Coen Brothers, and Bong Joon-ho. Made by the award-winning creators of Valiant Hearts and Memories Retold. Announced as part of the OMEN Presents initiative from HP Inc.</p><p>Moments of action, exploration, contemplative melancholy, human encounters and wacky situations. Set against a backdrop of authoritarian rule and oppression.</p><p>A stunning visual style, a soundtrack filled with 90s hits, and a thousand routes through the game combine so each player can create their own unique stories on Road 96.</p></div></div>             </div>"
}