{
    "link": "https://fitgirl-repacks.site/robo-vacuum-simulator/",
    "title": "Robo Vacuum Simulator",
    "first_img": "https://i3.imageban.ru/out/2021/11/11/e00108fb6968d54463aa06e24fef0eab.jpg",
    "second_img": "https://s01.riotpixels.net/data/ee/1c/ee1ccbf0-19cf-4423-bd84-29051adfefda.jpg.240p.jpg",
    "body": "<div ><h2>Robo Vacuum Simulator</h2><p ><div><a target=\"_blank\" href=\"https://en.riotpixels.com/games/robo-vacuum-simulator/\" rel=\"noopener\"><img class=\"alignleft\" width=\"150\" src=\"https://i3.imageban.ru/out/2021/11/11/e00108fb6968d54463aa06e24fef0eab.jpg\"></a></div><br>Genres/Tags: <strong>Lifestyle, Third-person, 3D</strong><br>Company: <strong>Key Realm Studios</strong><br>Language: <strong>ENG</strong><br>Original Size: <strong>12 GB</strong><br>Repack Size: <strong>7.1 GB</strong></p>&nbsp;<div>&nbsp;</div><h3>Download Mirrors</h3><ul><li><a href=\"https://1337x.to/torrent/5048201/Robo-Vacuum-Simulator-FitGirl-Repack/\" target=\"_blank\" rel=\"noopener\">1337x</a> | [<a href=\"magnet:?xt=urn:btih:2C73163AEEB7F7B365BE57C8513270FD0546204C&amp;dn=Robo+Vacuum+Simulator+%5BFitGirl+Repack%5D&amp;tr=udp%3A%2F%2F46.148.18.250%3A2710&amp;tr=udp%3A%2F%2Fopentor.org%3A2710&amp;tr=udp%3A%2F%2Ftracker.coppersurfer.tk%3A6969%2Fannounce&amp;tr=udp%3A%2F%2Ftracker.opentrackr.org%3A1337%2Fannounce&amp;tr=http%3A%2F%2Ftracker.dler.org%3A6969%2Fannounce&amp;tr=udp%3A%2F%2Ftracker.leechers-paradise.org%3A6969%2Fannounce&amp;tr=udp%3A%2F%2F9.rarbg.me%3A2730%2Fannounce&amp;tr=udp%3A%2F%2F9.rarbg.to%3A2770%2Fannounce&amp;tr=udp%3A%2F%2Ftracker.pirateparty.gr%3A6969%2Fannounce&amp;tr=http%3A%2F%2Fretracker.local%2Fannounce&amp;tr=http%3A%2F%2Fretracker.ip.ncnet.ru%2Fannounce&amp;tr=udp%3A%2F%2Fexodus.desync.com%3A6969%2Fannounce&amp;tr=udp%3A%2F%2Fipv4.tracker.harry.lu%3A80%2Fannounce&amp;tr=udp%3A%2F%2Fopen.stealth.si%3A80%2Fannounce&amp;tr=udp%3A%2F%2Ftracker.zer0day.to%3A1337%2Fannounce&amp;tr=udp%3A%2F%2Ftracker.leechers-paradise.org%3A6969%2Fannounce&amp;tr=udp%3A%2F%2Fcoppersurfer.tk%3A6969%2Fannounce\">magnet</a>] [<a href=\"https://pastefg.hermietkreeft.site/?f31683bed0494774#DQCTwJreYyA4h1dEysghmUxk8zVxKrWDB5wFAWGBE63U\" target=\"_blank\" rel=\"noopener\">.torrent file only</a>] <br><img src=\"https://torrent-stats.info/57c8/1986c6250.png\" style=\"display:block;clear:both\"></li><li><a href=\"https://tapochek.net/viewtopic.php?p=2811534\" target=\"_blank\" rel=\"noopener\">Tapochek.net</a></li><li><a href=\"https://pastefg.hermietkreeft.site/?38ebdfe5a152b30d#9DgvebFkhy3TsThNQbU9Hi93ofvM5wCvWuNFyietGvEd\" target=\"_blank\" rel=\"noopener\">Filehoster: MultiUpload</a> (10+ hosters, interchangeable) [Use <a href=\"http://jdownloader.org/jdownloader2\" target=\"_blank\" rel=\"noopener\">JDownloader2</a>]</li><li><a href=\"https://pastefg.hermietkreeft.site/?6615c02bf3923cc5#Cub2L7c9aioKnWD3TDV93LQQHujvNabQAGreAHq7d1oc\" target=\"_blank\" rel=\"noopener\">Filehoster: ZippyShare</a></li><li><a href=\"https://pastefg.hermietkreeft.site/?889ae8f730d3575a#GtQ5tswFcctocDdPrQoK8Jmaz3dSMouZyHabn26P1nFU\" target=\"_blank\" rel=\"noopener\">Filehoster: BayFiles</a></li><li><a href=\"https://pastefg.hermietkreeft.site/?395bc9c8cd3203a6#J4B5AyWBnG5NExLRdR43AN4PatL1S9YG8xVxuDX6qjny\" target=\"_blank\" rel=\"noopener\">Filehoster: LetsUpload</a> [Use <a href=\"http://jdownloader.org/jdownloader2\" target=\"_blank\" rel=\"noopener\">JDownloader2</a>]</li><li><a href=\"https://pastefg.hermietkreeft.site/?ee69927d432aacd3#HLCusrs913BUcRCSmtc3uP8ri3f2zE325mrzdCR2vcAZ\" target=\"_blank\" rel=\"noopener\">Filehoster: OneDrive</a> (Uploaded by DyR0 t(-_-t), NOT compatible with other mirrors)</li><p><!--  <li><a href=\"\" target=\"_blank\" rel=\"noopener\">Filehosters: Google Drive, OneDrive + others</a> (Uploaded by crackhub213)</li>  --></p></ul><p><a href=\"https://cs.rin.ru/forum/viewtopic.php?f=10&amp;t=117136\" target=\"_blank\" rel=\"noopener\">Discussion and (possible) future updates on CS.RIN.RU thread</a></p><h3>Screenshots (Click to enlarge)</h3><p><a target=\"_blank\" href=\"https://en.riotpixels.com/games/robo-vacuum-simulator/screenshots/14/?utm_source=emb-gfx-html&amp;utm_medium=image&amp;utm_campaign=rp-mass\" rel=\"noopener\"><img loading=\"lazy\" width=\"178\" height=\"100\" border=\"0\" src=\"https://s01.riotpixels.net/data/ee/1c/ee1ccbf0-19cf-4423-bd84-29051adfefda.jpg.240p.jpg\"></a><a target=\"_blank\" href=\"https://en.riotpixels.com/games/robo-vacuum-simulator/screenshots/11/?utm_source=emb-gfx-html&amp;utm_medium=image&amp;utm_campaign=rp-mass\" rel=\"noopener\"><img loading=\"lazy\" width=\"178\" height=\"100\" border=\"0\" src=\"https://s01.riotpixels.net/data/81/d1/81d19c5f-9caf-4bd7-b93f-6eff212284c4.jpg.240p.jpg\"></a><a target=\"_blank\" href=\"https://en.riotpixels.com/games/robo-vacuum-simulator/screenshots/7/?utm_source=emb-gfx-html&amp;utm_medium=image&amp;utm_campaign=rp-mass\" rel=\"noopener\"><img loading=\"lazy\" width=\"178\" height=\"100\" border=\"0\" src=\"https://s01.riotpixels.net/data/0d/11/0d11849b-491f-43b0-b019-5ec022796bcc.jpg.240p.jpg\"></a><br><a target=\"_blank\" href=\"https://en.riotpixels.com/games/robo-vacuum-simulator/screenshots/5/?utm_source=emb-gfx-html&amp;utm_medium=image&amp;utm_campaign=rp-mass\" rel=\"noopener\"><img loading=\"lazy\" width=\"178\" height=\"100\" border=\"0\" src=\"https://s01.riotpixels.net/data/00/c6/00c68b25-cc2a-4fcf-9150-911874171177.jpg.240p.jpg\"></a><a target=\"_blank\" href=\"https://en.riotpixels.com/games/robo-vacuum-simulator/screenshots/3/?utm_source=emb-gfx-html&amp;utm_medium=image&amp;utm_campaign=rp-mass\" rel=\"noopener\"><img loading=\"lazy\" width=\"178\" height=\"100\" border=\"0\" src=\"https://s01.riotpixels.net/data/dd/23/dd23a57c-34c6-452c-a15b-e724e50fc751.jpg.240p.jpg\"></a><a target=\"_blank\" href=\"https://en.riotpixels.com/games/robo-vacuum-simulator/screenshots/1/?utm_source=emb-gfx-html&amp;utm_medium=image&amp;utm_campaign=rp-mass\" rel=\"noopener\"><img loading=\"lazy\" width=\"178\" height=\"100\" border=\"0\" src=\"https://s01.riotpixels.net/data/8c/7c/8c7c5f45-9f16-4132-9ab8-a8da9465dae2.jpg.240p.jpg\"></a></p><h3>Repack Features</h3><ul><li>Based on Robo.Vacuum.Simulator-DARKSiDERS ISO release: ds-robovacuumsimulator.iso (12,856,946,688 bytes)</li><li>100% Lossless &amp; MD5 Perfect: all files are identical to originals after installation</li><li>NOTHING ripped, NOTHING re-encoded</li><li>Significantly smaller archive size (compressed from 12 to 7.1 GB)</li><li>Installation takes 4-9 minutes (depending on your system)</li><li>After-install integrity check so you could make sure that everything installed properly</li><li>HDD space after installation: 12.1 GB</li><li>Repack uses XTool library by Razor12911</li><li>At least 2 GB of free RAM (inc. virtual) required for installing this repack</li></ul><div ><div><h2>Game Description</h2></div><div >Play as a cleaning robot, as you vacuum a variety of unique environments. Whilst listening to a relaxing soundtrack, in this fun and casual simulator.<p><b>Gameplay</b></p><p>\u2018Robo Vacuum Simulator\u2019 is a relaxing game in which you immerse yourself as a cleaning robot. You will vacuum a variety of environments, including houses, hospitals, office spaces, garages, attics(who puts a cleaning robot in the attic?) and more\u2026</p><p><b><h3>Game Features</h3></b></p><ul><li>Find and vacuum up rubbish</li><li>Remember to recharge at the charging dock when low on battery</li><li>Return to the charging dock when all rubbish is vacuumed.</li></ul></div></div>             </div>"
}