{
    "link": "https://fitgirl-repacks.site/roguebook/",
    "title": "Roguebook: Deluxe Edition \u2013 v1.6.4 (The Legacy) + 3 DLCs + Bonus Content",
    "first_img": "https://i7.imageban.ru/out/2021/09/21/17bfd7b3183f19b5f44e4521a1b9577d.jpg",
    "second_img": "https://s01.riotpixels.net/data/a8/62/a8626229-026c-4508-ae9a-85448fa03382.jpg.240p.jpg",
    "body": "<div ><h2>Roguebook: Deluxe Edition \u2013 v1.6.4 (The Legacy) + 3 DLCs + Bonus Content</h2><p ><div><a target=\"_blank\" href=\"https://en.riotpixels.com/games/roguebook/\" rel=\"noopener\"><img class=\"alignleft\" width=\"150\" src=\"https://i7.imageban.ru/out/2021/09/21/17bfd7b3183f19b5f44e4521a1b9577d.jpg\"></a></div><br>Genres/Tags: <strong>RPG, Deck-building, Roguelike, Side, Turn-based, 2D</strong><br>Companies: <strong>Abrakam Entertainment SA, Nacon</strong><br>Languages: <strong>RUS/ENG/MULTI12</strong><br>Original Size: <strong>1.6 GB</strong><br>Repack Size: <strong>518/650 MB</strong> [Selective Download]</p>&nbsp;<div>&nbsp;</div><h3>Download Mirrors</h3><ul><li><a href=\"https://1337x.to/torrent/4990046/Roguebook-Deluxe-Edition-v1-6-4-3-DLCs-Bonus-Content-MULTi12-FitGirl-Repack-Selective-Download-from-518-MB/\" target=\"_blank\" rel=\"noopener\">1337x</a> | [<a href=\"magnet:?xt=urn:btih:AA0545B56761309F20BAA115ADFFAAC026E60617&amp;dn=Roguebook%3A+Deluxe+Edition+%28v1.6.4+%2B+3+DLCs+%2B+Bonus+Content%2C+MULTi12%29+%5BFitGirl+Repack%2C+Selective+Download+-+from+518+MB%5D&amp;tr=udp%3A%2F%2F46.148.18.250%3A2710&amp;tr=udp%3A%2F%2Fopentor.org%3A2710&amp;tr=udp%3A%2F%2Ftracker.coppersurfer.tk%3A6969%2Fannounce&amp;tr=udp%3A%2F%2Ftracker.opentrackr.org%3A1337%2Fannounce&amp;tr=http%3A%2F%2Ftracker.dler.org%3A6969%2Fannounce&amp;tr=udp%3A%2F%2Ftracker.leechers-paradise.org%3A6969%2Fannounce&amp;tr=udp%3A%2F%2F9.rarbg.me%3A2730%2Fannounce&amp;tr=udp%3A%2F%2F9.rarbg.to%3A2770%2Fannounce&amp;tr=udp%3A%2F%2Ftracker.pirateparty.gr%3A6969%2Fannounce&amp;tr=http%3A%2F%2Fretracker.local%2Fannounce&amp;tr=http%3A%2F%2Fretracker.ip.ncnet.ru%2Fannounce&amp;tr=udp%3A%2F%2Fexodus.desync.com%3A6969%2Fannounce&amp;tr=udp%3A%2F%2Fipv4.tracker.harry.lu%3A80%2Fannounce&amp;tr=udp%3A%2F%2Fopen.stealth.si%3A80%2Fannounce&amp;tr=udp%3A%2F%2Ftracker.zer0day.to%3A1337%2Fannounce&amp;tr=udp%3A%2F%2Ftracker.leechers-paradise.org%3A6969%2Fannounce&amp;tr=udp%3A%2F%2Fcoppersurfer.tk%3A6969%2Fannounce\">magnet</a>] [<a href=\"https://pastefg.hermietkreeft.site/?17e735d04e24ce9d#GWYS5SqKT7p6QjnQDZp4yYehrsSicgV58b3TLQ35FF4E\" target=\"_blank\" rel=\"noopener\">.torrent file only</a>] <br><img src=\"https://torrent-stats.info/a115/2e26c0e52.png\" style=\"display:block;clear:both\"></li><li><a href=\"http://rutor.info/torrent/835487/roguebook-deluxe-edition-v-1.6.4-dlcs-bonus-2021-pc-repack-ot-fitgirl\" target=\"_blank\" rel=\"noopener\">RuTor</a> [<a href=\"magnet:?xt=urn:btih:aa0545b56761309f20baa115adffaac026e60617&amp;dn=rutor.info_Roguebook%3A+Deluxe+Edition+%5Bv+1.6.4+%2B+DLCs+%2B+Bonus%5D+%282021%29+PC+%7C+RePack+%D0%BE%D1%82+FitGirl&amp;tr=udp://opentor.net:6969&amp;tr=udp://opentor.org:2710&amp;tr=http://retracker.local/announce\">magnet</a>]</li><li><a href=\"https://tapochek.net/viewtopic.php?p=2801316\" target=\"_blank\" rel=\"noopener\">Tapochek.net</a></li><li><a href=\"https://pastefg.hermietkreeft.site/?62e3107043ec1184#6FuAeH4kbW2JSLMTs85HXRUdKZdWwv3TohkB6WxYoZKs\" target=\"_blank\" rel=\"noopener\">Filehoster: MultiUpload</a> (10+ hosters, interchangeable) [Use <a href=\"http://jdownloader.org/jdownloader2\" target=\"_blank\" rel=\"noopener\">JDownloader2</a>]</li><li><a href=\"https://pastefg.hermietkreeft.site/?875bb78b09ae94a5#H9tPTdsAMS4dLtw9YLKRGF87hND7Gdix9rVALQpmRUL4\" target=\"_blank\" rel=\"noopener\">Filehoster: PixelDrain</a></li><li><a href=\"https://pastefg.hermietkreeft.site/?6cd0e7f034e92efd#6qrKYo7t3a8eWoZLedFbhswFV6pK6or1TMWXCEAYhLwR\" target=\"_blank\" rel=\"noopener\">Filehoster: ZippyShare</a></li><li><a href=\"https://pastefg.hermietkreeft.site/?e3d509457386ecd6#6ztvEuQ3ShpPQRzh16RjdwFeqBYyQwTHxTcZTB5VeQt\" target=\"_blank\" rel=\"noopener\">Filehoster: LetsUpload</a> [Use <a href=\"http://jdownloader.org/jdownloader2\" target=\"_blank\" rel=\"noopener\">JDownloader2</a>]</li><li><a href=\"https://pastefg.hermietkreeft.site/?75917413f0e9b01e#FgQCU3xmwYSHjEMRFwKQ9rULFrjTTzbEUjo7dwX8rWP2\" target=\"_blank\" rel=\"noopener\">Filehoster: OneDrive</a> (Uploaded by DyR0 t(-_-t), NOT compatible with other mirrors)</li></ul><p><a href=\"https://cs.rin.ru/forum/viewtopic.php?f=10&amp;t=98603\" target=\"_blank\" rel=\"noopener\">Discussion and (possible) future updates on CS.RIN.RU thread</a></p><h3>Screenshots (Click to enlarge)</h3><p><a target=\"_blank\" href=\"https://en.riotpixels.com/games/roguebook/screenshots/17/?utm_source=emb-gfx-html&amp;utm_medium=image&amp;utm_campaign=rp-mass\" rel=\"noopener\"><img loading=\"lazy\" width=\"178\" height=\"100\" border=\"0\" src=\"https://s01.riotpixels.net/data/a8/62/a8626229-026c-4508-ae9a-85448fa03382.jpg.240p.jpg\"></a><a target=\"_blank\" href=\"https://en.riotpixels.com/games/roguebook/screenshots/16/?utm_source=emb-gfx-html&amp;utm_medium=image&amp;utm_campaign=rp-mass\" rel=\"noopener\"><img loading=\"lazy\" width=\"178\" height=\"100\" border=\"0\" src=\"https://s01.riotpixels.net/data/22/8d/228d5470-c2c8-4c58-80fd-528de95ea4db.jpg.240p.jpg\"></a><a target=\"_blank\" href=\"https://en.riotpixels.com/games/roguebook/screenshots/15/?utm_source=emb-gfx-html&amp;utm_medium=image&amp;utm_campaign=rp-mass\" rel=\"noopener\"><img loading=\"lazy\" width=\"178\" height=\"100\" border=\"0\" src=\"https://s01.riotpixels.net/data/78/53/78536b7a-c135-4e43-98d5-b5f6515d082b.jpg.240p.jpg\"></a><br><a target=\"_blank\" href=\"https://en.riotpixels.com/games/roguebook/screenshots/13/?utm_source=emb-gfx-html&amp;utm_medium=image&amp;utm_campaign=rp-mass\" rel=\"noopener\"><img loading=\"lazy\" width=\"178\" height=\"100\" border=\"0\" src=\"https://s01.riotpixels.net/data/fa/b3/fab3aa2f-af44-4a1e-b373-64355713e003.jpg.240p.jpg\"></a><a target=\"_blank\" href=\"https://en.riotpixels.com/games/roguebook/screenshots/8/?utm_source=emb-gfx-html&amp;utm_medium=image&amp;utm_campaign=rp-mass\" rel=\"noopener\"><img loading=\"lazy\" width=\"178\" height=\"100\" border=\"0\" src=\"https://s01.riotpixels.net/data/ae/2b/ae2b734f-d1f9-4c29-a572-cebb1d9eab1b.jpg.240p.jpg\"></a><a target=\"_blank\" href=\"https://en.riotpixels.com/games/roguebook/screenshots/4/?utm_source=emb-gfx-html&amp;utm_medium=image&amp;utm_campaign=rp-mass\" rel=\"noopener\"><img loading=\"lazy\" width=\"178\" height=\"100\" border=\"0\" src=\"https://s01.riotpixels.net/data/79/96/79963822-393d-4089-af35-3a3715030b52.jpg.240p.jpg\"></a></p><h3>Repack Features</h3><ul><li>Based on Roguebook.The.Legacy-CODEX ISO release: codex-roguebook.the.legacy.iso (1,707,737,088 bytes)</li><li>Game version: v1.6.4; 3 DLCs (Heroes Skins Pack, Apex Predator Pack and Alternate Art Pack) + bonus content (Soundtrack and ArtBook) are included</li><li>100% Lossless &amp; MD5 Perfect: all files are identical to originals after installation</li><li>NOTHING ripped, NOTHING re-encoded</li><li>Selective Download feature: you may skip downloading and installing of bonus content</li><li>Significantly smaller archive size (compressed from 1.6 GB to 518/650 MB)</li><li>Installation takes 3-5 minutes</li><li>After-install integrity check so you could make sure that everything installed properly</li><li>HDD space after installation: up to 3.8 GB (8 GB during installation)</li><li>Language can be changed in game settings</li><li>At least 2 GB of free RAM (inc. virtual) required for installing this repack</li></ul><div ><div><h2>Game Description</h2></div><div >Embrace the challenge of a roguelike deckbuilder with unique mechanics from the developers of Faeria and Richard Garfield, creator of Magic: The Gathering\u2122. Build a team of two heroes, unleash powerful combos and defeat the legends of the Roguebook!<p><b>Story</b><br>The ancients speak of a Book written since time immemorial containing all the world\u2019s legends. After many fabulous adventures, recounted in Faeria \u2013 Chronicles of Gagana, this relic was lost in a well of Faeria. Through contact with this source of magic, the Book developed a wicked free will of its own and became the Roguebook!</p><p>You are trapped in the Book of Lore of Faeria, and each page represents a new challenge. Lead your two heroes to victory in this roguelike deckbuilder developed in partnership with Richard Garfield, creator of Magic: The Gathering\u2122. Put together the best synergies between cards, relics and abilities, and take on the Roguebook.</p><p><b><h3>Game Features</h3></b></p><ul><li><b>6 hero pairs</b> \u2013 Choose 2 heroes to start a game. Each hero has a collection of over 50 cards, a personal relic and a unique skill tree.</li><li><b>Maximise synergies</b> \u2013 The hero at the front protects the hero at the back. Switch the positions of your heroes and combine their strengths to unleash powerful combos.</li><li><b>Strategic battles</b> \u2013 Skilfully anticipate and queue up your actions to defeat over 40 bosses and enemies.</li><li><b>Dynamic deckbuilding</b> \u2013 Over 200 cards to cleverly assemble as the game progresses. You will never play with the same deck twice.</li><li><b>Relics with unique powers</b> \u2013 Upgrade your cards with 30 special gems. Collect 80 relics with extraordinary effects.</li><li><b>More cards, more power!</b> \u2013 Each hero has a unique skill tree to unlock. Collect cards and select the best skills!</li><li><b>The Book changes each time you open it</b> \u2013 The map along with its mysteries and dangers are procedurally generated for a brand-new challenge every time.</li><li><b>Paint the world</b> \u2013 The Roguebook\u2019s pages are composed of hexagonal tiles. Use magic inks that reveal different patterns to fully explore each page.</li><li><b>A range of encounters</b> \u2013 Merchants, travellers, ruins, quests, etc. Lots of chances to obtain cards and relics\u2026 or to fall into a trap!</li><li><b>Hours and hours of fun</b> \u2013 20 hours on average to beat the game, hundreds of hours to unlock everything.</li><li><b>Progress at your own pace</b> \u2013 Collect pages and use them to buy upgrades. Level up your heroes to unlock new cards.</li><li><b>20 difficulty levels</b> \u2013 Defeat the final boss to unlock the Epilogue level. Each level grants access to new relics, gems and encounters, but also spawns tougher enemies.</li></ul></div></div><p><b>Backwards Compatibility</b></p><p>This repack is NOT backwards compatible with my previous Roguebook repack.</p>             </div>"
}