{
    "link": "https://fitgirl-repacks.site/rogue-lords/",
    "title": "Rogue Lords",
    "first_img": "https://i4.imageban.ru/out/2021/10/07/48cd0f2ccf85bce2ba49f6f83ce43715.jpg",
    "second_img": "https://s01.riotpixels.net/data/f3/f6/f3f6c9d6-1b27-4a0b-851e-9b75edde911c.jpg.240p.jpg",
    "body": "<div ><h2>Rogue Lords</h2><p ><div><a target=\"_blank\" href=\"https://en.riotpixels.com/games/rogue-lords/\" rel=\"noopener\"><img class=\"alignleft\" width=\"150\" src=\"https://i4.imageban.ru/out/2021/10/07/48cd0f2ccf85bce2ba49f6f83ce43715.jpg\"></a></div><br>Genres/Tags: <strong>RPG, Turn-based, Roguelike, 3D</strong><br>Companies: <strong>Leikir Studio, Cyanide Studio, Nacon</strong><br>Languages: <strong>RUS/ENG/MULTI9</strong><br>Original Size: <strong>1.9 GB</strong><br>Repack Size: <strong>1.2 GB</strong></p>&nbsp;<div>&nbsp;</div><h3>Download Mirrors</h3><ul><li><a href=\"https://1337x.to/torrent/5008894/Rogue-Lords-MULTi9-FitGirl-Repack/\" target=\"_blank\" rel=\"noopener\">1337x</a> | [<a href=\"magnet:?xt=urn:btih:9EA2E6ADBE561E3B3FD1CC02296821E4BD1A119A&amp;dn=Rogue+Lords+%28MULTi9%29+%5BFitGirl+Repack%5D&amp;tr=udp%3A%2F%2F46.148.18.250%3A2710&amp;tr=udp%3A%2F%2Fopentor.org%3A2710&amp;tr=udp%3A%2F%2Ftracker.coppersurfer.tk%3A6969%2Fannounce&amp;tr=udp%3A%2F%2Ftracker.opentrackr.org%3A1337%2Fannounce&amp;tr=http%3A%2F%2Ftracker.dler.org%3A6969%2Fannounce&amp;tr=udp%3A%2F%2Ftracker.leechers-paradise.org%3A6969%2Fannounce&amp;tr=udp%3A%2F%2F9.rarbg.me%3A2730%2Fannounce&amp;tr=udp%3A%2F%2F9.rarbg.to%3A2770%2Fannounce&amp;tr=udp%3A%2F%2Ftracker.pirateparty.gr%3A6969%2Fannounce&amp;tr=http%3A%2F%2Fretracker.local%2Fannounce&amp;tr=http%3A%2F%2Fretracker.ip.ncnet.ru%2Fannounce&amp;tr=udp%3A%2F%2Fexodus.desync.com%3A6969%2Fannounce&amp;tr=udp%3A%2F%2Fipv4.tracker.harry.lu%3A80%2Fannounce&amp;tr=udp%3A%2F%2Fopen.stealth.si%3A80%2Fannounce&amp;tr=udp%3A%2F%2Ftracker.zer0day.to%3A1337%2Fannounce&amp;tr=udp%3A%2F%2Ftracker.leechers-paradise.org%3A6969%2Fannounce&amp;tr=udp%3A%2F%2Fcoppersurfer.tk%3A6969%2Fannounce\">magnet</a>] [<a href=\"https://pastefg.hermietkreeft.site/?a86a1c697c729d34#Abmuhg45QggSnYCzCBU39oozUkspjDsLS7DFVBYnC5qe\" target=\"_blank\" rel=\"noopener\">.torrent file only</a>] <br><img src=\"https://torrent-stats.info/cc02/3aadf7c4c.png\" style=\"display:block;clear:both\"></li><li><a href=\"http://rutor.info/torrent/838243/rogue-lords-2021-pc-repack-ot-fitgirl\" target=\"_blank\" rel=\"noopener\">RuTor</a> [<a href=\"magnet:?xt=urn:btih:9ea2e6adbe561e3b3fd1cc02296821e4bd1a119a&amp;dn=rutor.info_Rogue+Lords+%282021%29+PC+%7C+RePack+%D0%BE%D1%82+FitGirl&amp;tr=udp://opentor.net:6969&amp;tr=udp://opentor.org:2710&amp;tr=http://retracker.local/announce\">magnet</a>]</li><li><a href=\"https://tapochek.net/viewtopic.php?p=2804633\" target=\"_blank\" rel=\"noopener\">Tapochek.net</a></li><li><a href=\"https://pastefg.hermietkreeft.site/?e697bd45ca81cb27#3jqsSMFhMJPq99sAn6E5wbhNxBBRsFTdJfWKM38y6iok\" target=\"_blank\" rel=\"noopener\">Filehoster: MultiUpload</a> (10+ hosters, interchangeable) [Use <a href=\"http://jdownloader.org/jdownloader2\" target=\"_blank\" rel=\"noopener\">JDownloader2</a>]</li><li><a href=\"https://pastefg.hermietkreeft.site/?d94c2ca94a8d91f5#ECfsPbL74n9hkuJXNLs1LCENpo9FcBZfMW4wWCQrw9XQ\" target=\"_blank\" rel=\"noopener\">Filehoster: PixelDrain</a></li><li><a href=\"https://pastefg.hermietkreeft.site/?5cad66f5e5d750ba#Awk7evrt3iotXFg8SrQMysLhg126j8CwB4JdKxDjv9kS\" target=\"_blank\" rel=\"noopener\">Filehoster: ZippyShare</a></li><li><a href=\"https://pastefg.hermietkreeft.site/?201ab8b665cdee47#8mBQezeTepiyLEzCbQJkrmFCJz6fTiLHyuTf8K9Qy7ma\" target=\"_blank\" rel=\"noopener\">Filehoster: LetsUpload</a> [Use <a href=\"http://jdownloader.org/jdownloader2\" target=\"_blank\" rel=\"noopener\">JDownloader2</a>]</li><li><a href=\"https://pastefg.hermietkreeft.site/?e5038f686fba2dca#EHymgX1kQi52wtBGtdJ7yW8rijd1QFfWUTtRRqyQG7HV\" target=\"_blank\" rel=\"noopener\">Filehoster: OneDrive</a> (Uploaded by DyR0 t(-_-t), NOT compatible with other mirrors)</li></ul><p><a href=\"https://cs.rin.ru/forum/viewtopic.php?f=10&amp;t=103922\" target=\"_blank\" rel=\"noopener\">Discussion and (possible) future updates on CS.RIN.RU thread</a></p><h3>Screenshots (Click to enlarge)</h3><p><a target=\"_blank\" href=\"https://en.riotpixels.com/games/rogue-lords/screenshots/15/?utm_source=emb-gfx-html&amp;utm_medium=image&amp;utm_campaign=rp-mass\" rel=\"noopener\"><img loading=\"lazy\" width=\"178\" height=\"100\" border=\"0\" src=\"https://s01.riotpixels.net/data/f3/f6/f3f6c9d6-1b27-4a0b-851e-9b75edde911c.jpg.240p.jpg\"></a><a target=\"_blank\" href=\"https://en.riotpixels.com/games/rogue-lords/screenshots/14/?utm_source=emb-gfx-html&amp;utm_medium=image&amp;utm_campaign=rp-mass\" rel=\"noopener\"><img loading=\"lazy\" width=\"178\" height=\"100\" border=\"0\" src=\"https://s01.riotpixels.net/data/52/90/529059ab-5c72-41cb-a60b-c390bc0306f1.jpg.240p.jpg\"></a><a target=\"_blank\" href=\"https://en.riotpixels.com/games/rogue-lords/screenshots/12/?utm_source=emb-gfx-html&amp;utm_medium=image&amp;utm_campaign=rp-mass\" rel=\"noopener\"><img loading=\"lazy\" width=\"178\" height=\"100\" border=\"0\" src=\"https://s01.riotpixels.net/data/9b/13/9b136441-c1a9-4aa2-accb-b5f1676af787.jpg.240p.jpg\"></a><br><a target=\"_blank\" href=\"https://en.riotpixels.com/games/rogue-lords/screenshots/11/?utm_source=emb-gfx-html&amp;utm_medium=image&amp;utm_campaign=rp-mass\" rel=\"noopener\"><img loading=\"lazy\" width=\"178\" height=\"100\" border=\"0\" src=\"https://s01.riotpixels.net/data/db/82/db82fcd4-04e0-4cfd-9f23-56d8ad1e6fbf.jpg.240p.jpg\"></a><a target=\"_blank\" href=\"https://en.riotpixels.com/games/rogue-lords/screenshots/9/?utm_source=emb-gfx-html&amp;utm_medium=image&amp;utm_campaign=rp-mass\" rel=\"noopener\"><img loading=\"lazy\" width=\"178\" height=\"100\" border=\"0\" src=\"https://s01.riotpixels.net/data/32/c0/32c0446c-a68b-4b4b-be71-e4fab6e0f0d8.jpg.240p.jpg\"></a><a target=\"_blank\" href=\"https://en.riotpixels.com/games/rogue-lords/screenshots/6/?utm_source=emb-gfx-html&amp;utm_medium=image&amp;utm_campaign=rp-mass\" rel=\"noopener\"><img loading=\"lazy\" width=\"178\" height=\"100\" border=\"0\" src=\"https://s01.riotpixels.net/data/93/5a/935a7899-92ba-4e34-bdaf-fd855ddf773d.jpg.240p.jpg\"></a></p><h3>Repack Features</h3><ul><li>Based on Rogue_Lords-FLT ISO release: flt-rogue_lords.iso (2,080,172,032 bytes)</li><li>100% Lossless &amp; MD5 Perfect: all files are identical to originals after installation</li><li>NOTHING ripped, NOTHING re-encoded</li><li>Significantly smaller archive size (compressed from 1.9 to 1.2 GB)</li><li>Installation takes 2-5 minutes (depending on your system)</li><li>After-install integrity check so you could make sure that everything installed properly</li><li>HDD space after installation: 2.7 GB (5 GB during installation)</li><li>Language can be changed in game settings</li><li>At least 2 GB of free RAM (inc. virtual) required for installing this repack</li></ul><div ><div><h2>Game Description</h2></div><div >The first roguelike in which you play as the devil, which means you can change some of the game\u2019s rules to your advantage! Run after run, manage your team of famous evil geniuses as they encounter unforeseen events and turn-based combat. Unlock new skills, create powerful synergies and use your powers to turn the situation in your favour at critical moments. Only by collecting ancient artefacts can you finally take your revenge on the Demon Hunters.<p><b>A DARK TALE</b><br>Weakened from defeat to the forces of good, you fled the world and sought refuge in hell to survive. Decades later, you have returned with your most faithful Disciples to exact revenge on those wretched Demon Hunters. But the world has changed in your absence. Your enemies have become all-powerful, and a new religion \u2013 the Sanctua Lumen \u2013 has become very influential. It mercilessly hunts down all those who serve you. To reinstate your hold over the world of humans, you must first regain the strength you previously wielded by taking possession of artefacts with legendary power.</p><p><b><h3>Game Features</h3></b></p><ul><li>Create your team of 3 Disciples from Dracula, the Headless Horsemen, Bloody Mary, the White Lady, Lilith, Hecate, Baron Samedi, and Frankenstein and his Creature.</li><li>Each Disciple has their own unique story, abilities and gameplay: combine their skills to create devastating synergies, and deal with the mortals that dare stand in your way.</li><li>Collect souls and exchange them for new skills, upgrades and powerful relics that can strengthen your Disciples.</li><li>Sacrifice some of your health to control the game interface: nothing will stop you \u2013 and certainly not the rules imposed on mortals.</li><li>Manipulate the health bars of your Disciples and enemies, optimise status effects to suit your fight tactics, open portals on the map, tip the odds in your favour during events\u2026 there are many occasions to use your diabolical powers throughout your run.</li><li>Increase the terror gauge by winning fights and completing interactive events to earn valuable bonuses for your Disciples.</li><li>Complete each event to your liking to reduce the influence of the Sanctua Lumen, give mortals good reason to fear you, and decide the fate of traitors who have allied themselves with your enemies.</li><li>Take revenge on the Demon Hunters in epic turn-based fights.</li></ul></div></div>             </div>"
}