{
    "link": "https://fitgirl-repacks.site/roxy-raccoon/",
    "title": "Roxy Raccoon",
    "first_img": "https://i5.imageban.ru/out/2021/10/18/9a69ec506010ec741650f4e3bf6bc0a6.jpg",
    "second_img": "https://s01.riotpixels.net/data/c9/58/c9581a89-46f4-4963-b8d5-e0faf90e7855.jpg.240p.jpg",
    "body": "<div ><h2>Roxy Raccoon</h2><p ><div><a target=\"_blank\" href=\"https://en.riotpixels.com/games/roxy-raccoon/\" rel=\"noopener\"><img class=\"alignleft\" width=\"150\" src=\"https://i5.imageban.ru/out/2021/10/18/9a69ec506010ec741650f4e3bf6bc0a6.jpg\"></a></div><br>Genres/Tags: <strong>Arcade, Jump and run, Third-person, 3D</strong><br>Company: <strong>Sinomod Studios</strong><br>Language: <strong>ENG</strong><br>Original Size: <strong>631 MB</strong><br>Repack Size: <strong>415 MB</strong></p>&nbsp;<div>&nbsp;</div><h3>Download Mirrors</h3><ul><li><a href=\"https://1337x.to/torrent/5021491/Roxy-Raccoon-FitGirl-Repack/\" target=\"_blank\" rel=\"noopener\">1337x</a> | [<a href=\"magnet:?xt=urn:btih:BFA36D0FCFB502BBD08CC8ABE2DC686C66D74719&amp;dn=Roxy+Raccoon+%5BFitGirl+Repack%5D&amp;tr=udp%3A%2F%2F46.148.18.250%3A2710&amp;tr=udp%3A%2F%2Fopentor.org%3A2710&amp;tr=udp%3A%2F%2Ftracker.coppersurfer.tk%3A6969%2Fannounce&amp;tr=udp%3A%2F%2Ftracker.opentrackr.org%3A1337%2Fannounce&amp;tr=http%3A%2F%2Ftracker.dler.org%3A6969%2Fannounce&amp;tr=udp%3A%2F%2Ftracker.leechers-paradise.org%3A6969%2Fannounce&amp;tr=udp%3A%2F%2F9.rarbg.me%3A2730%2Fannounce&amp;tr=udp%3A%2F%2F9.rarbg.to%3A2770%2Fannounce&amp;tr=udp%3A%2F%2Ftracker.pirateparty.gr%3A6969%2Fannounce&amp;tr=http%3A%2F%2Fretracker.local%2Fannounce&amp;tr=http%3A%2F%2Fretracker.ip.ncnet.ru%2Fannounce&amp;tr=udp%3A%2F%2Fexodus.desync.com%3A6969%2Fannounce&amp;tr=udp%3A%2F%2Fipv4.tracker.harry.lu%3A80%2Fannounce&amp;tr=udp%3A%2F%2Fopen.stealth.si%3A80%2Fannounce&amp;tr=udp%3A%2F%2Ftracker.zer0day.to%3A1337%2Fannounce&amp;tr=udp%3A%2F%2Ftracker.leechers-paradise.org%3A6969%2Fannounce&amp;tr=udp%3A%2F%2Fcoppersurfer.tk%3A6969%2Fannounce\">magnet</a>] [<a href=\"https://pastefg.hermietkreeft.site/?aa94c6292b178be6#FtSncNFMAjESDwbYzSFNW2dng1FwVe2Gf3fGn4U8Giie\" target=\"_blank\" rel=\"noopener\">.torrent file only</a>] <br><img src=\"https://torrent-stats.info/c8ab/39e946eb1.png\" style=\"display:block;clear:both\"></li><li><a href=\"https://tapochek.net/viewtopic.php?p=2806343\" target=\"_blank\" rel=\"noopener\">Tapochek.net</a></li><li><a href=\"https://pastefg.hermietkreeft.site/?e00623183b925c52#bx8JFNebT784xpaRpQ8QLXqkXFq8VjPTrCJm2HEEAPE\" target=\"_blank\" rel=\"noopener\">Filehoster: MultiUpload</a> (10+ hosters, interchangeable) [Use <a href=\"http://jdownloader.org/jdownloader2\" target=\"_blank\" rel=\"noopener\">JDownloader2</a>]</li><li><a href=\"https://pastefg.hermietkreeft.site/?31a27ed885c6fdf1#HgLGir3J2AvN8hqNSJSCJDFVRnXieFD8ZF5Mh3JEoiRB\" target=\"_blank\" rel=\"noopener\">Filehoster: PixelDrain</a></li><li><a href=\"https://pastefg.hermietkreeft.site/?8ae773e28fbe4432#83WDmAqfws9UNjFE28KHjXrFHAwDuRwQubnZ8BDrbqxW\" target=\"_blank\" rel=\"noopener\">Filehoster: ZippyShare</a></li><li><a href=\"https://pastefg.hermietkreeft.site/?73b8f5bcf626b12b#FDXoxa44pf5JzMsthovmCgQwLB3gNcRY8ayPBGXKq6jc\" target=\"_blank\" rel=\"noopener\">Filehoster: LetsUpload</a> [Use <a href=\"http://jdownloader.org/jdownloader2\" target=\"_blank\" rel=\"noopener\">JDownloader2</a>]</li><li><a href=\"https://pastefg.hermietkreeft.site/?0ad420ee612db675#AkPRaucKpaV6Gjvy29A5qc8UJEceZLgWRCrKcwJ9wE1n\" target=\"_blank\" rel=\"noopener\">Filehoster: OneDrive</a> (Uploaded by DyR0 t(-_-t), NOT compatible with other mirrors)</li><li><a href=\"https://crackhub.site/roxy-raccoon-fitgirl-repack/\" target=\"_blank\" rel=\"noopener\">Filehosters: Google Drive, OneDrive + others</a> (Uploaded by crackhub213)</li></ul><p><a href=\"https://cs.rin.ru/forum/viewtopic.php?f=10&amp;t=116566\" target=\"_blank\" rel=\"noopener\">Discussion and (possible) future updates on CS.RIN.RU thread</a></p><h3>Screenshots (Click to enlarge)</h3><p><a target=\"_blank\" href=\"https://en.riotpixels.com/games/roxy-raccoon/screenshots/17/?utm_source=emb-gfx-html&amp;utm_medium=image&amp;utm_campaign=rp-mass\" rel=\"noopener\"><img loading=\"lazy\" width=\"182\" height=\"100\" border=\"0\" src=\"https://s01.riotpixels.net/data/c9/58/c9581a89-46f4-4963-b8d5-e0faf90e7855.jpg.240p.jpg\"></a><a target=\"_blank\" href=\"https://en.riotpixels.com/games/roxy-raccoon/screenshots/14/?utm_source=emb-gfx-html&amp;utm_medium=image&amp;utm_campaign=rp-mass\" rel=\"noopener\"><img loading=\"lazy\" width=\"178\" height=\"100\" border=\"0\" src=\"https://s01.riotpixels.net/data/2e/57/2e57327f-dabf-429f-92e6-91a1f3d86b8a.jpg.240p.jpg\"></a><a target=\"_blank\" href=\"https://en.riotpixels.com/games/roxy-raccoon/screenshots/9/?utm_source=emb-gfx-html&amp;utm_medium=image&amp;utm_campaign=rp-mass\" rel=\"noopener\"><img loading=\"lazy\" width=\"183\" height=\"100\" border=\"0\" src=\"https://s01.riotpixels.net/data/25/ba/25bacb79-aa97-4d1a-8f80-c765ea60cb55.jpg.240p.jpg\"></a><br><a target=\"_blank\" href=\"https://en.riotpixels.com/games/roxy-raccoon/screenshots/8/?utm_source=emb-gfx-html&amp;utm_medium=image&amp;utm_campaign=rp-mass\" rel=\"noopener\"><img loading=\"lazy\" width=\"178\" height=\"100\" border=\"0\" src=\"https://s01.riotpixels.net/data/0e/d6/0ed602cc-f68b-4d8f-b461-c3298f8c63d9.jpg.240p.jpg\"></a><a target=\"_blank\" href=\"https://en.riotpixels.com/games/roxy-raccoon/screenshots/4/?utm_source=emb-gfx-html&amp;utm_medium=image&amp;utm_campaign=rp-mass\" rel=\"noopener\"><img loading=\"lazy\" width=\"178\" height=\"100\" border=\"0\" src=\"https://s01.riotpixels.net/data/70/77/7077c71b-bd2f-4935-8be1-3f67df951edc.jpg.240p.jpg\"></a><a target=\"_blank\" href=\"https://en.riotpixels.com/games/roxy-raccoon/screenshots/1/?utm_source=emb-gfx-html&amp;utm_medium=image&amp;utm_campaign=rp-mass\" rel=\"noopener\"><img loading=\"lazy\" width=\"178\" height=\"100\" border=\"0\" src=\"https://s01.riotpixels.net/data/c9/bb/c9bb6949-a596-4016-a130-3ed3c1ca6b41.jpg.240p.jpg\"></a></p><h3>Repack Features</h3><ul><li>Based on Roxy.Raccoon-PLAZA ISO release: plaza-roxy.raccoon.iso (661,422,080 bytes)</li><li>100% Lossless &amp; MD5 Perfect: all files are identical to originals after installation</li><li>NOTHING ripped, NOTHING re-encoded</li><li>Smaller archive size (compressed from 631 to 415 MB)</li><li>Installation takes one minute</li><li>After-install integrity check so you could make sure that everything installed properly</li><li>HDD space after installation: 2.4 GB</li><li>At least 2 GB of free RAM (inc. virtual) required for installing this repack</li></ul><div ><div><h2>Game Description</h2></div><div >When a self-centered, egotistical witch spreads her dark magic across the land, it is up to one raccoon to stop her! Play as Roxy, an adventurous young cub as she leaps, climbs, and rolls through four unique worlds in order to end the witch\u2019s evil plan!<p>Roxy Raccoon is a cute, fun-filled 3D platformer for all ages and a throw back to collectathons of the past. Help your raccoon friends as they put an end to the witch\u2019s wicked schemes and conquer her many challenges. Freely explore four uniquely themed worlds as you delve deeper into the witch\u2019s territory and steal her treasure!</p><p><b><h3>Game Features</h3></b></p><ul><li><b>Compete</b> in the witch\u2019s trials and beat her at her own games, including popular sports, board games, pinball, races and almost anything that requires competition!</li><li><b>Explore</b> 4 Unique worlds and Experience an ever-expanding Hub-World as you unlock new areas!</li><li><b>Sneak</b> past enemies as you traverse through the witch\u2019s territory, bypass her minions, and steal her treasure!</li><li><b>Catch</b> the Witch\u2019s Pesky Pet Rabbits!</li><li><b>Help</b> your friends along your journey and make news ones along the way!</li><li><b>Adventure</b> in style as you unlock colorful new cosmetics to customize Roxy\u2019s appearance.</li></ul></div></div>             </div>"
}