{
    "link": null,
    "title": "Ruined King: A League of Legends Story + 4 DLCs",
    "first_img": "https://i1.imageban.ru/out/2021/11/18/c537b52216406038b35c18bdd3423e25.jpg",
    "second_img": [],
    "body": "<div ><h2>Ruined King: A League of Legends Story + 4 DLCs</h2><p ><div><a target=\"_blank\" href=\"https://en.riotpixels.com/games/ruined-king-a-league-of-legends-story/\" rel=\"noopener\"><img class=\"alignleft\" width=\"150\" src=\"https://i1.imageban.ru/out/2021/11/18/c537b52216406038b35c18bdd3423e25.jpg\"></a></div><br>Genres/Tags: <strong>RPG, Isometric, Turn-based, Party-based, 3D</strong><br>Companies: <strong>Airship Syndicate, Riot Forge</strong><br>Languages: <strong>RUS/ENG/MULTI15</strong><br>Original Size: <strong>13.3 GB</strong><br>Repack Size: <strong>from 8.1 GB</strong> [Selective Download]</p>&nbsp;<div>&nbsp;</div><h3>Download Mirrors (Links updated on Nov 19, 2021)</h3><p>Fixed version, now voiceovers won\u2019t be muted.</p><ul><li><a href=\"https://1337x.to/torrent/5056683/Ruined-King-A-League-of-Legends-Story-4-DLC-MULTi15-FitGirl-Repack-Selective-Download-from-8-1-GB/\" target=\"_blank\" rel=\"noopener\">1337x</a> | [<a href=\"magnet:?xt=urn:btih:2301DF58DAFCB36BCBCF96EA5E8338ECE507E897&amp;dn=Ruined+King%3A+A+League+of+Legends+Story+%28%2B+4+DLC%2C+MULTi15%29+%5BFitGirl+Repack%2C+Selective+Download+-+from+8.1+GB%5D&amp;tr=udp%3A%2F%2F46.148.18.250%3A2710&amp;tr=udp%3A%2F%2Fopentor.org%3A2710&amp;tr=udp%3A%2F%2Ftracker.coppersurfer.tk%3A6969%2Fannounce&amp;tr=udp%3A%2F%2Ftracker.opentrackr.org%3A1337%2Fannounce&amp;tr=http%3A%2F%2Ftracker.dler.org%3A6969%2Fannounce&amp;tr=udp%3A%2F%2Ftracker.leechers-paradise.org%3A6969%2Fannounce&amp;tr=udp%3A%2F%2F9.rarbg.me%3A2730%2Fannounce&amp;tr=udp%3A%2F%2F9.rarbg.to%3A2770%2Fannounce&amp;tr=udp%3A%2F%2Ftracker.pirateparty.gr%3A6969%2Fannounce&amp;tr=http%3A%2F%2Fretracker.local%2Fannounce&amp;tr=http%3A%2F%2Fretracker.ip.ncnet.ru%2Fannounce&amp;tr=udp%3A%2F%2Fexodus.desync.com%3A6969%2Fannounce&amp;tr=udp%3A%2F%2Fipv4.tracker.harry.lu%3A80%2Fannounce&amp;tr=udp%3A%2F%2Fopen.stealth.si%3A80%2Fannounce&amp;tr=udp%3A%2F%2Ftracker.zer0day.to%3A1337%2Fannounce&amp;tr=udp%3A%2F%2Ftracker.leechers-paradise.org%3A6969%2Fannounce&amp;tr=udp%3A%2F%2Fcoppersurfer.tk%3A6969%2Fannounce\">magnet</a>] [<a href=\"https://pastefg.hermietkreeft.site/?60bcf6bfe9ff5f52#Ddj4Pg97m9En9HCqzTyoupZSryedfJua49XPHHDRAqBH\" target=\"_blank\" rel=\"noopener\">.torrent file only</a>] <br><img src=\"https://torrent-stats.info/96ea/2bfbf8ea4.png\" style=\"display:block;clear:both\"></li><li><a href=\"http://rutor.info/torrent/846292/ruined-king-a-league-of-legends-story-dlcs-2021-pc-repack-ot-fitgirl\" target=\"_blank\" rel=\"noopener\">RuTor</a> [<a href=\"magnet:?xt=urn:btih:2301df58dafcb36bcbcf96ea5e8338ece507e897&amp;dn=rutor.info_Ruined+King%3A+A+League+of+Legends+Story+%5B%2B+DLCs%5D+%282021%29+PC+%7C+RePack+%D0%BE%D1%82+FitGirl&amp;tr=udp://opentor.net:6969&amp;tr=udp://opentor.org:2710&amp;tr=http://retracker.local/announce\">magnet</a>]</li><li><a href=\"https://tapochek.net/viewtopic.php?p=2813169\" target=\"_blank\" rel=\"noopener\">Tapochek.net</a></li><li><a href=\"https://pastefg.hermietkreeft.site/?b64b77a176b94681#hSBQ3VfiuQyPUzHMjT5QthP1dgq7LHbQhzZXpen3CU5\" target=\"_blank\" rel=\"noopener\">Filehoster: MultiUpload</a> (10+ hosters, interchangeable) [Use <a href=\"http://jdownloader.org/jdownloader2\" target=\"_blank\" rel=\"noopener\">JDownloader2</a>]</li><li><a href=\"https://pastefg.hermietkreeft.site/?7a875b2baa5aeae1#4nNpM9P58sVqMMpoXheS4FikSJai2ocgCpkL7b56siVg\" target=\"_blank\" rel=\"noopener\">Filehoster: ZippyShare</a></li><li><a href=\"https://pastefg.hermietkreeft.site/?0294006fd6c7f7d6#7yrLsDABe3BZ6jUmKs7mcdi6JVrRS74qnNM1ZNL7dQd5\" target=\"_blank\" rel=\"noopener\">Filehoster: BayFiles</a></li><li><a href=\"https://pastefg.hermietkreeft.site/?4b47ea94473fd4bb#JBRrehRQyMng3RByoYtgtg1e6GvKm3c5nfm4J6hUid2W\" target=\"_blank\" rel=\"noopener\">Filehoster: LetsUpload</a> [Use <a href=\"http://jdownloader.org/jdownloader2\" target=\"_blank\" rel=\"noopener\">JDownloader2</a>]</li><li><a href=\"https://pastefg.hermietkreeft.site/?edff120b56ea416b#Fs7jUpvk4NThLqNCPfpw6kQDwYcTqZzbYE9GGk8rusw\" target=\"_blank\" rel=\"noopener\">Filehoster: OneDrive</a> (Uploaded by DyR0 t(-_-t), NOT compatible with other mirrors)</li><p><!--  <li><a href=\"\" target=\"_blank\" rel=\"noopener\">Filehosters: Google Drive, OneDrive + others</a> (Uploaded by crackhub213)</li>  --></p></ul><p><a href=\"https://cs.rin.ru/forum/viewtopic.php?f=10&amp;t=102585\" target=\"_blank\" rel=\"noopener\">Discussion and (possible) future updates on CS.RIN.RU thread</a></p><h3>Screenshots (Click to enlarge)</h3><p><a target=\"_blank\" href=\"https://en.riotpixels.com/games/ruined-king-a-league-of-legends-story/screenshots/18/?utm_source=emb-gfx-html&amp;utm_medium=image&amp;utm_campaign=rp-mass\" rel=\"noopener\"><img loading=\"lazy\" width=\"178\" height=\"100\" border=\"0\" src=\"https://s01.riotpixels.net/data/b3/5c/b35c5fa3-a708-4296-8dda-89fcf678f713.jpg.240p.jpg\"></a><a target=\"_blank\" href=\"https://en.riotpixels.com/games/ruined-king-a-league-of-legends-story/screenshots/17/?utm_source=emb-gfx-html&amp;utm_medium=image&amp;utm_campaign=rp-mass\" rel=\"noopener\"><img loading=\"lazy\" width=\"178\" height=\"100\" border=\"0\" src=\"https://s01.riotpixels.net/data/f3/4b/f34b7d2d-925e-4b20-9eb5-fed4d2a32168.jpg.240p.jpg\"></a><a target=\"_blank\" href=\"https://en.riotpixels.com/games/ruined-king-a-league-of-legends-story/screenshots/16/?utm_source=emb-gfx-html&amp;utm_medium=image&amp;utm_campaign=rp-mass\" rel=\"noopener\"><img loading=\"lazy\" width=\"183\" height=\"100\" border=\"0\" src=\"https://s01.riotpixels.net/data/34/d9/34d98dfc-80c4-4726-9728-2799c9df842d.jpg.240p.jpg\"></a><br><a target=\"_blank\" href=\"https://en.riotpixels.com/games/ruined-king-a-league-of-legends-story/screenshots/15/?utm_source=emb-gfx-html&amp;utm_medium=image&amp;utm_campaign=rp-mass\" rel=\"noopener\"><img loading=\"lazy\" width=\"178\" height=\"100\" border=\"0\" src=\"https://s01.riotpixels.net/data/b8/31/b8312e92-94a8-44d7-b094-a033a95a5340.jpg.240p.jpg\"></a><a target=\"_blank\" href=\"https://en.riotpixels.com/games/ruined-king-a-league-of-legends-story/screenshots/14/?utm_source=emb-gfx-html&amp;utm_medium=image&amp;utm_campaign=rp-mass\" rel=\"noopener\"><img loading=\"lazy\" width=\"178\" height=\"100\" border=\"0\" src=\"https://s01.riotpixels.net/data/d8/4a/d84ae6f5-b721-4165-9958-14f8560cb9aa.jpg.240p.jpg\"></a><a target=\"_blank\" href=\"https://en.riotpixels.com/games/ruined-king-a-league-of-legends-story/screenshots/13/?utm_source=emb-gfx-html&amp;utm_medium=image&amp;utm_campaign=rp-mass\" rel=\"noopener\"><img loading=\"lazy\" width=\"178\" height=\"100\" border=\"0\" src=\"https://s01.riotpixels.net/data/fc/8d/fc8daf27-22f0-4821-9a08-faf9a90220ea.jpg.240p.jpg\"></a></p><h3>Repack Features</h3><ul><li>Based on Ruined_King_A_League_of_Legends_Story-FLT ISO release: flt-ruined_king_a_league_of_legends_story.iso (14,252,795,904 bytes)</li><li>4 DLCs are included and activated</li><li>100% Lossless &amp; MD5 Perfect: all files are identical to originals after installation</li><li>NOTHING ripped, NOTHING re-encoded</li><li>Selective Download feature: you may skip downloading and installing of voiceover packs you don\u2019t need</li><li>Significantly smaller archive size (compressed from 13.3 to 8.1~10.1 GB, depending on selected components)</li><li>Installation takes 4-10 minutes for any single language</li><li>After-install integrity check so you could make sure that everything installed properly</li><li>HDD space after installation: 14.2 GB</li><li>Language can be changed in game settings</li><li>If you don\u2019t have au\u0432io in cutscenes or dialogues, make sure you have enabled installed voiceovers in game settings and start new in-game profile</li><li>If you still don\u2019t have any audio, reinstall the game with English audio as well and repeat abovementioned steps</li><li>Repack uses XTool library by Razor12911</li><li>At least 2 GB of free RAM (inc. virtual) required for installing this repack</li></ul><div ><div><h2>Game Description</h2></div><div ><p><b>Rise Against Ruin</b><br>Unite a party of League of Legends Champions, explore Bilgewater and set sail for the Shadow Isles to uncover the secrets of the deadly Black Mist.</p><p><b>About Ruined King: A League of Legends Story</b><br>Developed by Airship Syndicate and featuring the art style of legendary comic book artist Joe Madureira, creators of Battle Chasers and Darksiders, Ruined King: A League of Legends Story is the first Riot Forge game that invites you to explore the League of Legends universe. In this immersive turn-based RPG, you will have the freedom to configure your party and control an unlikely group of League of Legends champions, explore the bustling city of Bilgewater and the mysterious Shadow Isles, and experience the Lane Initiative System.</p><p><b>Included DLCs:</b></p><ul><li>Manamune Sword for Yasuo</li><li>Ruined Skin Variants</li><li>Ruination Starter Pack</li><li>Lost &amp; Found Weapon Pack</li></ul></div></div>             </div>"
}