{
    "link": "https://fitgirl-repacks.site/rustler/",
    "title": "Rustler \u2013 v1.03.24 + 2 DLCs",
    "first_img": "https://i7.imageban.ru/out/2021/09/04/7acd76239ef8e8999617cc549e10b6b0.jpg",
    "second_img": "https://s01.riotpixels.net/data/1c/4d/1c4dc7c6-52bd-41e5-824c-3a5c4c4d17b8.jpg.240p.jpg",
    "body": "<div ><h2>Rustler \u2013 v1.03.24 + 2 DLCs</h2><p ><div><a target=\"_blank\" href=\"https://en.riotpixels.com/games/rustler/\" rel=\"noopener\"><img class=\"alignleft\" width=\"150\" src=\"https://i7.imageban.ru/out/2021/09/04/7acd76239ef8e8999617cc549e10b6b0.jpg\"></a></div><br>Genres/Tags: <strong>Action, Open world, Medieval, Isometric, 3D</strong><br>Companies: <strong>Jutsu Games</strong><br>Languages: <strong>RUS/ENG/MULTI13</strong><br>Original Size: <strong>2.3 GB</strong><br>Repack Size: <strong>1.2/1.4 GB</strong></p>&nbsp;<div>&nbsp;</div><h3>Download Mirrors</h3><ul><li><a href=\"https://1337x.to/torrent/5063811/Rustler-v1-03-24-2-DLCs-MULTi13-FitGirl-Repack-Selective-Download-from-1-2-GB/\" target=\"_blank\" rel=\"noopener\">1337x</a> | [<a href=\"magnet:?xt=urn:btih:279D433960840F7ADFB35081F0C176C2AB458D8D&amp;dn=Rustler+%28v1.03.24+%2B+2+DLCs%2C+MULTi13%29+%5BFitGirl+Repack%2C+Selective+Download+-+from+1.2+GB%5D&amp;tr=udp%3A%2F%2F46.148.18.250%3A2710&amp;tr=udp%3A%2F%2Fopentor.org%3A2710&amp;tr=udp%3A%2F%2Ftracker.coppersurfer.tk%3A6969%2Fannounce&amp;tr=udp%3A%2F%2Ftracker.opentrackr.org%3A1337%2Fannounce&amp;tr=http%3A%2F%2Ftracker.dler.org%3A6969%2Fannounce&amp;tr=udp%3A%2F%2Ftracker.leechers-paradise.org%3A6969%2Fannounce&amp;tr=udp%3A%2F%2F9.rarbg.me%3A2730%2Fannounce&amp;tr=udp%3A%2F%2F9.rarbg.to%3A2770%2Fannounce&amp;tr=udp%3A%2F%2Ftracker.pirateparty.gr%3A6969%2Fannounce&amp;tr=http%3A%2F%2Fretracker.local%2Fannounce&amp;tr=http%3A%2F%2Fretracker.ip.ncnet.ru%2Fannounce&amp;tr=udp%3A%2F%2Fexodus.desync.com%3A6969%2Fannounce&amp;tr=udp%3A%2F%2Fipv4.tracker.harry.lu%3A80%2Fannounce&amp;tr=udp%3A%2F%2Fopen.stealth.si%3A80%2Fannounce&amp;tr=udp%3A%2F%2Ftracker.zer0day.to%3A1337%2Fannounce&amp;tr=udp%3A%2F%2Ftracker.leechers-paradise.org%3A6969%2Fannounce&amp;tr=udp%3A%2F%2Fcoppersurfer.tk%3A6969%2Fannounce\">magnet</a>] [<a href=\"https://pastefg.hermietkreeft.site/?b34d85f7eb83751e#4uZesoMsfP2kcHg2J4cyBQ3qvYKWAfnG2HHyxTx7ys32\" target=\"_blank\" rel=\"noopener\">.torrent file only</a>] <br><img src=\"https://torrent-stats.info/5081/178392ce1.png\" style=\"display:block;clear:both\"></li><li><a href=\"http://rutor.info/torrent/847487/rustler-v-1.03.24-dlcs-2021-pc-repack-ot-fitgirl\" target=\"_blank\" rel=\"noopener\">RuTor</a> [<a href=\"magnet:?xt=urn:btih:279d433960840f7adfb35081f0c176c2ab458d8d&amp;dn=rutor.info_Rustler+%5Bv+1.03.24+%2B+DLCs%5D+%282021%29+PC+%7C+RePack+%D0%BE%D1%82+FitGirl&amp;tr=udp://opentor.net:6969&amp;tr=udp://opentor.org:2710&amp;tr=http://retracker.local/announce\">magnet</a>]</li><li><a href=\"https://tapochek.net/viewtopic.php?p=2807705\" target=\"_blank\" rel=\"noopener\">Tapochek.net</a></li><li><a href=\"https://pastefg.hermietkreeft.site/?f86fbcf9859650f2#4spomFfvW6cBwbUjS4LuSkZfTwYHzfitvDdAN9nHc22k\" target=\"_blank\" rel=\"noopener\">Filehoster: MultiUpload</a> (10+ hosters, interchangeable) [Use <a href=\"http://jdownloader.org/jdownloader2\" target=\"_blank\" rel=\"noopener\">JDownloader2</a>]</li><li><a href=\"https://pastefg.hermietkreeft.site/?61719c26dbae6664#AXyPTasitndmwZSJJLDJ82t9WcQVqmWzKmsVDMKe6bic\" target=\"_blank\" rel=\"noopener\">Filehoster: ZippyShare</a></li><li><a href=\"https://pastefg.hermietkreeft.site/?c6ab6116517616e1#8Ut3WG7eGR4rmjKhFdFLLd3WooWXV7khsZbdEpHxYF3z\" target=\"_blank\" rel=\"noopener\">Filehoster: BayFiles</a></li><li><a href=\"https://pastefg.hermietkreeft.site/?790ef4ba148485fa#4xqhuJrEMhCdrLhUqw4m4htS8u8n7TgXFMQZeLsixUVG\" target=\"_blank\" rel=\"noopener\">Filehoster: LetsUpload</a> [Use <a href=\"http://jdownloader.org/jdownloader2\" target=\"_blank\" rel=\"noopener\">JDownloader2</a>]</li><li><a href=\"https://pastefg.hermietkreeft.site/?156090573da319fc#2kvHAydeEKqrMhuYua3qoyRcoBKAbxqd87rrnP1qUaRV\" target=\"_blank\" rel=\"noopener\">Filehoster: OneDrive</a> (Uploaded by DyR0 t(-_-t), NOT compatible with other mirrors)</li><p><!--  <li><a href=\"\" target=\"_blank\" rel=\"noopener\">Filehosters: Google Drive, OneDrive + others</a> (Uploaded by crackhub213)</li>  --></p></ul><p><a href=\"https://cs.rin.ru/forum/viewtopic.php?f=10&amp;t=98289\" target=\"_blank\" rel=\"noopener\">Discussion and (possible) future updates on CS.RIN.RU thread</a></p><h3>Screenshots (Click to enlarge)</h3><p><a target=\"_blank\" href=\"https://en.riotpixels.com/games/rustler/screenshots/36/?utm_source=emb-gfx-html&amp;utm_medium=image&amp;utm_campaign=rp-mass\" rel=\"noopener\"><img loading=\"lazy\" width=\"178\" height=\"100\" border=\"0\" src=\"https://s01.riotpixels.net/data/1c/4d/1c4dc7c6-52bd-41e5-824c-3a5c4c4d17b8.jpg.240p.jpg\"></a><a target=\"_blank\" href=\"https://en.riotpixels.com/games/rustler/screenshots/8/?utm_source=emb-gfx-html&amp;utm_medium=image&amp;utm_campaign=rp-mass\" rel=\"noopener\"><img loading=\"lazy\" width=\"178\" height=\"100\" border=\"0\" src=\"https://s01.riotpixels.net/data/83/a9/83a948f4-5604-4057-9e14-c0cc585cb014.jpg.240p.jpg\"></a><a target=\"_blank\" href=\"https://en.riotpixels.com/games/rustler/screenshots/7/?utm_source=emb-gfx-html&amp;utm_medium=image&amp;utm_campaign=rp-mass\" rel=\"noopener\"><img loading=\"lazy\" width=\"178\" height=\"100\" border=\"0\" src=\"https://s01.riotpixels.net/data/f1/a6/f1a6862f-6611-4fa7-a0ea-3ccbe6eaf216.jpg.240p.jpg\"></a><br><a target=\"_blank\" href=\"https://en.riotpixels.com/games/rustler/screenshots/6/?utm_source=emb-gfx-html&amp;utm_medium=image&amp;utm_campaign=rp-mass\" rel=\"noopener\"><img loading=\"lazy\" width=\"178\" height=\"100\" border=\"0\" src=\"https://s01.riotpixels.net/data/d2/0b/d20be43e-adee-4602-a56e-c0916d2205e5.jpg.240p.jpg\"></a><a target=\"_blank\" href=\"https://en.riotpixels.com/games/rustler/screenshots/3/?utm_source=emb-gfx-html&amp;utm_medium=image&amp;utm_campaign=rp-mass\" rel=\"noopener\"><img loading=\"lazy\" width=\"178\" height=\"100\" border=\"0\" src=\"https://s01.riotpixels.net/data/52/3d/523d4e74-2aee-41df-a01f-cb550db5b68f.jpg.240p.jpg\"></a><a target=\"_blank\" href=\"https://en.riotpixels.com/games/rustler/screenshots/1/?utm_source=emb-gfx-html&amp;utm_medium=image&amp;utm_campaign=rp-mass\" rel=\"noopener\"><img loading=\"lazy\" width=\"178\" height=\"100\" border=\"0\" src=\"https://s01.riotpixels.net/data/36/ed/36edf794-63e7-44db-9fb9-65021762bd8b.jpg.240p.jpg\"></a></p><h3>Repack Features</h3><ul><li>Based on Rustler.Vinci-CODEX ISO release: codex-rustler.vinci.iso (2,504,818,688 bytes)</li><li>Game version: v1.03.24; Murder Madness &amp; Vinci DLCs are included and activated</li><li>100% Lossless &amp; MD5 Perfect: all files are identical to originals after installation</li><li>NOTHING ripped, NOTHING re-encoded</li><li>Selective Download feature: you can skip downloading and installing of bonus soundtrack in MP3 format</li><li>Significantly smaller archive size (compressed from 2.3 to 1.2/1.4 GB)</li><li>Installation takes 4-6 minutes</li><li>After-install integrity check so you could make sure that everything installed properly</li><li>HDD space after installation: up to 4.2 GB (5.2 GB during installation)</li><li>Language can be changed in game settings</li><li>At least 2 GB of free RAM (inc. virtual) required for installing this repack</li></ul><div ><div><h2>Game Description</h2></div><div ><b>Grand Theft\u2026 Horse</b><br>Rustler is an open-world, top-down action game paying tribute to the good old GTA style and gameplay, fusing it with a historically inaccurate medieval setting. Play as The Guy, whose parents apparently were too lazy to give him a proper name. Experience feudal injustice, inquisition, witch-hunting, and join The Grand Tournament. Meet valiant, yet incredibly stupid knights. Complete a wide variety of twisted missions and quests, or don\u2019t give a damn about the plot and bring mayhem in the villages and cities. Choose to go on foot, or by a stolen horse. Fight with a sword or pick a fancy automatic crossbow. All that, spiced up with an inappropriate Monty Python inspired sense of humor.<p><b>Be a bold, bald thug in a medieval sandbox</b><br>Rustler\u2019s world is filled with humor, anachronisms, and pop culture references. Ever been towed for parking in a \u201cNO HORSE ZONE\u201d? Wanna do some cage fights in Medieval Martial Arts Arena? Or maybe pimp-a-horse a little? How about joining the Round-Earthers sect?</p><p><b>Wreak havoc in top-down, old-school combat</b><br>Use swords, spears, turds, and crossbows. Want to get more efficient? Try holy hand grenades or\u2026 horses. Nothing\u2019s more deadly than hooves galloping in your direction. Or drifting a cart.</p><p><b>Screw everyone over to win half the kingdom</b><br>As a poor peasant, you really need to get creative in order to win the Grand Tournament\u2122. Form weird alliances, double-cross your foes, and dig up dinosaur skeletons in a light, easy-to-understand, and hard-to-empathize-with story.</p><p><b>Hire bards to aid you musically in battle</b><br>A bard can be your sweaty personal radio. Not only will he not leave your side, even in the midst of the bloodiest of conflicts, he will also change the song\u2019s dynamic depending on the action on-screen. Moreover, you can express a desire to change the tune by punching him in the face.</p><p><b>A lot of horsin\u2019 around</b><br>Shoot cows into the sky, dress up as a guard or even Death himself, burn entire piles of weed, draw fancy shapes with a plowing cart, survive a full-on guard onslaught after killing half the city\u2026 And that\u2019s only a few of the many crazy things you can do in Rustler.</p></div></div><p><b>Backwards Compatibility</b></p><p>This repack IS slightly backwards compatible with my previous Rustler repack. You can rehash fg-02.bin &amp; fg-optional-bonus-ost.bin and save 331 MB of traffic.</p>             </div>"
}