{
    "link": "https://fitgirl-repacks.site/sable/",
    "title": "Sable",
    "first_img": "https://i1.imageban.ru/out/2021/09/27/c767ee2005b62a7906a6aabf541af3cc.jpg",
    "second_img": "https://s01.riotpixels.net/data/f1/44/f144437a-98e4-4df6-a3f3-289b0adfe250.jpg.240p.jpg",
    "body": "<div ><h2>Sable</h2><p ><div><a target=\"_blank\" href=\"https://en.riotpixels.com/games/sable/\" rel=\"noopener\"><img class=\"alignleft\" width=\"150\" src=\"https://i1.imageban.ru/out/2021/09/27/c767ee2005b62a7906a6aabf541af3cc.jpg\"></a></div><br>Genres/Tags: <strong>Arcade, Platform adventure, Exploration, Open world, Third-person, 3D</strong><br>Companies: <strong>Shedworks, Raw Fury</strong><br>Language: <strong>ENG</strong><br>Original Size: <strong>1.7 GB</strong><br>Repack Size: <strong>1 GB</strong></p>&nbsp;<div>&nbsp;</div><h3>Download Mirrors</h3><ul><li><a href=\"https://1337x.to/torrent/4997065/Sable-FitGirl-Repack/\" target=\"_blank\" rel=\"noopener\">1337x</a> | [<a href=\"magnet:?xt=urn:btih:2C201021E9A6A0579C1D4B95C75EBB87B86ED2DE&amp;dn=Sable+%5BFitGirl+Repack%5D&amp;tr=udp%3A%2F%2F46.148.18.250%3A2710&amp;tr=udp%3A%2F%2Fopentor.org%3A2710&amp;tr=udp%3A%2F%2Ftracker.coppersurfer.tk%3A6969%2Fannounce&amp;tr=udp%3A%2F%2Ftracker.opentrackr.org%3A1337%2Fannounce&amp;tr=http%3A%2F%2Ftracker.dler.org%3A6969%2Fannounce&amp;tr=udp%3A%2F%2Ftracker.leechers-paradise.org%3A6969%2Fannounce&amp;tr=udp%3A%2F%2F9.rarbg.me%3A2730%2Fannounce&amp;tr=udp%3A%2F%2F9.rarbg.to%3A2770%2Fannounce&amp;tr=udp%3A%2F%2Ftracker.pirateparty.gr%3A6969%2Fannounce&amp;tr=http%3A%2F%2Fretracker.local%2Fannounce&amp;tr=http%3A%2F%2Fretracker.ip.ncnet.ru%2Fannounce&amp;tr=udp%3A%2F%2Fexodus.desync.com%3A6969%2Fannounce&amp;tr=udp%3A%2F%2Fipv4.tracker.harry.lu%3A80%2Fannounce&amp;tr=udp%3A%2F%2Fopen.stealth.si%3A80%2Fannounce&amp;tr=udp%3A%2F%2Ftracker.zer0day.to%3A1337%2Fannounce&amp;tr=udp%3A%2F%2Ftracker.leechers-paradise.org%3A6969%2Fannounce&amp;tr=udp%3A%2F%2Fcoppersurfer.tk%3A6969%2Fannounce\">magnet</a>] [<a href=\"https://pastefg.hermietkreeft.site/?32757c503292b357#FfA3Q3debTcgj7LxcB6WZxcyxxP6FCHtDb51MmtLBu24\" target=\"_blank\" rel=\"noopener\">.torrent file only</a>] <br><img src=\"https://torrent-stats.info/4b95/15af92003.png\" style=\"display:block;clear:both\"></li><li><a href=\"https://tapochek.net/viewtopic.php?p=2802632\" target=\"_blank\" rel=\"noopener\">Tapochek.net</a></li><li><a href=\"https://pastefg.hermietkreeft.site/?5e31a96287bdc35a#A3mkDHitBVSgn3JfZXzbRNEhQ2iXLCSG6fwvrnz9hSQZ\" target=\"_blank\" rel=\"noopener\">Filehoster: MultiUpload</a> (10+ hosters, interchangeable) [Use <a href=\"http://jdownloader.org/jdownloader2\" target=\"_blank\" rel=\"noopener\">JDownloader2</a>]</li><li><a href=\"https://pastefg.hermietkreeft.site/?cc2d8a52e4ca2178#CRHSrqbJKx2uA9C9fFqvQBQt15AZ88cxpkwhp3TvTnU8\" target=\"_blank\" rel=\"noopener\">Filehoster: PixelDrain</a></li><li><a href=\"https://pastefg.hermietkreeft.site/?682e6d7822463d93#Aa2X9MnCB3mvVPi7foYFGtMxSMHoxbQQgXJYiuMogveD\" target=\"_blank\" rel=\"noopener\">Filehoster: ZippyShare</a></li><li><a href=\"https://pastefg.hermietkreeft.site/?c893b64e681f0f5f#C91ZjaFXk9LVa6i8uhY6fxUHhtcMY377CnZo1BD4EAWU\" target=\"_blank\" rel=\"noopener\">Filehoster: LetsUpload</a> [Use <a href=\"http://jdownloader.org/jdownloader2\" target=\"_blank\" rel=\"noopener\">JDownloader2</a>]</li><li><a href=\"https://pastefg.hermietkreeft.site/?7c66768c4220517a#582ZZ1hadq9UXrxAULDQzu8v2nc9np9sx6ajiNHGj3ZP\" target=\"_blank\" rel=\"noopener\">Filehoster: OneDrive</a> (Uploaded by DyR0 t(-_-t), NOT compatible with other mirrors)</li></ul><p><a href=\"https://cs.rin.ru/forum/viewtopic.php?f=10&amp;t=90112\" target=\"_blank\" rel=\"noopener\">Discussion and (possible) future updates on CS.RIN.RU thread</a></p><h3>Screenshots (Click to enlarge)</h3><p><a target=\"_blank\" href=\"https://en.riotpixels.com/games/sable/screenshots/15/?utm_source=emb-gfx-html&amp;utm_medium=image&amp;utm_campaign=rp-mass\" rel=\"noopener\"><img loading=\"lazy\" width=\"178\" height=\"100\" border=\"0\" src=\"https://s01.riotpixels.net/data/f1/44/f144437a-98e4-4df6-a3f3-289b0adfe250.jpg.240p.jpg\"></a><a target=\"_blank\" href=\"https://en.riotpixels.com/games/sable/screenshots/12/?utm_source=emb-gfx-html&amp;utm_medium=image&amp;utm_campaign=rp-mass\" rel=\"noopener\"><img loading=\"lazy\" width=\"178\" height=\"100\" border=\"0\" src=\"https://s01.riotpixels.net/data/2c/64/2c643f3e-547f-47ec-b620-ce46ec535d13.jpg.240p.jpg\"></a><a target=\"_blank\" href=\"https://en.riotpixels.com/games/sable/screenshots/8/?utm_source=emb-gfx-html&amp;utm_medium=image&amp;utm_campaign=rp-mass\" rel=\"noopener\"><img loading=\"lazy\" width=\"178\" height=\"100\" border=\"0\" src=\"https://s01.riotpixels.net/data/70/6a/706a1084-5cb8-49c0-8131-e437a3f218fd.jpg.240p.jpg\"></a><br><a target=\"_blank\" href=\"https://en.riotpixels.com/games/sable/screenshots/6/?utm_source=emb-gfx-html&amp;utm_medium=image&amp;utm_campaign=rp-mass\" rel=\"noopener\"><img loading=\"lazy\" width=\"178\" height=\"100\" border=\"0\" src=\"https://s01.riotpixels.net/data/ab/09/ab093218-45c3-4176-bd75-35d90e78e6d6.jpg.240p.jpg\"></a><a target=\"_blank\" href=\"https://en.riotpixels.com/games/sable/screenshots/4/?utm_source=emb-gfx-html&amp;utm_medium=image&amp;utm_campaign=rp-mass\" rel=\"noopener\"><img loading=\"lazy\" width=\"178\" height=\"100\" border=\"0\" src=\"https://s01.riotpixels.net/data/50/5a/505ab64f-e188-48ed-affd-59b2b164c475.jpg.240p.jpg\"></a><a target=\"_blank\" href=\"https://en.riotpixels.com/games/sable/screenshots/1/?utm_source=emb-gfx-html&amp;utm_medium=image&amp;utm_campaign=rp-mass\" rel=\"noopener\"><img loading=\"lazy\" width=\"178\" height=\"100\" border=\"0\" src=\"https://s01.riotpixels.net/data/5c/ad/5cadf9c8-abfd-4964-9d59-d5913cf25d79.jpg.240p.jpg\"></a></p><h3>Repack Features</h3><ul><li>Based on Sable-CODEX ISO release: codex-sable.iso (1,854,734,336 bytes)</li><li>100% Lossless &amp; MD5 Perfect: all files are identical to originals after installation</li><li>NOTHING ripped, NOTHING re-encoded</li><li>Significantly smaller archive size (compressed from 1.7 to 1 GB)</li><li>Installation takes 4-7 minutes (depending on your system)</li><li>After-install integrity check so you could make sure that everything installed properly</li><li>HDD space after installation: 2.1 GB (5.9 GB during installation)</li><li>At least 2 GB of free RAM (inc. virtual) required for installing this repack</li></ul><div ><div><h2>Game Description</h2></div><div >Embark on a unique and unforgettable journey and guide Sable through her Gliding; a rite of passage that will take her across vast deserts and mesmerizing landscapes, capped by the remains of spaceships and ancient wonders.<p>Explore the dunes on your hoverbike, scale monumental ruins and encounter other nomads as you unearth mysteries long forgotten and discover who she really is behind her mask.</p><p>With its unique art style and original soundtrack by Japanese Breakfast, envelop yourself in Sable\u2019s world and explore everything at your own pace. There is a lot in this world just waiting to be discovered. Do not be afraid. Take the leap.</p><p><b><h3>Game Features</h3></b></p><ul><li>Explore a rich world, full of remnants of past civilisations.</li><li>Climb, leap, hover, glide \u2013 use everything at your disposal to discover every inch of the world in front of you</li><li>Customise your hover bike as you find, or earn, new parts</li><li>Help other clans and nomads that you meet along the way</li><li>Lose yourself in an adventure and find yourself through masks, outfits and other collectables, to represent who you are to those around you\u2026</li><li>Complete puzzles to earn rewards and forge your path in an unforgiving terrain</li></ul></div></div>             </div>"
}