{
    "link": "https://fitgirl-repacks.site/samurai-warriors-5/",
    "title": "Samurai Warriors 5 + 8 DLCs",
    "first_img": "https://i2.imageban.ru/out/2021/07/27/11f8c889eb57b007f20c0219762e5d07.jpg",
    "second_img": "https://s01.riotpixels.net/data/6e/99/6e99d5a3-12ad-4631-b5e5-6651ede06844.jpg.240p.jpg",
    "body": "<div ><h2>Samurai Warriors 5 + 8 DLCs</h2><p ><div><a target=\"_blank\" href=\"https://en.riotpixels.com/games/samurai-warriors-5/\" rel=\"noopener\"><img class=\"alignleft\" width=\"150\" src=\"https://i2.imageban.ru/out/2021/07/27/11f8c889eb57b007f20c0219762e5d07.jpg\"></a></div><br>Genres/Tags: <strong>Action, Slasher, Third-person, 3D</strong><br>Company: <strong>KOEI TECMO GAMES CO., LTD.</strong><br>Languages: <strong>ENG/MULTI5</strong><br>Original Size: <strong> GB</strong><br>Repack Size: <strong>9/9.5 GB</strong></p>&nbsp;<div>&nbsp;</div><h3>Download Mirrors</h3><ul><li><a href=\"https://1337x.to/torrent/4933552/Samurai-Warriors-5-8-DLCs-MULTi5-FitGirl-Repack-Selective-Download-from-9-GB/\" target=\"_blank\" rel=\"noopener\">1337x</a> | [<a href=\"magnet:?xt=urn:btih:0A9507D5F8BB3507DB3A186DFA7353530C16C5D1&amp;dn=Samurai+Warriors+5+%28%2B+8+DLCs%2C+MULTi5%29+%5BFitGirl+Repack%2C+Selective+Download+-+from+9+GB%5D&amp;tr=udp%3A%2F%2F46.148.18.250%3A2710&amp;tr=udp%3A%2F%2Fopentor.org%3A2710&amp;tr=udp%3A%2F%2Ftracker.coppersurfer.tk%3A6969%2Fannounce&amp;tr=udp%3A%2F%2Ftracker.opentrackr.org%3A1337%2Fannounce&amp;tr=http%3A%2F%2Ftracker.dler.org%3A6969%2Fannounce&amp;tr=udp%3A%2F%2Ftracker.leechers-paradise.org%3A6969%2Fannounce&amp;tr=udp%3A%2F%2F9.rarbg.me%3A2730%2Fannounce&amp;tr=udp%3A%2F%2F9.rarbg.to%3A2770%2Fannounce&amp;tr=udp%3A%2F%2Ftracker.pirateparty.gr%3A6969%2Fannounce&amp;tr=http%3A%2F%2Fretracker.local%2Fannounce&amp;tr=http%3A%2F%2Fretracker.ip.ncnet.ru%2Fannounce&amp;tr=udp%3A%2F%2Fexodus.desync.com%3A6969%2Fannounce&amp;tr=udp%3A%2F%2Fipv4.tracker.harry.lu%3A80%2Fannounce&amp;tr=udp%3A%2F%2Fopen.stealth.si%3A80%2Fannounce&amp;tr=udp%3A%2F%2Ftracker.zer0day.to%3A1337%2Fannounce&amp;tr=udp%3A%2F%2Ftracker.leechers-paradise.org%3A6969%2Fannounce&amp;tr=udp%3A%2F%2Fcoppersurfer.tk%3A6969%2Fannounce\">magnet</a>] [<a href=\"https://pastefg.hermietkreeft.site/?fd1540149260ec15#2hCgopFkarGAFJ1JEDhzfnWi1ETJanFqMD6cwN3jsCSa\" target=\"_blank\" rel=\"noopener\">.torrent file only</a>] <br><img src=\"https://torrent-stats.info/186d/6e9a8991.png\" style=\"display:block;clear:both\"></li><li><a href=\"https://tapochek.net/viewtopic.php?p=2791135\" target=\"_blank\" rel=\"noopener\">Tapochek.net</a></li><li><a href=\"https://pastefg.hermietkreeft.site/?453439b87285a967#2hn1qsUb4dt4Y2YoC7xxTKmiptVKrnsi8PMbLzoAiWzD\" target=\"_blank\" rel=\"noopener\">Filehoster: MultiUpload</a> (10+ hosters, interchangeable) [Use <a href=\"http://jdownloader.org/jdownloader2\" target=\"_blank\" rel=\"noopener\">JDownloader2</a>]</li><li><a href=\"https://pastefg.hermietkreeft.site/?15d214b9feabaf2e#3bWSna8p15PohNDhPiBBXqwJ8KrrvutZHJ6KuKVAheZC\" target=\"_blank\" rel=\"noopener\">Filehoster: PixelDrain</a></li><li><a href=\"https://pastefg.hermietkreeft.site/?87f04165334e9a81#DGJr1bkbLU1YDHSNhtem46v9veNEdanRzHVHE6JgYd39\" target=\"_blank\" rel=\"noopener\">Filehoster: ZippyShare</a></li><li><a href=\"https://pastefg.hermietkreeft.site/?9e65133bf25fb689#8PiD5joKtaYiHdxmqxkegawpKSV7YuhGwQCPT8juxKuv\" target=\"_blank\" rel=\"noopener\">Filehoster: LetsUpload</a> [Use <a href=\"http://jdownloader.org/jdownloader2\" target=\"_blank\" rel=\"noopener\">JDownloader2</a>]</li><li><a href=\"https://crackhub.site/samurai-warriors-5-8-dlcs-fitgirl-repack/\" target=\"_blank\" rel=\"noopener\">Filehosters: Google Drive, OneDrive + others</a> (Uploaded by crackhub213)</li><li><a href=\"https://pastefg.hermietkreeft.site/?35ac8046d21f07f9#EYHQREDduyfu5Cm1tEDC55oXfNU86A3j5RUnrnHnR3Th\" target=\"_blank\" rel=\"noopener\">Filehoster: OneDrive</a> (Uploaded by DyR0 t(-_-t), NOT compatible with other mirrors)</li></ul><p><a href=\"https://cs.rin.ru/forum/viewtopic.php?f=10&amp;t=111641\" target=\"_blank\" rel=\"noopener\">Discussion and (possible) future updates on CS.RIN.RU thread</a></p><h3>Screenshots (Click to enlarge)</h3><p><a target=\"_blank\" href=\"https://en.riotpixels.com/games/samurai-warriors-5/screenshots/8/?utm_source=emb-gfx-html&amp;utm_medium=image&amp;utm_campaign=rp-mass\" rel=\"noopener\"><img loading=\"lazy\" width=\"178\" height=\"100\" border=\"0\" src=\"https://s01.riotpixels.net/data/6e/99/6e99d5a3-12ad-4631-b5e5-6651ede06844.jpg.240p.jpg\"></a><a target=\"_blank\" href=\"https://en.riotpixels.com/games/samurai-warriors-5/screenshots/7/?utm_source=emb-gfx-html&amp;utm_medium=image&amp;utm_campaign=rp-mass\" rel=\"noopener\"><img loading=\"lazy\" width=\"178\" height=\"100\" border=\"0\" src=\"https://s01.riotpixels.net/data/0b/72/0b7246f4-f7a4-4faf-afb1-66c59ed0dc33.jpg.240p.jpg\"></a><a target=\"_blank\" href=\"https://en.riotpixels.com/games/samurai-warriors-5/screenshots/6/?utm_source=emb-gfx-html&amp;utm_medium=image&amp;utm_campaign=rp-mass\" rel=\"noopener\"><img loading=\"lazy\" width=\"178\" height=\"100\" border=\"0\" src=\"https://s01.riotpixels.net/data/ff/06/ff067398-2dc9-4a98-bea4-dfa5c9992cb3.jpg.240p.jpg\"></a><br><a target=\"_blank\" href=\"https://en.riotpixels.com/games/samurai-warriors-5/screenshots/5/?utm_source=emb-gfx-html&amp;utm_medium=image&amp;utm_campaign=rp-mass\" rel=\"noopener\"><img loading=\"lazy\" width=\"178\" height=\"100\" border=\"0\" src=\"https://s01.riotpixels.net/data/c2/db/c2db68f7-5945-4050-883a-75ccccdf418e.jpg.240p.jpg\"></a><a target=\"_blank\" href=\"https://en.riotpixels.com/games/samurai-warriors-5/screenshots/4/?utm_source=emb-gfx-html&amp;utm_medium=image&amp;utm_campaign=rp-mass\" rel=\"noopener\"><img loading=\"lazy\" width=\"178\" height=\"100\" border=\"0\" src=\"https://s01.riotpixels.net/data/4e/40/4e403d29-342f-4610-abad-d19746be4d48.jpg.240p.jpg\"></a><a target=\"_blank\" href=\"https://en.riotpixels.com/games/samurai-warriors-5/screenshots/3/?utm_source=emb-gfx-html&amp;utm_medium=image&amp;utm_campaign=rp-mass\" rel=\"noopener\"><img loading=\"lazy\" width=\"178\" height=\"100\" border=\"0\" src=\"https://s01.riotpixels.net/data/e8/75/e8759b1c-ea9e-471e-9941-2b5ad226a9d2.jpg.240p.jpg\"></a></p><h3>Repack Features</h3><ul><li>Based on Samurai.Warriors.5-CODEX ISO release: codex-samurai.warriors.5.iso (14,636,711,936 bytes)</li><li>SAMURAI_WARRIORS_5_Full_DLC_Pack_b7004052 applied over, thanks to Christsnatcher!</li><li>8 DLCs are included and activated</li><li>100% Lossless &amp; MD5 Perfect: all files are identical to originals after installation</li><li>NOTHING ripped, NOTHING re-encoded</li><li>Selective Download feature: you may skip downloading and installing of credits videos</li><li>Significantly smaller archive size (compressed from 13.6 to 9/9.5 GB)</li><li>Installation takes 4-8 minutes (depending on your system)</li><li>After-install integrity check so you could make sure that everything installed properly</li><li>HDD space after installation: up to 15.1 GB</li><li>Use \u201cLanguage Selector.exe\u201d in game root to change the game language</li><li>Repack uses XTool library by Razor12911</li><li>At least 2 GB of free RAM (inc. virtual) required for installing this repack</li></ul><div ><div><h2>Game Description</h2></div><div >A new SAMURAI WARRIORS begins.<p>After a 7-year wait, a new instalment in the tactical action series \u201cSAMURAI WARRIORS\u201d is finally here!</p><p>With this title, the historical period depicted in the first title of the \u201cSAMURAI WARRIORS\u201d series released in 2004 has been revamped.</p><p>With visuals that have largely evolved since the first \u201cSAMURAI WARRIORS\u201d, additional officers, and evolved actions, an even deeper drama set in the warring states is depicted.</p><p>Also, with a focus on the lives of officers Nobunaga Oda and Mitsuhide Akechi, in order to more intensely and boldly depict the warring states era spanning from the end of the \u014cnin War to the Incident at Honn\u014dji, the title is the beginning of a new series, in which the stories and characters from the traditional \u201cSAMURAI WARRIORS\u201d have been revamped.</p><p><b><h3>Game Features</h3></b></p><ul><li>With officers whose designs have been revamped, as well as new officers, a total of 27 Samurai Warriors join the battle</li><li>Officers such as a young Nobunaga Oda, known as the \u201cGreat Fool\u201d, and daimy\u014d Yoshimoto Imagawa, who was called the \u201cGreatest Archer in all of Kaid\u014d\u201d, appear with new designs that match the setting of this title.</li><li>New officers such as Toshimitsu Sait\u014d, a retainer of Mitsuhide Akechi, as well as K\u014dga ninja Mitsuki join the battle. A total of 27 Samurai Warriors interweave their fates to create a dramatic warring states era.</li><li>WARRIORS actions are more thrilling and dazzling than ever before: In this title, players can once again enjoy the \u201cthrill of sending enemies flying\u201d that the WARRIORS series is renowned for.</li><li>New actions that have been added with this title, as well as new depictions that give off a Japanese flair, the WARRIORS actions have become even more stunning.</li></ul><p><b>Included DLCs</b></p><ul><li>Special Costume \u2013 Nobunaga Oda</li><li>Special Costume \u2013 Mitsuhide Akechi</li><li>\u201cSAMURAI WARRIORS\u201d Costume \u2013 Nobunaga Oda</li><li>\u201cSAMURAI WARRIORS\u201d Costume \u2013 Mitsuhide Akechi</li><li>Digital Deluxe Edition Bonus</li><li>Season Pass Bonus</li><li>Deluxe Costume \u2013 Nobunaga Oda</li><li>Deluxe Costume \u2013 Mitsuhide Akechi</li></ul></div></div>             </div>"
}