{
    "link": "https://fitgirl-repacks.site/samudra/",
    "title": "SAMUDRA",
    "first_img": "https://i4.imageban.ru/out/2021/10/04/021c10d46151f610acbe165235d697bc.jpg",
    "second_img": "https://s01.riotpixels.net/data/43/d0/43d0f3a0-11fc-47ff-8b92-de1a3c376d0e.jpg.240p.jpg",
    "body": "<div ><h2>SAMUDRA</h2><p ><div><a target=\"_blank\" href=\"https://en.riotpixels.com/games/samudra/\" rel=\"noopener\"><img class=\"alignleft\" width=\"150\" src=\"https://i4.imageban.ru/out/2021/10/04/021c10d46151f610acbe165235d697bc.jpg\"></a></div><br>Genres/Tags: <strong>Adventure, Side, Puzzle-Solving, 2D</strong><br>Company: <strong>Khayalan Arts</strong><br>Language: <strong>ENG</strong><br>Original Size: <strong>5.4 GB</strong><br>Repack Size: <strong>3 GB</strong></p>&nbsp;<div>&nbsp;</div><h3>Download Mirrors</h3><ul><li><a href=\"https://1337x.to/torrent/5006281/SAMUDRA-FitGirl-Repack/\" target=\"_blank\" rel=\"noopener\">1337x</a> | [<a href=\"magnet:?xt=urn:btih:DAE954649835D8331D58FC970FD984E5A47773B0&amp;dn=SAMUDRA+%5BFitGirl+Repack%5D&amp;tr=udp%3A%2F%2F46.148.18.250%3A2710&amp;tr=udp%3A%2F%2Fopentor.org%3A2710&amp;tr=udp%3A%2F%2Ftracker.coppersurfer.tk%3A6969%2Fannounce&amp;tr=udp%3A%2F%2Ftracker.opentrackr.org%3A1337%2Fannounce&amp;tr=http%3A%2F%2Ftracker.dler.org%3A6969%2Fannounce&amp;tr=udp%3A%2F%2Ftracker.leechers-paradise.org%3A6969%2Fannounce&amp;tr=udp%3A%2F%2F9.rarbg.me%3A2730%2Fannounce&amp;tr=udp%3A%2F%2F9.rarbg.to%3A2770%2Fannounce&amp;tr=udp%3A%2F%2Ftracker.pirateparty.gr%3A6969%2Fannounce&amp;tr=http%3A%2F%2Fretracker.local%2Fannounce&amp;tr=http%3A%2F%2Fretracker.ip.ncnet.ru%2Fannounce&amp;tr=udp%3A%2F%2Fexodus.desync.com%3A6969%2Fannounce&amp;tr=udp%3A%2F%2Fipv4.tracker.harry.lu%3A80%2Fannounce&amp;tr=udp%3A%2F%2Fopen.stealth.si%3A80%2Fannounce&amp;tr=udp%3A%2F%2Ftracker.zer0day.to%3A1337%2Fannounce&amp;tr=udp%3A%2F%2Ftracker.leechers-paradise.org%3A6969%2Fannounce&amp;tr=udp%3A%2F%2Fcoppersurfer.tk%3A6969%2Fannounce\">magnet</a>] [<a href=\"https://pastefg.hermietkreeft.site/?30079f1f45d9880d#8jkAkq92VP9aVGHNjGSnqbXwrTQM8kTXHf5rFzK89LQ3\" target=\"_blank\" rel=\"noopener\">.torrent file only</a>] <br><img src=\"https://torrent-stats.info/fc97/489c3b6d5.png\" style=\"display:block;clear:both\"></li><li><a href=\"http://rutor.info/torrent/837926/samudra-2021-pc-repack-ot-fitgirl\" target=\"_blank\" rel=\"noopener\">RuTor</a> [<a href=\"magnet:?xt=urn:btih:dae954649835d8331d58fc970fd984e5a47773b0&amp;dn=rutor.info_SAMUDRA+%282021%29+PC+%7C+RePack+%D0%BE%D1%82+FitGirl&amp;tr=udp://opentor.net:6969&amp;tr=udp://opentor.org:2710&amp;tr=http://retracker.local/announce\">magnet</a>]</li><li><a href=\"https://tapochek.net/viewtopic.php?p=2804130\" target=\"_blank\" rel=\"noopener\">Tapochek.net</a></li><li><a href=\"https://pastefg.hermietkreeft.site/?17b3906d0d136f8e#CS392sHn6JBFJT1CrVR3faj57vAAjGR3hxSf4bWigA8y\" target=\"_blank\" rel=\"noopener\">Filehoster: MultiUpload</a> (10+ hosters, interchangeable) [Use <a href=\"http://jdownloader.org/jdownloader2\" target=\"_blank\" rel=\"noopener\">JDownloader2</a>]</li><li><a href=\"https://pastefg.hermietkreeft.site/?962308dbbd96fb2e#7CBbtiWkyG3ULBvT7LkQmX5caJoeVSfssN4artXbFuWK\" target=\"_blank\" rel=\"noopener\">Filehoster: PixelDrain</a></li><li><a href=\"https://pastefg.hermietkreeft.site/?7b3b3afbd2b03bd2#5j51Ez8dg4Tbn93V5VQwU76oEXma7HNopAam71eqvQz9\" target=\"_blank\" rel=\"noopener\">Filehoster: ZippyShare</a></li><li><a href=\"https://pastefg.hermietkreeft.site/?2de83cebbf268bc5#8cMotfoCWZxWSTHnEZTXjGe7dE2GxVCMBEUGVSF4LSPP\" target=\"_blank\" rel=\"noopener\">Filehoster: LetsUpload</a> [Use <a href=\"http://jdownloader.org/jdownloader2\" target=\"_blank\" rel=\"noopener\">JDownloader2</a>]</li><li><a href=\"https://pastefg.hermietkreeft.site/?ce5f18f83143664c#BmBNMHgrPnfww3niKQvLmFWC48TrRNotx5gVdRZSQ3KV\" target=\"_blank\" rel=\"noopener\">Filehoster: OneDrive</a> (Uploaded by DyR0 t(-_-t), NOT compatible with other mirrors)</li></ul><p><a href=\"https://cs.rin.ru/forum/viewtopic.php?f=10&amp;t=102087\" target=\"_blank\" rel=\"noopener\">Discussion and (possible) future updates on CS.RIN.RU thread</a></p><h3>Screenshots (Click to enlarge)</h3><p><a target=\"_blank\" href=\"https://en.riotpixels.com/games/samudra/screenshots/11/?utm_source=emb-gfx-html&amp;utm_medium=image&amp;utm_campaign=rp-mass\" rel=\"noopener\"><img loading=\"lazy\" width=\"189\" height=\"100\" border=\"0\" src=\"https://s01.riotpixels.net/data/43/d0/43d0f3a0-11fc-47ff-8b92-de1a3c376d0e.jpg.240p.jpg\"></a><a target=\"_blank\" href=\"https://en.riotpixels.com/games/samudra/screenshots/8/?utm_source=emb-gfx-html&amp;utm_medium=image&amp;utm_campaign=rp-mass\" rel=\"noopener\"><img loading=\"lazy\" width=\"178\" height=\"100\" border=\"0\" src=\"https://s01.riotpixels.net/data/5b/15/5b15478a-96be-408f-a965-2a98d86d1ef5.jpg.240p.jpg\"></a><a target=\"_blank\" href=\"https://en.riotpixels.com/games/samudra/screenshots/7/?utm_source=emb-gfx-html&amp;utm_medium=image&amp;utm_campaign=rp-mass\" rel=\"noopener\"><img loading=\"lazy\" width=\"178\" height=\"100\" border=\"0\" src=\"https://s01.riotpixels.net/data/3f/0c/3f0cd569-1bfa-4f1a-9906-ea63f3f2c373.jpg.240p.jpg\"></a><br><a target=\"_blank\" href=\"https://en.riotpixels.com/games/samudra/screenshots/5/?utm_source=emb-gfx-html&amp;utm_medium=image&amp;utm_campaign=rp-mass\" rel=\"noopener\"><img loading=\"lazy\" width=\"178\" height=\"100\" border=\"0\" src=\"https://s01.riotpixels.net/data/52/d6/52d69db8-1a4b-412e-9c37-95f709c02180.jpg.240p.jpg\"></a><a target=\"_blank\" href=\"https://en.riotpixels.com/games/samudra/screenshots/3/?utm_source=emb-gfx-html&amp;utm_medium=image&amp;utm_campaign=rp-mass\" rel=\"noopener\"><img loading=\"lazy\" width=\"178\" height=\"100\" border=\"0\" src=\"https://s01.riotpixels.net/data/aa/29/aa298d22-c9e2-42ac-a6a3-5116f51cedf9.jpg.240p.jpg\"></a><a target=\"_blank\" href=\"https://en.riotpixels.com/games/samudra/screenshots/1/?utm_source=emb-gfx-html&amp;utm_medium=image&amp;utm_campaign=rp-mass\" rel=\"noopener\"><img loading=\"lazy\" width=\"178\" height=\"100\" border=\"0\" src=\"https://s01.riotpixels.net/data/4c/64/4c647ec9-6fac-4709-a571-e2d51a36e7e7.jpg.240p.jpg\"></a></p><h3>Repack Features</h3><ul><li>Based on SAMUDRA-PLAZA ISO release: plaza-samudra.iso (5,744,525,312 bytes)</li><li>100% Lossless &amp; MD5 Perfect: all files are identical to originals after installation</li><li>NOTHING ripped, NOTHING re-encoded</li><li>Significantly smaller archive size (compressed from 5.4 to 3 GB)</li><li>Installation takes 10-30 minutes (depending on your system)</li><li>After-install integrity check so you could make sure that everything installed properly</li><li>HDD space after installation: 6.6 GB (up to 39.6 GB during installation)</li><li>At least 2 GB of free RAM (inc. virtual) required for installing this repack</li></ul><div ><div><h2>Game Description</h2></div><div ><b>SAMUDRA</b> is an environmentally focused, hand-illustrated, 2D puzzle game that follows a child\u2019s adventure across a polluted sea. Players encounter underwater creatures to uncover truths about \u201csurface-dweller\u201d actions causing the polluted deep-sea world.<p><b>EXPERIENCE</b><br>a uniquely designed story without dialogue, Samudra is accessible across lingual and auditory borders.</p><p><b>EXPLORE</b><br>a polluted underwater world filled with surreal discoveries &amp; challenges, all beautifully hand-illustrated.</p><p><b>ENCOUNTER</b><br>Deep Sea dwellers, creatures, characters, and tons, tons, tons of pollution.</p><p><b>EMOTIONAL</b><br>journey that depicts being at rock-bottom, and the long arduous trip back to reach the surface.</p><p><b>ENVIRONMENTAL</b><br>activism is synonymous with the project, the profits from this project are channeled towards year-round collaborations with the Indonesian environmental activist circle to minimize plastic usage in Indonesia to 70% by 2025.</p></div></div>             </div>"
}