{
    "link": "https://fitgirl-repacks.site/samurai-shodown/",
    "title": "Samurai Shodown \u2013 v2.31 + 11 DLCs",
    "first_img": "https://i112.fastpic.ru/big/2020/0709/ad/1b588b985c6679d195cd2f89fd5034ad.jpg",
    "second_img": "https://s01.riotpixels.net/data/61/d1/61d1eed1-a8d1-4ed5-8c1a-28fd34ab9a83.jpg.240p.jpg",
    "body": "<div ><h2>Samurai Shodown \u2013 v2.31 + 11 DLCs</h2><p ><div><a target=\"_blank\" href=\"http://en.riotpixels.com/games/samurai-shodown-ii-2019/\" rel=\"noopener\"><img class=\"alignleft\" width=\"150\" src=\"https://i112.fastpic.ru/big/2020/0709/ad/1b588b985c6679d195cd2f89fd5034ad.jpg\"></a></div><br>Genres/Tags: <strong>Arcade, Fighting, Side, 3D</strong><br>Company: <strong>SNK</strong><br>Languages: <strong>ENG/MULTI11</strong><br>Original Size: <strong>38.2 GB</strong><br>Repack Size: <strong>from 14.1 GB</strong> [Selective Download]</p>&nbsp;<div>&nbsp;</div><h3>Download Mirrors</h3><ul><li><a href=\"https://1337x.to/torrent/4896971/Samurai-Shodown-v2-31-11-DLCs-MULTi11-FitGirl-Repack-Selective-Download-from-14-1-GB/\" target=\"_blank\" rel=\"noopener\">1337x</a> | [<a href=\"magnet:?xt=urn:btih:0D413650F6D11E9153AC449DA4120B6FAB38A9B0&amp;dn=Samurai+Shodown+%28v2.31+%2B+11+DLCs%2C+MULTi11%29+%5BFitGirl+Repack%2C+Selective+Download+-+from+14.1+GB%5D&amp;tr=udp%3A%2F%2F46.148.18.250%3A2710&amp;tr=udp%3A%2F%2Fopentor.org%3A2710&amp;tr=udp%3A%2F%2Ftracker.coppersurfer.tk%3A6969%2Fannounce&amp;tr=udp%3A%2F%2Ftracker.opentrackr.org%3A1337%2Fannounce&amp;tr=http%3A%2F%2Ftracker.dler.org%3A6969%2Fannounce&amp;tr=udp%3A%2F%2Ftracker.leechers-paradise.org%3A6969%2Fannounce&amp;tr=udp%3A%2F%2F9.rarbg.me%3A2730%2Fannounce&amp;tr=udp%3A%2F%2F9.rarbg.to%3A2770%2Fannounce&amp;tr=udp%3A%2F%2Ftracker.pirateparty.gr%3A6969%2Fannounce&amp;tr=http%3A%2F%2Fretracker.local%2Fannounce&amp;tr=http%3A%2F%2Fretracker.ip.ncnet.ru%2Fannounce&amp;tr=udp%3A%2F%2Fexodus.desync.com%3A6969%2Fannounce&amp;tr=udp%3A%2F%2Fipv4.tracker.harry.lu%3A80%2Fannounce&amp;tr=udp%3A%2F%2Fopen.stealth.si%3A80%2Fannounce&amp;tr=udp%3A%2F%2Ftracker.zer0day.to%3A1337%2Fannounce&amp;tr=udp%3A%2F%2Ftracker.leechers-paradise.org%3A6969%2Fannounce&amp;tr=udp%3A%2F%2Fcoppersurfer.tk%3A6969%2Fannounce\">magnet</a>] [<a href=\"https://pastefg.hermietkreeft.site/?0486d3e92e909ed5#HPTm7ezLaeQxVqbvmnqRfL7ivE9CuYi9eDj5z6aUGDTo\" target=\"_blank\" rel=\"noopener\">.torrent file only</a>] <br><img src=\"https://torrent-stats.info/449d/13460f0c4.png\" style=\"display:block;clear:both\"></li><li><a href=\"https://tapochek.net/viewtopic.php?p=2784979\" target=\"_blank\" rel=\"noopener\">Tapochek.net</a></li><li><a href=\"https://pastefg.hermietkreeft.site/?780030a9697e33bf#GScoqHGBVMgcvb2ax1cMtxBDMHKP3kkMdfkKXUWxoGRo\" target=\"_blank\" rel=\"noopener\">Filehoster: MultiUpload</a> (10+ hosters, interchangeable) [Use <a href=\"http://jdownloader.org/jdownloader2\" target=\"_blank\" rel=\"noopener\">JDownloader2</a>]</li><li><a href=\"https://pastefg.hermietkreeft.site/?be7d078afb6dd590#BUZEYyCByge6JE7vtRzbzmXES9qeSzFAejY1pUAJZvTS\" target=\"_blank\" rel=\"noopener\">Filehoster: PixelDrain</a></li><li><a href=\"https://pastefg.hermietkreeft.site/?4a180f84c755b5e6#7SWLTLi7zhwxXtrDrT1yoc98GGukzjCoJdemiqp1GbaC\" target=\"_blank\" rel=\"noopener\">Filehoster: LetsUpload</a> [Use <a href=\"http://jdownloader.org/jdownloader2\" target=\"_blank\" rel=\"noopener\">JDownloader2</a>]</li><li><a href=\"https://crackhub.site/samurai-shodown-v2-31-11-dlcs-fitgirl-repack/\" target=\"_blank\" rel=\"noopener\">Filehosters: Google Drive, OneDrive + others</a> (Uploaded by crackhub213)</li><li><a href=\"https://pastefg.hermietkreeft.site/?3274f609f85bc19e#GzZSH4X3KKzwUY6jYkbTmTVQ1qWHp65wMya1Da5YtaRE\" target=\"_blank\" rel=\"noopener\">Filehoster: OneDrive</a> (Uploaded by DyR0 t(-_-t), NOT compatible with other mirrors)</li></ul><p><a href=\"https://cs.rin.ru/forum/viewtopic.php?f=10&amp;t=95808\" target=\"_blank\" rel=\"noopener\">Discussion and (possible) future updates on CS.RIN.RU thread</a></p><h3>Screenshots (Click to enlarge)</h3><p><a target=\"_blank\" href=\"http://en.riotpixels.com/games/samurai-shodown-ii-2019/screenshots/48/?utm_source=emb-gfx-html&amp;utm_medium=image&amp;utm_campaign=rp-mass\" rel=\"noopener\"><img loading=\"lazy\" width=\"178\" height=\"100\" border=\"0\" src=\"https://s01.riotpixels.net/data/61/d1/61d1eed1-a8d1-4ed5-8c1a-28fd34ab9a83.jpg.240p.jpg\"></a><a target=\"_blank\" href=\"http://en.riotpixels.com/games/samurai-shodown-ii-2019/screenshots/47/?utm_source=emb-gfx-html&amp;utm_medium=image&amp;utm_campaign=rp-mass\" rel=\"noopener\"><img loading=\"lazy\" width=\"178\" height=\"100\" border=\"0\" src=\"https://s01.riotpixels.net/data/b5/8d/b58d6a38-cd0f-4941-a98b-be0bf0ecfac2.jpg.240p.jpg\"></a><a target=\"_blank\" href=\"http://en.riotpixels.com/games/samurai-shodown-ii-2019/screenshots/46/?utm_source=emb-gfx-html&amp;utm_medium=image&amp;utm_campaign=rp-mass\" rel=\"noopener\"><img loading=\"lazy\" width=\"178\" height=\"100\" border=\"0\" src=\"https://s01.riotpixels.net/data/36/6e/366ef874-5041-4e8d-9885-16b26d5b2fce.jpg.240p.jpg\"></a><br><a target=\"_blank\" href=\"http://en.riotpixels.com/games/samurai-shodown-ii-2019/screenshots/43/?utm_source=emb-gfx-html&amp;utm_medium=image&amp;utm_campaign=rp-mass\" rel=\"noopener\"><img loading=\"lazy\" width=\"178\" height=\"100\" border=\"0\" src=\"https://s01.riotpixels.net/data/f4/c3/f4c38850-3cc5-42a8-86f5-a881a0575bba.jpg.240p.jpg\"></a><a target=\"_blank\" href=\"http://en.riotpixels.com/games/samurai-shodown-ii-2019/screenshots/42/?utm_source=emb-gfx-html&amp;utm_medium=image&amp;utm_campaign=rp-mass\" rel=\"noopener\"><img loading=\"lazy\" width=\"178\" height=\"100\" border=\"0\" src=\"https://s01.riotpixels.net/data/6b/69/6b690747-d924-4925-ae79-8abcb2af8ce7.jpg.240p.jpg\"></a><a target=\"_blank\" href=\"http://en.riotpixels.com/games/samurai-shodown-ii-2019/screenshots/40/?utm_source=emb-gfx-html&amp;utm_medium=image&amp;utm_campaign=rp-mass\" rel=\"noopener\"><img loading=\"lazy\" width=\"178\" height=\"100\" border=\"0\" src=\"https://s01.riotpixels.net/data/94/ee/94ee6e47-3db7-4b71-b0a9-6b519a5d0eda.jpg.240p.jpg\"></a></p><h3>Repack Features</h3><ul><li>Based on Epic Store v2.31 release: 38.2 GB, thanks to valtrix1982!</li><li>Nemirtingas EpicEmu applied over</li><li>11 DLCs are included and activated (one more is planned in the Season Pass 3 set)</li><li>100% Lossless &amp; MD5 Perfect: all files are identical to originals after installation (ONLY when installed with credits video)</li><li>NOTHING ripped, NOTHING re-encoded</li><li>Selective Download feature: you can skip downloading and installing of credits video</li><li>Significantly smaller archive size (compressed from 38.2 to 14.1/14.6 GB)</li><li>Installation takes 15-25 minutes (depending on your system)</li><li>After-install integrity check so you could make sure that everything installed properly</li><li>HDD space after installation: 38.2 GB (42.4 GB during installation)</li><li>Language can be changed in game settings</li><li>Repack uses XTool library by Razor12911</li><li>At least 2 GB of free RAM (inc. virtual) required for installing this repack</li></ul><div ><div><h2>Game Description</h2></div><div >SAMURAI SHODOWN has enjoyed worldwide success as a blade-wielding fighting game series since its first release in 1993. Over 10 years have passed since the last series installment, and it is now time for SAMURAI SHODOWN to return in a brand-new game featuring high-end visuals and gameplay! With its story set one year before the very first installment, warriors and combatants from various backgrounds and with their own goals are about to battle to fulfill their destinies!<p>Carrying on the Legacy<br>Faithfully reproducing the game mechanics and atmosphere that contributed to the success of the series, the new game aims to bring the same tense and exhilarating battles that the series is known for. Intense and epic battles are back!</p><p>Evolving the Presentation<br>Using the power of UNREAL\u00ae ENGINE 4, the series is able to achieve a level of detail never before seen for a totally new visual experience!</p><p><b>Included DLCs</b></p><ul><li>RIMURURU</li><li>BASARA</li><li>KAZUKI KAZAMA</li><li>WAN-FU</li><li>MINA MAJIKINA</li><li>SOGETSU KAZAMA</li><li>IROHA</li><li>WARDEN</li><li>CHAM CHAM</li><li>HIBIKI TAKANE</li><li>SHIRO TOKISADA AMAKUSA</li></ul></div></div><p><b>Backwards Compatibility</b></p><p>This repack is slightly backwards compatible with my previous SS repack. You can rehash fg-optional-credits.bin to save 492 MB of traffic.</p>             </div>"
}