{
    "link": "https://fitgirl-repacks.site/scarlet-nexus/",
    "title": "SCARLET NEXUS: Deluxe Edition \u2013 v1.04 + 6 DLCs + Bonus Content",
    "first_img": "https://i2.imageban.ru/out/2021/10/31/c717da3ea373c4f2a7b1158ebba33b8f.jpg",
    "second_img": "https://s01.riotpixels.net/data/64/eb/64ebf793-24ac-409d-82fd-7bc0c51fd054.jpg.240p.jpg",
    "body": "<div ><h2>SCARLET NEXUS: Deluxe Edition \u2013 v1.04 + 6 DLCs + Bonus Content</h2><p ><div><a target=\"_blank\" href=\"https://en.riotpixels.com/games/scarlet-nexus/\" rel=\"noopener\"><img class=\"alignleft\" width=\"150\" src=\"https://i2.imageban.ru/out/2021/10/31/c717da3ea373c4f2a7b1158ebba33b8f.jpg\"></a></div><br>Genres/Tags: <strong>Action, Adventure, RPG, Third-person, 3D</strong><br>Companies: <strong>BANDAI NAMCO Studios Inc., BANDAI NAMCO Entertainment</strong><br>Languages: <strong>RUS/ENG/MULTI12</strong><br>Original Size: <strong>16.4 GB</strong><br>Repack Size: <strong>from 10.4 GB</strong> [Selective Download]</p>&nbsp;<div>&nbsp;</div><h3>Download Mirrors</h3><ul><li><a href=\"https://1337x.to/torrent/5035310/SCARLET-NEXUS-Deluxe-Edition-v1-04-6-DLCs-Bonuses-MULTi12-FitGirl-Repack-Selective-Download-from-10-4-GB/\" target=\"_blank\" rel=\"noopener\">1337x</a> | [<a href=\"magnet:?xt=urn:btih:285CDF849460F2C3F67CF7A2C41D901719110105&amp;dn=SCARLET+NEXUS%3A+Deluxe+Edition+%28v1.04+%2B+6+DLCs+%2B+Bonuses%2C+MULTi12%29+%5BFitGirl+Repack%2C+Selective+Download+-+from+10.4+GB%5D&amp;tr=udp%3A%2F%2F46.148.18.250%3A2710&amp;tr=udp%3A%2F%2Fopentor.org%3A2710&amp;tr=udp%3A%2F%2Ftracker.coppersurfer.tk%3A6969%2Fannounce&amp;tr=udp%3A%2F%2Ftracker.opentrackr.org%3A1337%2Fannounce&amp;tr=http%3A%2F%2Ftracker.dler.org%3A6969%2Fannounce&amp;tr=udp%3A%2F%2Ftracker.leechers-paradise.org%3A6969%2Fannounce&amp;tr=udp%3A%2F%2F9.rarbg.me%3A2730%2Fannounce&amp;tr=udp%3A%2F%2F9.rarbg.to%3A2770%2Fannounce&amp;tr=udp%3A%2F%2Ftracker.pirateparty.gr%3A6969%2Fannounce&amp;tr=http%3A%2F%2Fretracker.local%2Fannounce&amp;tr=http%3A%2F%2Fretracker.ip.ncnet.ru%2Fannounce&amp;tr=udp%3A%2F%2Fexodus.desync.com%3A6969%2Fannounce&amp;tr=udp%3A%2F%2Fipv4.tracker.harry.lu%3A80%2Fannounce&amp;tr=udp%3A%2F%2Fopen.stealth.si%3A80%2Fannounce&amp;tr=udp%3A%2F%2Ftracker.zer0day.to%3A1337%2Fannounce&amp;tr=udp%3A%2F%2Ftracker.leechers-paradise.org%3A6969%2Fannounce&amp;tr=udp%3A%2F%2Fcoppersurfer.tk%3A6969%2Fannounce\">magnet</a>] [<a href=\"https://pastefg.hermietkreeft.site/?1c091ed99272c050#8xXD27ZMK9sWw7nu3MNCT8R9R1gDa51PA8b7qPyyYBRo\" target=\"_blank\" rel=\"noopener\">.torrent file only</a>] <br><img src=\"https://torrent-stats.info/f7a2/47bfa1c08.png\" style=\"display:block;clear:both\"></li><li><a href=\"http://rutor.info/torrent/842588/scarlet-nexus-deluxe-edition-v-1.04-dlcs-bonus-2021-pc-repack-ot-fitgirl\" target=\"_blank\" rel=\"noopener\">RuTor</a> [<a href=\"magnet:?xt=urn:btih:285cdf849460f2c3f67cf7a2c41d901719110105&amp;dn=rutor.info_Scarlet+Nexus%3A+Deluxe+Edition+%5Bv+1.04+%2B+DLCs+%2B+Bonus%5D+%282021%29+PC+%7C+RePack+%D0%BE%D1%82+FitGirl&amp;tr=udp://opentor.net:6969&amp;tr=udp://opentor.org:2710&amp;tr=http://retracker.local/announce\">magnet</a>]</li><li><a href=\"https://tapochek.net/viewtopic.php?p=2808861\" target=\"_blank\" rel=\"noopener\">Tapochek.net</a></li><li><a href=\"https://pastefg.hermietkreeft.site/?da8603f16dd78ea0#CHUNb4DMiR54vGQEyY67B5ALSYZP4qWJLnMKkEL4gigG\" target=\"_blank\" rel=\"noopener\">Filehoster: MultiUpload</a> (10+ hosters, interchangeable) [Use <a href=\"http://jdownloader.org/jdownloader2\" target=\"_blank\" rel=\"noopener\">JDownloader2</a>]</li><li><a href=\"https://pastefg.hermietkreeft.site/?320080c2a1c30d01#ARfBaw4X3yUeTC5kJebBrB1R5pKf99rCJfbedg8CHtiR\" target=\"_blank\" rel=\"noopener\">Filehoster: PixelDrain</a></li><li><a href=\"https://pastefg.hermietkreeft.site/?2f231c3776f89681#8cwXGBxiNTxqKB8dUZq4XAQReaz4ZuSDSPcginNwQ6Yv\" target=\"_blank\" rel=\"noopener\">Filehoster: ZippyShare</a></li><li><a href=\"https://pastefg.hermietkreeft.site/?d90239c7f37e167d#GfHfH7h4a1y5uGBpZDZChZykUrqzAJ7VxE3i1K6z1Vyw\" target=\"_blank\" rel=\"noopener\">Filehoster: BayFiles</a></li><li><a href=\"https://pastefg.hermietkreeft.site/?a2b5468b57821810#CxQ7F5ULcDLar6KuEhJ9TG6YT1Jjnv9By9SGD6TN7JKV\" target=\"_blank\" rel=\"noopener\">Filehoster: LetsUpload</a> [Use <a href=\"http://jdownloader.org/jdownloader2\" target=\"_blank\" rel=\"noopener\">JDownloader2</a>]</li><li><a href=\"https://pastefg.hermietkreeft.site/?13eeac41d58f22c9#9UUzAwT9KQ8H5YW1rT2w3iPCx4roruwxsNQnoLYUDtoK\" target=\"_blank\" rel=\"noopener\">Filehoster: OneDrive</a> (Uploaded by DyR0 t(-_-t), NOT compatible with other mirrors)</li><li><a href=\"https://crackhub.site/scarlet-nexus-deluxe-edition-v1-04-6-dlcs-bonus-content-fitgirl-repack/\" target=\"_blank\" rel=\"noopener\">Filehosters: Google Drive, OneDrive + others</a> (Uploaded by crackhub213)</li></ul><p><a href=\"https://cs.rin.ru/forum/viewtopic.php?f=10&amp;t=105316\" target=\"_blank\" rel=\"noopener\">Discussion and (possible) future updates on CS.RIN.RU thread</a></p><h3>Screenshots (Click to enlarge)</h3><p><a target=\"_blank\" href=\"https://en.riotpixels.com/games/scarlet-nexus/screenshots/32/?utm_source=emb-gfx-html&amp;utm_medium=image&amp;utm_campaign=rp-mass\" rel=\"noopener\"><img loading=\"lazy\" width=\"178\" height=\"100\" border=\"0\" src=\"https://s01.riotpixels.net/data/64/eb/64ebf793-24ac-409d-82fd-7bc0c51fd054.jpg.240p.jpg\"></a><a target=\"_blank\" href=\"https://en.riotpixels.com/games/scarlet-nexus/screenshots/20/?utm_source=emb-gfx-html&amp;utm_medium=image&amp;utm_campaign=rp-mass\" rel=\"noopener\"><img loading=\"lazy\" width=\"178\" height=\"100\" border=\"0\" src=\"https://s01.riotpixels.net/data/8d/f4/8df45de8-c12e-49ba-84d4-64c9014ea5cc.jpg.240p.jpg\"></a><a target=\"_blank\" href=\"https://en.riotpixels.com/games/scarlet-nexus/screenshots/19/?utm_source=emb-gfx-html&amp;utm_medium=image&amp;utm_campaign=rp-mass\" rel=\"noopener\"><img loading=\"lazy\" width=\"178\" height=\"100\" border=\"0\" src=\"https://s01.riotpixels.net/data/92/5e/925e2dea-a213-48c1-9461-f5a599209d68.jpg.240p.jpg\"></a><br><a target=\"_blank\" href=\"https://en.riotpixels.com/games/scarlet-nexus/screenshots/16/?utm_source=emb-gfx-html&amp;utm_medium=image&amp;utm_campaign=rp-mass\" rel=\"noopener\"><img loading=\"lazy\" width=\"178\" height=\"100\" border=\"0\" src=\"https://s01.riotpixels.net/data/84/9a/849ab8bc-d46c-4591-8302-c68b03f4ea3a.jpg.240p.jpg\"></a><a target=\"_blank\" href=\"https://en.riotpixels.com/games/scarlet-nexus/screenshots/12/?utm_source=emb-gfx-html&amp;utm_medium=image&amp;utm_campaign=rp-mass\" rel=\"noopener\"><img loading=\"lazy\" width=\"178\" height=\"100\" border=\"0\" src=\"https://s01.riotpixels.net/data/f0/19/f019133e-9aba-46b3-b98e-23a1b6cab15f.jpg.240p.jpg\"></a><a target=\"_blank\" href=\"https://en.riotpixels.com/games/scarlet-nexus/screenshots/7/?utm_source=emb-gfx-html&amp;utm_medium=image&amp;utm_campaign=rp-mass\" rel=\"noopener\"><img loading=\"lazy\" width=\"178\" height=\"100\" border=\"0\" src=\"https://s01.riotpixels.net/data/de/55/de55c875-6961-4d9a-8882-888db696fcdd.jpg.240p.jpg\"></a></p><h3>Repack Features</h3><ul><li>Based on SCARLET.NEXUS.v1.04-CODEX ISO release: codex-scarlet.nexus.v1.04.iso (17,573,216,256 bytes)</li><li>Game version: v1.04; 6 DLCs are included and activated</li><li>Optional Goldberg crack is available in NoDVD folder after installation; use it if you have troubles with game controller</li><li>100% Lossless &amp; MD5 Perfect: all files are identical to originals after installation (ONLY when installed with Japanese voiceovers)</li><li>NOTHING ripped, NOTHING re-encoded</li><li>Selective Download feature: you may skip downloading and installing of Japanese voiceovers and bonus content (OST + ArtBook)</li><li>Significantly smaller archive size (compressed from 16.4 to 10.4~11.9 GB, depending on selected components)</li><li>Installation takes 4-14 minutes (depending on your system and selected components)</li><li>After-install integrity check so you could make sure that everything installed properly</li><li>HDD space after installation: up to 17.4 GB</li><li>Audio language can be changed in game settings</li><li>Text language can be changed in \u201cEngine\\Binaries\\ThirdParty\\Steamworks\\Steamv147\\Win64\\steam_emu.ini\u201d (CODEX crack) or in \u201cEngine\\Binaries\\ThirdParty\\Steamworks\\Steamv147\\Win64\\steam_settings\\settings\\language.txt\u201d (Goldberg crack)</li><li>Repack uses XTool library by Razor12911</li><li>At least 2 GB of free RAM (inc. virtual) required for installing this repack</li></ul><div ><div><h2>Game Description</h2></div><div >In the far distant future, a psionic hormone was discovered in the human brain, granting people extra-sensory powers and changed the world as we knew it. As humanity entered this new era, deranged mutants known as Others began to descend from the sky with a hunger for human brains. Highly resistant to conventional attack methods, extreme measures needed to be taken to battle the overwhelming threat and preserve humanity. Those with acute extra-sensory abilities, known as psionics, were our only chance to fight the onslaught from above. Since then, psionics have been scouted for their talents and recruited to the Other Suppression Force (OSF), humanity\u2019s last line of defense.<p>Featuring a dual story, begin your adventure with either Yuito Sumeragi, an energetic recruit from a prestigious political family or Kasane Randall, the mysterious scout whose power and skill has gained great notoriety among the OSF. As their different experiences interweave with each other, it is only then that you will reveal the full story and unlock all the mysteries of a Brain Punk future caught between technology and psychic abilities in SCARLET NEXUS.</p><p><b><h3>Game Features</h3></b></p><ul><li><b>Kinetic Psychic Combat</b> \u2013 Using psycho-kinetic abilities, the world around you becomes your greatest weapon. Lift, break and throw pieces of your environment to build your attack combos and lay waste to your enemies.</li><li><b>Exterminate the Others</b> \u2013 Deranged mutants that descended from the sky, highly resistant to conventional attack methods and defenses. Tormented by the constant pain of their mutation, they seek brains of living organisms to calm their madness.</li><li><b>Discover a Brain Punk future</b> \u2013 Explore and protect a futuristic Japanese landscape that combines inspirations from classic anime and western science fiction.</li><li><b>A Dual Story Experience</b> \u2013 Dive into a complex story of bonds, courage and heroism, crafted by minds behind the iconic Tales of Vesperia.</li></ul><p><b>Included DLCs</b></p><ul><li>Special Battle Attire Set -Red-</li><li>Pre-Order Bundle</li><li>Additional Attachment \u201cThe Other\u201d</li><li>Ep!c Weapons Bundle</li><li>Brain Punk Bundle</li><li>Bond Enhancement Pack 1</li></ul></div></div><p><b>Backwards Compatibility</b></p><p>This repack IS NOT backwards compatible with my previous SN repack.</p>             </div>"
}