{
    "link": "https://fitgirl-repacks.site/scrapnaut/",
    "title": "Scrapnaut \u2013 v1.4.16",
    "first_img": "https://i3.imageban.ru/out/2021/09/15/f498116a14c37a920ff7a88a33fa0111.jpg",
    "second_img": "https://s01.riotpixels.net/data/78/00/78005435-958a-43fc-aa07-7d8d122207ed.jpg.240p.jpg",
    "body": "<div ><h2>Scrapnaut \u2013 v1.4.16</h2><p ><div><a target=\"_blank\" href=\"##path_url##\" rel=\"noopener\"><img class=\"alignleft\" width=\"150\" src=\"https://i3.imageban.ru/out/2021/09/15/f498116a14c37a920ff7a88a33fa0111.jpg\"></a></div><br>Genres/Tags: <strong>Action, Open world, Survival, Isometric, 3D</strong><br>Companies: <strong>SpiffyBit, RockGame S.A.</strong><br>Languages: <strong>RUS/ENG/MULTI16</strong><br>Original Size: <strong>810 MB</strong><br>Repack Size: <strong>401 MB</strong></p>&nbsp;<div>&nbsp;</div><h3>Download Mirrors</h3><ul><li><a href=\"https://1337x.to/torrent/4984904/Scrapnaut-v1-4-16-MULTi16-FitGirl-Repack/\" target=\"_blank\" rel=\"noopener\">1337x</a> | [<a href=\"magnet:?xt=urn:btih:3754DD2D140221A8869F9ED57ACAD08281747B4B&amp;dn=Scrapnaut+%28v1.4.16%2C+MULTi16%29+%5BFitGirl+Repack%5D&amp;tr=udp%3A%2F%2F46.148.18.250%3A2710&amp;tr=udp%3A%2F%2Fopentor.org%3A2710&amp;tr=udp%3A%2F%2Ftracker.coppersurfer.tk%3A6969%2Fannounce&amp;tr=udp%3A%2F%2Ftracker.opentrackr.org%3A1337%2Fannounce&amp;tr=http%3A%2F%2Ftracker.dler.org%3A6969%2Fannounce&amp;tr=udp%3A%2F%2Ftracker.leechers-paradise.org%3A6969%2Fannounce&amp;tr=udp%3A%2F%2F9.rarbg.me%3A2730%2Fannounce&amp;tr=udp%3A%2F%2F9.rarbg.to%3A2770%2Fannounce&amp;tr=udp%3A%2F%2Ftracker.pirateparty.gr%3A6969%2Fannounce&amp;tr=http%3A%2F%2Fretracker.local%2Fannounce&amp;tr=http%3A%2F%2Fretracker.ip.ncnet.ru%2Fannounce&amp;tr=udp%3A%2F%2Fexodus.desync.com%3A6969%2Fannounce&amp;tr=udp%3A%2F%2Fipv4.tracker.harry.lu%3A80%2Fannounce&amp;tr=udp%3A%2F%2Fopen.stealth.si%3A80%2Fannounce&amp;tr=udp%3A%2F%2Ftracker.zer0day.to%3A1337%2Fannounce&amp;tr=udp%3A%2F%2Ftracker.leechers-paradise.org%3A6969%2Fannounce&amp;tr=udp%3A%2F%2Fcoppersurfer.tk%3A6969%2Fannounce\">magnet</a>] [<a href=\"https://pastefg.hermietkreeft.site/?a9d7d304d8de3df7#3sJwc38zULBCwbQiuSiDaPotgKtsF2cd6vabRyfj3zWs\" target=\"_blank\" rel=\"noopener\">.torrent file only</a>] <br><img src=\"https://torrent-stats.info/9ed5/2d7546ebd.png\" style=\"display:block;clear:both\"></li><li><a href=\"http://rutor.info/torrent/834539/scrapnaut-v-1.4.16-2021-pc-repack-ot-fitgirl\" target=\"_blank\" rel=\"noopener\">RuTor</a> [<a href=\"magnet:?xt=urn:btih:3754dd2d140221a8869f9ed57acad08281747b4b&amp;dn=rutor.info_Scrapnaut+%5Bv+1.4.16%5D+%282021%29+PC+%7C+RePack+%D0%BE%D1%82+FitGirl&amp;tr=udp://opentor.net:6969&amp;tr=udp://opentor.org:2710&amp;tr=http://retracker.local/announce\">magnet</a>]</li><li><a href=\"https://tapochek.net/viewtopic.php?p=2800490\" target=\"_blank\" rel=\"noopener\">Tapochek.net</a></li><li><a href=\"https://pastefg.hermietkreeft.site/?80dad49a24954f1f#3SzaG2A1ovgE4e6UzjT1SCSUEpdyqZinwRA2aJuUDCWe\" target=\"_blank\" rel=\"noopener\">Filehoster: MultiUpload</a> (10+ hosters, interchangeable) [Use <a href=\"http://jdownloader.org/jdownloader2\" target=\"_blank\" rel=\"noopener\">JDownloader2</a>]</li><li><a href=\"https://pastefg.hermietkreeft.site/?10eb755f104a3ea8#EwBp2WSvJxkJ1TqwsroNp4uJAyaaCorbeTxBbpW4Drba\" target=\"_blank\" rel=\"noopener\">Filehoster: PixelDrain</a></li><li><a href=\"https://pastefg.hermietkreeft.site/?07deb8a4e464021f#3ARXJS7xVSWHhE4ymL3cBxmxTvT1ukpFVnEzgS35E3Bx\" target=\"_blank\" rel=\"noopener\">Filehoster: ZippyShare</a></li><li><a href=\"https://pastefg.hermietkreeft.site/?cba411063c03a46c#EYY9ajWi6ezLpJbvqtgouakPDeC5cnBwiTaurXtBwm69\" target=\"_blank\" rel=\"noopener\">Filehoster: LetsUpload</a> [Use <a href=\"http://jdownloader.org/jdownloader2\" target=\"_blank\" rel=\"noopener\">JDownloader2</a>]</li><li><a href=\"https://pastefg.hermietkreeft.site/?084b9aeb5da8e775#Ci6C4CysJUbrnYfPxhXwrg4c1L4yejMKx2ix9PeU3ZkY\" target=\"_blank\" rel=\"noopener\">Filehoster: OneDrive</a> (Uploaded by DyR0 t(-_-t), NOT compatible with other mirrors)</li></ul><p><a href=\"https://cs.rin.ru/forum/viewtopic.php?f=10&amp;t=107701\" target=\"_blank\" rel=\"noopener\">Discussion and (possible) future updates on CS.RIN.RU thread</a></p><h3>Screenshots (Click to enlarge)</h3><p><a target=\"_blank\" href=\"https://en.riotpixels.com/games/scrapnaut/screenshots/13/?utm_source=emb-gfx-html&amp;utm_medium=image&amp;utm_campaign=rp-mass\" rel=\"noopener\"><img loading=\"lazy\" width=\"178\" height=\"100\" border=\"0\" src=\"https://s01.riotpixels.net/data/78/00/78005435-958a-43fc-aa07-7d8d122207ed.jpg.240p.jpg\"></a><a target=\"_blank\" href=\"https://en.riotpixels.com/games/scrapnaut/screenshots/12/?utm_source=emb-gfx-html&amp;utm_medium=image&amp;utm_campaign=rp-mass\" rel=\"noopener\"><img loading=\"lazy\" width=\"178\" height=\"100\" border=\"0\" src=\"https://s01.riotpixels.net/data/b9/57/b957e61e-ee7e-42e2-a505-b7367743a3cd.jpg.240p.jpg\"></a><a target=\"_blank\" href=\"https://en.riotpixels.com/games/scrapnaut/screenshots/11/?utm_source=emb-gfx-html&amp;utm_medium=image&amp;utm_campaign=rp-mass\" rel=\"noopener\"><img loading=\"lazy\" width=\"178\" height=\"100\" border=\"0\" src=\"https://s01.riotpixels.net/data/e1/98/e1983dd5-e0d5-4fdb-9f54-6b45f1804ea2.jpg.240p.jpg\"></a><br><a target=\"_blank\" href=\"https://en.riotpixels.com/games/scrapnaut/screenshots/9/?utm_source=emb-gfx-html&amp;utm_medium=image&amp;utm_campaign=rp-mass\" rel=\"noopener\"><img loading=\"lazy\" width=\"178\" height=\"100\" border=\"0\" src=\"https://s01.riotpixels.net/data/db/a3/dba34701-a5bf-4dad-82a3-e4619c42114d.jpg.240p.jpg\"></a><a target=\"_blank\" href=\"https://en.riotpixels.com/games/scrapnaut/screenshots/8/?utm_source=emb-gfx-html&amp;utm_medium=image&amp;utm_campaign=rp-mass\" rel=\"noopener\"><img loading=\"lazy\" width=\"178\" height=\"100\" border=\"0\" src=\"https://s01.riotpixels.net/data/d7/45/d74534de-bafc-4ae4-8cd4-a1122058b911.jpg.240p.jpg\"></a><a target=\"_blank\" href=\"https://en.riotpixels.com/games/scrapnaut/screenshots/1/?utm_source=emb-gfx-html&amp;utm_medium=image&amp;utm_campaign=rp-mass\" rel=\"noopener\"><img loading=\"lazy\" width=\"178\" height=\"100\" border=\"0\" src=\"https://s01.riotpixels.net/data/6e/0b/6e0b4770-f282-4e71-aa84-bed72e1ef009.jpg.240p.jpg\"></a></p><h3>Repack Features</h3><ul><li>Based on Scrapnaut-CODEX ISO release: codex-scrapnaut.iso (849,477,632 bytes)</li><li>100% Lossless &amp; MD5 Perfect: all files are identical to originals after installation</li><li>NOTHING ripped, NOTHING re-encoded</li><li>Significantly smaller archive size (compressed from 810 to 401 MB)</li><li>Installation takes half-a-minute</li><li>After-install integrity check so you could make sure that everything installed properly</li><li>HDD space after installation: 2 GB</li><li>Language can be changed in game settings</li><li>At least 2 GB of free RAM (inc. virtual) required for installing this repack</li></ul><div ><div><h2>Game Description</h2></div><div ><b>FARMING AND COOKING SYSTEM</b><br>Create your own farm and produce food. Use your cooking pot and discover different types of meals.<p><b>EXPLORE AND COLLECT RESOURCES</b><br>Collect the necessary resources to build your base, fix damaged items and complete quests.</p><p><b>BUILD YOUR BASE</b><br>Build and improve your bases! Produce and store electrical energy. Be prepared for enemy raids! Each biome allows you to build various unique items.</p><p><b>FIGHT OR FLIGHT</b><br>Create and improve your equipment. A good weapon and armor will help you survive, but when your opponent is much stronger than you \u2013 better run away!</p></div></div>             </div>"
}