{
    "link": "https://fitgirl-repacks.site/seed-of-life/",
    "title": "Seed of Life",
    "first_img": "https://i2.imageban.ru/out/2021/08/11/6812bb94a3ac61390f44635b157a43b3.jpg",
    "second_img": "https://s01.riotpixels.net/data/20/33/20336689-ed5b-40a2-b164-0ee47e33c2ce.jpg.240p.jpg",
    "body": "<div ><h2>Seed of Life</h2><p ><div><a target=\"_blank\" href=\"https://en.riotpixels.com/games/seed-of-life/\" rel=\"noopener\"><img class=\"alignleft\" width=\"150\" src=\"https://i2.imageban.ru/out/2021/08/11/6812bb94a3ac61390f44635b157a43b3.jpg\"></a></div><br>Genres/Tags: <strong>Arcade, Action, Adventure, Third-person, Puzzle-Solving, 3D</strong><br>Companies: <strong>MadLight, Leonardo Interactive</strong><br>Languages: <strong>RUS/ENG/MULTI8</strong><br>Original Size: <strong>3.3 GB</strong><br>Repack Size: <strong>2.2 GB</strong></p>&nbsp;<div>&nbsp;</div><h3>Download Mirrors</h3><ul><li><a href=\"https://1337x.to/torrent/4949378/Seed-of-Life-MULTi8-FitGirl-Repack/\" target=\"_blank\" rel=\"noopener\">1337x</a> | [<a href=\"magnet:?xt=urn:btih:5845491E7B4FEDE7E1370FBD9412B49F9FCF8889&amp;dn=Seed+of+Life+%28MULTi8%29+%5BFitGirl+Repack%5D&amp;tr=udp%3A%2F%2F46.148.18.250%3A2710&amp;tr=udp%3A%2F%2Fopentor.org%3A2710&amp;tr=udp%3A%2F%2Ftracker.coppersurfer.tk%3A6969%2Fannounce&amp;tr=udp%3A%2F%2Ftracker.opentrackr.org%3A1337%2Fannounce&amp;tr=http%3A%2F%2Ftracker.dler.org%3A6969%2Fannounce&amp;tr=udp%3A%2F%2Ftracker.leechers-paradise.org%3A6969%2Fannounce&amp;tr=udp%3A%2F%2F9.rarbg.me%3A2730%2Fannounce&amp;tr=udp%3A%2F%2F9.rarbg.to%3A2770%2Fannounce&amp;tr=udp%3A%2F%2Ftracker.pirateparty.gr%3A6969%2Fannounce&amp;tr=http%3A%2F%2Fretracker.local%2Fannounce&amp;tr=http%3A%2F%2Fretracker.ip.ncnet.ru%2Fannounce&amp;tr=udp%3A%2F%2Fexodus.desync.com%3A6969%2Fannounce&amp;tr=udp%3A%2F%2Fipv4.tracker.harry.lu%3A80%2Fannounce&amp;tr=udp%3A%2F%2Fopen.stealth.si%3A80%2Fannounce&amp;tr=udp%3A%2F%2Ftracker.zer0day.to%3A1337%2Fannounce&amp;tr=udp%3A%2F%2Ftracker.leechers-paradise.org%3A6969%2Fannounce&amp;tr=udp%3A%2F%2Fcoppersurfer.tk%3A6969%2Fannounce\">magnet</a>] [<a href=\"https://pastefg.hermietkreeft.site/?dcfd7bfa3d81ac4b#DEMB7Gw5HGRN8WrR9qoykq8dcwBsLwQYb3ZCrhoj7n3K\" target=\"_blank\" rel=\"noopener\">.torrent file only</a>] <br><img src=\"https://torrent-stats.info/0fbd/47801ce8.png\" style=\"display:block;clear:both\"></li><li><a href=\"http://rutor.info/torrent/829226/seed-of-life-2021-pc-repack-ot-fitgirl\" target=\"_blank\" rel=\"noopener\">RuTor</a> [<a href=\"magnet:?xt=urn:btih:5845491e7b4fede7e1370fbd9412b49f9fcf8889&amp;dn=rutor.info_Seed+of+Life+%282021%29+PC+%7C+RePack+%D0%BE%D1%82+FitGirl&amp;tr=udp://opentor.org:2710&amp;tr=udp://opentor.org:2710&amp;tr=http://retracker.local/announce\">magnet</a>]</li><li><a href=\"https://tapochek.net/viewtopic.php?p=2794156\" target=\"_blank\" rel=\"noopener\">Tapochek.net</a></li><li><a href=\"https://pastefg.hermietkreeft.site/?5eb39ecb02c8728c#CzLSUxX64uy7XCPsiHXSmJLSyvnwGfquArcmeQnQUdL\" target=\"_blank\" rel=\"noopener\">Filehoster: MultiUpload</a> (10+ hosters, interchangeable) [Use <a href=\"http://jdownloader.org/jdownloader2\" target=\"_blank\" rel=\"noopener\">JDownloader2</a>]</li><li><a href=\"https://pastefg.hermietkreeft.site/?dcbf8e5de0185f9c#9J1mKDP8XK18GBnUgWynA5zUoJDf3M72EaKLjpu4jCFL\" target=\"_blank\" rel=\"noopener\">Filehoster: PixelDrain</a></li><li><a href=\"https://pastefg.hermietkreeft.site/?e89f4b91ce5dfe97#Bdetmn5KPDBsUAC7UAkeCVuS9iiEhzWJ4LqpjB3beLQL\" target=\"_blank\" rel=\"noopener\">Filehoster: ZippyShare</a></li><li><a href=\"https://pastefg.hermietkreeft.site/?ef3a99ca2b12f772#DVhkEmz6pk35cWQX54iXejXw1pGXC3Sg67vUPFYdFxzZ\" target=\"_blank\" rel=\"noopener\">Filehoster: LetsUpload</a> [Use <a href=\"http://jdownloader.org/jdownloader2\" target=\"_blank\" rel=\"noopener\">JDownloader2</a>]</li><li><a href=\"https://crackhub.site/seed-of-life-fitgirl-repack/\" target=\"_blank\" rel=\"noopener\">Filehosters: Google Drive, OneDrive + others</a> (Uploaded by crackhub213)</li><li><a href=\"https://pastefg.hermietkreeft.site/?7fb5c4349ef4ca74#DSjpayTQh5xt62E9YUuac2y5PETbVgud4DRpT96HQGbc\" target=\"_blank\" rel=\"noopener\">Filehoster: OneDrive</a> (Uploaded by DyR0 t(-_-t), NOT compatible with other mirrors)</li></ul><p><a href=\"https://cs.rin.ru/forum/viewtopic.php?f=10&amp;t=107852\" target=\"_blank\" rel=\"noopener\">Discussion and (possible) future updates on CS.RIN.RU thread</a></p><h3>Screenshots (Click to enlarge)</h3><p><a target=\"_blank\" href=\"https://en.riotpixels.com/games/seed-of-life/screenshots/9/?utm_source=emb-gfx-html&amp;utm_medium=image&amp;utm_campaign=rp-mass\" rel=\"noopener\"><img loading=\"lazy\" width=\"178\" height=\"100\" border=\"0\" src=\"https://s01.riotpixels.net/data/20/33/20336689-ed5b-40a2-b164-0ee47e33c2ce.jpg.240p.jpg\"></a><a target=\"_blank\" href=\"https://en.riotpixels.com/games/seed-of-life/screenshots/7/?utm_source=emb-gfx-html&amp;utm_medium=image&amp;utm_campaign=rp-mass\" rel=\"noopener\"><img loading=\"lazy\" width=\"178\" height=\"100\" border=\"0\" src=\"https://s01.riotpixels.net/data/cd/df/cddfc80a-9879-4088-8ab2-695d6aa53b5f.jpg.240p.jpg\"></a><a target=\"_blank\" href=\"https://en.riotpixels.com/games/seed-of-life/screenshots/6/?utm_source=emb-gfx-html&amp;utm_medium=image&amp;utm_campaign=rp-mass\" rel=\"noopener\"><img loading=\"lazy\" width=\"178\" height=\"100\" border=\"0\" src=\"https://s01.riotpixels.net/data/0b/49/0b4938d3-ee5a-4bac-a305-fe6d738bff8a.jpg.240p.jpg\"></a><br><a target=\"_blank\" href=\"https://en.riotpixels.com/games/seed-of-life/screenshots/5/?utm_source=emb-gfx-html&amp;utm_medium=image&amp;utm_campaign=rp-mass\" rel=\"noopener\"><img loading=\"lazy\" width=\"178\" height=\"100\" border=\"0\" src=\"https://s01.riotpixels.net/data/8b/0c/8b0c6e56-9461-48ad-be19-1c220e9269d0.jpg.240p.jpg\"></a><a target=\"_blank\" href=\"https://en.riotpixels.com/games/seed-of-life/screenshots/4/?utm_source=emb-gfx-html&amp;utm_medium=image&amp;utm_campaign=rp-mass\" rel=\"noopener\"><img loading=\"lazy\" width=\"178\" height=\"100\" border=\"0\" src=\"https://s01.riotpixels.net/data/89/15/8915e92a-f6ed-433b-8f36-620f5f14effe.jpg.240p.jpg\"></a><a target=\"_blank\" href=\"https://en.riotpixels.com/games/seed-of-life/screenshots/2/?utm_source=emb-gfx-html&amp;utm_medium=image&amp;utm_campaign=rp-mass\" rel=\"noopener\"><img loading=\"lazy\" width=\"178\" height=\"100\" border=\"0\" src=\"https://s01.riotpixels.net/data/b7/55/b75578e0-9ac4-49bd-8d5f-d886b57892ea.jpg.240p.jpg\"></a></p><h3>Repack Features</h3><ul><li>Based on Seed.of.Life-CODEX ISO release: codex-seed.of.life.iso (3,577,544,704 bytes)</li><li>100% Lossless &amp; MD5 Perfect: all files are identical to originals after installation</li><li>NOTHING ripped, NOTHING re-encoded</li><li>Significantly smaller archive size (compressed from 3.3 to 2.2 GB)</li><li>Installation takes 1-2 minutes</li><li>After-install integrity check so you could make sure that everything installed properly</li><li>HDD space after installation: 5.2 GB</li><li>Language can be changed in game settings</li><li>At least 2 GB of free RAM (inc. virtual) required for installing this repack</li></ul><div ><div><h2>Game Description</h2></div><div >Seed of Life is an action-adventure puzzle game that will take you to a beautiful yet toxic world where almost all life has disappeared. There\u2019s only one way to survive: help Cora find The Seed, an alien device capable of generating the essence of life, and save your planet from annihilation.<p>Find your way through a labyrinth like world full of mysteries, dangers and beauty. Search for capsules and learn special abilities. Face off against alien creatures and solve challenging puzzles.</p><p>As the sun is dying, the world is fading into chaos. Invaders appeared out of nowhere and took us by surprise\u2026 There was nothing we could do! They took our most precious treasure: the planet\u2019s life force, leaving us to certain death. Alien creatures were left on the land to absorb what\u2019s left alive. To save your home you need to find the source of life and activate the ancient machine. Let the light guide you!</p><p><b><h3>Game Features</h3></b></p><ul><li><b>AN EMOTIONAL JOURNEY</b> \u2013 A dramatic, engaging story full of mysteries to be revealed. Face up to your fears and find a way to bring life back to Lumia.</li><li><b>TRIPLE-A QUALITY GRAPHICS</b> \u2013 A breathtaking sci-fi setting in a dystopian future. A fascinating fading world, where bright colors meet utter darkness.</li><li><b>DYNAMIC GAMEPLAY</b> \u2013 A story-driven adventure packed with puzzles to solve and dangerous shadows. Learn unique abilities and try to survive in a hostile environment.</li><li><b>SEMI OPEN-WORLD</b> \u2013 Freely explore a beautiful and vast world where secrets are hidden in every corner and environmental challenges will test your skills.</li></ul></div></div>             </div>"
}