{
    "link": "https://fitgirl-repacks.site/sekiro-shadows-die-twice/",
    "title": "Sekiro: Shadows Die Twice \u2013 Game of the Year Edition \u2013 v1.06 + Bonus Content",
    "first_img": "https://i114.fastpic.ru/big/2020/1029/6c/6f24590ada12c674f7ef5aaa6f176b6c.jpg",
    "second_img": "https://s01.riotpixels.net/data/7a/f8/7af84f35-0a03-4be1-a3b2-bb5d635ac9fb.jpg.240p.jpg",
    "body": "<div ><h2>Sekiro: Shadows Die Twice \u2013 Game of the Year Edition \u2013 v1.06 + Bonus Content</h2><p ><div><a href=\"http://en.riotpixels.com/games/sekiro-shadows-die-twice/\" target=\"_blank\" rel=\"noopener\"><img class=\"alignleft\" src=\"https://i114.fastpic.ru/big/2020/1029/6c/6f24590ada12c674f7ef5aaa6f176b6c.jpg\" width=\"150\"></a></div><br>Genres/Tags: <strong>Action, Slasher, Third-person, 3D</strong><br>Companies: <strong>From Software, Activision</strong><br>Languages: <strong>RUS/ENG/MULTI13</strong><br>Original Size: <strong>15 GB</strong><br>Repack Size: <strong>from 7.2 GB</strong> [Selective Download]</p><p>\u00a0</p><h3>Download Mirrors</h3><ul><li><a href=\"https://1337x.to/torrent/4898567/Sekiro-Shadows-Die-Twice-Game-of-the-Year-Edition-v1-06-Bonus-Content-MULTi13-FitGirl-Repack-Selective-Download-from-7-2-GB/\" target=\"_blank\" rel=\"noopener\">1337x</a> | [<a href=\"magnet:?xt=urn:btih:072BA1C165E0D528D2E23EA0FCD35E066D3FCDAA&amp;dn=Sekiro%3A+Shadows+Die+Twice+-+Game+of+the+Year+Edition+%28v1.06+%2B+Bonus+Content%2C+MULTi13%29+%5BFitGirl+Repack%2C+Selective+Download+-+from+7.2+GB%5D&amp;tr=udp%3A%2F%2F46.148.18.250%3A2710&amp;tr=udp%3A%2F%2Fopentor.org%3A2710&amp;tr=udp%3A%2F%2Ftracker.coppersurfer.tk%3A6969%2Fannounce&amp;tr=udp%3A%2F%2Ftracker.opentrackr.org%3A1337%2Fannounce&amp;tr=http%3A%2F%2Ftracker.dler.org%3A6969%2Fannounce&amp;tr=udp%3A%2F%2Ftracker.leechers-paradise.org%3A6969%2Fannounce&amp;tr=udp%3A%2F%2F9.rarbg.me%3A2730%2Fannounce&amp;tr=udp%3A%2F%2F9.rarbg.to%3A2770%2Fannounce&amp;tr=udp%3A%2F%2Ftracker.pirateparty.gr%3A6969%2Fannounce&amp;tr=http%3A%2F%2Fretracker.local%2Fannounce&amp;tr=http%3A%2F%2Fretracker.ip.ncnet.ru%2Fannounce&amp;tr=udp%3A%2F%2Fexodus.desync.com%3A6969%2Fannounce&amp;tr=udp%3A%2F%2Fipv4.tracker.harry.lu%3A80%2Fannounce&amp;tr=udp%3A%2F%2Fopen.stealth.si%3A80%2Fannounce&amp;tr=udp%3A%2F%2Ftracker.zer0day.to%3A1337%2Fannounce&amp;tr=udp%3A%2F%2Ftracker.leechers-paradise.org%3A6969%2Fannounce&amp;tr=udp%3A%2F%2Fcoppersurfer.tk%3A6969%2Fannounce\">magnet</a>] [<a href=\"https://pastefg.hermietkreeft.site/?733ec7a77f5df45e#DrwpQC7LxZKe3yHeuc2f6gXmSTsFebp3sH3EJnpavB74\" target=\"_blank\" rel=\"noopener\">.torrent file only</a>] <br><img src=\"https://torrent-stats.info/3ea0/11995c740.png\" style=\"display:block;clear:both\"></li><li><a href=\"http://rutor.info/torrent/822164/sekiro-shadows-die-twice-goty-edition-v-1.06-2019-pc-repack-ot-fitgirl\" target=\"_blank\" rel=\"noopener\">RuTor</a> [<a href=\"magnet:?xt=urn:btih:072ba1c165e0d528d2e23ea0fcd35e066d3fcdaa&amp;dn=rutor.info_Sekiro%3A+Shadows+Die+Twice+-+GOTY+Edition+%5Bv+1.06%5D+%282019%29+PC+%7C+RePack+%D0%BE%D1%82+FitGirl&amp;tr=udp://opentor.org:2710&amp;tr=udp://opentor.org:2710&amp;tr=http://retracker.local/announce\">magnet</a>]</li><li><a href=\"https://tapochek.net/viewtopic.php?p=2726815\" target=\"_blank\" rel=\"noopener\">Tapochek.net</a></li><li><a href=\"https://pastefg.hermietkreeft.site/?acf4ee854142754d#7JAUqMk6Db2fWvRFwKEf1nPZw6N8YRy369rzLQDyhqud\" target=\"_blank\" rel=\"noopener\">Filehoster: MultiUpload</a> (10+ hosters, interchangeable) [Use <a href=\"http://jdownloader.org/jdownloader2\" target=\"_blank\" rel=\"noopener\">JDownloader2</a>]</li><li><a href=\"https://pastefg.hermietkreeft.site/?176040f37b002184#J2ngwoUJCz15abMxdA5NueywcDV2YoP8GSJbBHkjWii\" target=\"_blank\" rel=\"noopener\">Filehoster: PixelDrain</a></li><li><a href=\"https://crackhub.site/sekiro-shadows-die-twice-game-of-the-year-edition-v1-06-bonus-content-fitgirl-repack/\" target=\"_blank\" rel=\"noopener\">Filehosters: Google Drive, OneDrive + others</a> (Uploaded by crackhub213)</li><li><a href=\"https://pastefg.hermietkreeft.site/?203318895ef62de3#EUfKiFRwHaEbjbEZziUcZYzanhWrbiatt1QQsszRqzzN\" target=\"_blank\" rel=\"noopener\">Filehoster: OneDrive</a> (Uploaded by DyR0 t(-_-t), NOT compatible with other mirrors)</li></ul><p><a href=\"https://cs.rin.ru/forum/viewtopic.php?f=10&amp;t=90059\" target=\"_blank\" rel=\"noopener\">Discussion and (possible) future updates on CS.RIN.RU thread</a></p><h3>Screenshots (Click to enlarge)</h3><p><a href=\"http://en.riotpixels.com/games/sekiro-shadows-die-twice/screenshots/22/?utm_source=emb-gfx-html&amp;utm_medium=image&amp;utm_campaign=rp-mass\" target=\"_blank\" rel=\"noopener\"><img loading=\"lazy\" src=\"https://s01.riotpixels.net/data/7a/f8/7af84f35-0a03-4be1-a3b2-bb5d635ac9fb.jpg.240p.jpg\" width=\"178\" height=\"100\" border=\"0\"></a><a href=\"http://en.riotpixels.com/games/sekiro-shadows-die-twice/screenshots/18/?utm_source=emb-gfx-html&amp;utm_medium=image&amp;utm_campaign=rp-mass\" target=\"_blank\" rel=\"noopener\"><img loading=\"lazy\" src=\"https://s01.riotpixels.net/data/7b/c0/7bc0dee0-314c-42c8-933e-7dbb2f852345.jpg.240p.jpg\" width=\"178\" height=\"100\" border=\"0\"></a><a href=\"http://en.riotpixels.com/games/sekiro-shadows-die-twice/screenshots/10/?utm_source=emb-gfx-html&amp;utm_medium=image&amp;utm_campaign=rp-mass\" target=\"_blank\" rel=\"noopener\"><img loading=\"lazy\" src=\"https://s01.riotpixels.net/data/d0/d1/d0d1b026-a18d-40a3-9bb9-ceca686a0fef.jpg.240p.jpg\" width=\"178\" height=\"100\" border=\"0\"></a><br><a href=\"http://en.riotpixels.com/games/sekiro-shadows-die-twice/screenshots/7/?utm_source=emb-gfx-html&amp;utm_medium=image&amp;utm_campaign=rp-mass\" target=\"_blank\" rel=\"noopener\"><img loading=\"lazy\" src=\"https://s01.riotpixels.net/data/d5/f3/d5f388be-5732-4cee-8595-8d1ce66511b3.jpg.240p.jpg\" width=\"178\" height=\"100\" border=\"0\"></a><a href=\"http://en.riotpixels.com/games/sekiro-shadows-die-twice/screenshots/5/?utm_source=emb-gfx-html&amp;utm_medium=image&amp;utm_campaign=rp-mass\" target=\"_blank\" rel=\"noopener\"><img loading=\"lazy\" src=\"https://s01.riotpixels.net/data/06/9b/069bc2e5-df52-4e81-9b5a-049a8e92173a.jpg.240p.jpg\" width=\"178\" height=\"100\" border=\"0\"></a><a href=\"http://en.riotpixels.com/games/sekiro-shadows-die-twice/screenshots/1/?utm_source=emb-gfx-html&amp;utm_medium=image&amp;utm_campaign=rp-mass\" target=\"_blank\" rel=\"noopener\"><img loading=\"lazy\" src=\"https://s01.riotpixels.net/data/2a/b2/2ab236a7-7b2a-4935-86da-88716138382d.jpg.240p.jpg\" width=\"178\" height=\"100\" border=\"0\"></a></p><h3>Repack Features</h3><ul><li>Based on Sekiro.Shadows.Die.Twice.GOTY.Edition-CODEX ISO release: codex-sekiro.shadows.die.twice.goty.edition.iso (14,999,748,608 bytes)</li><li>Sekiro.Shadows.Die.Twice.GOTY.Edition.Update.v1.06-CODEX (130 MB) applied over</li><li>100% Lossless &amp; MD5 Perfect: all files are identical to originals after installation (when installed with all components)</li><li>NOTHING ripped, NOTHING re-encoded</li><li>Selective Download feature: you may skip downloading and installing of voiceover packs you don\u2019t need, credits video and bonus content (artbook + mini OST)</li><li>Significantly smaller archive size (compressed from cumulative 14.1 to 7.2~8.8 GB, depending on selected components)</li><li>Installation takes: ~8 minutes on 16-threads CPU; ~15 minutes on 8-threads CPU; ~30 minutes on 4-threads CPU</li><li>After-install integrity check so you could make sure that everything installed properly</li><li>HDD space after installation: up to 15 GB</li><li>Language can be changed in game settings</li><li>Repack uses compression library by Razor12911</li><li>At least 2 GB of free RAM (inc. virtual) required for installing this repack</li></ul><div ><div><h2>Game Description</h2></div><div ><p>This Game of the Year Edition now includes bonus content:</p><ul><li>Reflection and Gauntlet of Strength \u2013 new boss challenge modes</li><li>Remnants \u2013 leave messages and recordings of your actions that other players can view and rate</li><li>3 unlockable cosmetic skins</li></ul><p>Winner of \u201cBest of gamescom\u201d and \u201cBest Action Game\u201d at gamescom 2018, Sekiro: Shadows Die Twice is the next adventure from developer FromSoftware, creators of Bloodborne and the Dark Souls series. Carve your own clever path to vengeance in an all-new adventure from developer FromSoftware, creators of the Dark Souls series.</p><p>In Sekiro: Shadows Die Twice you are the \u201cone-armed wolf\u201d, a disgraced and disfigured warrior rescued from the brink of death. Bound to protect a young lord who is the descendant of an ancient bloodline, you become the target of many vicious enemies, including the dangerous Ashina clan. When the young lord is captured, nothing will stop you on a perilous quest to regain your honor, not even death itself.</p><p>Explore late 1500s Sengoku Japan, a brutal period of constant life and death conflict, as you come face to face with larger than life foes in a dark and twisted world. Unleash an arsenal of deadly prosthetic tools and powerful ninja abilities while you blend stealth, vertical traversal, and visceral head to head combat in a bloody confrontation.</p><p>Take Revenge. Restore your honor. Kill Ingeniously.</p></div></div><div ><div Selective Download</div><div ><p>You can skip downloading of voiceovers and other files you don\u2019t need. Here is the list of selective/optional files:</p><ul><li>fg-selective-english.bin</li><li>fg-selective-french.bin</li><li>fg-selective-german.bin</li><li>fg-selective-italian.bin</li><li>fg-selective-japanese.bin</li><li>fg-selective-spanish.bin</li><li>fg-optional-bonus-content.bin (ArtBook and Mini-OST, available via desktop icon upon installation)</li><li>fg-optional-credits-video.bin</li></ul><p>In example, if you want to launch the game with German UI/Subtitles/Voiceovers \u2013 skip all \u201cselective/optional\u201d files, but download fg-selective-german.bin &amp; all main files (01-03).</p></div></div><p><b>Backwards Compatibility</b></p><p>This repack IS EXTREMELY backwards compatible with my previous Sekiro repack. The only changed files are fg-03.bin and setup.exe, so you need to download only 66 MB of data.</p>             </div>"
}