{
    "link": "https://fitgirl-repacks.site/serin-fate/",
    "title": "Serin Fate \u2013 v1.0.0.0",
    "first_img": "https://i7.imageban.ru/out/2021/08/26/5851f44a2db60e78cf465bb3bc93901e.jpg",
    "second_img": "https://s01.riotpixels.net/data/f0/e7/f0e7ba8f-332b-43bb-84a7-4ba40f5ae52d.jpg.240p.jpg",
    "body": "<div ><h2>Serin Fate \u2013 v1.0.0.0</h2><p ><div><a target=\"_blank\" href=\"https://en.riotpixels.com/games/serin-fate/\" rel=\"noopener\"><img class=\"alignleft\" width=\"150\" src=\"https://i7.imageban.ru/out/2021/08/26/5851f44a2db60e78cf465bb3bc93901e.jpg\"></a></div><br>Genres/Tags: <strong>Action, RPG, Top-Down, 2D</strong><br>Companies: <strong>Vethergen, Crytivo</strong><br>Language: <strong>ENG</strong><br>Original Size: <strong>504 MB</strong><br>Repack Size: <strong>275 MB</strong></p>&nbsp;<div>&nbsp;</div><h3>Download Mirrors</h3><ul><li><a href=\"https://1337x.to/torrent/4964538/Serin-Fate-v1-0-0-0-FitGirl-Repack/\" target=\"_blank\" rel=\"noopener\">1337x</a> | [<a href=\"magnet:?xt=urn:btih:69891B1C187F5A97D01004447E59DCE8CE666586&amp;dn=Serin+Fate+%28v1.0.0.0%29+%5BFitGirl+Repack%5D&amp;tr=udp%3A%2F%2F46.148.18.250%3A2710&amp;tr=udp%3A%2F%2Fopentor.org%3A2710&amp;tr=udp%3A%2F%2Ftracker.coppersurfer.tk%3A6969%2Fannounce&amp;tr=udp%3A%2F%2Ftracker.opentrackr.org%3A1337%2Fannounce&amp;tr=http%3A%2F%2Ftracker.dler.org%3A6969%2Fannounce&amp;tr=udp%3A%2F%2Ftracker.leechers-paradise.org%3A6969%2Fannounce&amp;tr=udp%3A%2F%2F9.rarbg.me%3A2730%2Fannounce&amp;tr=udp%3A%2F%2F9.rarbg.to%3A2770%2Fannounce&amp;tr=udp%3A%2F%2Ftracker.pirateparty.gr%3A6969%2Fannounce&amp;tr=http%3A%2F%2Fretracker.local%2Fannounce&amp;tr=http%3A%2F%2Fretracker.ip.ncnet.ru%2Fannounce&amp;tr=udp%3A%2F%2Fexodus.desync.com%3A6969%2Fannounce&amp;tr=udp%3A%2F%2Fipv4.tracker.harry.lu%3A80%2Fannounce&amp;tr=udp%3A%2F%2Fopen.stealth.si%3A80%2Fannounce&amp;tr=udp%3A%2F%2Ftracker.zer0day.to%3A1337%2Fannounce&amp;tr=udp%3A%2F%2Ftracker.leechers-paradise.org%3A6969%2Fannounce&amp;tr=udp%3A%2F%2Fcoppersurfer.tk%3A6969%2Fannounce\">magnet</a>] [<a href=\"https://pastefg.hermietkreeft.site/?739d73cbc17edbf3#FFNJJjwDUoNfhUoPuSk5RJnst1kwFsG8AK6HKchkHeLG\" target=\"_blank\" rel=\"noopener\">.torrent file only</a>] <br><img src=\"https://torrent-stats.info/0444/1370916c.png\" style=\"display:block;clear:both\"></li><li><a href=\"https://tapochek.net/viewtopic.php?p=2796858#2796858\" target=\"_blank\" rel=\"noopener\">Tapochek.net</a></li><li><a href=\"https://pastefg.hermietkreeft.site/?fe5575d634ea36de#BGVta8RGBgYxoyzX1tTuBFHbU55PwrNiM2eMdZPLbZ1v\" target=\"_blank\" rel=\"noopener\">Filehoster: MultiUpload</a> (10+ hosters, interchangeable) [Use <a href=\"http://jdownloader.org/jdownloader2\" target=\"_blank\" rel=\"noopener\">JDownloader2</a>]</li><li><a href=\"https://pastefg.hermietkreeft.site/?0c146ffb6d492762#9b3WpQJNXYTaN2WTj7thHyTCZKK6JMKxbErN2f5MJpNf\" target=\"_blank\" rel=\"noopener\">Filehoster: PixelDrain</a></li><li><a href=\"https://pastefg.hermietkreeft.site/?23ff22956d9231f0#CMw2E9AnbteVsx5FZJRkheNcum1CyjBkiuCGkYPK8u6b\" target=\"_blank\" rel=\"noopener\">Filehoster: ZippyShare</a></li><li><a href=\"https://pastefg.hermietkreeft.site/?410bf741d8429705#EGkJ6BR1vTbdbAq2qyHjHeNW87UV15kaRtkub15ETauf\" target=\"_blank\" rel=\"noopener\">Filehoster: LetsUpload</a> [Use <a href=\"http://jdownloader.org/jdownloader2\" target=\"_blank\" rel=\"noopener\">JDownloader2</a>]</li><li><a href=\"https://pastefg.hermietkreeft.site/?34921ed2a9b2263f#3FXFQr7FzacChmws718Nwids5bAbUi4QSrpCpgvxEDJ6\" target=\"_blank\" rel=\"noopener\">Filehoster: OneDrive</a> (Uploaded by DyR0 t(-_-t), NOT compatible with other mirrors)</li></ul><p><a href=\"https://cs.rin.ru/forum/viewtopic.php?f=10&amp;t=96940\" target=\"_blank\" rel=\"noopener\">Discussion and (possible) future updates on CS.RIN.RU thread</a></p><h3>Screenshots (Click to enlarge)</h3><p><a target=\"_blank\" href=\"https://en.riotpixels.com/games/serin-fate/screenshots/29/?utm_source=emb-gfx-html&amp;utm_medium=image&amp;utm_campaign=rp-mass\" rel=\"noopener\"><img loading=\"lazy\" width=\"178\" height=\"100\" border=\"0\" src=\"https://s01.riotpixels.net/data/f0/e7/f0e7ba8f-332b-43bb-84a7-4ba40f5ae52d.jpg.240p.jpg\"></a><a target=\"_blank\" href=\"https://en.riotpixels.com/games/serin-fate/screenshots/28/?utm_source=emb-gfx-html&amp;utm_medium=image&amp;utm_campaign=rp-mass\" rel=\"noopener\"><img loading=\"lazy\" width=\"178\" height=\"100\" border=\"0\" src=\"https://s01.riotpixels.net/data/e0/cd/e0cd4308-3934-43d1-8c40-20f8d9deb46e.jpg.240p.jpg\"></a><a target=\"_blank\" href=\"https://en.riotpixels.com/games/serin-fate/screenshots/17/?utm_source=emb-gfx-html&amp;utm_medium=image&amp;utm_campaign=rp-mass\" rel=\"noopener\"><img loading=\"lazy\" width=\"178\" height=\"100\" border=\"0\" src=\"https://s01.riotpixels.net/data/30/22/3022a395-cf6d-4ec7-8b4f-d2923f08b1fa.jpg.240p.jpg\"></a><br><a target=\"_blank\" href=\"https://en.riotpixels.com/games/serin-fate/screenshots/14/?utm_source=emb-gfx-html&amp;utm_medium=image&amp;utm_campaign=rp-mass\" rel=\"noopener\"><img loading=\"lazy\" width=\"178\" height=\"100\" border=\"0\" src=\"https://s01.riotpixels.net/data/37/bb/37bbe528-95ba-4877-bae0-92cf3e888c62.jpg.240p.jpg\"></a><a target=\"_blank\" href=\"https://en.riotpixels.com/games/serin-fate/screenshots/10/?utm_source=emb-gfx-html&amp;utm_medium=image&amp;utm_campaign=rp-mass\" rel=\"noopener\"><img loading=\"lazy\" width=\"178\" height=\"100\" border=\"0\" src=\"https://s01.riotpixels.net/data/b1/19/b1196446-5b95-4677-8c1d-9e9cd942bee3.jpg.240p.jpg\"></a><a target=\"_blank\" href=\"https://en.riotpixels.com/games/serin-fate/screenshots/9/?utm_source=emb-gfx-html&amp;utm_medium=image&amp;utm_campaign=rp-mass\" rel=\"noopener\"><img loading=\"lazy\" width=\"178\" height=\"100\" border=\"0\" src=\"https://s01.riotpixels.net/data/c7/03/c703be96-e713-40a4-bf69-09f70144ef48.jpg.240p.jpg\"></a></p><h3>Repack Features</h3><ul><li>Based on Serin.Fate-PLAZA ISO release: plaza-serin.fate.iso (528,056,320 bytes)</li><li>Game version: v1.0.0.0</li><li>100% Lossless &amp; MD5 Perfect: all files are identical to originals after installation</li><li>NOTHING ripped, NOTHING re-encoded</li><li>Smaller archive size (compressed from 504 to 275 MB)</li><li>Installation takes 30 seconds</li><li>After-install integrity check so you could make sure that everything installed properly</li><li>HDD space after installation: 737 MB</li><li>At least 2 GB of free RAM (inc. virtual) required for installing this repack</li></ul><div ><div><h2>Game Description</h2></div><div >Evil is afoot\u2026<br>Wielding your new Magic, bound into mysterious Monster-infested lands to uncover ancient relics and restore the Fate Stone. Along the way, explore the depths of every nook to find creatures, garner ingredients, train in Witchery, and craft new equipment.<p>Moments before its destruction, by the hands of evil, the Fate Stone imbued you with Magic. Now it\u2019s time to learn some Witchery, armor up, and aid Princess Starwen in finding the lost Shards of Fate.</p><p>It\u2019s dangerous to go alone\u2026 Take your battle-worthy familiar, some unique friends, and wits for adventure! Or spend your days around town running errands for the Witches Guild, fishing, tending your familiars, and shaping up a potion garden.</p><p>Serin Fate is riddled with secrets, hidden depths, and deeper complexities in combat, exploration, items, and stats.<br>A Sun Amulet that slows time during the day, or a ring that bites Monsters who attack you? Yup.<br>Entertaining those fleeting \u201cI wonder\u2026\u201d thoughts will aid your quest!</p><p><b><h3>Game Features</h3></b></p><ul><li>Sprawling and large world.</li><li>Epic storyline and narrative.</li><li>Use of Magic and Spell casting.</li><li>Capture 50 species of Familiars.</li><li>Train, tend &amp; level your Familiars to defeat formidable Monsters.</li><li>Hone skills, spend points, and choose a perk path.</li><li>Complex stats, calculations &amp; combat build diversity.</li><li>Pursue a deeper relation with NPCs and unravel their stories.</li><li>Craft all assortments of weapons, trinkets, armor, edibles and furniture.</li><li>Find side tasks and Witchery errands.</li><li>Grow a sprouting potion garden.</li><li>Timing events, day night cycle, and weather patterns.</li><li>Choose to play Serin, Val, or Human and customize your character.</li><li>Hard Mode: With greater risk &amp; reward.</li></ul></div></div>             </div>"
}