{
    "link": "https://fitgirl-repacks.site/serious-sam-tormental/",
    "title": "Serious Sam: Tormental \u2013 v1.0.217",
    "first_img": "https://i6.imageban.ru/out/2022/04/10/bd751af98c1a1e84e10098a41e622cd5.jpg",
    "second_img": "https://s01.riotpixels.net/data/99/86/99868e25-e1b1-44b3-81a8-9d40d2c3ee4d.jpg.240p.jpg",
    "body": "<div ><h2>Serious Sam: Tormental \u2013 v1.0.217</h2><p ><div><a target=\"_blank\" href=\"https://en.riotpixels.com/games/serious-sam-tormental/\" rel=\"noopener\"><img class=\"alignleft\" width=\"150\" src=\"https://i6.imageban.ru/out/2022/04/10/bd751af98c1a1e84e10098a41e622cd5.jpg\"></a></div><br>Genres/Tags: <strong>Arcade, Run and gun, Top view, 3D</strong><br>Companies: <strong>Gungrounds, Croteam, Devolver Digital</strong><br>Language: <strong>ENG</strong><br>Original Size: <strong>720 MB</strong><br>Repack Size: <strong>535 MB</strong></p>&nbsp;<div>&nbsp;</div><h3>Download Mirrors</h3><ul><li><a href=\"https://1337x.to/torrent/5212970/Serious-Sam-Tormental-v1-0-217-FitGirl-Repack/\" target=\"_blank\" rel=\"noopener\">1337x</a> | [<a href=\"magnet:?xt=urn:btih:051E8CF3A522B9D00A544D6357E574D90D9CEB14&amp;dn=Serious+Sam%3A+Tormental+%28v1.0.217%29+%5BFitGirl+Repack%5D&amp;tr=udp%3A%2F%2F46.148.18.250%3A2710&amp;tr=udp%3A%2F%2Fopentor.org%3A2710&amp;tr=udp%3A%2F%2Ftracker.coppersurfer.tk%3A6969%2Fannounce&amp;tr=udp%3A%2F%2Ftracker.opentrackr.org%3A1337%2Fannounce&amp;tr=http%3A%2F%2Ftracker.dler.org%3A6969%2Fannounce&amp;tr=udp%3A%2F%2Ftracker.leechers-paradise.org%3A6969%2Fannounce&amp;tr=udp%3A%2F%2F9.rarbg.me%3A2730%2Fannounce&amp;tr=udp%3A%2F%2F9.rarbg.to%3A2770%2Fannounce&amp;tr=udp%3A%2F%2Ftracker.pirateparty.gr%3A6969%2Fannounce&amp;tr=http%3A%2F%2Fretracker.local%2Fannounce&amp;tr=http%3A%2F%2Fretracker.ip.ncnet.ru%2Fannounce&amp;tr=udp%3A%2F%2Fexodus.desync.com%3A6969%2Fannounce&amp;tr=udp%3A%2F%2Fipv4.tracker.harry.lu%3A80%2Fannounce&amp;tr=udp%3A%2F%2Fopen.stealth.si%3A80%2Fannounce&amp;tr=udp%3A%2F%2Ftracker.opentrackr.org%3A1337%2Fannounce&amp;tr=http%3A%2F%2Ftracker.openbittorrent.com%3A80%2Fannounce&amp;tr=udp%3A%2F%2Fopentracker.i2p.rocks%3A6969%2Fannounce&amp;tr=udp%3A%2F%2Ftracker.internetwarriors.net%3A1337%2Fannounce&amp;tr=udp%3A%2F%2Ftracker.leechers-paradise.org%3A6969%2Fannounce&amp;tr=udp%3A%2F%2Fcoppersurfer.tk%3A6969%2Fannounce&amp;tr=udp%3A%2F%2Ftracker.zer0day.to%3A1337%2Fannounce\">magnet</a>] [<a href=\"https://pastefg.hermietkreeft.site/?c50f10f8ed0212d5#Fmm6veiJ8LNA7d3b3ZXqYfFdgZXfC2H3ZnRhUtjtC28N\" target=\"_blank\" rel=\"noopener\">.torrent file only</a>] <br><img src=\"https://torrent-stats.info/4d63/1752e8246.png\" style=\"display:block;clear:both\"></li><li><a href=\"https://tapochek.net/viewtopic.php?p=2845194\" target=\"_blank\" rel=\"noopener\">Tapochek.net</a></li><li><a href=\"https://pastefg.hermietkreeft.site/?5d1dcdf879df6d1b#5mEQBBFS75JAL7foERdw1LrebL1bK1cnji5EqH57VMUT\" target=\"_blank\" rel=\"noopener\">Filehoster: MultiUpload</a> (10+ hosters, interchangeable) [Use <a href=\"http://jdownloader.org/jdownloader2\" target=\"_blank\" rel=\"noopener\">JDownloader2</a>]</li><li><a href=\"https://pastefg.hermietkreeft.site/?9941146a95d957cf#3BLgs63yoq7dePrfCvM1UrBLhej5sq185AHC7arLkctV\" target=\"_blank\" rel=\"noopener\">Filehoster: ZippyShare</a></li><li><a href=\"https://pastefg.hermietkreeft.site/?1623349ad139b167#Gvc8pE8nL75svi1yq3oFfsk87i4zDdsYAsYrLDSP5hFm\" target=\"_blank\" rel=\"noopener\">Filehoster: BayFiles</a></li><li><a href=\"https://pastefg.hermietkreeft.site/?79279a44dcac262d#HZiDfkYwDc8pDWJ91LgcwPNXdrqYQewD3Y86odoWRYGh\" target=\"_blank\" rel=\"noopener\">Filehoster: OneDrive</a> (Uploaded by DyR0 t(-_-t), NOT compatible with other mirrors)</li><p><!--  <li><a href=\"\" target=\"_blank\" rel=\"noopener\">Filehosters: Google Drive, OneDrive + others</a> (Uploaded by crackhub213)</li>  --></p></ul><p><a href=\"https://cs.rin.ru/forum/viewtopic.php?f=10&amp;t=87445\" target=\"_blank\" rel=\"noopener\">Discussion and (possible) future updates on CS.RIN.RU thread</a></p><h3>Screenshots (Click to enlarge)</h3><p><a target=\"_blank\" href=\"https://en.riotpixels.com/games/serious-sam-tormental/screenshots/6/?utm_source=emb-gfx-html&amp;utm_medium=image&amp;utm_campaign=rp-mass\" rel=\"noopener\"><img loading=\"lazy\" width=\"178\" height=\"100\" border=\"0\" src=\"https://s01.riotpixels.net/data/99/86/99868e25-e1b1-44b3-81a8-9d40d2c3ee4d.jpg.240p.jpg\"></a><a target=\"_blank\" href=\"https://en.riotpixels.com/games/serious-sam-tormental/screenshots/5/?utm_source=emb-gfx-html&amp;utm_medium=image&amp;utm_campaign=rp-mass\" rel=\"noopener\"><img loading=\"lazy\" width=\"178\" height=\"100\" border=\"0\" src=\"https://s01.riotpixels.net/data/f9/26/f926a26a-3627-47dd-a3e3-8700c6140518.jpg.240p.jpg\"></a><a target=\"_blank\" href=\"https://en.riotpixels.com/games/serious-sam-tormental/screenshots/4/?utm_source=emb-gfx-html&amp;utm_medium=image&amp;utm_campaign=rp-mass\" rel=\"noopener\"><img loading=\"lazy\" width=\"178\" height=\"100\" border=\"0\" src=\"https://s01.riotpixels.net/data/71/08/7108c026-e22b-440c-821f-5e5c77d434f7.jpg.240p.jpg\"></a><br><a target=\"_blank\" href=\"https://en.riotpixels.com/games/serious-sam-tormental/screenshots/3/?utm_source=emb-gfx-html&amp;utm_medium=image&amp;utm_campaign=rp-mass\" rel=\"noopener\"><img loading=\"lazy\" width=\"178\" height=\"100\" border=\"0\" src=\"https://s01.riotpixels.net/data/10/b6/10b603c9-70f1-468c-b556-6205e3b5e123.jpg.240p.jpg\"></a><a target=\"_blank\" href=\"https://en.riotpixels.com/games/serious-sam-tormental/screenshots/2/?utm_source=emb-gfx-html&amp;utm_medium=image&amp;utm_campaign=rp-mass\" rel=\"noopener\"><img loading=\"lazy\" width=\"178\" height=\"100\" border=\"0\" src=\"https://s01.riotpixels.net/data/61/12/61127fdd-0fcb-4299-8036-82b6c75eb57e.jpg.240p.jpg\"></a><a target=\"_blank\" href=\"https://en.riotpixels.com/games/serious-sam-tormental/screenshots/1/?utm_source=emb-gfx-html&amp;utm_medium=image&amp;utm_campaign=rp-mass\" rel=\"noopener\"><img loading=\"lazy\" width=\"178\" height=\"100\" border=\"0\" src=\"https://s01.riotpixels.net/data/5a/e8/5ae8097a-b8b4-43a9-a679-c06134844b4d.jpg.240p.jpg\"></a></p><h3>Repack Features</h3><ul><li>Based on Serious.Sam.Tormental-SKIDROW ISO release: sr-serioussamtormental.iso (764,952,576 bytes)</li><li>100% Lossless &amp; MD5 Perfect: all files are identical to originals after installation</li><li>NOTHING ripped, NOTHING re-encoded</li><li>Slightly smaller archive size (compressed from 720 to 535 MB)</li><li>Installation takes 1-2 minutes</li><li>After-install integrity check so you could make sure that everything installed properly</li><li>HDD space after installation: 2.1 GB</li><li>At least 2 GB of free RAM (inc. virtual) required for installing this repack</li></ul><div ><div><h2>Game Description</h2></div><div ><p>Deep into an abandoned temple of Egypt lies a cursed artifact, an ancient device capable of the unthinkable; Could this be the key to entering the mind of the god of destruction: Mental?</p><p>This may be your only chance to delve deep into the twisted world of its mind, where [Sam]\u2019s quest will lead him against reckless hordes of monsters product of Mental\u2019s wicked imagination. Blast your way through the most hideous corners of its mind, and prepare for a brain-melting showdown!</p><p><b><h3>Game Features</h3></b></p><ul><li>Fight against the wicked imaginations inside the mind of Mental, destructive god and Serious Sam\u2019s arch-enemy, in an attempt to stop him once and for all.</li><li>Rich with content and replayability: procedurally generated dungeons, characters with unique abilities, randomized pools of powerful upgrades, tons of fun Serious Weapons \u2122.</li><li>The Vault: The final area contains many secrets and links to Mental\u2019s identity, giving you more goals than just \u201cdefeat the final boss\u201d. You will need to beat many challenges in order to stop Mental once and for all.</li><li>Mindmap: discover hidden ideas inside of Mental\u2019s mind \u2013 what enemies, weapons, and items is he imagining to use in the real world? Acquire those ideas, and use them by yourself. Can you discover all of them?</li><li>Every run, gather &amp; combine random gun parts to construct unique powerful weapons.</li><li>Quests: beat various challenges to unlock new worlds, characters, Serious Weapons and upgrades. Over time, you will discover new places hidden inside of Mental\u2019s mind.</li><li>Play together in local co-op mode. Face stronger bosses, compete for (or share!) XP and revive each other with ankh pickups!</li><li>Tight mechanics &amp; controls. Gamepad friendly. Precise visual collision similar to 2D games.</li><li>Created by fans of Geometry Wars, Nuclear Throne, Binding of Isaac, Serious Sam, and Enter the Gungeon. &lt;3</li></ul></div></div>             </div>"
}