{
    "link": "https://fitgirl-repacks.site/severed-steel/",
    "title": "Severed Steel",
    "first_img": "https://i4.imageban.ru/out/2021/09/18/d1fe94f2c20506e9743eb3654de96773.jpg",
    "second_img": "https://s01.riotpixels.net/data/07/4c/074cc5be-1f0c-4b6f-9b4d-3ad559cbdb64.jpg.240p.jpg",
    "body": "<div ><h2>Severed Steel</h2><p ><div><a target=\"_blank\" href=\"https://en.riotpixels.com/games/severed-steel/\" rel=\"noopener\"><img class=\"alignleft\" width=\"150\" src=\"https://i4.imageban.ru/out/2021/09/18/d1fe94f2c20506e9743eb3654de96773.jpg\"></a></div><br>Genres/Tags: <strong>Action, Shooter, First-person, Cyberpunk, 3D</strong><br>Companies: <strong>Greylock Studio, Digerati</strong><br>Languages: <strong>RUS/ENG/MULTI16</strong><br>Original Size: <strong>2 GB</strong><br>Repack Size: <strong>from 1.3 GB</strong> [Selective Download]</p>&nbsp;<div>&nbsp;</div><h3>Download Mirrors</h3><ul><li><a href=\"https://1337x.to/torrent/4987204/Severed-Steel-MULTi16-FitGirl-Repack-Selective-Download-from-1-3-GB/\" target=\"_blank\" rel=\"noopener\">1337x</a> | [<a href=\"magnet:?xt=urn:btih:22B8D54B416FEAD1C4A86D7F19BA27F50D99DD6D&amp;dn=Severed+Steel+%28MULTi16%29+%5BFitGirl+Repack%2C+Selective+Download+-+from+1.3+GB%5D&amp;tr=udp%3A%2F%2F46.148.18.250%3A2710&amp;tr=udp%3A%2F%2Fopentor.org%3A2710&amp;tr=udp%3A%2F%2Ftracker.coppersurfer.tk%3A6969%2Fannounce&amp;tr=udp%3A%2F%2Ftracker.opentrackr.org%3A1337%2Fannounce&amp;tr=http%3A%2F%2Ftracker.dler.org%3A6969%2Fannounce&amp;tr=udp%3A%2F%2Ftracker.leechers-paradise.org%3A6969%2Fannounce&amp;tr=udp%3A%2F%2F9.rarbg.me%3A2730%2Fannounce&amp;tr=udp%3A%2F%2F9.rarbg.to%3A2770%2Fannounce&amp;tr=udp%3A%2F%2Ftracker.pirateparty.gr%3A6969%2Fannounce&amp;tr=http%3A%2F%2Fretracker.local%2Fannounce&amp;tr=http%3A%2F%2Fretracker.ip.ncnet.ru%2Fannounce&amp;tr=udp%3A%2F%2Fexodus.desync.com%3A6969%2Fannounce&amp;tr=udp%3A%2F%2Fipv4.tracker.harry.lu%3A80%2Fannounce&amp;tr=udp%3A%2F%2Fopen.stealth.si%3A80%2Fannounce&amp;tr=udp%3A%2F%2Ftracker.zer0day.to%3A1337%2Fannounce&amp;tr=udp%3A%2F%2Ftracker.leechers-paradise.org%3A6969%2Fannounce&amp;tr=udp%3A%2F%2Fcoppersurfer.tk%3A6969%2Fannounce\">magnet</a>] [<a href=\"https://pastefg.hermietkreeft.site/?2b4dece1b0f50510#5qveh1C6zgAqSqxvNhRgdyn4eYxvCkEJtCVnqZeZSLcU\" target=\"_blank\" rel=\"noopener\">.torrent file only</a>] <br><img src=\"https://torrent-stats.info/6d7f/1f5ad1497.png\" style=\"display:block;clear:both\"></li><li><a href=\"http://rutor.info/torrent/834917/severed-steel-2021-pc-repack-ot-fitgirl\" target=\"_blank\" rel=\"noopener\">RuTor</a> [<a href=\"magnet:?xt=urn:btih:22b8d54b416fead1c4a86d7f19ba27f50d99dd6d&amp;dn=rutor.info_Severed+Steel+%282021%29+PC+%7C+RePack+%D0%BE%D1%82+FitGirl&amp;tr=udp://opentor.net:6969&amp;tr=udp://opentor.org:2710&amp;tr=http://retracker.local/announce\">magnet</a>]</li><li><a href=\"https://tapochek.net/viewtopic.php?p=2800854\" target=\"_blank\" rel=\"noopener\">Tapochek.net</a></li><li><a href=\"https://pastefg.hermietkreeft.site/?39195e265478bd06#GVU1GJzMNyXwXmEQbZKE8fjUqi7NSgqmkM7ULHJ8eC78\" target=\"_blank\" rel=\"noopener\">Filehoster: MultiUpload</a> (10+ hosters, interchangeable) [Use <a href=\"http://jdownloader.org/jdownloader2\" target=\"_blank\" rel=\"noopener\">JDownloader2</a>]</li><li><a href=\"https://pastefg.hermietkreeft.site/?573cce8bbc52e0b5#5qbQfnenPxNWY5Van3ybqDy1Ne9RZkDRt9GoDnoWnAv1\" target=\"_blank\" rel=\"noopener\">Filehoster: PixelDrain</a></li><li><a href=\"https://pastefg.hermietkreeft.site/?720414a6ceb7f9a9#egvLh78ACdE9gHBUeCHZDNWoWF4uWsjvWgcjASVZzyb\" target=\"_blank\" rel=\"noopener\">Filehoster: ZippyShare</a></li><li><a href=\"https://pastefg.hermietkreeft.site/?c397fa7533e1ec26#CjNM3BfQarg4LQbPWMddssxBpHRZFM8gVZTvbWpAZTwp\" target=\"_blank\" rel=\"noopener\">Filehoster: LetsUpload</a> [Use <a href=\"http://jdownloader.org/jdownloader2\" target=\"_blank\" rel=\"noopener\">JDownloader2</a>]</li><li><a href=\"https://pastefg.hermietkreeft.site/?bd9edbfbb1ec89a1#C8MG5LwE2zTAVhx5tqXUkmChhyB7B5wEzfiYoirXGAHS\" target=\"_blank\" rel=\"noopener\">Filehoster: OneDrive</a> (Uploaded by DyR0 t(-_-t), NOT compatible with other mirrors)</li></ul><p><a href=\"https://cs.rin.ru/forum/viewtopic.php?f=10&amp;t=112047\" target=\"_blank\" rel=\"noopener\">Discussion and (possible) future updates on CS.RIN.RU thread</a></p><h3>Screenshots (Click to enlarge)</h3><p><a target=\"_blank\" href=\"https://en.riotpixels.com/games/severed-steel/screenshots/13/?utm_source=emb-gfx-html&amp;utm_medium=image&amp;utm_campaign=rp-mass\" rel=\"noopener\"><img loading=\"lazy\" width=\"178\" height=\"100\" border=\"0\" src=\"https://s01.riotpixels.net/data/07/4c/074cc5be-1f0c-4b6f-9b4d-3ad559cbdb64.jpg.240p.jpg\"></a><a target=\"_blank\" href=\"https://en.riotpixels.com/games/severed-steel/screenshots/12/?utm_source=emb-gfx-html&amp;utm_medium=image&amp;utm_campaign=rp-mass\" rel=\"noopener\"><img loading=\"lazy\" width=\"178\" height=\"100\" border=\"0\" src=\"https://s01.riotpixels.net/data/cb/d5/cbd5f046-842d-4228-a519-cca4fd4e820c.jpg.240p.jpg\"></a><a target=\"_blank\" href=\"https://en.riotpixels.com/games/severed-steel/screenshots/7/?utm_source=emb-gfx-html&amp;utm_medium=image&amp;utm_campaign=rp-mass\" rel=\"noopener\"><img loading=\"lazy\" width=\"178\" height=\"100\" border=\"0\" src=\"https://s01.riotpixels.net/data/4d/2b/4d2b3f28-0d57-4ab2-9827-df272606f787.jpg.240p.jpg\"></a><br><a target=\"_blank\" href=\"https://en.riotpixels.com/games/severed-steel/screenshots/5/?utm_source=emb-gfx-html&amp;utm_medium=image&amp;utm_campaign=rp-mass\" rel=\"noopener\"><img loading=\"lazy\" width=\"178\" height=\"100\" border=\"0\" src=\"https://s01.riotpixels.net/data/3b/6c/3b6c7549-ef72-46eb-bdcb-7042f6eb4733.jpg.240p.jpg\"></a><a target=\"_blank\" href=\"https://en.riotpixels.com/games/severed-steel/screenshots/2/?utm_source=emb-gfx-html&amp;utm_medium=image&amp;utm_campaign=rp-mass\" rel=\"noopener\"><img loading=\"lazy\" width=\"178\" height=\"100\" border=\"0\" src=\"https://s01.riotpixels.net/data/11/11/1111c090-8cd6-4140-be36-5794c2daed1c.jpg.240p.jpg\"></a><a target=\"_blank\" href=\"https://en.riotpixels.com/games/severed-steel/screenshots/1/?utm_source=emb-gfx-html&amp;utm_medium=image&amp;utm_campaign=rp-mass\" rel=\"noopener\"><img loading=\"lazy\" width=\"178\" height=\"100\" border=\"0\" src=\"https://s01.riotpixels.net/data/d4/b4/d4b4dd5d-3d55-4926-83ca-356b7a87e296.jpg.240p.jpg\"></a></p><h3>Repack Features</h3><ul><li>Based on Severed.Steel-CODEX ISO release: codex-severed.steel.iso (2,165,735,424 bytes)</li><li>100% Lossless &amp; MD5 Perfect: all files are identical to originals after installation</li><li>NOTHING ripped, NOTHING re-encoded</li><li>Selective Download feature: you can skip downloading of animated backgrounds for menu screens, they are pretty useless anyway</li><li>Significantly smaller archive size (compressed from 2 to 1.3/1.6 GB)</li><li>Installation takes one minute</li><li>After-install integrity check so you could make sure that everything installed properly</li><li>HDD space after installation: up to 3.8 GB</li><li>Language can be changed in game settings</li><li>Repack uses XTool library by Razor12911</li><li>At least 2 GB of free RAM (inc. virtual) required for installing this repack</li></ul><div ><div><h2>Game Description</h2></div><div >Severed Steel is a single-player FPS featuring a fluid stunt system, destructible voxel environments, loads of bullet time, and a unique one-armed protagonist. It\u2019s you, your trigger finger, and a steel-toed boot against a superstructure full of bad guys. Chain together wall runs, dives, flips, and slides to take every last enemy down.<p><b><h3>Game Features</h3></b></p><ul><li><b>A Unique Fighter:</b> Play as Steel, a nimble, one-armed sharpshooter on a mission. There is no reloading \u2013 pick your shots well and be ready to pry a loaded weapon from your enemies\u2019 cold dead hands.</li><li><b>Stylish Combat:</b> Dodge bullets, leap off walls, slide kick, throw weapons \u2013 do whatever it takes to come out on top in intense and frenzied firefights.</li><li><b>Fully Destructible Environment:</b> Pepper through plaster with sharp 4.7 mm rounds, punch through thick concrete with .50 cal slugs, or make big holes in things with your arm cannon.</li><li><b>Dynamic AI:</b> No two battles are the same thanks to dynamic, unscripted, squad-based AI.</li><li><b>Firefight Mode:</b> Chase high scores and fast times for leaderboard acclaim in this arcade-styled mode. Features 30 levels, each with their own sub-challenges, and over 20 unlockable, game modifying \u2018Mutators\u2019.</li><li><b>Campaign Mode:</b> Blast through six compact story chapters as you battle against the forces of nefarious mega-corporation, EdenSys.</li><li><b>Accessibility:</b> A range of adjustable settings for features such as difficulty, visuals, audio, controls, navigation, and more.</li></ul></div></div>             </div>"
}