{
    "link": "https://fitgirl-repacks.site/sheltered-2/",
    "title": "Sheltered 2",
    "first_img": "https://i2.imageban.ru/out/2021/09/23/97a493042f9179e18b8afdda66049b1a.jpg",
    "second_img": "https://s01.riotpixels.net/data/7e/ac/7eac3296-b6de-4a4f-9f14-ed5b0b2b0693.jpg.240p.jpg",
    "body": "<div ><h2>Sheltered 2</h2><p ><div><a target=\"_blank\" href=\"https://en.riotpixels.com/games/sheltered-2/\" rel=\"noopener\"><img class=\"alignleft\" width=\"150\" src=\"https://i2.imageban.ru/out/2021/09/23/97a493042f9179e18b8afdda66049b1a.jpg\"></a></div><br>Genres/Tags: <strong>Managerial, Strategy, Roguelike, Survival, Post-apocalypstic, Side, Pausable real-time, 3D</strong><br>Companies: <strong>Unicube, Team17</strong><br>Languages: <strong>RUS/ENG/MULTI8</strong><br>Original Size: <strong>2.4 GB</strong><br>Repack Size: <strong>1.5 GB</strong></p>&nbsp;<div>&nbsp;</div><h3>Download Mirrors</h3><ul><li><a href=\"https://1337x.to/torrent/4992569/Sheltered-2-MULTi8-FitGirl-Repack/\" target=\"_blank\" rel=\"noopener\">1337x</a> | [<a href=\"magnet:?xt=urn:btih:59E05634AA7B3E0426EC6357D9DBF6A20CDC3A20&amp;dn=Sheltered+2+%28MULTi8%29+%5BFitGirl+Repack%5D&amp;tr=udp%3A%2F%2F46.148.18.250%3A2710&amp;tr=udp%3A%2F%2Fopentor.org%3A2710&amp;tr=udp%3A%2F%2Ftracker.coppersurfer.tk%3A6969%2Fannounce&amp;tr=udp%3A%2F%2Ftracker.opentrackr.org%3A1337%2Fannounce&amp;tr=http%3A%2F%2Ftracker.dler.org%3A6969%2Fannounce&amp;tr=udp%3A%2F%2Ftracker.leechers-paradise.org%3A6969%2Fannounce&amp;tr=udp%3A%2F%2F9.rarbg.me%3A2730%2Fannounce&amp;tr=udp%3A%2F%2F9.rarbg.to%3A2770%2Fannounce&amp;tr=udp%3A%2F%2Ftracker.pirateparty.gr%3A6969%2Fannounce&amp;tr=http%3A%2F%2Fretracker.local%2Fannounce&amp;tr=http%3A%2F%2Fretracker.ip.ncnet.ru%2Fannounce&amp;tr=udp%3A%2F%2Fexodus.desync.com%3A6969%2Fannounce&amp;tr=udp%3A%2F%2Fipv4.tracker.harry.lu%3A80%2Fannounce&amp;tr=udp%3A%2F%2Fopen.stealth.si%3A80%2Fannounce&amp;tr=udp%3A%2F%2Ftracker.zer0day.to%3A1337%2Fannounce&amp;tr=udp%3A%2F%2Ftracker.leechers-paradise.org%3A6969%2Fannounce&amp;tr=udp%3A%2F%2Fcoppersurfer.tk%3A6969%2Fannounce\">magnet</a>] [<a href=\"https://pastefg.hermietkreeft.site/?019dd0c110f811fd#BMfyFC6GfKUWgim2PwMdvAg8DHiwJosaCzDheomdzQ1B\" target=\"_blank\" rel=\"noopener\">.torrent file only</a>] <br><img src=\"https://torrent-stats.info/6357/1c78b27e7.png\" style=\"display:block;clear:both\"></li><li><a href=\"http://rutor.info/torrent/835800/sheltered-2-2021-pc-repack-ot-fitgirl\" target=\"_blank\" rel=\"noopener\">RuTor</a> [<a href=\"magnet:?xt=urn:btih:59e05634aa7b3e0426ec6357d9dbf6a20cdc3a20&amp;dn=rutor.info_Sheltered+2+%282021%29+PC+%7C+RePack+%D0%BE%D1%82+FitGirl&amp;tr=udp://opentor.net:6969&amp;tr=udp://opentor.org:2710&amp;tr=http://retracker.local/announce\">magnet</a>]</li><li><a href=\"https://tapochek.net/viewtopic.php?p=2801780\" target=\"_blank\" rel=\"noopener\">Tapochek.net</a></li><li><a href=\"https://pastefg.hermietkreeft.site/?5e9844ebf67cb985#DkAQTYxBz4wkxucYkSMC8BopoMp19V6gHibtDaEcC8V2\" target=\"_blank\" rel=\"noopener\">Filehoster: MultiUpload</a> (10+ hosters, interchangeable) [Use <a href=\"http://jdownloader.org/jdownloader2\" target=\"_blank\" rel=\"noopener\">JDownloader2</a>]</li><li><a href=\"https://pastefg.hermietkreeft.site/?7b1b35727285b770#9dsr62t9fGNM3QurJbQtqepaqvXEHjzboJDZ1i75S5ar\" target=\"_blank\" rel=\"noopener\">Filehoster: PixelDrain</a></li><li><a href=\"https://pastefg.hermietkreeft.site/?75c54ddc605594df#Pu5xUvf7UU6jsunaEJnra2LJoJnGzsJyV9y8FDCtA8Q\" target=\"_blank\" rel=\"noopener\">Filehoster: ZippyShare</a></li><li><a href=\"https://pastefg.hermietkreeft.site/?260b9ce9c75c901b#HeNycVpsmYdjm5KaHmTXzTRpGk7oK8SQmTd2E6tJpVY\" target=\"_blank\" rel=\"noopener\">Filehoster: LetsUpload</a> [Use <a href=\"http://jdownloader.org/jdownloader2\" target=\"_blank\" rel=\"noopener\">JDownloader2</a>]</li><li><a href=\"https://crackhub.site/sheltered-2-fitgirl-repack/\" target=\"_blank\" rel=\"noopener\">Filehosters: Google Drive, OneDrive + others</a> (Uploaded by crackhub213)</li><li><a href=\"https://pastefg.hermietkreeft.site/?82aed92a82d35d91#Bt28AzuYhGMiwFE2dwYduHSWG9hShNhNPSu6XHXqNaeT\" target=\"_blank\" rel=\"noopener\">Filehoster: OneDrive</a> (Uploaded by DyR0 t(-_-t), NOT compatible with other mirrors)</li></ul><p><a href=\"https://cs.rin.ru/forum/viewtopic.php?f=10&amp;t=112871\" target=\"_blank\" rel=\"noopener\">Discussion and (possible) future updates on CS.RIN.RU thread</a></p><h3>Screenshots (Click to enlarge)</h3><p><a target=\"_blank\" href=\"https://en.riotpixels.com/games/sheltered-2/screenshots/10/?utm_source=emb-gfx-html&amp;utm_medium=image&amp;utm_campaign=rp-mass\" rel=\"noopener\"><img loading=\"lazy\" width=\"178\" height=\"100\" border=\"0\" src=\"https://s01.riotpixels.net/data/7e/ac/7eac3296-b6de-4a4f-9f14-ed5b0b2b0693.jpg.240p.jpg\"></a><a target=\"_blank\" href=\"https://en.riotpixels.com/games/sheltered-2/screenshots/7/?utm_source=emb-gfx-html&amp;utm_medium=image&amp;utm_campaign=rp-mass\" rel=\"noopener\"><img loading=\"lazy\" width=\"178\" height=\"100\" border=\"0\" src=\"https://s01.riotpixels.net/data/4f/ed/4fedb849-d5de-422b-a506-3e9d15750464.jpg.240p.jpg\"></a><a target=\"_blank\" href=\"https://en.riotpixels.com/games/sheltered-2/screenshots/6/?utm_source=emb-gfx-html&amp;utm_medium=image&amp;utm_campaign=rp-mass\" rel=\"noopener\"><img loading=\"lazy\" width=\"178\" height=\"100\" border=\"0\" src=\"https://s01.riotpixels.net/data/1f/ff/1fff44cd-bf81-4aaa-b374-8c373fdc0019.jpg.240p.jpg\"></a><br><a target=\"_blank\" href=\"https://en.riotpixels.com/games/sheltered-2/screenshots/4/?utm_source=emb-gfx-html&amp;utm_medium=image&amp;utm_campaign=rp-mass\" rel=\"noopener\"><img loading=\"lazy\" width=\"178\" height=\"100\" border=\"0\" src=\"https://s01.riotpixels.net/data/bb/40/bb401478-0101-4b36-a0e3-d04920a62486.png.240p.jpg\"></a><a target=\"_blank\" href=\"https://en.riotpixels.com/games/sheltered-2/screenshots/3/?utm_source=emb-gfx-html&amp;utm_medium=image&amp;utm_campaign=rp-mass\" rel=\"noopener\"><img loading=\"lazy\" width=\"178\" height=\"100\" border=\"0\" src=\"https://s01.riotpixels.net/data/73/a8/73a84793-934c-4b2c-a5ac-c98c4e7f2ada.jpg.240p.jpg\"></a><a target=\"_blank\" href=\"https://en.riotpixels.com/games/sheltered-2/screenshots/1/?utm_source=emb-gfx-html&amp;utm_medium=image&amp;utm_campaign=rp-mass\" rel=\"noopener\"><img loading=\"lazy\" width=\"178\" height=\"100\" border=\"0\" src=\"https://s01.riotpixels.net/data/2a/59/2a597123-6fc1-4a50-8aeb-a4202fc77863.jpg.240p.jpg\"></a></p><h3>Repack Features</h3><ul><li>Based on Sheltered.2-CODEX ISO release: codex-sheltered.2.iso (2,586,443,776 bytes)</li><li>100% Lossless &amp; MD5 Perfect: all files are identical to originals after installation</li><li>NOTHING ripped, NOTHING re-encoded</li><li>Significantly smaller archive size (compressed from 2.4 to 1.5 GB)</li><li>Installation takes 1-2 minutes</li><li>After-install integrity check so you could make sure that everything installed properly</li><li>HDD space after installation: 2.8 GB (5.3 GB during installation)</li><li>Language can be changed in game settings</li><li>At least 2 GB of free RAM (inc. virtual) required for installing this repack</li></ul><div ><div><h2>Game Description</h2></div><div >It\u2019s been twenty years since the world as we knew it ended. The last of humanity splintered into opposing factions. Will you unite or conquer?<p>Building upon the original 2015 fan-favourite, Sheltered 2 brings new challenges and deeper strategic gameplay. You are tasked with creating a leader and building up your faction whilst managing resources and tackling threats both natural and human. Everything from starvation and dehydration to radiation poisoning and enemy raids can prove fatal.</p><p>Sheltered 2\u2019s new Factions system is pivotal to a base\u2019s success. Send out expeditions to explore the vast wasteland and forge relationships, or bitter rivalries with other camps. Trade resources to grow and thrive together; or go head-to-head with rivals in an expanded combat system and grow your foothold in the wasteland. Will you ally with or dominate the other factions?</p><p><b><h3>Game Features</h3></b></p><ul><li><b>Factions:</b> New to Sheltered 2, the Factions system allows you to create relationships with other groups that will provide your base with resources and support. Or grab your weapons and take things the old-fashioned way.</li><li><b>Resource Management:</b> Balance the needs and wants of your survivors, manage scarce resources, craft what you need and maintain the shelter\u2019s equipment to keep the group alive.</li><li><b>Faction Leaders:</b> New in Sheltered 2, the faction leader is the most important member of a shelter, boasting their own unique and powerful traits, the faction leader will be pivotal to success, with their death meaning game over.</li><li><b>An Unforgiving Wasteland:</b> Starvation, asphyxiation, extreme temperatures and combat are just some of the challenges you\u2019ll face in the harsh wasteland of Sheltered 2, and without the ability to respawn, every decision could be fatal.</li><li><b>Combat &amp; Weapons:</b> When negotiations fail, wield a huge variety of makeshift weaponry against hostile outsiders. Fight to the death in turn-based combat to win the critical resources you need to survive.</li><li><b>Characters:</b> Your survivors have their own personalities, traits, desires and a huge list of skills to acquire. Customise them to your liking and make your faction members unique and individual.</li><li><b>Vehicles:</b> Find and fix more vehicles to explore the wasteland with, from Bicycles to Pick-up trucks.</li></ul></div></div>             </div>"
}