{
    "link": "https://fitgirl-repacks.site/sherlock-holmes-chapter-one/",
    "title": "Sherlock Holmes: Chapter One + 2 DLCs + Bonus Soundtrack",
    "first_img": "https://i4.imageban.ru/out/2021/11/16/2b08b22007aab887077fddef29d03227.jpg",
    "second_img": "https://s01.riotpixels.net/data/ef/3b/ef3b32af-37be-4457-b97a-b10db0967733.jpg.240p.jpg",
    "body": "<div ><h2>Sherlock Holmes: Chapter One + 2 DLCs + Bonus Soundtrack</h2><p ><div><a target=\"_blank\" href=\"https://en.riotpixels.com/games/sherlock-holmes-chapter-one/\" rel=\"noopener\"><img class=\"alignleft\" width=\"150\" src=\"https://i4.imageban.ru/out/2021/11/16/2b08b22007aab887077fddef29d03227.jpg\"></a></div><br>Genres/Tags: <strong>Adventure, Third-person, 3D</strong><br>Companies: <strong>Frogwares</strong><br>Languages: <strong>RUS/ENG/MULTI16</strong><br>Original Size: <strong>26.6 GB</strong><br>Repack Size: <strong>from 17.1 GB</strong> [Selective Download]</p>&nbsp;<div>&nbsp;</div><h3>Download Mirrors</h3><ul><li><a href=\"https://1337x.to/torrent/5054221/Sherlock-Holmes-Chapter-One-2-DLCs-Bonus-OST-MULTi16-FitGirl-Repack-Selective-Download-from-17-1-GB/\" target=\"_blank\" rel=\"noopener\">1337x</a> | [<a href=\"magnet:?xt=urn:btih:2E213538B266EFE9B185DD93A57446D54890EB1D&amp;dn=Sherlock+Holmes%3A+Chapter+One+%28%2B+2+DLCs+%2B+Bonus+OST%2C+MULTi16%29+%5BFitGirl+Repack%2C+Selective+Download+-+from+17.1+GB%5D&amp;tr=udp%3A%2F%2F46.148.18.250%3A2710&amp;tr=udp%3A%2F%2Fopentor.org%3A2710&amp;tr=udp%3A%2F%2Ftracker.coppersurfer.tk%3A6969%2Fannounce&amp;tr=udp%3A%2F%2Ftracker.opentrackr.org%3A1337%2Fannounce&amp;tr=http%3A%2F%2Ftracker.dler.org%3A6969%2Fannounce&amp;tr=udp%3A%2F%2Ftracker.leechers-paradise.org%3A6969%2Fannounce&amp;tr=udp%3A%2F%2F9.rarbg.me%3A2730%2Fannounce&amp;tr=udp%3A%2F%2F9.rarbg.to%3A2770%2Fannounce&amp;tr=udp%3A%2F%2Ftracker.pirateparty.gr%3A6969%2Fannounce&amp;tr=http%3A%2F%2Fretracker.local%2Fannounce&amp;tr=http%3A%2F%2Fretracker.ip.ncnet.ru%2Fannounce&amp;tr=udp%3A%2F%2Fexodus.desync.com%3A6969%2Fannounce&amp;tr=udp%3A%2F%2Fipv4.tracker.harry.lu%3A80%2Fannounce&amp;tr=udp%3A%2F%2Fopen.stealth.si%3A80%2Fannounce&amp;tr=udp%3A%2F%2Ftracker.zer0day.to%3A1337%2Fannounce&amp;tr=udp%3A%2F%2Ftracker.leechers-paradise.org%3A6969%2Fannounce&amp;tr=udp%3A%2F%2Fcoppersurfer.tk%3A6969%2Fannounce\">magnet</a>] [<a href=\"https://pastefg.hermietkreeft.site/?7bc6a0925d3cc013#6MXFQhTCHCNeZmr4cG8wUGDnb9J3p8w7bLAePPQnwNHD\" target=\"_blank\" rel=\"noopener\">.torrent file only</a>] <br><img src=\"https://torrent-stats.info/dd93/408a35a7c.png\" style=\"display:block;clear:both\"></li><li><a href=\"http://rutor.info/torrent/845940/sherlock-holmes-chapter-one-dlcs-ost-2021-pc-repack-ot-fitgirl\" target=\"_blank\" rel=\"noopener\">RuTor</a> [<a href=\"magnet:?xt=urn:btih:2e213538b266efe9b185dd93a57446d54890eb1d&amp;dn=rutor.info_Sherlock+Holmes%3A+Chapter+One+%5B%2B+DLCs+%2B+OST%5D+%282021%29+PC+%7C+RePack+%D0%BE%D1%82+FitGirl&amp;tr=udp://opentor.net:6969&amp;tr=udp://opentor.org:2710&amp;tr=http://retracker.local/announce\">magnet</a>]</li><li><a href=\"https://tapochek.net/viewtopic.php?p=2812911\" target=\"_blank\" rel=\"noopener\">Tapochek.net</a></li><li><a href=\"https://pastefg.hermietkreeft.site/?f8b98fbfd593e658#Gepd7aJ7qraujQYQ7aN3Ydj2Tv65HQTcVMXRNCT3M35D\" target=\"_blank\" rel=\"noopener\">Filehoster: MultiUpload</a> (10+ hosters, interchangeable) [Use <a href=\"http://jdownloader.org/jdownloader2\" target=\"_blank\" rel=\"noopener\">JDownloader2</a>]</li><li><a href=\"https://pastefg.hermietkreeft.site/?f8ed01b1dfb65bdb#8p19AinHN7FxFGnUaKwGHmq2FDZtKezvVtVYCTskEFun\" target=\"_blank\" rel=\"noopener\">Filehoster: ZippyShare</a></li><li><a href=\"https://pastefg.hermietkreeft.site/?66eb8f0fe165cf6d#F3K8JcLsht5f7QiZZJZrLE4rUnqJueE9GqZkanHpmLkV\" target=\"_blank\" rel=\"noopener\">Filehoster: BayFiles</a></li><li><a href=\"https://pastefg.hermietkreeft.site/?182788c4d9e1228d#8EjShVcSJRHSJ9Wa8PLbTonwB1jpXgXmHBuT52vR8x5v\" target=\"_blank\" rel=\"noopener\">Filehoster: LetsUpload</a> [Use <a href=\"http://jdownloader.org/jdownloader2\" target=\"_blank\" rel=\"noopener\">JDownloader2</a>]</li><li><a href=\"https://pastefg.hermietkreeft.site/?c16c53201d7e90e9#FSWnsJuD7Yy4v7KBQsbJt5iMggF1hVdjtgnyt4xpyXEV\" target=\"_blank\" rel=\"noopener\">Filehoster: OneDrive</a> (Uploaded by DyR0 t(-_-t), NOT compatible with other mirrors)</li><p><!--  <li><a href=\"\" target=\"_blank\" rel=\"noopener\">Filehosters: Google Drive, OneDrive + others</a> (Uploaded by crackhub213)</li>  --></p></ul><p><a href=\"https://cs.rin.ru/forum/viewtopic.php?f=10&amp;t=105670\" target=\"_blank\" rel=\"noopener\">Discussion and (possible) future updates on CS.RIN.RU thread</a></p><h3>Screenshots (Click to enlarge)</h3><p><a target=\"_blank\" href=\"https://en.riotpixels.com/games/sherlock-holmes-chapter-one/screenshots/21/?utm_source=emb-gfx-html&amp;utm_medium=image&amp;utm_campaign=rp-mass\" rel=\"noopener\"><img loading=\"lazy\" width=\"178\" height=\"100\" border=\"0\" src=\"https://s01.riotpixels.net/data/ef/3b/ef3b32af-37be-4457-b97a-b10db0967733.jpg.240p.jpg\"></a><a target=\"_blank\" href=\"https://en.riotpixels.com/games/sherlock-holmes-chapter-one/screenshots/18/?utm_source=emb-gfx-html&amp;utm_medium=image&amp;utm_campaign=rp-mass\" rel=\"noopener\"><img loading=\"lazy\" width=\"178\" height=\"100\" border=\"0\" src=\"https://s01.riotpixels.net/data/99/9a/999acab1-90dd-4eab-a270-29499fbc87f3.jpg.240p.jpg\"></a><a target=\"_blank\" href=\"https://en.riotpixels.com/games/sherlock-holmes-chapter-one/screenshots/7/?utm_source=emb-gfx-html&amp;utm_medium=image&amp;utm_campaign=rp-mass\" rel=\"noopener\"><img loading=\"lazy\" width=\"178\" height=\"100\" border=\"0\" src=\"https://s01.riotpixels.net/data/76/48/7648ea69-0b87-4de7-b23f-37ed457f0ba3.jpg.240p.jpg\"></a><br><a target=\"_blank\" href=\"https://en.riotpixels.com/games/sherlock-holmes-chapter-one/screenshots/4/?utm_source=emb-gfx-html&amp;utm_medium=image&amp;utm_campaign=rp-mass\" rel=\"noopener\"><img loading=\"lazy\" width=\"178\" height=\"100\" border=\"0\" src=\"https://s01.riotpixels.net/data/8b/32/8b322268-3bf2-4755-b4ef-dc1df84f1a93.jpg.240p.jpg\"></a><a target=\"_blank\" href=\"https://en.riotpixels.com/games/sherlock-holmes-chapter-one/screenshots/3/?utm_source=emb-gfx-html&amp;utm_medium=image&amp;utm_campaign=rp-mass\" rel=\"noopener\"><img loading=\"lazy\" width=\"178\" height=\"100\" border=\"0\" src=\"https://s01.riotpixels.net/data/05/fb/05fb0736-2f0d-4fea-8a6b-cce3a364d462.jpg.240p.jpg\"></a><a target=\"_blank\" href=\"https://en.riotpixels.com/games/sherlock-holmes-chapter-one/screenshots/1/?utm_source=emb-gfx-html&amp;utm_medium=image&amp;utm_campaign=rp-mass\" rel=\"noopener\"><img loading=\"lazy\" width=\"178\" height=\"100\" border=\"0\" src=\"https://s01.riotpixels.net/data/91/e2/91e22858-5185-4786-88e6-212ac4262217.jpg.240p.jpg\"></a></p><h3>Repack Features</h3><ul><li>Based on Sherlock.Holmes.Chapter.One-CODEX ISO release: codex-sherlock.holmes.chapter.one.iso (28,200,894,464 bytes)</li><li>Sherlock.Holmes.Chapter.One.DLC.Unlocker-CODEX applied over; 2 DLCs (Victorian Starter Pack &amp; Saints and Sinners) are included and activated</li><li>Bonus Soundtrack in MP3 format (358 MB) added as an optional download, thanks to InsaneRamZes!</li><li>100% Lossless &amp; MD5 Perfect: all files are identical to originals after installation</li><li>NOTHING ripped, NOTHING re-encoded</li><li>Selective Download feature: you may skip downloading and installing of bonus soundtrack and credits video</li><li>Significantly smaller archive size (compressed from cumulative 26.6 to 17.1~17.6 GB, depending on selected components)</li><li>Installation takes from 5 minutes (on 16-threads CPU) to 20 minutes (on 4-threads CPU)</li><li>After-install integrity check so you could make sure that everything installed properly</li><li>HDD space after installation: up to 27.2 GB</li><li>Language can be changed in game settings</li><li>Repack uses XTool library by Razor12911</li><li>At least 2 GB of free RAM (inc. virtual) required for installing this repack</li><li>Use \u201cSherlock Holmes DX11\u201d desktop icon to run the game on Windows 7</li></ul><div ><div><h2>Game Description</h2></div><div >As Sherlock, your legacy is written by the decisions you make in this open world detective adventure. Deception, violence, and deduction are just a few resources in your arsenal\u2014your mysterious companion and sounding board, Jon, is another.<p>Whether you choose brute force to solve problems or stay one step ahead of your enemies by using your wits to spot vulnerabilities, you decide what each situation demands as you hone your investigative skills. It\u2019s time to confront your past so you can become the legend you\u2019re destined to be.</p><p><b><h3>Game Features</h3></b></p><ul><li><b>The Man Before:</b> As a cavalier young Sherlock on the precipice of adulthood, you\u2019ll earn your reputation in a way no game or story has explored before. We\u2019ve never seen the youthful arrogance and naivet\u00e9 of the man before the legend\u2014now you\u2019re living it.</li><li><b>Global Investigation:</b> You never know where your next clue will come from. Explore and exploit the entire city in your pursuit of truth, using clues, rumors, disguises, tags, and pinned evidence to build a solid case within your mind palace.</li><li><b>And Stay Down:</b> Weapons might help you in a pinch, but there\u2019s something to be said for style\u2014and you have it in spades. Spot enemy vulnerabilities with your brilliant observation skills, or exploit the environment to take someone down while keeping your own hands clean.</li><li><b>A Different Jon:</b> Before John Watson, there was a different Jon \u2013 your best and only friend. But who is he, really?</li><li><b>A Darkening Tide:</b> Set in the 19th century, the vibrant island in the Mediterranean promises anything but paradise. Political corruption and crime run rampant while the islanders cling to tradition and eschew outsiders, making your job even more difficult.</li><li><b>Truth and Lies:</b> There are two sides to every story, and the proud islanders have their own ideas about truth and justice. It\u2019s up to you to decide whether uncovering the truth will do more harm than good\u2014and how that will shape the man you\u2019ll become.</li></ul></div></div>             </div>"
}