{
    "link": "https://fitgirl-repacks.site/shipwreck-escape/",
    "title": "Shipwreck Escape",
    "first_img": "https://i4.imageban.ru/out/2021/07/13/c266cec5804d1258dc95a79fb856cf5b.jpg",
    "second_img": "https://s01.riotpixels.net/data/66/a8/66a84c3e-bc34-4808-bda4-c085437147ec.jpg.240p.jpg",
    "body": "<div ><h2>Shipwreck Escape</h2><p ><div><a target=\"_blank\" href=\"https://en.riotpixels.com/games/shipwreck-escape/\" rel=\"noopener\"><img class=\"alignleft\" width=\"150\" src=\"https://i4.imageban.ru/out/2021/07/13/c266cec5804d1258dc95a79fb856cf5b.jpg\"></a></div><br>Genres/Tags: <strong>Arcade, Platform adventure, Puzzle solving, Side, 3D</strong><br>Company: <strong>Raccoons Studio</strong><br>Language: <strong>ENG</strong><br>Original Size: <strong>3.9 GB</strong><br>Repack Size: <strong>1.7 GB</strong></p>&nbsp;<div>&nbsp;</div><h3>Download Mirrors</h3><ul><li><a href=\"https://1337x.to/torrent/4903721/Shipwreck-Escape-FitGirl-Repack/\" target=\"_blank\" rel=\"noopener\">1337x</a> | [<a href=\"magnet:?xt=urn:btih:00431106C032A86C7B9D6ABBBDFED5B0821F3497&amp;dn=Shipwreck+Escape+%5BFitGirl+Repack%5D&amp;tr=udp%3A%2F%2F46.148.18.250%3A2710&amp;tr=udp%3A%2F%2Fopentor.org%3A2710&amp;tr=udp%3A%2F%2Ftracker.coppersurfer.tk%3A6969%2Fannounce&amp;tr=udp%3A%2F%2Ftracker.opentrackr.org%3A1337%2Fannounce&amp;tr=http%3A%2F%2Ftracker.dler.org%3A6969%2Fannounce&amp;tr=udp%3A%2F%2Ftracker.leechers-paradise.org%3A6969%2Fannounce&amp;tr=udp%3A%2F%2F9.rarbg.me%3A2730%2Fannounce&amp;tr=udp%3A%2F%2F9.rarbg.to%3A2770%2Fannounce&amp;tr=udp%3A%2F%2Ftracker.pirateparty.gr%3A6969%2Fannounce&amp;tr=http%3A%2F%2Fretracker.local%2Fannounce&amp;tr=http%3A%2F%2Fretracker.ip.ncnet.ru%2Fannounce&amp;tr=udp%3A%2F%2Fexodus.desync.com%3A6969%2Fannounce&amp;tr=udp%3A%2F%2Fipv4.tracker.harry.lu%3A80%2Fannounce&amp;tr=udp%3A%2F%2Fopen.stealth.si%3A80%2Fannounce&amp;tr=udp%3A%2F%2Ftracker.zer0day.to%3A1337%2Fannounce&amp;tr=udp%3A%2F%2Ftracker.leechers-paradise.org%3A6969%2Fannounce&amp;tr=udp%3A%2F%2Fcoppersurfer.tk%3A6969%2Fannounce\">magnet</a>] [<a href=\"https://pastefg.hermietkreeft.site/?029cab30cc545640#BBGY4CQD6CPWu7YcLVERwaPMWxsATabifwQq7wXZs3Sx\" target=\"_blank\" rel=\"noopener\">.torrent file only</a>] <br><img src=\"https://torrent-stats.info/6abb/1e064997b.png\" style=\"display:block;clear:both\"></li><li><a href=\"https://tapochek.net/viewtopic.php?p=2786252\" target=\"_blank\" rel=\"noopener\">Tapochek.net</a></li><li><a href=\"https://pastefg.hermietkreeft.site/?78d271413c4f2030#3hUN3ANNXJWs4915Nrku76nacDD4D4EeNWsdk49S5tUN\" target=\"_blank\" rel=\"noopener\">Filehoster: MultiUpload</a> (10+ hosters, interchangeable) [Use <a href=\"http://jdownloader.org/jdownloader2\" target=\"_blank\" rel=\"noopener\">JDownloader2</a>]</li><li><a href=\"https://pastefg.hermietkreeft.site/?d85a6879309c1af3#ENeZmHxxX34nJtMABb4UxvZrjj5sC8qXSWZ7g7btqCbM\" target=\"_blank\" rel=\"noopener\">Filehoster: PixelDrain</a></li><li><a href=\"https://pastefg.hermietkreeft.site/?a24b9516747ab67a#JCS4wXBzo7CzSRDfGqqjeW9QHuXpAdQJtq3jPjQqLh2Q\" target=\"_blank\" rel=\"noopener\">Filehoster: LetsUpload</a> [Use <a href=\"http://jdownloader.org/jdownloader2\" target=\"_blank\" rel=\"noopener\">JDownloader2</a>]</li><li><a href=\"https://crackhub.site/shipwreck-escape-fitgirl-repack/\" target=\"_blank\" rel=\"noopener\">Filehosters: Google Drive, OneDrive + others</a> (Uploaded by crackhub213)</li><li><a href=\"https://pastefg.hermietkreeft.site/?90492597b2e24aa5#Hop12xUufsTjZ38ez7FamYdnQmzTUNRmNdhQFpdqCt5k\" target=\"_blank\" rel=\"noopener\">Filehoster: OneDrive</a> (Uploaded by DyR0 t(-_-t), NOT compatible with other mirrors)</li></ul><p><a href=\"https://cs.rin.ru/forum/viewtopic.php?f=10&amp;t=114137\" target=\"_blank\" rel=\"noopener\">Discussion and (possible) future updates on CS.RIN.RU thread</a></p><h3>Screenshots (Click to enlarge)</h3><p><a target=\"_blank\" href=\"https://en.riotpixels.com/games/shipwreck-escape/screenshots/13/?utm_source=emb-gfx-html&amp;utm_medium=image&amp;utm_campaign=rp-mass\" rel=\"noopener\"><img loading=\"lazy\" width=\"177\" height=\"100\" border=\"0\" src=\"https://s01.riotpixels.net/data/66/a8/66a84c3e-bc34-4808-bda4-c085437147ec.jpg.240p.jpg\"></a><a target=\"_blank\" href=\"https://en.riotpixels.com/games/shipwreck-escape/screenshots/12/?utm_source=emb-gfx-html&amp;utm_medium=image&amp;utm_campaign=rp-mass\" rel=\"noopener\"><img loading=\"lazy\" width=\"178\" height=\"100\" border=\"0\" src=\"https://s01.riotpixels.net/data/50/0c/500cc9de-aa84-4b26-9829-17584bae3a83.jpg.240p.jpg\"></a><a target=\"_blank\" href=\"https://en.riotpixels.com/games/shipwreck-escape/screenshots/11/?utm_source=emb-gfx-html&amp;utm_medium=image&amp;utm_campaign=rp-mass\" rel=\"noopener\"><img loading=\"lazy\" width=\"178\" height=\"100\" border=\"0\" src=\"https://s01.riotpixels.net/data/ae/9b/ae9ba040-3c94-4581-b6c2-cc5c7403b49f.jpg.240p.jpg\"></a><br><a target=\"_blank\" href=\"https://en.riotpixels.com/games/shipwreck-escape/screenshots/10/?utm_source=emb-gfx-html&amp;utm_medium=image&amp;utm_campaign=rp-mass\" rel=\"noopener\"><img loading=\"lazy\" width=\"178\" height=\"100\" border=\"0\" src=\"https://s01.riotpixels.net/data/b5/47/b5473d50-c6f1-48ac-93ac-0858b713856a.jpg.240p.jpg\"></a><a target=\"_blank\" href=\"https://en.riotpixels.com/games/shipwreck-escape/screenshots/9/?utm_source=emb-gfx-html&amp;utm_medium=image&amp;utm_campaign=rp-mass\" rel=\"noopener\"><img loading=\"lazy\" width=\"178\" height=\"100\" border=\"0\" src=\"https://s01.riotpixels.net/data/ee/7e/ee7ef95b-11b1-4426-a06d-b2c46392ea64.jpg.240p.jpg\"></a><a target=\"_blank\" href=\"https://en.riotpixels.com/games/shipwreck-escape/screenshots/4/?utm_source=emb-gfx-html&amp;utm_medium=image&amp;utm_campaign=rp-mass\" rel=\"noopener\"><img loading=\"lazy\" width=\"178\" height=\"100\" border=\"0\" src=\"https://s01.riotpixels.net/data/29/66/29665d17-c21f-40c1-89b6-75a2b9f5213d.jpg.240p.jpg\"></a></p><h3>Repack Features</h3><ul><li>Based on Shipwreck.Escape-CODEX ISO release: codex-shipwreck.escape.iso (4,235,296,768 bytes)</li><li>100% Lossless &amp; MD5 Perfect: all files are identical to originals after installation</li><li>NOTHING ripped, NOTHING re-encoded</li><li>Significantly smaller archive size (compressed from 3.9 to 1.7 GB)</li><li>Installation takes 4-8 minutes (depending on your system)</li><li>After-install integrity check so you could make sure that everything installed properly</li><li>HDD space after installation: 5.9 GB (22 GB during installation)</li><li>At least 2 GB of free RAM (inc. virtual) required for installing this repack</li></ul><div ><div><h2>Game Description</h2></div><div >Shipwreck Escape is a 2.5D immersive game with puzzle elements. The catastrophe happened when the cruise ship was sailing from Athens to Dubai. The main character is a croupier in a ship\u2019s casino and he got stuck in this sinking hell.<p>Solve the puzzles, save other passengers, control the two characters to walk through all levels to freedom, and find out the reason for the catastrophe.</p><p><b><h3>Game Features</h3></b></p><ul><li>Atmosphere of the sinking ship and panic all around.</li><li>Control two characters who have to help each other to escape.</li><li>There are many passengers who got into traps, but the time to escape is limited and only you decide whether to stay and help or save yourself.</li><li>Find the way through all obstacles: fire, steam, electrical hazards, and more.</li><li>The game keeps suspenseful. Rushing water is always one step behind.</li><li>Solve the puzzles on your way to freedom.</li><li>More than 20 handcrafted levels with increasing difficulty (cabins, engine zone, casino, park, restaurants, and more).</li><li>Thriller element \u2013 you can find out who is guilty of causing this catastrophe.</li><li>The end of the game depends on your decision.</li></ul></div></div>             </div>"
}