{
    "link": "https://fitgirl-repacks.site/ship-graveyard-simulator/",
    "title": "Ship Graveyard Simulator",
    "first_img": "https://i1.imageban.ru/out/2021/11/11/0302d2c155e5310d8a2da62b3c4b8132.jpg",
    "second_img": "https://s01.riotpixels.net/data/74/61/746111d3-808e-4a85-9453-c4eb3e2c8d43.jpg.240p.jpg",
    "body": "<div ><h2>Ship Graveyard Simulator</h2><p ><div><a target=\"_blank\" href=\"https://en.riotpixels.com/games/ship-graveyard-simulator/\" rel=\"noopener\"><img class=\"alignleft\" width=\"150\" src=\"https://i1.imageban.ru/out/2021/11/11/0302d2c155e5310d8a2da62b3c4b8132.jpg\"></a></div><br>Genres/Tags: <strong>Lifestyle, First-person, Civilian ships, 3D</strong><br>Companies: <strong>Games Incubator, PlayWay S.A.</strong><br>Languages: <strong>RUS/ENG/MULTI13</strong><br>Original Size: <strong>8.5 GB</strong><br>Repack Size: <strong>5 GB</strong></p>&nbsp;<div>&nbsp;</div><h3>Download Mirrors</h3><ul><li><a href=\"https://1337x.to/torrent/5048304/Ship-Graveyard-Simulator-MULTi13-FitGirl-Repack/\" target=\"_blank\" rel=\"noopener\">1337x</a> | [<a href=\"magnet:?xt=urn:btih:FDE3D9F3125CAE59F6EFC07032D6817EB2669A10&amp;dn=Ship+Graveyard+Simulator+%28MULTi13%29+%5BFitGirl+Repack%5D&amp;tr=udp%3A%2F%2F46.148.18.250%3A2710&amp;tr=udp%3A%2F%2Fopentor.org%3A2710&amp;tr=udp%3A%2F%2Ftracker.coppersurfer.tk%3A6969%2Fannounce&amp;tr=udp%3A%2F%2Ftracker.opentrackr.org%3A1337%2Fannounce&amp;tr=http%3A%2F%2Ftracker.dler.org%3A6969%2Fannounce&amp;tr=udp%3A%2F%2Ftracker.leechers-paradise.org%3A6969%2Fannounce&amp;tr=udp%3A%2F%2F9.rarbg.me%3A2730%2Fannounce&amp;tr=udp%3A%2F%2F9.rarbg.to%3A2770%2Fannounce&amp;tr=udp%3A%2F%2Ftracker.pirateparty.gr%3A6969%2Fannounce&amp;tr=http%3A%2F%2Fretracker.local%2Fannounce&amp;tr=http%3A%2F%2Fretracker.ip.ncnet.ru%2Fannounce&amp;tr=udp%3A%2F%2Fexodus.desync.com%3A6969%2Fannounce&amp;tr=udp%3A%2F%2Fipv4.tracker.harry.lu%3A80%2Fannounce&amp;tr=udp%3A%2F%2Fopen.stealth.si%3A80%2Fannounce&amp;tr=udp%3A%2F%2Ftracker.zer0day.to%3A1337%2Fannounce&amp;tr=udp%3A%2F%2Ftracker.leechers-paradise.org%3A6969%2Fannounce&amp;tr=udp%3A%2F%2Fcoppersurfer.tk%3A6969%2Fannounce\">magnet</a>] [<a href=\"https://pastefg.hermietkreeft.site/?b562d74b07c13de6#SfJqqSYgzLi9zFgCerFuqXMnT7Js4Ym7gECPzy1jP2a\" target=\"_blank\" rel=\"noopener\">.torrent file only</a>] <br><img src=\"https://torrent-stats.info/c070/37f6a2340.png\" style=\"display:block;clear:both\"></li><li><a href=\"http://rutor.info/torrent/845024/ship-graveyard-simulator-2021-pc-repack-ot-fitgirl\" target=\"_blank\" rel=\"noopener\">RuTor</a> [<a href=\"magnet:?xt=urn:btih:fde3d9f3125cae59f6efc07032d6817eb2669a10&amp;dn=rutor.info_Ship+Graveyard+Simulator+%282021%29+PC+%7C+RePack+%D0%BE%D1%82+FitGirl&amp;tr=udp://opentor.net:6969&amp;tr=udp://opentor.org:2710&amp;tr=http://retracker.local/announce\">magnet</a>]</li><li><a href=\"https://tapochek.net/viewtopic.php?p=2811560\" target=\"_blank\" rel=\"noopener\">Tapochek.net</a></li><li><a href=\"https://pastefg.hermietkreeft.site/?8c5dbec3747fca1a#CW4MFja9YxGHy8HNucXLVihX2if8cefGtuBYMYzJzngW\" target=\"_blank\" rel=\"noopener\">Filehoster: MultiUpload</a> (10+ hosters, interchangeable) [Use <a href=\"http://jdownloader.org/jdownloader2\" target=\"_blank\" rel=\"noopener\">JDownloader2</a>]</li><li><a href=\"https://pastefg.hermietkreeft.site/?403e35e18d0f7e44#ByAkgrPrZKQWn7V7xBs3nRWVycCrchDT227B6dwZo7X2\" target=\"_blank\" rel=\"noopener\">Filehoster: ZippyShare</a></li><li><a href=\"https://pastefg.hermietkreeft.site/?871dab4ad46c4b2b#Gk7KY4M4WZVCjNzBAsxcPtZjBqv1AoTMjbu1qhgfhhEe\" target=\"_blank\" rel=\"noopener\">Filehoster: BayFiles</a></li><li><a href=\"https://pastefg.hermietkreeft.site/?7b52447c1e71df4a#Bsvj4gWP8EvdyZjEkQqkgqsFsGMr7iouf3WXEMMQHmmo\" target=\"_blank\" rel=\"noopener\">Filehoster: LetsUpload</a> [Use <a href=\"http://jdownloader.org/jdownloader2\" target=\"_blank\" rel=\"noopener\">JDownloader2</a>]</li><li><a href=\"https://pastefg.hermietkreeft.site/?ca1ab7c3970f5ef4#FLkzmqvWXfSKTUCxVYRZjoM3ga91MkqJtMv8B8K5rVbw\" target=\"_blank\" rel=\"noopener\">Filehoster: OneDrive</a> (Uploaded by DyR0 t(-_-t), NOT compatible with other mirrors)</li><p><!--  <li><a href=\"\" target=\"_blank\" rel=\"noopener\">Filehosters: Google Drive, OneDrive + others</a> (Uploaded by crackhub213)</li>  --></p></ul><p><a href=\"https://cs.rin.ru/forum/viewtopic.php?f=10&amp;t=108029\" target=\"_blank\" rel=\"noopener\">Discussion and (possible) future updates on CS.RIN.RU thread</a></p><h3>Screenshots (Click to enlarge)</h3><p><a target=\"_blank\" href=\"https://en.riotpixels.com/games/ship-graveyard-simulator/screenshots/19/?utm_source=emb-gfx-html&amp;utm_medium=image&amp;utm_campaign=rp-mass\" rel=\"noopener\"><img loading=\"lazy\" width=\"178\" height=\"100\" border=\"0\" src=\"https://s01.riotpixels.net/data/74/61/746111d3-808e-4a85-9453-c4eb3e2c8d43.jpg.240p.jpg\"></a><a target=\"_blank\" href=\"https://en.riotpixels.com/games/ship-graveyard-simulator/screenshots/18/?utm_source=emb-gfx-html&amp;utm_medium=image&amp;utm_campaign=rp-mass\" rel=\"noopener\"><img loading=\"lazy\" width=\"178\" height=\"100\" border=\"0\" src=\"https://s01.riotpixels.net/data/c0/23/c023f128-4ecf-45f3-800a-c84a98094797.jpg.240p.jpg\"></a><a target=\"_blank\" href=\"https://en.riotpixels.com/games/ship-graveyard-simulator/screenshots/14/?utm_source=emb-gfx-html&amp;utm_medium=image&amp;utm_campaign=rp-mass\" rel=\"noopener\"><img loading=\"lazy\" width=\"178\" height=\"100\" border=\"0\" src=\"https://s01.riotpixels.net/data/29/c1/29c18e69-622a-49f5-abaf-aae6d2595b35.jpg.240p.jpg\"></a><br><a target=\"_blank\" href=\"https://en.riotpixels.com/games/ship-graveyard-simulator/screenshots/13/?utm_source=emb-gfx-html&amp;utm_medium=image&amp;utm_campaign=rp-mass\" rel=\"noopener\"><img loading=\"lazy\" width=\"178\" height=\"100\" border=\"0\" src=\"https://s01.riotpixels.net/data/3e/8e/3e8e0cf2-20f9-4069-88c2-1abe67fe9687.jpg.240p.jpg\"></a><a target=\"_blank\" href=\"https://en.riotpixels.com/games/ship-graveyard-simulator/screenshots/6/?utm_source=emb-gfx-html&amp;utm_medium=image&amp;utm_campaign=rp-mass\" rel=\"noopener\"><img loading=\"lazy\" width=\"178\" height=\"100\" border=\"0\" src=\"https://s01.riotpixels.net/data/01/62/0162460e-67b1-42b5-9b87-e37e54e64641.jpg.240p.jpg\"></a><a target=\"_blank\" href=\"https://en.riotpixels.com/games/ship-graveyard-simulator/screenshots/3/?utm_source=emb-gfx-html&amp;utm_medium=image&amp;utm_campaign=rp-mass\" rel=\"noopener\"><img loading=\"lazy\" width=\"178\" height=\"100\" border=\"0\" src=\"https://s01.riotpixels.net/data/72/64/726444e3-46e3-4b67-adf6-3763b4f9c53c.jpg.240p.jpg\"></a></p><h3>Repack Features</h3><ul><li>Based on Ship.Graveyard.Simulator-PLAZA ISO release: plaza-ship.graveyard.simulator.iso (9,082,011,648 bytes)</li><li>100% Lossless &amp; MD5 Perfect: all files are identical to originals after installation</li><li>NOTHING ripped, NOTHING re-encoded</li><li>Significantly smaller archive size (compressed from 8.5 to 5 GB)</li><li>Installation takes 2-3 minutes (depending on your system)</li><li>After-install integrity check so you could make sure that everything installed properly</li><li>HDD space after installation: 20.1 GB</li><li>Language can be changed in game settings</li><li>At least 2 GB of free RAM (inc. virtual) required for installing this repack</li></ul><div ><div><h2>Game Description</h2></div><div ><p><b>CHOOSE SHIP:</b><br>Visit the largest ship graveyard in the world. A dozen kilometers of beach filled with wrecks. Lots of valuable materials in ships wrecked on the coast. Thousands of tons of steel. Choose the most valuable ship for you and start the adventure. Play as one of the workers during the most dangerous work in the world. Cut, hit, weld! Dismantle one of the available parts of the ship, and sell the obtained parts and upgrade your equipment.</p><p><b>FIND VALUABLE ELEMENTS:</b><br>Explore all decks of the ship for valuable items. Take advantage of the opportunity to explore the mysterious spaces hidden inside these amazing colossi.</p><p><b>DISMANTLE:</b><br>The job of a worker dismantling ships is one of the most dangerous in the world. Demolition with only basic tools. If you are not afraid to get your hands dirty with oils and other substances, take the hammer in your hands and go to work, you have many ships to destroy.</p><p><b>TRADE:</b><br>You can sell or exchange the acquired items for other items.</p><p><b>BE CAREFUL:</b><br>Be careful, you can have a serious accident or even die at any time.</p></div></div>             </div>"
}