{
    "link": "https://fitgirl-repacks.site/siege-survival-gloria-victis/",
    "title": "Siege Survival: Gloria Victis \u2013 v20210712 (Community Update #2)",
    "first_img": "https://i6.imageban.ru/out/2021/08/23/b69c7290a2cfe9c7ad2d554ee7af25fe.jpg",
    "second_img": "https://s01.riotpixels.net/data/ae/73/ae7391d1-b676-449d-82be-e9e378e759e8.jpg.240p.jpg",
    "body": "<div ><h2>Siege Survival: Gloria Victis \u2013 v20210712 (Community Update #2)</h2><p ><div><a target=\"_blank\" href=\"http://en.riotpixels.com/games/siege-survival-gloria-victis/\" rel=\"noopener\"><img class=\"alignleft\" width=\"150\" src=\"https://i6.imageban.ru/out/2021/08/23/b69c7290a2cfe9c7ad2d554ee7af25fe.jpg\"></a></div><br>Genres/Tags: <strong>Managerial, Strategy, Survival, Top-down, Real-time, 3D</strong><br>Companies: <strong>Black Eye Games, FishTankStudio, Ravenscourt</strong><br>Languages: <strong>RUS/ENG/MULTI13</strong><br>Original Size: <strong>6.9 GB</strong><br>Repack Size: <strong>5 GB</strong></p>&nbsp;<div>&nbsp;</div><h3>Download Mirrors</h3><ul><li><a href=\"https://1337x.to/torrent/4961706/Siege-Survival-Gloria-Victis-v20210712-Community-Update-2-MULTi13-FitGirl-Repack/\" target=\"_blank\" rel=\"noopener\">1337x</a> | [<a href=\"magnet:?xt=urn:btih:DD3241524738F1493290E74E30B92223AC2E9BE0&amp;dn=Siege+Survival%3A+Gloria+Victis+%28v20210712%2FCommunity+Update+%232%2C+MULTi13%29+%5BFitGirl+Repack%5D&amp;tr=udp%3A%2F%2F46.148.18.250%3A2710&amp;tr=udp%3A%2F%2Fopentor.org%3A2710&amp;tr=udp%3A%2F%2Ftracker.coppersurfer.tk%3A6969%2Fannounce&amp;tr=udp%3A%2F%2Ftracker.opentrackr.org%3A1337%2Fannounce&amp;tr=http%3A%2F%2Ftracker.dler.org%3A6969%2Fannounce&amp;tr=udp%3A%2F%2Ftracker.leechers-paradise.org%3A6969%2Fannounce&amp;tr=udp%3A%2F%2F9.rarbg.me%3A2730%2Fannounce&amp;tr=udp%3A%2F%2F9.rarbg.to%3A2770%2Fannounce&amp;tr=udp%3A%2F%2Ftracker.pirateparty.gr%3A6969%2Fannounce&amp;tr=http%3A%2F%2Fretracker.local%2Fannounce&amp;tr=http%3A%2F%2Fretracker.ip.ncnet.ru%2Fannounce&amp;tr=udp%3A%2F%2Fexodus.desync.com%3A6969%2Fannounce&amp;tr=udp%3A%2F%2Fipv4.tracker.harry.lu%3A80%2Fannounce&amp;tr=udp%3A%2F%2Fopen.stealth.si%3A80%2Fannounce&amp;tr=udp%3A%2F%2Ftracker.zer0day.to%3A1337%2Fannounce&amp;tr=udp%3A%2F%2Ftracker.leechers-paradise.org%3A6969%2Fannounce&amp;tr=udp%3A%2F%2Fcoppersurfer.tk%3A6969%2Fannounce\">magnet</a>] [<a href=\"https://pastefg.hermietkreeft.site/?6c14203b00053de4#6fZ4Nf8griqca2y6TxugGD3CeuutnR7xPsxpkqm8jnUB\" target=\"_blank\" rel=\"noopener\">.torrent file only</a>] <br><img src=\"https://torrent-stats.info/e74e/41d5c9b4a.png\" style=\"display:block;clear:both\"></li><li><a href=\"http://rutor.info/torrent/831051/siege-survival-gloria-victis-v-20210712-2021-pc-repack-ot-fitgirl\" target=\"_blank\" rel=\"noopener\">RuTor</a> [<a href=\"magnet:?xt=urn:btih:dd3241524738f1493290e74e30b92223ac2e9be0&amp;dn=rutor.info_Siege+Survival%3A+Gloria+Victis+%5Bv+20210712%5D+%282021%29+PC+%7C+RePack+%D0%BE%D1%82+FitGirl&amp;tr=udp://opentor.org:2710&amp;tr=udp://opentor.org:2710&amp;tr=http://retracker.local/announce\">magnet</a>]</li><li><a href=\"https://tapochek.net/viewtopic.php?p=2796291\" target=\"_blank\" rel=\"noopener\">Tapochek.net</a></li><li><a href=\"https://pastefg.hermietkreeft.site/?5fba22490c6e6d1d#EJjV8KRdhLJ5eqfizNfshkyDzwtGPqSXifTa4tpjJUzP\" target=\"_blank\" rel=\"noopener\">Filehoster: MultiUpload</a> (10+ hosters, interchangeable) [Use <a href=\"http://jdownloader.org/jdownloader2\" target=\"_blank\" rel=\"noopener\">JDownloader2</a>]</li><li><a href=\"https://pastefg.hermietkreeft.site/?72c58ad68815c22d#2DCzywtUw9H8fLL79zeSmRNDaPyJy9JSGwrusj8y9JBU\" target=\"_blank\" rel=\"noopener\">Filehoster: PixelDrain</a></li><li><a href=\"https://pastefg.hermietkreeft.site/?4efe8cc568f58122#6VrZtFamWB9yfvoqQoWfiJ5TcBEuj5GB4t8dA8uJVfob\" target=\"_blank\" rel=\"noopener\">Filehoster: ZippyShare</a></li><li><a href=\"https://pastefg.hermietkreeft.site/?134f8292af634cb7#AJtFkU1M4xrwEPBVXhp2qeU3kVs8sMMWcVM2eriYWPAu\" target=\"_blank\" rel=\"noopener\">Filehoster: LetsUpload</a> [Use <a href=\"http://jdownloader.org/jdownloader2\" target=\"_blank\" rel=\"noopener\">JDownloader2</a>]</li><li><a href=\"https://pastefg.hermietkreeft.site/?d8c64617d02ce7cf#pamtTzsdKHZahumQWsjWLPVX3E9S7MzqRwqdJMVCbRs\" target=\"_blank\" rel=\"noopener\">Filehoster: OneDrive</a> (Uploaded by DyR0 t(-_-t), NOT compatible with other mirrors)</li></ul><p><a href=\"https://cs.rin.ru/forum/viewtopic.php?f=10&amp;t=104457\" target=\"_blank\" rel=\"noopener\">Discussion and (possible) future updates on CS.RIN.RU thread</a></p><h3>Screenshots (Click to enlarge)</h3><p><a target=\"_blank\" href=\"http://en.riotpixels.com/games/siege-survival-gloria-victis/screenshots/15/?utm_source=emb-gfx-html&amp;utm_medium=image&amp;utm_campaign=rp-mass\" rel=\"noopener\"><img loading=\"lazy\" width=\"178\" height=\"100\" border=\"0\" src=\"https://s01.riotpixels.net/data/ae/73/ae7391d1-b676-449d-82be-e9e378e759e8.jpg.240p.jpg\"></a><a target=\"_blank\" href=\"http://en.riotpixels.com/games/siege-survival-gloria-victis/screenshots/13/?utm_source=emb-gfx-html&amp;utm_medium=image&amp;utm_campaign=rp-mass\" rel=\"noopener\"><img loading=\"lazy\" width=\"178\" height=\"100\" border=\"0\" src=\"https://s01.riotpixels.net/data/ef/f4/eff40f5b-2235-473b-96f4-2304f7421d19.jpg.240p.jpg\"></a><a target=\"_blank\" href=\"http://en.riotpixels.com/games/siege-survival-gloria-victis/screenshots/11/?utm_source=emb-gfx-html&amp;utm_medium=image&amp;utm_campaign=rp-mass\" rel=\"noopener\"><img loading=\"lazy\" width=\"178\" height=\"100\" border=\"0\" src=\"https://s01.riotpixels.net/data/6f/8c/6f8c15aa-c788-4cb5-9e50-b89c8a180352.jpg.240p.jpg\"></a><br><a target=\"_blank\" href=\"http://en.riotpixels.com/games/siege-survival-gloria-victis/screenshots/8/?utm_source=emb-gfx-html&amp;utm_medium=image&amp;utm_campaign=rp-mass\" rel=\"noopener\"><img loading=\"lazy\" width=\"178\" height=\"100\" border=\"0\" src=\"https://s01.riotpixels.net/data/79/29/79299df1-c1b0-4e9d-8633-e4b8f2843afe.jpg.240p.jpg\"></a><a target=\"_blank\" href=\"http://en.riotpixels.com/games/siege-survival-gloria-victis/screenshots/3/?utm_source=emb-gfx-html&amp;utm_medium=image&amp;utm_campaign=rp-mass\" rel=\"noopener\"><img loading=\"lazy\" width=\"178\" height=\"100\" border=\"0\" src=\"https://s01.riotpixels.net/data/3c/b3/3cb300c4-1997-413a-9a3c-fc145df29830.jpg.240p.jpg\"></a><a target=\"_blank\" href=\"http://en.riotpixels.com/games/siege-survival-gloria-victis/screenshots/1/?utm_source=emb-gfx-html&amp;utm_medium=image&amp;utm_campaign=rp-mass\" rel=\"noopener\"><img loading=\"lazy\" width=\"178\" height=\"100\" border=\"0\" src=\"https://s01.riotpixels.net/data/63/a3/63a3cac2-0958-4686-85bc-1cd5605e1c8c.jpg.240p.jpg\"></a></p><h3>Repack Features</h3><ul><li>Based on Siege_Survival_Gloria_Victis_v20210712-FLT ISO release: flt-siege_survival_gloria_victis_v20210712.iso (7,392,043,008 bytes)</li><li>Game version: v20210712 (Community Update #2)</li><li>100% Lossless &amp; MD5 Perfect: all files are identical to originals after installation</li><li>NOTHING ripped, NOTHING re-encoded</li><li>Smaller archive size (compressed from 6.9 to 5 GB)</li><li>Installation takes ~9 minutes</li><li>After-install integrity check so you could make sure that everything installed properly</li><li>HDD space after installation: 7.8 GB (9.1 GB during installation)</li><li>Language can be changed in game settings</li><li>At least 2 GB of free RAM (inc. virtual) required for installing this repack</li></ul><div ><div><h2>Game Description</h2></div><div ><b>THESE WALLS CAN\u2019T FALL</b><br>Set in the medieval world of Gloria Victis, Siege Survival: Gloria Victis sees your country invaded and your city under brutal siege.<p>A small group of civilians are trapped in the only remaining stronghold and are the last source of hope for the defending troops hanging on for dear life. You might not be fighting the invaders yourself, but the fate of the city lies in your hands.</p><p>Support the last soldiers standing against overwhelming enemy forces and hold out until reinforcements arrive. Build your camp, manage resources, craft supplies during the day and scour the fallen city for resources and new civilian recruits at night.</p><p><b>SURVIVE THE SIEGE</b><br>Defending what\u2019s left of your city are a few tired troops in dire need of arrows, weapons and armour; along with treatment for the wounded. You need to keep this last bastion of defenders supplied and supported in every way possible ahead of their battles every few days; otherwise, the enemy will eventually storm the keep. Not only that, but you also need to protect your civilians and your camp, as you are assaulted by waves of flaming arrows and giant boulders.</p><p><b>MANAGE RESOURCES &amp; CRAFT SUPPLIES</b><br>You need better weapons, a roof over your head, hot food and all the other trappings that just existing entail; and the only way you\u2019ll get these is if you and your team craft them. But resources are limited and you\u2019ll need to sustain both soldiers and civilians, so find ways to preserve food, develop your infrastructure and use your supplies more efficiently.</p><p><b>SCAVENGE THE FALLEN CITY</b><br>Venturing out from the safety of your keep, you have to explore the ransacked city at night to collect precious resources and help the surviving citizens \u2013 or exploit them. But be careful, enemy patrols keep watching the streets; you must be smart to remain unseen\u2026 and alive. Unlock routes to other districts, enlist new civilian recruits and make it back before dawn so as not to be caught.</p><p><b>YOUR BACK AGAINST THE WALL</b><br>Help is coming, but it\u2019s weeks away. And in a siege like this, one dilemma can quickly spiral into another and very soon you will face tough moral choices. The fate of your companions \u2013 and that of the city \u2013 is in your hands alone. There will be hunger, wounds, disease and despair, but also growing tensions between the civilians and defenders. Sustain your troops or keep your civilians alive? Only you can decide.</p><p><b>TELL YOUR OWN STORY</b><br>Siege Survival: Gloria Victis is developed on a game editor platform that will allow modding and community-generated content at launch. Create your own unique scenarios and stories from scratch and expand the universe of Gloria Victis.</p></div></div><p><b>Backwards Compatibility</b></p><p>This repack is NOT backwards compatible with my previous repack of this game.</p>             </div>"
}