{
    "link": "https://fitgirl-repacks.site/skatebird/",
    "title": "SkateBIRD",
    "first_img": "https://i6.imageban.ru/out/2021/09/17/e123d36317ad62c8ea583454703ea350.jpg",
    "second_img": "https://s01.riotpixels.net/data/02/91/0291c1d5-fffb-4b9c-a765-fc5d268b5300.jpg.240p.jpg",
    "body": "<div ><h2>SkateBIRD</h2><p ><div><a target=\"_blank\" href=\"https://en.riotpixels.com/games/skatebird/\" rel=\"noopener\"><img class=\"alignleft\" width=\"150\" src=\"https://i6.imageban.ru/out/2021/09/17/e123d36317ad62c8ea583454703ea350.jpg\"></a></div><br>Genres/Tags: <strong>Arcade, Extreme sports, Third-person, 3D</strong><br>Company: <strong>Glass Bottom Games</strong><br>Languages: <strong>RUS/ENG/MULTI10</strong><br>Original Size: <strong>1.4 GB</strong><br>Repack Size: <strong>1.1 GB</strong></p>&nbsp;<div>&nbsp;</div><h3>Download Mirrors</h3><ul><li><a href=\"https://1337x.to/torrent/4986768/SkateBIRD-MULTi10-FitGirl-Repack/\" target=\"_blank\" rel=\"noopener\">1337x</a> | [<a href=\"magnet:?xt=urn:btih:B821A62ED635DD275C93AD24380A448663EA9A44&amp;dn=SkateBIRD+%28MULTi10%29+%5BFitGirl+Repack%5D&amp;tr=udp%3A%2F%2F46.148.18.250%3A2710&amp;tr=udp%3A%2F%2Fopentor.org%3A2710&amp;tr=udp%3A%2F%2Ftracker.coppersurfer.tk%3A6969%2Fannounce&amp;tr=udp%3A%2F%2Ftracker.opentrackr.org%3A1337%2Fannounce&amp;tr=http%3A%2F%2Ftracker.dler.org%3A6969%2Fannounce&amp;tr=udp%3A%2F%2Ftracker.leechers-paradise.org%3A6969%2Fannounce&amp;tr=udp%3A%2F%2F9.rarbg.me%3A2730%2Fannounce&amp;tr=udp%3A%2F%2F9.rarbg.to%3A2770%2Fannounce&amp;tr=udp%3A%2F%2Ftracker.pirateparty.gr%3A6969%2Fannounce&amp;tr=http%3A%2F%2Fretracker.local%2Fannounce&amp;tr=http%3A%2F%2Fretracker.ip.ncnet.ru%2Fannounce&amp;tr=udp%3A%2F%2Fexodus.desync.com%3A6969%2Fannounce&amp;tr=udp%3A%2F%2Fipv4.tracker.harry.lu%3A80%2Fannounce&amp;tr=udp%3A%2F%2Fopen.stealth.si%3A80%2Fannounce&amp;tr=udp%3A%2F%2Ftracker.zer0day.to%3A1337%2Fannounce&amp;tr=udp%3A%2F%2Ftracker.leechers-paradise.org%3A6969%2Fannounce&amp;tr=udp%3A%2F%2Fcoppersurfer.tk%3A6969%2Fannounce\">magnet</a>] [<a href=\"https://pastefg.hermietkreeft.site/?1e97a84808e25dbf#6uDw67vV6vvbtemawsjdZEY6zhJxRDSVib2adw2W76ru\" target=\"_blank\" rel=\"noopener\">.torrent file only</a>] <br><img src=\"https://torrent-stats.info/ad24/319362a64.png\" style=\"display:block;clear:both\"></li><li><a href=\"http://rutor.info/torrent/834846/skatebird-2021-pc-repack-ot-fitgirl\" target=\"_blank\" rel=\"noopener\">RuTor</a> [<a href=\"magnet:?xt=urn:btih:b821a62ed635dd275c93ad24380a448663ea9a44&amp;dn=rutor.info_SkateBIRD+%282021%29+PC+%7C+RePack+%D0%BE%D1%82+FitGirl&amp;tr=udp://opentor.net:6969&amp;tr=udp://opentor.org:2710&amp;tr=http://retracker.local/announce\">magnet</a>]</li><li><a href=\"https://tapochek.net/viewtopic.php?p=2800762\" target=\"_blank\" rel=\"noopener\">Tapochek.net</a></li><li><a href=\"https://pastefg.hermietkreeft.site/?829417fafe6815c7#JEJGv6skZdnXeNZvR8R9EfWAYBrhB1ZzBEDLCDHJsGzq\" target=\"_blank\" rel=\"noopener\">Filehoster: MultiUpload</a> (10+ hosters, interchangeable) [Use <a href=\"http://jdownloader.org/jdownloader2\" target=\"_blank\" rel=\"noopener\">JDownloader2</a>]</li><li><a href=\"https://pastefg.hermietkreeft.site/?7985b1d0925e2f2c#GiJ5jjqP18cmcaZdt3SWQ1T9czPmC4Eb5Qqtc8RwNeFw\" target=\"_blank\" rel=\"noopener\">Filehoster: PixelDrain</a></li><li><a href=\"https://pastefg.hermietkreeft.site/?7d63894037079c91#5agYLoRpQdcZsbt95REL13fRvxJVSy12mWVVn43wbLRY\" target=\"_blank\" rel=\"noopener\">Filehoster: ZippyShare</a></li><li><a href=\"https://pastefg.hermietkreeft.site/?e2f7fb16f7828f3b#A1b14KcKeqyNAPDE6CvPoNi7QFs96VpSTrsLBReXqa8W\" target=\"_blank\" rel=\"noopener\">Filehoster: LetsUpload</a> [Use <a href=\"http://jdownloader.org/jdownloader2\" target=\"_blank\" rel=\"noopener\">JDownloader2</a>]</li><li><a href=\"https://pastefg.hermietkreeft.site/?d4afa2b9162a7d57#HjRvKwAWSGDuouv27BJkaR8NdqyMcgCAkKajuTWhzM9q\" target=\"_blank\" rel=\"noopener\">Filehoster: OneDrive</a> (Uploaded by DyR0 t(-_-t), NOT compatible with other mirrors)</li></ul><p><a href=\"https://cs.rin.ru/forum/viewtopic.php?f=10&amp;t=93725\" target=\"_blank\" rel=\"noopener\">Discussion and (possible) future updates on CS.RIN.RU thread</a></p><h3>Screenshots (Click to enlarge)</h3><p><a target=\"_blank\" href=\"https://en.riotpixels.com/games/skatebird/screenshots/12/?utm_source=emb-gfx-html&amp;utm_medium=image&amp;utm_campaign=rp-mass\" rel=\"noopener\"><img loading=\"lazy\" width=\"178\" height=\"100\" border=\"0\" src=\"https://s01.riotpixels.net/data/02/91/0291c1d5-fffb-4b9c-a765-fc5d268b5300.jpg.240p.jpg\"></a><a target=\"_blank\" href=\"https://en.riotpixels.com/games/skatebird/screenshots/11/?utm_source=emb-gfx-html&amp;utm_medium=image&amp;utm_campaign=rp-mass\" rel=\"noopener\"><img loading=\"lazy\" width=\"178\" height=\"100\" border=\"0\" src=\"https://s01.riotpixels.net/data/6d/82/6d829e18-e2db-44e4-9239-dac07f9ee5ca.jpg.240p.jpg\"></a><a target=\"_blank\" href=\"https://en.riotpixels.com/games/skatebird/screenshots/10/?utm_source=emb-gfx-html&amp;utm_medium=image&amp;utm_campaign=rp-mass\" rel=\"noopener\"><img loading=\"lazy\" width=\"178\" height=\"100\" border=\"0\" src=\"https://s01.riotpixels.net/data/63/47/6347ac41-b1b9-4b28-b493-65c240f23f9f.jpg.240p.jpg\"></a><br><a target=\"_blank\" href=\"https://en.riotpixels.com/games/skatebird/screenshots/9/?utm_source=emb-gfx-html&amp;utm_medium=image&amp;utm_campaign=rp-mass\" rel=\"noopener\"><img loading=\"lazy\" width=\"178\" height=\"100\" border=\"0\" src=\"https://s01.riotpixels.net/data/0f/2b/0f2b481f-cf40-445c-bfc7-ba04fc0b6455.jpg.240p.jpg\"></a><a target=\"_blank\" href=\"https://en.riotpixels.com/games/skatebird/screenshots/5/?utm_source=emb-gfx-html&amp;utm_medium=image&amp;utm_campaign=rp-mass\" rel=\"noopener\"><img loading=\"lazy\" width=\"178\" height=\"100\" border=\"0\" src=\"https://s01.riotpixels.net/data/64/ab/64abc71b-e141-422f-a897-96d87480ccf3.jpg.240p.jpg\"></a><a target=\"_blank\" href=\"https://en.riotpixels.com/games/skatebird/screenshots/3/?utm_source=emb-gfx-html&amp;utm_medium=image&amp;utm_campaign=rp-mass\" rel=\"noopener\"><img loading=\"lazy\" width=\"178\" height=\"100\" border=\"0\" src=\"https://s01.riotpixels.net/data/0a/21/0a2177ec-dbe6-4ae5-8c71-a313ce93fc48.jpg.240p.jpg\"></a></p><h3>Repack Features</h3><ul><li>Based on SkateBIRD-CODEX ISO release: codex-skatebird.iso (1,481,244,672 bytes)</li><li>100% Lossless &amp; MD5 Perfect: all files are identical to originals after installation</li><li>NOTHING ripped, NOTHING re-encoded</li><li>Slightly smaller archive size (compressed from 1.4 to 1.1 GB)</li><li>Installation takes 3 minutes</li><li>After-install integrity check so you could make sure that everything installed properly</li><li>HDD space after installation: 2.9 GB</li><li>Language can be changed in game settings</li><li>At least 2 GB of free RAM (inc. virtual) required for installing this repack</li></ul><div ><div><h2>Game Description</h2></div><div >Grind on bendy straws, kickflip over staplers, and carve killer lines through cardboard and sticky tape parks, in SKATEBIRD\u00ae!<p>You\u2019re a lonely lil\u2019 bird, and your Big Friend has hung up their board for good. Their job sucks, and lately, they\u2019re barely ever home to play with you. You\u2019re gonna fix all that with the power of being a chill little skateboarding bird. You may be tiny, but the more you skate, the more friends you\u2019ll make. Birds will come check out your park, help you find more parks, and together you\u2019ll (somehow) fix Big Friend\u2019s life! Above all else, skate birds try their best.</p><p>And if you bail, you just get back up \u2013 because above all else, skate birds try their best!</p><p><b><h3>Game Features</h3></b></p><ul><li>Explore lots of bird-sized parks, with simple controls familiar to any pro skating tiny hawk.</li><li>Find fancy clothing, secret mixtapes of new music, birds that need your help, and more!</li><li>Skate to an original low-fi birb-hop soundtrack!</li></ul></div></div>             </div>"
}