{
    "link": "https://fitgirl-repacks.site/skullgirls-2nd-encore/",
    "title": "Skullgirls 2nd Encore \u2013 v3.2.1 (Annie Update) + 10 DLCs & Bonus Content + Multiplayer",
    "first_img": "https://i2.imageban.ru/out/2021/07/13/535e0ad16ab25bf21a4722dbedc0bf3e.jpg",
    "second_img": "https://s01.riotpixels.net/data/8e/a8/8ea8d9b1-bf3d-4386-a720-03fed1c21d14.jpg.240p.jpg",
    "body": "<div ><h2>Skullgirls 2nd Encore \u2013 v3.2.1 (Annie Update) + 10 DLCs & Bonus Content + Multiplayer</h2><p ><div><a target=\"_blank\" href=\"https://en.riotpixels.com/games/skullgirls/\" rel=\"noopener\"><img class=\"alignleft\" width=\"150\" src=\"https://i2.imageban.ru/out/2021/07/13/535e0ad16ab25bf21a4722dbedc0bf3e.jpg\"></a></div><br>Genres/Tags: <strong>Arcade, Fighting, Side, 2D</strong><br>Companies: <strong>Hidden Variable Studios, Autumn Games</strong><br>Languages: <strong>ENG/MULTI7</strong><br>Original Size: <strong>10.4 GB</strong><br>Repack Size: <strong>from 1.3 GB</strong> [Selective Download]</p>&nbsp;<div>&nbsp;</div><h3>Download Mirrors</h3><ul><li><a href=\"https://1337x.to/torrent/4917583/Skullgirls-2nd-Encore-v3-2-1-10-DLCs-Bonus-Content-Multiplayer-MULTi7-FitGirl-Repack-Selective-Download-from-1-3-GB-i/\" target=\"_blank\" rel=\"noopener\">1337x</a> | [<a href=\"magnet:?xt=urn:btih:F627CFB549316B8AF2AA0983F2F6598E7B0AF8CB&amp;dn=Skullgirls+2nd+Encore+%28v3.2.1+%2B+10+DLCs+%26amp%3B+Bonus+Content+%2B+Multiplayer%2C+MULTi7%29+%5BFitGirl+Repack%2C+Selective+Download+-+from+1.3+GB%5Di&amp;tr=udp%3A%2F%2F46.148.18.250%3A2710&amp;tr=udp%3A%2F%2Fopentor.org%3A2710&amp;tr=udp%3A%2F%2Ftracker.coppersurfer.tk%3A6969%2Fannounce&amp;tr=udp%3A%2F%2Ftracker.opentrackr.org%3A1337%2Fannounce&amp;tr=http%3A%2F%2Ftracker.dler.org%3A6969%2Fannounce&amp;tr=udp%3A%2F%2Ftracker.leechers-paradise.org%3A6969%2Fannounce&amp;tr=udp%3A%2F%2F9.rarbg.me%3A2730%2Fannounce&amp;tr=udp%3A%2F%2F9.rarbg.to%3A2770%2Fannounce&amp;tr=udp%3A%2F%2Ftracker.pirateparty.gr%3A6969%2Fannounce&amp;tr=http%3A%2F%2Fretracker.local%2Fannounce&amp;tr=http%3A%2F%2Fretracker.ip.ncnet.ru%2Fannounce&amp;tr=udp%3A%2F%2Fexodus.desync.com%3A6969%2Fannounce&amp;tr=udp%3A%2F%2Fipv4.tracker.harry.lu%3A80%2Fannounce&amp;tr=udp%3A%2F%2Fopen.stealth.si%3A80%2Fannounce&amp;tr=udp%3A%2F%2Ftracker.zer0day.to%3A1337%2Fannounce&amp;tr=udp%3A%2F%2Ftracker.leechers-paradise.org%3A6969%2Fannounce&amp;tr=udp%3A%2F%2Fcoppersurfer.tk%3A6969%2Fannounce\">magnet</a>] [<a href=\"https://pastefg.hermietkreeft.site/?dbd3f640de478c36#Gxib2HqcYAf11Sg9LBJn2BRmzhXFSaUwkZYbxfbjQAwn\" target=\"_blank\" rel=\"noopener\">.torrent file only</a>] <br><img src=\"https://torrent-stats.info/0983/2af31059.png\" style=\"display:block;clear:both\"></li><li><a href=\"https://tapochek.net/viewtopic.php?p=2788733\" target=\"_blank\" rel=\"noopener\">Tapochek.net</a></li><li><a href=\"https://pastefg.hermietkreeft.site/?0a722a2e12d3851d#xXsGcZD1bLtjrwEux8wcQ77spVrFCBRqETXN1Q7yWdS\" target=\"_blank\" rel=\"noopener\">Filehoster: MultiUpload</a> (10+ hosters, interchangeable) [Use <a href=\"http://jdownloader.org/jdownloader2\" target=\"_blank\" rel=\"noopener\">JDownloader2</a>]</li><li><a href=\"https://pastefg.hermietkreeft.site/?ae084e0cbaddf2aa#9KDDszmqmojUF2LSHfdVP4tfXfPL1SJV4CiEHaZyPMf7\" target=\"_blank\" rel=\"noopener\">Filehoster: PixelDrain</a></li><li><a href=\"https://pastefg.hermietkreeft.site/?ba81ee54f17814dd#FfXAT8XYcb3wnjmDhRkxyWnnGkLCqzZiTwBpNxcDVUZu\" target=\"_blank\" rel=\"noopener\">Filehoster: ZippyShare</a></li><li><a href=\"https://pastefg.hermietkreeft.site/?a7ef202ad9ba4c71#DAnfauydesttFPR1V2tuN8go3szPHwY4xqK3JQQLH2Vs\" target=\"_blank\" rel=\"noopener\">Filehoster: LetsUpload</a> [Use <a href=\"http://jdownloader.org/jdownloader2\" target=\"_blank\" rel=\"noopener\">JDownloader2</a>]</li><li><a href=\"https://crackhub.site/skullgirls-2nd-encore-v3-2-1-annie-update-10-dlcs-bonus-content-multiplayer-fitgirl-repack/\" target=\"_blank\" rel=\"noopener\">Filehosters: Google Drive, OneDrive + others</a> (Uploaded by crackhub213)</li><li><a href=\"https://pastefg.hermietkreeft.site/?9846d15b5d2b2e97#BNFpbVxw28pb1GJi5NELNKtMbR9drLnqoAgm16S8vNv7\" target=\"_blank\" rel=\"noopener\">Filehoster: OneDrive</a> (Uploaded by DyR0 t(-_-t), NOT compatible with other mirrors)</li></ul><p><a href=\"https://cs.rin.ru/forum/viewtopic.php?f=10&amp;t=63358\" target=\"_blank\" rel=\"noopener\">Discussion and (possible) future updates on CS.RIN.RU thread</a></p><h3>Screenshots (Click to enlarge)</h3><p><a target=\"_blank\" href=\"https://en.riotpixels.com/games/skullgirls/screenshots/348/?utm_source=emb-gfx-html&amp;utm_medium=image&amp;utm_campaign=rp-mass\" rel=\"noopener\"><img loading=\"lazy\" width=\"178\" height=\"100\" border=\"0\" src=\"https://s01.riotpixels.net/data/8e/a8/8ea8d9b1-bf3d-4386-a720-03fed1c21d14.jpg.240p.jpg\"></a><a target=\"_blank\" href=\"https://en.riotpixels.com/games/skullgirls/screenshots/247/?utm_source=emb-gfx-html&amp;utm_medium=image&amp;utm_campaign=rp-mass\" rel=\"noopener\"><img loading=\"lazy\" width=\"178\" height=\"100\" border=\"0\" src=\"https://s01.riotpixels.net/data/9c/65/9c65b566-3813-4fdc-84b0-2d3ed1649bf7.jpg.240p.jpg\"></a><a target=\"_blank\" href=\"https://en.riotpixels.com/games/skullgirls/screenshots/245/?utm_source=emb-gfx-html&amp;utm_medium=image&amp;utm_campaign=rp-mass\" rel=\"noopener\"><img loading=\"lazy\" width=\"178\" height=\"100\" border=\"0\" src=\"https://s01.riotpixels.net/data/ba/77/ba7782de-c231-451e-8bc8-a496638c3d96.jpg.240p.jpg\"></a><br><a target=\"_blank\" href=\"https://en.riotpixels.com/games/skullgirls/screenshots/238/?utm_source=emb-gfx-html&amp;utm_medium=image&amp;utm_campaign=rp-mass\" rel=\"noopener\"><img loading=\"lazy\" width=\"178\" height=\"100\" border=\"0\" src=\"https://s01.riotpixels.net/data/ac/f3/acf3ba83-a0ae-468d-9b83-d230687ad944.jpg.240p.jpg\"></a><a target=\"_blank\" href=\"https://en.riotpixels.com/games/skullgirls/screenshots/165/?utm_source=emb-gfx-html&amp;utm_medium=image&amp;utm_campaign=rp-mass\" rel=\"noopener\"><img loading=\"lazy\" width=\"178\" height=\"100\" border=\"0\" src=\"https://s01.riotpixels.net/data/ef/c3/efc362c8-58bd-4b3d-9db2-4d43ada4f67c.jpg.240p.jpg\"></a><a target=\"_blank\" href=\"https://en.riotpixels.com/games/skullgirls/screenshots/120/?utm_source=emb-gfx-html&amp;utm_medium=image&amp;utm_campaign=rp-mass\" rel=\"noopener\"><img loading=\"lazy\" width=\"178\" height=\"100\" border=\"0\" src=\"https://s01.riotpixels.net/data/19/5b/195b88da-90c2-4a08-9295-2280f3da843c.jpg.240p.jpg\"></a></p><h3>Repack Features</h3><ul><li>Based on Skullgirls.2nd.Encore.Annie-PLAZA ISO release: plaza-skullgirls.2nd.encore.annie.iso (11,184,504,832 bytes)</li><li>Game version: v3.2.1 (Annie Update); all 10 released DLCs/bonus content are included and activated</li><li>Multiplayer crack is available in NoDVD folder after installation, thanks to deadmau5 and chronos!</li><li>100% Lossless &amp; MD5 Perfect: all files are identical to originals after installation</li><li>NOTHING ripped, NOTHING re-encoded</li><li>Selective Download feature: you may skip downloading and installing of Japanese voiceovers and bonus content pack (contains Digital Art Compendium and OST)</li><li>Significantly smaller archive size (compressed from 10.4 to 1.3~5.6 GB, depending on selected components)</li><li>Installation takes (no bonus content): 1-3 minutes (depending on your system)</li><li>Installation takes (with bonus content): 30-70 minutes (depending on your system)</li><li>After-install integrity check so you could make sure that everything installed properly</li><li>HDD space after installation: up to 12.2 GB (up to 66.6 GB during installation with bonus content)</li><li>Language can be changed in game settings</li><li>At least 2 GB of free RAM (inc. virtual) required for installing this repack</li></ul><div ><div><h2>Game Description</h2></div><div ><b>Skullgirls 2nd Encore</b> is a beautiful, fast-paced, and critically acclaimed 2D fighting game that puts players in control of fierce warriors in an extraordinary Dark Deco world. Each of the 14 wildly original characters features unique gameplay mechanics and plenty of personality.<p>Skullgirls is the perfect fighting game for casual and competitive fighting game fans alike. Includes fully voiced story mode, gorgeous animation, and a soundtrack by Michiru Yamane.</p><p><b>Included DLCs</b></p><ul><li>Color Palette Bundle</li><li>Robo-Fortune</li><li>Squigly</li><li>Big Band</li><li>Eliza</li><li>Beowulf</li><li>2nd Encore Upgrade</li><li>Annie</li><li>Digital Art Compendium (Bonus Content)</li><li>Original Soundtrack (Bonus Content)</li></ul></div></div>             </div>"
}