{
    "link": "https://fitgirl-repacks.site/skydrift-infinity/",
    "title": "Skydrift Infinity",
    "first_img": "https://i2.imageban.ru/out/2021/07/30/9bb272f0989ff45db771bc1f937307c2.jpg",
    "second_img": "https://s01.riotpixels.net/data/55/cd/55cde338-0a07-4b68-9bf6-4064d7935e93.jpg.240p.jpg",
    "body": "<div ><h2>Skydrift Infinity</h2><p ><div><a target=\"_blank\" href=\"https://en.riotpixels.com/games/skydrift-infinity/\" rel=\"noopener\"><img class=\"alignleft\" width=\"150\" src=\"https://i2.imageban.ru/out/2021/07/30/9bb272f0989ff45db771bc1f937307c2.jpg\"></a></div><br>Genres/Tags: <strong>Arcade, Racing, Vehicular combat, Third-person, 3D</strong><br>Companies: <strong>Digital Reality, HandyGames</strong><br>Languages: <strong>RUS/ENG/MULTI11</strong><br>Original Size: <strong>1.1 GB</strong><br>Repack Size: <strong>589 MB</strong></p>&nbsp;<div>&nbsp;</div><h3>Download Mirrors</h3><ul><li><a href=\"https://1337x.to/torrent/4937412/Skydrift-Infinity-MULTi11-FitGirl-Repack/\" target=\"_blank\" rel=\"noopener\">1337x</a> | [<a href=\"magnet:?xt=urn:btih:09D8D7DF45F28E0E0D7BC04318EC008539C22D03&amp;dn=Skydrift+Infinity+%28MULTi11%29+%5BFitGirl+Repack%5D&amp;tr=udp%3A%2F%2F46.148.18.250%3A2710&amp;tr=udp%3A%2F%2Fopentor.org%3A2710&amp;tr=udp%3A%2F%2Ftracker.coppersurfer.tk%3A6969%2Fannounce&amp;tr=udp%3A%2F%2Ftracker.opentrackr.org%3A1337%2Fannounce&amp;tr=http%3A%2F%2Ftracker.dler.org%3A6969%2Fannounce&amp;tr=udp%3A%2F%2Ftracker.leechers-paradise.org%3A6969%2Fannounce&amp;tr=udp%3A%2F%2F9.rarbg.me%3A2730%2Fannounce&amp;tr=udp%3A%2F%2F9.rarbg.to%3A2770%2Fannounce&amp;tr=udp%3A%2F%2Ftracker.pirateparty.gr%3A6969%2Fannounce&amp;tr=http%3A%2F%2Fretracker.local%2Fannounce&amp;tr=http%3A%2F%2Fretracker.ip.ncnet.ru%2Fannounce&amp;tr=udp%3A%2F%2Fexodus.desync.com%3A6969%2Fannounce&amp;tr=udp%3A%2F%2Fipv4.tracker.harry.lu%3A80%2Fannounce&amp;tr=udp%3A%2F%2Fopen.stealth.si%3A80%2Fannounce&amp;tr=udp%3A%2F%2Ftracker.zer0day.to%3A1337%2Fannounce&amp;tr=udp%3A%2F%2Ftracker.leechers-paradise.org%3A6969%2Fannounce&amp;tr=udp%3A%2F%2Fcoppersurfer.tk%3A6969%2Fannounce\">magnet</a>] [<a href=\"https://pastefg.hermietkreeft.site/?e4dd266ed5d24244#4AapShXxHt8DoeaQLJHN8AohVmx1zywCQv9wHPoBnQaS\" target=\"_blank\" rel=\"noopener\">.torrent file only</a>] <br><img src=\"https://torrent-stats.info/c043/367552516.png\" style=\"display:block;clear:both\"></li><li><a href=\"http://rutor.info/torrent/827472/skydrift-infinity-2021-pc-repack-ot-fitgirl\" target=\"_blank\" rel=\"noopener\">RuTor</a> [<a href=\"magnet:?xt=urn:btih:09d8d7df45f28e0e0d7bc04318ec008539c22d03&amp;dn=rutor.info_Skydrift+Infinity+%282021%29+PC+%7C+RePack+%D0%BE%D1%82+FitGirl&amp;tr=udp://opentor.org:2710&amp;tr=udp://opentor.org:2710&amp;tr=http://retracker.local/announce\">magnet</a>]</li><li><a href=\"https://tapochek.net/viewtopic.php?p=2791782\" target=\"_blank\" rel=\"noopener\">Tapochek.net</a></li><li><a href=\"https://pastefg.hermietkreeft.site/?99d67ad17d621dbe#6mL16iSgmd7DyzU4CibVwx8NqYPMCEiVCuc8AF8wQS8s\" target=\"_blank\" rel=\"noopener\">Filehoster: MultiUpload</a> (10+ hosters, interchangeable) [Use <a href=\"http://jdownloader.org/jdownloader2\" target=\"_blank\" rel=\"noopener\">JDownloader2</a>]</li><li><a href=\"https://pastefg.hermietkreeft.site/?c018d5b3a504cbf2#99JV4HsiSyr2VLJQS7zQQX86B766UcjGTmunapEbY1Bj\" target=\"_blank\" rel=\"noopener\">Filehoster: PixelDrain</a></li><li><a href=\"https://pastefg.hermietkreeft.site/?92514aec385ab5a6#92RuxNmT5NJ6p7wnprU7oTpYvv4ACFBtPaqbKy8TsS5F\" target=\"_blank\" rel=\"noopener\">Filehoster: ZippyShare</a></li><li><a href=\"https://pastefg.hermietkreeft.site/?749060ba311e4930#79r3ke2mHrjcW3seo9vJswUS1usCsev7zbiSw48viGsT\" target=\"_blank\" rel=\"noopener\">Filehoster: LetsUpload</a> [Use <a href=\"http://jdownloader.org/jdownloader2\" target=\"_blank\" rel=\"noopener\">JDownloader2</a>]</li><li><a href=\"https://crackhub.site/skydrift-infinity-fitgirl-repack/\" target=\"_blank\" rel=\"noopener\">Filehosters: Google Drive, OneDrive + others</a> (Uploaded by crackhub213)</li><li><a href=\"https://pastefg.hermietkreeft.site/?715c8808a3d4fb78#CY54PaNU3Ty7xfiB4Hx6mbB4kW2X1CS9tZDJQAiYokEy\" target=\"_blank\" rel=\"noopener\">Filehoster: OneDrive</a> (Uploaded by DyR0 t(-_-t), NOT compatible with other mirrors)</li></ul><p><a href=\"https://cs.rin.ru/forum/viewtopic.php?f=10&amp;t=114810\" target=\"_blank\" rel=\"noopener\">Discussion and (possible) future updates on CS.RIN.RU thread</a></p><h3>Screenshots (Click to enlarge)</h3><p><a target=\"_blank\" href=\"https://en.riotpixels.com/games/skydrift-infinity/screenshots/8/?utm_source=emb-gfx-html&amp;utm_medium=image&amp;utm_campaign=rp-mass\" rel=\"noopener\"><img loading=\"lazy\" width=\"178\" height=\"100\" border=\"0\" src=\"https://s01.riotpixels.net/data/55/cd/55cde338-0a07-4b68-9bf6-4064d7935e93.jpg.240p.jpg\"></a><a target=\"_blank\" href=\"https://en.riotpixels.com/games/skydrift-infinity/screenshots/7/?utm_source=emb-gfx-html&amp;utm_medium=image&amp;utm_campaign=rp-mass\" rel=\"noopener\"><img loading=\"lazy\" width=\"178\" height=\"100\" border=\"0\" src=\"https://s01.riotpixels.net/data/02/0a/020a2002-cb01-4c6e-8b93-eb0c08eb3f65.jpg.240p.jpg\"></a><a target=\"_blank\" href=\"https://en.riotpixels.com/games/skydrift-infinity/screenshots/5/?utm_source=emb-gfx-html&amp;utm_medium=image&amp;utm_campaign=rp-mass\" rel=\"noopener\"><img loading=\"lazy\" width=\"178\" height=\"100\" border=\"0\" src=\"https://s01.riotpixels.net/data/d2/dd/d2dd00a6-7ae8-4334-9f2c-ac80a1f8a5b6.jpg.240p.jpg\"></a><br><a target=\"_blank\" href=\"https://en.riotpixels.com/games/skydrift-infinity/screenshots/3/?utm_source=emb-gfx-html&amp;utm_medium=image&amp;utm_campaign=rp-mass\" rel=\"noopener\"><img loading=\"lazy\" width=\"178\" height=\"100\" border=\"0\" src=\"https://s01.riotpixels.net/data/e7/b6/e7b64cff-bfd9-4409-939d-581bba052e98.jpg.240p.jpg\"></a><a target=\"_blank\" href=\"https://en.riotpixels.com/games/skydrift-infinity/screenshots/2/?utm_source=emb-gfx-html&amp;utm_medium=image&amp;utm_campaign=rp-mass\" rel=\"noopener\"><img loading=\"lazy\" width=\"178\" height=\"100\" border=\"0\" src=\"https://s01.riotpixels.net/data/f3/9d/f39d95c4-279d-4579-ad6e-7294acb39be7.jpg.240p.jpg\"></a><a target=\"_blank\" href=\"https://en.riotpixels.com/games/skydrift-infinity/screenshots/1/?utm_source=emb-gfx-html&amp;utm_medium=image&amp;utm_campaign=rp-mass\" rel=\"noopener\"><img loading=\"lazy\" width=\"178\" height=\"100\" border=\"0\" src=\"https://s01.riotpixels.net/data/02/80/0280397e-4ed9-4e4c-a047-f8f96d899b0b.jpg.240p.jpg\"></a></p><h3>Repack Features</h3><ul><li>Based on SkyDrift.Infinity-CODEX ISO release: codex-skydrift.infinity.iso (1,150,222,336 bytes)</li><li>100% Lossless &amp; MD5 Perfect: all files are identical to originals after installation</li><li>NOTHING ripped, NOTHING re-encoded</li><li>Significantly smaller archive size (compressed from 1.1 GB to 589 MB)</li><li>Installation takes 1-2 minutes</li><li>After-install integrity check so you could make sure that everything installed properly</li><li>HDD space after installation: 1 GB</li><li>Language can be changed in game settings</li><li>Repack uses XTool library by Razor12911</li><li>At least 2 GB of free RAM (inc. virtual) required for installing this repack</li></ul><div ><div><h2>Game Description</h2></div><div >Skydrift Infinity is an action-packed arcade game focusing on the experience of flying alone, and with others, in a light, quick, fast-paced style.<p>In various game modes, you can partake in deathmatches and armed races as well as other competitions, using modern airplanes, tuned to the max, and armed to the teeth with extreme weaponry. Your goal is simple: if you can\u2019t overtake them, shoot them down!</p><p>Play alone, with your friends, or compete against previously unknown online challengers! For relaxation explore exotic islands, the venue of the races, and arena modes. Here you can break free of the 2-dimensionality, that restricts other racing games! Your possibilities are limited only by your imagination!</p>[b]<h3>Game Features</h3>[/b]<ul><li>Race with planes and beat your opponents by using the drifting mechanic and power-ups.</li><li>Vintage, Modern, Fantasy: 16 planes with four different paint jobs each ensure everyone will find their new favorite aircraft.</li><li>Six Power-ups! Capture up to two different powers in your plane\u2019s arsenal, then collect upgrades to increase the strength of those existing powers. Strategy becomes key as you must choose which powers to keep, which ones to upgrade, and which ones to convert into Boost energy.</li><li>Stunning Visuals: Race through scenic venues like canyons, tundra, or tropical islands, created with beautiful, vibrant colors.</li><li>8-person Multiplayer: Take your friends down online in this fast and furious battle.</li><li>5 Exciting Game Modes: Power Race Mode is high-speed racing paired with power-ups; Speed Race Mode, in which players navigate the course through ring targets that increase aircraft velocity, and Survivor Mode where pilots race against the countdown clock and each other. Plus Deathmatch and Team Deathmatch on top of all of that!</li><li>Splitscreen mode for local multiplayer</li></ul></div></div>             </div>"
}