{
    "link": null,
    "title": "Sniper Ghost Warrior Contracts 2: Deluxe Arsenal Edition + Update 4 (Butcher\u2019s Banquet) + 23 DLCs",
    "first_img": "https://i4.imageban.ru/out/2021/07/22/bab6a07a9049558940723d9afba5fded.jpg",
    "second_img": [],
    "body": "<div ><h2>Sniper Ghost Warrior Contracts 2: Deluxe Arsenal Edition + Update 4 (Butcher\u2019s Banquet) + 23 DLCs</h2><p ><div><a target=\"_blank\" href=\"http://en.riotpixels.com/games/sniper-ghost-warrior-contracts-2/\" rel=\"noopener\"><img class=\"alignleft\" width=\"150\" src=\"https://i4.imageban.ru/out/2021/07/22/bab6a07a9049558940723d9afba5fded.jpg\"></a></div><br>Genres/Tags: <strong>Action, Shooter, First-person, 3D</strong><br>Company: <strong>CI Games</strong><br>Languages: <strong>RUS/ENG/MULTI12</strong><br>Original Size: <strong>14.6 GB</strong><br>Repack Size: <strong>9.5 GB</strong></p>&nbsp;<div>&nbsp;</div><h3>Download Mirrors</h3><ul><ul><li><a href=\"https://1337x.to/torrent/4927883/Sniper-Ghost-Warrior-Contracts-2-Deluxe-Arsenal-Edition-Update-4-23-DLCs-MULTi12-FitGirl-Repack/\" target=\"_blank\" rel=\"noopener\">1337x</a> | [<a href=\"magnet:?xt=urn:btih:9DF3D29C0B19585D727F529AADE3A022C513B787&amp;dn=Sniper+Ghost+Warrior+Contracts+2%3A+Deluxe+Arsenal+Edition+%28%2B+Update+4+%2B+23+DLCs%2C+MULTi12%29+%5BFitGirl+Repack%5D&amp;tr=udp%3A%2F%2F46.148.18.250%3A2710&amp;tr=udp%3A%2F%2Fopentor.org%3A2710&amp;tr=udp%3A%2F%2Ftracker.coppersurfer.tk%3A6969%2Fannounce&amp;tr=udp%3A%2F%2Ftracker.opentrackr.org%3A1337%2Fannounce&amp;tr=http%3A%2F%2Ftracker.dler.org%3A6969%2Fannounce&amp;tr=udp%3A%2F%2Ftracker.leechers-paradise.org%3A6969%2Fannounce&amp;tr=udp%3A%2F%2F9.rarbg.me%3A2730%2Fannounce&amp;tr=udp%3A%2F%2F9.rarbg.to%3A2770%2Fannounce&amp;tr=udp%3A%2F%2Ftracker.pirateparty.gr%3A6969%2Fannounce&amp;tr=http%3A%2F%2Fretracker.local%2Fannounce&amp;tr=http%3A%2F%2Fretracker.ip.ncnet.ru%2Fannounce&amp;tr=udp%3A%2F%2Fexodus.desync.com%3A6969%2Fannounce&amp;tr=udp%3A%2F%2Fipv4.tracker.harry.lu%3A80%2Fannounce&amp;tr=udp%3A%2F%2Fopen.stealth.si%3A80%2Fannounce&amp;tr=udp%3A%2F%2Ftracker.zer0day.to%3A1337%2Fannounce&amp;tr=udp%3A%2F%2Ftracker.leechers-paradise.org%3A6969%2Fannounce&amp;tr=udp%3A%2F%2Fcoppersurfer.tk%3A6969%2Fannounce\">magnet</a>] [<a href=\"https://pastefg.hermietkreeft.site/?727cf1eee9153fed#GC2h1AxFXnzaphzXQBeCQH7tRGpfjKnjkXUj6PMgf5hg\" target=\"_blank\" rel=\"noopener\">.torrent file only</a>] <br><img src=\"https://torrent-stats.info/529a/175a4ee9a.png\" style=\"display:block;clear:both\"></li><li><a href=\"http://rutor.info/torrent/826257/sniper-ghost-warrior-contracts-2-deluxe-arsenal-edition-update-4-dlcs-2021-pc-repack-ot-fitgirl\" target=\"_blank\" rel=\"noopener\">RuTor</a> [<a href=\"magnet:?xt=urn:btih:9df3d29c0b19585d727f529aade3a022c513b787&amp;dn=rutor.info_Sniper+Ghost+Warrior+Contracts+2+-+Deluxe+Arsenal+Edition+%5BUpdate+4+%2B+DLCs%5D+%282021%29+PC+%7C+RePack+%D0%BE%D1%82+FitGirl&amp;tr=udp://opentor.org:2710&amp;tr=udp://opentor.org:2710&amp;tr=http://retracker.local/announce\">magnet</a>]</li><li><a href=\"https://tapochek.net/viewtopic.php?p=2782247\" target=\"_blank\" rel=\"noopener\">Tapochek.net</a></li><li><a href=\"https://pastefg.hermietkreeft.site/?aefd2d22c0feffb9#9RfytWDsHMDPqH9PacUWXh88jDsWhMJyF3rzYmN9QrdD\" target=\"_blank\" rel=\"noopener\">Filehoster: MultiUpload</a> (10+ hosters, interchangeable) [Use <a href=\"http://jdownloader.org/jdownloader2\" target=\"_blank\" rel=\"noopener\">JDownloader2</a>]</li><li><a href=\"https://pastefg.hermietkreeft.site/?4d48a99c0e1ca6a1#4PWkwNaX15yWiuvRZc5trwa15AXGutoRHjoCExzrBYu3\" target=\"_blank\" rel=\"noopener\">Filehoster: PixelDrain</a></li><li><a href=\"https://pastefg.hermietkreeft.site/?0c628fae62daa0c6#4QBhgXMyUPBCzsNVKiBMRryFzXzyDvrSEZsyBq71qtvA\" target=\"_blank\" rel=\"noopener\">Filehoster: ZippyShare</a></li><li><a href=\"https://pastefg.hermietkreeft.site/?5015b0b7f7f6b1e0#CDDAh3KwCTDWibqkPZCeU9DZvMNA9cjACerRZZaBaMyS\" target=\"_blank\" rel=\"noopener\">Filehoster: LetsUpload</a> [Use <a href=\"http://jdownloader.org/jdownloader2\" target=\"_blank\" rel=\"noopener\">JDownloader2</a>]</li><li><a href=\"https://crackhub.site/sniper-ghost-warrior-contracts-2-deluxe-arsenal-edition-update-4-butchers-banquet-23-dlcs-fitgirl-repack/\" target=\"_blank\" rel=\"noopener\">Filehosters: Google Drive, OneDrive + others</a> (Uploaded by crackhub213)</li><li><a href=\"https://pastefg.hermietkreeft.site/?7091a726ccf903ed#g7rC3Ta7mT2qggmw9xziXYFUsJt2YP9xKikPeEx6jbZ\" target=\"_blank\" rel=\"noopener\">Filehoster: OneDrive</a> (Uploaded by DyR0 t(-_-t), NOT compatible with other mirrors)</li></ul><p><a href=\"https://cs.rin.ru/forum/viewtopic.php?f=10&amp;t=106243\" target=\"_blank\" rel=\"noopener\">Discussion and (possible) future updates on CS.RIN.RU thread</a></p><h3>Screenshots (Click to enlarge)</h3><p><a target=\"_blank\" href=\"http://en.riotpixels.com/games/sniper-ghost-warrior-contracts-2/screenshots/18/?utm_source=emb-gfx-html&amp;utm_medium=image&amp;utm_campaign=rp-mass\" rel=\"noopener\"><img loading=\"lazy\" width=\"178\" height=\"100\" border=\"0\" src=\"https://s01.riotpixels.net/data/b8/ba/b8ba74b7-0ac3-4775-aa6d-8b3805abb227.jpg.240p.jpg\"></a><a target=\"_blank\" href=\"http://en.riotpixels.com/games/sniper-ghost-warrior-contracts-2/screenshots/16/?utm_source=emb-gfx-html&amp;utm_medium=image&amp;utm_campaign=rp-mass\" rel=\"noopener\"><img loading=\"lazy\" width=\"178\" height=\"100\" border=\"0\" src=\"https://s01.riotpixels.net/data/55/9b/559b9d9b-6453-41de-8e63-ee05ddba30cf.jpg.240p.jpg\"></a><a target=\"_blank\" href=\"http://en.riotpixels.com/games/sniper-ghost-warrior-contracts-2/screenshots/15/?utm_source=emb-gfx-html&amp;utm_medium=image&amp;utm_campaign=rp-mass\" rel=\"noopener\"><img loading=\"lazy\" width=\"178\" height=\"100\" border=\"0\" src=\"https://s01.riotpixels.net/data/cc/16/cc16c48f-5fa1-4285-9ff2-a4acb82cba4a.jpg.240p.jpg\"></a><br><a target=\"_blank\" href=\"http://en.riotpixels.com/games/sniper-ghost-warrior-contracts-2/screenshots/14/?utm_source=emb-gfx-html&amp;utm_medium=image&amp;utm_campaign=rp-mass\" rel=\"noopener\"><img loading=\"lazy\" width=\"178\" height=\"100\" border=\"0\" src=\"https://s01.riotpixels.net/data/08/16/0816df40-faa6-4853-a902-9badae151131.jpg.240p.jpg\"></a><a target=\"_blank\" href=\"http://en.riotpixels.com/games/sniper-ghost-warrior-contracts-2/screenshots/11/?utm_source=emb-gfx-html&amp;utm_medium=image&amp;utm_campaign=rp-mass\" rel=\"noopener\"><img loading=\"lazy\" width=\"178\" height=\"100\" border=\"0\" src=\"https://s01.riotpixels.net/data/0a/29/0a29e1ca-5290-4789-8fb8-e3ca1c1c8cb0.jpg.240p.jpg\"></a><a target=\"_blank\" href=\"http://en.riotpixels.com/games/sniper-ghost-warrior-contracts-2/screenshots/10/?utm_source=emb-gfx-html&amp;utm_medium=image&amp;utm_campaign=rp-mass\" rel=\"noopener\"><img loading=\"lazy\" width=\"178\" height=\"100\" border=\"0\" src=\"https://s01.riotpixels.net/data/f2/c4/f2c49127-51d0-41f6-ba42-05e495f7368c.jpg.240p.jpg\"></a></p><h3>Repack Features</h3><ul><li>Based on Steam BuildID 7026711, July 21, 2021 build: 14.6 GB</li><li>CODEX-PLAZA crack/emu applied over</li><li>Missing DLCs added, thanks to machine4578 &amp; Christsnatcher!</li><li>Game version: Update 4; 23 DLCs are included and activated</li><li>100% Lossless &amp; MD5 Perfect: all files are identical to originals after installation</li><li>NOTHING ripped, NOTHING re-encoded</li><li>Smaller archive size (compressed from 14.6 to 9.5 GB)</li><li>Installation takes 4-10 minutes (depending on your system)</li><li>After-install integrity check so you could make sure that everything installed properly</li><li>HDD space after installation: 14.6 GB</li><li>Use \u201clanguage.changer.exe\u201d in game \u201cwin_x64\u201d folder to change the game language</li><li>Repack uses XTool library by Razor12911</li><li>At least 3 GB of free RAM (inc. virtual) required for installing this repack</li></ul><div ><div><h2>Game Description</h2></div><div ><b>Sniper Ghost Warrior Contracts 2</b> marks the most challenging entry to the acclaimed series yet, introducing extreme long-range sniping with targets over 1000m away. Featuring a dramatic single-player campaign set in modern day Middle East, experience high-pressure tactical combat, deep inside enemy territory.<p>Take on the role of Raven, Contract Sniper Assassin, as he embarks on a new series of contracts in a lawless region of the Middle East, located along the Lebanese and Syrian borders. Tasked with a seemingly impossible task, your mission is to topple an insidious criminal syndicate and bring them to justice.</p><p><b>EXTREME-RANGE SNIPING</b><br>Series veterans are in for a challenge, as Sniper Ghost Warrior Contracts 2 demands a new level of skill, focus, and precision, with many targets now over a 1000m away \u2013 a first for the series.</p><p><b>NEXT-LEVEL REALISM</b><br>Developed by the same studio behind the original game, Contracts 2 pushes new boundaries with its hyper-realistic sniping experience; master a wide arsenal of weaponry based on realistic military equipment; explore vast terrains with an enhanced level of detail; and confront the series\u2019 most lifelike enemies to date.</p><p><b>PLAN YOUR ASSAULT</b><br>Equipped with all-new equipment, each highly replayable contract can be completed in a variety of ways. Replay the mission with a different approach to complete all objectives, ready to spend your earnings on improved gadgets and weaponry.</p><p><b>UPGRADED VISUALS</b><br>Contracts 2 introduces new levels of fidelity, with optimized visuals, improved FPS, and an enhanced game engine, resulting in the best looking entry to the series yet. Pull off ultra realistic stealth kills, captured in viscerally graphic detail thanks to the cinematic bullet cam.</p><p><b><h3>Game Features</h3></b></p><ul><li>Eliminate a wide array of targets, using a mixture of close-quarter combat, and extreme long-range sniping as a contract assassin</li><li>Employ tactical decisions and stealth techniques to overcome a variety of challenges across the dramatic single-player campaign</li><li>Explore 5 distinct, extensive maps set in the Middle East conflict zone</li><li>Execute 21 new contracts, in addition to completing a range of side operations</li><li>Master an expert sniping experience, featuring a wide selection of realistic weapons and equipment</li><li>Revisit each contract with a different approach to complete all objectives and collect maximum rewards</li><li>Experience a new level of fidelity with upgraded visuals and an enhanced game engine</li></ul><p><b>Included DLCs</b></p><ul><li>Abstract Assassin Skin Pack</li><li>ANGLO Skin Pack</li><li>ASIA Skin Pack</li><li>Blue Servers Skins</li><li>Claws are Out Skin Pack</li><li>Crossbow Carnage Weapons Pack</li><li>CYRILmp4 Weapon Skin</li><li>Dark Sky Skin</li><li>EURO Skin Pack</li><li>Fire &amp; Smoke Skin Pack</li><li>Flesh &amp; Blood Skin Pack</li><li>Graffiti Glow Skin</li><li>Hail &amp; Ice Skin Pack</li><li>Lock n\u2019 Load Weapons Pack</li><li>Safari Sadist Skin Pack</li><li>Savage Serpents Skin Pack</li><li>shroud DLC</li><li>Skull &amp; Bones Skin Pack</li><li>Solitary Sniper Weapons Pack</li><li>TACTICAL PACK</li><li>Tactical Tracker Weapons Pack</li><li>Wild Thing Skin Pack</li><li>Xray-ted Skin</li></ul></div></div><p><b>Backwards Compatibility</b></p><p>This repack is NOT backwards compatible with my previous SGWC2 repack.</p>             </ul></div>"
}