{
    "link": null,
    "title": "SOMA \u2013 v1.6 + Bonus Content",
    "first_img": "https://i2.imageban.ru/out/2021/09/21/698c10526cdfc07bc8389e59acd61b77.jpg",
    "second_img": [],
    "body": "<div ><h2>SOMA \u2013 v1.6 + Bonus Content</h2><p ><div><a target=\"_blank\" href=\"https://en.riotpixels.com/games/soma/\" rel=\"noopener\"><img class=\"alignleft\" width=\"150\" src=\"https://i2.imageban.ru/out/2021/09/21/698c10526cdfc07bc8389e59acd61b77.jpg\"></a></div><br>Genres/Tags: <strong>Adventure, Physics-based, Horror, Post-apocalyptic, First-person, 3D</strong><br>Compan\u043d: <strong>Frictional Games</strong><br>Languages: <strong>RUS/ENG/MULTI8</strong><br>Original Size: <strong>11.1 GB</strong><br>Repack Size: <strong>from 7.7 GB</strong> [Selective Download]</p>&nbsp;<div>&nbsp;</div><h3>Download Mirrors</h3><ul><li><a href=\"https://1337x.to/torrent/4990888/SOMA-v1-6-Bonus-Content-MULTi8-FitGirl-Repack-Selective-Download-from-7-7-Gb/\" target=\"_blank\" rel=\"noopener\">1337x</a> | [<a href=\"magnet:?xt=urn:btih:B6A4FA5856C3981C0283606406F7836A6F0BE417&amp;dn=SOMA+%28v1.6+%2B+Bonus+Content%2C+MULTi8%29+%5BFitGirl+Repack%2C+Selective+Download+-+from+7.7+Gb%5D&amp;tr=udp%3A%2F%2F46.148.18.250%3A2710&amp;tr=udp%3A%2F%2Fopentor.org%3A2710&amp;tr=udp%3A%2F%2Ftracker.coppersurfer.tk%3A6969%2Fannounce&amp;tr=udp%3A%2F%2Ftracker.opentrackr.org%3A1337%2Fannounce&amp;tr=http%3A%2F%2Ftracker.dler.org%3A6969%2Fannounce&amp;tr=udp%3A%2F%2Ftracker.leechers-paradise.org%3A6969%2Fannounce&amp;tr=udp%3A%2F%2F9.rarbg.me%3A2730%2Fannounce&amp;tr=udp%3A%2F%2F9.rarbg.to%3A2770%2Fannounce&amp;tr=udp%3A%2F%2Ftracker.pirateparty.gr%3A6969%2Fannounce&amp;tr=http%3A%2F%2Fretracker.local%2Fannounce&amp;tr=http%3A%2F%2Fretracker.ip.ncnet.ru%2Fannounce&amp;tr=udp%3A%2F%2Fexodus.desync.com%3A6969%2Fannounce&amp;tr=udp%3A%2F%2Fipv4.tracker.harry.lu%3A80%2Fannounce&amp;tr=udp%3A%2F%2Fopen.stealth.si%3A80%2Fannounce&amp;tr=udp%3A%2F%2Ftracker.zer0day.to%3A1337%2Fannounce&amp;tr=udp%3A%2F%2Ftracker.leechers-paradise.org%3A6969%2Fannounce&amp;tr=udp%3A%2F%2Fcoppersurfer.tk%3A6969%2Fannounce\">magnet</a>] [<a href=\"https://pastefg.hermietkreeft.site/?cb5d04dfdb7823aa#9NaGrkC8QRotjb1y1jrHVFpKTFPrsRhJ68y79kUy5Yjh\" target=\"_blank\" rel=\"noopener\">.torrent file only</a>] <br><img src=\"https://torrent-stats.info/6064/1b9e9153c.png\" style=\"display:block;clear:both\"></li><li><a href=\"http://rutor.info/torrent/835644/soma-v-1.6-bonus-2015-pc-repack-ot-fitgirl\" target=\"_blank\" rel=\"noopener\">RuTor</a> [<a href=\"magnet:?xt=urn:btih:b6a4fa5856c3981c0283606406f7836a6f0be417&amp;dn=rutor.info_SOMA+%5Bv+1.6+%2B+Bonus%5D+%282015%29+PC+%7C+RePack+%D0%BE%D1%82+FitGirl&amp;tr=udp://opentor.net:6969&amp;tr=udp://opentor.org:2710&amp;tr=http://retracker.local/announce\">magnet</a>]</li><li><a href=\"https://tapochek.net/viewtopic.php?p=2801506\" target=\"_blank\" rel=\"noopener\">Tapochek.net</a></li><li><a href=\"https://pastefg.hermietkreeft.site/?6566a54cee8b06e5#2QQZw4suvSpMFoM3Q3UtDRtRhvpYAaU7tu8vbjiMuziJ\" target=\"_blank\" rel=\"noopener\">Filehoster: MultiUpload</a> (10+ hosters, interchangeable) [Use <a href=\"http://jdownloader.org/jdownloader2\" target=\"_blank\" rel=\"noopener\">JDownloader2</a>]</li><li><a href=\"https://pastefg.hermietkreeft.site/?1b8be9abd85dc4d5#7ApZa3hkLyL9ooWLcxk3GX7vA6LhkRKcxHgy7nKmqMs3\" target=\"_blank\" rel=\"noopener\">Filehoster: PixelDrain</a></li><li><a href=\"https://pastefg.hermietkreeft.site/?02c6abff36f0c954#4qyU3pCJ277h7mqtxPd2LQkNBrMSekf3775KR5TfYTzF\" target=\"_blank\" rel=\"noopener\">Filehoster: ZippyShare</a></li><li><a href=\"https://pastefg.hermietkreeft.site/?e7c5c750daa9cc23#9JPYmSekzwTNT4CLCj45YnCpXBNe9sZhjg5c4Zk1vfSt\" target=\"_blank\" rel=\"noopener\">Filehoster: LetsUpload</a> [Use <a href=\"http://jdownloader.org/jdownloader2\" target=\"_blank\" rel=\"noopener\">JDownloader2</a>]</li><li><a href=\"https://pastefg.hermietkreeft.site/?68bbb468ee006c80#5LWj8VNNxG9HmGerQN5mDfFowhaMra5CcNCVinJef9dw\" target=\"_blank\" rel=\"noopener\">Filehoster: OneDrive</a> (Uploaded by DyR0 t(-_-t), NOT compatible with other mirrors)</li></ul><h3>Installation error quickfix</h3><p>Due to a tiny error in installation script and if you didn\u2019t download bonus content, you might see extraction error upon installation. You may either download that bonus content or copy, say fg-14.bin to  fg-optional-bonus-content.bin in repack folder. Then everything will install properly.</p><p><a href=\"https://cs.rin.ru/forum/viewtopic.php?f=10&amp;t=67885\" target=\"_blank\" rel=\"noopener\">Discussion and (possible) future updates on CS.RIN.RU thread</a></p><h3>Screenshots (Click to enlarge)</h3><p><a target=\"_blank\" href=\"https://en.riotpixels.com/games/soma/screenshots/81/?utm_source=emb-gfx-html&amp;utm_medium=image&amp;utm_campaign=rp-mass\" rel=\"noopener\"><img loading=\"lazy\" width=\"178\" height=\"100\" border=\"0\" src=\"https://s01.riotpixels.net/data/55/dc/55dcb5a7-10db-4904-98df-be5feb826e8e.jpg.240p.jpg\"></a><a target=\"_blank\" href=\"https://en.riotpixels.com/games/soma/screenshots/78/?utm_source=emb-gfx-html&amp;utm_medium=image&amp;utm_campaign=rp-mass\" rel=\"noopener\"><img loading=\"lazy\" width=\"178\" height=\"100\" border=\"0\" src=\"https://s01.riotpixels.net/data/37/4c/374cbee5-0df8-4c2c-a5e8-85b0a171a35b.jpg.240p.jpg\"></a><a target=\"_blank\" href=\"https://en.riotpixels.com/games/soma/screenshots/48/?utm_source=emb-gfx-html&amp;utm_medium=image&amp;utm_campaign=rp-mass\" rel=\"noopener\"><img loading=\"lazy\" width=\"178\" height=\"100\" border=\"0\" src=\"https://s01.riotpixels.net/data/28/35/2835954e-0fa8-4319-aa1f-b2a5ee5b581b.jpg.240p.jpg\"></a><br><a target=\"_blank\" href=\"https://en.riotpixels.com/games/soma/screenshots/45/?utm_source=emb-gfx-html&amp;utm_medium=image&amp;utm_campaign=rp-mass\" rel=\"noopener\"><img loading=\"lazy\" width=\"178\" height=\"100\" border=\"0\" src=\"https://s01.riotpixels.net/data/c9/aa/c9aa119d-665f-47c1-97a7-5915f94a6a24.jpg.240p.jpg\"></a><a target=\"_blank\" href=\"https://en.riotpixels.com/games/soma/screenshots/34/?utm_source=emb-gfx-html&amp;utm_medium=image&amp;utm_campaign=rp-mass\" rel=\"noopener\"><img loading=\"lazy\" width=\"178\" height=\"100\" border=\"0\" src=\"https://s01.riotpixels.net/data/81/94/81944605-e1e3-4b23-919a-8c1d309902f5.jpg.240p.jpg\"></a><a target=\"_blank\" href=\"https://en.riotpixels.com/games/soma/screenshots/22/?utm_source=emb-gfx-html&amp;utm_medium=image&amp;utm_campaign=rp-mass\" rel=\"noopener\"><img loading=\"lazy\" width=\"178\" height=\"100\" border=\"0\" src=\"https://s01.riotpixels.net/data/3f/61/3f612d43-45cc-41a5-86d9-d29f4c2a64ef.jpg.240p.jpg\"></a></p><h3>Repack Features</h3><ul><li>Based on SOMA.v1.6-PLAZA ISO release: plaza-soma.v1.6.iso (11,897,700,352 bytes)</li><li>100% Lossless &amp; MD5 Perfect: all files are identical to originals after installation</li><li>NOTHING ripped, NOTHING re-encoded</li><li>Bonus content from _supersecret.rar unpacked for user convenience</li><li>Selective Download feature: you may skip downloading and installing of bonus content</li><li>Significantly smaller archive size (compressed from 11.1 to 7.7/8.5 GB)</li><li>Installation takes 10-15 minutes (depending on your system)</li><li>After-install integrity check so you could make sure that everything installed properly</li><li>HDD space after installation: up to 20.7 GB</li><li>Language can be changed in game settings</li><li>Repack uses XTool library by Razor12911</li><li>At least 2 GB of free RAM (inc. virtual) required for installing this repack</li></ul><div ><div><h2>Game Description</h2></div><div >SOMA is a sci-fi horror game from Frictional Games, the creators of Amnesia: The Dark Descent. It is an unsettling story about identity, consciousness, and what it means to be human.<p>The radio is dead, food is running out, and the machines have started to think they are people. Underwater facility PATHOS-II has suffered an intolerable isolation and we\u2019re going to have to make some tough decisions. What can be done? What makes sense? What is left to fight for?</p><p>Enter the world of SOMA and face horrors buried deep beneath the ocean waves. Delve through locked terminals and secret documents to uncover the truth behind the chaos. Seek out the last remaining inhabitants and take part in the events that will ultimately shape the fate of the station. But be careful, danger lurks in every corner: corrupted humans, twisted creatures, insane robots, and even an inscrutable omnipresent A.I.</p><p>You will need to figure out how to deal with each one of them. Just remember there\u2019s no fighting back, either you outsmart your enemies or you get ready to run.</p></div></div>             </div>"
}