{
    "link": "https://fitgirl-repacks.site/somnium/",
    "title": "Somnium",
    "first_img": "https://i6.imageban.ru/out/2021/11/24/aa32c4192e70383a328801240dbd69e6.jpg",
    "second_img": "https://s01.riotpixels.net/data/f3/de/f3dee7f7-7c51-4df6-8381-fe67b10124c1.jpg.240p.jpg",
    "body": "<div ><h2>Somnium</h2><p ><div><a target=\"_blank\" href=\"https://en.riotpixels.com/games/somnium/\" rel=\"noopener\"><img class=\"alignleft\" width=\"150\" src=\"https://i6.imageban.ru/out/2021/11/24/aa32c4192e70383a328801240dbd69e6.jpg\"></a></div><br>Genres/Tags: <strong>Adventure, Arcade, Puzzle solving, Third-person, 3D</strong><br>Company: <strong>Tolga Yurtsev</strong><br>Languages: <strong>ENG/TUR</strong><br>Original Size: <strong>6.2 GB</strong><br>Repack Size: <strong>4 GB</strong></p>&nbsp;<div>&nbsp;</div><h3>Download Mirrors</h3><ul><li><a href=\"https://1337x.to/torrent/5062121/Somnium-ENG-TUR-FitGirl-Repack/\" target=\"_blank\" rel=\"noopener\">1337x</a> | [<a href=\"magnet:?xt=urn:btih:1B18B9EEE4D83706E7C7838960C2DBF6B3FC4E23&amp;dn=Somnium+%28ENG%2FTUR%29+%5BFitGirl+Repack%5D&amp;tr=udp%3A%2F%2F46.148.18.250%3A2710&amp;tr=udp%3A%2F%2Fopentor.org%3A2710&amp;tr=udp%3A%2F%2Ftracker.coppersurfer.tk%3A6969%2Fannounce&amp;tr=udp%3A%2F%2Ftracker.opentrackr.org%3A1337%2Fannounce&amp;tr=http%3A%2F%2Ftracker.dler.org%3A6969%2Fannounce&amp;tr=udp%3A%2F%2Ftracker.leechers-paradise.org%3A6969%2Fannounce&amp;tr=udp%3A%2F%2F9.rarbg.me%3A2730%2Fannounce&amp;tr=udp%3A%2F%2F9.rarbg.to%3A2770%2Fannounce&amp;tr=udp%3A%2F%2Ftracker.pirateparty.gr%3A6969%2Fannounce&amp;tr=http%3A%2F%2Fretracker.local%2Fannounce&amp;tr=http%3A%2F%2Fretracker.ip.ncnet.ru%2Fannounce&amp;tr=udp%3A%2F%2Fexodus.desync.com%3A6969%2Fannounce&amp;tr=udp%3A%2F%2Fipv4.tracker.harry.lu%3A80%2Fannounce&amp;tr=udp%3A%2F%2Fopen.stealth.si%3A80%2Fannounce&amp;tr=udp%3A%2F%2Ftracker.zer0day.to%3A1337%2Fannounce&amp;tr=udp%3A%2F%2Ftracker.leechers-paradise.org%3A6969%2Fannounce&amp;tr=udp%3A%2F%2Fcoppersurfer.tk%3A6969%2Fannounce\">magnet</a>] [<a href=\"https://pastefg.hermietkreeft.site/?955feda687e321b2#HGpEu4Er14DTDah9hqGLYjrnXFTk5zYrQABKrNEbnFSY\" target=\"_blank\" rel=\"noopener\">.torrent file only</a>] <br><img src=\"https://torrent-stats.info/8389/2666df3fd.png\" style=\"display:block;clear:both\"></li><li><a href=\"https://tapochek.net/viewtopic.php?p=2814260\" target=\"_blank\" rel=\"noopener\">Tapochek.net</a></li><li><a href=\"https://pastefg.hermietkreeft.site/?ea57bde2ecb47fda#H3q978UkTchrxUEtQbvzJXAqyPmRqZkZsKLXje9ZwKHv\" target=\"_blank\" rel=\"noopener\">Filehoster: MultiUpload</a> (10+ hosters, interchangeable) [Use <a href=\"http://jdownloader.org/jdownloader2\" target=\"_blank\" rel=\"noopener\">JDownloader2</a>]</li><li><a href=\"https://pastefg.hermietkreeft.site/?d280892155fa61dc#FgcZZfAH1LirzjEYZVv6QvGb2onLE2sgFcDFKoMRyyr7\" target=\"_blank\" rel=\"noopener\">Filehoster: ZippyShare</a></li><li><a href=\"https://pastefg.hermietkreeft.site/?51c50761c01313fe#6NvqpRnt1VSind6vFV8isqxBqsGDj8Ej4M3kPbSgRK3z\" target=\"_blank\" rel=\"noopener\">Filehoster: BayFiles</a></li><li><a href=\"https://pastefg.hermietkreeft.site/?caceb33c5c9c309b#5SLTQjxxvuQL8qtExozxmcPMag8dyEKu75GcijZD9VJ8\" target=\"_blank\" rel=\"noopener\">Filehoster: LetsUpload</a> [Use <a href=\"http://jdownloader.org/jdownloader2\" target=\"_blank\" rel=\"noopener\">JDownloader2</a>]</li><li><a href=\"https://pastefg.hermietkreeft.site/?38cdbc8bed6ff9c9#6XPqgegLboAGW8GQSWQ37VgKb8FhHsEbe8afPpBbLX4s\" target=\"_blank\" rel=\"noopener\">Filehoster: OneDrive</a> (Uploaded by DyR0 t(-_-t), NOT compatible with other mirrors)</li><p><!--  <li><a href=\"\" target=\"_blank\" rel=\"noopener\">Filehosters: Google Drive, OneDrive + others</a> (Uploaded by crackhub213)</li>  --></p></ul><p><a href=\"https://cs.rin.ru/forum/viewtopic.php?f=10&amp;t=117423\" target=\"_blank\" rel=\"noopener\">Discussion and (possible) future updates on CS.RIN.RU thread</a></p><h3>Screenshots (Click to enlarge)</h3><p><a target=\"_blank\" href=\"https://en.riotpixels.com/games/somnium/screenshots/26/?utm_source=emb-gfx-html&amp;utm_medium=image&amp;utm_campaign=rp-mass\" rel=\"noopener\"><img loading=\"lazy\" width=\"178\" height=\"100\" border=\"0\" src=\"https://s01.riotpixels.net/data/f3/de/f3dee7f7-7c51-4df6-8381-fe67b10124c1.jpg.240p.jpg\"></a><a target=\"_blank\" href=\"https://en.riotpixels.com/games/somnium/screenshots/24/?utm_source=emb-gfx-html&amp;utm_medium=image&amp;utm_campaign=rp-mass\" rel=\"noopener\"><img loading=\"lazy\" width=\"178\" height=\"100\" border=\"0\" src=\"https://s01.riotpixels.net/data/14/b6/14b67e6b-35f8-4c15-aea7-aaf249bae458.jpg.240p.jpg\"></a><a target=\"_blank\" href=\"https://en.riotpixels.com/games/somnium/screenshots/22/?utm_source=emb-gfx-html&amp;utm_medium=image&amp;utm_campaign=rp-mass\" rel=\"noopener\"><img loading=\"lazy\" width=\"178\" height=\"100\" border=\"0\" src=\"https://s01.riotpixels.net/data/d5/f2/d5f223ea-3b00-4a1f-b4e4-adf1d0d48f7a.jpg.240p.jpg\"></a><br><a target=\"_blank\" href=\"https://en.riotpixels.com/games/somnium/screenshots/18/?utm_source=emb-gfx-html&amp;utm_medium=image&amp;utm_campaign=rp-mass\" rel=\"noopener\"><img loading=\"lazy\" width=\"178\" height=\"100\" border=\"0\" src=\"https://s01.riotpixels.net/data/c5/c0/c5c03dc6-1963-4f5e-a7af-48a43f61f0f2.jpg.240p.jpg\"></a><a target=\"_blank\" href=\"https://en.riotpixels.com/games/somnium/screenshots/15/?utm_source=emb-gfx-html&amp;utm_medium=image&amp;utm_campaign=rp-mass\" rel=\"noopener\"><img loading=\"lazy\" width=\"178\" height=\"100\" border=\"0\" src=\"https://s01.riotpixels.net/data/ad/69/ad69b411-c6ec-409e-8b6f-426c34cf70a8.jpg.240p.jpg\"></a><a target=\"_blank\" href=\"https://en.riotpixels.com/games/somnium/screenshots/9/?utm_source=emb-gfx-html&amp;utm_medium=image&amp;utm_campaign=rp-mass\" rel=\"noopener\"><img loading=\"lazy\" width=\"178\" height=\"100\" border=\"0\" src=\"https://s01.riotpixels.net/data/3e/27/3e27ebc3-6441-4ccf-a05f-43fa7b47e330.jpg.240p.jpg\"></a></p><h3>Repack Features</h3><ul><li>Based on Somnium-PLAZA ISO release: plaza-somnium.iso (6,709,379,072 bytes)</li><li>100% Lossless &amp; MD5 Perfect: all files are identical to originals after installation</li><li>NOTHING ripped, NOTHING re-encoded</li><li>Significantly smaller archive size (compressed from 6.2 to 4 GB)</li><li>Installation takes 2-3 minutes (depending on your system)</li><li>After-install integrity check so you could make sure that everything installed properly</li><li>HDD space after installation: 12.5 GB</li><li>Language can be changed in game settings</li><li>Repack uses XTool library by Razor12911</li><li>At least 2 GB of free RAM (inc. virtual) required for installing this repack</li></ul><div ><div><h2>Game Description</h2></div><div >Somnium is an inter-dimensional adventure game with elements of dark humor. On your long and fun journey to the unknown, you will explore colorful and strange worlds, play different kinds of mini-games, solve puzzles, steal girls\u2019 hearts and embark on many different adventures.<p><b><h3>Game Features</h3></b></p><ul><li><b>EXPLORE &amp; SOLVE PUZZLES:</b> Explore surreal dimensions, each with different atmospheres and environments. Meet interesting characters. Solve puzzles and mysteries.</li><li><b>HAVE A DRAGON &amp; FIGHT:</b> Become a dragon\u2019s best friend and give it any name you want. Set your enemies on fire and fight huge bosses.</li><li><b>ROMANCE WITH GIRLS:</b> Steal the hearts of girls from different dimensions and romance with them. But it won\u2019t be as easy as you think!</li><li><b>SLAP SHRUMP!:</b> Need more words?</li><li><b>PLAY FUN MINI GAMES:</b> Play fun, different types of mini-games scattered throughout the chapters.</li><li><b>DEADLY CHALLENGES &amp; IN-GAME ACHIEVEMENTS:</b> Face challenging platforming elements in levels full of traps and dangers. Complete 44 different in-game achievements, each carefully designed, and 7 other Steam-exclusive achievements.</li><li><b>SEEK FOR ANSWERS:</b> Collect story pieces throughout your adventure that will take you to different dimensions. Reach the Dark Tower to find the answers you seek.</li></ul></div></div>             </div>"
}