{
    "link": "https://fitgirl-repacks.site/song-of-farca/",
    "title": "Song of Farca",
    "first_img": "https://i2.imageban.ru/out/2021/07/22/cf0f2b48a8e3e4350cdf52e70af2c413.jpg",
    "second_img": "https://s01.riotpixels.net/data/cf/7b/cf7bce84-95d5-4532-ad5f-8fd37b2b2dab.jpg.240p.jpg",
    "body": "<div ><h2>Song of Farca</h2><p ><div><a target=\"_blank\" href=\"https://en.riotpixels.com/games/song-of-farca/\" rel=\"noopener\"><img class=\"alignleft\" width=\"150\" src=\"https://i2.imageban.ru/out/2021/07/22/cf0f2b48a8e3e4350cdf52e70af2c413.jpg\"></a></div><br>Genres/Tags: <strong>Adventure, Cyberpunk, 2D</strong><br>Companies: <strong>Wooden Monkeys, Alawar Premium, East2West Games</strong><br>Languages: <strong>RUS/ENG/CHI</strong><br>Original Size: <strong>1.4 GB</strong><br>Repack Size: <strong>706 MB</strong></p>&nbsp;<div>&nbsp;</div><h3>Download Mirrors</h3><ul><li><a href=\"https://1337x.to/torrent/4927904/Song-of-Farca-MULTi3-FitGirl-Repack/\" target=\"_blank\" rel=\"noopener\">1337x</a> | [<a href=\"magnet:?xt=urn:btih:E6EB384C2B07B79DB685850E59180EE70F24BA0A&amp;dn=Song+of+Farca+%28MULTi3%29+%5BFitGirl+Repack%5D&amp;tr=udp%3A%2F%2F46.148.18.250%3A2710&amp;tr=udp%3A%2F%2Fopentor.org%3A2710&amp;tr=udp%3A%2F%2Ftracker.coppersurfer.tk%3A6969%2Fannounce&amp;tr=udp%3A%2F%2Ftracker.opentrackr.org%3A1337%2Fannounce&amp;tr=http%3A%2F%2Ftracker.dler.org%3A6969%2Fannounce&amp;tr=udp%3A%2F%2Ftracker.leechers-paradise.org%3A6969%2Fannounce&amp;tr=udp%3A%2F%2F9.rarbg.me%3A2730%2Fannounce&amp;tr=udp%3A%2F%2F9.rarbg.to%3A2770%2Fannounce&amp;tr=udp%3A%2F%2Ftracker.pirateparty.gr%3A6969%2Fannounce&amp;tr=http%3A%2F%2Fretracker.local%2Fannounce&amp;tr=http%3A%2F%2Fretracker.ip.ncnet.ru%2Fannounce&amp;tr=udp%3A%2F%2Fexodus.desync.com%3A6969%2Fannounce&amp;tr=udp%3A%2F%2Fipv4.tracker.harry.lu%3A80%2Fannounce&amp;tr=udp%3A%2F%2Fopen.stealth.si%3A80%2Fannounce&amp;tr=udp%3A%2F%2Ftracker.zer0day.to%3A1337%2Fannounce&amp;tr=udp%3A%2F%2Ftracker.leechers-paradise.org%3A6969%2Fannounce&amp;tr=udp%3A%2F%2Fcoppersurfer.tk%3A6969%2Fannounce\">magnet</a>] [<a href=\"https://pastefg.hermietkreeft.site/?db574cd59c49abe3#AMg3yoACpLpSBVt6iRorKb6ZP38MVx8ESWxJj376XrPY\" target=\"_blank\" rel=\"noopener\">.torrent file only</a>] <br><img src=\"https://torrent-stats.info/850e/259e17c70.png\" style=\"display:block;clear:both\"></li><li><a href=\"http://rutor.info/torrent/826267/song-of-farca-2021-pc-repack-ot-fitgirl\" target=\"_blank\" rel=\"noopener\">RuTor</a> [<a href=\"magnet:?xt=urn:btih:e6eb384c2b07b79db685850e59180ee70f24ba0a&amp;dn=rutor.info_Song+of+Farca+%282021%29+PC+%7C+RePack+%D0%BE%D1%82+FitGirl&amp;tr=udp://opentor.org:2710&amp;tr=udp://opentor.org:2710&amp;tr=http://retracker.local/announce\">magnet</a>]</li><li><a href=\"https://tapochek.net/viewtopic.php?p=2790277\" target=\"_blank\" rel=\"noopener\">Tapochek.net</a></li><li><a href=\"https://pastefg.hermietkreeft.site/?334df78068483dd7#B6DgbDLZe1RZTWvcgmpvhvP65vKmqUFNLYujw62xfjks\" target=\"_blank\" rel=\"noopener\">Filehoster: MultiUpload</a> (10+ hosters, interchangeable) [Use <a href=\"http://jdownloader.org/jdownloader2\" target=\"_blank\" rel=\"noopener\">JDownloader2</a>]</li><li><a href=\"https://pastefg.hermietkreeft.site/?10087201bee14c64#AXJRbno1ELRvWpTeHj7tn4DNW3T2M2nLFghWiHYUcoxs\" target=\"_blank\" rel=\"noopener\">Filehoster: PixelDrain</a></li><li><a href=\"https://pastefg.hermietkreeft.site/?3d63d28b3bb3a143#BVQSzJM9yhHnMehf1AT6s6zj3x9J4AuCdBKTebWLZ34f\" target=\"_blank\" rel=\"noopener\">Filehoster: ZippyShare</a></li><li><a href=\"https://pastefg.hermietkreeft.site/?ce29688b9b43d4d7#2fY9tMpAuPHjdY83VNkuUbn5c5xYftwjZ2RPQdH4Ksze\" target=\"_blank\" rel=\"noopener\">Filehoster: LetsUpload</a> [Use <a href=\"http://jdownloader.org/jdownloader2\" target=\"_blank\" rel=\"noopener\">JDownloader2</a>]</li><li><a href=\"https://crackhub.site/song-of-farca-fitgirl-repack/\" target=\"_blank\" rel=\"noopener\">Filehosters: Google Drive, OneDrive + others</a> (Uploaded by crackhub213)</li><li><a href=\"https://pastefg.hermietkreeft.site/?98cfde83ff4643c3#9hpjT3JVNDugfCG5CA48vLufJ4Q6PBZs39ZEPcHZWhZV\" target=\"_blank\" rel=\"noopener\">Filehoster: OneDrive</a> (Uploaded by DyR0 t(-_-t), NOT compatible with other mirrors)</li></ul><p><a href=\"https://cs.rin.ru/forum/viewtopic.php?f=10&amp;t=114223\" target=\"_blank\" rel=\"noopener\">Discussion and (possible) future updates on CS.RIN.RU thread</a></p><h3>Screenshots (Click to enlarge)</h3><p><a target=\"_blank\" href=\"https://en.riotpixels.com/games/song-of-farca/screenshots/8/?utm_source=emb-gfx-html&amp;utm_medium=image&amp;utm_campaign=rp-mass\" rel=\"noopener\"><img loading=\"lazy\" width=\"178\" height=\"100\" border=\"0\" src=\"https://s01.riotpixels.net/data/cf/7b/cf7bce84-95d5-4532-ad5f-8fd37b2b2dab.jpg.240p.jpg\"></a><a target=\"_blank\" href=\"https://en.riotpixels.com/games/song-of-farca/screenshots/6/?utm_source=emb-gfx-html&amp;utm_medium=image&amp;utm_campaign=rp-mass\" rel=\"noopener\"><img loading=\"lazy\" width=\"178\" height=\"100\" border=\"0\" src=\"https://s01.riotpixels.net/data/0b/c0/0bc0bb11-7519-434e-a0bc-5ed92841130b.jpg.240p.jpg\"></a><a target=\"_blank\" href=\"https://en.riotpixels.com/games/song-of-farca/screenshots/5/?utm_source=emb-gfx-html&amp;utm_medium=image&amp;utm_campaign=rp-mass\" rel=\"noopener\"><img loading=\"lazy\" width=\"178\" height=\"100\" border=\"0\" src=\"https://s01.riotpixels.net/data/45/ef/45ef9884-fa31-4f46-9c96-1c9da611596a.jpg.240p.jpg\"></a><br><a target=\"_blank\" href=\"https://en.riotpixels.com/games/song-of-farca/screenshots/3/?utm_source=emb-gfx-html&amp;utm_medium=image&amp;utm_campaign=rp-mass\" rel=\"noopener\"><img loading=\"lazy\" width=\"178\" height=\"100\" border=\"0\" src=\"https://s01.riotpixels.net/data/07/50/075039fb-1597-4eca-aa3e-bd78b8012398.jpg.240p.jpg\"></a><a target=\"_blank\" href=\"https://en.riotpixels.com/games/song-of-farca/screenshots/2/?utm_source=emb-gfx-html&amp;utm_medium=image&amp;utm_campaign=rp-mass\" rel=\"noopener\"><img loading=\"lazy\" width=\"178\" height=\"100\" border=\"0\" src=\"https://s01.riotpixels.net/data/6f/e8/6fe8ac95-61c6-4ff6-85bd-df13b2d889a5.jpg.240p.jpg\"></a><a target=\"_blank\" href=\"https://en.riotpixels.com/games/song-of-farca/screenshots/1/?utm_source=emb-gfx-html&amp;utm_medium=image&amp;utm_campaign=rp-mass\" rel=\"noopener\"><img loading=\"lazy\" width=\"178\" height=\"100\" border=\"0\" src=\"https://s01.riotpixels.net/data/b3/9e/b39e2070-cdda-4456-8e73-b3b271b1c389.jpg.240p.jpg\"></a></p><h3>Repack Features</h3><ul><li>Based on Song.of.Farca-DOGE ISO release: wow-song.of.farca.iso (1,441,638,400 bytes)</li><li>Song.of.Farca.Crackfix-DOGE applied over</li><li>100% Lossless &amp; MD5 Perfect: all files are identical to originals after installation</li><li>NOTHING ripped, NOTHING re-encoded</li><li>Significantly smaller archive size (compressed from 1.4 GB to 706 MB)</li><li>Installation takes 1-2 minutes</li><li>After-install integrity check so you could make sure that everything installed properly</li><li>HDD space after installation: 1.8 GB (5.9 GB during installation)</li><li>Language can be changed in game settings</li><li>At least 2 GB of free RAM (inc. virtual) required for installing this repack</li></ul><div ><div><h2>Game Description</h2></div><div ><b>Welcome to The Future</b><br>Song of Farca takes place in the near future, where technology isn\u2019t just part of everyday life \u2013 some things are now impossible without it. IT corporations gradually gain more and more influence, becoming a modern aristocracy that couldn\u2019t care less about the law or mere mortals. Criminal organizations are still trying to resist the powerful corporations, but even they understand that the city of Farca is entering a cyberpunk future. They know that their golden age is over.<p><b>Your Intellect is your weapon</b><br>As private detective Isabella Song, you must navigate the city\u2019s disparate factions and investigate the most complex, seemingly unrelated cases with the help of gadgets, a small army of drones, and your intellect. Though Izy is under house arrest after a bar fight, that won\u2019t stop her from doing her job. Getting online is no problem for a hacker, after all.</p><p><b>Harness Technology</b><br>You must uncover information through hacking, surveillance, and the internet, create an information cloud from leads and logically connect them to draw conclusions and apply them in dialogues.</p><p><b>Are you prepared for the consequences?</b><br>As the plot progresses, things get more complicated. The stakes get higher, and the various plot strands come together to form a single story. The choices you make in investigations have important consequences to the plot. Do you convict the suspect that all the evidence is pointing to or dig deeper? What collateral damage will you leave behind you?</p></div></div>             </div>"
}