{
    "link": "https://fitgirl-repacks.site/song-of-iron/",
    "title": "Song of Iron \u2013 v1.0.4.25",
    "first_img": "https://i4.imageban.ru/out/2021/09/01/6b150b4b57b52b795606ac0ac1ee3397.jpg",
    "second_img": "https://s01.riotpixels.net/data/f6/98/f698f145-7ac0-426f-a9f0-9aeed50e15e1.jpg.240p.jpg",
    "body": "<div ><h2>Song of Iron \u2013 v1.0.4.25</h2><p ><div><a target=\"_blank\" href=\"https://en.riotpixels.com/games/song-of-iron/\" rel=\"noopener\"><img class=\"alignleft\" width=\"150\" src=\"https://i4.imageban.ru/out/2021/09/01/6b150b4b57b52b795606ac0ac1ee3397.jpg\"></a></div><br>Genres/Tags: <strong>Arcade, Platform adventure, Side, 3D</strong><br>Company: <strong>Resting Relic</strong><br>Languages: <strong>RUS/ENG/MULTI8</strong><br>Original Size: <strong>7.7 GB</strong><br>Repack Size: <strong>5.5 GB</strong></p>&nbsp;<div>&nbsp;</div><h3>Download Mirrors</h3><ul><li><a href=\"https://1337x.to/torrent/4970637/Song-of-Iron-v1-0-4-25-MULTi8-FitGirl-Repack/\" target=\"_blank\" rel=\"noopener\">1337x</a> | [<a href=\"magnet:?xt=urn:btih:D7866CDF7997E5F4137E8EEE471089232DC68B90&amp;dn=Song+of+Iron+%28v1.0.4.25%2C+MULTi8%29+%5BFitGirl+Repack%5D&amp;tr=udp%3A%2F%2F46.148.18.250%3A2710&amp;tr=udp%3A%2F%2Fopentor.org%3A2710&amp;tr=udp%3A%2F%2Ftracker.coppersurfer.tk%3A6969%2Fannounce&amp;tr=udp%3A%2F%2Ftracker.opentrackr.org%3A1337%2Fannounce&amp;tr=http%3A%2F%2Ftracker.dler.org%3A6969%2Fannounce&amp;tr=udp%3A%2F%2Ftracker.leechers-paradise.org%3A6969%2Fannounce&amp;tr=udp%3A%2F%2F9.rarbg.me%3A2730%2Fannounce&amp;tr=udp%3A%2F%2F9.rarbg.to%3A2770%2Fannounce&amp;tr=udp%3A%2F%2Ftracker.pirateparty.gr%3A6969%2Fannounce&amp;tr=http%3A%2F%2Fretracker.local%2Fannounce&amp;tr=http%3A%2F%2Fretracker.ip.ncnet.ru%2Fannounce&amp;tr=udp%3A%2F%2Fexodus.desync.com%3A6969%2Fannounce&amp;tr=udp%3A%2F%2Fipv4.tracker.harry.lu%3A80%2Fannounce&amp;tr=udp%3A%2F%2Fopen.stealth.si%3A80%2Fannounce&amp;tr=udp%3A%2F%2Ftracker.zer0day.to%3A1337%2Fannounce&amp;tr=udp%3A%2F%2Ftracker.leechers-paradise.org%3A6969%2Fannounce&amp;tr=udp%3A%2F%2Fcoppersurfer.tk%3A6969%2Fannounce\">magnet</a>] [<a href=\"https://pastefg.hermietkreeft.site/?a0d85f25051255cd#B99NChvgSpCvTckNFxauWQyPCnu8qqYPzHpnBhPDTavd\" target=\"_blank\" rel=\"noopener\">.torrent file only</a>] <br><img src=\"https://torrent-stats.info/8eee/28c616e7e.png\" style=\"display:block;clear:both\"></li><li><a href=\"http://rutor.info/torrent/832281/song-of-iron-v-1.0.4.25-2021-pc-repack-ot-fitgirl\" target=\"_blank\" rel=\"noopener\">RuTor</a> [<a href=\"magnet:?xt=urn:btih:d7866cdf7997e5f4137e8eee471089232dc68b90&amp;dn=rutor.info_Song+of+Iron+%5Bv+1.0.4.25%5D+%282021%29+PC+%7C+RePack+%D0%BE%D1%82+FitGirl&amp;tr=udp://opentor.net:6969&amp;tr=udp://opentor.org:2710&amp;tr=http://retracker.local/announce\">magnet</a>]</li><li><a href=\"https://tapochek.net/viewtopic.php?p=2798049\" target=\"_blank\" rel=\"noopener\">Tapochek.net</a></li><li><a href=\"https://pastefg.hermietkreeft.site/?fa94f1527d5120c8#BcqhGhJ6eEpWiDCuX5yusWuxijkrRYsboDEFQTLmo5ZF\" target=\"_blank\" rel=\"noopener\">Filehoster: MultiUpload</a> (10+ hosters, interchangeable) [Use <a href=\"http://jdownloader.org/jdownloader2\" target=\"_blank\" rel=\"noopener\">JDownloader2</a>]</li><li><a href=\"https://pastefg.hermietkreeft.site/?88d5d3a72e087326#7FgekDXfshx9Jp1hghsc64W3MfHHYHodtQHoUzHwiYie\" target=\"_blank\" rel=\"noopener\">Filehoster: PixelDrain</a></li><li><a href=\"https://pastefg.hermietkreeft.site/?bb8081b04c339317#4v6ihHSo36CLtgLSsyySsX2LpJLy8WLvekHoBAXJKQ8B\" target=\"_blank\" rel=\"noopener\">Filehoster: ZippyShare</a></li><li><a href=\"https://pastefg.hermietkreeft.site/?2473b23d0f1f4b21#HqhM2vA7fZiFhW7hmu9wT2PKoJMX25BNr75gvALKJtwr\" target=\"_blank\" rel=\"noopener\">Filehoster: LetsUpload</a> [Use <a href=\"http://jdownloader.org/jdownloader2\" target=\"_blank\" rel=\"noopener\">JDownloader2</a>]</li><li><a href=\"https://pastefg.hermietkreeft.site/?1e5fd60c9920b7d8#DiPHw8nNBcHRCzMq3iZH61L7Vt6MFxtLkgBvjiSgvsmh\" target=\"_blank\" rel=\"noopener\">Filehoster: OneDrive</a> (Uploaded by DyR0 t(-_-t), NOT compatible with other mirrors)</li></ul><p><a href=\"https://cs.rin.ru/forum/viewtopic.php?f=10&amp;t=109871\" target=\"_blank\" rel=\"noopener\">Discussion and (possible) future updates on CS.RIN.RU thread</a></p><h3>Screenshots (Click to enlarge)</h3><p><a target=\"_blank\" href=\"https://en.riotpixels.com/games/song-of-iron/screenshots/26/?utm_source=emb-gfx-html&amp;utm_medium=image&amp;utm_campaign=rp-mass\" rel=\"noopener\"><img loading=\"lazy\" width=\"178\" height=\"100\" border=\"0\" src=\"https://s01.riotpixels.net/data/f6/98/f698f145-7ac0-426f-a9f0-9aeed50e15e1.jpg.240p.jpg\"></a><a target=\"_blank\" href=\"https://en.riotpixels.com/games/song-of-iron/screenshots/21/?utm_source=emb-gfx-html&amp;utm_medium=image&amp;utm_campaign=rp-mass\" rel=\"noopener\"><img loading=\"lazy\" width=\"178\" height=\"100\" border=\"0\" src=\"https://s01.riotpixels.net/data/e2/00/e2007960-b1e4-4363-b979-8d3b36362906.jpg.240p.jpg\"></a><a target=\"_blank\" href=\"https://en.riotpixels.com/games/song-of-iron/screenshots/12/?utm_source=emb-gfx-html&amp;utm_medium=image&amp;utm_campaign=rp-mass\" rel=\"noopener\"><img loading=\"lazy\" width=\"196\" height=\"100\" border=\"0\" src=\"https://s01.riotpixels.net/data/40/d2/40d20ff1-758a-4adc-ab4b-6ae48cfd0d6a.jpg.240p.jpg\"></a><br><a target=\"_blank\" href=\"https://en.riotpixels.com/games/song-of-iron/screenshots/8/?utm_source=emb-gfx-html&amp;utm_medium=image&amp;utm_campaign=rp-mass\" rel=\"noopener\"><img loading=\"lazy\" width=\"194\" height=\"100\" border=\"0\" src=\"https://s01.riotpixels.net/data/90/3b/903b31bd-98e6-4294-9744-f98c638b2e2c.jpg.240p.jpg\"></a><a target=\"_blank\" href=\"https://en.riotpixels.com/games/song-of-iron/screenshots/6/?utm_source=emb-gfx-html&amp;utm_medium=image&amp;utm_campaign=rp-mass\" rel=\"noopener\"><img loading=\"lazy\" width=\"194\" height=\"100\" border=\"0\" src=\"https://s01.riotpixels.net/data/f0/2c/f02c6c15-fa72-4f9d-951c-997642fecd0a.jpg.240p.jpg\"></a><a target=\"_blank\" href=\"https://en.riotpixels.com/games/song-of-iron/screenshots/4/?utm_source=emb-gfx-html&amp;utm_medium=image&amp;utm_campaign=rp-mass\" rel=\"noopener\"><img loading=\"lazy\" width=\"178\" height=\"100\" border=\"0\" src=\"https://s01.riotpixels.net/data/17/2a/172a856d-1de2-4fd6-8e2d-5d460e7b2651.jpg.240p.jpg\"></a></p><h3>Repack Features</h3><ul><li>Based on Song.of.Iron-CODEX ISO release: codex-song.of.iron.iso (8,258,224,128 bytes)</li><li>100% Lossless &amp; MD5 Perfect: all files are identical to originals after installation</li><li>NOTHING ripped, NOTHING re-encoded</li><li>Significantly smaller archive size (compressed from 7.7 to 5.5 GB)</li><li>Installation takes 3-4 minutes</li><li>After-install integrity check so you could make sure that everything installed properly</li><li>HDD space after installation: 11.6 GB</li><li>Language can be changed in game settings</li><li>Repack uses XTool library by Razor12911</li><li>At least 2 GB of free RAM (inc. virtual) required for installing this repack</li></ul><div ><div><h2>Game Description</h2></div><div >Behind you lies a trail of broken helms, shattered shields. You hold the axe of a fallen foe. Worn and dented, it will suit it\u2019s purpose. What lies ahead is still a mystery, your goal is not. To save your people you must find the Great Temple of the Gods, but do not expect a warm welcome.<p>Prepare to be met by a world set against you. In Song of Iron, man, monster and nature itself will try to stop you. Fight through it all in this gritty adventure where combat is intense, visceral and dangerous. Use bow, axe and shield to fight back but take care, weapons can be lost, arrows will run out and shields will be broken. With the blood of your ancestors and valor regained along the way you can fight on!</p><p>Explore your ancient, and mysterious homeland as you journey through forests, into caves and climb mountains as you seek vengeance. Keep your eyes peeled, danger is all around you and when a fight is too big you may need to find a subtler way to pass foes.</p><p><b>ABOUT RESTING RELIC</b><br>Resting Relic is a solo-dev game development studio started by Joe Winter, a long time game artist and developer. Song of Iron is the first title by the new studio which seeks to bring unique, beautiful and rewarding games to people everywhere looking for a high quality Resting Relic.</p></div></div>             </div>"
}