{
    "link": "https://fitgirl-repacks.site/songs-for-a-hero-definitive-edition/",
    "title": "Songs for a Hero: Definitive Edition \u2013 v5.0.5dx + All DLCs",
    "first_img": "https://i2.imageban.ru/out/2021/07/14/f8a1821170a126056f848cd7434fc0f9.jpg",
    "second_img": "https://s01.riotpixels.net/data/97/7c/977c677a-69da-4a8c-8a7c-8375a12fbc1b.jpg.240p.jpg",
    "body": "<div ><h2>Songs for a Hero: Definitive Edition \u2013 v5.0.5dx + All DLCs</h2><p ><div><a target=\"_blank\" href=\"https://en.riotpixels.com/games/songs-for-a-hero-definitive-edtition/\" rel=\"noopener\"><img class=\"alignleft\" width=\"150\" src=\"https://i2.imageban.ru/out/2021/07/14/f8a1821170a126056f848cd7434fc0f9.jpg\"></a></div><br>Genres/Tags: <strong>Adventure, Music, Platformer, Action, Side, 2D</strong><br>Companies: <strong>Dumativa Game Studio, Castro Brothers</strong><br>Languages: <strong>ENG/POR-BRA</strong><br>Original Size: <strong>2 GB</strong><br>Repack Size: <strong>1.1/1.4 GB</strong></p>&nbsp;<div>&nbsp;</div><h3>Download Mirrors</h3><ul><li><a href=\"https://1337x.to/torrent/4919277/Songs-for-a-Hero-Definitive-Edition-v5-0-5dx-All-DLCs-MULTi2-FitGirl-Repack-Selective-Download-from-1-1-GB/\" target=\"_blank\" rel=\"noopener\">1337x</a> | [<a href=\"magnet:?xt=urn:btih:E1A7AFE42FEC55A4528C65F66FD99D7C47F17B39&amp;dn=Songs+for+a+Hero%3A+Definitive+Edition+%28v5.0.5dx+%2B+All+DLCs%2C+MULTi2%29+%5BFitGirl+Repack%2C+Selective+Download+-+from+1.1+GB%5D&amp;tr=udp%3A%2F%2F46.148.18.250%3A2710&amp;tr=udp%3A%2F%2Fopentor.org%3A2710&amp;tr=udp%3A%2F%2Ftracker.coppersurfer.tk%3A6969%2Fannounce&amp;tr=udp%3A%2F%2Ftracker.opentrackr.org%3A1337%2Fannounce&amp;tr=http%3A%2F%2Ftracker.dler.org%3A6969%2Fannounce&amp;tr=udp%3A%2F%2Ftracker.leechers-paradise.org%3A6969%2Fannounce&amp;tr=udp%3A%2F%2F9.rarbg.me%3A2730%2Fannounce&amp;tr=udp%3A%2F%2F9.rarbg.to%3A2770%2Fannounce&amp;tr=udp%3A%2F%2Ftracker.pirateparty.gr%3A6969%2Fannounce&amp;tr=http%3A%2F%2Fretracker.local%2Fannounce&amp;tr=http%3A%2F%2Fretracker.ip.ncnet.ru%2Fannounce&amp;tr=udp%3A%2F%2Fexodus.desync.com%3A6969%2Fannounce&amp;tr=udp%3A%2F%2Fipv4.tracker.harry.lu%3A80%2Fannounce&amp;tr=udp%3A%2F%2Fopen.stealth.si%3A80%2Fannounce&amp;tr=udp%3A%2F%2Ftracker.zer0day.to%3A1337%2Fannounce&amp;tr=udp%3A%2F%2Ftracker.leechers-paradise.org%3A6969%2Fannounce&amp;tr=udp%3A%2F%2Fcoppersurfer.tk%3A6969%2Fannounce\">magnet</a>] [<a href=\"https://pastefg.hermietkreeft.site/?98992e65c7c927e2#C9gHr99eif2E8NwLqHb5UdtqDWpTLxK8spGPcvLdz2o\" target=\"_blank\" rel=\"noopener\">.torrent file only</a>] <br><img src=\"https://torrent-stats.info/65f6/1cc86534e.png\" style=\"display:block;clear:both\"></li><li><a href=\"https://tapochek.net/viewtopic.php?p=2788959#2788959\" target=\"_blank\" rel=\"noopener\">Tapochek.net</a></li><li><a href=\"https://pastefg.hermietkreeft.site/?da7d995dd80b6216#GZSvMXu3BVgQ8Ed3hqtQYTCHVRexVcVwFUoNebULg1e\" target=\"_blank\" rel=\"noopener\">Filehoster: MultiUpload</a> (10+ hosters, interchangeable) [Use <a href=\"http://jdownloader.org/jdownloader2\" target=\"_blank\" rel=\"noopener\">JDownloader2</a>]</li><li><a href=\"https://pastefg.hermietkreeft.site/?9219b7a3f1e1b30a#4YaYscHXwwLEF8QGp8mpgkTiPbC37hCrX28YRphmgJnN\" target=\"_blank\" rel=\"noopener\">Filehoster: PixelDrain</a></li><li><a href=\"https://pastefg.hermietkreeft.site/?6e3547db621e2f65#BUdbKCnd1SvCZPCwumLGATRgJGJNy52Y7fLg8Qq9q2Sm\" target=\"_blank\" rel=\"noopener\">Filehoster: ZippyShare</a></li><li><a href=\"https://pastefg.hermietkreeft.site/?83f81b8e5cb96017#5cryKYkBsi21XLdd48vENmGMxr2UrTBNqjioVrGXWL4b\" target=\"_blank\" rel=\"noopener\">Filehoster: LetsUpload</a> [Use <a href=\"http://jdownloader.org/jdownloader2\" target=\"_blank\" rel=\"noopener\">JDownloader2</a>]</li><li><a href=\"https://crackhub.site/songs-for-a-hero-definitive-edition-v5-0-5dx-all-dlcs-fitgirl-repack/\" target=\"_blank\" rel=\"noopener\">Filehosters: Google Drive, OneDrive + others</a> (Uploaded by crackhub213)</li><li><a href=\"https://pastefg.hermietkreeft.site/?2b110bb4c8aa7a1d#EnyqSqW7snWyfLXwnfB9MX8yHKmxdfotWehyCnQMKNVc\" target=\"_blank\" rel=\"noopener\">Filehoster: OneDrive</a> (Uploaded by DyR0 t(-_-t), NOT compatible with other mirrors)</li></ul><p><a href=\"https://cs.rin.ru/forum/viewtopic.php?f=10&amp;t=71396\" target=\"_blank\" rel=\"noopener\">Discussion and (possible) future updates on CS.RIN.RU thread</a></p><h3>Screenshots (Click to enlarge)</h3><p><a target=\"_blank\" href=\"https://en.riotpixels.com/games/songs-for-a-hero-definitive-edtition/screenshots/24/?utm_source=emb-gfx-html&amp;utm_medium=image&amp;utm_campaign=rp-mass\" rel=\"noopener\"><img loading=\"lazy\" width=\"178\" height=\"100\" border=\"0\" src=\"https://s01.riotpixels.net/data/97/7c/977c677a-69da-4a8c-8a7c-8375a12fbc1b.jpg.240p.jpg\"></a><a target=\"_blank\" href=\"https://en.riotpixels.com/games/songs-for-a-hero-definitive-edtition/screenshots/22/?utm_source=emb-gfx-html&amp;utm_medium=image&amp;utm_campaign=rp-mass\" rel=\"noopener\"><img loading=\"lazy\" width=\"178\" height=\"100\" border=\"0\" src=\"https://s01.riotpixels.net/data/95/56/9556bbb8-5559-4b17-b65c-f459a365798d.jpg.240p.jpg\"></a><a target=\"_blank\" href=\"https://en.riotpixels.com/games/songs-for-a-hero-definitive-edtition/screenshots/21/?utm_source=emb-gfx-html&amp;utm_medium=image&amp;utm_campaign=rp-mass\" rel=\"noopener\"><img loading=\"lazy\" width=\"178\" height=\"100\" border=\"0\" src=\"https://s01.riotpixels.net/data/b2/f5/b2f56e1b-b83a-4055-906f-1b2387cce1ef.jpg.240p.jpg\"></a><br><a target=\"_blank\" href=\"https://en.riotpixels.com/games/songs-for-a-hero-definitive-edtition/screenshots/18/?utm_source=emb-gfx-html&amp;utm_medium=image&amp;utm_campaign=rp-mass\" rel=\"noopener\"><img loading=\"lazy\" width=\"178\" height=\"100\" border=\"0\" src=\"https://s01.riotpixels.net/data/f9/3e/f93ecd86-3aca-4a3f-93bc-ea7190c35f5a.jpg.240p.jpg\"></a><a target=\"_blank\" href=\"https://en.riotpixels.com/games/songs-for-a-hero-definitive-edtition/screenshots/17/?utm_source=emb-gfx-html&amp;utm_medium=image&amp;utm_campaign=rp-mass\" rel=\"noopener\"><img loading=\"lazy\" width=\"178\" height=\"100\" border=\"0\" src=\"https://s01.riotpixels.net/data/62/31/62314526-c07a-4255-a8bb-5425e5844c0b.jpg.240p.jpg\"></a><a target=\"_blank\" href=\"https://en.riotpixels.com/games/songs-for-a-hero-definitive-edtition/screenshots/4/?utm_source=emb-gfx-html&amp;utm_medium=image&amp;utm_campaign=rp-mass\" rel=\"noopener\"><img loading=\"lazy\" width=\"178\" height=\"100\" border=\"0\" src=\"https://s01.riotpixels.net/data/ed/a3/eda3475d-92ef-4396-a712-a09d4ad93f90.jpg.240p.jpg\"></a></p><h3>Repack Features</h3><ul><li>Based on Songs.for.a.Hero.Definitive.Edition-PLAZA ISO release: plaza-songs.for.a.hero.definitive.edition.iso (2,126,577,664 bytes)</li><li>Game version: v5.0.5dx; All DLCs are included and activated</li><li>100% Lossless &amp; MD5 Perfect: all files are identical to originals after installation</li><li>NOTHING ripped, NOTHING re-encoded</li><li>Selective Download feature: you may skip downloading and installing of Portuguese-Brazil language pack</li><li>Significantly smaller archive size (compressed from 2 GB to 1.1/1.4 GB)</li><li>Installation takes 3-5 minutes (depending on your system and selected components)</li><li>After-install integrity check so you could make sure that everything installed properly</li><li>HDD space after installation: up to 3.4 GB</li><li>Language can be changed in game settings</li><li>At least 2 GB of free RAM (inc. virtual) required for installing this repack</li></ul><p><span style=\"color:#e15164\">PS: Pretty funny game, but I\u2019m not sure if constant hero\u2019s singing won\u2019t turn you into a serial killer in an hour \ud83d\ude42</span></p><div ><div><h2>Game Description</h2></div><div ><p><b>Songs for a Hero: A Lenda do Her\u00f3i</b> Is an OLD-SCHOOL SUNG-THROUGH VIDEOGAME STRAVAGANZA! Join an unlikely hero as he sings his way through a strange world full of floating platforms, bright and colorful enemies, and many other inexplicable phenomena in an adventure unlike anything you have ever heard! This humorous old-school platformer features a fully dynamic soundtrack that reacts to your every input, meaning that the hero will always sing and crack jokes about whatever is happening to him, whenever it happens.</p><p><b>The Definitive Edition includes:</b></p><ul><li>DLC \u2013 <b>Songs for the Dead!</b> A spooky chapter for \u201cSongs for a Hero\u201d. Fight your way through 3 levels with haunted mansions and crypts full of dark creatures that might as well have come straight from a horror movie. A brand-new campaign with plenty of heavy metal and rock\u2019n\u2019roll!</li><li>DLC \u2013 <b>Songs for a Hero: Epilogue!</b> A campaign that takes place right after the Hero\u2019s last mission in Songs for a Hero.</li><li>DLC \u2013 <b>Samba for a Hero!</b> Nothing better than taking a vacation after tons of adventures, am I right? A new level inspired by the Brazilian Samba and Carnival!</li><li>Skin Pack I \u2013 <b>Heroes</b> \u2013 Customize your hero with new heads!</li><li>Skin Pack II \u2013 <b>Hats Pack</b> \u2013 Here is your chance to play like a Slime, Snake, Dogs or Cactus!</li></ul></div></div>             </div>"
}