{
    "link": null,
    "title": "Sonic Colors: Ultimate \u2013 Digital Deluxe Edition \u2013 v1.0.3 + 3 DLCs + Yuzu Emu for PC",
    "first_img": "https://i5.imageban.ru/out/2021/09/05/20c0ae4aac193b78347d40606d7dec78.jpg",
    "second_img": [],
    "body": "<div ><h2>Sonic Colors: Ultimate \u2013 Digital Deluxe Edition \u2013 v1.0.3 + 3 DLCs + Yuzu Emu for PC</h2><p ><div><a target=\"_blank\" href=\"https://en.riotpixels.com/games/sonic-colors/\" rel=\"noopener\"><img class=\"alignleft\" width=\"150\" src=\"https://i5.imageban.ru/out/2021/09/05/20c0ae4aac193b78347d40606d7dec78.jpg\"></a></div><br>Genres/Tags: <strong>Arcade, Third-person, 3D</strong><br>Companies: <strong>Sonic Team, Blind Squirrel Games, SEGA</strong><br>Languages: <strong>RUS/ENG/MULTI8</strong><br>Original Size: <strong>7.3 GB</strong><br>Repack Size: <strong>3.9 GB</strong></p>&nbsp;<div>&nbsp;</div><h3>Download Mirrors</h3><ul><li><a href=\"https://1337x.to/torrent/4974279/Sonic-Colors-Ultimate-Digital-Deluxe-Edition-v1-0-3-3-DLCs-Yuzu-Emu-for-PC-MULTi8-FitGirl-Repack/\" target=\"_blank\" rel=\"noopener\">1337x</a> | [<a href=\"magnet:?xt=urn:btih:E39FCEB09D72F688354B5F392115BF0BFA09099D&amp;dn=Sonic+Colors%3A+Ultimate+-+Digital+Deluxe+Edition+%28v1.0.3+%2B+3+DLCs+%2B+Yuzu+Emu+for+PC%2C+MULTi8%29+%5BFitGirl+Repack%5D&amp;tr=udp%3A%2F%2F46.148.18.250%3A2710&amp;tr=udp%3A%2F%2Fopentor.org%3A2710&amp;tr=udp%3A%2F%2Ftracker.coppersurfer.tk%3A6969%2Fannounce&amp;tr=udp%3A%2F%2Ftracker.opentrackr.org%3A1337%2Fannounce&amp;tr=http%3A%2F%2Ftracker.dler.org%3A6969%2Fannounce&amp;tr=udp%3A%2F%2Ftracker.leechers-paradise.org%3A6969%2Fannounce&amp;tr=udp%3A%2F%2F9.rarbg.me%3A2730%2Fannounce&amp;tr=udp%3A%2F%2F9.rarbg.to%3A2770%2Fannounce&amp;tr=udp%3A%2F%2Ftracker.pirateparty.gr%3A6969%2Fannounce&amp;tr=http%3A%2F%2Fretracker.local%2Fannounce&amp;tr=http%3A%2F%2Fretracker.ip.ncnet.ru%2Fannounce&amp;tr=udp%3A%2F%2Fexodus.desync.com%3A6969%2Fannounce&amp;tr=udp%3A%2F%2Fipv4.tracker.harry.lu%3A80%2Fannounce&amp;tr=udp%3A%2F%2Fopen.stealth.si%3A80%2Fannounce&amp;tr=udp%3A%2F%2Ftracker.zer0day.to%3A1337%2Fannounce&amp;tr=udp%3A%2F%2Ftracker.leechers-paradise.org%3A6969%2Fannounce&amp;tr=udp%3A%2F%2Fcoppersurfer.tk%3A6969%2Fannounce\">magnet</a>] [<a href=\"https://pastefg.hermietkreeft.site/?9cf1a16f142c003e#7KRq6SKrdALkyNMkmnCfRmR7u2BXNQbBK1uriYWSs7XM\" target=\"_blank\" rel=\"noopener\">.torrent file only</a>] <br><img src=\"https://torrent-stats.info/5f39/1b302270e.png\" style=\"display:block;clear:both\"></li><li><a href=\"http://rutor.info/torrent/832905/sonic-colors-ultimate-digital-deluxe-edition-v-1.0.3-dlcs-yuzu-emu-dlja-pc-2021-pc-repack-ot-fitgirl\" target=\"_blank\" rel=\"noopener\">RuTor</a> [<a href=\"magnet:?xt=urn:btih:e39fceb09d72f688354b5f392115bf0bfa09099d&amp;dn=rutor.info_Sonic+Colors%3A+Ultimate+-+Digital+Deluxe+Edition+%5Bv+1.0.3+%2B+DLCs+%2B+Yuzu+Emu+%D0%B4%D0%BB%D1%8F+PC%5D+%282021%29+PC+%7C+RePack+%D0%BE%D1%82+FitGirl&amp;tr=udp://opentor.net:6969&amp;tr=udp://opentor.org:2710&amp;tr=http://retracker.local/announce\">magnet</a>]</li><li><a href=\"https://tapochek.net/viewtopic.php?p=2798638\" target=\"_blank\" rel=\"noopener\">Tapochek.net</a></li><li><a href=\"https://pastefg.hermietkreeft.site/?8937becb1134a51f#7o1ZspaX2J15QK6DuzA6U4kwQSpQMEhY5DnwxXrk6P6g\" target=\"_blank\" rel=\"noopener\">Filehoster: MultiUpload</a> (10+ hosters, interchangeable) [Use <a href=\"http://jdownloader.org/jdownloader2\" target=\"_blank\" rel=\"noopener\">JDownloader2</a>]</li><li><a href=\"https://pastefg.hermietkreeft.site/?fe466b4da21dffb7#79jthHbbt7UhLhreCNeHcLUX2KBbujHB12xmD6RNkpWL\" target=\"_blank\" rel=\"noopener\">Filehoster: PixelDrain</a></li><li><a href=\"https://pastefg.hermietkreeft.site/?79a51e049dea0f97#AT6jajKTMwJnNjys4xG46cfQQPK9R6XHs2pjBKxCDGoB\" target=\"_blank\" rel=\"noopener\">Filehoster: ZippyShare</a></li><li><a href=\"https://pastefg.hermietkreeft.site/?8f69fb5251af1fec#9PRcm48i5DPDL3r8JJhR3E68fx3tH3EJiWrFUpncdXgf\" target=\"_blank\" rel=\"noopener\">Filehoster: LetsUpload</a> [Use <a href=\"http://jdownloader.org/jdownloader2\" target=\"_blank\" rel=\"noopener\">JDownloader2</a>]</li><li><a href=\"https://crackhub.site/sonic-colors-ultimate-digital-deluxe-edition-v1-0-3-3-dlcs-yuzu-emu-for-pc-fitgirl-repack/\" target=\"_blank\" rel=\"noopener\">Filehosters: Google Drive, OneDrive + others</a> (Uploaded by crackhub213)</li><li><a href=\"https://pastefg.hermietkreeft.site/?fa8da28b473edf16#4qSw1MiFRCdWxdipFToB1hZ7EgtbwJgxBMMhSuxD2GuV\" target=\"_blank\" rel=\"noopener\">Filehoster: OneDrive</a> (Uploaded by DyR0 t(-_-t), NOT compatible with other mirrors)</li></ul><h3>Screenshots (Click to enlarge)</h3><p><a target=\"_blank\" href=\"https://en.riotpixels.com/games/sonic-colors/screenshots/156/?utm_source=emb-gfx-html&amp;utm_medium=image&amp;utm_campaign=rp-mass\" rel=\"noopener\"><img loading=\"lazy\" width=\"178\" height=\"100\" border=\"0\" src=\"https://s01.riotpixels.net/data/97/aa/97aae07f-5443-42a0-a6a1-d98a7467b1a6.jpg.240p.jpg\"></a><a target=\"_blank\" href=\"https://en.riotpixels.com/games/sonic-colors/screenshots/153/?utm_source=emb-gfx-html&amp;utm_medium=image&amp;utm_campaign=rp-mass\" rel=\"noopener\"><img loading=\"lazy\" width=\"178\" height=\"100\" border=\"0\" src=\"https://s01.riotpixels.net/data/3a/dc/3adc1ee1-b839-41da-8ff9-b9dfd8dcf4eb.jpg.240p.jpg\"></a><a target=\"_blank\" href=\"https://en.riotpixels.com/games/sonic-colors/screenshots/152/?utm_source=emb-gfx-html&amp;utm_medium=image&amp;utm_campaign=rp-mass\" rel=\"noopener\"><img loading=\"lazy\" width=\"178\" height=\"100\" border=\"0\" src=\"https://s01.riotpixels.net/data/b2/9f/b29f0652-bea2-4f01-9d63-470092a5135a.jpg.240p.jpg\"></a><br><a target=\"_blank\" href=\"https://en.riotpixels.com/games/sonic-colors/screenshots/149/?utm_source=emb-gfx-html&amp;utm_medium=image&amp;utm_campaign=rp-mass\" rel=\"noopener\"><img loading=\"lazy\" width=\"178\" height=\"100\" border=\"0\" src=\"https://s01.riotpixels.net/data/6a/7c/6a7cc16a-5c3d-44ad-803a-9e636f93dd2f.jpg.240p.jpg\"></a><a target=\"_blank\" href=\"https://en.riotpixels.com/games/sonic-colors/screenshots/145/?utm_source=emb-gfx-html&amp;utm_medium=image&amp;utm_campaign=rp-mass\" rel=\"noopener\"><img loading=\"lazy\" width=\"178\" height=\"100\" border=\"0\" src=\"https://s01.riotpixels.net/data/8d/f7/8df7df72-c363-4bd7-9c0d-430ec7a2a5a8.jpg.240p.jpg\"></a><a target=\"_blank\" href=\"https://en.riotpixels.com/games/sonic-colors/screenshots/123/?utm_source=emb-gfx-html&amp;utm_medium=image&amp;utm_campaign=rp-mass\" rel=\"noopener\"><img loading=\"lazy\" width=\"169\" height=\"100\" border=\"0\" src=\"https://s01.riotpixels.net/data/df/a8/dfa8e8f3-1f9e-4c5a-ba3f-61425ce5a01d.jpg.240p.jpg\"></a></p><h3>Repack Features</h3><ul><li>Based on Nintendo Switch digital release: 6.9 GB</li><li>Update to v1.0.3 (v196608, 344 MB) applied over</li><li>3 DLCs are included and activated</li><li>Yuzu Switch emulator (Early Access v2034, September 4, 2021, 82 MB) is included and preconfigured</li><li>100% Lossless, but NOT MD5 Perfect: encryption was removed for better repack size</li><li>NOTHING ripped, NOTHING re-encoded</li><li>Smaller archive size (compressed from cumulative 7.3 to 3.9 GB)</li><li>Installation takes one minute</li><li>After-install integrity check so you could make sure that everything installed properly</li><li>HDD space after installation: 7.1 GB</li><li>Language can be changed in game settings</li><li>At least 2 GB of free RAM (inc. virtual) required for installing this repack</li></ul><div ><div><h2>Game Description</h2></div><div ><p><b>Non-Stop Sonic speed. Color the Universe.</b><br>Join Sonic in the high-speed adventure of a lifetime! The evil Dr. Eggman has built a gigantic interstellar amusement park bursting with incredible rides and colorful attractions \u2013 but he\u2019s powering it with a captured alien race called \u201cWisps.\u201d Use Sonic\u2019s lightning speed to free the Wisps and learn the secrets of their amazing powers as you explore six unique colorful worlds, each filled with dangerous enemies and hurdles to overcome. Now with stunning upscaled visuals, additional features, a new game mode, and enhanced gameplay- it\u2019s the Ultimate Sonic Colors experience. Sonic will be tested on this exciting journey to free the Wisps \u2013 but with their help, and yours, it\u2019s a test he\u2019ll pass with flying Colors!</p><p><b>Included DLCs</b></p><ul><li>Cosmetic Pack</li><li>Exclusive Player Icons</li><li>Music Pack</li></ul></div></div>             </div>"
}