{
    "link": "https://fitgirl-repacks.site/star-drift-evolution/",
    "title": "Star Drift Evolution + Multiplayer",
    "first_img": "https://i3.imageban.ru/out/2021/08/30/e6d276d15a28e12eef3de5cae48a0f29.jpg",
    "second_img": "https://s01.riotpixels.net/data/b9/9b/b99bafaf-b038-4be2-849a-d160a2350f90.jpg.240p.jpg",
    "body": "<div ><h2>Star Drift Evolution + Multiplayer</h2><p ><div><a target=\"_blank\" href=\"https://en.riotpixels.com/games/star-drift-evolution/\" rel=\"noopener\"><img class=\"alignleft\" width=\"150\" src=\"https://i3.imageban.ru/out/2021/08/30/e6d276d15a28e12eef3de5cae48a0f29.jpg\"></a></div><br>Genres/Tags: <strong>Arcade, Racing, Top-Down, Third Person, 3D</strong><br>Company: <strong>Catze</strong><br>Language: <strong>ENG</strong><br>Original Size: <strong>1.5 GB</strong><br>Repack Size: <strong>1.1 GB</strong></p>&nbsp;<div>&nbsp;</div><h3>Download Mirrors</h3><ul><li><a href=\"https://1337x.to/torrent/4968771/Star-Drift-Evolution-Multiplayer-FitGirl-Repack/\" target=\"_blank\" rel=\"noopener\">1337x</a> | [<a href=\"magnet:?xt=urn:btih:F47A03BA7AA6BE720B0DB47ED23A88074E493B7D&amp;dn=Star+Drift+Evolution+%28%2B+Multiplayer%29+%5BFitGirl+Repack%5D&amp;tr=udp%3A%2F%2F46.148.18.250%3A2710&amp;tr=udp%3A%2F%2Fopentor.org%3A2710&amp;tr=udp%3A%2F%2Ftracker.coppersurfer.tk%3A6969%2Fannounce&amp;tr=udp%3A%2F%2Ftracker.opentrackr.org%3A1337%2Fannounce&amp;tr=http%3A%2F%2Ftracker.dler.org%3A6969%2Fannounce&amp;tr=udp%3A%2F%2Ftracker.leechers-paradise.org%3A6969%2Fannounce&amp;tr=udp%3A%2F%2F9.rarbg.me%3A2730%2Fannounce&amp;tr=udp%3A%2F%2F9.rarbg.to%3A2770%2Fannounce&amp;tr=udp%3A%2F%2Ftracker.pirateparty.gr%3A6969%2Fannounce&amp;tr=http%3A%2F%2Fretracker.local%2Fannounce&amp;tr=http%3A%2F%2Fretracker.ip.ncnet.ru%2Fannounce&amp;tr=udp%3A%2F%2Fexodus.desync.com%3A6969%2Fannounce&amp;tr=udp%3A%2F%2Fipv4.tracker.harry.lu%3A80%2Fannounce&amp;tr=udp%3A%2F%2Fopen.stealth.si%3A80%2Fannounce&amp;tr=udp%3A%2F%2Ftracker.zer0day.to%3A1337%2Fannounce&amp;tr=udp%3A%2F%2Ftracker.leechers-paradise.org%3A6969%2Fannounce&amp;tr=udp%3A%2F%2Fcoppersurfer.tk%3A6969%2Fannounce\">magnet</a>] [<a href=\"https://pastefg.hermietkreeft.site/?6142c510cd9e95e0#2RQ7qwguA19fhQzvE3kqLib1TTE3H4EQwBYB4DxQgcDk\" target=\"_blank\" rel=\"noopener\">.torrent file only</a>] <br><img src=\"https://torrent-stats.info/b47e/3375f25da.png\" style=\"display:block;clear:both\"></li><li><a href=\"https://tapochek.net/viewtopic.php?p=2797646\" target=\"_blank\" rel=\"noopener\">Tapochek.net</a></li><li><a href=\"https://pastefg.hermietkreeft.site/?7029cc152e64c29b#CMBVFzc9ZLAsNvwHnmydXsuTYQrRB1hQFW3kLK2nEQn2\" target=\"_blank\" rel=\"noopener\">Filehoster: MultiUpload</a> (10+ hosters, interchangeable) [Use <a href=\"http://jdownloader.org/jdownloader2\" target=\"_blank\" rel=\"noopener\">JDownloader2</a>]</li><li><a href=\"https://pastefg.hermietkreeft.site/?315eed78cecafcd6#EQ2opWgwz3WU1kZUx9H9y6L1Ujd6qV9ZpfQzjTeVyyTD\" target=\"_blank\" rel=\"noopener\">Filehoster: PixelDrain</a></li><li><a href=\"https://pastefg.hermietkreeft.site/?b3281fe43ad030c1#EaWcPHH6a21RGkAKYLotfiWe4Deo6JvPu8xVWrea5aP4\" target=\"_blank\" rel=\"noopener\">Filehoster: ZippyShare</a></li><li><a href=\"https://pastefg.hermietkreeft.site/?07a4bcb7477b1e7e#2dtyEe1dqt84ZdAXmkZ8J6ryABeK7veydKitrKDnJ46w\" target=\"_blank\" rel=\"noopener\">Filehoster: LetsUpload</a> [Use <a href=\"http://jdownloader.org/jdownloader2\" target=\"_blank\" rel=\"noopener\">JDownloader2</a>]</li></ul><p><a href=\"https://cs.rin.ru/forum/viewtopic.php?f=10&amp;t=109076\" target=\"_blank\" rel=\"noopener\">Discussion and (possible) future updates on CS.RIN.RU thread</a></p><h3>Screenshots (Click to enlarge)</h3><p><a target=\"_blank\" href=\"https://en.riotpixels.com/games/star-drift-evolution/screenshots/7/?utm_source=emb-gfx-html&amp;utm_medium=image&amp;utm_campaign=rp-mass\" rel=\"noopener\"><img loading=\"lazy\" width=\"178\" height=\"100\" border=\"0\" src=\"https://s01.riotpixels.net/data/b9/9b/b99bafaf-b038-4be2-849a-d160a2350f90.jpg.240p.jpg\"></a><a target=\"_blank\" href=\"https://en.riotpixels.com/games/star-drift-evolution/screenshots/6/?utm_source=emb-gfx-html&amp;utm_medium=image&amp;utm_campaign=rp-mass\" rel=\"noopener\"><img loading=\"lazy\" width=\"178\" height=\"100\" border=\"0\" src=\"https://s01.riotpixels.net/data/42/1d/421dc700-10f0-441e-a570-96d65f0111e4.jpg.240p.jpg\"></a><a target=\"_blank\" href=\"https://en.riotpixels.com/games/star-drift-evolution/screenshots/5/?utm_source=emb-gfx-html&amp;utm_medium=image&amp;utm_campaign=rp-mass\" rel=\"noopener\"><img loading=\"lazy\" width=\"178\" height=\"100\" border=\"0\" src=\"https://s01.riotpixels.net/data/08/11/0811f6d0-5ddb-47c5-b573-fab10c3925eb.jpg.240p.jpg\"></a><br><a target=\"_blank\" href=\"https://en.riotpixels.com/games/star-drift-evolution/screenshots/4/?utm_source=emb-gfx-html&amp;utm_medium=image&amp;utm_campaign=rp-mass\" rel=\"noopener\"><img loading=\"lazy\" width=\"178\" height=\"100\" border=\"0\" src=\"https://s01.riotpixels.net/data/5e/cb/5ecb173d-65be-4dfe-b89e-00d0c43114fc.jpg.240p.jpg\"></a><a target=\"_blank\" href=\"https://en.riotpixels.com/games/star-drift-evolution/screenshots/2/?utm_source=emb-gfx-html&amp;utm_medium=image&amp;utm_campaign=rp-mass\" rel=\"noopener\"><img loading=\"lazy\" width=\"178\" height=\"100\" border=\"0\" src=\"https://s01.riotpixels.net/data/df/3a/df3a81d3-28d7-4ab9-a9ad-2a0a7f961c52.jpg.240p.jpg\"></a><a target=\"_blank\" href=\"https://en.riotpixels.com/games/star-drift-evolution/screenshots/1/?utm_source=emb-gfx-html&amp;utm_medium=image&amp;utm_campaign=rp-mass\" rel=\"noopener\"><img loading=\"lazy\" width=\"178\" height=\"100\" border=\"0\" src=\"https://s01.riotpixels.net/data/5a/75/5a753562-14c4-4152-b6bd-44478f73322c.jpg.240p.jpg\"></a></p><h3>Repack Features</h3><ul><li>Based on Star.Drift.Evolution-PLAZA ISO release: plaza-star.drift.evolution.iso (1,626,800,128 bytes)</li><li>Multiplayer crack is available in NoDVD folder after installation, thanks to  sowwyitsanalt</li><li>100% Lossless &amp; MD5 Perfect: all files are identical to originals after installation</li><li>NOTHING ripped, NOTHING re-encoded</li><li>Significantly smaller archive size (compressed from 1.5 to 1.1 GB)</li><li>Installation takes two minutes</li><li>After-install integrity check so you could make sure that everything installed properly</li><li>HDD space after installation: 3.2 GB</li><li>At least 2 GB of free RAM (inc. virtual) required for installing this repack</li></ul><div ><div><h2>Game Description</h2></div><div ><p>Star Drift Evolution is a racing game with fun and challenging driving physics.</p><p><b><h3>Game Features</h3></b></p><ul><li>PHYSICS WITH A GREAT FEEL OF WEIGHT: Refined physics that make a stylish and challenging driving experience. Throw the car into twisty corners, feel the weight and slide like a champ.</li><li>MASTER 75 TRACKS: Discover a great variety of tracks, ranging from simple dirt ovals to challenging point-to-point tracks.</li><li>PICK FROM OVER 50 CARS, EACH WITH DIFFERENT STATS: Find the best car for each track, while choosing between stats like top speed, acceleration, grip and downforce.</li><li>PLAY AGAINST AI, FRIENDS ONLINE OR IN SPLIT SCREEN</li><li>Race the AI in the Single Player Career and beat all 450 Star Challenges.</li><li>\u201cTrackmania Style\u201d Online Multiplayer without car collisions, so all players can focus on perfecting their own driving line, for up to 20 players.</li><li>Race with up to 4 friends in split screen multiplayer. You can also beat Star Challenges from the Career while playing in coop together.</li><li>PICK YOUR FAVORITE PLAY STYLE, CLASSIC TOP DOWN OR ARCADE CHASE CAM: Pick among classic top down cameras or typical arcade chase cams \u2013 or customize you own camera and play the way you want.</li><li>MINIMALISTIC AND EASY TO LEARN \u2013 HARD TO MASTER: Easy controls, no grind, simple UI. Get racing quickly and be competitive right away. Focus on the core gameplay: The mastery of drifting.</li><li>BEAT OTHER PLAYERS\u2019 GHOSTS AND CLIMB ON THE LEADERBOARDS: The automatic ghost replay system lets you climb the leaderboard while always facing the ghost replay of the next opponent on the leaderboard.</li><li>SOUNDTRACK: Enjoy a selection of over 25 retro and synthwave songs from artists like Kenobit, Electroshark, Luke McQueen II and more.</li><li>CONTROLLER AND WHEEL SUPPORT:</li><li>The game has full controller support and allows to manually change the button mapping in-game.</li><li>Testers have also reported that their wheel (Thrustmaster T150 in this case) worked after manually mapping the buttons correctly, however, wheel support can not be guaranteed for all wheels.</li></ul></div></div>             </div>"
}