{
    "link": "https://fitgirl-repacks.site/stardrytch/",
    "title": "Stardrytch",
    "first_img": "https://i4.imageban.ru/out/2021/11/05/4f872156f8f3423acee4c39e6c88f485.jpg",
    "second_img": "https://s01.riotpixels.net/data/6c/18/6c18ee65-f6ce-421c-96de-85506dfbce88.jpg.240p.jpg",
    "body": "<div ><h2>Stardrytch</h2><p ><div><a target=\"_blank\" href=\"https://en.riotpixels.com/games/stardrytch/\" rel=\"noopener\"><img class=\"alignleft\" width=\"150\" src=\"https://i4.imageban.ru/out/2021/11/05/4f872156f8f3423acee4c39e6c88f485.jpg\"></a></div><br>Genres/Tags: <strong>Arcade, Jump and run, Side, 2D</strong><br>Company: <strong>Nils Kastens</strong><br>Languages: <strong>ENG/MULTI5</strong><br>Original Size: <strong>1.3 GB</strong><br>Repack Size: <strong>842 MB</strong></p>&nbsp;<div>&nbsp;</div><h3>Download Mirrors</h3><ul><li><a href=\"https://1337x.to/torrent/5041826/Stardrytch-MULTi5-FitGirl-Repack/\" target=\"_blank\" rel=\"noopener\">1337x</a> | [<a href=\"magnet:?xt=urn:btih:FB12EB6AF6987DC4E68275445B50C8CF002A45BD&amp;dn=Stardrytch+%28MULTi5%29+%5BFitGirl+Repack%5D&amp;tr=udp%3A%2F%2F46.148.18.250%3A2710&amp;tr=udp%3A%2F%2Fopentor.org%3A2710&amp;tr=udp%3A%2F%2Ftracker.coppersurfer.tk%3A6969%2Fannounce&amp;tr=udp%3A%2F%2Ftracker.opentrackr.org%3A1337%2Fannounce&amp;tr=http%3A%2F%2Ftracker.dler.org%3A6969%2Fannounce&amp;tr=udp%3A%2F%2Ftracker.leechers-paradise.org%3A6969%2Fannounce&amp;tr=udp%3A%2F%2F9.rarbg.me%3A2730%2Fannounce&amp;tr=udp%3A%2F%2F9.rarbg.to%3A2770%2Fannounce&amp;tr=udp%3A%2F%2Ftracker.pirateparty.gr%3A6969%2Fannounce&amp;tr=http%3A%2F%2Fretracker.local%2Fannounce&amp;tr=http%3A%2F%2Fretracker.ip.ncnet.ru%2Fannounce&amp;tr=udp%3A%2F%2Fexodus.desync.com%3A6969%2Fannounce&amp;tr=udp%3A%2F%2Fipv4.tracker.harry.lu%3A80%2Fannounce&amp;tr=udp%3A%2F%2Fopen.stealth.si%3A80%2Fannounce&amp;tr=udp%3A%2F%2Ftracker.zer0day.to%3A1337%2Fannounce&amp;tr=udp%3A%2F%2Ftracker.leechers-paradise.org%3A6969%2Fannounce&amp;tr=udp%3A%2F%2Fcoppersurfer.tk%3A6969%2Fannounce\">magnet</a>] [<a href=\"https://pastefg.hermietkreeft.site/?3c7591c95693bf39#8PrRM9h7tUmLFstXTkBNsrM3D5s1U932jQ4SvqnVwAYh\" target=\"_blank\" rel=\"noopener\">.torrent file only</a>] <br><img src=\"https://torrent-stats.info/7544/220945670.png\" style=\"display:block;clear:both\"></li><li><a href=\"https://tapochek.net/viewtopic.php?p=2810008\" target=\"_blank\" rel=\"noopener\">Tapochek.net</a></li><li><a href=\"https://pastefg.hermietkreeft.site/?3619e0f18ce105e4#F3HitF4yVTfdzwGDXr8G9hdWSpvT5Lq9XeoTzEwvsERa\" target=\"_blank\" rel=\"noopener\">Filehoster: MultiUpload</a> (10+ hosters, interchangeable) [Use <a href=\"http://jdownloader.org/jdownloader2\" target=\"_blank\" rel=\"noopener\">JDownloader2</a>]</li><li><a href=\"https://pastefg.hermietkreeft.site/?3ecf1d810acb66d9#ECpWWzzD4eQHVWSWpmPp7WxovGrHiuo7GevNM7BgPPSa\" target=\"_blank\" rel=\"noopener\">Filehoster: PixelDrain</a></li><li><a href=\"https://pastefg.hermietkreeft.site/?15ce8e82b912bd12#88XLW45KuA6dSzVK2mUd9ZFjVY6KGXsaQCnfrsmP4oHQ\" target=\"_blank\" rel=\"noopener\">Filehoster: ZippyShare</a></li><li><a href=\"https://pastefg.hermietkreeft.site/?f15af24597fc36bf#BWh4kdGEYCfcpq4vxDFyxJrMKh1zWcJpcAieM52SCh7y\" target=\"_blank\" rel=\"noopener\">Filehoster: BayFiles</a></li><li><a href=\"https://pastefg.hermietkreeft.site/?e85d18f97ba0716d#EVW2mqi7Ux3GPTxFpFdhSLyyAbVKYBeNCxRvFvvnjLMC\" target=\"_blank\" rel=\"noopener\">Filehoster: LetsUpload</a> [Use <a href=\"http://jdownloader.org/jdownloader2\" target=\"_blank\" rel=\"noopener\">JDownloader2</a>]</li><li><a href=\"https://pastefg.hermietkreeft.site/?05e2eaa0d8d0043a#6x4bVobK3j26rcr4HTvr7yHWYrjutfkC6YqzS9ncV2KL\" target=\"_blank\" rel=\"noopener\">Filehoster: OneDrive</a> (Uploaded by DyR0 t(-_-t), NOT compatible with other mirrors)</li><p><!--  <li><a href=\"\" target=\"_blank\" rel=\"noopener\">Filehosters: Google Drive, OneDrive + others</a> (Uploaded by crackhub213)</li>  --></p></ul><p><a href=\"https://cs.rin.ru/forum/viewtopic.php?f=10&amp;t=116877\" target=\"_blank\" rel=\"noopener\">Discussion and (possible) future updates on CS.RIN.RU thread</a></p><h3>Screenshots (Click to enlarge)</h3><p><a target=\"_blank\" href=\"https://en.riotpixels.com/games/stardrytch/screenshots/18/?utm_source=emb-gfx-html&amp;utm_medium=image&amp;utm_campaign=rp-mass\" rel=\"noopener\"><img loading=\"lazy\" width=\"178\" height=\"100\" border=\"0\" src=\"https://s01.riotpixels.net/data/6c/18/6c18ee65-f6ce-421c-96de-85506dfbce88.jpg.240p.jpg\"></a><a target=\"_blank\" href=\"https://en.riotpixels.com/games/stardrytch/screenshots/16/?utm_source=emb-gfx-html&amp;utm_medium=image&amp;utm_campaign=rp-mass\" rel=\"noopener\"><img loading=\"lazy\" width=\"178\" height=\"100\" border=\"0\" src=\"https://s01.riotpixels.net/data/a3/4d/a34d5f9b-2588-40ec-806c-0b331e8817ac.jpg.240p.jpg\"></a><a target=\"_blank\" href=\"https://en.riotpixels.com/games/stardrytch/screenshots/11/?utm_source=emb-gfx-html&amp;utm_medium=image&amp;utm_campaign=rp-mass\" rel=\"noopener\"><img loading=\"lazy\" width=\"178\" height=\"100\" border=\"0\" src=\"https://s01.riotpixels.net/data/6e/73/6e7379e9-a264-44b4-a4d2-6f8aaf3c20b3.jpg.240p.jpg\"></a><br><a target=\"_blank\" href=\"https://en.riotpixels.com/games/stardrytch/screenshots/8/?utm_source=emb-gfx-html&amp;utm_medium=image&amp;utm_campaign=rp-mass\" rel=\"noopener\"><img loading=\"lazy\" width=\"178\" height=\"100\" border=\"0\" src=\"https://s01.riotpixels.net/data/94/31/94317712-4edc-4f9f-aa77-11bbfaee0672.jpg.240p.jpg\"></a><a target=\"_blank\" href=\"https://en.riotpixels.com/games/stardrytch/screenshots/6/?utm_source=emb-gfx-html&amp;utm_medium=image&amp;utm_campaign=rp-mass\" rel=\"noopener\"><img loading=\"lazy\" width=\"178\" height=\"100\" border=\"0\" src=\"https://s01.riotpixels.net/data/7f/be/7fbe6510-544d-47d2-9bf3-de1084dc7b74.jpg.240p.jpg\"></a><a target=\"_blank\" href=\"https://en.riotpixels.com/games/stardrytch/screenshots/5/?utm_source=emb-gfx-html&amp;utm_medium=image&amp;utm_campaign=rp-mass\" rel=\"noopener\"><img loading=\"lazy\" width=\"178\" height=\"100\" border=\"0\" src=\"https://s01.riotpixels.net/data/50/62/5062348e-dda6-44d7-bc43-c608fddeb871.jpg.240p.jpg\"></a></p><h3>Repack Features</h3><ul><li>Based on Stardrytch-PLAZA ISO release: plaza-stardrytch.iso (1,430,585,344 bytes)</li><li>100% Lossless &amp; MD5 Perfect: all files are identical to originals after installation</li><li>NOTHING ripped, NOTHING re-encoded</li><li>Significantly smaller archive size (compressed from 1.3 GB to 842 MB)</li><li>Installation takes 1-2 minutes</li><li>After-install integrity check so you could make sure that everything installed properly</li><li>HDD space after installation: 3.4 GB</li><li>Language can be changed in game settings</li><li>At least 2 GB of free RAM (inc. virtual) required for installing this repack</li></ul><div ><div><h2>Game Description</h2></div><div >Stardrytch is a challenging action-platformer set in a lost world where sci-fi and fantasy collide. Embark on a dangerous journey, discover a forgotten land, unlock mighty powers and battle terrifying monsters to find a way home.<p>Accompany Lunaris, a stranded space traveller, on her adventurous quest for rare energy crystals that will allow her to fix and recharge her crashed spaceship. On her way through a desolate ancient land, she will meet many enemies and only a few friends.</p><p>Stardrytch is inspired by classic 2D platformers and will challenge you with exciting combat, precision platforming and mind-bending puzzles.</p><p>You will unlock impressive new platforming powers and ultimate combat techniques to overcome the deadly obstacles and terrifying monsters.</p><p><b><h3>Game Features</h3></b></p><ul><li>Collect energy crystals and unlock new and breathtaking platforming and combat skills</li><li>Battle lots of alien adversaries and imposing bosses</li><li>Marvel at fascinating hand-drawn characters</li><li>Discover fantastic lands</li><li>Demonstrate your precision and skill by overcoming challenging platforming obstacles</li></ul></div></div>             </div>"
}