{
    "link": "https://fitgirl-repacks.site/starlight-alliance/",
    "title": "Starlight Alliance",
    "first_img": "https://i2.imageban.ru/out/2021/10/17/a57f4e40d652f02ed54c50e34fdd6970.jpg",
    "second_img": "https://s01.riotpixels.net/data/50/1e/501e18a0-0f81-4787-b53e-d0a2f4209da3.jpg.240p.jpg",
    "body": "<div ><h2>Starlight Alliance</h2><p ><div><a target=\"_blank\" href=\"https://en.riotpixels.com/games/starlight-alliance/\" rel=\"noopener\"><img class=\"alignleft\" width=\"150\" src=\"https://i2.imageban.ru/out/2021/10/17/a57f4e40d652f02ed54c50e34fdd6970.jpg\"></a></div><br>Genres/Tags: <strong>Arcade, Exploration, Third-person, Puzzle solving, 3D</strong><br>Company: <strong>origamihero games</strong><br>Language: <strong>ENG/GER</strong><br>Original Size: <strong>1.6 GB</strong><br>Repack Size: <strong>719 MB</strong></p>&nbsp;<div>&nbsp;</div><h3>Download Mirrors</h3><ul><li><a href=\"https://1337x.to/torrent/5020210/Starlight-Alliance-ENG-GER-FitGirl-Repack/\" target=\"_blank\" rel=\"noopener\">1337x</a> | [<a href=\"magnet:?xt=urn:btih:7594F2912C51786D4E362BE19FAB9CE43CDFE1EF&amp;dn=Starlight+Alliance+%28ENG%2FGER%29+%5BFitGirl+Repack%5D&amp;tr=udp%3A%2F%2F46.148.18.250%3A2710&amp;tr=udp%3A%2F%2Fopentor.org%3A2710&amp;tr=udp%3A%2F%2Ftracker.coppersurfer.tk%3A6969%2Fannounce&amp;tr=udp%3A%2F%2Ftracker.opentrackr.org%3A1337%2Fannounce&amp;tr=http%3A%2F%2Ftracker.dler.org%3A6969%2Fannounce&amp;tr=udp%3A%2F%2Ftracker.leechers-paradise.org%3A6969%2Fannounce&amp;tr=udp%3A%2F%2F9.rarbg.me%3A2730%2Fannounce&amp;tr=udp%3A%2F%2F9.rarbg.to%3A2770%2Fannounce&amp;tr=udp%3A%2F%2Ftracker.pirateparty.gr%3A6969%2Fannounce&amp;tr=http%3A%2F%2Fretracker.local%2Fannounce&amp;tr=http%3A%2F%2Fretracker.ip.ncnet.ru%2Fannounce&amp;tr=udp%3A%2F%2Fexodus.desync.com%3A6969%2Fannounce&amp;tr=udp%3A%2F%2Fipv4.tracker.harry.lu%3A80%2Fannounce&amp;tr=udp%3A%2F%2Fopen.stealth.si%3A80%2Fannounce&amp;tr=udp%3A%2F%2Ftracker.zer0day.to%3A1337%2Fannounce&amp;tr=udp%3A%2F%2Ftracker.leechers-paradise.org%3A6969%2Fannounce&amp;tr=udp%3A%2F%2Fcoppersurfer.tk%3A6969%2Fannounce\">magnet</a>] [<a href=\"https://pastefg.hermietkreeft.site/?79e7bc44469265a9#ow6sDLJMLDZso8BbQhKZn4eqpThM7b5NmjG8Wi7C2bT\" target=\"_blank\" rel=\"noopener\">.torrent file only</a>] <br><img src=\"https://torrent-stats.info/2be1/ca8bab53.png\" style=\"display:block;clear:both\"></li><li><a href=\"https://tapochek.net/viewtopic.php?p=2806177\" target=\"_blank\" rel=\"noopener\">Tapochek.net</a></li><li><a href=\"https://pastefg.hermietkreeft.site/?002efb8490fcd48d#HcGuaoC12JVGiHzKCaqhgQs71eFEjt8Nqb9KG4haxHGw\" target=\"_blank\" rel=\"noopener\">Filehoster: MultiUpload</a> (10+ hosters, interchangeable) [Use <a href=\"http://jdownloader.org/jdownloader2\" target=\"_blank\" rel=\"noopener\">JDownloader2</a>]</li><li><a href=\"https://pastefg.hermietkreeft.site/?e0659cda74486e9c#4ftvhWbvJ6BZUxUDgUSWiwqVUmhhB3tS4oKvSxUtCnpq\" target=\"_blank\" rel=\"noopener\">Filehoster: PixelDrain</a></li><li><a href=\"https://pastefg.hermietkreeft.site/?f568a514d88d8efb#4cs5tJFom1YAG2egnpy53XC4hFvE4KkVkFw95EHMVsLg\" target=\"_blank\" rel=\"noopener\">Filehoster: ZippyShare</a></li><li><a href=\"https://pastefg.hermietkreeft.site/?59cff81e733911f9#DDZCEiZrQgt8Xzjj3xNvEsvdnizm9B71cx6jLrBwYru8\" target=\"_blank\" rel=\"noopener\">Filehoster: LetsUpload</a> [Use <a href=\"http://jdownloader.org/jdownloader2\" target=\"_blank\" rel=\"noopener\">JDownloader2</a>]</li><li><a href=\"https://pastefg.hermietkreeft.site/?3e35900c292ef1a3#3bZEmG8crXZYGJ4ktiVmXLy4aGhwnfXCwiTNJya1o451\" target=\"_blank\" rel=\"noopener\">Filehoster: OneDrive</a> (Uploaded by DyR0 t(-_-t), NOT compatible with other mirrors)</li><li><a href=\"https://crackhub.site/starlight-alliance-fitgirl-repack/\" target=\"_blank\" rel=\"noopener\">Filehosters: Google Drive, OneDrive + others</a> (Uploaded by crackhub213)</li></ul><p><a href=\"https://cs.rin.ru/forum/viewtopic.php?f=10&amp;t=116487\" target=\"_blank\" rel=\"noopener\">Discussion and (possible) future updates on CS.RIN.RU thread</a></p><h3>Screenshots (Click to enlarge)</h3><p><a target=\"_blank\" href=\"https://en.riotpixels.com/games/starlight-alliance/screenshots/8/?utm_source=emb-gfx-html&amp;utm_medium=image&amp;utm_campaign=rp-mass\" rel=\"noopener\"><img loading=\"lazy\" width=\"178\" height=\"100\" border=\"0\" src=\"https://s01.riotpixels.net/data/50/1e/501e18a0-0f81-4787-b53e-d0a2f4209da3.jpg.240p.jpg\"></a><a target=\"_blank\" href=\"https://en.riotpixels.com/games/starlight-alliance/screenshots/7/?utm_source=emb-gfx-html&amp;utm_medium=image&amp;utm_campaign=rp-mass\" rel=\"noopener\"><img loading=\"lazy\" width=\"179\" height=\"100\" border=\"0\" src=\"https://s01.riotpixels.net/data/e1/8b/e18b0490-e389-4ebc-ac79-576448c81095.jpg.240p.jpg\"></a><a target=\"_blank\" href=\"https://en.riotpixels.com/games/starlight-alliance/screenshots/6/?utm_source=emb-gfx-html&amp;utm_medium=image&amp;utm_campaign=rp-mass\" rel=\"noopener\"><img loading=\"lazy\" width=\"179\" height=\"100\" border=\"0\" src=\"https://s01.riotpixels.net/data/3f/10/3f1006a7-61d9-421a-89b9-5641b7dd5d4a.jpg.240p.jpg\"></a><br><a target=\"_blank\" href=\"https://en.riotpixels.com/games/starlight-alliance/screenshots/5/?utm_source=emb-gfx-html&amp;utm_medium=image&amp;utm_campaign=rp-mass\" rel=\"noopener\"><img loading=\"lazy\" width=\"179\" height=\"100\" border=\"0\" src=\"https://s01.riotpixels.net/data/f2/bd/f2bd3b51-9b8e-4413-bb24-bb904162ce7e.jpg.240p.jpg\"></a><a target=\"_blank\" href=\"https://en.riotpixels.com/games/starlight-alliance/screenshots/4/?utm_source=emb-gfx-html&amp;utm_medium=image&amp;utm_campaign=rp-mass\" rel=\"noopener\"><img loading=\"lazy\" width=\"178\" height=\"100\" border=\"0\" src=\"https://s01.riotpixels.net/data/d6/4f/d64fe442-9023-4f55-8cc7-03b1969d7e46.jpg.240p.jpg\"></a><a target=\"_blank\" href=\"https://en.riotpixels.com/games/starlight-alliance/screenshots/2/?utm_source=emb-gfx-html&amp;utm_medium=image&amp;utm_campaign=rp-mass\" rel=\"noopener\"><img loading=\"lazy\" width=\"178\" height=\"100\" border=\"0\" src=\"https://s01.riotpixels.net/data/52/79/5279732f-2190-4bc0-8656-0d7bc80a6a22.jpg.240p.jpg\"></a></p><h3>Repack Features</h3><ul><li>Based on Starlight.Alliance-DARKSiDERS ISO release: ds-starlightalliance.iso (1,670,332,416 bytes)</li><li>100% Lossless &amp; MD5 Perfect: all files are identical to originals after installation</li><li>NOTHING ripped, NOTHING re-encoded</li><li>Significantly smaller archive size (compressed from 1.6 GB to 719 MB)</li><li>Installation takes one minute</li><li>After-install integrity check so you could make sure that everything installed properly</li><li>HDD space after installation: 2.9 GB</li><li>Language can be changed in \u201cStarlight Alliance_Data\\Plugins\\x86_64\\ds.ini\u201d file</li><li>At least 2 GB of free RAM (inc. virtual) required for installing this repack</li></ul><div ><div><h2>Game Description</h2></div><div ><b>Story</b><br>Welcome to the future \u2013 where everything is automated, recycling is at 99.9% efficiency, and Earth is considered at its peak. Humans and aliens now live side-by-side in sky cities far above the planet\u2019s inhospitable surface.<p>It all could have been perfect \u2026 but it just wasn\u2019t meant to last.</p><p>Mysteriously, the systems started failing and the drone networks began acting up \u2013 nobody knows quite why. Two strangers, Lea and Cyris, each experience these system failures in two different ways and find themselves brought together by unforeseen circumstances. As a team, they\u2019ll soon uncover dark secrets on the Earth\u2019s surface and find a chance at salvation somewhere out there in the cold darkness of space!</p><p><b><h3>Game Features</h3></b></p><ul><li>Switch between two playable characters at any time.</li><li>Explore a colorful yet dark dystopian futuristic environment \u2013 on Earth and in space!</li><li>Enjoy an original soundtrack featuring light chiptune touches.</li><li>Face your enemies in fast-paced combat and use two fighting styles: Shoot or Punch!</li><li>Solve light puzzles, featuring jumping, shooting, warping, and more.</li><li>Gather materials and craft new armor, shields, and weapons.</li><li>Follow the main story or delve into side quests.</li><li>Gain experience, level up, and learn new skills!</li><li>Fight multiple bosses or engage in special fights.</li><li>About 15 hours of gameplay.</li></ul></div></div>             </div>"
}