{
    "link": "https://fitgirl-repacks.site/stonedeep/",
    "title": "Stonedeep \u2013 v2021.10.09.0",
    "first_img": "https://i2.imageban.ru/out/2021/10/14/9b843ab7066fe987272d2a8c4f960c74.jpg",
    "second_img": "https://s01.riotpixels.net/data/ed/8b/ed8b7654-2f26-4e07-9eb3-1a5369ee7fd5.jpg.240p.jpg",
    "body": "<div ><h2>Stonedeep \u2013 v2021.10.09.0</h2><p ><div><a target=\"_blank\" href=\"https://en.riotpixels.com/games/stonedeep/\" rel=\"noopener\"><img class=\"alignleft\" width=\"150\" src=\"https://i2.imageban.ru/out/2021/10/14/9b843ab7066fe987272d2a8c4f960c74.jpg\"></a></div><br>Genres/Tags: <strong>Managerial, Side, 3D</strong><br>Companies: <strong>Direfang, Smuttlewerk interactive</strong><br>Languages: <strong>RUS/ENG/MULTI15</strong><br>Original Size: <strong>2.6 GB</strong><br>Repack Size: <strong>873 MB</strong></p>&nbsp;<div>&nbsp;</div><h3>Download Mirrors</h3><ul><li><a href=\"https://1337x.to/torrent/5017632/Stonedeep-v2021-10-09-0-MULTi15-FitGirl-Repack/\" target=\"_blank\" rel=\"noopener\">1337x</a> | [<a href=\"magnet:?xt=urn:btih:AB8C369241B2A01F08DCC516A3FBCD3FE5234A9D&amp;dn=Stonedeep+%28v2021.10.09.0%2C+MULTi15%29+%5BFitGirl+Repack%5D&amp;tr=udp%3A%2F%2F46.148.18.250%3A2710&amp;tr=udp%3A%2F%2Fopentor.org%3A2710&amp;tr=udp%3A%2F%2Ftracker.coppersurfer.tk%3A6969%2Fannounce&amp;tr=udp%3A%2F%2Ftracker.opentrackr.org%3A1337%2Fannounce&amp;tr=http%3A%2F%2Ftracker.dler.org%3A6969%2Fannounce&amp;tr=udp%3A%2F%2Ftracker.leechers-paradise.org%3A6969%2Fannounce&amp;tr=udp%3A%2F%2F9.rarbg.me%3A2730%2Fannounce&amp;tr=udp%3A%2F%2F9.rarbg.to%3A2770%2Fannounce&amp;tr=udp%3A%2F%2Ftracker.pirateparty.gr%3A6969%2Fannounce&amp;tr=http%3A%2F%2Fretracker.local%2Fannounce&amp;tr=http%3A%2F%2Fretracker.ip.ncnet.ru%2Fannounce&amp;tr=udp%3A%2F%2Fexodus.desync.com%3A6969%2Fannounce&amp;tr=udp%3A%2F%2Fipv4.tracker.harry.lu%3A80%2Fannounce&amp;tr=udp%3A%2F%2Fopen.stealth.si%3A80%2Fannounce&amp;tr=udp%3A%2F%2Ftracker.zer0day.to%3A1337%2Fannounce&amp;tr=udp%3A%2F%2Ftracker.leechers-paradise.org%3A6969%2Fannounce&amp;tr=udp%3A%2F%2Fcoppersurfer.tk%3A6969%2Fannounce\">magnet</a>] [<a href=\"https://pastefg.hermietkreeft.site/?38b8f46b9243ac4c#2vmDSD6NjeUBJRXJBnpUsvpAaheu42WiZafEFSo3JyFE\" target=\"_blank\" rel=\"noopener\">.torrent file only</a>] <br><img src=\"https://torrent-stats.info/c516/38cf13444.png\" style=\"display:block;clear:both\"></li><li><a href=\"http://rutor.info/torrent/839447/stonedeep-v-2021.10.09.0-2021-pc-repack-ot-fitgirl\" target=\"_blank\" rel=\"noopener\">RuTor</a> [<a href=\"magnet:?xt=urn:btih:ab8c369241b2a01f08dcc516a3fbcd3fe5234a9d&amp;dn=rutor.info_Stonedeep+%5Bv+2021.10.09.0%5D+%282021%29+PC+%7C+RePack+%D0%BE%D1%82+FitGirl&amp;tr=udp://opentor.net:6969&amp;tr=udp://opentor.org:2710&amp;tr=http://retracker.local/announce\">magnet</a>]</li><li><a href=\"https://tapochek.net/viewtopic.php?p=2805775\" target=\"_blank\" rel=\"noopener\">Tapochek.net</a></li><li><a href=\"https://pastefg.hermietkreeft.site/?9ce94cc0f1d1401b#5zNLuCbcA6cbjRNafgdRumWrgBvg8FBxNqEAPDyhnR6A\" target=\"_blank\" rel=\"noopener\">Filehoster: MultiUpload</a> (10+ hosters, interchangeable) [Use <a href=\"http://jdownloader.org/jdownloader2\" target=\"_blank\" rel=\"noopener\">JDownloader2</a>]</li><li><a href=\"https://pastefg.hermietkreeft.site/?90d83d76c0923f65#GEXs1pj28mM54g9sqifA24k2ejidGosroVdXyTDYAWAJ\" target=\"_blank\" rel=\"noopener\">Filehoster: PixelDrain</a></li><li><a href=\"https://pastefg.hermietkreeft.site/?1f178433033bd1de#He5Tp1rDLcrdv4BGeZ7aYziqZDq4qR84eTRs86RwUXDp\" target=\"_blank\" rel=\"noopener\">Filehoster: ZippyShare</a></li><li><a href=\"https://pastefg.hermietkreeft.site/?d091117bd0961889#B37waKqHUTF19rZLh5Cmv2wR7Gu97vTLJhHvSvLEmHxd\" target=\"_blank\" rel=\"noopener\">Filehoster: LetsUpload</a> [Use <a href=\"http://jdownloader.org/jdownloader2\" target=\"_blank\" rel=\"noopener\">JDownloader2</a>]</li><li><a href=\"https://pastefg.hermietkreeft.site/?606244adff3175cd#7LZYtY6PEQqLitkC1eZXoSCAUToxheUi16LWf9DbW2pr\" target=\"_blank\" rel=\"noopener\">Filehoster: OneDrive</a> (Uploaded by DyR0 t(-_-t), NOT compatible with other mirrors)</li><li><a href=\"https://crackhub.site/stonedeep-v2021-10-09-0-fitgirl-repack/\" target=\"_blank\" rel=\"noopener\">Filehosters: Google Drive, OneDrive + others</a> (Uploaded by crackhub213)</li></ul><p><a href=\"https://cs.rin.ru/forum/viewtopic.php?f=10&amp;t=116391\" target=\"_blank\" rel=\"noopener\">Discussion and (possible) future updates on CS.RIN.RU thread</a></p><h3>Screenshots (Click to enlarge)</h3><p><a target=\"_blank\" href=\"https://en.riotpixels.com/games/stonedeep/screenshots/11/?utm_source=emb-gfx-html&amp;utm_medium=image&amp;utm_campaign=rp-mass\" rel=\"noopener\"><img loading=\"lazy\" width=\"178\" height=\"100\" border=\"0\" src=\"https://s01.riotpixels.net/data/ed/8b/ed8b7654-2f26-4e07-9eb3-1a5369ee7fd5.jpg.240p.jpg\"></a><a target=\"_blank\" href=\"https://en.riotpixels.com/games/stonedeep/screenshots/9/?utm_source=emb-gfx-html&amp;utm_medium=image&amp;utm_campaign=rp-mass\" rel=\"noopener\"><img loading=\"lazy\" width=\"178\" height=\"100\" border=\"0\" src=\"https://s01.riotpixels.net/data/06/cd/06cd71b3-990a-4687-b091-140bb4fbde85.jpg.240p.jpg\"></a><a target=\"_blank\" href=\"https://en.riotpixels.com/games/stonedeep/screenshots/5/?utm_source=emb-gfx-html&amp;utm_medium=image&amp;utm_campaign=rp-mass\" rel=\"noopener\"><img loading=\"lazy\" width=\"178\" height=\"100\" border=\"0\" src=\"https://s01.riotpixels.net/data/84/b8/84b8f9b5-0af3-4ffe-9d4e-c4694c59859c.jpg.240p.jpg\"></a><br><a target=\"_blank\" href=\"https://en.riotpixels.com/games/stonedeep/screenshots/3/?utm_source=emb-gfx-html&amp;utm_medium=image&amp;utm_campaign=rp-mass\" rel=\"noopener\"><img loading=\"lazy\" width=\"178\" height=\"100\" border=\"0\" src=\"https://s01.riotpixels.net/data/b1/52/b152cce8-748a-47a2-b4df-2beffacb1b4f.jpg.240p.jpg\"></a><a target=\"_blank\" href=\"https://en.riotpixels.com/games/stonedeep/screenshots/2/?utm_source=emb-gfx-html&amp;utm_medium=image&amp;utm_campaign=rp-mass\" rel=\"noopener\"><img loading=\"lazy\" width=\"178\" height=\"100\" border=\"0\" src=\"https://s01.riotpixels.net/data/63/ed/63ed43cf-d174-4eeb-bb3e-61041b030cbf.jpg.240p.jpg\"></a><a target=\"_blank\" href=\"https://en.riotpixels.com/games/stonedeep/screenshots/1/?utm_source=emb-gfx-html&amp;utm_medium=image&amp;utm_campaign=rp-mass\" rel=\"noopener\"><img loading=\"lazy\" width=\"178\" height=\"100\" border=\"0\" src=\"https://s01.riotpixels.net/data/2c/c3/2cc36b6a-78fa-4953-a5bd-eb87a34fe260.jpg.240p.jpg\"></a></p><h3>Repack Features</h3><ul><li>Based on StoneDeep-PLAZA ISO release: plaza-stonedeep.iso (2,801,795,072 bytes)</li><li>100% Lossless &amp; MD5 Perfect: all files are identical to originals after installation</li><li>NOTHING ripped, NOTHING re-encoded</li><li>Significantly smaller archive size (compressed from 2.6 GB to 873 MB)</li><li>Installation takes 2-5 minutes (depending on your system)</li><li>After-install integrity check so you could make sure that everything installed properly</li><li>HDD space after installation: 3 GB (up to 10.8 GB during installation)</li><li>Language can be changed in game settings</li><li>At least 2 GB of free RAM (inc. virtual) required for installing this repack</li></ul><div ><div><h2>Game Description</h2></div><div >Stonedeep is an 2.5D underground city builder. Dwarfs gather resources, build and fend off monsters. Colonies can specialize in culture, production, military and trading. At start, dwarfs need drinks and rest. With a higher civilization level, they will increase their needs.<p><b><h3>Game Features</h3></b></p><ul><li>Dig tunnels and grow your empire: Dig into the ground and find resources to build and grow your kingdom. The more your civilization grows, the further you have to spread your tunnels.</li><li>Seasons: Your dwarfs have to survive different seasons with different weather.</li><li>Level up your resident\u2019s civilization levels: Currently, Stonedeep has nine civilization levels. Every civilization level increases your daily tax income, but also increases the needs of the involved residents. In Stonedeep similar to the real world there is a limited amount of gold coins (money). You have to spend your money to get it back from your residents.</li><li>over 80 resources.</li><li>5 different biomes.</li><li>over 70 buildings.</li><li>9 civilization levels.</li><li>4 animals.</li><li>8 types of adversaries with different variations.</li></ul></div></div>             </div>"
}