{
    "link": "https://fitgirl-repacks.site/story-of-seasons-pioneers-of-olive-town/",
    "title": "Story of Seasons: Pioneers of Olive Town",
    "first_img": "https://i2.imageban.ru/out/2021/09/17/b8e17b0388d1330109349a8bcbfeb386.jpg",
    "second_img": "https://s01.riotpixels.net/data/7f/a1/7fa180cf-b68e-49b5-b9b0-ae0d90d71373.jpg.240p.jpg",
    "body": "<div ><h2>Story of Seasons: Pioneers of Olive Town</h2><p ><div><a target=\"_blank\" href=\"https://en.riotpixels.com/games/story-of-seasons-pioneers-of-olive-town/\" rel=\"noopener\"><img class=\"alignleft\" width=\"150\" src=\"https://i2.imageban.ru/out/2021/09/17/b8e17b0388d1330109349a8bcbfeb386.jpg\"></a></div><br>Genres/Tags: <strong>Lifestyle, Managerial, Isometric, Real-time, 3D</strong><br>Companies: <strong>XSEED Games, Marvelous USA, Inc., Marvelous</strong><br>Languages: <strong>ENG/MULTI8</strong><br>Original Size: <strong>1 GB</strong><br>Repack Size: <strong>535 MB</strong></p>&nbsp;<div>&nbsp;</div><h3>Download Mirrors</h3><ul><li><a href=\"https://1337x.to/torrent/4986857/Story-of-Seasons-Pioneers-of-Olive-Town-MULTi8-FitGirl-Repack/\" target=\"_blank\" rel=\"noopener\">1337x</a> | [<a href=\"magnet:?xt=urn:btih:D9DECA07FF1C358FD32EDAD7EB6B94C703856338&amp;dn=Story+of+Seasons%3A+Pioneers+of+Olive+Town+%28MULTi8%29+%5BFitGirl+Repack%5D&amp;tr=udp%3A%2F%2F46.148.18.250%3A2710&amp;tr=udp%3A%2F%2Fopentor.org%3A2710&amp;tr=udp%3A%2F%2Ftracker.coppersurfer.tk%3A6969%2Fannounce&amp;tr=udp%3A%2F%2Ftracker.opentrackr.org%3A1337%2Fannounce&amp;tr=http%3A%2F%2Ftracker.dler.org%3A6969%2Fannounce&amp;tr=udp%3A%2F%2Ftracker.leechers-paradise.org%3A6969%2Fannounce&amp;tr=udp%3A%2F%2F9.rarbg.me%3A2730%2Fannounce&amp;tr=udp%3A%2F%2F9.rarbg.to%3A2770%2Fannounce&amp;tr=udp%3A%2F%2Ftracker.pirateparty.gr%3A6969%2Fannounce&amp;tr=http%3A%2F%2Fretracker.local%2Fannounce&amp;tr=http%3A%2F%2Fretracker.ip.ncnet.ru%2Fannounce&amp;tr=udp%3A%2F%2Fexodus.desync.com%3A6969%2Fannounce&amp;tr=udp%3A%2F%2Fipv4.tracker.harry.lu%3A80%2Fannounce&amp;tr=udp%3A%2F%2Fopen.stealth.si%3A80%2Fannounce&amp;tr=udp%3A%2F%2Ftracker.zer0day.to%3A1337%2Fannounce&amp;tr=udp%3A%2F%2Ftracker.leechers-paradise.org%3A6969%2Fannounce&amp;tr=udp%3A%2F%2Fcoppersurfer.tk%3A6969%2Fannounce\">magnet</a>] [<a href=\"https://pastefg.hermietkreeft.site/?a6944793bfee1f4b#JDEbAH7D2c5SeXLQcfQ4HD2BvTH89LZS8sqMg8vCz7cF\" target=\"_blank\" rel=\"noopener\">.torrent file only</a>] <br><img src=\"https://torrent-stats.info/dad7/3ea94ab35.png\" style=\"display:block;clear:both\"></li><li><a href=\"https://tapochek.net/viewtopic.php?p=2800785\" target=\"_blank\" rel=\"noopener\">Tapochek.net</a></li><li><a href=\"https://pastefg.hermietkreeft.site/?b6d3618f2b42a11c#5MxjXq4W7TpWAacUU26ZvJQrSeFLtDShRLaPH9BNVZKh\" target=\"_blank\" rel=\"noopener\">Filehoster: MultiUpload</a> (10+ hosters, interchangeable) [Use <a href=\"http://jdownloader.org/jdownloader2\" target=\"_blank\" rel=\"noopener\">JDownloader2</a>]</li><li><a href=\"https://pastefg.hermietkreeft.site/?58a6d806ef3051d5#5Ahs1a5AHaThT8vyH5RdDPHpVJp2XFkSqbQqJDXaXEr4\" target=\"_blank\" rel=\"noopener\">Filehoster: PixelDrain</a></li><li><a href=\"https://pastefg.hermietkreeft.site/?408bb5787d16c24d#FVXJatcWRb54eVRz3mWha7kguBUeh9HYSbxvANYHoZLf\" target=\"_blank\" rel=\"noopener\">Filehoster: ZippyShare</a></li><li><a href=\"https://pastefg.hermietkreeft.site/?03244fdfbb3aefa3#42Jo2NVsThyLpeDRbUY1zbJLW5HEhKmv7tNP5NT7jiWn\" target=\"_blank\" rel=\"noopener\">Filehoster: LetsUpload</a> [Use <a href=\"http://jdownloader.org/jdownloader2\" target=\"_blank\" rel=\"noopener\">JDownloader2</a>]</li><li><a href=\"https://pastefg.hermietkreeft.site/?3b81cff97422048a#7MqhMo2hJPeVJvP24Ta9egFeBYqnM6TuaZcq3SfUwCbR\" target=\"_blank\" rel=\"noopener\">Filehoster: OneDrive</a> (Uploaded by DyR0 t(-_-t), NOT compatible with other mirrors)</li></ul><p><a href=\"https://cs.rin.ru/forum/viewtopic.php?f=10&amp;t=115492\" target=\"_blank\" rel=\"noopener\">Discussion and (possible) future updates on CS.RIN.RU thread</a></p><h3>Screenshots (Click to enlarge)</h3><p><a target=\"_blank\" href=\"https://en.riotpixels.com/games/story-of-seasons-pioneers-of-olive-town/screenshots/46/?utm_source=emb-gfx-html&amp;utm_medium=image&amp;utm_campaign=rp-mass\" rel=\"noopener\"><img loading=\"lazy\" width=\"178\" height=\"100\" border=\"0\" src=\"https://s01.riotpixels.net/data/7f/a1/7fa180cf-b68e-49b5-b9b0-ae0d90d71373.jpg.240p.jpg\"></a><a target=\"_blank\" href=\"https://en.riotpixels.com/games/story-of-seasons-pioneers-of-olive-town/screenshots/41/?utm_source=emb-gfx-html&amp;utm_medium=image&amp;utm_campaign=rp-mass\" rel=\"noopener\"><img loading=\"lazy\" width=\"178\" height=\"100\" border=\"0\" src=\"https://s01.riotpixels.net/data/a3/f5/a3f54938-52cb-48ac-93f2-5cc4ef658b74.jpg.240p.jpg\"></a><a target=\"_blank\" href=\"https://en.riotpixels.com/games/story-of-seasons-pioneers-of-olive-town/screenshots/38/?utm_source=emb-gfx-html&amp;utm_medium=image&amp;utm_campaign=rp-mass\" rel=\"noopener\"><img loading=\"lazy\" width=\"178\" height=\"100\" border=\"0\" src=\"https://s01.riotpixels.net/data/e2/24/e224e781-b7b6-4c57-b362-3bf11820bba1.jpg.240p.jpg\"></a><br><a target=\"_blank\" href=\"https://en.riotpixels.com/games/story-of-seasons-pioneers-of-olive-town/screenshots/34/?utm_source=emb-gfx-html&amp;utm_medium=image&amp;utm_campaign=rp-mass\" rel=\"noopener\"><img loading=\"lazy\" width=\"178\" height=\"100\" border=\"0\" src=\"https://s01.riotpixels.net/data/36/dc/36dc709b-7f88-436f-99da-629031183ba9.jpg.240p.jpg\"></a><a target=\"_blank\" href=\"https://en.riotpixels.com/games/story-of-seasons-pioneers-of-olive-town/screenshots/22/?utm_source=emb-gfx-html&amp;utm_medium=image&amp;utm_campaign=rp-mass\" rel=\"noopener\"><img loading=\"lazy\" width=\"178\" height=\"100\" border=\"0\" src=\"https://s01.riotpixels.net/data/48/b9/48b9b2f3-7dfd-46bc-adcd-bc472fa830d8.jpg.240p.jpg\"></a><a target=\"_blank\" href=\"https://en.riotpixels.com/games/story-of-seasons-pioneers-of-olive-town/screenshots/18/?utm_source=emb-gfx-html&amp;utm_medium=image&amp;utm_campaign=rp-mass\" rel=\"noopener\"><img loading=\"lazy\" width=\"178\" height=\"100\" border=\"0\" src=\"https://s01.riotpixels.net/data/fd/87/fd878ba1-c521-4054-ae54-8f39f461563b.jpg.240p.jpg\"></a></p><h3>Repack Features</h3><ul><li>Based on STORY.OF.SEASONS.Pioneers.of.Olive.Town-DOGE ISO release: wow-story.of.seasons.pioneers.of.olive.town.iso (1,117,728,768 bytes)</li><li>DOGE crack replaced with Goldberg one, with a launcher fixed alongside (thanks to Christsnatcher!)</li><li>100% Lossless &amp; MD5 Perfect: all files are identical to originals after installation</li><li>NOTHING ripped, NOTHING re-encoded</li><li>Significantly smaller archive size (compressed from 1 GB to 535 MB)</li><li>Installation takes 7 minutes</li><li>After-install integrity check so you could make sure that everything installed properly</li><li>HDD space after installation: 1.3 GB (3.1 GB during installation)</li><li>Language can be changed in game settings</li><li>At least 2 GB of free RAM (inc. virtual) required for installing this repack</li></ul><div ><div><h2>Game Description</h2></div><div ><b>Build Your Farm From the Ground Up!</b><br>Welcome to Olive Town, a peaceful community established by your trailblazing grandfather and his friends. Now that you\u2019ve taken over his farm, it\u2019s your job to carry on his legacy.<p>Plant crops, raise animals, build relationships, and get to know the residents of your new home in this brand-new entry in the STORY OF SEASONS series!</p><p><b>Cultivate Your Farm, Cultivate Your Town</b><br>Tame the wilderness and build your farm from the ground up! Gather and process materials to fulfill requests and improve Olive Town\u2019s infrastructure, upgrade tools, or commission new outfits and accessories.</p><p><b>A Farm of Endless Possibilities</b><br>Clear the land, repair old facilities, and place new ones wherever you see fit. Level up your farming skills and craft a variety of decorations and facilities, from fences and automatic feeders for livestock to sprinklers for crops!</p><p><b>New Adventures Off the Beaten Path</b><br>Finding Earth Sprites while exploring your farmland may lead you to mysterious, fantastical lands such as gardens where the seasons never change, an island in the sky, or even the inside of a volcano!</p><p><b>There\u2019s Always Something Going on in Olive Town!</b><br>Participate in local festivals and watch the town come to life! Get to know your neighbors better with over 200 unique events, and you may even find love with a special someone!</p></div></div>             </div>"
}