{
    "link": "https://fitgirl-repacks.site/succubus-with-guns/",
    "title": "Succubus With Guns",
    "first_img": "https://i5.imageban.ru/out/2021/10/11/251778c81547c7129b39bf4d0f3be9a4.jpg",
    "second_img": "https://s01.riotpixels.net/data/9f/75/9f750c0e-2161-45c4-9998-f3e6ea3421d1.jpg.240p.jpg",
    "body": "<div ><h2>Succubus With Guns</h2><p ><div><a target=\"_blank\" href=\"https://en.riotpixels.com/games/succubus-with-guns/\" rel=\"noopener\"><img class=\"alignleft\" width=\"150\" src=\"https://i5.imageban.ru/out/2021/10/11/251778c81547c7129b39bf4d0f3be9a4.jpg\"></a></div><br>Genres/Tags: <strong>Action, Shooter, Third-person, Zombies, 3D</strong><br>Companies: <strong>Satur Cat</strong><br>Languages: <strong>RUS/ENG/MULTI5</strong><br>Original Size: <strong>1.5 GB</strong><br>Repack Size: <strong>708 MB</strong></p>&nbsp;<div>&nbsp;</div><h3>Download Mirrors</h3><ul><li><a href=\"https://1337x.to/torrent/5013742/Succubus-With-Guns-MULTi5-FitGirl-Repack/\" target=\"_blank\" rel=\"noopener\">1337x</a> | [<a href=\"magnet:?xt=urn:btih:8321CE81AE6679B555F739D38386601BD3FDB426&amp;dn=Succubus+With+Guns+%28MULTi5%29+%5BFitGirl+Repack%5D&amp;tr=udp%3A%2F%2F46.148.18.250%3A2710&amp;tr=udp%3A%2F%2Fopentor.org%3A2710&amp;tr=udp%3A%2F%2Ftracker.coppersurfer.tk%3A6969%2Fannounce&amp;tr=udp%3A%2F%2Ftracker.opentrackr.org%3A1337%2Fannounce&amp;tr=http%3A%2F%2Ftracker.dler.org%3A6969%2Fannounce&amp;tr=udp%3A%2F%2Ftracker.leechers-paradise.org%3A6969%2Fannounce&amp;tr=udp%3A%2F%2F9.rarbg.me%3A2730%2Fannounce&amp;tr=udp%3A%2F%2F9.rarbg.to%3A2770%2Fannounce&amp;tr=udp%3A%2F%2Ftracker.pirateparty.gr%3A6969%2Fannounce&amp;tr=http%3A%2F%2Fretracker.local%2Fannounce&amp;tr=http%3A%2F%2Fretracker.ip.ncnet.ru%2Fannounce&amp;tr=udp%3A%2F%2Fexodus.desync.com%3A6969%2Fannounce&amp;tr=udp%3A%2F%2Fipv4.tracker.harry.lu%3A80%2Fannounce&amp;tr=udp%3A%2F%2Fopen.stealth.si%3A80%2Fannounce&amp;tr=udp%3A%2F%2Ftracker.zer0day.to%3A1337%2Fannounce&amp;tr=udp%3A%2F%2Ftracker.leechers-paradise.org%3A6969%2Fannounce&amp;tr=udp%3A%2F%2Fcoppersurfer.tk%3A6969%2Fannounce\">magnet</a>] [<a href=\"https://pastefg.hermietkreeft.site/?162617468682558d#DDM3vVHYvkLaqbViEaYvsQtgtMn5pY1xw8Jqz3LDPbUs\" target=\"_blank\" rel=\"noopener\">.torrent file only</a>] <br><img src=\"https://torrent-stats.info/39d3/10a64a9f3.png\" style=\"display:block;clear:both\"></li><li><a href=\"http://rutor.info/torrent/838915/succubus-with-guns-2021-pc-repack-ot-fitgirl\" target=\"_blank\" rel=\"noopener\">RuTor</a> [<a href=\"magnet:?xt=urn:btih:8321ce81ae6679b555f739d38386601bd3fdb426&amp;dn=rutor.info_Succubus+With+Guns+%282021%29+PC+%7C+RePack+%D0%BE%D1%82+FitGirl&amp;tr=udp://opentor.net:6969&amp;tr=udp://opentor.org:2710&amp;tr=http://retracker.local/announce\">magnet</a>]</li><li><a href=\"https://tapochek.net/viewtopic.php?p=2805192\" target=\"_blank\" rel=\"noopener\">Tapochek.net</a></li><li><a href=\"https://pastefg.hermietkreeft.site/?4dbf9cf3fa6d7f9f#D8KXXVqAWQR7gwfZyKH8nV1XkpC1LNdDnb4R5NWKeXnY\" target=\"_blank\" rel=\"noopener\">Filehoster: MultiUpload</a> (10+ hosters, interchangeable) [Use <a href=\"http://jdownloader.org/jdownloader2\" target=\"_blank\" rel=\"noopener\">JDownloader2</a>]</li><li><a href=\"https://pastefg.hermietkreeft.site/?5546a6163732eb07#GTU3maVZeMDVhQuh3MewB8RbDGTXgsQ4c5UHDSk6BFZt\" target=\"_blank\" rel=\"noopener\">Filehoster: Pixeldrain</a></li><li><a href=\"https://pastefg.hermietkreeft.site/?c555f0a8de8d3f9f#2Cx8xP4QQidQXg7ZP8CJeqdENNpKKvqMBpU1eUW2neP1\" target=\"_blank\" rel=\"noopener\">Filehoster: ZippyShare</a></li><li><a href=\"https://pastefg.hermietkreeft.site/?1dff257497433fa0#CuqNBzNsVqKPkTpwwMUhSLvY4ETj3cfu6Mz4gLG4MLD5\" target=\"_blank\" rel=\"noopener\">Filehoster: LetsUpload</a> [Use <a href=\"http://jdownloader.org/jdownloader2\" target=\"_blank\" rel=\"noopener\">JDownloader2</a>]</li><li><a href=\"https://pastefg.hermietkreeft.site/?1b688cbfca3d6d34#9pHqvBAB1RgVL55n1SXfZjAJi65V1aaWx7cEJqW96E6E\" target=\"_blank\" rel=\"noopener\">Filehoster: OneDrive</a> (Uploaded by DyR0 t(-_-t), NOT compatible with other mirrors)</li></ul><p><a href=\"https://cs.rin.ru/forum/viewtopic.php?f=10&amp;t=116378\" target=\"_blank\" rel=\"noopener\">Discussion and (possible) future updates on CS.RIN.RU thread</a></p><h3>Screenshots (Click to enlarge)</h3><p><a target=\"_blank\" href=\"https://en.riotpixels.com/games/succubus-with-guns/screenshots/24/?utm_source=emb-gfx-html&amp;utm_medium=image&amp;utm_campaign=rp-mass\" rel=\"noopener\"><img loading=\"lazy\" width=\"178\" height=\"100\" border=\"0\" src=\"https://s01.riotpixels.net/data/9f/75/9f750c0e-2161-45c4-9998-f3e6ea3421d1.jpg.240p.jpg\"></a><a target=\"_blank\" href=\"https://en.riotpixels.com/games/succubus-with-guns/screenshots/23/?utm_source=emb-gfx-html&amp;utm_medium=image&amp;utm_campaign=rp-mass\" rel=\"noopener\"><img loading=\"lazy\" width=\"178\" height=\"100\" border=\"0\" src=\"https://s01.riotpixels.net/data/ea/33/ea33d13d-a843-4d03-9249-4a6cdfdd77a1.jpg.240p.jpg\"></a><a target=\"_blank\" href=\"https://en.riotpixels.com/games/succubus-with-guns/screenshots/22/?utm_source=emb-gfx-html&amp;utm_medium=image&amp;utm_campaign=rp-mass\" rel=\"noopener\"><img loading=\"lazy\" width=\"178\" height=\"100\" border=\"0\" src=\"https://s01.riotpixels.net/data/dc/16/dc16f8ba-b602-4be1-a340-4990d2fd990b.jpg.240p.jpg\"></a><br><a target=\"_blank\" href=\"https://en.riotpixels.com/games/succubus-with-guns/screenshots/20/?utm_source=emb-gfx-html&amp;utm_medium=image&amp;utm_campaign=rp-mass\" rel=\"noopener\"><img loading=\"lazy\" width=\"178\" height=\"100\" border=\"0\" src=\"https://s01.riotpixels.net/data/61/c3/61c3d05d-7db6-42b9-8b37-b0408781096a.jpg.240p.jpg\"></a><a target=\"_blank\" href=\"https://en.riotpixels.com/games/succubus-with-guns/screenshots/19/?utm_source=emb-gfx-html&amp;utm_medium=image&amp;utm_campaign=rp-mass\" rel=\"noopener\"><img loading=\"lazy\" width=\"178\" height=\"100\" border=\"0\" src=\"https://s01.riotpixels.net/data/96/65/9665b5bf-d8d8-4451-8f53-9d39325f6bc9.jpg.240p.jpg\"></a><a target=\"_blank\" href=\"https://en.riotpixels.com/games/succubus-with-guns/screenshots/13/?utm_source=emb-gfx-html&amp;utm_medium=image&amp;utm_campaign=rp-mass\" rel=\"noopener\"><img loading=\"lazy\" width=\"178\" height=\"100\" border=\"0\" src=\"https://s01.riotpixels.net/data/84/a5/84a5850b-f087-4608-95f9-ed3a22589054.jpg.240p.jpg\"></a></p><h3>Repack Features</h3><ul><li>Based on Succubus.With.Guns-DARKSiDERS ISO release: ds-succubuswithguns.iso (1,560,825,856 bytes)</li><li>100% Lossless &amp; MD5 Perfect: all files are identical to originals after installation</li><li>NOTHING ripped, NOTHING re-encoded</li><li>Significantly smaller archive size (compressed from 1.5 GB to 708 MB)</li><li>Installation takes one minute</li><li>After-install integrity check so you could make sure that everything installed properly</li><li>HDD space after installation: 3.2 GB</li><li>Language can be changed in game settings</li><li>At least 2 GB of free RAM (inc. virtual) required for installing this repack</li></ul><div ><div><h2>Game Description</h2></div><div >You\u2019re playing as a demoness called by lay occultists. During the summoning ritual, they made a mistake and raised the dead, while turning themselves into zombies.<p>Now you have to return home by jumping to other worlds through portals, all while making your way through the hordes of the undead.</p><p><b>What\u2019s the game all about?</b><br>It\u2019s a simple campaign-style, third-person shooter.</p><p>Shoot zombies and other monsters to move to other worlds. Defeat all the bosses guarding the portals.</p><p>As you progress through the game, look for new weapons and hidden ammo. Use them sparingly: it\u2019s not so easy to beat the undead in combat.</p></div></div>             </div>"
}