{
    "link": "https://fitgirl-repacks.site/sumire/",
    "title": "Sumire + Sunflower Update",
    "first_img": "https://i2.imageban.ru/out/2021/09/16/18d56eb41435c91c719e5d7407afd6c6.jpg",
    "second_img": "https://s01.riotpixels.net/data/42/96/42965d78-d0f0-4f21-8d7e-5af71e7c39ea.jpg.240p.jpg",
    "body": "<div ><h2>Sumire + Sunflower Update</h2><p ><div><a target=\"_blank\" href=\"http://en.riotpixels.com/games/sumire/\" rel=\"noopener\"><img class=\"alignleft\" width=\"150\" src=\"https://i2.imageban.ru/out/2021/09/16/18d56eb41435c91c719e5d7407afd6c6.jpg\"></a></div><br>Genres/Tags: <strong>Adventure, Side, 2D</strong><br>Companies: <strong>GameTomo Team, GameTomo Co., Ltd.</strong><br>Languages: <strong>ENG/MULTi5</strong><br>Original Size: <strong>1 GB</strong><br>Repack Size: <strong>474 MB</strong></p>&nbsp;<div>&nbsp;</div><h3>Download Mirrors</h3><ul><li><a href=\"https://1337x.to/torrent/4985787/Sumire-Sunflower-Update-MULTi5-FitGirl-Repack/\" target=\"_blank\" rel=\"noopener\">1337x</a> | [<a href=\"magnet:?xt=urn:btih:62D27F8BF21071BDB1DC999DE356A66BE5F9696A&amp;dn=Sumire+%28%2B+Sunflower+Update%2C+MULTi5%29+%5BFitGirl+Repack%5D&amp;tr=udp%3A%2F%2F46.148.18.250%3A2710&amp;tr=udp%3A%2F%2Fopentor.org%3A2710&amp;tr=udp%3A%2F%2Ftracker.coppersurfer.tk%3A6969%2Fannounce&amp;tr=udp%3A%2F%2Ftracker.opentrackr.org%3A1337%2Fannounce&amp;tr=http%3A%2F%2Ftracker.dler.org%3A6969%2Fannounce&amp;tr=udp%3A%2F%2Ftracker.leechers-paradise.org%3A6969%2Fannounce&amp;tr=udp%3A%2F%2F9.rarbg.me%3A2730%2Fannounce&amp;tr=udp%3A%2F%2F9.rarbg.to%3A2770%2Fannounce&amp;tr=udp%3A%2F%2Ftracker.pirateparty.gr%3A6969%2Fannounce&amp;tr=http%3A%2F%2Fretracker.local%2Fannounce&amp;tr=http%3A%2F%2Fretracker.ip.ncnet.ru%2Fannounce&amp;tr=udp%3A%2F%2Fexodus.desync.com%3A6969%2Fannounce&amp;tr=udp%3A%2F%2Fipv4.tracker.harry.lu%3A80%2Fannounce&amp;tr=udp%3A%2F%2Fopen.stealth.si%3A80%2Fannounce&amp;tr=udp%3A%2F%2Ftracker.zer0day.to%3A1337%2Fannounce&amp;tr=udp%3A%2F%2Ftracker.leechers-paradise.org%3A6969%2Fannounce&amp;tr=udp%3A%2F%2Fcoppersurfer.tk%3A6969%2Fannounce\">magnet</a>] [<a href=\"https://pastefg.hermietkreeft.site/?7b126486f0f8e041#Gax54s6Rrb1YkANh1zZhG5sSU5rk5QWSCtXWXN8H6zx4\" target=\"_blank\" rel=\"noopener\">.torrent file only</a>] <br><img src=\"https://torrent-stats.info/999d/2bf7f5ef1.png\" style=\"display:block;clear:both\"></li><li><a href=\"https://tapochek.net/viewtopic.php?p=2800595\" target=\"_blank\" rel=\"noopener\">Tapochek.net</a></li><li><a href=\"https://pastefg.hermietkreeft.site/?ab2a7955f1b04708#62yftkzp9AKRqq8p4GWg3baQPKvdkScXc63n7RvdR3Cx\" target=\"_blank\" rel=\"noopener\">Filehoster: MultiUpload</a> (10+ hosters, interchangeable) [Use <a href=\"http://jdownloader.org/jdownloader2\" target=\"_blank\" rel=\"noopener\">JDownloader2</a>]</li><li><a href=\"https://pastefg.hermietkreeft.site/?6115751f60515448#4mt7r1SiDdUgfmn8qA9cM3xCn2TihPbPD13eSCfe1pqd\" target=\"_blank\" rel=\"noopener\">Filehoster: PixelDrain</a></li><li><a href=\"https://pastefg.hermietkreeft.site/?f552676c9e27fb5c#8Efb11UkjWc2UpPRnFRFtW3X9T1rxPosbrA8dM9phLXM\" target=\"_blank\" rel=\"noopener\">Filehoster: ZippyShare</a></li><li><a href=\"https://pastefg.hermietkreeft.site/?873f533f9e821c3f#GzTRtzKNnKrQvfgt3sDGj2kYwvBrdFdXJyuzEas7MEQs\" target=\"_blank\" rel=\"noopener\">Filehoster: LetsUpload</a> [Use <a href=\"http://jdownloader.org/jdownloader2\" target=\"_blank\" rel=\"noopener\">JDownloader2</a>]</li><li><a href=\"https://pastefg.hermietkreeft.site/?79a746d4af6507c0#EXuiAZpNs4zv2cfN6Tkktwx1SSr6dwtgRF7R61T6PySH\" target=\"_blank\" rel=\"noopener\">Filehoster: OneDrive</a> (Uploaded by DyR0 t(-_-t), NOT compatible with other mirrors)</li></ul><p><a href=\"https://cs.rin.ru/forum/viewtopic.php?f=10&amp;t=108367\" target=\"_blank\" rel=\"noopener\">Discussion and (possible) future updates on CS.RIN.RU thread</a></p><h3>Screenshots (Click to enlarge)</h3><p><a target=\"_blank\" href=\"http://en.riotpixels.com/games/sumire/screenshots/8/?utm_source=emb-gfx-html&amp;utm_medium=image&amp;utm_campaign=rp-mass\" rel=\"noopener\"><img loading=\"lazy\" width=\"178\" height=\"100\" border=\"0\" src=\"https://s01.riotpixels.net/data/42/96/42965d78-d0f0-4f21-8d7e-5af71e7c39ea.jpg.240p.jpg\"></a><a target=\"_blank\" href=\"http://en.riotpixels.com/games/sumire/screenshots/7/?utm_source=emb-gfx-html&amp;utm_medium=image&amp;utm_campaign=rp-mass\" rel=\"noopener\"><img loading=\"lazy\" width=\"178\" height=\"100\" border=\"0\" src=\"https://s01.riotpixels.net/data/e8/a7/e8a70e22-50ef-41e6-afc3-9fb38917dcbb.jpg.240p.jpg\"></a><a target=\"_blank\" href=\"http://en.riotpixels.com/games/sumire/screenshots/6/?utm_source=emb-gfx-html&amp;utm_medium=image&amp;utm_campaign=rp-mass\" rel=\"noopener\"><img loading=\"lazy\" width=\"178\" height=\"100\" border=\"0\" src=\"https://s01.riotpixels.net/data/e3/c2/e3c2483d-4605-4b1e-8697-df481634b46a.jpg.240p.jpg\"></a><br><a target=\"_blank\" href=\"http://en.riotpixels.com/games/sumire/screenshots/5/?utm_source=emb-gfx-html&amp;utm_medium=image&amp;utm_campaign=rp-mass\" rel=\"noopener\"><img loading=\"lazy\" width=\"178\" height=\"100\" border=\"0\" src=\"https://s01.riotpixels.net/data/98/27/9827dae8-200f-4c47-869d-ef4ae22e727a.jpg.240p.jpg\"></a><a target=\"_blank\" href=\"http://en.riotpixels.com/games/sumire/screenshots/4/?utm_source=emb-gfx-html&amp;utm_medium=image&amp;utm_campaign=rp-mass\" rel=\"noopener\"><img loading=\"lazy\" width=\"178\" height=\"100\" border=\"0\" src=\"https://s01.riotpixels.net/data/b5/fa/b5fa7c0d-0e38-4128-8a36-927eca423881.jpg.240p.jpg\"></a><a target=\"_blank\" href=\"http://en.riotpixels.com/games/sumire/screenshots/2/?utm_source=emb-gfx-html&amp;utm_medium=image&amp;utm_campaign=rp-mass\" rel=\"noopener\"><img loading=\"lazy\" width=\"178\" height=\"100\" border=\"0\" src=\"https://s01.riotpixels.net/data/89/26/89268599-c105-4cb7-ab50-4a596d9c0ec0.jpg.240p.jpg\"></a></p><h3>Repack Features</h3><ul><li>Based on Sumire.Sunflower-PLAZA ISO release: plaza-sumire.sunflower.iso (1,054,048,256 bytes)</li><li>100% Lossless &amp; MD5 Perfect: all files are identical to originals after installation</li><li>NOTHING ripped, NOTHING re-encoded</li><li>Significantly smaller archive size (compressed from 1 GB to 474 MB)</li><li>Installation takes half-a-minute</li><li>After-install integrity check so you could make sure that everything installed properly</li><li>HDD space after installation: 3.3 GB</li><li>Language can be changed in game settings</li><li>At least 2 GB of free RAM (inc. virtual) required for installing this repack</li></ul><div ><div><h2>Game Description</h2></div><div >Sumire is an indie narrative adventure, featuring a one-day journey through a picturesque Japanese village. In this enchanted place, a disenchanted girl named Sumire meets a mischievous spirit who makes her a deal to fulfill her most desired wish.<p>But in order to see this wish come true, she must complete a series of tasks in return, before night falls and this special day reaches its end.</p><p><b><h3>Game Features</h3></b></p><ul><li><b>A Narrative Quest-Driven Adventure:</b> Follow Sumire on a series of quests both big and small, given by charming forest creatures, quirky townspeople, and Sumire\u2019s own heartfelt needs.</li><li>Take or refuse them, but be wary: as the day progresses, your path will change and you may never get the same chance again.</li><li>Discover collectibles, bonus items, tests of skill, and other challenges \u2014 some hidden, some not.</li><li>Explore a variety of lush, beautiful environments rendered in a painterly style.</li><li>A one day time limit. With the sky changing from the promise of morning to the soft twilight, all choices are finished when the sky turns to violet.</li><li><b>Between the Magical and the Mundane:</b> For a single day, the magical world crosses with ordinary life for Sumire.</li><li>Within this ambiguous time, be extra mindful of words, choices, and actions taken.</li><li>What awaits at the end of the day\u2026?</li><li><b>A Day to Remember, and Choices to be Made:</b> Guide Sumire through her reality, her dreams, and her memories.</li><li>As the sky changes throughout the day, Sumire too must come to terms with the changes that have affected her life, as well as those around her.</li><li>How Sumire ultimately addresses these matters is influenced by the player\u2019s guidance, seeking to turn a life unlived into a final dream come true.</li></ul></div></div><p><b>Backwards Compatibility</b></p><p>This repack is NOT backwards compatible with my previous Sumire repack.</p>             </div>"
}