{
    "link": "https://fitgirl-repacks.site/super-robot-wars-30/",
    "title": "Super Robot Wars 30 \u2013 v1.0.0.2 + 4 DLCs + Controller Fix",
    "first_img": "https://i5.imageban.ru/out/2021/11/03/d02271c8fef6476972cbee30670d5c0c.jpg",
    "second_img": "https://s01.riotpixels.net/data/ec/bc/ecbc268f-e1c2-4442-91c6-8ff1311e339f.jpg.240p.jpg",
    "body": "<div ><h2>Super Robot Wars 30 \u2013 v1.0.0.2 + 4 DLCs + Controller Fix</h2><p ><div><a target=\"_blank\" href=\"https://en.riotpixels.com/games/super-robot-wars-30/\" rel=\"noopener\"><img class=\"alignleft\" width=\"150\" src=\"https://i5.imageban.ru/out/2021/11/03/d02271c8fef6476972cbee30670d5c0c.jpg\"></a></div><br>Genres/Tags: <strong>Strategy, Tactics, Isometric, Third-person, Japanese, Mecha, Turn-based, 3D</strong><br>Companies: <strong>B.B.STUDIO CO.,LTD., BANDAI NAMCO Entertainment</strong><br>Languages: <strong>ENG/MULTI5</strong><br>Original Size: <strong>12.2 GB</strong><br>Repack Size: <strong>5.3 GB</strong></p>&nbsp;<div>&nbsp;</div><h3>Download Mirrors</h3><ul><li><a href=\"https://1337x.to/torrent/5039162/Super-Robot-Wars-30-v1-0-0-2-4-DLCs-Controller-Fix-MULTi5-FitGirl-Repack/\" target=\"_blank\" rel=\"noopener\">1337x</a> | [<a href=\"magnet:?xt=urn:btih:40B814479E18B6BA8FD02B00C51BBE4D5307336B&amp;dn=Super+Robot+Wars+30+%28v1.0.0.2+%2B+4+DLCs+%2B+Controller+Fix%2C+MULTi5%29+%5BFitGirl+Repack%5D&amp;tr=udp%3A%2F%2F46.148.18.250%3A2710&amp;tr=udp%3A%2F%2Fopentor.org%3A2710&amp;tr=udp%3A%2F%2Ftracker.coppersurfer.tk%3A6969%2Fannounce&amp;tr=udp%3A%2F%2Ftracker.opentrackr.org%3A1337%2Fannounce&amp;tr=http%3A%2F%2Ftracker.dler.org%3A6969%2Fannounce&amp;tr=udp%3A%2F%2Ftracker.leechers-paradise.org%3A6969%2Fannounce&amp;tr=udp%3A%2F%2F9.rarbg.me%3A2730%2Fannounce&amp;tr=udp%3A%2F%2F9.rarbg.to%3A2770%2Fannounce&amp;tr=udp%3A%2F%2Ftracker.pirateparty.gr%3A6969%2Fannounce&amp;tr=http%3A%2F%2Fretracker.local%2Fannounce&amp;tr=http%3A%2F%2Fretracker.ip.ncnet.ru%2Fannounce&amp;tr=udp%3A%2F%2Fexodus.desync.com%3A6969%2Fannounce&amp;tr=udp%3A%2F%2Fipv4.tracker.harry.lu%3A80%2Fannounce&amp;tr=udp%3A%2F%2Fopen.stealth.si%3A80%2Fannounce&amp;tr=udp%3A%2F%2Ftracker.zer0day.to%3A1337%2Fannounce&amp;tr=udp%3A%2F%2Ftracker.leechers-paradise.org%3A6969%2Fannounce&amp;tr=udp%3A%2F%2Fcoppersurfer.tk%3A6969%2Fannounce\">magnet</a>] [<a href=\"https://pastefg.hermietkreeft.site/?111ebd726c128ab9#13biXukaHqHa5bHUCmw2YYKzz6qo7DpXQsYhyN9MRuFG\" target=\"_blank\" rel=\"noopener\">.torrent file only</a>] <br><img src=\"https://torrent-stats.info/2b00/c78edb00.png\" style=\"display:block;clear:both\"></li><li><a href=\"https://tapochek.net/viewtopic.php?p=2809463\" target=\"_blank\" rel=\"noopener\">Tapochek.net</a></li><li><a href=\"https://pastefg.hermietkreeft.site/?f7d8e218f8df7524#7wtoWw5eWRp3J733yPrigmb1yMDhUHoy7mQdWUsoyWR8\" target=\"_blank\" rel=\"noopener\">Filehoster: MultiUpload</a> (10+ hosters, interchangeable) [Use <a href=\"http://jdownloader.org/jdownloader2\" target=\"_blank\" rel=\"noopener\">JDownloader2</a>]</li><li><a href=\"https://pastefg.hermietkreeft.site/?083a89ee22604cb0#GqManxoKqjvR7majgWQm59Ga74vhgyi6bVLTMN5a2us5\" target=\"_blank\" rel=\"noopener\">Filehoster: PixelDrain</a></li><li><a href=\"https://pastefg.hermietkreeft.site/?f7562738ebd1ade1#3kvLN8mC2jiGunvXL47yeg3kmFpZgYAJ7dwRjNnyoRTp\" target=\"_blank\" rel=\"noopener\">Filehoster: ZippyShare</a></li><li><a href=\"https://pastefg.hermietkreeft.site/?185c355943c7627e#Ezof2rSyB2GSzDkbtg4AynAmvPz8qYGDftbJ9pjJ8Av2\" target=\"_blank\" rel=\"noopener\">Filehoster: BayFiles</a></li><li><a href=\"https://pastefg.hermietkreeft.site/?7da63af2e33df8e5#CXGaDHGy43txdkSLn3QMfaku7c9a1J5FyASQBeZzWLrR\" target=\"_blank\" rel=\"noopener\">Filehoster: LetsUpload</a> [Use <a href=\"http://jdownloader.org/jdownloader2\" target=\"_blank\" rel=\"noopener\">JDownloader2</a>]</li><li><a href=\"https://pastefg.hermietkreeft.site/?c9140e1f99c60b7a#FKJhd2PANdyT4ci4BxT9PNbYNq6qb4J2qxK7NFYcVzZN\" target=\"_blank\" rel=\"noopener\">Filehoster: OneDrive</a> (Uploaded by DyR0 t(-_-t), NOT compatible with other mirrors)</li><p><!--  <li><a href=\"\" target=\"_blank\" rel=\"noopener\">Filehosters: Google Drive, OneDrive + others</a> (Uploaded by crackhub213)</li>  --></p></ul><p><a href=\"https://cs.rin.ru/forum/viewtopic.php?f=10&amp;t=114021\" target=\"_blank\" rel=\"noopener\">Discussion and (possible) future updates on CS.RIN.RU thread</a></p><h3>Screenshots (Click to enlarge)</h3><p><a target=\"_blank\" href=\"https://en.riotpixels.com/games/super-robot-wars-30/screenshots/101/?utm_source=emb-gfx-html&amp;utm_medium=image&amp;utm_campaign=rp-mass\" rel=\"noopener\"><img loading=\"lazy\" width=\"178\" height=\"100\" border=\"0\" src=\"https://s01.riotpixels.net/data/ec/bc/ecbc268f-e1c2-4442-91c6-8ff1311e339f.jpg.240p.jpg\"></a><a target=\"_blank\" href=\"https://en.riotpixels.com/games/super-robot-wars-30/screenshots/83/?utm_source=emb-gfx-html&amp;utm_medium=image&amp;utm_campaign=rp-mass\" rel=\"noopener\"><img loading=\"lazy\" width=\"178\" height=\"100\" border=\"0\" src=\"https://s01.riotpixels.net/data/0a/80/0a801cc7-8b91-4f65-a1d2-6d25332c4a8f.jpg.240p.jpg\"></a><a target=\"_blank\" href=\"https://en.riotpixels.com/games/super-robot-wars-30/screenshots/75/?utm_source=emb-gfx-html&amp;utm_medium=image&amp;utm_campaign=rp-mass\" rel=\"noopener\"><img loading=\"lazy\" width=\"178\" height=\"100\" border=\"0\" src=\"https://s01.riotpixels.net/data/b7/a2/b7a23a71-0a67-4227-b7a9-eb0aa176aaad.jpg.240p.jpg\"></a><br><a target=\"_blank\" href=\"https://en.riotpixels.com/games/super-robot-wars-30/screenshots/60/?utm_source=emb-gfx-html&amp;utm_medium=image&amp;utm_campaign=rp-mass\" rel=\"noopener\"><img loading=\"lazy\" width=\"178\" height=\"100\" border=\"0\" src=\"https://s01.riotpixels.net/data/d2/6d/d26d8a07-f4cf-4d83-931f-fa66a85d7cb5.jpg.240p.jpg\"></a><a target=\"_blank\" href=\"https://en.riotpixels.com/games/super-robot-wars-30/screenshots/47/?utm_source=emb-gfx-html&amp;utm_medium=image&amp;utm_campaign=rp-mass\" rel=\"noopener\"><img loading=\"lazy\" width=\"178\" height=\"100\" border=\"0\" src=\"https://s01.riotpixels.net/data/41/c7/41c7a4cb-f8ae-4a85-b2b6-63c266d0c4e9.jpg.240p.jpg\"></a><a target=\"_blank\" href=\"https://en.riotpixels.com/games/super-robot-wars-30/screenshots/31/?utm_source=emb-gfx-html&amp;utm_medium=image&amp;utm_campaign=rp-mass\" rel=\"noopener\"><img loading=\"lazy\" width=\"178\" height=\"100\" border=\"0\" src=\"https://s01.riotpixels.net/data/5b/18/5b18a619-deed-438c-8e1d-92d9937f9b2d.jpg.240p.jpg\"></a></p><h3>Repack Features</h3><ul><li>Based on Super_Robot_Wars_30-FLT ISO release: flt-super_robot_wars_30.iso (13,061,666,816 bytes)</li><li>Update to v1.0.0.2 installed over (thanks to alviskoo!); 4 DLCs are included and activated</li><li>Alternative Goldberg emulator is available in NoDVD folder in case you have problems with your controller</li><li>100% Lossless &amp; MD5 Perfect: all files are identical to originals after installation</li><li>NOTHING ripped, NOTHING re-encoded</li><li>Significantly smaller archive size (compressed from 12.2 to 5.3 GB)</li><li><b>Due to encryption and very slow CRILAYLA compression algo developers use in their game, the installation of this repack is extremely slow and ranges from 50 minutes on 16-threads CPU up to 3.5 hours on 4-threads CPU; consider this before downloading</b></li><li>After-install integrity check so you could make sure that everything installed properly</li><li>HDD space after installation: 14.2 GB (55.4 GB during installation)</li><li>Language can be changed in \u201cflt.ini\u201d</li><li>At least 2 GB of free RAM (inc. virtual) required for installing this repack</li></ul><div ><div><h2>Game Description</h2></div><div >30 years on, the battle for our world\u2019s future continues.<p>Super Robot Wars is a tactical RPG that brings characters and robots from a variety of mecha anime together to battle their mutual foes.</p><p>Players follow characters through adventure and battle. Take control of giant robots on a battle map, commanding them to defeat their enemies.</p><p>The battle switches between ally and enemy phases. Once the player has moved and attacked with their robots, the enemy takes their turn. When all enemies have been defeated, the game proceeds to an Intermission.</p><p>During Intermission, the player can use resources earned in battle to train pilots, upgrade robots, and earn bonuses for their army. They then can proceed to the next chapter of the adventure.</p><p>In Super Robot Wars, players can enjoy a unique experience that combines all-star mecha series crossovers, action-packed attack animations, and the chance to upgrade your favorite machines and pilots.</p><p><b>Featured Anime/Manga Mecha Series</b></p><ul><li>Super Electromagnetic Robot Combattler V</li><li>Mobile Suit Gundam</li><li>Mobile Suit Z Gundam\u3000</li><li>Z-MSV</li><li>Mobile Suit Gundam Char\u2019s Counterattack</li><li>M-MSV</li><li>Mobile Suit V Gundam\u3000</li><li>Mobile Suit Gundam NT (Narrative)</li><li>Heavy Metal L-Gaim</li><li>The Brave Police J-Decker</li><li>The King of Braves GaoGaiGar FINAL</li><li>The King of Kings: GaoGaiGar VS Betterman</li><li>Code Geass: Lelouch of the Rebellion III \u2013 Glorification</li><li>Code Geass Lelouch of the Re;surrection</li><li>Getter Robo Armageddon</li><li>Mazinger Z: Infinity</li><li>Mazinkaiser (INFINITISM)</li><li>Magic Knight Rayearth</li><li>Gun X Sword</li><li>Majestic Prince</li><li>Knight\u2019s &amp; Magic</li><li>SSSS.GRIDMAN</li></ul><p><b>Included DLCs:</b></p><ul><li>Bonus Mission Pack</li><li>Pre-Purchase Bonus</li><li>Season Pass Bonus</li><li>Premium Sound &amp; Data Pack</li></ul></div></div>             </div>"
}