{
    "link": "https://fitgirl-repacks.site/superliminal/",
    "title": "Superliminal \u2013 v1.10.2021.11.12.858.39 + Double-Album Soundtrack",
    "first_img": "https://i1.imageban.ru/out/2021/11/23/815d6bdae3915c56ba64d367f9df9a70.jpg",
    "second_img": "https://s01.riotpixels.net/data/1b/f8/1bf81a48-4793-4139-9521-8d509b88426c.jpg.240p.jpg",
    "body": "<div ><h2>Superliminal \u2013 v1.10.2021.11.12.858.39 + Double-Album Soundtrack</h2><p ><div><a href=\"https://en.riotpixels.com/games/superliminal/\" target=\"_blank\" rel=\"noopener\"><img class=\"alignleft\" src=\"https://i1.imageban.ru/out/2021/11/23/815d6bdae3915c56ba64d367f9df9a70.jpg\" width=\"150\"></a></div><br>Genres/Tags: <strong>Logic, Puzzle, First-person, 3D</strong><br>Company: <strong>Pillow Castle Games</strong><br>Languages: <strong>RUS/ENG/MULTI15</strong><br>Original Size: <strong>4.4 GB</strong><br>Repack Size: <strong>2/2.2 GB</strong></p><p>\u00a0</p><h3>Download Mirrors</h3><ul><li><a href=\"https://1337x.to/torrent/5061787/Superliminal-v1-10-2021-11-12-858-39-Double-Album-Soundtrack-MULTi15-FitGirl-Repack-Selective-Download-from-2-GB/\" target=\"_blank\" rel=\"noopener\">1337x</a> | [<a href=\"magnet:?xt=urn:btih:58E99BF32093468FB380633635CEA1D6D732E677&amp;dn=Superliminal+%28v1.10.2021.11.12.858.39+%2B+Double-Album+Soundtrack%2C+MULTi15%29+%5BFitGirl+Repack%2C+Selective+Download+-+from+2+GB%5D&amp;tr=udp%3A%2F%2F46.148.18.250%3A2710&amp;tr=udp%3A%2F%2Fopentor.org%3A2710&amp;tr=udp%3A%2F%2Ftracker.coppersurfer.tk%3A6969%2Fannounce&amp;tr=udp%3A%2F%2Ftracker.opentrackr.org%3A1337%2Fannounce&amp;tr=http%3A%2F%2Ftracker.dler.org%3A6969%2Fannounce&amp;tr=udp%3A%2F%2Ftracker.leechers-paradise.org%3A6969%2Fannounce&amp;tr=udp%3A%2F%2F9.rarbg.me%3A2730%2Fannounce&amp;tr=udp%3A%2F%2F9.rarbg.to%3A2770%2Fannounce&amp;tr=udp%3A%2F%2Ftracker.pirateparty.gr%3A6969%2Fannounce&amp;tr=http%3A%2F%2Fretracker.local%2Fannounce&amp;tr=http%3A%2F%2Fretracker.ip.ncnet.ru%2Fannounce&amp;tr=udp%3A%2F%2Fexodus.desync.com%3A6969%2Fannounce&amp;tr=udp%3A%2F%2Fipv4.tracker.harry.lu%3A80%2Fannounce&amp;tr=udp%3A%2F%2Fopen.stealth.si%3A80%2Fannounce&amp;tr=udp%3A%2F%2Ftracker.zer0day.to%3A1337%2Fannounce&amp;tr=udp%3A%2F%2Ftracker.leechers-paradise.org%3A6969%2Fannounce&amp;tr=udp%3A%2F%2Fcoppersurfer.tk%3A6969%2Fannounce\">magnet</a>] [<a href=\"https://pastefg.hermietkreeft.site/?cd537cc0c6b6f2f7#8tuvtNNGTqyPLeAE9TQSiu7LneWPPAacB8KoWSFcaFSJ\" target=\"_blank\" rel=\"noopener\">.torrent file only</a>] <br><img src=\"https://torrent-stats.info/6336/1cf6650de.png\" style=\"display:block;clear:both\"></li><li><a href=\"http://rutor.info/torrent/847231/superliminal-v-1.10.2021.11.12.858.39-ost-2019-pc-repack-ot-fitgirl\" target=\"_blank\" rel=\"noopener\">RuTor</a> [<a href=\"magnet:?xt=urn:btih:58e99bf32093468fb380633635cea1d6d732e677&amp;dn=rutor.info_Superliminal+%5Bv+1.10.2021.11.12.858.39+%2B+OST%5D+%282019%29+PC+%7C+RePack+%D0%BE%D1%82+FitGirl&amp;tr=udp://opentor.net:6969&amp;tr=udp://opentor.org:2710&amp;tr=http://retracker.local/announce\">magnet</a>]</li><li><a href=\"https://tapochek.net/viewtopic.php?p=2635157\" target=\"_blank\" rel=\"noopener\">Tapochek.net</a></li><li><a href=\"https://pastefg.hermietkreeft.site/?91177d9229d87a52#V1yNJaQHQmb78VKpi75nSJufZ8a59oia5Bxvc85jvuk\" target=\"_blank\" rel=\"noopener\">Filehoster: MultiUpload</a> (10+ hosters, interchangeable) [Use <a href=\"http://jdownloader.org/jdownloader2\" target=\"_blank\" rel=\"noopener\">JDownloader2</a>]</li><li><a href=\"https://pastefg.hermietkreeft.site/?4376f71955f48763#4u5JN6JpsgctmGNf9fS6tW1xxtbTMQHnY6BGsnf2jkdp\" target=\"_blank\" rel=\"noopener\">Filehoster: ZippyShare</a></li><li><a href=\"https://pastefg.hermietkreeft.site/?ac14a8d8612bf73e#7VbyhSCcvgzwPS8LdfcFXBwaU4FpDPAiWCuq58vKjhu7\" target=\"_blank\" rel=\"noopener\">Filehoster: BayFiles</a></li><li><a href=\"https://pastefg.hermietkreeft.site/?4b85a9e7f751001b#4MLxs9vV3L5mr8CjXeFW1SFs8eJ7orZiFaMgEyVDQkCJ\" target=\"_blank\" rel=\"noopener\">Filehoster: LetsUpload</a> [Use <a href=\"http://jdownloader.org/jdownloader2\" target=\"_blank\" rel=\"noopener\">JDownloader2</a>]</li><li><a href=\"https://pastefg.hermietkreeft.site/?e720275ae9f2fad8#EYyXq7B39ZdSHQg1LmWTnegKg5NfnDvsefUZFiGYRD2g\" target=\"_blank\" rel=\"noopener\">Filehoster: OneDrive</a> (Uploaded by DyR0 t(-_-t), NOT compatible with other mirrors)</li><li><a href=\"https://crackhub.site/superliminal-v1-10-2021-11-12-858-39-double-album-soundtrack-fitgirl-repack/\" target=\"_blank\" rel=\"noopener\">Filehosters: Google Drive, OneDrive + others</a> (Uploaded by crackhub213)</li></ul><p><a href=\"https://cs.rin.ru/forum/viewtopic.php?f=38&amp;t=99720\" target=\"_blank\" rel=\"noopener\">Discussion and (possible) future updates on CS.RIN.RU thread</a></p><h3>Screenshots (Click to enlarge)</h3><p><a href=\"https://en.riotpixels.com/games/superliminal/screenshots/6/?utm_source=emb-gfx-html&amp;utm_medium=image&amp;utm_campaign=rp-mass\" target=\"_blank\" rel=\"noopener\"><img loading=\"lazy\" src=\"https://s01.riotpixels.net/data/1b/f8/1bf81a48-4793-4139-9521-8d509b88426c.jpg.240p.jpg\" width=\"178\" height=\"100\" border=\"0\"></a><a href=\"https://en.riotpixels.com/games/superliminal/screenshots/5/?utm_source=emb-gfx-html&amp;utm_medium=image&amp;utm_campaign=rp-mass\" target=\"_blank\" rel=\"noopener\"><img loading=\"lazy\" src=\"https://s01.riotpixels.net/data/2a/73/2a73fe40-1f23-437c-b767-63f5404fbb80.jpg.240p.jpg\" width=\"178\" height=\"100\" border=\"0\"></a><a href=\"https://en.riotpixels.com/games/superliminal/screenshots/4/?utm_source=emb-gfx-html&amp;utm_medium=image&amp;utm_campaign=rp-mass\" target=\"_blank\" rel=\"noopener\"><img loading=\"lazy\" src=\"https://s01.riotpixels.net/data/0d/80/0d807401-01c7-4499-b7d0-f29de19fd665.jpg.240p.jpg\" width=\"178\" height=\"100\" border=\"0\"></a><br><a href=\"https://en.riotpixels.com/games/superliminal/screenshots/3/?utm_source=emb-gfx-html&amp;utm_medium=image&amp;utm_campaign=rp-mass\" target=\"_blank\" rel=\"noopener\"><img loading=\"lazy\" src=\"https://s01.riotpixels.net/data/a8/1c/a81c46c7-2e33-4075-b32a-00c2cdaf3290.jpg.240p.jpg\" width=\"178\" height=\"100\" border=\"0\"></a><a href=\"https://en.riotpixels.com/games/superliminal/screenshots/2/?utm_source=emb-gfx-html&amp;utm_medium=image&amp;utm_campaign=rp-mass\" target=\"_blank\" rel=\"noopener\"><img loading=\"lazy\" src=\"https://s01.riotpixels.net/data/eb/0b/eb0b3407-62ff-4d75-bfdf-5cb48951c799.jpg.240p.jpg\" width=\"178\" height=\"100\" border=\"0\"></a></p><h3>Repack Features</h3><ul><li>Based on Superliminal_Group_Therapy-Razor1911 ISO release: rzr-superliminalgrthwin.iso (4,834,656,256 bytes)</li><li>100% Lossless &amp; MD5 Perfect: all files are identical to originals after installation</li><li>NOTHING ripped, NOTHING re-encoded</li><li>Selective Download feature: you may skip downloading and installing of bonus soundtrack</li><li>Significantly smaller archive size (compressed from 4.5 to 2/2.2 GB)</li><li>Installation takes 3-5 minutes (depending on your system)</li><li>After-install integrity check so you could make sure that everything installed properly</li><li>HDD space after installation: up to 15.2 GB</li><li>Language can be changed in game settings</li><li>At least 2 GB of free RAM (inc. virtual) required for installing this repack</li></ul><p><strong style=\"color: #ff00bf\">PS: One of the best games of 2019.</strong></p><div ><div><h2>Game Description</h2></div><div ><p>As you fall asleep with the TV on at 3AM, you remember catching a glimpse of the commercial from Dr.Pierce\u2019s Somnasculpt dream therapy program. By the time you open your eyes, you\u2019re already dreaming \u2013 beginning the first stages of this experimental program. Welcome to Superliminal.</p><p>Superliminal is a first-person puzzle game based on forced perspective and optical illusions. Puzzles in this game give you a sense of the unexpected. Players need to change their perspective and think outside the box to wake up from the dream.</p><p><b><h3>Game Features</h3></b></p><ul><li>Mind-bending puzzles that will challenge your perception</li><li>A beautiful, understated world</li><li>A surreal story with hidden layers</li><li>Things that are really weird</li></ul></div></div><p><b>Backwards Compatibility</b></p><p>This repack is NOT backwards compatible with my previous Superliminal repack.</p>             </div>"
}