{
    "link": "https://fitgirl-repacks.site/super-monkey-ball-banana-mania/",
    "title": "Super Monkey Ball: Banana Mania + 8 DLCs + Controller Fix",
    "first_img": "https://i2.imageban.ru/out/2021/10/05/a7558775fd913ed18e3fc659e0f7e41c.jpg",
    "second_img": "https://s01.riotpixels.net/data/2c/57/2c57839d-a6c3-4b56-8766-347ed5b91ab2.jpg.240p.jpg",
    "body": "<div ><h2>Super Monkey Ball: Banana Mania + 8 DLCs + Controller Fix</h2><p ><div><a target=\"_blank\" href=\"https://en.riotpixels.com/games/super-monkey-ball-banana-mania/\" rel=\"noopener\"><img class=\"alignleft\" width=\"150\" src=\"https://i2.imageban.ru/out/2021/10/05/a7558775fd913ed18e3fc659e0f7e41c.jpg\"></a></div><br>Genres/Tags: <strong>Arcade, Third-person, 3D </strong><br>Companies: <strong>Ryu Ga Gotoku Studio, SEGA</strong><br>Languages: <strong>ENG/MULTI9</strong><br>Original Size: <strong>2.5 GB</strong><br>Repack Size: <strong>1.2 GB</strong></p>&nbsp;<div>&nbsp;</div><h3>Download Mirrors</h3><ul><li><a href=\"https://1337x.to/torrent/5007277/Super-Monkey-Ball-Banana-Mania-8-DLCs-Controller-Fix-MULTi9-FitGirl-Repack/\" target=\"_blank\" rel=\"noopener\">1337x</a> | [<a href=\"magnet:?xt=urn:btih:4A38C3520589657173B8B00EA011AA8F000A5248&amp;dn=Super+Monkey+Ball%3A+Banana+Mania+%28%2B+8+DLCs+%2B+Controller+Fix%2C+MULTi9%29+%5BFitGirl+Repack%5D&amp;tr=udp%3A%2F%2F46.148.18.250%3A2710&amp;tr=udp%3A%2F%2Fopentor.org%3A2710&amp;tr=udp%3A%2F%2Ftracker.coppersurfer.tk%3A6969%2Fannounce&amp;tr=udp%3A%2F%2Ftracker.opentrackr.org%3A1337%2Fannounce&amp;tr=http%3A%2F%2Ftracker.dler.org%3A6969%2Fannounce&amp;tr=udp%3A%2F%2Ftracker.leechers-paradise.org%3A6969%2Fannounce&amp;tr=udp%3A%2F%2F9.rarbg.me%3A2730%2Fannounce&amp;tr=udp%3A%2F%2F9.rarbg.to%3A2770%2Fannounce&amp;tr=udp%3A%2F%2Ftracker.pirateparty.gr%3A6969%2Fannounce&amp;tr=http%3A%2F%2Fretracker.local%2Fannounce&amp;tr=http%3A%2F%2Fretracker.ip.ncnet.ru%2Fannounce&amp;tr=udp%3A%2F%2Fexodus.desync.com%3A6969%2Fannounce&amp;tr=udp%3A%2F%2Fipv4.tracker.harry.lu%3A80%2Fannounce&amp;tr=udp%3A%2F%2Fopen.stealth.si%3A80%2Fannounce&amp;tr=udp%3A%2F%2Ftracker.zer0day.to%3A1337%2Fannounce&amp;tr=udp%3A%2F%2Ftracker.leechers-paradise.org%3A6969%2Fannounce&amp;tr=udp%3A%2F%2Fcoppersurfer.tk%3A6969%2Fannounce\">magnet</a>] [<a href=\"https://pastefg.hermietkreeft.site/?ce27564b19668a6d#C5yonP4xt8jGrNm6zAkbZAsLvfmHrgi7MZ6J964NurMF\" target=\"_blank\" rel=\"noopener\">.torrent file only</a>] <br><img src=\"https://torrent-stats.info/b00e/329dc5696.png\" style=\"display:block;clear:both\"></li><li><a href=\"https://tapochek.net/viewtopic.php?p=2804297\" target=\"_blank\" rel=\"noopener\">Tapochek.net</a></li><li><a href=\"https://pastefg.hermietkreeft.site/?0ecc2479f8bd1554#3pd97vz1csLmFuEkhXj6c4JAzeaybtQoggEqx55P4t58\" target=\"_blank\" rel=\"noopener\">Filehoster: MultiUpload</a> (10+ hosters, interchangeable) [Use <a href=\"http://jdownloader.org/jdownloader2\" target=\"_blank\" rel=\"noopener\">JDownloader2</a>]</li><li><a href=\"https://pastefg.hermietkreeft.site/?70d5f1d0c4d9a9f1#8tuXBQ3EtJhhhTUdb2j1TUuJPxhxM1Ls85CMxtXw4HZd\" target=\"_blank\" rel=\"noopener\">Filehoster: PixelDrain</a></li><li><a href=\"https://pastefg.hermietkreeft.site/?7559292fc88f4427#9SVbT6PJ2fTxWsgri8DSZ252x6F8JxPFmPHFuMFLPywj\" target=\"_blank\" rel=\"noopener\">Filehoster: ZippyShare</a></li><li><a href=\"https://pastefg.hermietkreeft.site/?84ad8eed523831b7#74Lf5XCnta9SQPJhEcDbQqoci4Y6aKvCopRx7hYP4NGb\" target=\"_blank\" rel=\"noopener\">Filehoster: LetsUpload</a> [Use <a href=\"http://jdownloader.org/jdownloader2\" target=\"_blank\" rel=\"noopener\">JDownloader2</a>]</li></ul><p><a href=\"https://cs.rin.ru/forum/viewtopic.php?f=10&amp;t=113971\" target=\"_blank\" rel=\"noopener\">Discussion and (possible) future updates on CS.RIN.RU thread</a></p><h3>Screenshots (Click to enlarge)</h3><p><a target=\"_blank\" href=\"https://en.riotpixels.com/games/super-monkey-ball-banana-mania/screenshots/27/?utm_source=emb-gfx-html&amp;utm_medium=image&amp;utm_campaign=rp-mass\" rel=\"noopener\"><img loading=\"lazy\" width=\"178\" height=\"100\" border=\"0\" src=\"https://s01.riotpixels.net/data/2c/57/2c57839d-a6c3-4b56-8766-347ed5b91ab2.jpg.240p.jpg\"></a><a target=\"_blank\" href=\"https://en.riotpixels.com/games/super-monkey-ball-banana-mania/screenshots/18/?utm_source=emb-gfx-html&amp;utm_medium=image&amp;utm_campaign=rp-mass\" rel=\"noopener\"><img loading=\"lazy\" width=\"178\" height=\"100\" border=\"0\" src=\"https://s01.riotpixels.net/data/5d/bc/5dbc211c-925c-444b-a65d-7114bb88cb94.jpg.240p.jpg\"></a><a target=\"_blank\" href=\"https://en.riotpixels.com/games/super-monkey-ball-banana-mania/screenshots/17/?utm_source=emb-gfx-html&amp;utm_medium=image&amp;utm_campaign=rp-mass\" rel=\"noopener\"><img loading=\"lazy\" width=\"178\" height=\"100\" border=\"0\" src=\"https://s01.riotpixels.net/data/2f/49/2f492b5b-0cfa-476a-9ceb-9608710223fb.jpg.240p.jpg\"></a><br><a target=\"_blank\" href=\"https://en.riotpixels.com/games/super-monkey-ball-banana-mania/screenshots/14/?utm_source=emb-gfx-html&amp;utm_medium=image&amp;utm_campaign=rp-mass\" rel=\"noopener\"><img loading=\"lazy\" width=\"178\" height=\"100\" border=\"0\" src=\"https://s01.riotpixels.net/data/77/41/77413bd6-bdf1-49a2-8b20-1a96f48e80c9.jpg.240p.jpg\"></a><a target=\"_blank\" href=\"https://en.riotpixels.com/games/super-monkey-ball-banana-mania/screenshots/8/?utm_source=emb-gfx-html&amp;utm_medium=image&amp;utm_campaign=rp-mass\" rel=\"noopener\"><img loading=\"lazy\" width=\"178\" height=\"100\" border=\"0\" src=\"https://s01.riotpixels.net/data/d6/2b/d62b9c2a-d855-416b-a563-71a688925883.jpg.240p.jpg\"></a><a target=\"_blank\" href=\"https://en.riotpixels.com/games/super-monkey-ball-banana-mania/screenshots/7/?utm_source=emb-gfx-html&amp;utm_medium=image&amp;utm_campaign=rp-mass\" rel=\"noopener\"><img loading=\"lazy\" width=\"178\" height=\"100\" border=\"0\" src=\"https://s01.riotpixels.net/data/0e/83/0e830fdc-8d3c-4085-b12b-f92e362bef3b.jpg.240p.jpg\"></a></p><h3>Repack Features</h3><ul><li>Based on Super.Monkey.Ball.Banana.Mania-SKIDROW ISO release: sr-supermonkeyballbananamania.iso (2,656,182,272 bytes)</li><li>Missing DLC files (14 MB) added; 8 DLCs are included and activated</li><li>Alternative preconfigured Goldberg/SSE emulator is available in NoDVD folder in case you have problems with a controller (use SmartSteamLoader_x64.exe ro run the game). Thanks to Christsnatcher!</li><li>100% Lossless &amp; MD5 Perfect: all files are identical to originals after installation</li><li>NOTHING ripped, NOTHING re-encoded</li><li>Significantly smaller archive size (compressed from 2.5 to 1.2 GB)</li><li>Installation takes 3-5 minutes (depending on your system)</li><li>After-install integrity check so you could make sure that everything installed properly</li><li>HDD space after installation: 3.2 GB (7.3 GB during installation)</li><li>Language can be changed in \u201csmbbm_Data\\Plugins\\x86_64\\steam_api.ini\u201d file</li><li>At least 2 GB of free RAM (inc. virtual) required for installing this repack</li></ul><div ><div><h2>Game Description</h2></div><div >Roll through wondrous worlds with AiAi and friends as you race to stop monkey mad scientist Dr. Bad-Boon from blowing up Jungle Island! Join the all-star monkey team of AiAi, MeeMee, GonGon, Baby, YanYan and Doctor as you bounce, tilt, and roll your way across hundreds of delightfully crafted levels and mazes. It\u2019s monkey business for the gang as you take down Dr. Bad-Boon and steal back your beloved bananas!<p><b><h3>Game Features</h3></b></p><ul><li>The ultimate Super Monkey Ball Experience \u2013 More than 300 stages from Super Monkey Ball, Super Monkey Ball 2 and Super Monkey Ball Deluxe.</li><li>Go Bananas with 12 fun minigames including Monkey Racing, Monkey Soccer, Monkey Bowling, Monkey Baseball and much more!</li><li>Challenge your friends as you compete for the top banana on the online leaderboards!</li><li>Immerse yourself in the Super Monkey Ball world with creative comic-book-style storytelling in Story Mode.</li><li>Want to be the coolest monkey on the block? Customize your character and Super Monkey Ball to make it your own!</li></ul><p><b>Included DLCs:</b></p><ul><li>Hello Kitty</li><li>Classic Soundtrack</li><li>Customization Pack</li><li>Classic Character Pack</li><li>SEGA Legends Pack</li><li>Golden Banana</li><li>Bonus Cosmetic Pack</li><li>Headwear Pack</li></ul></div></div>             </div>"
}