{
    "link": "https://fitgirl-repacks.site/super-life-rpg-complete-edition/",
    "title": "Super Life (RPG): Complete Edition",
    "first_img": "https://i1.imageban.ru/out/2021/07/27/cd1e173d63a9f46b09b41cf53109d128.jpg",
    "second_img": "https://s01.riotpixels.net/data/dd/b3/ddb3e14c-57d9-4ed8-bbe4-5ec44d44c57e.jpg.240p.jpg",
    "body": "<div ><h2>Super Life (RPG): Complete Edition</h2><p ><div><a target=\"_blank\" href=\"https://en.riotpixels.com/games/super-life/\" rel=\"noopener\"><img class=\"alignleft\" width=\"150\" src=\"https://i1.imageban.ru/out/2021/07/27/cd1e173d63a9f46b09b41cf53109d128.jpg\"></a></div><br>Genres/Tags: <strong>RPG, Strategy, Managerial, 2D</strong><br>Company: <strong>Klick Ink L.P.</strong><br>Language: <strong>ENG</strong><br>Original Size: <strong>900 MB</strong><br>Repack Size: <strong>508/644 MB</strong></p>&nbsp;<div>&nbsp;</div><h3>Download Mirrors</h3><ul><li><a href=\"https://1337x.to/torrent/4933135/Super-Life-RPG-Complete-Edition-FitGirl-Repack-Selective-Download-from-508-MB/\" target=\"_blank\" rel=\"noopener\">1337x</a> | [<a href=\"magnet:?xt=urn:btih:B280EC3FF9D0DC9CEFA978CE7E4E554E3FC58106&amp;dn=Super+Life+%28RPG%29%3A+Complete+Edition+%5BFitGirl+Repack%2C+Selective+Download+-+from++508+MB%5D&amp;tr=udp%3A%2F%2F46.148.18.250%3A2710&amp;tr=udp%3A%2F%2Fopentor.org%3A2710&amp;tr=udp%3A%2F%2Ftracker.coppersurfer.tk%3A6969%2Fannounce&amp;tr=udp%3A%2F%2Ftracker.opentrackr.org%3A1337%2Fannounce&amp;tr=http%3A%2F%2Ftracker.dler.org%3A6969%2Fannounce&amp;tr=udp%3A%2F%2Ftracker.leechers-paradise.org%3A6969%2Fannounce&amp;tr=udp%3A%2F%2F9.rarbg.me%3A2730%2Fannounce&amp;tr=udp%3A%2F%2F9.rarbg.to%3A2770%2Fannounce&amp;tr=udp%3A%2F%2Ftracker.pirateparty.gr%3A6969%2Fannounce&amp;tr=http%3A%2F%2Fretracker.local%2Fannounce&amp;tr=http%3A%2F%2Fretracker.ip.ncnet.ru%2Fannounce&amp;tr=udp%3A%2F%2Fexodus.desync.com%3A6969%2Fannounce&amp;tr=udp%3A%2F%2Fipv4.tracker.harry.lu%3A80%2Fannounce&amp;tr=udp%3A%2F%2Fopen.stealth.si%3A80%2Fannounce&amp;tr=udp%3A%2F%2Ftracker.zer0day.to%3A1337%2Fannounce&amp;tr=udp%3A%2F%2Ftracker.leechers-paradise.org%3A6969%2Fannounce&amp;tr=udp%3A%2F%2Fcoppersurfer.tk%3A6969%2Fannounce\">magnet</a>] [<a href=\"https://pastefg.hermietkreeft.site/?40fd108416c96fda#HoQHDHGVokp9r5wcBJ8sPJp41RnEdwLwp9SVR8RDspTm\" target=\"_blank\" rel=\"noopener\">.torrent file only</a>] <br><img src=\"https://torrent-stats.info/78ce/22301de36.png\" style=\"display:block;clear:both\"></li><li><a href=\"https://tapochek.net/viewtopic.php?p=2791097\" target=\"_blank\" rel=\"noopener\">Tapochek.net</a></li><li><a href=\"https://pastefg.hermietkreeft.site/?69757faf7bd61a5e#5GDsyTXfxTy5NkouoQdcnhHhMiNTRzpzcPDFLkS6evNZ\" target=\"_blank\" rel=\"noopener\">Filehoster: MultiUpload</a> (10+ hosters, interchangeable) [Use <a href=\"http://jdownloader.org/jdownloader2\" target=\"_blank\" rel=\"noopener\">JDownloader2</a>]</li><li><a href=\"https://pastefg.hermietkreeft.site/?47ef969fe4542f1d#14o6NdgNk9NyJauT58n8KeHyidc74QePv2e6vyjSyXzw\" target=\"_blank\" rel=\"noopener\">Filehoster: PixelDrain</a></li><li><a href=\"https://pastefg.hermietkreeft.site/?cdc47cdcdbc5f2b8#6SBjVRaedU8S45Yia2rJhQ1XbYruWshV4csr71zAtNik\" target=\"_blank\" rel=\"noopener\">Filehoster: ZippyShare</a></li><li><a href=\"https://pastefg.hermietkreeft.site/?80dc2b622718adbd#AeVjXiumkUhky8Uba4qv7wcKhMUyxqPiXFXUtgtBhBk5\" target=\"_blank\" rel=\"noopener\">Filehoster: LetsUpload</a> [Use <a href=\"http://jdownloader.org/jdownloader2\" target=\"_blank\" rel=\"noopener\">JDownloader2</a>]</li><li><a href=\"https://crackhub.site/super-life-rpg-complete-edition-fitgirl-repack/\" target=\"_blank\" rel=\"noopener\">Filehosters: Google Drive, OneDrive + others</a> (Uploaded by crackhub213)</li><li><a href=\"https://pastefg.hermietkreeft.site/?534c5d9854d585be#B25WdSW3n2pKUxmihLFw213b1wvNJeJ1QmjtzxKvUkxy\" target=\"_blank\" rel=\"noopener\">Filehoster: OneDrive</a> (Uploaded by DyR0 t(-_-t), NOT compatible with other mirrors)</li></ul><p><a href=\"https://cs.rin.ru/forum/viewtopic.php?f=10&amp;t=98576\" target=\"_blank\" rel=\"noopener\">Discussion and (possible) future updates on CS.RIN.RU thread</a></p><h3>Screenshots (Click to enlarge)</h3><p><a target=\"_blank\" href=\"https://en.riotpixels.com/games/super-life/screenshots/9/?utm_source=emb-gfx-html&amp;utm_medium=image&amp;utm_campaign=rp-mass\" rel=\"noopener\"><img loading=\"lazy\" width=\"178\" height=\"100\" border=\"0\" src=\"https://s01.riotpixels.net/data/dd/b3/ddb3e14c-57d9-4ed8-bbe4-5ec44d44c57e.jpg.240p.jpg\"></a><a target=\"_blank\" href=\"https://en.riotpixels.com/games/super-life/screenshots/8/?utm_source=emb-gfx-html&amp;utm_medium=image&amp;utm_campaign=rp-mass\" rel=\"noopener\"><img loading=\"lazy\" width=\"178\" height=\"100\" border=\"0\" src=\"https://s01.riotpixels.net/data/36/51/3651768c-1622-4c89-8abe-00f012ac19ce.jpg.240p.jpg\"></a><a target=\"_blank\" href=\"https://en.riotpixels.com/games/super-life/screenshots/6/?utm_source=emb-gfx-html&amp;utm_medium=image&amp;utm_campaign=rp-mass\" rel=\"noopener\"><img loading=\"lazy\" width=\"178\" height=\"100\" border=\"0\" src=\"https://s01.riotpixels.net/data/d6/29/d6296b72-bcd9-44c8-a5ba-e666836b5193.jpg.240p.jpg\"></a><br><a target=\"_blank\" href=\"https://en.riotpixels.com/games/super-life/screenshots/4/?utm_source=emb-gfx-html&amp;utm_medium=image&amp;utm_campaign=rp-mass\" rel=\"noopener\"><img loading=\"lazy\" width=\"178\" height=\"100\" border=\"0\" src=\"https://s01.riotpixels.net/data/9f/a1/9fa18544-5ea7-4080-a639-2a47d1af92b2.jpg.240p.jpg\"></a><a target=\"_blank\" href=\"https://en.riotpixels.com/games/super-life/screenshots/3/?utm_source=emb-gfx-html&amp;utm_medium=image&amp;utm_campaign=rp-mass\" rel=\"noopener\"><img loading=\"lazy\" width=\"178\" height=\"100\" border=\"0\" src=\"https://s01.riotpixels.net/data/31/d6/31d658ea-975a-430e-a8d5-c8999f7ad572.jpg.240p.jpg\"></a><a target=\"_blank\" href=\"https://en.riotpixels.com/games/super-life/screenshots/2/?utm_source=emb-gfx-html&amp;utm_medium=image&amp;utm_campaign=rp-mass\" rel=\"noopener\"><img loading=\"lazy\" width=\"178\" height=\"100\" border=\"0\" src=\"https://s01.riotpixels.net/data/33/d1/33d16027-7cf3-4518-8630-f51b8364f8ff.jpg.240p.jpg\"></a></p><h3>Repack Features</h3><ul><li>Based on Super.Life.RPG.Complete.Edition-PLAZA ISO release: plaza-super.life.rpg.complete.edition.iso (944,078,848 bytes)</li><li>100% Lossless &amp; MD5 Perfect: all files are identical to originals after installation</li><li>NOTHING ripped, NOTHING re-encoded</li><li>Selective Download feature: you may skip downloading and installing of credits videos</li><li>Significantly smaller archive size (compressed from 900 to 508/644 MB)</li><li>Installation takes less than a minute</li><li>After-install integrity check so you could make sure that everything installed properly</li><li>HDD space after installation: up to 1 GB</li><li>Repack uses XTool library by Razor12911</li><li>At least 2 GB of free RAM (inc. virtual) required for installing this repack</li></ul><div ><div><h2>Game Description</h2></div><div ><b>WAKE UP. GET MONEY. SLEEP. REPEAT.</b><p>Super Life (RPG) is a game about constant progression. Go to work, study or hit the gym, these actions will reward you will XP, STR (strength points) and INT (intelligence points). Earn enough points to level up and you will unlock new tasks, new job opportunities and new areas of the map to explore!</p><p>Super Life was created and developed by solo-dev Austin Farnsworth. This game is a result of ten years of dreaming and a year of consistent crafting to bring the Super Life world to life. Paying loving homage to Stick RPG, Super Life introduces Sun Villa, a picturesque town filled with quests, characters, and some hidden nods that only the most astute will enjoy. From first idea to first sprite to first beta tester to now you \u2013 Super Life has been designed from the ground up for simple enjoyment as a fun and surprisingly addicting RPG \u2013 the world is just now beginning, dive in and get ready for the story to unfold.</p><p><b>Select a Class</b><br>At the beginning of the game you will get to choose a class that defines who you are as a player.</p><p>Luck \u2013 Increased odds for all random events.<br>Rich \u2013 Start the game with $5000<br>Nerd \u2013 Gain + 2 INT when you go to school.<br>Jock \u2013 Gain + 2 STR when you work out.</p><p><b><h3>Game Features</h3></b></p><ul><li>Play as a male or female character</li><li>Work 20+ entry-level jobs</li><li>Get one of 3 degrees that will influence your career path</li><li>Own up to 4 houses to live in or rent out</li><li>Play mini-games or kick around the soccer ball</li><li>Invest in stocks or keep your money in the bank</li><li>Visit the money tree to collect your daily bag</li><li>Hunt for secrets around every corner!</li></ul></div></div>             </div>"
}