{
    "link": "https://fitgirl-repacks.site/super-high-ball-pinball-platformer/",
    "title": "Super High Ball: Pinball Platformer",
    "first_img": "https://i115.fastpic.ru/big/2021/0620/be/91e9d41972993723734b2aa9b05878be.jpg",
    "second_img": "https://s01.riotpixels.net/data/c7/7f/c77fa73c-223e-4198-98a5-5b091d91fc1f.jpg.240p.jpg",
    "body": "<div ><h2>Super High Ball: Pinball Platformer</h2><p ><div><a target=\"_blank\" href=\"https://en.riotpixels.com/games/super-high-ball-pinball-platformer/\" rel=\"noopener\"><img class=\"alignleft\" width=\"150\" src=\"https://i115.fastpic.ru/big/2021/0620/be/91e9d41972993723734b2aa9b05878be.jpg\"></a></div><br>Genres/Tags: <strong>Arcade, Jump and run, Pinball, Side, 2D</strong><br>Company: <strong>Emberstone Interactive</strong><br>Language: <strong>ENG</strong><br>Original Size: <strong>3.4 GB</strong><br>Repack Size: <strong>616 MB</strong></p>&nbsp;<div>&nbsp;</div><h3>Download Mirrors</h3><ul><li><a href=\"https://1337x.to/torrent/4897116/Super-High-Ball-Pinball-Platformer-x64-x86-FitGirl-Repack/\" target=\"_blank\" rel=\"noopener\">1337x</a> | [<a href=\"magnet:?xt=urn:btih:6D5AAA82FE1648DF25D40817B3CA95F421876B3F&amp;dn=Super+High+Ball%3A+Pinball+Platformer+%28x64%2Fx86%29+%5BFitGirl+Repack%5D&amp;tr=udp%3A%2F%2F46.148.18.250%3A2710&amp;tr=udp%3A%2F%2Fopentor.org%3A2710&amp;tr=udp%3A%2F%2Ftracker.coppersurfer.tk%3A6969%2Fannounce&amp;tr=udp%3A%2F%2Ftracker.opentrackr.org%3A1337%2Fannounce&amp;tr=http%3A%2F%2Ftracker.dler.org%3A6969%2Fannounce&amp;tr=udp%3A%2F%2Ftracker.leechers-paradise.org%3A6969%2Fannounce&amp;tr=udp%3A%2F%2F9.rarbg.me%3A2730%2Fannounce&amp;tr=udp%3A%2F%2F9.rarbg.to%3A2770%2Fannounce&amp;tr=udp%3A%2F%2Ftracker.pirateparty.gr%3A6969%2Fannounce&amp;tr=http%3A%2F%2Fretracker.local%2Fannounce&amp;tr=http%3A%2F%2Fretracker.ip.ncnet.ru%2Fannounce&amp;tr=udp%3A%2F%2Fexodus.desync.com%3A6969%2Fannounce&amp;tr=udp%3A%2F%2Fipv4.tracker.harry.lu%3A80%2Fannounce&amp;tr=udp%3A%2F%2Fopen.stealth.si%3A80%2Fannounce&amp;tr=udp%3A%2F%2Ftracker.zer0day.to%3A1337%2Fannounce&amp;tr=udp%3A%2F%2Ftracker.leechers-paradise.org%3A6969%2Fannounce&amp;tr=udp%3A%2F%2Fcoppersurfer.tk%3A6969%2Fannounce\">magnet</a>] [<a href=\"https://pastefg.hermietkreeft.site/?d419cd5b80cf122b#4VH2TrZWw4FR33Ar7KZKA37HPzpRPyh4Hg5QQ7Mjm3qy\" target=\"_blank\" rel=\"noopener\">.torrent file only</a>] <br><img src=\"https://torrent-stats.info/0817/245ca118.png\" style=\"display:block;clear:both\"></li><li><a href=\"https://tapochek.net/viewtopic.php?p=2785012\" target=\"_blank\" rel=\"noopener\">Tapochek.net</a></li><li><a href=\"https://pastefg.hermietkreeft.site/?668827d5969d794b#CFgpwAtCiW7bmE6Fckh69dhQ3RVMqF1TGbTx1F1DYy8b\" target=\"_blank\" rel=\"noopener\">Filehoster: MultiUpload</a> (10+ hosters, interchangeable) [Use <a href=\"http://jdownloader.org/jdownloader2\" target=\"_blank\" rel=\"noopener\">JDownloader2</a>]</li><li><a href=\"https://pastefg.hermietkreeft.site/?29da87b9b67c64c5#EoJT7F3JRofn1gyZxF7ZAtBdmg6Me6rUfb9ngAxCJ9Be\" target=\"_blank\" rel=\"noopener\">Filehoster: PixelDrain</a></li><li><a href=\"https://pastefg.hermietkreeft.site/?cfe0bfd03868c621#BwVr3tKYnoxvHD1yhv6ViBm24eWLMwZDL7VK5RdrR1We\" target=\"_blank\" rel=\"noopener\">Filehoster: LetsUpload</a> [Use <a href=\"http://jdownloader.org/jdownloader2\" target=\"_blank\" rel=\"noopener\">JDownloader2</a>]</li><li><a href=\"https://crackhub.site/super-high-ball-pinball-platformer-fitgirl-repack/\" target=\"_blank\" rel=\"noopener\">Filehosters: Google Drive, OneDrive + others</a> (Uploaded by crackhub213)</li><li><a href=\"https://pastefg.hermietkreeft.site/?2790f686eb189b7d#5RC6qgnNndj9gtxz4QZqes95i7gghxoUaTpt7ayaqfYh\" target=\"_blank\" rel=\"noopener\">Filehoster: OneDrive</a> (Uploaded by DyR0 t(-_-t), NOT compatible with other mirrors)</li></ul><p><a href=\"https://cs.rin.ru/forum/viewtopic.php?f=10&amp;t=114018\" target=\"_blank\" rel=\"noopener\">Discussion and (possible) future updates on CS.RIN.RU thread</a></p><h3>Screenshots (Click to enlarge)</h3><p><a target=\"_blank\" href=\"https://en.riotpixels.com/games/super-high-ball-pinball-platformer/screenshots/79/?utm_source=emb-gfx-html&amp;utm_medium=image&amp;utm_campaign=rp-mass\" rel=\"noopener\"><img loading=\"lazy\" width=\"178\" height=\"100\" border=\"0\" src=\"https://s01.riotpixels.net/data/c7/7f/c77fa73c-223e-4198-98a5-5b091d91fc1f.jpg.240p.jpg\"></a><a target=\"_blank\" href=\"https://en.riotpixels.com/games/super-high-ball-pinball-platformer/screenshots/77/?utm_source=emb-gfx-html&amp;utm_medium=image&amp;utm_campaign=rp-mass\" rel=\"noopener\"><img loading=\"lazy\" width=\"178\" height=\"100\" border=\"0\" src=\"https://s01.riotpixels.net/data/09/8e/098e3107-8ad4-4d33-bba4-9a9216a6c378.jpg.240p.jpg\"></a><a target=\"_blank\" href=\"https://en.riotpixels.com/games/super-high-ball-pinball-platformer/screenshots/75/?utm_source=emb-gfx-html&amp;utm_medium=image&amp;utm_campaign=rp-mass\" rel=\"noopener\"><img loading=\"lazy\" width=\"178\" height=\"100\" border=\"0\" src=\"https://s01.riotpixels.net/data/44/4b/444b1f4f-05be-4eee-8a92-3d9d7c6b1b5e.jpg.240p.jpg\"></a><br><a target=\"_blank\" href=\"https://en.riotpixels.com/games/super-high-ball-pinball-platformer/screenshots/71/?utm_source=emb-gfx-html&amp;utm_medium=image&amp;utm_campaign=rp-mass\" rel=\"noopener\"><img loading=\"lazy\" width=\"178\" height=\"100\" border=\"0\" src=\"https://s01.riotpixels.net/data/6d/57/6d572140-4c5c-4fdc-944d-a384a76e8330.jpg.240p.jpg\"></a><a target=\"_blank\" href=\"https://en.riotpixels.com/games/super-high-ball-pinball-platformer/screenshots/70/?utm_source=emb-gfx-html&amp;utm_medium=image&amp;utm_campaign=rp-mass\" rel=\"noopener\"><img loading=\"lazy\" width=\"178\" height=\"100\" border=\"0\" src=\"https://s01.riotpixels.net/data/99/cb/99cb20fd-976f-4690-be3b-f9edd99eba5d.jpg.240p.jpg\"></a><a target=\"_blank\" href=\"https://en.riotpixels.com/games/super-high-ball-pinball-platformer/screenshots/63/?utm_source=emb-gfx-html&amp;utm_medium=image&amp;utm_campaign=rp-mass\" rel=\"noopener\"><img loading=\"lazy\" width=\"178\" height=\"100\" border=\"0\" src=\"https://s01.riotpixels.net/data/8f/3a/8f3a8787-7cab-47eb-88d4-cfe9d4f7fc41.jpg.240p.jpg\"></a></p><h3>Repack Features</h3><ul><li>Based on Super.High.Ball.Pinball.Platformer-PLAZA ISO release: plaza-super.high.ball.pinball.platformer.iso (3,598,319,616 bytes)</li><li>100% Lossless &amp; MD5 Perfect: all files are identical to originals after installation</li><li>NOTHING ripped, NOTHING re-encoded</li><li>You can install either x86 or x64 version of the game</li><li>Significantly smaller archive size (compressed from 3.4 GB to 616 MB)</li><li>Installation takes two minutes</li><li>After-install integrity check so you could make sure that everything installed properly</li><li>HDD space after installation: 1.6 GB (up to 3.1 GB during installation)</li><li>Repack uses XTool library by Razor12911</li><li>At least 2 GB of free RAM (inc. virtual) required for installing this repack</li></ul><div ><div><h2>Game Description</h2></div><div >Super High Ball is a unique blend between a Pinball and a Precision Platformer!<p>Your goal is to bring the ball to the end of each level as fast as you can!</p><p>Use the <b>flippers</b> scattered across the level to overcome gaps, fires, timed lasers, and much more.<br>Manipulate the canons to project the ball, <b>defy gravity</b>, and use the power to <b>slow down the ball</b> to precisely take the quickest path to the end!</p><p><b>Super High Ball is difficult due to its unique gameplay, but it is fun and addictive.</b></p><p>Lasers, fires, holes, aiming canons, winds and traps you will have to overcome to reach the end. One single mistake, and you instantly respawn at the latest check-point!</p><p>If you are looking for more challenges and more customizations, try to complete the goals on each level.<br>Death limit, Time limit, or artifact collection are here to challenge your skills.</p><p>Compete against the rest of the world in the leaderboard! Only time counts! You have to go fast!</p></div></div>             </div>"
}