{
    "link": "https://fitgirl-repacks.site/surviving-the-aftermath/",
    "title": "Surviving the Aftermath \u2013 v1.21.2.1256",
    "first_img": "https://i2.imageban.ru/out/2021/11/23/a37d572d782a3beeaeda80c713dc7a8d.jpg",
    "second_img": "https://s01.riotpixels.net/data/63/df/63df06f2-410b-42fe-9019-04c30555c72d.jpg.240p.jpg",
    "body": "<div ><h2>Surviving the Aftermath \u2013 v1.21.2.1256</h2><p ><div><a target=\"_blank\" href=\"https://en.riotpixels.com/games/surviving-the-aftermath/\" rel=\"noopener\"><img class=\"alignleft\" width=\"150\" src=\"https://i2.imageban.ru/out/2021/11/23/a37d572d782a3beeaeda80c713dc7a8d.jpg\"></a></div><br>Genres/Tags: <strong>Managerial, Strategy, Isometric, Post-apocalyptic, Real-time, 3D</strong><br>Companies: <strong>Iceflake Studios, Paradox Interactive</strong><br>Languages: <strong>RUS/ENG/MULTI8</strong><br>Original Size: <strong>1.9 GB</strong><br>Repack Size: <strong>1.2 GB</strong></p>&nbsp;<div>&nbsp;</div><h3>Download Mirrors</h3><ul><li><a href=\"https://1337x.to/torrent/5061113/Surviving-the-Aftermath-v1-21-2-1256-MULTi8-FitGirl-Repack/\" target=\"_blank\" rel=\"noopener\">1337x</a> | [<a href=\"magnet:?xt=urn:btih:36E153418DA2B4338DD1E7B4CEF2E13F3EB00F60&amp;dn=Surviving+the+Aftermath+%28v1.21.2.1256%2C+MULTi8%29+%5BFitGirl+Repack%5D&amp;tr=udp%3A%2F%2F46.148.18.250%3A2710&amp;tr=udp%3A%2F%2Fopentor.org%3A2710&amp;tr=udp%3A%2F%2Ftracker.coppersurfer.tk%3A6969%2Fannounce&amp;tr=udp%3A%2F%2Ftracker.opentrackr.org%3A1337%2Fannounce&amp;tr=http%3A%2F%2Ftracker.dler.org%3A6969%2Fannounce&amp;tr=udp%3A%2F%2Ftracker.leechers-paradise.org%3A6969%2Fannounce&amp;tr=udp%3A%2F%2F9.rarbg.me%3A2730%2Fannounce&amp;tr=udp%3A%2F%2F9.rarbg.to%3A2770%2Fannounce&amp;tr=udp%3A%2F%2Ftracker.pirateparty.gr%3A6969%2Fannounce&amp;tr=http%3A%2F%2Fretracker.local%2Fannounce&amp;tr=http%3A%2F%2Fretracker.ip.ncnet.ru%2Fannounce&amp;tr=udp%3A%2F%2Fexodus.desync.com%3A6969%2Fannounce&amp;tr=udp%3A%2F%2Fipv4.tracker.harry.lu%3A80%2Fannounce&amp;tr=udp%3A%2F%2Fopen.stealth.si%3A80%2Fannounce&amp;tr=udp%3A%2F%2Ftracker.zer0day.to%3A1337%2Fannounce&amp;tr=udp%3A%2F%2Ftracker.leechers-paradise.org%3A6969%2Fannounce&amp;tr=udp%3A%2F%2Fcoppersurfer.tk%3A6969%2Fannounce\">magnet</a>] [<a href=\"https://pastefg.hermietkreeft.site/?36bc5d8d3803c38f#32zbyakR8CarwSafBibHrvfZ8GjQVd5omVdG74QDMM5s\" target=\"_blank\" rel=\"noopener\">.torrent file only</a>] <br><img src=\"https://torrent-stats.info/e7b4/43a122308.png\" style=\"display:block;clear:both\"></li><li><a href=\"http://rutor.info/torrent/847128/surviving-the-aftermath-v-1.21.2.1256-2021-pc-repack-ot-fitgirl\" target=\"_blank\" rel=\"noopener\">RuTor</a> [<a href=\"magnet:?xt=urn:btih:36e153418da2b4338dd1e7b4cef2e13f3eb00f60&amp;dn=rutor.info_Surviving+the+Aftermath+%5Bv+1.21.2.1256%5D+%282021%29+PC+%7C+Repack+%D0%BE%D1%82+FitGirl&amp;tr=udp://opentor.net:6969&amp;tr=udp://opentor.org:2710&amp;tr=http://retracker.local/announce\">magnet</a>]</li><li><a href=\"https://tapochek.net/viewtopic.php?p=2814130\" target=\"_blank\" rel=\"noopener\">Tapochek.net</a></li><li><a href=\"https://pastefg.hermietkreeft.site/?c40e59cc4a2c1d76#D1QeTxH8F73XcYd87jqupnkFfbGCAMerBgvEh7FDkuKs\" target=\"_blank\" rel=\"noopener\">Filehoster: MultiUpload</a> (10+ hosters, interchangeable) [Use <a href=\"http://jdownloader.org/jdownloader2\" target=\"_blank\" rel=\"noopener\">JDownloader2</a>]</li><li><a href=\"https://pastefg.hermietkreeft.site/?5c450f37e25c1824#Go9xLQN8GwgFoyt79bHq2E1C9sBBAg1e3tVUuA5skStf\" target=\"_blank\" rel=\"noopener\">Filehoster: ZippyShare</a></li><li><a href=\"https://pastefg.hermietkreeft.site/?c54cafc2b914e938#17ftUkCDCp9AvZaBp4ENWtyRWXegfSVFXYqXRxtoDHC\" target=\"_blank\" rel=\"noopener\">Filehoster: BayFiles</a></li><li><a href=\"https://pastefg.hermietkreeft.site/?4e59956082103f68#9JWXHtT6df744QtvV8mJvfwccyuCMwhmyVEtXZn6FKq8\" target=\"_blank\" rel=\"noopener\">Filehoster: LetsUpload</a> [Use <a href=\"http://jdownloader.org/jdownloader2\" target=\"_blank\" rel=\"noopener\">JDownloader2</a>]</li><li><a href=\"https://pastefg.hermietkreeft.site/?88633aab98323208#Nuf4uhCNakQ2VuHU2ZAhFkZVgF2GADg3QLjHEmoQccn\" target=\"_blank\" rel=\"noopener\">Filehoster: OneDrive</a> (Uploaded by DyR0 t(-_-t), NOT compatible with other mirrors)</li><li><a href=\"https://crackhub.site/surviving-the-aftermath-v1-21-2-1256-fitgirl-repack/\" target=\"_blank\" rel=\"noopener\">Filehosters: Google Drive, OneDrive + others</a> (Uploaded by crackhub213)</li></ul><p><a href=\"https://cs.rin.ru/forum/viewtopic.php?f=10&amp;t=100879\" target=\"_blank\" rel=\"noopener\">Discussion and (possible) future updates on CS.RIN.RU thread</a></p><h3>Screenshots (Click to enlarge)</h3><p><a target=\"_blank\" href=\"https://en.riotpixels.com/games/surviving-the-aftermath/screenshots/14/?utm_source=emb-gfx-html&amp;utm_medium=image&amp;utm_campaign=rp-mass\" rel=\"noopener\"><img loading=\"lazy\" width=\"178\" height=\"100\" border=\"0\" src=\"https://s01.riotpixels.net/data/63/df/63df06f2-410b-42fe-9019-04c30555c72d.jpg.240p.jpg\"></a><a target=\"_blank\" href=\"https://en.riotpixels.com/games/surviving-the-aftermath/screenshots/13/?utm_source=emb-gfx-html&amp;utm_medium=image&amp;utm_campaign=rp-mass\" rel=\"noopener\"><img loading=\"lazy\" width=\"178\" height=\"100\" border=\"0\" src=\"https://s01.riotpixels.net/data/b4/3c/b43c2665-6441-40bb-b2f5-19d8b22832d1.jpg.240p.jpg\"></a><a target=\"_blank\" href=\"https://en.riotpixels.com/games/surviving-the-aftermath/screenshots/8/?utm_source=emb-gfx-html&amp;utm_medium=image&amp;utm_campaign=rp-mass\" rel=\"noopener\"><img loading=\"lazy\" width=\"178\" height=\"100\" border=\"0\" src=\"https://s01.riotpixels.net/data/28/f8/28f81e41-0ac0-4d0e-94a8-c9788f15d833.jpg.240p.jpg\"></a><br><a target=\"_blank\" href=\"https://en.riotpixels.com/games/surviving-the-aftermath/screenshots/7/?utm_source=emb-gfx-html&amp;utm_medium=image&amp;utm_campaign=rp-mass\" rel=\"noopener\"><img loading=\"lazy\" width=\"178\" height=\"100\" border=\"0\" src=\"https://s01.riotpixels.net/data/dc/8d/dc8d352b-0330-4bd8-924a-84b248710052.jpg.240p.jpg\"></a><a target=\"_blank\" href=\"https://en.riotpixels.com/games/surviving-the-aftermath/screenshots/5/?utm_source=emb-gfx-html&amp;utm_medium=image&amp;utm_campaign=rp-mass\" rel=\"noopener\"><img loading=\"lazy\" width=\"178\" height=\"100\" border=\"0\" src=\"https://s01.riotpixels.net/data/58/61/586137d5-e1c5-47c0-8604-da39058541e6.jpg.240p.jpg\"></a><a target=\"_blank\" href=\"https://en.riotpixels.com/games/surviving-the-aftermath/screenshots/2/?utm_source=emb-gfx-html&amp;utm_medium=image&amp;utm_campaign=rp-mass\" rel=\"noopener\"><img loading=\"lazy\" width=\"178\" height=\"100\" border=\"0\" src=\"https://s01.riotpixels.net/data/7a/e3/7ae32f44-43b9-46a6-83de-89a323a98453.jpg.240p.jpg\"></a></p><h3>Repack Features</h3><ul><li>Based on Surviving.the.Aftermath-CODEX ISO release: codex-surviving.the.aftermath.iso (2,070,675,456 bytes)</li><li>100% Lossless &amp; MD5 Perfect: all files are identical to originals after installation</li><li>NOTHING ripped, NOTHING re-encoded</li><li>Significantly smaller archive size (compressed from 1.9 to 1.2 GB)</li><li>Installation takes 2-3 minutes (depending on your system)</li><li>After-install integrity check so you could make sure that everything installed properly</li><li>HDD space after installation: 3.1 GB</li><li>Language can be changed in game settings</li><li>At least 2 GB of free RAM (inc. virtual) required for installing this repack</li></ul><div ><div><h2>Game Description</h2></div><div >Survive and thrive in a post-apocalyptic future \u2014 resources are scarce, but opportunity calls! Build the ultimate disaster proof colony, protect your colonists, and restore civilization to a devastated world.<p>Go beyond the colony and explore the wastelands to gather resources, meet rival colonies, and uncover the world\u2019s secrets.</p><p><b><h3>Game Features</h3></b></p><ul><li><b>Build and Manage a Colony:</b> Build and manage a colony of survivors after a world-ending event. Construct more than 130 buildings and survive a harsh world filled with danger. Stay prepared, a natural disaster or environmental catastrophe can doom an ill-equipped settlement.</li><li><b>Recruit and Manage Specialists:</b> Recruit over 80 unique specialists, each with their own skills and motivations, to manage your colony\u2019s resources. Outfit your specialists with gear to defend the colony from attacking bandits and rampaging wildlife.</li><li><b>Explore a Procedurally Generated World:</b> Send your specialists outside your colony and into a procedurally generated world. Meet rival colony leaders and trade resources or compete for survival. Specialists can set up outposts and gather materials, giving your colony an edge.</li><li><b>Make Tough Choices:</b> Surviving the post-apocalypse means making impossible decisions. The colony\u2019s fate depends on your judgement, every choice can impact your colony\u2019s happiness and affect its future.</li><li><b>Discover the Truth:</b> Specialists will stumble upon mysteries while exploring the world. Uncover secrets surrounding the apocalypse and prepare your colony for survival if it should happen again.</li></ul></div></div>             </div>"
}