{
    "link": "https://fitgirl-repacks.site/sword-art-online-alicization-lycoris/",
    "title": "Sword Art Online: Alicization Lycoris, v2.01 + 3 DLCs",
    "first_img": "https://i2.imageban.ru/out/2021/11/05/2a3a150bca879c8c6fe24d6aa8136c06.jpg",
    "second_img": "https://s01.riotpixels.net/data/e1/49/e149489d-a862-48b7-a9f1-f70b79e4a39a.jpg.240p.jpg",
    "body": "<div ><h2>Sword Art Online: Alicization Lycoris, v2.01 + 3 DLCs</h2><p ><div><a target=\"_blank\" href=\"https://en.riotpixels.com/games/sword-art-online-alicization-lycoris/\" rel=\"noopener\"><img class=\"alignleft\" width=\"150\" src=\"https://i2.imageban.ru/out/2021/11/05/2a3a150bca879c8c6fe24d6aa8136c06.jpg\"></a></div><br>Genres/Tags: <strong>RPG, Third-person, 3D, Japanese</strong><br>Companies: <strong>Aquria, Bandai Namco Entertainment America</strong><br>Languages: <strong>RUS/ENG/MULTI12</strong><br>Original Size: <strong>53.6 GB</strong><br>Repack Size: <strong>17 GB</strong></p>&nbsp;<div>&nbsp;</div><h3>Download Mirrors</h3><ul><li><a href=\"https://1337x.to/torrent/5040571/Sword-Art-Online-Alicization-Lycoris-v2-01-3-DLCs-MULTi12-FitGirl-Repack/\" target=\"_blank\" rel=\"noopener\">1337x</a> | [<a href=\"magnet:?xt=urn:btih:D3F96E0D834B73FAFBEDF84BD1D932E47F423774&amp;dn=Sword+Art+Online%3A+Alicization+Lycoris+%28v2.01+%2B+3+DLCs%2C+MULTi12%29+%5BFitGirl+Repack%5D&amp;tr=udp%3A%2F%2F46.148.18.250%3A2710&amp;tr=udp%3A%2F%2Fopentor.org%3A2710&amp;tr=udp%3A%2F%2Ftracker.coppersurfer.tk%3A6969%2Fannounce&amp;tr=udp%3A%2F%2Ftracker.opentrackr.org%3A1337%2Fannounce&amp;tr=http%3A%2F%2Ftracker.dler.org%3A6969%2Fannounce&amp;tr=udp%3A%2F%2Ftracker.leechers-paradise.org%3A6969%2Fannounce&amp;tr=udp%3A%2F%2F9.rarbg.me%3A2730%2Fannounce&amp;tr=udp%3A%2F%2F9.rarbg.to%3A2770%2Fannounce&amp;tr=udp%3A%2F%2Ftracker.pirateparty.gr%3A6969%2Fannounce&amp;tr=http%3A%2F%2Fretracker.local%2Fannounce&amp;tr=http%3A%2F%2Fretracker.ip.ncnet.ru%2Fannounce&amp;tr=udp%3A%2F%2Fexodus.desync.com%3A6969%2Fannounce&amp;tr=udp%3A%2F%2Fipv4.tracker.harry.lu%3A80%2Fannounce&amp;tr=udp%3A%2F%2Fopen.stealth.si%3A80%2Fannounce&amp;tr=udp%3A%2F%2Ftracker.zer0day.to%3A1337%2Fannounce&amp;tr=udp%3A%2F%2Ftracker.leechers-paradise.org%3A6969%2Fannounce&amp;tr=udp%3A%2F%2Fcoppersurfer.tk%3A6969%2Fannounce\">magnet</a>] [<a href=\"https://pastefg.hermietkreeft.site/?42bc3b8ef76ebeb4#2WJbFQP8Pe8LqdqxRxvZWQVF4R5SSQykwbqQpX3oVn7n\" target=\"_blank\" rel=\"noopener\">.torrent file only</a>] <br><img src=\"https://torrent-stats.info/f84b/480a1e2c3.png\" style=\"display:block;clear:both\"></li><li><a href=\"http://rutor.info/torrent/843733/sword-art-online-alicization-lycoris-v-2.01-dlcs-2020-pc-repack-ot-fitgirl\" target=\"_blank\" rel=\"noopener\">RuTor</a> [<a href=\"magnet:?xt=urn:btih:d3f96e0d834b73fafbedf84bd1d932e47f423774&amp;dn=rutor.info_Sword+Art+Online%3A+Alicization+Lycoris+%5Bv+2.01+%2B+DLCs%5D+%282020%29+PC+%7C+RePack+%D0%BE%D1%82+FitGirl&amp;tr=udp://opentor.net:6969&amp;tr=udp://opentor.org:2710&amp;tr=http://retracker.local/announce\">magnet</a>]</li><li><a href=\"https://tapochek.net/viewtopic.php?p=2809733\" target=\"_blank\" rel=\"noopener\">Tapochek.net</a></li><li><a href=\"https://pastefg.hermietkreeft.site/?ed4f078a7a3056d7#56oYdc1PLKXWW3K3bKJG2NrpNkMbRYYH3xaNmzfM7kCv\" target=\"_blank\" rel=\"noopener\">Filehoster: MultiUpload</a> (10+ hosters, interchangeable) [Use <a href=\"http://jdownloader.org/jdownloader2\" target=\"_blank\" rel=\"noopener\">JDownloader2</a>]</li><li><a href=\"https://pastefg.hermietkreeft.site/?05e043eacbd295ea#CZ24nWfnMSzKr1RoxhFaatS5WdsJM6322opDmfPNEt6B\" target=\"_blank\" rel=\"noopener\">Filehoster: PixelDrain</a></li><li><a href=\"https://pastefg.hermietkreeft.site/?56eff9139f780885#8oN31wyjSWBh735wGfFb8ymQoDZAGe4rSz1F4XnSvk9v\" target=\"_blank\" rel=\"noopener\">Filehoster: ZippyShare</a></li><li><a href=\"https://pastefg.hermietkreeft.site/?899638a6f2fabbf5#4Fjuyt2PbdovihUwehefTVgyBSXBdLBsZ1UVpmJhZtCo\" target=\"_blank\" rel=\"noopener\">Filehoster: BayFiles</a></li><li><a href=\"https://pastefg.hermietkreeft.site/?d9f67f84b0e997d3#4B3DYJFjdHQefage6T6FRbGGb5ivF1LJTHPezfNE8AiA\" target=\"_blank\" rel=\"noopener\">Filehoster: LetsUpload</a> [Use <a href=\"http://jdownloader.org/jdownloader2\" target=\"_blank\" rel=\"noopener\">JDownloader2</a>]</li><li><a href=\"https://pastefg.hermietkreeft.site/?86be2c8ffd46e795#4WVyN1fAY45Ap6zdPtANLno3at8SQKifb2xb4ifLyk4P\" target=\"_blank\" rel=\"noopener\">Filehoster: OneDrive</a> (Uploaded by DyR0 t(-_-t), NOT compatible with other mirrors)</li><p><!--  <li><a href=\"\" target=\"_blank\" rel=\"noopener\">Filehosters: Google Drive, OneDrive + others</a> (Uploaded by crackhub213)</li>  --></p></ul><p><a href=\"https://cs.rin.ru/forum/viewtopic.php?f=10&amp;t=95966\" target=\"_blank\" rel=\"noopener\">Discussion and (possible) future updates on CS.RIN.RU thread</a></p><h3>Screenshots (Click to enlarge)</h3><p><a target=\"_blank\" href=\"https://en.riotpixels.com/games/sword-art-online-alicization-lycoris/screenshots/31/?utm_source=emb-gfx-html&amp;utm_medium=image&amp;utm_campaign=rp-mass\" rel=\"noopener\"><img loading=\"lazy\" width=\"178\" height=\"100\" border=\"0\" src=\"https://s01.riotpixels.net/data/e1/49/e149489d-a862-48b7-a9f1-f70b79e4a39a.jpg.240p.jpg\"></a><a target=\"_blank\" href=\"https://en.riotpixels.com/games/sword-art-online-alicization-lycoris/screenshots/30/?utm_source=emb-gfx-html&amp;utm_medium=image&amp;utm_campaign=rp-mass\" rel=\"noopener\"><img loading=\"lazy\" width=\"178\" height=\"100\" border=\"0\" src=\"https://s01.riotpixels.net/data/07/03/07039803-2330-4042-9420-cf2d227eccf0.jpg.240p.jpg\"></a><a target=\"_blank\" href=\"https://en.riotpixels.com/games/sword-art-online-alicization-lycoris/screenshots/19/?utm_source=emb-gfx-html&amp;utm_medium=image&amp;utm_campaign=rp-mass\" rel=\"noopener\"><img loading=\"lazy\" width=\"178\" height=\"100\" border=\"0\" src=\"https://s01.riotpixels.net/data/99/78/9978e501-9cee-41b3-86b0-129c35d5e04b.jpg.240p.jpg\"></a><br><a target=\"_blank\" href=\"https://en.riotpixels.com/games/sword-art-online-alicization-lycoris/screenshots/18/?utm_source=emb-gfx-html&amp;utm_medium=image&amp;utm_campaign=rp-mass\" rel=\"noopener\"><img loading=\"lazy\" width=\"178\" height=\"100\" border=\"0\" src=\"https://s01.riotpixels.net/data/47/af/47af8606-5cd8-4f44-b945-c491aefb7b47.jpg.240p.jpg\"></a><a target=\"_blank\" href=\"https://en.riotpixels.com/games/sword-art-online-alicization-lycoris/screenshots/13/?utm_source=emb-gfx-html&amp;utm_medium=image&amp;utm_campaign=rp-mass\" rel=\"noopener\"><img loading=\"lazy\" width=\"178\" height=\"100\" border=\"0\" src=\"https://s01.riotpixels.net/data/2d/a1/2da1f6e7-3854-4017-b987-d004c9fdb072.jpg.240p.jpg\"></a><a target=\"_blank\" href=\"https://en.riotpixels.com/games/sword-art-online-alicization-lycoris/screenshots/11/?utm_source=emb-gfx-html&amp;utm_medium=image&amp;utm_campaign=rp-mass\" rel=\"noopener\"><img loading=\"lazy\" width=\"178\" height=\"100\" border=\"0\" src=\"https://s01.riotpixels.net/data/20/df/20df61da-1673-449e-9f26-c506f94d7521.jpg.240p.jpg\"></a></p><h3>Repack Features</h3><ul><li>Based on SWORD.ART.ONLINE.Alicization.Lycoris.Blooming.of.Forget.Me.Not-CODEX ISO release: codex-sword.art.online.alicization.lycoris.blooming.of.forget.me.not.iso (57,536,037,984 bytes)</li><li>Game version: v2.01; 3 DLCs are included and activated: Design Contest Costumes, Warmaid Outfit, Blooming of Forget-Me-Not</li><li>100% Lossless &amp; MD5 Perfect: all files are identical to originals after installation</li><li>NOTHING ripped, NOTHING re-encoded</li><li>Significantly smaller archive size (compressed from 53.6 to 17 GB)</li><li>ATTENTION! Installation is LONG and takes: ~1-1.5 hours on 16-threads CPU; ~2-2.5 hours on 8-threads CPU; up to 5 hours on 4-threads CPU;</li><li>After-install integrity check so you could make sure that everything installed properly</li><li>HDD space after installation: 77.7 GB (119 GB during installation)</li><li>Use \u201cLanguage Selector.exe\u201d in game root to change the game language</li><li>At least 2 GB of free RAM (inc. virtual) required for installing this repack</li></ul><div ><div><h2>Game Description</h2></div><div >Kirito awakens in a completely unknown virtual world, but something about it feels a bit familiar\u2026<p>Set in Underworld, an expansive world introduced in the SWORD ART ONLINE anime, Kirito sets out on adventure in the series\u2019 latest RPG!</p><p>Enjoy seamless, action-packed real-time battles using a combination of sword skills, sacred arts, and your favorite SAO characters!</p><p>Kirito meets a boy named Eugeo. Somewhere deep within their hearts is a lingering promise. To fulfill that promise and avoid losing each other, they set out on adventure together. Nothing will keep them from reaching their goal.</p></div></div><p><b>Backwards Compatibility</b></p><p>This repack is NOT backwards compatible with my previous SAO:AL repacks.</p>             </div>"
}