{
    "link": "https://fitgirl-repacks.site/tails-of-iron/",
    "title": "Tails of Iron \u2013 v1.37768",
    "first_img": "https://i6.imageban.ru/out/2021/09/19/61382f6ec6b7b713705a2f546281587c.jpg",
    "second_img": "https://s01.riotpixels.net/data/01/a4/01a440d7-85e4-49b7-a52b-a3a42b8d58d5.jpg.240p.jpg",
    "body": "<div ><h2>Tails of Iron \u2013 v1.37768</h2><p ><div><a target=\"_blank\" href=\"##path_url##\" rel=\"noopener\"><img class=\"alignleft\" width=\"150\" src=\"https://i6.imageban.ru/out/2021/09/19/61382f6ec6b7b713705a2f546281587c.jpg\"></a></div><br>Genres/Tags: <strong>Action, RPG, Side, 2D</strong><br>Companies: <strong>Odd Bug Studio</strong><br>Languages: <strong>RUS/ENG/MULTI11</strong><br>Original Size: <strong>1.2 GB</strong><br>Repack Size: <strong>923 MB</strong></p>&nbsp;<div>&nbsp;</div><h3>Download Mirrors</h3><ul><li><a href=\"https://1337x.to/torrent/4988906/Tails-of-Iron-v1-37768-MULTi11-FitGirl-Repack/\" target=\"_blank\" rel=\"noopener\">1337x</a> | [<a href=\"magnet:?xt=urn:btih:5E5A06EB11A8EF1047E6CD8FDBBD509DC88E8607&amp;dn=Tails+of+Iron+%28v1.37768%2C+MULTi11%29+%5BFitGirl+Repack%5D&amp;tr=udp%3A%2F%2F46.148.18.250%3A2710&amp;tr=udp%3A%2F%2Fopentor.org%3A2710&amp;tr=udp%3A%2F%2Ftracker.coppersurfer.tk%3A6969%2Fannounce&amp;tr=udp%3A%2F%2Ftracker.opentrackr.org%3A1337%2Fannounce&amp;tr=http%3A%2F%2Ftracker.dler.org%3A6969%2Fannounce&amp;tr=udp%3A%2F%2Ftracker.leechers-paradise.org%3A6969%2Fannounce&amp;tr=udp%3A%2F%2F9.rarbg.me%3A2730%2Fannounce&amp;tr=udp%3A%2F%2F9.rarbg.to%3A2770%2Fannounce&amp;tr=udp%3A%2F%2Ftracker.pirateparty.gr%3A6969%2Fannounce&amp;tr=http%3A%2F%2Fretracker.local%2Fannounce&amp;tr=http%3A%2F%2Fretracker.ip.ncnet.ru%2Fannounce&amp;tr=udp%3A%2F%2Fexodus.desync.com%3A6969%2Fannounce&amp;tr=udp%3A%2F%2Fipv4.tracker.harry.lu%3A80%2Fannounce&amp;tr=udp%3A%2F%2Fopen.stealth.si%3A80%2Fannounce&amp;tr=udp%3A%2F%2Ftracker.zer0day.to%3A1337%2Fannounce&amp;tr=udp%3A%2F%2Ftracker.leechers-paradise.org%3A6969%2Fannounce&amp;tr=udp%3A%2F%2Fcoppersurfer.tk%3A6969%2Fannounce\">magnet</a>] [<a href=\"https://pastefg.hermietkreeft.site/?45d258fc43eb1d2d#B2bc6is7SdVvCLapDfMQkKMP4BSAs63Eqxz8pyy4P9AW\" target=\"_blank\" rel=\"noopener\">.torrent file only</a>] <br><img src=\"https://torrent-stats.info/cd8f/3ae12d131.png\" style=\"display:block;clear:both\"></li><li><a href=\"http://rutor.info/torrent/835298/tails-of-iron-v-1.37768-2021-pc-repack-ot-fitgirl\" target=\"_blank\" rel=\"noopener\">RuTor</a> [<a href=\"magnet:?xt=urn:btih:5e5a06eb11a8ef1047e6cd8fdbbd509dc88e8607&amp;dn=rutor.info_Tails+of+Iron+%5Bv+1.37768%5D+%282021%29+PC+%7C+RePack+%D0%BE%D1%82+FitGirl&amp;tr=udp://opentor.net:6969&amp;tr=udp://opentor.org:2710&amp;tr=http://retracker.local/announce\">magnet</a>]</li><li><a href=\"https://tapochek.net/viewtopic.php?p=2801094\" target=\"_blank\" rel=\"noopener\">Tapochek.net</a></li><li><a href=\"https://pastefg.hermietkreeft.site/?5dc68ae9d7375864#AoNiK3quGH9a4QDidych198rK8rdBzaaYnR5HknbCUCv\" target=\"_blank\" rel=\"noopener\">Filehoster: MultiUpload</a> (10+ hosters, interchangeable) [Use <a href=\"http://jdownloader.org/jdownloader2\" target=\"_blank\" rel=\"noopener\">JDownloader2</a>]</li><li><a href=\"https://pastefg.hermietkreeft.site/?150a6666a093ca9c#9hKdALatqHaCApVQaVediFDpVkTeAHo6tPoSGram6fAE\" target=\"_blank\" rel=\"noopener\">Filehoster: PixelDrain</a></li><li><a href=\"https://pastefg.hermietkreeft.site/?e562d716984cb780#4bkC2TFexyXSzZxUBrWE5ckARCG66NjigYoUQmLgk3Rm\" target=\"_blank\" rel=\"noopener\">Filehoster: ZippyShare</a></li><li><a href=\"https://pastefg.hermietkreeft.site/?53047ac32045360b#8VnqTvAUNEeQfRcXuY7n2QxHSyuBqjsppYgPVZMjXFs4\" target=\"_blank\" rel=\"noopener\">Filehoster: LetsUpload</a> [Use <a href=\"http://jdownloader.org/jdownloader2\" target=\"_blank\" rel=\"noopener\">JDownloader2</a>]</li><li><a href=\"https://pastefg.hermietkreeft.site/?1dbce82a28eca9d6#96B5o2Rj3yorVin7rLtK2f9oisPfdKHxRh9xSXKucc9e\" target=\"_blank\" rel=\"noopener\">Filehoster: OneDrive</a> (Uploaded by DyR0 t(-_-t), NOT compatible with other mirrors)</li></ul><p><a href=\"https://cs.rin.ru/forum/viewtopic.php?f=10&amp;t=113815\" target=\"_blank\" rel=\"noopener\">Discussion and (possible) future updates on CS.RIN.RU thread</a></p><h3>Screenshots (Click to enlarge)</h3><p><a target=\"_blank\" href=\"https://en.riotpixels.com/games/tails-of-iron/screenshots/8/?utm_source=emb-gfx-html&amp;utm_medium=image&amp;utm_campaign=rp-mass\" rel=\"noopener\"><img loading=\"lazy\" width=\"178\" height=\"100\" border=\"0\" src=\"https://s01.riotpixels.net/data/01/a4/01a440d7-85e4-49b7-a52b-a3a42b8d58d5.jpg.240p.jpg\"></a><a target=\"_blank\" href=\"https://en.riotpixels.com/games/tails-of-iron/screenshots/7/?utm_source=emb-gfx-html&amp;utm_medium=image&amp;utm_campaign=rp-mass\" rel=\"noopener\"><img loading=\"lazy\" width=\"178\" height=\"100\" border=\"0\" src=\"https://s01.riotpixels.net/data/5d/2e/5d2e4fd3-26aa-4c03-ae9a-cbf6de5acae6.jpg.240p.jpg\"></a><a target=\"_blank\" href=\"https://en.riotpixels.com/games/tails-of-iron/screenshots/5/?utm_source=emb-gfx-html&amp;utm_medium=image&amp;utm_campaign=rp-mass\" rel=\"noopener\"><img loading=\"lazy\" width=\"178\" height=\"100\" border=\"0\" src=\"https://s01.riotpixels.net/data/dd/df/dddfbeaa-ed06-4c5d-8ebe-95118683c762.jpg.240p.jpg\"></a><br><a target=\"_blank\" href=\"https://en.riotpixels.com/games/tails-of-iron/screenshots/4/?utm_source=emb-gfx-html&amp;utm_medium=image&amp;utm_campaign=rp-mass\" rel=\"noopener\"><img loading=\"lazy\" width=\"178\" height=\"100\" border=\"0\" src=\"https://s01.riotpixels.net/data/4b/62/4b626605-9990-431a-9aa3-6beae78be0c0.jpg.240p.jpg\"></a><a target=\"_blank\" href=\"https://en.riotpixels.com/games/tails-of-iron/screenshots/3/?utm_source=emb-gfx-html&amp;utm_medium=image&amp;utm_campaign=rp-mass\" rel=\"noopener\"><img loading=\"lazy\" width=\"178\" height=\"100\" border=\"0\" src=\"https://s01.riotpixels.net/data/9f/93/9f9369ac-1690-4ced-9e6b-07854a60af77.jpg.240p.jpg\"></a><a target=\"_blank\" href=\"https://en.riotpixels.com/games/tails-of-iron/screenshots/2/?utm_source=emb-gfx-html&amp;utm_medium=image&amp;utm_campaign=rp-mass\" rel=\"noopener\"><img loading=\"lazy\" width=\"178\" height=\"100\" border=\"0\" src=\"https://s01.riotpixels.net/data/fe/d6/fed6f0d7-e606-4e52-87be-830875a20b0b.jpg.240p.jpg\"></a></p><h3>Repack Features</h3><ul><li>Based on Tails.of.Iron-CODEX ISO release: codex-tails.of.iron.iso (1,281,851,392 bytes)</li><li>100% Lossless &amp; MD5 Perfect: all files are identical to originals after installation</li><li>NOTHING ripped, NOTHING re-encoded</li><li>Smaller archive size (compressed from 1.2 GB to 923 MB)</li><li>Installation takes 3-6 minutes (depending on your system)</li><li>After-install integrity check so you could make sure that everything installed properly</li><li>HDD space after installation: 1.4 GB (4.5 GB during installation)</li><li>Language can be changed in game settings</li><li>At least 2 GB of free RAM (inc. virtual) required for installing this repack</li></ul><div ><div><h2>Game Description</h2></div><div >Set in a grim land plagued by war, Tails of Iron is a hand-drawn RPG Adventure with punishingly brutal combat. As Redgi, heir to the Rat Throne, you must restore your broken Kingdom by banishing the merciless Frog Clan and their ferocious leader, Greenwart.<p>As you explore the deceivingly charming world, you\u2019ll encounter a cast of unique companions, ready to aid you in your adventure. And you\u2019ll need all the help you can get, whether that\u2019s new meal recipes, blueprints to forge deadly weapons and armour, or even a land-chugging, armour-plated mole mobile!</p><p>Overcome your fears. Rescue your brothers. Restore Your Kingdom.</p><p>Your tail has begun\u2026</p><p><b>Master Brutal Combat</b><br>From frog zombies to gargantuan grubs \u2013 and everything in-between \u2013 the Kingdom is awash with danger. To overcome each perilous encounter, you\u2019ll need to study your opponent\u2019s attacks and react accordingly! Thankfully, there\u2019s a range of deadly abilities at your disposal, including parry bashes and fatal executions, not to mention ranged attacks with your nifty bow and arrow.</p><p><b>Explore a Treacherous Kingdom</b><br>Fully accompanied by the deep, raspy narrations of the legendary Doug Cockle (celebrated within the world of RPGs), prepare to embark on an epic adventure across the mediaeval-fantasy Rat Kingdom. Complete side quests and faction hunts for some additional gold-on-the-side, or join forces with a sharp-eyed companion to help even the playing field.</p><p><b>Customise your Attack</b><br>Adapt Redgi\u2019s combat style to the task at hand. Heavy armour may provide better protection but can you really afford to slow down your dodge-roll? And then there\u2019s the question of weapon; axes pack a punch, while spears are quick and nimble. Perhaps you\u2019d prefer the all-round performance of a trusty broadsword?</p><p><b>Overcome Savage Boss Fights</b><br>While danger lurks around every toadstool, you\u2019ll need to keep your wits sharp and your blade sharper when it comes to the devastating boss fights. Cold-blooded in every sense of the word, these oversized amphibians each present their own unique combat challenge, and you\u2019ll need more than a good set of armour to come out on top.</p><p><b>Brew Recipes, Craft Weapons, Forge Armour</b><br>Redgi\u2019s keep is also home to his brothers, Rem-Rem, Bam-Bam and Dug. Rem can cook up a health-boosting feast with ingredients found throughout the world, while Bam can craft new weapons and armors from special blueprints you\u2019ll uncover\u2026 if you look hard enough. And then there\u2019s Dug, who\u2019ll update you about new quests available throughout the Kingdom.</p><p><b><h3>Game Features</h3></b></p><ul><li>Master brutal combat, inspired by the souls-like genre, featuring dodge-rolls, parry bashes, and fatal executions!</li><li>Explore a vast and treacherous Kingdom, comprising six distinct biomes, each with its own hidden paths and secrets</li><li>Immerse yourself in a compelling story, narrated by the deep, raspy vocals of the legendary Doug Cockle</li><li>Customise your attack style with a vast array of distinct weapons and armour</li><li>Assemble a band of brave companions, ready to aid you on select missions</li><li>Complete side quests to earn additional gold-on-the-side</li><li>Unearth special blueprints to forge new and powerful weapons</li><li>Collect rare ingredients to cook up health-boosting feasts</li><li>Overcome savage boss fights against the Frog Clan\u2019s deadly, oversized generals</li><li>Lose yourself in the gorgeous and lovingly-crafted 2D hand-drawn art style.</li></ul></div></div>             </div>"
}