{
    "link": "https://fitgirl-repacks.site/tales-of-arise/",
    "title": "Tales of Arise: Ultimate Edition+ 25 DLCs + Proper Controller Fix",
    "first_img": "https://i5.imageban.ru/out/2021/09/11/f88e2d477187d399fe8ca7f3563d5fdc.jpg",
    "second_img": "https://s01.riotpixels.net/data/c5/34/c5343e20-d02d-42aa-873b-b2fc34981860.jpg.240p.jpg",
    "body": "<div ><h2>Tales of Arise: Ultimate Edition+ 25 DLCs + Proper Controller Fix</h2><p ><div><a target=\"_blank\" href=\"https://en.riotpixels.com/games/tales-of-arise/\" rel=\"noopener\"><img class=\"alignleft\" width=\"150\" src=\"https://i5.imageban.ru/out/2021/09/11/f88e2d477187d399fe8ca7f3563d5fdc.jpg\"></a></div><br>Genres/Tags: <strong>RPG, Third-person, Japanese, Real-time, 3D</strong><br>Companies: <strong>BANDAI NAMCO Studios Inc., BANDAI NAMCO Entertainment</strong><br>Languages: <strong>RUS/ENG/MULTI11</strong><br>Original Size: <strong>36.3 GB</strong><br>Repack Size: <strong>26.2 GB</strong></p>&nbsp;<div>&nbsp;</div><h3>Download Mirrors</h3><ul><li><a href=\"https://1337x.to/torrent/4980261/Tales-of-Arise-Ultimate-Edition-25-DLCs-Proper-Controller-Fix-MULTi11-FitGirl-Repack-Selective-Download-from-25-1-GB/\" target=\"_blank\" rel=\"noopener\">1337x</a> | [<a href=\"magnet:?xt=urn:btih:CFB43B76EE09F7E0482187963B507F5CF9FFBFD6&amp;dn=Tales+of+Arise%3A+Ultimate+Edition+%28%2B+25+DLCs+%2B+Proper+Controller+Fix%2C+MULTi11%29+%5BFitGirl+Repack%2C+Selective+Download+-+from+25.1+GB%5D&amp;tr=udp%3A%2F%2F46.148.18.250%3A2710&amp;tr=udp%3A%2F%2Fopentor.org%3A2710&amp;tr=udp%3A%2F%2Ftracker.coppersurfer.tk%3A6969%2Fannounce&amp;tr=udp%3A%2F%2Ftracker.opentrackr.org%3A1337%2Fannounce&amp;tr=http%3A%2F%2Ftracker.dler.org%3A6969%2Fannounce&amp;tr=udp%3A%2F%2Ftracker.leechers-paradise.org%3A6969%2Fannounce&amp;tr=udp%3A%2F%2F9.rarbg.me%3A2730%2Fannounce&amp;tr=udp%3A%2F%2F9.rarbg.to%3A2770%2Fannounce&amp;tr=udp%3A%2F%2Ftracker.pirateparty.gr%3A6969%2Fannounce&amp;tr=http%3A%2F%2Fretracker.local%2Fannounce&amp;tr=http%3A%2F%2Fretracker.ip.ncnet.ru%2Fannounce&amp;tr=udp%3A%2F%2Fexodus.desync.com%3A6969%2Fannounce&amp;tr=udp%3A%2F%2Fipv4.tracker.harry.lu%3A80%2Fannounce&amp;tr=udp%3A%2F%2Fopen.stealth.si%3A80%2Fannounce&amp;tr=udp%3A%2F%2Ftracker.zer0day.to%3A1337%2Fannounce&amp;tr=udp%3A%2F%2Ftracker.leechers-paradise.org%3A6969%2Fannounce&amp;tr=udp%3A%2F%2Fcoppersurfer.tk%3A6969%2Fannounce\">magnet</a>] [<a href=\"https://pastefg.hermietkreeft.site/?920338c68e9bbd24#J7vnumsDDg1mMSPF4NjQzvPkseEVC6FewTtMpcDq8RBK\" target=\"_blank\" rel=\"noopener\">.torrent file only</a>] <br><img src=\"https://torrent-stats.info/8796/26c4d15b6.png\" style=\"display:block;clear:both\"></li><li><a href=\"http://rutor.info/torrent/833784/tales-of-arise-ultimate-edition-dlcs-gamepad-fix-2021-pc-repack-ot-fitgirl\" target=\"_blank\" rel=\"noopener\">RuTor</a> [<a href=\"magnet:?xt=urn:btih:cfb43b76ee09f7e0482187963b507f5cf9ffbfd6&amp;dn=rutor.info_Tales+of+Arise%3A+Ultimate+Edition+%5B%2B+DLCs+%2B+Gamepad+Fix%5D+%282021%29+PC+%7C+RePack+%D0%BE%D1%82+FitGirl&amp;tr=udp://opentor.net:6969&amp;tr=udp://opentor.org:2710&amp;tr=http://retracker.local/announce\">magnet</a>]</li><li><a href=\"https://tapochek.net/viewtopic.php?p=2799621#2799621\" target=\"_blank\" rel=\"noopener\">Tapochek.net</a></li><li><a href=\"https://pastefg.hermietkreeft.site/?8b21a6197d4f98a0#Fu6GK5feyvUYJs39hHPXg9zYShnKiEFmTrjYRM2xbCTB\" target=\"_blank\" rel=\"noopener\">Filehoster: MultiUpload</a> (10+ hosters, interchangeable) [Use <a href=\"http://jdownloader.org/jdownloader2\" target=\"_blank\" rel=\"noopener\">JDownloader2</a>]</li><li><a href=\"https://pastefg.hermietkreeft.site/?3a5b5d698a89c192#DPnWK2Ayhe8mddWymToaH6UvbehjbaUGD9ED2EWwD7Uq\" target=\"_blank\" rel=\"noopener\">Filehoster: PixelDrain</a></li><li><a href=\"https://pastefg.hermietkreeft.site/?ac294f91a3eec827#CWuuMFJhMVEFtuDN7vqYwhxXubLWn6PZEejxpni7jieA\" target=\"_blank\" rel=\"noopener\">Filehoster: ZippyShare</a></li><li><a href=\"https://pastefg.hermietkreeft.site/?b97e7117f3edb3c2#B22EUBZGehBrs5W3vaGf28dppbXHAN5gpwHTYrPzqBCY\" target=\"_blank\" rel=\"noopener\">Filehoster: LetsUpload</a> [Use <a href=\"http://jdownloader.org/jdownloader2\" target=\"_blank\" rel=\"noopener\">JDownloader2</a>]</li><li><a href=\"https://pastefg.hermietkreeft.site/?c08480922477e880#4kVZQhHJvCFNGfJH5Qr6c7e2hBaf3srM2gXAKrDsrkwA\" target=\"_blank\" rel=\"noopener\">Filehoster: OneDrive</a> (Uploaded by DyR0 t(-_-t), NOT compatible with other mirrors)</li></ul><p><a href=\"https://cs.rin.ru/forum/viewtopic.php?f=10&amp;t=97637\" target=\"_blank\" rel=\"noopener\">Discussion and (possible) future updates on CS.RIN.RU thread</a></p><h3>Screenshots (Click to enlarge)</h3><p><a target=\"_blank\" href=\"https://en.riotpixels.com/games/tales-of-arise/screenshots/104/?utm_source=emb-gfx-html&amp;utm_medium=image&amp;utm_campaign=rp-mass\" rel=\"noopener\"><img loading=\"lazy\" width=\"178\" height=\"100\" border=\"0\" src=\"https://s01.riotpixels.net/data/c5/34/c5343e20-d02d-42aa-873b-b2fc34981860.jpg.240p.jpg\"></a><a target=\"_blank\" href=\"https://en.riotpixels.com/games/tales-of-arise/screenshots/100/?utm_source=emb-gfx-html&amp;utm_medium=image&amp;utm_campaign=rp-mass\" rel=\"noopener\"><img loading=\"lazy\" width=\"178\" height=\"100\" border=\"0\" src=\"https://s01.riotpixels.net/data/8c/0a/8c0ae54c-1bc0-41f6-8039-7aaec8dd7e65.jpg.240p.jpg\"></a><a target=\"_blank\" href=\"https://en.riotpixels.com/games/tales-of-arise/screenshots/86/?utm_source=emb-gfx-html&amp;utm_medium=image&amp;utm_campaign=rp-mass\" rel=\"noopener\"><img loading=\"lazy\" width=\"178\" height=\"100\" border=\"0\" src=\"https://s01.riotpixels.net/data/69/c9/69c9ed1b-3d2b-480c-92b6-4d3dadf8c9ae.jpg.240p.jpg\"></a><br><a target=\"_blank\" href=\"https://en.riotpixels.com/games/tales-of-arise/screenshots/75/?utm_source=emb-gfx-html&amp;utm_medium=image&amp;utm_campaign=rp-mass\" rel=\"noopener\"><img loading=\"lazy\" width=\"178\" height=\"100\" border=\"0\" src=\"https://s01.riotpixels.net/data/cc/52/cc52516b-78c9-44c7-b147-9efbda881cb3.jpg.240p.jpg\"></a><a target=\"_blank\" href=\"https://en.riotpixels.com/games/tales-of-arise/screenshots/62/?utm_source=emb-gfx-html&amp;utm_medium=image&amp;utm_campaign=rp-mass\" rel=\"noopener\"><img loading=\"lazy\" width=\"178\" height=\"100\" border=\"0\" src=\"https://s01.riotpixels.net/data/74/e9/74e9a78f-dd6c-4774-9142-2a10ad4d2b0b.jpg.240p.jpg\"></a><a target=\"_blank\" href=\"https://en.riotpixels.com/games/tales-of-arise/screenshots/46/?utm_source=emb-gfx-html&amp;utm_medium=image&amp;utm_campaign=rp-mass\" rel=\"noopener\"><img loading=\"lazy\" width=\"178\" height=\"100\" border=\"0\" src=\"https://s01.riotpixels.net/data/d6/c9/d6c93571-a166-403b-88eb-45be10725cfd.jpg.240p.jpg\"></a></p><h3>Repack Features</h3><ul><li>Based on Tales_of_Arise-FLT ISO release: flt-tales_of_arise.iso (38,970,476,544 bytes)</li><li>Tales.of.Arise.DLC.Unlocker-ANOMALY applied over; 25 DLCs are included and activated</li><li>Proper Goldberg Emulator (Build a7c04018) with config from chronos is available in NoDVD folder after installation. It fixes controller issues which you could have with FLT crack</li><li>100% Lossless &amp; MD5 Perfect: all files are identical to originals after installation (ONLY when installed with both voiceover packs)</li><li>NOTHING ripped, NOTHING re-encoded</li><li><del datetime=\"2021-09-11T21:58:10+00:00\">Selective Download feature: you may skip downloading and installing of English or Japanese voiceovers</del> <strong>You should download both language packs, otherwise the game will be muted after the initial scene.</strong></li><li>Significantly smaller archive size (compressed from 36.3 to 26.2 GB)</li><li>Installation takes 8-27 minutes (depending on your system and selected components)</li><li>After-install integrity check so you could make sure that everything installed properly</li><li>HDD space after installation: 38.5 GB</li><li>Repack uses XTool library by Razor12911</li><li>At least 2 GB of free RAM (inc. virtual) required for installing this repack</li><li style=\"color: red; font-size: 50px; font-weight: bold\">Due to astonishing amount of blind fucking idiots in comments who asks for \u201cHow to change the game language\u201d I had to emphasize this a little bit: To force specific game language add this parameter to game\u2019s desktop icon: -culture=XX, where XX is one of these: en_us, fr_fr, it_it, de_de, es_es, es_mx, ru_ru, ja_jp, pt_br, ko_kr, zh-Hant-TW</li></ul><div ><div><h2>Game Description</h2></div><div ><b>A world of nature drawn with the \u201cAtmospheric Shader\u201d:</b><br>We are introducing a new graphics shader, inspired by anime and watercolor painting. Characters with attractive designs travel among backgrounds filled with beautiful and delicate visuals.<p><b>Explore a world that feels alive:</b><br>Explore the world of Dahna, where a mix of unique, natural environments change in appearance based on the time of day. Climb over the rocky terrain, swim in rivers, gather around the campfire, cook food, head to the next town, defeat the master of an alien planet, and liberate the people!</p><p><b>Stylish action and battles:</b><br>Through the new system \u201cBoost Strike\u201d, you can now chain combos of powerful attacks together with your party members. Chain Artes, Boost Attacks, and Boost Strike combos to take down your enemies!</p><p><b>Experience the story of the divided Renan and Dahnan people:</b><br>The protagonists who will determine the fate of these two worlds are Alphen and Shionne. They will overcome hardships and grow together with their unique group of friends. Gorgeous animation by ufotable is inserted at key points in the story, adding more color to our protagonists\u2019 journey.</p><p><b>Included DLCs</b></p><ul><li>Starter Pack</li><li>Relief Support Pack</li><li>Growth Boost Pack</li><li>Premium Travel Pack</li><li>Tales of Series Battle BGM Pack</li><li>Collaboration Costume Pack</li><li>100,000 Gald 1</li><li>100,000 Gald 2</li><li>100,000 Gald 3</li><li>School Life Triple Pack (Male)</li><li>100,000 Gald 4</li><li>Premium Item Pack</li><li>Premium Costume Pack</li><li>+5 Level Up 1</li><li>+5 Level Up 2</li><li>+5 Level Up 3</li><li>+5 Level Up 4</li><li>+10 Level Up 1</li><li>+10 Level Up 2</li><li>Beach Time Triple Pack (Male)</li><li>Beach Time Triple Pack (Female)</li><li>Pre-Order Bonus Pack</li><li>School Life Triple Pack (Female)</li><li>Warring States Outfits Triple Pack (Male)</li><li>Warring States Outfits Triple Pack (Female)</li></ul></div></div>             </div>"
}