{
    "link": "https://fitgirl-repacks.site/tennis-manager-2021/",
    "title": "Tennis Manager 2021 \u2013 v1.6.2093",
    "first_img": "https://i6.imageban.ru/out/2021/09/08/ef54490def0cf50552bccc9049ac67ea.jpg",
    "second_img": "https://s01.riotpixels.net/data/16/59/1659f562-26c8-44bb-ae0c-38110982319a.jpg.240p.jpg",
    "body": "<div ><h2>Tennis Manager 2021 \u2013 v1.6.2093</h2><p ><div><a target=\"_blank\" href=\"https://en.riotpixels.com/games/tennis-manager-2021/\" rel=\"noopener\"><img class=\"alignleft\" width=\"150\" src=\"https://i6.imageban.ru/out/2021/09/08/ef54490def0cf50552bccc9049ac67ea.jpg\"></a></div><br>Genres/Tags: <strong>Managerial, Sports, Tennis, 3D</strong><br>Company: <strong>Rebound CG</strong><br>Languages: <strong>ENG/MULTI5</strong><br>Original Size: <strong>1.4 GB</strong><br>Repack Size: <strong>432 MB</strong></p>&nbsp;<div>&nbsp;</div><h3>Download Mirrors</h3><ul><li><a href=\"https://1337x.to/torrent/4977100/Tennis-Manager-2021-v1-6-2093-MULTi5-FitGirl-Repack/\" target=\"_blank\" rel=\"noopener\">1337x</a> | [<a href=\"magnet:?xt=urn:btih:935FF364D56BCF7BBBD1F2A5819EFAB5CB3AD88E&amp;dn=Tennis+Manager+2021+%28v1.6.2093%2C+MULTi5%29+%5BFitGirl+Repack%5D&amp;tr=udp%3A%2F%2F46.148.18.250%3A2710&amp;tr=udp%3A%2F%2Fopentor.org%3A2710&amp;tr=udp%3A%2F%2Ftracker.coppersurfer.tk%3A6969%2Fannounce&amp;tr=udp%3A%2F%2Ftracker.opentrackr.org%3A1337%2Fannounce&amp;tr=http%3A%2F%2Ftracker.dler.org%3A6969%2Fannounce&amp;tr=udp%3A%2F%2Ftracker.leechers-paradise.org%3A6969%2Fannounce&amp;tr=udp%3A%2F%2F9.rarbg.me%3A2730%2Fannounce&amp;tr=udp%3A%2F%2F9.rarbg.to%3A2770%2Fannounce&amp;tr=udp%3A%2F%2Ftracker.pirateparty.gr%3A6969%2Fannounce&amp;tr=http%3A%2F%2Fretracker.local%2Fannounce&amp;tr=http%3A%2F%2Fretracker.ip.ncnet.ru%2Fannounce&amp;tr=udp%3A%2F%2Fexodus.desync.com%3A6969%2Fannounce&amp;tr=udp%3A%2F%2Fipv4.tracker.harry.lu%3A80%2Fannounce&amp;tr=udp%3A%2F%2Fopen.stealth.si%3A80%2Fannounce&amp;tr=udp%3A%2F%2Ftracker.zer0day.to%3A1337%2Fannounce&amp;tr=udp%3A%2F%2Ftracker.leechers-paradise.org%3A6969%2Fannounce&amp;tr=udp%3A%2F%2Fcoppersurfer.tk%3A6969%2Fannounce\">magnet</a>] [<a href=\"https://pastefg.hermietkreeft.site/?c4d41e8dfef2e7ba#ApUdUWw8mYnCCc9rz1ePmkKYV334wgUdkkZisx9Ajn7C\" target=\"_blank\" rel=\"noopener\">.torrent file only</a>] <br><img src=\"https://torrent-stats.info/f2a5/455156145.png\" style=\"display:block;clear:both\"></li><li><a href=\"https://tapochek.net/viewtopic.php?p=2799088\" target=\"_blank\" rel=\"noopener\">Tapochek.net</a></li><li><a href=\"https://pastefg.hermietkreeft.site/?55f231c489e2dd77#2CXQWcDQUdSUxYcY4Vb1EmfvsLXGsuyosJPDm7VvZGC9\" target=\"_blank\" rel=\"noopener\">Filehoster: MultiUpload</a> (10+ hosters, interchangeable) [Use <a href=\"http://jdownloader.org/jdownloader2\" target=\"_blank\" rel=\"noopener\">JDownloader2</a>]</li><li><a href=\"https://pastefg.hermietkreeft.site/?ddce4d675362656c#BcxPZL2Ppzgnz5ww8B5rsWXYydU8v9Y6a4m17JHPmQeM\" target=\"_blank\" rel=\"noopener\">Filehoster: PixelDrain</a></li><li><a href=\"https://pastefg.hermietkreeft.site/?3fae7ecb89a61986#3vQQXKpKXHsp1Ys5mQMeXuwXhcQ8WaZ8ksDtRVSB1SoA\" target=\"_blank\" rel=\"noopener\">Filehoster: ZippyShare</a></li><li><a href=\"https://pastefg.hermietkreeft.site/?1400c4e55c64939d#Cykxz2CUpp9k4g8hoANRTp9LGPE6bkH1TNzhq6YYLTzT\" target=\"_blank\" rel=\"noopener\">Filehoster: LetsUpload</a> [Use <a href=\"http://jdownloader.org/jdownloader2\" target=\"_blank\" rel=\"noopener\">JDownloader2</a>]</li><li><a href=\"https://crackhub.site/tennis-manager-2021-v1-6-2093-fitgirl-repack/\" target=\"_blank\" rel=\"noopener\">Filehosters: Google Drive, OneDrive + others</a> (Uploaded by crackhub213)</li><li><a href=\"https://pastefg.hermietkreeft.site/?aa20a655b9db8af9#APQq95PM9KTxWQaz7sYNrSYLjvpBA2z6B2F3JWA4tX21\" target=\"_blank\" rel=\"noopener\">Filehoster: OneDrive</a> (Uploaded by DyR0 t(-_-t), NOT compatible with other mirrors)</li></ul><p><a href=\"https://cs.rin.ru/forum/viewtopic.php?f=10&amp;t=112711\" target=\"_blank\" rel=\"noopener\">Discussion and (possible) future updates on CS.RIN.RU thread</a></p><h3>Screenshots (Click to enlarge)</h3><p><a target=\"_blank\" href=\"https://en.riotpixels.com/games/tennis-manager-2021/screenshots/7/?utm_source=emb-gfx-html&amp;utm_medium=image&amp;utm_campaign=rp-mass\" rel=\"noopener\"><img loading=\"lazy\" width=\"178\" height=\"100\" border=\"0\" src=\"https://s01.riotpixels.net/data/16/59/1659f562-26c8-44bb-ae0c-38110982319a.jpg.240p.jpg\"></a><a target=\"_blank\" href=\"https://en.riotpixels.com/games/tennis-manager-2021/screenshots/6/?utm_source=emb-gfx-html&amp;utm_medium=image&amp;utm_campaign=rp-mass\" rel=\"noopener\"><img loading=\"lazy\" width=\"178\" height=\"100\" border=\"0\" src=\"https://s01.riotpixels.net/data/33/71/33715c1a-5308-47b0-8464-0a0a9dafc14a.jpg.240p.jpg\"></a><a target=\"_blank\" href=\"https://en.riotpixels.com/games/tennis-manager-2021/screenshots/5/?utm_source=emb-gfx-html&amp;utm_medium=image&amp;utm_campaign=rp-mass\" rel=\"noopener\"><img loading=\"lazy\" width=\"178\" height=\"100\" border=\"0\" src=\"https://s01.riotpixels.net/data/93/92/9392b1ae-e1ad-412c-b45d-7bdc7fd7a420.jpg.240p.jpg\"></a><br><a target=\"_blank\" href=\"https://en.riotpixels.com/games/tennis-manager-2021/screenshots/4/?utm_source=emb-gfx-html&amp;utm_medium=image&amp;utm_campaign=rp-mass\" rel=\"noopener\"><img loading=\"lazy\" width=\"178\" height=\"100\" border=\"0\" src=\"https://s01.riotpixels.net/data/23/d6/23d64b22-6c72-4a6d-975b-a5b06dec1d86.jpg.240p.jpg\"></a><a target=\"_blank\" href=\"https://en.riotpixels.com/games/tennis-manager-2021/screenshots/2/?utm_source=emb-gfx-html&amp;utm_medium=image&amp;utm_campaign=rp-mass\" rel=\"noopener\"><img loading=\"lazy\" width=\"178\" height=\"100\" border=\"0\" src=\"https://s01.riotpixels.net/data/07/6b/076b673a-b284-49f0-a14d-f7cac1e23a7c.jpg.240p.jpg\"></a><a target=\"_blank\" href=\"https://en.riotpixels.com/games/tennis-manager-2021/screenshots/1/?utm_source=emb-gfx-html&amp;utm_medium=image&amp;utm_campaign=rp-mass\" rel=\"noopener\"><img loading=\"lazy\" width=\"178\" height=\"100\" border=\"0\" src=\"https://s01.riotpixels.net/data/92/c1/92c1b45e-343a-43ab-bbe1-4787854b8521.jpg.240p.jpg\"></a></p><h3>Repack Features</h3><ul><li>Based on Tennis.Manager.2021-DARKSiDERS ISO release: ds-tennismanager2021.iso (1,484,656,640 bytes)</li><li>Game version is v1.6.2093</li><li>100% Lossless &amp; MD5 Perfect: all files are identical to originals after installation</li><li>NOTHING ripped, NOTHING re-encoded</li><li>Significantly smaller archive size (compressed from 1.4 GB to 432 MB)</li><li>Installation takes 2-4 minutes</li><li>After-install integrity check so you could make sure that everything installed properly</li><li>HDD space after installation: 1.8 GB (5.7 GB during installation)</li><li>Language can be changed in game settings</li><li>At least 2 GB of free RAM (inc. virtual) required for installing this repack</li></ul><div ><div><h2>Game Description</h2></div><div >The rise of tennis academies has started. Their development is on the brink of offering thousands of promising players the chance to grow to the top of the tennis world.<p>Yet, everything remains to be done. As a manager, it is your opportunity to develop your academy and bring the best out of your players. From local tournaments all the way up to Grand Slams, the future of tennis champions lies in your hands. Are you up for the challenge?</p><p><b><h3>Game Features</h3></b></p><ul><li><b>Enter the Tennis World:</b> Take on tennis tours with over 2000 tournaments. Live true-to-life management experiences in a dynamic Tennis World: coming from junior and pro circuits, over 5000 players are eager to walk on the road to success with their new manager.</li><li><b>Grow your academy:</b> Enter the academy of your choice, or create your own from scratch. Tennis courts, medical facilities, business centers or your own tennis school: you will be able to build all of these to make your academy shine and become renowned worldwide. While costly, upgrading your academy\u2019s infrastructure will allow you to hire more staff, increase business opportunities, and attract talented players.</li><li><b>Manage your finances:</b> Players, staffs, investors: there\u2019s too much money and too many nice guys around. Whether you create your own academy, join a small one, or choose a world-famous institute, there will be many opportunities to earn money\u2026 and to spend it. Part of your job is to monitor your academy\u2019s financial health, which is why you have access to many tools and staffs.</li><li><b>Build your team:</b> Each player has their set of strengths and weaknesses that you\u2019ll have to factor in to recruit &amp; get the best out of them. Dozens of parameters govern how each player behaves, both in and out of the field. Playstyle, favorite surface, morphology, temper, physical condition: all these aspects make each player unique. As a manager, you are given a set of analytical tools that help you better grasp your players and follow their evolution over time.</li><li><b>Manage your team:</b> While managing your Pro Team\u2019s schedule, you will shape your players the way you choose to. Set up your own training routines or follow your staffs\u2019 recommendations. Deal with equipment brands for each player: new look or big income? The choice is yours. You have access to many iconic brands of the sport such as Wilson, Lacoste or ASICS and their latest 2021 collections.</li><li><b>Give pep-talks &amp; interviews:</b> Being a skilled analyst will make you a good manager. Being a great speaker will make you an excellent one. Whether it is to buy some time on your hierarchy who\u2019s harassing you for results or to gain the favors of the press, daily talks are part of a manager\u2019s life. Before an important match or in-between 2 sets, your players need to know they can count on your rhetorical skills to give them that extra boost they need. Or just let the racket do the talking.</li><li><b>Coach your players in real time:</b> A unique 3D match engine with 3D match stats gives you the power. Select pre-made game plans for a faster kickoff, or dig into every aspect of your players\u2019 playstyles. Should they return down the line or at the center? High or low power? With proper coaching, your players are ready to steal the limelight and start piling up Grand Slam trophies for your academy!</li></ul></div></div>             </div>"
}