{
    "link": "https://fitgirl-repacks.site/terrain-of-magical-expertise/",
    "title": "Terrain of Magical Expertise",
    "first_img": "https://i6.imageban.ru/out/2021/09/12/f76acfe88ef4f5c0ae180a36e592b5cd.jpg",
    "second_img": "https://s01.riotpixels.net/data/4c/4f/4c4f056b-f321-4842-aa5a-86988885663f.jpg.240p.jpg",
    "body": "<div ><h2>Terrain of Magical Expertise</h2><p ><div><a target=\"_blank\" href=\"https://en.riotpixels.com/games/terrain-of-magical-expertise/\" rel=\"noopener\"><img class=\"alignleft\" width=\"150\" src=\"https://i6.imageban.ru/out/2021/09/12/f76acfe88ef4f5c0ae180a36e592b5cd.jpg\"></a></div><br>Genres/Tags: <strong>RPG, Isometric, Turn-based, 2D</strong><br>Companies: <strong>NEO-C Productions L.L.C, 1C Entertainment</strong><br>Languages: <strong>RUS/ENG/MULTI3</strong><br>Original Size: <strong>7.3 GB</strong><br>Repack Size: <strong>5.4 GB</strong></p>&nbsp;<div>&nbsp;</div><h3>Download Mirrors</h3><ul><li><a href=\"https://1337x.to/torrent/4982201/Terrain-of-Magical-Expertise-MULTi3-FitGirl-Repack/\" target=\"_blank\" rel=\"noopener\">1337x</a> | [<a href=\"magnet:?xt=urn:btih:249F129D56EF803C0D26F25FAB0EC883189A9CF1&amp;dn=Terrain+of+Magical+Expertise+%28MULTi3%29+%5BFitGirl+Repack%5D&amp;tr=udp%3A%2F%2F46.148.18.250%3A2710&amp;tr=udp%3A%2F%2Fopentor.org%3A2710&amp;tr=udp%3A%2F%2Ftracker.coppersurfer.tk%3A6969%2Fannounce&amp;tr=udp%3A%2F%2Ftracker.opentrackr.org%3A1337%2Fannounce&amp;tr=http%3A%2F%2Ftracker.dler.org%3A6969%2Fannounce&amp;tr=udp%3A%2F%2Ftracker.leechers-paradise.org%3A6969%2Fannounce&amp;tr=udp%3A%2F%2F9.rarbg.me%3A2730%2Fannounce&amp;tr=udp%3A%2F%2F9.rarbg.to%3A2770%2Fannounce&amp;tr=udp%3A%2F%2Ftracker.pirateparty.gr%3A6969%2Fannounce&amp;tr=http%3A%2F%2Fretracker.local%2Fannounce&amp;tr=http%3A%2F%2Fretracker.ip.ncnet.ru%2Fannounce&amp;tr=udp%3A%2F%2Fexodus.desync.com%3A6969%2Fannounce&amp;tr=udp%3A%2F%2Fipv4.tracker.harry.lu%3A80%2Fannounce&amp;tr=udp%3A%2F%2Fopen.stealth.si%3A80%2Fannounce&amp;tr=udp%3A%2F%2Ftracker.zer0day.to%3A1337%2Fannounce&amp;tr=udp%3A%2F%2Ftracker.leechers-paradise.org%3A6969%2Fannounce&amp;tr=udp%3A%2F%2Fcoppersurfer.tk%3A6969%2Fannounce\">magnet</a>] [<a href=\"https://pastefg.hermietkreeft.site/?6cf3dc890012c52e#VhAjDjTUckdmkyH5cigZQFmUxVRKzss7Q6PeWoiJYX5\" target=\"_blank\" rel=\"noopener\">.torrent file only</a>] <br><img src=\"https://torrent-stats.info/f25f/4554e3bf1.png\" style=\"display:block;clear:both\"></li><li><a href=\"http://rutor.info/torrent/834083/terrain-of-magical-expertise-2021-pc-repack-ot-fitgirl\" target=\"_blank\" rel=\"noopener\">RuTor</a> [<a href=\"magnet:?xt=urn:btih:249f129d56ef803c0d26f25fab0ec883189a9cf1&amp;dn=rutor.info_Terrain+of+Magical+Expertise+%282021%29+PC+%7C+RePack+%D0%BE%D1%82+FitGirl&amp;tr=udp://opentor.net:6969&amp;tr=udp://opentor.org:2710&amp;tr=http://retracker.local/announce\">magnet</a>]</li><li><a href=\"https://tapochek.net/viewtopic.php?p=2799976\" target=\"_blank\" rel=\"noopener\">Tapochek.net</a></li><li><a href=\"https://pastefg.hermietkreeft.site/?0855391da2030cb1#285cp6YED3ZRnWPL4kHBSo7T244UBkKJxGRAgTYCYpVQ\" target=\"_blank\" rel=\"noopener\">Filehoster: MultiUpload</a> (10+ hosters, interchangeable) [Use <a href=\"http://jdownloader.org/jdownloader2\" target=\"_blank\" rel=\"noopener\">JDownloader2</a>]</li><li><a href=\"https://pastefg.hermietkreeft.site/?7191e60a27c244d3#HrLwF4R5a2x2Pm2CXot7pkWSmMoc3RUHhQ1dE4jawkvX\" target=\"_blank\" rel=\"noopener\">Filehoster: PixelDrain</a></li><li><a href=\"https://pastefg.hermietkreeft.site/?79a6ab6e3f8aeb46#E98KkQ5JQrTEatc7dKcv1b7ZLtp64XZ2XdDYUyY6U8bL\" target=\"_blank\" rel=\"noopener\">Filehoster: ZippyShare</a></li><li><a href=\"https://pastefg.hermietkreeft.site/?72dd609d45ce953b#81Z1nynmabax9UmPaTprDsNUs2kxgsN7v131E9fuGTjt\" target=\"_blank\" rel=\"noopener\">Filehoster: LetsUpload</a> [Use <a href=\"http://jdownloader.org/jdownloader2\" target=\"_blank\" rel=\"noopener\">JDownloader2</a>]</li><li><a href=\"https://pastefg.hermietkreeft.site/?4340075de9c2cc67#HnnAtNnCX3UtnKnm5wbqBZN7SkRP4Y6zGtXF3LnmSbW9\" target=\"_blank\" rel=\"noopener\">Filehoster: OneDrive</a> (Uploaded by DyR0 t(-_-t), NOT compatible with other mirrors)</li></ul><p><a href=\"https://cs.rin.ru/forum/viewtopic.php?f=10&amp;t=115753\" target=\"_blank\" rel=\"noopener\">Discussion and (possible) future updates on CS.RIN.RU thread</a></p><h3>Screenshots (Click to enlarge)</h3><p><a target=\"_blank\" href=\"https://en.riotpixels.com/games/terrain-of-magical-expertise/screenshots/11/?utm_source=emb-gfx-html&amp;utm_medium=image&amp;utm_campaign=rp-mass\" rel=\"noopener\"><img loading=\"lazy\" width=\"178\" height=\"100\" border=\"0\" src=\"https://s01.riotpixels.net/data/4c/4f/4c4f056b-f321-4842-aa5a-86988885663f.jpg.240p.jpg\"></a><a target=\"_blank\" href=\"https://en.riotpixels.com/games/terrain-of-magical-expertise/screenshots/9/?utm_source=emb-gfx-html&amp;utm_medium=image&amp;utm_campaign=rp-mass\" rel=\"noopener\"><img loading=\"lazy\" width=\"178\" height=\"100\" border=\"0\" src=\"https://s01.riotpixels.net/data/87/07/87077fde-4386-498a-a403-4afde326ac3b.jpg.240p.jpg\"></a><a target=\"_blank\" href=\"https://en.riotpixels.com/games/terrain-of-magical-expertise/screenshots/8/?utm_source=emb-gfx-html&amp;utm_medium=image&amp;utm_campaign=rp-mass\" rel=\"noopener\"><img loading=\"lazy\" width=\"178\" height=\"100\" border=\"0\" src=\"https://s01.riotpixels.net/data/71/34/7134e67c-a43a-4201-b2e0-5012de84351e.jpg.240p.jpg\"></a><br><a target=\"_blank\" href=\"https://en.riotpixels.com/games/terrain-of-magical-expertise/screenshots/6/?utm_source=emb-gfx-html&amp;utm_medium=image&amp;utm_campaign=rp-mass\" rel=\"noopener\"><img loading=\"lazy\" width=\"178\" height=\"100\" border=\"0\" src=\"https://s01.riotpixels.net/data/fc/d7/fcd716ed-f26a-401c-97d5-51dba630c6ab.jpg.240p.jpg\"></a><a target=\"_blank\" href=\"https://en.riotpixels.com/games/terrain-of-magical-expertise/screenshots/4/?utm_source=emb-gfx-html&amp;utm_medium=image&amp;utm_campaign=rp-mass\" rel=\"noopener\"><img loading=\"lazy\" width=\"178\" height=\"100\" border=\"0\" src=\"https://s01.riotpixels.net/data/0d/49/0d4939e9-43e8-4304-a22c-d7a4d90105b5.jpg.240p.jpg\"></a><a target=\"_blank\" href=\"https://en.riotpixels.com/games/terrain-of-magical-expertise/screenshots/2/?utm_source=emb-gfx-html&amp;utm_medium=image&amp;utm_campaign=rp-mass\" rel=\"noopener\"><img loading=\"lazy\" width=\"178\" height=\"100\" border=\"0\" src=\"https://s01.riotpixels.net/data/ba/51/ba51aea7-cad7-453c-b58f-c5606ca27142.jpg.240p.jpg\"></a></p><h3>Repack Features</h3><ul><li>Based on Terrain.of.Magical.Expertise-CODEX ISO release: codex-terrain.of.magical.expertise.iso (7,803,535,360 bytes)</li><li>100% Lossless &amp; MD5 Perfect: all files are identical to originals after installation</li><li>NOTHING ripped, NOTHING re-encoded</li><li>Significantly smaller archive size (compressed from 7.3 to 5.4 GB)</li><li>Installation takes 4-6 minutes (depending on your system)</li><li>After-install integrity check so you could make sure that everything installed properly</li><li>HDD space after installation: 14.9 GB</li><li>Language can be changed in game settings</li><li>At least 2 GB of free RAM (inc. virtual) required for installing this repack</li></ul><div ><div><h2>Game Description</h2></div><div ><p>We heard you like games, so we made a game about a game! Terrain of Magical Expertise is a non-linear, story-driven RPG adventure, featuring an original turn-based combat system enhanced with various quicktime events. Your character is a player of a fictional MMORPG which rose to prominence during a (obviously just as fictional) global pandemic, which caused almost everybody to stay home and play games. The game is inspired by a popular animated webseries (but not to worry, you will enjoy playing it even if you have never watched it!) and features a full cast of voice actors, including talents from some of your favorite video games, YouTube channels, anime and cartoons, as well as charming animations and a huge world to explore, \u201cTOME\u201d packs 40+ hours of pure fun.</p><p><b>STORY</b></p><p>It\u2019s the year 2020, and a popular new MMORPG called \u201cTOME\u201d is hosting a special event with a huge cash prize. You take the role of a White-Hat Hacker, gifted a copy of TOME by a mysterious friend, who asks for a favor to try and take down some sinister Black-Hat Hackers, that are cheating to win the \u201cCampaign of Champions\u201d competition! Joining forces by chance with a guild of determined players called \u201cThe Dandy Alliance\u201d, you embark on a turn-based role-playing adventure to help your newfound friends achieve victory!</p><p><b><h3>Game Features</h3></b></p><ul><li>Customize your player-character with a variety of magical techniques, all executed via specialized quicktime-events!</li><li>A fully-voiced adventure, featuring 50 actors from some of your favorite video games, anime and cartoons!</li><li>Utilize hacker abilities to turn the tide against your cheating enemies\u2026 or cheat yourself, manipulating the game\u2019s rules!!</li><li>6 party member characters, each with unique skills that can combine together into \u201cTeam Attacks\u201d that will devastate your foes!</li><li>25 stages to explore, with over 200 unique enemies to battle against in turn-based combat!</li><li>Branching narrative paths based on your decisions\u2026 as well as your victories and losses, resulting in multiple endings!</li><li>Inspired by a hit animated webseries \u201cTOME: Terrain of Magical Expertise\u201d</li></ul></div></div>             </div>"
}