{
    "link": "https://fitgirl-repacks.site/the-lightbringer/",
    "title": "The Lightbringer",
    "first_img": "https://i4.imageban.ru/out/2021/10/08/890290b3e3d4545b962400d01cb0a735.jpg",
    "second_img": "https://s01.riotpixels.net/data/bf/e5/bfe5121e-4b64-446d-93b1-f557d4b08c6e.jpg.240p.jpg",
    "body": "<div ><h2>The Lightbringer</h2><p ><div><a target=\"_blank\" href=\"https://en.riotpixels.com/games/lightbringer/\" rel=\"noopener\"><img class=\"alignleft\" width=\"150\" src=\"https://i4.imageban.ru/out/2021/10/08/890290b3e3d4545b962400d01cb0a735.jpg\"></a></div><br>Genres/Tags: <strong>Arcade, Platform adventure, Isometric, 3D</strong><br>Companies: <strong>Rock Square Thunder, Zordix Publishing</strong><br>Languages: <strong>ENG/MULTI10</strong><br>Original Size: <strong>962 MB</strong><br>Repack Size: <strong>582 MB</strong></p>&nbsp;<div>&nbsp;</div><h3>Download Mirrors</h3><ul><li><a href=\"https://1337x.to/torrent/5010267/The-Lightbringer-MULTi10-FitGirl-Repack/\" target=\"_blank\" rel=\"noopener\">1337x</a> | [<a href=\"magnet:?xt=urn:btih:C32A256AFEA0A70A05D50713C62BAE85869D7B62&amp;dn=The+Lightbringer+%28MULTi10%29+%5BFitGirl+Repack%5D&amp;tr=udp%3A%2F%2F46.148.18.250%3A2710&amp;tr=udp%3A%2F%2Fopentor.org%3A2710&amp;tr=udp%3A%2F%2Ftracker.coppersurfer.tk%3A6969%2Fannounce&amp;tr=udp%3A%2F%2Ftracker.opentrackr.org%3A1337%2Fannounce&amp;tr=http%3A%2F%2Ftracker.dler.org%3A6969%2Fannounce&amp;tr=udp%3A%2F%2Ftracker.leechers-paradise.org%3A6969%2Fannounce&amp;tr=udp%3A%2F%2F9.rarbg.me%3A2730%2Fannounce&amp;tr=udp%3A%2F%2F9.rarbg.to%3A2770%2Fannounce&amp;tr=udp%3A%2F%2Ftracker.pirateparty.gr%3A6969%2Fannounce&amp;tr=http%3A%2F%2Fretracker.local%2Fannounce&amp;tr=http%3A%2F%2Fretracker.ip.ncnet.ru%2Fannounce&amp;tr=udp%3A%2F%2Fexodus.desync.com%3A6969%2Fannounce&amp;tr=udp%3A%2F%2Fipv4.tracker.harry.lu%3A80%2Fannounce&amp;tr=udp%3A%2F%2Fopen.stealth.si%3A80%2Fannounce&amp;tr=udp%3A%2F%2Ftracker.zer0day.to%3A1337%2Fannounce&amp;tr=udp%3A%2F%2Ftracker.leechers-paradise.org%3A6969%2Fannounce&amp;tr=udp%3A%2F%2Fcoppersurfer.tk%3A6969%2Fannounce\">magnet</a>] [<a href=\"https://pastefg.hermietkreeft.site/?c1dc262cf7f3f559#ADw6S4AvJNupjciS4UzLJH1wWQXJLSpwjLQi4tLkxS9H\" target=\"_blank\" rel=\"noopener\">.torrent file only</a>] <br><img src=\"https://torrent-stats.info/0713/2090d421.png\" style=\"display:block;clear:both\"></li><li><a href=\"https://tapochek.net/viewtopic.php?p=2804789\" target=\"_blank\" rel=\"noopener\">Tapochek.net</a></li><li><a href=\"https://pastefg.hermietkreeft.site/?42563c3a61fa0ad9#Gfv9eNRHs3Zk3NeWTHbDgQa9J73joQHJC8Q4CWFRSC8i\" target=\"_blank\" rel=\"noopener\">Filehoster: MultiUpload</a> (10+ hosters, interchangeable) [Use <a href=\"http://jdownloader.org/jdownloader2\" target=\"_blank\" rel=\"noopener\">JDownloader2</a>]</li><li><a href=\"https://pastefg.hermietkreeft.site/?e9f8a8371901a824#C3mDrD6HQMa26VMc56wAfDt5dRX9DVY7N6ixi8f16B38\" target=\"_blank\" rel=\"noopener\">Filehoster: PixelDrain</a></li><li><a href=\"https://pastefg.hermietkreeft.site/?82fb9d8cbe84580d#8khWMbrN6adaUXKNmZ8HxzYarJJ8FHNPTwH1PkzQGgVE\" target=\"_blank\" rel=\"noopener\">Filehoster: ZippyShare</a></li><li><a href=\"https://pastefg.hermietkreeft.site/?1b349df84d7d8661#EyYT1aMuEEo7CD1UXq5P3GR7Xwcx8EAB2fEjzG3rsrB9\" target=\"_blank\" rel=\"noopener\">Filehoster: LetsUpload</a> [Use <a href=\"http://jdownloader.org/jdownloader2\" target=\"_blank\" rel=\"noopener\">JDownloader2</a>]</li><li><a href=\"https://pastefg.hermietkreeft.site/?773ec3e90e20c165#65bRpkm2iLasrfRLtnUZi8Vr1ytjiLwwu38d3zM3viYC\" target=\"_blank\" rel=\"noopener\">Filehoster: OneDrive</a> (Uploaded by DyR0 t(-_-t), NOT compatible with other mirrors)</li></ul><p><a href=\"https://cs.rin.ru/forum/viewtopic.php?f=10&amp;t=112545\" target=\"_blank\" rel=\"noopener\">Discussion and (possible) future updates on CS.RIN.RU thread</a></p><h3>Screenshots (Click to enlarge)</h3><p><a target=\"_blank\" href=\"https://en.riotpixels.com/games/lightbringer/screenshots/16/?utm_source=emb-gfx-html&amp;utm_medium=image&amp;utm_campaign=rp-mass\" rel=\"noopener\"><img loading=\"lazy\" width=\"178\" height=\"100\" border=\"0\" src=\"https://s01.riotpixels.net/data/bf/e5/bfe5121e-4b64-446d-93b1-f557d4b08c6e.jpg.240p.jpg\"></a><a target=\"_blank\" href=\"https://en.riotpixels.com/games/lightbringer/screenshots/14/?utm_source=emb-gfx-html&amp;utm_medium=image&amp;utm_campaign=rp-mass\" rel=\"noopener\"><img loading=\"lazy\" width=\"178\" height=\"100\" border=\"0\" src=\"https://s01.riotpixels.net/data/26/ef/26ef469a-daa3-46fc-8663-3476d67e2f72.jpg.240p.jpg\"></a><a target=\"_blank\" href=\"https://en.riotpixels.com/games/lightbringer/screenshots/11/?utm_source=emb-gfx-html&amp;utm_medium=image&amp;utm_campaign=rp-mass\" rel=\"noopener\"><img loading=\"lazy\" width=\"178\" height=\"100\" border=\"0\" src=\"https://s01.riotpixels.net/data/52/15/5215d458-ccab-477d-97f5-a0a89cb0d613.jpg.240p.jpg\"></a><br><a target=\"_blank\" href=\"https://en.riotpixels.com/games/lightbringer/screenshots/8/?utm_source=emb-gfx-html&amp;utm_medium=image&amp;utm_campaign=rp-mass\" rel=\"noopener\"><img loading=\"lazy\" width=\"178\" height=\"100\" border=\"0\" src=\"https://s01.riotpixels.net/data/65/29/6529752b-5373-4d4a-9a6b-d1cc21e3d652.jpg.240p.jpg\"></a><a target=\"_blank\" href=\"https://en.riotpixels.com/games/lightbringer/screenshots/7/?utm_source=emb-gfx-html&amp;utm_medium=image&amp;utm_campaign=rp-mass\" rel=\"noopener\"><img loading=\"lazy\" width=\"178\" height=\"100\" border=\"0\" src=\"https://s01.riotpixels.net/data/d9/a7/d9a7c37e-fa57-4316-aa51-087cd75e813a.jpg.240p.jpg\"></a><a target=\"_blank\" href=\"https://en.riotpixels.com/games/lightbringer/screenshots/2/?utm_source=emb-gfx-html&amp;utm_medium=image&amp;utm_campaign=rp-mass\" rel=\"noopener\"><img loading=\"lazy\" width=\"178\" height=\"100\" border=\"0\" src=\"https://s01.riotpixels.net/data/78/ac/78ac6e53-729e-45a9-919b-f8ee08036f2e.jpg.240p.jpg\"></a></p><h3>Repack Features</h3><ul><li>Based on The.Lightbringer-DOGE ISO release: wow-the.lightbringer.iso (1,008,875,520 bytes)</li><li>100% Lossless &amp; MD5 Perfect: all files are identical to originals after installation</li><li>NOTHING ripped, NOTHING re-encoded</li><li>Significantly smaller archive size (compressed from 962 to 582 MB)</li><li>Installation takes one minute</li><li>After-install integrity check so you could make sure that everything installed properly</li><li>HDD space after installation: 2.7 GB</li><li>Language can be changed in game settings</li><li>At least 2 GB of free RAM (inc. virtual) required for installing this repack</li></ul><div ><div><h2>Game Description</h2></div><div >The Lightbringer is a poetic adventure/puzzle platformer with light combat elements, set in a beautiful world claimed by a vile corruption. Guided by your sister\u2019s spirit, you must prevail where she could not. Cleanse the corruption, become The Lightbringer.<p>The world is under siege by a malicious corruption, targeting the ancient monoliths that gave power and light to these lands. As the chosen one, you have the ability to harness pure light energy from the air, energy that will aid you in cleansing the monoliths to bring back their light.</p><p>Explore, jump and fight your way through each level while gathering light motes. Every level functions like its own little world, and you\u2019ll need to venture off the beaten path to find enough to cleanse the level\u2019s monolith.</p><p><b><h3>Game Features</h3></b></p><ul><li><b>Old School Adventure:</b> The Lightbringer draws a lot of inspiration from earlier Zelda games, and is all about invoking that feeling of wanting to explore every nook and cranny.</li><li><b>Semi-isometric Gameplay:</b> With a rotatable camera in an isometric view, you\u2019ll need to look at things from many different angles in order to find solutions to your obstacles. (Remember: There\u2019s often more than meets the eye\u2026)</li><li><b>A poetic journey:</b> Your sister\u2019s spirit guides your entire journey, narrating the gameplay entirely in verse.</li><li><b>Hazardous Dungeons:</b> Explore dark dungeons full of danger. Watch out for traps, secrets and that pesky slime!</li></ul></div></div>             </div>"
}