{
    "link": "https://fitgirl-repacks.site/the-medium/",
    "title": "The Medium: Deluxe Edition \u2013 Update 4 + Bonus Content + Windows 7 Fix",
    "first_img": "https://i1.imageban.ru/out/2021/09/06/6f49bf2ba1ec37cf5fabeb5d6f51ff14.jpg",
    "second_img": "https://s01.riotpixels.net/data/39/96/39963c95-7e89-421c-a9cc-bf10807c8394.jpg.240p.jpg",
    "body": "<div ><h2>The Medium: Deluxe Edition \u2013 Update 4 + Bonus Content + Windows 7 Fix</h2><p ><div><a target=\"_blank\" href=\"http://en.riotpixels.com/games/medium/\" rel=\"noopener\"><img class=\"alignleft\" width=\"150\" src=\"https://i1.imageban.ru/out/2021/09/06/6f49bf2ba1ec37cf5fabeb5d6f51ff14.jpg\"></a></div><br>Genres/Tags: <strong>Adventure, Third-person, 3D, Horror</strong><br>Company: <strong>Bloober Team</strong><br>Languages: <strong>RUS/ENG/MULTI10</strong><br>Original Size: <strong>41.1 GB</strong><br>Repack Size: <strong>from 16.2 GB</strong> [Selective Download]</p>&nbsp;<div>&nbsp;</div><h3>Download Mirrors</h3><ul><li><a href=\"https://1337x.to/torrent/4975214/The-Medium-Deluxe-Edition-Update-4-Bonus-Content-Windows-7-Fix-MULTi10-FitGirl-Repack-Selective-Download-from-16-2-GB/\" target=\"_blank\" rel=\"noopener\">1337x</a> | [<a href=\"magnet:?xt=urn:btih:E68F5ABDFF85EC097313661F56419BA4DBCBD068&amp;dn=The+Medium%3A+Deluxe+Edition+%28Update+4+%2B+Bonus+Content+%2B+Windows+7+Fix%2C+MULTi10%29+%5BFitGirl+Repack%2C+Selective+Download+-+from+16.2+GB%5D&amp;tr=udp%3A%2F%2F46.148.18.250%3A2710&amp;tr=udp%3A%2F%2Fopentor.org%3A2710&amp;tr=udp%3A%2F%2Ftracker.coppersurfer.tk%3A6969%2Fannounce&amp;tr=udp%3A%2F%2Ftracker.opentrackr.org%3A1337%2Fannounce&amp;tr=http%3A%2F%2Ftracker.dler.org%3A6969%2Fannounce&amp;tr=udp%3A%2F%2Ftracker.leechers-paradise.org%3A6969%2Fannounce&amp;tr=udp%3A%2F%2F9.rarbg.me%3A2730%2Fannounce&amp;tr=udp%3A%2F%2F9.rarbg.to%3A2770%2Fannounce&amp;tr=udp%3A%2F%2Ftracker.pirateparty.gr%3A6969%2Fannounce&amp;tr=http%3A%2F%2Fretracker.local%2Fannounce&amp;tr=http%3A%2F%2Fretracker.ip.ncnet.ru%2Fannounce&amp;tr=udp%3A%2F%2Fexodus.desync.com%3A6969%2Fannounce&amp;tr=udp%3A%2F%2Fipv4.tracker.harry.lu%3A80%2Fannounce&amp;tr=udp%3A%2F%2Fopen.stealth.si%3A80%2Fannounce&amp;tr=udp%3A%2F%2Ftracker.zer0day.to%3A1337%2Fannounce&amp;tr=udp%3A%2F%2Ftracker.leechers-paradise.org%3A6969%2Fannounce&amp;tr=udp%3A%2F%2Fcoppersurfer.tk%3A6969%2Fannounce\">magnet</a>] [<a href=\"https://pastefg.hermietkreeft.site/?8db028187a46190f#9WE4k6Bf1zmyud4ayPQBWCQMhGaiuySbV1ViSFaWMujt\" target=\"_blank\" rel=\"noopener\">.torrent file only</a>] <br><img src=\"https://torrent-stats.info/661f/1d29494bd.png\" style=\"display:block;clear:both\"></li><li><a href=\"http://rutor.info/torrent/833088/the-medium-deluxe-edition-update-4-bonus-2021-pc-repack-ot-fitgirl\" target=\"_blank\" rel=\"noopener\">RuTor</a> [<a href=\"magnet:?xt=urn:btih:e68f5abdff85ec097313661f56419ba4dbcbd068&amp;dn=rutor.info_The+Medium%3A+Deluxe+Edition+%5BUpdate+4+%2B+Bonus%5D+%282021%29+PC+%7C+RePack+%D0%BE%D1%82+FitGirl&amp;tr=udp://opentor.net:6969&amp;tr=udp://opentor.org:2710&amp;tr=http://retracker.local/announce\">magnet</a>]</li><li><a href=\"https://tapochek.net/viewtopic.php?p=2798816\" target=\"_blank\" rel=\"noopener\">Tapochek.net</a></li><li><a href=\"https://pastefg.hermietkreeft.site/?7127e016c1baa36c#sDXeF9imJq8A7JFiNtiqWJo64myRXAkE3pLnw3DXFPZ\" target=\"_blank\" rel=\"noopener\">Filehoster: MultiUpload</a> (10+ hosters, interchangeable) [Use <a href=\"http://jdownloader.org/jdownloader2\" target=\"_blank\" rel=\"noopener\">JDownloader2</a>]</li><li><a href=\"https://pastefg.hermietkreeft.site/?c743c29850e7d2c0#GAd9DA4PCaS583Pt1kM8eVZhikCRntG7aVrwwiEUFL2n\" target=\"_blank\" rel=\"noopener\">Filehoster: PixelDrain</a></li><li><a href=\"https://pastefg.hermietkreeft.site/?601c6299fc6e7c78#DTYcM1Bt7xGFwSY7V6n7AJSMyGU2hUJMdB4MZY2FcFGQ\" target=\"_blank\" rel=\"noopener\">Filehoster: ZippyShare</a></li><li><a href=\"https://pastefg.hermietkreeft.site/?fa861991717afae3#F8B6WJJ9RgzKH8CjbdRyHj5sCDgrkCnT3PFXwCDzdXq4\" target=\"_blank\" rel=\"noopener\">Filehoster: LetsUpload</a> [Use <a href=\"http://jdownloader.org/jdownloader2\" target=\"_blank\" rel=\"noopener\">JDownloader2</a>]</li><li><a href=\"https://crackhub.site/the-medium-deluxe-edition-update-4-bonus-content-windows-7-fix-fitgirl-repack/\" target=\"_blank\" rel=\"noopener\">Filehosters: Google Drive, OneDrive + others</a> (Uploaded by crackhub213)</li><li><a href=\"https://pastefg.hermietkreeft.site/?de0c9049b21819eb#5bG7H8ovUbS3e86DpW7624zVpqrKAXLSUMkv7QHmyaRi\" target=\"_blank\" rel=\"noopener\">Filehoster: OneDrive</a> (Uploaded by DyR0 t(-_-t), NOT compatible with other mirrors)</li></ul><p><a href=\"https://cs.rin.ru/forum/viewtopic.php?f=10&amp;t=105293\" target=\"_blank\" rel=\"noopener\">Discussion and (possible) future updates on CS.RIN.RU thread</a></p><h3>Screenshots (Click to enlarge)</h3><p><a target=\"_blank\" href=\"http://en.riotpixels.com/games/medium/screenshots/18/?utm_source=emb-gfx-html&amp;utm_medium=image&amp;utm_campaign=rp-mass\" rel=\"noopener\"><img loading=\"lazy\" width=\"178\" height=\"100\" border=\"0\" src=\"https://s01.riotpixels.net/data/39/96/39963c95-7e89-421c-a9cc-bf10807c8394.jpg.240p.jpg\"></a><a target=\"_blank\" href=\"http://en.riotpixels.com/games/medium/screenshots/16/?utm_source=emb-gfx-html&amp;utm_medium=image&amp;utm_campaign=rp-mass\" rel=\"noopener\"><img loading=\"lazy\" width=\"178\" height=\"100\" border=\"0\" src=\"https://s01.riotpixels.net/data/5b/eb/5beb9916-ba73-45fd-b41a-a71988cda2d5.jpg.240p.jpg\"></a><a target=\"_blank\" href=\"http://en.riotpixels.com/games/medium/screenshots/12/?utm_source=emb-gfx-html&amp;utm_medium=image&amp;utm_campaign=rp-mass\" rel=\"noopener\"><img loading=\"lazy\" width=\"178\" height=\"100\" border=\"0\" src=\"https://s01.riotpixels.net/data/83/2b/832b1cd9-4335-4496-a8be-b0040617fcdc.jpg.240p.jpg\"></a><br><a target=\"_blank\" href=\"http://en.riotpixels.com/games/medium/screenshots/9/?utm_source=emb-gfx-html&amp;utm_medium=image&amp;utm_campaign=rp-mass\" rel=\"noopener\"><img loading=\"lazy\" width=\"178\" height=\"100\" border=\"0\" src=\"https://s01.riotpixels.net/data/2a/c2/2ac29ee0-ee90-4789-8ed3-c146d54fc832.jpg.240p.jpg\"></a><a target=\"_blank\" href=\"http://en.riotpixels.com/games/medium/screenshots/8/?utm_source=emb-gfx-html&amp;utm_medium=image&amp;utm_campaign=rp-mass\" rel=\"noopener\"><img loading=\"lazy\" width=\"178\" height=\"100\" border=\"0\" src=\"https://s01.riotpixels.net/data/9d/90/9d90b4e7-0b6f-44ed-b444-f74396a87a34.jpg.240p.jpg\"></a><a target=\"_blank\" href=\"http://en.riotpixels.com/games/medium/screenshots/6/?utm_source=emb-gfx-html&amp;utm_medium=image&amp;utm_campaign=rp-mass\" rel=\"noopener\"><img loading=\"lazy\" width=\"178\" height=\"100\" border=\"0\" src=\"https://s01.riotpixels.net/data/21/9b/219bd5e4-f834-4f96-be15-96ef7a4ff9d1.jpg.240p.jpg\"></a></p><h3>Repack Features</h3><ul><li>Based on Steam Update 4 release (September 3, 2021): 40.2 GB</li><li>AMD FSR technology support was introduced with this update</li><li>CODEX crack/emu applied over, thanks to Christsnatcher!</li><li>Deluxe Edition content (Soundtrack in MP3 and ArtBook in PDF, 868 MB) added</li><li>Copy \u201cMedium\u201d folder from \u201c_Windows 7 Fix\u201d folder to the game root to make it work under Windows 7</li><li>100% Lossless &amp; MD5 Perfect: all files are identical to originals after installation</li><li>NOTHING ripped, NOTHING re-encoded</li><li>Selective Download feature: you may skip downloading and installing of Deluxe Edition content and useless PDB debug file</li><li>Significantly smaller archive size (compressed from cumulative 41.1 to 16.2~16.6 GB)</li><li>Installation takes: ~8 minutes on 16-threads CPU; ~17 minutes on 8-threads CPU; ~30 minutes on 4-threads CPU</li><li>After-install integrity check so you could make sure that everything installed properly</li><li>HDD space after installation: up to 41.1 GB</li><li>Language can be changed in game settings</li><li>Repack uses XTool library by Razor12911</li></ul><div ><div><h2>Game Description</h2></div><div >Discover a dark mystery only a medium can solve. Explore the real world and the spirit world at the same time. Use your psychic abilities to solve puzzles spanning both worlds, uncover deeply disturbing secrets, and survive encounters with The Maw \u2013 a monster born from an unspeakable tragedy..<p>The Medium is a third-person psychological horror game that features patented dual-reality gameplay and an original soundtrack co-composed by Arkadiusz Reikowski and Akira Yamaoka.</p></div></div><p><b>Backwards Compatibility</b></p><p>This repack IS slightly backwards compatible with my previous Medium repack. You can rehash fg-optional-bonus-content.bin and save 287 MB of traffic.</p>             </div>"
}