{
    "link": "https://fitgirl-repacks.site/the-frosts-first-ones/",
    "title": "The Frosts: First Ones \u2013 v1.0.1",
    "first_img": "https://i3.imageban.ru/out/2021/09/01/ca92e240cb02810b343f92069a074619.jpg",
    "second_img": "https://s01.riotpixels.net/data/00/d0/00d00584-12ac-4e47-b57f-750937f777fb.jpg.240p.jpg",
    "body": "<div ><h2>The Frosts: First Ones \u2013 v1.0.1</h2><p ><div><a target=\"_blank\" href=\"https://en.riotpixels.com/games/frosts-first-ones/\" rel=\"noopener\"><img class=\"alignleft\" width=\"150\" src=\"https://i3.imageban.ru/out/2021/09/01/ca92e240cb02810b343f92069a074619.jpg\"></a></div><br>Genres/Tags: <strong>Adventure, Isometric, 3D</strong><br>Company: <strong>Ivan Sukhanov</strong><br>Languages: <strong>RUS/ENG</strong><br>Original Size: <strong>1.1 GB</strong><br>Repack Size: <strong>506 MB</strong></p>&nbsp;<div>&nbsp;</div><h3>Download Mirrors</h3><ul><li><a href=\"https://1337x.to/torrent/4969908/The-Frosts-First-Ones-v1-0-1-ENG-RUS-FitGirl-Repack/\" target=\"_blank\" rel=\"noopener\">1337x</a> | [<a href=\"magnet:?xt=urn:btih:0C53A8E1469114CD24B8D450381D3A24A468F74D&amp;dn=The+Frosts%3A+First+Ones+%28v1.0.1%2C+ENG%2FRUS%29+%5BFitGirl+Repack%5D&amp;tr=udp%3A%2F%2F46.148.18.250%3A2710&amp;tr=udp%3A%2F%2Fopentor.org%3A2710&amp;tr=udp%3A%2F%2Ftracker.coppersurfer.tk%3A6969%2Fannounce&amp;tr=udp%3A%2F%2Ftracker.opentrackr.org%3A1337%2Fannounce&amp;tr=http%3A%2F%2Ftracker.dler.org%3A6969%2Fannounce&amp;tr=udp%3A%2F%2Ftracker.leechers-paradise.org%3A6969%2Fannounce&amp;tr=udp%3A%2F%2F9.rarbg.me%3A2730%2Fannounce&amp;tr=udp%3A%2F%2F9.rarbg.to%3A2770%2Fannounce&amp;tr=udp%3A%2F%2Ftracker.pirateparty.gr%3A6969%2Fannounce&amp;tr=http%3A%2F%2Fretracker.local%2Fannounce&amp;tr=http%3A%2F%2Fretracker.ip.ncnet.ru%2Fannounce&amp;tr=udp%3A%2F%2Fexodus.desync.com%3A6969%2Fannounce&amp;tr=udp%3A%2F%2Fipv4.tracker.harry.lu%3A80%2Fannounce&amp;tr=udp%3A%2F%2Fopen.stealth.si%3A80%2Fannounce&amp;tr=udp%3A%2F%2Ftracker.zer0day.to%3A1337%2Fannounce&amp;tr=udp%3A%2F%2Ftracker.leechers-paradise.org%3A6969%2Fannounce&amp;tr=udp%3A%2F%2Fcoppersurfer.tk%3A6969%2Fannounce\">magnet</a>] [<a href=\"https://pastefg.hermietkreeft.site/?56cb3a988cd348ff#2paexgNHX47NqPiKGFRup7yzbw9hTjXtcUiDDgjJynQN\" target=\"_blank\" rel=\"noopener\">.torrent file only</a>] <br><img src=\"https://torrent-stats.info/d450/3c8e63990.png\" style=\"display:block;clear:both\"></li><li><a href=\"http://rutor.info/torrent/832183/the-frosts-first-ones-v-1.0.1-2021-pc-repack-ot-fitgirl\" target=\"_blank\" rel=\"noopener\">RuTor</a> [<a href=\"magnet:?xt=urn:btih:0c53a8e1469114cd24b8d450381d3a24a468f74d&amp;dn=rutor.info_The+Frosts%3A+First+Ones+%5Bv+1.0.1%5D+%282021%29+PC+%7C+RePack+%D0%BE%D1%82+FitGirl&amp;tr=udp://opentor.net:6969&amp;tr=udp://opentor.org:2710&amp;tr=http://retracker.local/announce\">magnet</a>]</li><li><a href=\"https://tapochek.net/viewtopic.php?p=2797917\" target=\"_blank\" rel=\"noopener\">Tapochek.net</a></li><li><a href=\"https://pastefg.hermietkreeft.site/?efdab15346e63f91#GamocX1oRWe57Wq2hFzXNbF6rpwWfaem2XKHhRtDBuwF\" target=\"_blank\" rel=\"noopener\">Filehoster: MultiUpload</a> (10+ hosters, interchangeable) [Use <a href=\"http://jdownloader.org/jdownloader2\" target=\"_blank\" rel=\"noopener\">JDownloader2</a>]</li><li><a href=\"https://pastefg.hermietkreeft.site/?f37ca4b121a72acd#5sitfRyzJLxUXA2DyhoWS5NT9EbYYmtazPYWMBe4XXox\" target=\"_blank\" rel=\"noopener\">Filehoster: PixelDrain</a></li><li><a href=\"https://pastefg.hermietkreeft.site/?c683c21148e8b058#7sbJZvrzsfuRGNEc8C9qmSoXgKdV1umpmER3xA7wyzD\" target=\"_blank\" rel=\"noopener\">Filehoster: ZippyShare</a></li><li><a href=\"https://pastefg.hermietkreeft.site/?9bb0c3a8c33b848f#HyXRUy1NpjbCJr5rJreMpELv8mZ8dkqnZiqFvpeBGVBw\" target=\"_blank\" rel=\"noopener\">Filehoster: LetsUpload</a> [Use <a href=\"http://jdownloader.org/jdownloader2\" target=\"_blank\" rel=\"noopener\">JDownloader2</a>]</li><li><a href=\"https://pastefg.hermietkreeft.site/?3b5dec4349ac1b07#LrKUAM1wn5JKVKQ6CfmnuQzt7zC3VQhM6FvUriw1s2W\" target=\"_blank\" rel=\"noopener\">Filehoster: OneDrive</a> (Uploaded by DyR0 t(-_-t), NOT compatible with other mirrors)</li></ul><p><a href=\"https://cs.rin.ru/forum/viewtopic.php?f=10&amp;t=115496\" target=\"_blank\" rel=\"noopener\">Discussion and (possible) future updates on CS.RIN.RU thread</a></p><h3>Screenshots (Click to enlarge)</h3><p><a target=\"_blank\" href=\"https://en.riotpixels.com/games/frosts-first-ones/screenshots/11/?utm_source=emb-gfx-html&amp;utm_medium=image&amp;utm_campaign=rp-mass\" rel=\"noopener\"><img loading=\"lazy\" width=\"178\" height=\"100\" border=\"0\" src=\"https://s01.riotpixels.net/data/00/d0/00d00584-12ac-4e47-b57f-750937f777fb.jpg.240p.jpg\"></a><a target=\"_blank\" href=\"https://en.riotpixels.com/games/frosts-first-ones/screenshots/9/?utm_source=emb-gfx-html&amp;utm_medium=image&amp;utm_campaign=rp-mass\" rel=\"noopener\"><img loading=\"lazy\" width=\"178\" height=\"100\" border=\"0\" src=\"https://s01.riotpixels.net/data/df/19/df1904f5-641d-45f4-b99b-f2133ac00535.jpg.240p.jpg\"></a><a target=\"_blank\" href=\"https://en.riotpixels.com/games/frosts-first-ones/screenshots/8/?utm_source=emb-gfx-html&amp;utm_medium=image&amp;utm_campaign=rp-mass\" rel=\"noopener\"><img loading=\"lazy\" width=\"178\" height=\"100\" border=\"0\" src=\"https://s01.riotpixels.net/data/b1/e0/b1e0ad9a-9124-41a8-b825-49013c9f73c1.jpg.240p.jpg\"></a><br><a target=\"_blank\" href=\"https://en.riotpixels.com/games/frosts-first-ones/screenshots/4/?utm_source=emb-gfx-html&amp;utm_medium=image&amp;utm_campaign=rp-mass\" rel=\"noopener\"><img loading=\"lazy\" width=\"178\" height=\"100\" border=\"0\" src=\"https://s01.riotpixels.net/data/5d/8e/5d8e38ee-1e74-4827-bc67-a8a03a6114c3.jpg.240p.jpg\"></a><a target=\"_blank\" href=\"https://en.riotpixels.com/games/frosts-first-ones/screenshots/3/?utm_source=emb-gfx-html&amp;utm_medium=image&amp;utm_campaign=rp-mass\" rel=\"noopener\"><img loading=\"lazy\" width=\"178\" height=\"100\" border=\"0\" src=\"https://s01.riotpixels.net/data/5b/6f/5b6fa812-e8fe-40f1-89e1-b14bc8c58c2e.jpg.240p.jpg\"></a><a target=\"_blank\" href=\"https://en.riotpixels.com/games/frosts-first-ones/screenshots/1/?utm_source=emb-gfx-html&amp;utm_medium=image&amp;utm_campaign=rp-mass\" rel=\"noopener\"><img loading=\"lazy\" width=\"178\" height=\"100\" border=\"0\" src=\"https://s01.riotpixels.net/data/91/6d/916d1917-2b04-48ab-875e-8a21d949c6d7.jpg.240p.jpg\"></a></p><h3>Repack Features</h3><ul><li>Based on The.Frosts.First.Ones-CODEX ISO release: codex-the.frosts.first.ones.iso (1,226,080,256 bytes)</li><li>100% Lossless &amp; MD5 Perfect: all files are identical to originals after installation</li><li>NOTHING ripped, NOTHING re-encoded</li><li>Significantly smaller archive size (compressed from 1.1 GB to 506 MB)</li><li>Installation takes one minute</li><li>After-install integrity check so you could make sure that everything installed properly</li><li>HDD space after installation: 1.3 GB</li><li>Language can be changed in game settings</li><li>At least 2 GB of free RAM (inc. virtual) required for installing this repack</li></ul><div ><div><h2>Game Description</h2></div><div >An adventure about searching for a missing hunter and meeting with alien beings!<p>Explore wild nature, follow the friend\u2019s trail, climb on a rock, lure out a boar, meet a wolf, survive in a rockfall. Heal a deer and trick a creature!</p><p>Meet the Unknown!</p><p>Save a friend and yourself in a strange alien world.</p><p>Find the mystery behind a friend\u2019s missing!</p><p><b><h3>Game Features</h3></b></p><ul><li>Explore the wilderness of the cold lands and meet their inhabitants.</li><li>Find a way to climb on the high cliff without any insurance or equipment.</li><li>Show kindness to cure a doe and her fawns. Be smart to trick a boar, a wolf, a bear and a creature.</li><li>Meet with dwellers of another world by making a contact with the right guess of intentions of the unknown stranger.</li><li>Listen to the original soundtrack by Anvar Hazgaleev that will take you to the distant cold hunters world.</li></ul></div></div>             </div>"
}