{
    "link": "https://fitgirl-repacks.site/the-origin-blind-maid/",
    "title": "THE ORIGIN: Blind Maid",
    "first_img": "https://i2.imageban.ru/out/2021/07/23/0fad6aa94f03fdd6688c6a0ca229d87f.jpg",
    "second_img": "https://s01.riotpixels.net/data/99/44/99440c15-7760-40a0-bc13-b3c5dd7ac8b7.jpg.240p.jpg",
    "body": "<div ><h2>THE ORIGIN: Blind Maid</h2><p ><div><a target=\"_blank\" href=\"https://en.riotpixels.com/games/origin-blind-maid/\" rel=\"noopener\"><img class=\"alignleft\" width=\"150\" src=\"https://i2.imageban.ru/out/2021/07/23/0fad6aa94f03fdd6688c6a0ca229d87f.jpg\"></a></div><br>Genres/Tags: <strong>Action, Shooter, Horror, First-person, 3D</strong><br>Companies: <strong>Waran\u00ed Studios, BadLand Publishing</strong><br>Languages: <strong>ENG/ESP</strong><br>Original Size: <strong>5.2 GB</strong><br>Repack Size: <strong>3.3 GB</strong></p>&nbsp;<div>&nbsp;</div><h3>Download Mirrors</h3><ul><li><a href=\"https://1337x.to/torrent/4928433/THE-ORIGIN-Blind-Maid-MULTi2-FitGirl-Repack/\" target=\"_blank\" rel=\"noopener\">1337x</a> | [<a href=\"magnet:?xt=urn:btih:583B031E017DEB97BD570E133AC9E79EE805FFF6&amp;dn=THE+ORIGIN%3A+Blind+Maid+%28MULTi2%29+%5BFitGirl+Repack%5D&amp;tr=udp%3A%2F%2F46.148.18.250%3A2710&amp;tr=udp%3A%2F%2Fopentor.org%3A2710&amp;tr=udp%3A%2F%2Ftracker.coppersurfer.tk%3A6969%2Fannounce&amp;tr=udp%3A%2F%2Ftracker.opentrackr.org%3A1337%2Fannounce&amp;tr=http%3A%2F%2Ftracker.dler.org%3A6969%2Fannounce&amp;tr=udp%3A%2F%2Ftracker.leechers-paradise.org%3A6969%2Fannounce&amp;tr=udp%3A%2F%2F9.rarbg.me%3A2730%2Fannounce&amp;tr=udp%3A%2F%2F9.rarbg.to%3A2770%2Fannounce&amp;tr=udp%3A%2F%2Ftracker.pirateparty.gr%3A6969%2Fannounce&amp;tr=http%3A%2F%2Fretracker.local%2Fannounce&amp;tr=http%3A%2F%2Fretracker.ip.ncnet.ru%2Fannounce&amp;tr=udp%3A%2F%2Fexodus.desync.com%3A6969%2Fannounce&amp;tr=udp%3A%2F%2Fipv4.tracker.harry.lu%3A80%2Fannounce&amp;tr=udp%3A%2F%2Fopen.stealth.si%3A80%2Fannounce&amp;tr=udp%3A%2F%2Ftracker.zer0day.to%3A1337%2Fannounce&amp;tr=udp%3A%2F%2Ftracker.leechers-paradise.org%3A6969%2Fannounce&amp;tr=udp%3A%2F%2Fcoppersurfer.tk%3A6969%2Fannounce\">magnet</a>] [<a href=\"https://pastefg.hermietkreeft.site/?eb1f6c3b8e7b579a#Aomvx59BDqQMze2g9kaPvNNg7zy1Q1pSoMtAtifCTpPf\" target=\"_blank\" rel=\"noopener\">.torrent file only</a>] <br><img src=\"https://torrent-stats.info/0001/48631.png\" style=\"display:block;clear:both\"></li><li><a href=\"https://tapochek.net/viewtopic.php?p=2790403\" target=\"_blank\" rel=\"noopener\">Tapochek.net</a></li><li><a href=\"https://pastefg.hermietkreeft.site/?c4ac696d23f3797c#26a9WWeXTpW9sHhfAAyfT2qLCD1Eg1ynCVEXtupc1Z3y\" target=\"_blank\" rel=\"noopener\">Filehoster: MultiUpload</a> (10+ hosters, interchangeable) [Use <a href=\"http://jdownloader.org/jdownloader2\" target=\"_blank\" rel=\"noopener\">JDownloader2</a>]</li><li><a href=\"https://pastefg.hermietkreeft.site/?a0743ea6da299642#AchznW1eu63casXY9GLvCMnHjiw9NzCr8ib9pNFSbXZ4\" target=\"_blank\" rel=\"noopener\">Filehoster: PixelDrain</a></li><li><a href=\"https://pastefg.hermietkreeft.site/?47520bf835c45798#2ChGGdAeME4M7bnv556FXjXJ5882myUngaQdZezrXHee\" target=\"_blank\" rel=\"noopener\">Filehoster: ZippyShare</a></li><li><a href=\"https://pastefg.hermietkreeft.site/?c6c2085349e3e949#ByFir5KRX1GNfoFQmuMHV5t7AXnMQCjaGhFXCbPRwKnV\" target=\"_blank\" rel=\"noopener\">Filehoster: LetsUpload</a> [Use <a href=\"http://jdownloader.org/jdownloader2\" target=\"_blank\" rel=\"noopener\">JDownloader2</a>]</li><li><a href=\"https://crackhub.site/the-origin-blind-maid-fitgirl-repack/\" target=\"_blank\" rel=\"noopener\">Filehosters: Google Drive, OneDrive + others</a> (Uploaded by crackhub213)</li><li><a href=\"https://pastefg.hermietkreeft.site/?37680302dcc77e84#J9Ktdi9Ug4QSjTC63WLfy18kD4pUiVSLWKjYfCVUg5Ep\" target=\"_blank\" rel=\"noopener\">Filehoster: OneDrive</a> (Uploaded by DyR0 t(-_-t), NOT compatible with other mirrors)</li></ul><p><a href=\"https://cs.rin.ru/forum/viewtopic.php?f=10&amp;t=107822\" target=\"_blank\" rel=\"noopener\">Discussion and (possible) future updates on CS.RIN.RU thread</a></p><h3>Screenshots (Click to enlarge)</h3><p><a target=\"_blank\" href=\"https://en.riotpixels.com/games/origin-blind-maid/screenshots/15/?utm_source=emb-gfx-html&amp;utm_medium=image&amp;utm_campaign=rp-mass\" rel=\"noopener\"><img loading=\"lazy\" width=\"178\" height=\"100\" border=\"0\" src=\"https://s01.riotpixels.net/data/99/44/99440c15-7760-40a0-bc13-b3c5dd7ac8b7.jpg.240p.jpg\"></a><a target=\"_blank\" href=\"https://en.riotpixels.com/games/origin-blind-maid/screenshots/11/?utm_source=emb-gfx-html&amp;utm_medium=image&amp;utm_campaign=rp-mass\" rel=\"noopener\"><img loading=\"lazy\" width=\"178\" height=\"100\" border=\"0\" src=\"https://s01.riotpixels.net/data/03/0d/030d72ec-e832-48b4-a552-9d696e2f401f.jpg.240p.jpg\"></a><a target=\"_blank\" href=\"https://en.riotpixels.com/games/origin-blind-maid/screenshots/9/?utm_source=emb-gfx-html&amp;utm_medium=image&amp;utm_campaign=rp-mass\" rel=\"noopener\"><img loading=\"lazy\" width=\"178\" height=\"100\" border=\"0\" src=\"https://s01.riotpixels.net/data/1d/31/1d3156e7-9ea0-4a53-99ea-fb20d7c75663.jpg.240p.jpg\"></a><br><a target=\"_blank\" href=\"https://en.riotpixels.com/games/origin-blind-maid/screenshots/6/?utm_source=emb-gfx-html&amp;utm_medium=image&amp;utm_campaign=rp-mass\" rel=\"noopener\"><img loading=\"lazy\" width=\"178\" height=\"100\" border=\"0\" src=\"https://s01.riotpixels.net/data/00/e1/00e169f7-d515-4947-a11d-825b94961221.jpg.240p.jpg\"></a><a target=\"_blank\" href=\"https://en.riotpixels.com/games/origin-blind-maid/screenshots/4/?utm_source=emb-gfx-html&amp;utm_medium=image&amp;utm_campaign=rp-mass\" rel=\"noopener\"><img loading=\"lazy\" width=\"178\" height=\"100\" border=\"0\" src=\"https://s01.riotpixels.net/data/ca/08/ca081aec-a2ea-475d-ba1f-03303b6315b7.jpg.240p.jpg\"></a><a target=\"_blank\" href=\"https://en.riotpixels.com/games/origin-blind-maid/screenshots/2/?utm_source=emb-gfx-html&amp;utm_medium=image&amp;utm_campaign=rp-mass\" rel=\"noopener\"><img loading=\"lazy\" width=\"178\" height=\"100\" border=\"0\" src=\"https://s01.riotpixels.net/data/3a/b6/3ab69036-7dab-4979-8555-432706ca64e7.jpg.240p.jpg\"></a></p><h3>Repack Features</h3><ul><li>Based on THE.ORIGIN.Blind.Maid-DOGE ISO release: wow-the.origin.blind.maid.iso (5,554,262,016 bytes)</li><li>100% Lossless &amp; MD5 Perfect: all files are identical to originals after installation</li><li>NOTHING ripped, NOTHING re-encoded</li><li>Significantly smaller archive size (compressed from 5.2 to 3.3 GB)</li><li>Installation takes 2-3 minutes</li><li>After-install integrity check so you could make sure that everything installed properly</li><li>HDD space after installation: 10.2 GB</li><li>Language can be changed in game settings</li><li>Repack uses XTool library by Razor12911</li><li>At least 2 GB of free RAM (inc. virtual) required for installing this repack</li></ul><div ><div><h2>Game Description</h2></div><div ><b>Story</b><br>Decades after the happenings that created THE ORIGIN, a corrupt politician fled from justice, refuges himself in an inhospitable regi\u00f3n full of terrible legends. His assistant runs away from him holding the key from the car that the politician needs to leave the place. During his search, he will fase space and time, being forced to come back to the past and fase The Origin of the Blind Mind while he tries to redeem himself.<p><b><h3>Game Features</h3></b></p><ul><li><b>First Person Shooter:</b> Use your weapons only when it is absolutely necessary, ammunition is very scarce. Fight only when you have no choice and run away when possible, this is the only way you will be able to resist until the end.</li><li><b>Improve your skills:</b> There are special potions that you can get from a millenarian ticket dispenser, which will give you access to different improvements, such as running longer without getting exhausted, shooting without aiming, running and shooting or carrying more objects.</li><li><b>Enemies:</b> The Chaos produced by The Origin has created cursed creatures.Some with the appearance of a tree, others created accidentally by the Alchemist and others spawned by evil, called Chimeras in the ancient texts.</li><li><b>Varied and distorted settings:</b> Sometimes you will have to deal with the abrupt changes of environment that The Origin is able to create to disturb your mind. Be careful when turning every corner.</li><li><b>Several Endings and New Game +:</b> You will have the opportunity to redeem or condemn your character to unlock the different endings. Continue playing in search of the different endings as you keep the acquired skills.</li><li><b>Psychophonies:</b> Use the protagonist\u2019s earphone (almost deaf in one ear) to hear voices and sounds from the afterlife and use them to your advantage.</li><li><b>Puzzles:</b> Solving puzzles will be an important part of the action, some will be truly complex but intuitive. A real challenge for the players.</li><li>Will you survive the Blind Maid and discover her terrible origin?</li></ul></div></div>             </div>"
}