{
    "link": "https://fitgirl-repacks.site/the-plane-effect/",
    "title": "The Plane Effect",
    "first_img": "https://i5.imageban.ru/out/2021/09/24/620d185fe52681671f305b28c63b9bad.jpg",
    "second_img": "https://s01.riotpixels.net/data/d8/ec/d8ec7064-6869-4a1f-ba02-4540763efc85.jpg.240p.jpg",
    "body": "<div ><h2>The Plane Effect</h2><p ><div><a target=\"_blank\" href=\"https://en.riotpixels.com/games/plane-effect/\" rel=\"noopener\"><img class=\"alignleft\" width=\"150\" src=\"https://i5.imageban.ru/out/2021/09/24/620d185fe52681671f305b28c63b9bad.jpg\"></a></div><br>Genres/Tags: <strong>Adventure, Puzzle solving, Isometric, 3D</strong><br>Companies: <strong>Innovina/StudioKiku, PQube Limited</strong><br>Languages: <strong>RUS/ENG/MULTI15</strong><br>Original Size: <strong>3.5 GB</strong><br>Repack Size: <strong>2 GB</strong></p>&nbsp;<div>&nbsp;</div><h3>Download Mirrors</h3><ul><li><a href=\"https://1337x.to/torrent/4993837/The-Plane-Effect-MULTi15-FitGirl-Repack/\" target=\"_blank\" rel=\"noopener\">1337x</a> | [<a href=\"magnet:?xt=urn:btih:E97B15595F7F67E1A8EC01582BEF776E1D8A92B3&amp;dn=The+Plane+Effect+%28MULTi15%29+%5BFitGirl+Repack%5D&amp;tr=udp%3A%2F%2F46.148.18.250%3A2710&amp;tr=udp%3A%2F%2Fopentor.org%3A2710&amp;tr=udp%3A%2F%2Ftracker.coppersurfer.tk%3A6969%2Fannounce&amp;tr=udp%3A%2F%2Ftracker.opentrackr.org%3A1337%2Fannounce&amp;tr=http%3A%2F%2Ftracker.dler.org%3A6969%2Fannounce&amp;tr=udp%3A%2F%2Ftracker.leechers-paradise.org%3A6969%2Fannounce&amp;tr=udp%3A%2F%2F9.rarbg.me%3A2730%2Fannounce&amp;tr=udp%3A%2F%2F9.rarbg.to%3A2770%2Fannounce&amp;tr=udp%3A%2F%2Ftracker.pirateparty.gr%3A6969%2Fannounce&amp;tr=http%3A%2F%2Fretracker.local%2Fannounce&amp;tr=http%3A%2F%2Fretracker.ip.ncnet.ru%2Fannounce&amp;tr=udp%3A%2F%2Fexodus.desync.com%3A6969%2Fannounce&amp;tr=udp%3A%2F%2Fipv4.tracker.harry.lu%3A80%2Fannounce&amp;tr=udp%3A%2F%2Fopen.stealth.si%3A80%2Fannounce&amp;tr=udp%3A%2F%2Ftracker.zer0day.to%3A1337%2Fannounce&amp;tr=udp%3A%2F%2Ftracker.leechers-paradise.org%3A6969%2Fannounce&amp;tr=udp%3A%2F%2Fcoppersurfer.tk%3A6969%2Fannounce\">magnet</a>] [<a href=\"https://pastefg.hermietkreeft.site/?d907a01eb64509e2#8D7PZcZvuRFPbC3RGrBKCcS4WvD9T5HZnd9fs968RMeX\" target=\"_blank\" rel=\"noopener\">.torrent file only</a>] <br><img src=\"https://torrent-stats.info/0158/629ee10.png\" style=\"display:block;clear:both\"></li><li><a href=\"http://rutor.info/torrent/835964/the-plane-effect-2021-pc-repack-ot-fitgirl\" target=\"_blank\" rel=\"noopener\">RuTor</a> [<a href=\"magnet:?xt=urn:btih:e97b15595f7f67e1a8ec01582bef776e1d8a92b3&amp;dn=rutor.info_The+Plane+Effect+%282021%29+PC+%7C+RePack+%D0%BE%D1%82+FitGirl&amp;tr=udp://opentor.net:6969&amp;tr=udp://opentor.org:2710&amp;tr=http://retracker.local/announce\">magnet</a>]</li><li><a href=\"https://tapochek.net/viewtopic.php?p=2801986\" target=\"_blank\" rel=\"noopener\">Tapochek.net</a></li><li><a href=\"https://pastefg.hermietkreeft.site/?645d07cc1c31b719#F1ovgXWodVhq7HCjkZeQ4uguhmwSEbRC86UpA8oBA8kZ\" target=\"_blank\" rel=\"noopener\">Filehoster: MultiUpload</a> (10+ hosters, interchangeable) [Use <a href=\"http://jdownloader.org/jdownloader2\" target=\"_blank\" rel=\"noopener\">JDownloader2</a>]</li><li><a href=\"https://pastefg.hermietkreeft.site/?55a989346861c7f2#HAVa5Nqg5xvw5p131vpaQzL7wCTdSt7bcy3GqDyiv7nk\" target=\"_blank\" rel=\"noopener\">Filehoster: PixelDrain</a></li><li><a href=\"https://pastefg.hermietkreeft.site/?1fd45d1ea8d525d4#8kf1LnFefWwfxvYYrdiaeRMDcdFxpvdq9txQzGB2bfjy\" target=\"_blank\" rel=\"noopener\">Filehoster: ZippyShare</a></li><li><a href=\"https://pastefg.hermietkreeft.site/?ac1c7e5b99f2a681#bN5K7C7bcNyautKikCmD1GHBa38vGbKHcxqPVy9P4vL\" target=\"_blank\" rel=\"noopener\">Filehoster: LetsUpload</a> [Use <a href=\"http://jdownloader.org/jdownloader2\" target=\"_blank\" rel=\"noopener\">JDownloader2</a>]</li><li><a href=\"https://crackhub.site/the-plane-effect-fitgirl-repack/\" target=\"_blank\" rel=\"noopener\">Filehosters: Google Drive, OneDrive + others</a> (Uploaded by crackhub213)</li><li><a href=\"https://pastefg.hermietkreeft.site/?bd9ed75e82155cf7#Es9WQRTx7TxhZGPjhESHYxYREpfMsVszg5gKaNgPYnKA\" target=\"_blank\" rel=\"noopener\">Filehoster: OneDrive</a> (Uploaded by DyR0 t(-_-t), NOT compatible with other mirrors)</li></ul><p><a href=\"https://cs.rin.ru/forum/viewtopic.php?f=10&amp;t=114648\" target=\"_blank\" rel=\"noopener\">Discussion and (possible) future updates on CS.RIN.RU thread</a></p><h3>Screenshots (Click to enlarge)</h3><p><a target=\"_blank\" href=\"https://en.riotpixels.com/games/plane-effect/screenshots/10/?utm_source=emb-gfx-html&amp;utm_medium=image&amp;utm_campaign=rp-mass\" rel=\"noopener\"><img loading=\"lazy\" width=\"160\" height=\"100\" border=\"0\" src=\"https://s01.riotpixels.net/data/d8/ec/d8ec7064-6869-4a1f-ba02-4540763efc85.jpg.240p.jpg\"></a><a target=\"_blank\" href=\"https://en.riotpixels.com/games/plane-effect/screenshots/8/?utm_source=emb-gfx-html&amp;utm_medium=image&amp;utm_campaign=rp-mass\" rel=\"noopener\"><img loading=\"lazy\" width=\"160\" height=\"100\" border=\"0\" src=\"https://s01.riotpixels.net/data/34/88/3488fc80-7f61-49c2-bc9c-da26076f22fe.jpg.240p.jpg\"></a><a target=\"_blank\" href=\"https://en.riotpixels.com/games/plane-effect/screenshots/6/?utm_source=emb-gfx-html&amp;utm_medium=image&amp;utm_campaign=rp-mass\" rel=\"noopener\"><img loading=\"lazy\" width=\"160\" height=\"100\" border=\"0\" src=\"https://s01.riotpixels.net/data/c6/33/c6335d8c-9fdf-4511-8ce6-cc0bb56b398a.jpg.240p.jpg\"></a><br><a target=\"_blank\" href=\"https://en.riotpixels.com/games/plane-effect/screenshots/5/?utm_source=emb-gfx-html&amp;utm_medium=image&amp;utm_campaign=rp-mass\" rel=\"noopener\"><img loading=\"lazy\" width=\"178\" height=\"100\" border=\"0\" src=\"https://s01.riotpixels.net/data/c5/bc/c5bc101f-80e7-4190-b7ce-a519660c84ba.jpg.240p.jpg\"></a><a target=\"_blank\" href=\"https://en.riotpixels.com/games/plane-effect/screenshots/3/?utm_source=emb-gfx-html&amp;utm_medium=image&amp;utm_campaign=rp-mass\" rel=\"noopener\"><img loading=\"lazy\" width=\"160\" height=\"100\" border=\"0\" src=\"https://s01.riotpixels.net/data/51/3f/513f3c6a-3966-442c-82ee-4f3a4d8f676d.jpg.240p.jpg\"></a><a target=\"_blank\" href=\"https://en.riotpixels.com/games/plane-effect/screenshots/2/?utm_source=emb-gfx-html&amp;utm_medium=image&amp;utm_campaign=rp-mass\" rel=\"noopener\"><img loading=\"lazy\" width=\"160\" height=\"100\" border=\"0\" src=\"https://s01.riotpixels.net/data/9b/9b/9b9b6eb5-0608-4af5-b954-35bcaf58eb91.jpg.240p.jpg\"></a></p><h3>Repack Features</h3><ul><li>Based on The.Plane.Effect-DOGE ISO release: wow-the.plane.effect.iso (3,719,258,112 bytes)</li><li>100% Lossless &amp; MD5 Perfect: all files are identical to originals after installation</li><li>NOTHING ripped, NOTHING re-encoded</li><li>Significantly smaller archive size (compressed from 3.5 to 2 GB)</li><li>Installation takes 2-4 minutes (depending on your system)</li><li>After-install integrity check so you could make sure that everything installed properly</li><li>HDD space after installation: 3.6 GB</li><li>Language can be changed in game settings</li><li>Repack uses XTool library by Razor12911</li><li>At least 2 GB of free RAM (inc. virtual) required for installing this repack</li></ul><div ><div><h2>Game Description</h2></div><div ><b>A time-and-mind bending adventure game\u2026</b><br>It\u2019s your final day at the office, it is time to clock out and return home \u2013 loomed over by a cosmic anomaly with an oppressive, otherworldly force. Helpless over the cosmos, all you know is that you must return to your family, as soon as you can.<p><b>Find your way home by any means\u2026</b><br>As you progress through the dystopic cityscape, you quickly you realise all is not as it should be. Did it always take this long? Were the streets always a labyrinth? Where even is \u201chome\u201d? All you know is that you must keep pushing ever onwards, you must keep going.</p><p><b>Navigate through a dystopian society</b><br>Navigate beautifully and elaborately designed, otherworldly environments and solve unusual puzzles to keep Solo moving through each area. Players have the option to figure out puzzles step-by-step with no hints, or activate a little guidance on your impossible journey through \u2018Assisted-Mode\u2019.</p><p><b>A sinister presence follows</b><br>Keep Solo moving. Onwards, to his family, back home. Do not stop, do not turn back.</p></div></div>             </div>"
}