{
    "link": "https://fitgirl-repacks.site/the-protagonist-ex-1/",
    "title": "The Protagonist: EX-1",
    "first_img": "https://i6.imageban.ru/out/2021/07/19/38eac265bb0e935a8d82d5523f67abc2.jpg",
    "second_img": "https://s01.riotpixels.net/data/d7/c0/d7c0068d-be88-4353-a080-d4528bc54d21.jpg.240p.jpg",
    "body": "<div ><h2>The Protagonist: EX-1</h2><p ><div><a target=\"_blank\" href=\"##path_url##\" rel=\"noopener\"><img class=\"alignleft\" width=\"150\" src=\"https://i6.imageban.ru/out/2021/07/19/38eac265bb0e935a8d82d5523f67abc2.jpg\"></a></div><br>Genres/Tags: <strong>RPG, Isometric, Turn-based, 3D</strong><br>Company: <strong>3Mind Games</strong><br>Languages: <strong>ENG/FRA</strong><br>Original Size: <strong>4.6 GB</strong><br>Repack Size: <strong>2.6/2.9 GB</strong></p>&nbsp;<div>&nbsp;</div><h3>Download Mirrors</h3><ul><li><a href=\"https://1337x.to/torrent/4925037/The-Protagonist-EX-1-MULTi2-FitGirl-Repack-Selective-Download-from-2-6-GB/\" target=\"_blank\" rel=\"noopener\">1337x</a> | [<a href=\"magnet:?xt=urn:btih:6AF0595F70BEEB874249899F3B540AE488376B48&amp;dn=The+Protagonist%3A+EX-1+%28MULTi2%29+%5BFitGirl+Repack%2C+Selective+Download+-+from+2.6+GB%5D&amp;tr=udp%3A%2F%2F46.148.18.250%3A2710&amp;tr=udp%3A%2F%2Fopentor.org%3A2710&amp;tr=udp%3A%2F%2Ftracker.coppersurfer.tk%3A6969%2Fannounce&amp;tr=udp%3A%2F%2Ftracker.opentrackr.org%3A1337%2Fannounce&amp;tr=http%3A%2F%2Ftracker.dler.org%3A6969%2Fannounce&amp;tr=udp%3A%2F%2Ftracker.leechers-paradise.org%3A6969%2Fannounce&amp;tr=udp%3A%2F%2F9.rarbg.me%3A2730%2Fannounce&amp;tr=udp%3A%2F%2F9.rarbg.to%3A2770%2Fannounce&amp;tr=udp%3A%2F%2Ftracker.pirateparty.gr%3A6969%2Fannounce&amp;tr=http%3A%2F%2Fretracker.local%2Fannounce&amp;tr=http%3A%2F%2Fretracker.ip.ncnet.ru%2Fannounce&amp;tr=udp%3A%2F%2Fexodus.desync.com%3A6969%2Fannounce&amp;tr=udp%3A%2F%2Fipv4.tracker.harry.lu%3A80%2Fannounce&amp;tr=udp%3A%2F%2Fopen.stealth.si%3A80%2Fannounce&amp;tr=udp%3A%2F%2Ftracker.zer0day.to%3A1337%2Fannounce&amp;tr=udp%3A%2F%2Ftracker.leechers-paradise.org%3A6969%2Fannounce&amp;tr=udp%3A%2F%2Fcoppersurfer.tk%3A6969%2Fannounce\">magnet</a>] [<a href=\"https://pastefg.hermietkreeft.site/?9924902b50aec8dc#HqaajdvrkNUnhFFer5dB96Kjgdaq36do7ubReiwtWPkx\" target=\"_blank\" rel=\"noopener\">.torrent file only</a>] <br><img src=\"https://torrent-stats.info/899f/26e3fe0e1.png\" style=\"display:block;clear:both\"></li><li><a href=\"https://tapochek.net/viewtopic.php?p=2789879\" target=\"_blank\" rel=\"noopener\">Tapochek.net</a></li><li><a href=\"https://pastefg.hermietkreeft.site/?bf3d958e72227d37#CMrh2aY5uR13FX7oDeFCcv4YmjERo8XydQroH353YepW\" target=\"_blank\" rel=\"noopener\">Filehoster: MultiUpload</a> (10+ hosters, interchangeable) [Use <a href=\"http://jdownloader.org/jdownloader2\" target=\"_blank\" rel=\"noopener\">JDownloader2</a>]</li><li><a href=\"https://pastefg.hermietkreeft.site/?d551f682797d69e7#6uP6EA1U8p5iGoDvt4pdD3i6TbP2Yf44bet8xMHRGRU2\" target=\"_blank\" rel=\"noopener\">Filehoster: PixelDrain</a></li><li><a href=\"https://pastefg.hermietkreeft.site/?5b4fe28fe4c12213#9D5LM1MqY3qAHxynB2oRjjwTJPL4JA3u29DHCwimoj1K\" target=\"_blank\" rel=\"noopener\">Filehoster: ZippyShare</a></li><li><a href=\"https://pastefg.hermietkreeft.site/?4541029263919a22#92iZZ7UpHQVE2mRZ2JCr1XEoeXxEKntq9judhWcD9HT9\" target=\"_blank\" rel=\"noopener\">Filehoster: LetsUpload</a> [Use <a href=\"http://jdownloader.org/jdownloader2\" target=\"_blank\" rel=\"noopener\">JDownloader2</a>]</li><li><a href=\"https://crackhub.site/the-protagonist-ex-1-fitgirl-repack/\" target=\"_blank\" rel=\"noopener\">Filehosters: Google Drive, OneDrive + others</a> (Uploaded by crackhub213)</li><li><a href=\"https://pastefg.hermietkreeft.site/?6e35d49247e1f091#2uUrqSZhfgMiMtGYpPXao7afbZBLnSjFSxjQMnFwoDU8\" target=\"_blank\" rel=\"noopener\">Filehoster: OneDrive</a> (Uploaded by DyR0 t(-_-t), NOT compatible with other mirrors)</li></ul><p><a href=\"https://cs.rin.ru/forum/viewtopic.php?f=10&amp;t=114508\" target=\"_blank\" rel=\"noopener\">Discussion and (possible) future updates on CS.RIN.RU thread</a></p><h3>Screenshots (Click to enlarge)</h3><p><a target=\"_blank\" href=\"https://en.riotpixels.com/games/protagonist-ex-1/screenshots/26/?utm_source=emb-gfx-html&amp;utm_medium=image&amp;utm_campaign=rp-mass\" rel=\"noopener\"><img loading=\"lazy\" width=\"178\" height=\"100\" border=\"0\" src=\"https://s01.riotpixels.net/data/d7/c0/d7c0068d-be88-4353-a080-d4528bc54d21.jpg.240p.jpg\"></a><a target=\"_blank\" href=\"https://en.riotpixels.com/games/protagonist-ex-1/screenshots/25/?utm_source=emb-gfx-html&amp;utm_medium=image&amp;utm_campaign=rp-mass\" rel=\"noopener\"><img loading=\"lazy\" width=\"178\" height=\"100\" border=\"0\" src=\"https://s01.riotpixels.net/data/4e/34/4e34977a-acde-4ba1-9066-ea1083ab3954.jpg.240p.jpg\"></a><a target=\"_blank\" href=\"https://en.riotpixels.com/games/protagonist-ex-1/screenshots/24/?utm_source=emb-gfx-html&amp;utm_medium=image&amp;utm_campaign=rp-mass\" rel=\"noopener\"><img loading=\"lazy\" width=\"178\" height=\"100\" border=\"0\" src=\"https://s01.riotpixels.net/data/7f/c7/7fc767fb-6da5-4b54-93e9-904ff98de3da.jpg.240p.jpg\"></a><br><a target=\"_blank\" href=\"https://en.riotpixels.com/games/protagonist-ex-1/screenshots/23/?utm_source=emb-gfx-html&amp;utm_medium=image&amp;utm_campaign=rp-mass\" rel=\"noopener\"><img loading=\"lazy\" width=\"178\" height=\"100\" border=\"0\" src=\"https://s01.riotpixels.net/data/7d/7d/7d7dd187-914b-481a-8c18-d3d4f96976cd.jpg.240p.jpg\"></a><a target=\"_blank\" href=\"https://en.riotpixels.com/games/protagonist-ex-1/screenshots/19/?utm_source=emb-gfx-html&amp;utm_medium=image&amp;utm_campaign=rp-mass\" rel=\"noopener\"><img loading=\"lazy\" width=\"178\" height=\"100\" border=\"0\" src=\"https://s01.riotpixels.net/data/af/89/af89b249-61bd-42bb-9582-879ee73638ea.jpg.240p.jpg\"></a><a target=\"_blank\" href=\"https://en.riotpixels.com/games/protagonist-ex-1/screenshots/16/?utm_source=emb-gfx-html&amp;utm_medium=image&amp;utm_campaign=rp-mass\" rel=\"noopener\"><img loading=\"lazy\" width=\"178\" height=\"100\" border=\"0\" src=\"https://s01.riotpixels.net/data/e6/12/e612895c-aabc-4dce-87cc-6bcd3cd9cb75.jpg.240p.jpg\"></a></p><h3>Repack Features</h3><ul><li>Based on The.Protagonist.EX.1-PLAZA ISO release: plaza-the.protagonist.ex.1.iso (4,974,051,328 bytes)</li><li>100% Lossless &amp; MD5 Perfect: all files are identical to originals after installation</li><li>NOTHING ripped, NOTHING re-encoded</li><li>Selective Download feature: you may skip downloading and installing of videos in 4K resolution</li><li>Significantly smaller archive size (compressed from 4.6 to 2.6/2.9 GB)</li><li>Installation takes 2-4 minutes (depending on your system)</li><li>After-install integrity check so you could make sure that everything installed properly</li><li>HDD space after installation: up to 4.8 GB</li><li>Language can be changed in game settings</li><li>Repack uses XTool library by Razor12911</li><li>At least 2 GB of free RAM (inc. virtual) required for installing this repack</li></ul><div ><div><h2>Game Description</h2></div><div >War looms between the Terrans and an invading synthetic race. A massive station appears high in orbit and first contact between them goes very wrong.<p>An elite strike team led by Angel, a highly trained special agent with advanced martial arts skills, is sent to neutralize the threat. But the mission goes awry and Angel awakens in the infirmary of the station\u2019s lab. With no memory of what happened, she must trust an unfamiliar face to guide her through the alien ship and find the rest of her team. She only knows this: they are the only hope of Terra.</p><p><b><h3>Game Features</h3></b></p><ul><li><b>Martial Arts Combat System</b> \u2013 customize your character\u2019s close-combat abilities</li><li><b>Dynamic Dialogue System</b> \u2013 make decisions and face consequences</li><li><b>Initiative and Action Points System</b> \u2013 fully control the actions of your character on their turn</li><li><b>Deep content</b> \u2013 enjoy 7+ playable characters, 10+ types of enemies, 19+ weapon types, and much more</li><li><b>Story-Driven</b> \u2013 play in this incredible sci-fi universe, mixing different genres and styles</li><li><b>With epic voices acting</b> \u2013 from Temuera Morrison and Tony Todd, and much more</li></ul></div></div>             </div>"
}