{
    "link": "https://fitgirl-repacks.site/the-game-of-life-2/",
    "title": "The Game of Life 2 \u2013 Version 567387 + 6 DLCs + Multiplayer",
    "first_img": "https://i1.imageban.ru/out/2021/11/26/8ba82422f8b3c7a6ad388b9568293c2d.jpg",
    "second_img": "https://s01.riotpixels.net/data/2f/49/2f493b96-500e-44aa-8b9f-2bdf170a0b2b.jpg.240p.jpg",
    "body": "<div ><h2>The Game of Life 2 \u2013 Version 567387 + 6 DLCs + Multiplayer</h2><p ><div><a target=\"_blank\" href=\"https://en.riotpixels.com/games/game-of-life-2/\" rel=\"noopener\"><img class=\"alignleft\" width=\"150\" src=\"https://i1.imageban.ru/out/2021/11/26/8ba82422f8b3c7a6ad388b9568293c2d.jpg\"></a></div><br>Genres/Tags: <strong>Board game, 3D</strong><br>Company: <strong>Marmalade Game Studio Ltd</strong><br>Languages: <strong>ENG/MULTI5</strong><br>Original Size: <strong>597 MB</strong><br>Repack Size: <strong>404 MB</strong></p>&nbsp;<div>&nbsp;</div><h3>Download Mirrors</h3><ul><li><a href=\"https://1337x.to/torrent/5064775/The-Game-of-Life-2-Version-567387-6-DLCs-Multiplayer-MULTi5-FitGirl-Repack/\" target=\"_blank\" rel=\"noopener\">1337x</a> | [<a href=\"magnet:?xt=urn:btih:2CC356C1882214C535C6ED157D8B568AAD16ECD7&amp;dn=The+Game+of+Life+2+%28Version+567387+%2B+6+DLCs+%2B+Multiplayer%2C+MULTi5%29+%5BFitGirl+Repack%5D&amp;tr=udp%3A%2F%2F46.148.18.250%3A2710&amp;tr=udp%3A%2F%2Fopentor.org%3A2710&amp;tr=udp%3A%2F%2Ftracker.coppersurfer.tk%3A6969%2Fannounce&amp;tr=udp%3A%2F%2Ftracker.opentrackr.org%3A1337%2Fannounce&amp;tr=http%3A%2F%2Ftracker.dler.org%3A6969%2Fannounce&amp;tr=udp%3A%2F%2Ftracker.leechers-paradise.org%3A6969%2Fannounce&amp;tr=udp%3A%2F%2F9.rarbg.me%3A2730%2Fannounce&amp;tr=udp%3A%2F%2F9.rarbg.to%3A2770%2Fannounce&amp;tr=udp%3A%2F%2Ftracker.pirateparty.gr%3A6969%2Fannounce&amp;tr=http%3A%2F%2Fretracker.local%2Fannounce&amp;tr=http%3A%2F%2Fretracker.ip.ncnet.ru%2Fannounce&amp;tr=udp%3A%2F%2Fexodus.desync.com%3A6969%2Fannounce&amp;tr=udp%3A%2F%2Fipv4.tracker.harry.lu%3A80%2Fannounce&amp;tr=udp%3A%2F%2Fopen.stealth.si%3A80%2Fannounce&amp;tr=udp%3A%2F%2Ftracker.zer0day.to%3A1337%2Fannounce&amp;tr=udp%3A%2F%2Ftracker.leechers-paradise.org%3A6969%2Fannounce&amp;tr=udp%3A%2F%2Fcoppersurfer.tk%3A6969%2Fannounce\">magnet</a>] [<a href=\"https://pastefg.hermietkreeft.site/?57ffa3a0226f39e0#4p13tTtR5uhXMz1AzNp1CtBk4qVDWtRyTgVBv9jQNTWe\" target=\"_blank\" rel=\"noopener\">.torrent file only</a>] <br><img src=\"https://torrent-stats.info/ed15/4542551fa.png\" style=\"display:block;clear:both\"></li><li><a href=\"https://tapochek.net/viewtopic.php?p=2814627\" target=\"_blank\" rel=\"noopener\">Tapochek.net</a></li><li><a href=\"https://pastefg.hermietkreeft.site/?a4e4f06e4e2a0f1c#H2a4VREEJfgMKqbU3pUfdANbznQuEwrCq51ct44SHPoL\" target=\"_blank\" rel=\"noopener\">Filehoster: MultiUpload</a> (10+ hosters, interchangeable) [Use <a href=\"http://jdownloader.org/jdownloader2\" target=\"_blank\" rel=\"noopener\">JDownloader2</a>]</li><li><a href=\"https://pastefg.hermietkreeft.site/?f352550760340e8c#9Y49tQxnW368uLnkczJYzkAaqbXYogG755BWMe1cLVUN\" target=\"_blank\" rel=\"noopener\">Filehoster: ZippyShare</a></li><li><a href=\"https://pastefg.hermietkreeft.site/?7f4ab5a978eb5477#GcEKFRt3YkPceGJga2qTRw1zLaBfhQgmaXpries2qYgt\" target=\"_blank\" rel=\"noopener\">Filehoster: BayFiles</a></li><li><a href=\"https://pastefg.hermietkreeft.site/?99f83f142732bfcb#FuyrDQGgRGRxd7wUPq5nTNeS86qc4kPDS6dGSMtzFLkK\" target=\"_blank\" rel=\"noopener\">Filehoster: LetsUpload</a> [Use <a href=\"http://jdownloader.org/jdownloader2\" target=\"_blank\" rel=\"noopener\">JDownloader2</a>]</li><li><a href=\"https://pastefg.hermietkreeft.site/?19dfc39646f05ab0#9fTP9MEaWFDdSfpCC5RF6N4hpTmyz8nLxHQp86k1dMxb\" target=\"_blank\" rel=\"noopener\">Filehoster: OneDrive</a> (Uploaded by DyR0 t(-_-t), NOT compatible with other mirrors)</li><p><!--  <li><a href=\"\" target=\"_blank\" rel=\"noopener\">Filehosters: Google Drive, OneDrive + others</a> (Uploaded by crackhub213)</li>  --></p></ul><p><a href=\"https://cs.rin.ru/forum/viewtopic.php?f=10&amp;t=110708\" target=\"_blank\" rel=\"noopener\">Discussion and (possible) future updates on CS.RIN.RU thread</a></p><h3>Screenshots (Click to enlarge)</h3><p><a target=\"_blank\" href=\"https://en.riotpixels.com/games/game-of-life-2/screenshots/11/?utm_source=emb-gfx-html&amp;utm_medium=image&amp;utm_campaign=rp-mass\" rel=\"noopener\"><img loading=\"lazy\" width=\"178\" height=\"100\" border=\"0\" src=\"https://s01.riotpixels.net/data/2f/49/2f493b96-500e-44aa-8b9f-2bdf170a0b2b.jpg.240p.jpg\"></a><a target=\"_blank\" href=\"https://en.riotpixels.com/games/game-of-life-2/screenshots/7/?utm_source=emb-gfx-html&amp;utm_medium=image&amp;utm_campaign=rp-mass\" rel=\"noopener\"><img loading=\"lazy\" width=\"178\" height=\"100\" border=\"0\" src=\"https://s01.riotpixels.net/data/e1/3a/e13a47f8-20f5-4815-a64d-c76646cd6a95.jpg.240p.jpg\"></a><a target=\"_blank\" href=\"https://en.riotpixels.com/games/game-of-life-2/screenshots/5/?utm_source=emb-gfx-html&amp;utm_medium=image&amp;utm_campaign=rp-mass\" rel=\"noopener\"><img loading=\"lazy\" width=\"178\" height=\"100\" border=\"0\" src=\"https://s01.riotpixels.net/data/54/6f/546f20da-f44e-4b1b-a6e1-654fcfebbbd3.jpg.240p.jpg\"></a><br><a target=\"_blank\" href=\"https://en.riotpixels.com/games/game-of-life-2/screenshots/4/?utm_source=emb-gfx-html&amp;utm_medium=image&amp;utm_campaign=rp-mass\" rel=\"noopener\"><img loading=\"lazy\" width=\"178\" height=\"100\" border=\"0\" src=\"https://s01.riotpixels.net/data/c5/16/c5163396-0809-4bb3-816d-25effa4f5f65.jpg.240p.jpg\"></a><a target=\"_blank\" href=\"https://en.riotpixels.com/games/game-of-life-2/screenshots/3/?utm_source=emb-gfx-html&amp;utm_medium=image&amp;utm_campaign=rp-mass\" rel=\"noopener\"><img loading=\"lazy\" width=\"178\" height=\"100\" border=\"0\" src=\"https://s01.riotpixels.net/data/0b/24/0b2404df-09d7-4ba7-b0d1-a14fd9a3bdc4.jpg.240p.jpg\"></a><a target=\"_blank\" href=\"https://en.riotpixels.com/games/game-of-life-2/screenshots/1/?utm_source=emb-gfx-html&amp;utm_medium=image&amp;utm_campaign=rp-mass\" rel=\"noopener\"><img loading=\"lazy\" width=\"178\" height=\"100\" border=\"0\" src=\"https://s01.riotpixels.net/data/51/d7/51d75d10-40e3-44cd-8b35-15164568d4f7.jpg.240p.jpg\"></a></p><h3>Repack Features</h3><ul><li>Based on The.Game.of.Life.2.Lunar.Age-CODEX ISO release: codex-the.game.of.life.2.lunar.age.iso (626,163,712 bytes)</li><li>Game version: 567387; 6 DLCs are included and activated</li><li>Optional CreamAPI-based multiplayer crack is available in NoDVD folder after installation, thanks to deadmau5 and Masquerade!</li><li>To play in multiplayer via Steam, copy files from \u201cNoDVD\\Steamworks Fix\u201d folder to the game root. Claim Cube Racer to your Steam library. Start the game, choose to play multiplayer with friends. Invite friends. Play.</li><li>100% Lossless &amp; MD5 Perfect: all files are identical to originals after installation</li><li>NOTHING ripped, NOTHING re-encoded</li><li>Smaller archive size (compressed from 597 to 404 MB)</li><li>Installation takes one minute</li><li>After-install integrity check so you could make sure that everything installed properly</li><li>HDD space after installation: 763 MB</li><li>Language can be changed in game settings</li><li>Repack uses XTool library by Razor12911</li><li>At least 2 GB of free RAM (inc. virtual) required for installing this repack</li></ul><div ><div><h2>Game Description</h2></div><div >THE GAME OF LIFE 2 is here as a digital board game is an official, contemporary sequel to the classic THE GAME OF LIFE game. It offers more choices and more freedom at every stage of the game on a fully animated and immersive 3D board. You\u2019ve got thousands of new, meaningful ways to live your life before reaching the finish line.<p>THE GAME OF LIFE 2 is another one of Marmalade Game Studio\u2019s classic board games for kids and adults alike.</p><p><b>HOW TO PLAY?</b></p><p><b>CHOOSE and CUSTOMISE your character!</b><br>A life journey calls for one jaw-dropping outfit! Customise your pink, blue or purple peg with a style all of their own.</p><p><b>START at the beginning!</b><br>Teen life on the board might seem daunting, but there\u2019s no pressure! THE GAME OF LIFE 2 game starts when big decisions really begin, and the choices just keep coming!</p><p><b>Choose your LIFE PATH!</b><br>Your life is in your hands! Get married, earn qualifications, become a star and adopt pets. In THE GAME OF LIFE 2 game the road has many twists and turns, and crossroads can now grant second chances \u2013 so it\u2019s never too late to get married or earn that degree!</p><p><b>Money vs Happiness, RETIRE your way!</b><br>Are you in it for the millions or the good times? THE GAME OF LIFE 2 game is about so much more than money. Gain attributes for happiness, wealth and knowledge, and the final score will sum up your achievements!</p><p><b>Earn REWARDS to UNLOCK new items!</b><br>Unlock new characters, outfits and vehicles by playing the game and earning rewards! Collect 60 happiness points, travel 100 spaces, collect 5000k; each accomplishment unlocks a puzzle piece. When you collect 6 puzzle pieces you can unlock a bonus item, and there are eight to unlock in each world!</p><p><b>EXPLORE marvellous worlds with THE GAME OF LIFE 2 Season Pass!</b><br>Take an enchanted quest through the Fairytale Kingdom, become a Monster Herder in the Haunted Hills, discover the magic of Frozen Lands and live the life of your dinosaur-loving dreams in Age of Giants! THE GAME OF LIFE 2 Season Pass includes 4 additional worlds\u2026</p><p>\u2026with more worlds coming soon!</p><p><b><h3>Game Features</h3></b></p><ul><li>A CONTEMPORARY SEQUEL TO HASBRO\u2019S CLASSIC BOARD GAME \u2013 THE GAME OF LIFE 2 drives the original from yesterday to today, with:</li><li>Customisable pegs</li><li>A selection of vehicles</li><li>An eco-city board</li><li>Second chances, including the option to change job, go back to school and get married later</li><li>New careers, including Video Blogger, Game Designer, Athlete and Dog Groomer</li><li>Pet adoption</li><li>New ways to win, including points for knowledge and happiness, as well as wealth</li><li>The chance to continue playing past retirement</li><li>OPEN ONLINE MULTIPLAYER \u2013 Distance doesn\u2019t interrupt play when you connect with up to 4 players around the world</li><li>PRIVATE ONLINE MULTIPLAYER \u2013 Invite up to 4 friends and/or family members to a private multiplayer game</li><li>CROSS-PLATFORM MULTIPLAYER \u2013 Play on Steam, against friends on their phones!</li><li>SINGLE PLAYER \u2013 There\u2019s no such thing as playing alone when you take on our challenging AI</li><li>PASS &amp; PLAY \u2013 Simply pass the keyboard and/or mouse between players for an easy offline experience</li><li>SEASON PASS \u2013 Seek out additional boards, including \u2018Fairytale Kingdom\u2019, \u2018Haunted Hills\u2019 and \u2018Frozen Lands\u2019 with THE GAME OF LIFE 2 Season Pass to unlock themes, with 7 more on the way!</li></ul><p><b>Included DLCs</b></p><ul><li>Fairytale Kingdom World</li><li>Haunted Hills World</li><li>Frozen Lands World</li><li>Age of Giants World</li><li>Sandy Shores World</li><li>Lunar Age World</li></ul></div></div>             </div>"
}