{
    "link": "https://fitgirl-repacks.site/the-town-of-light/",
    "title": "The Town of Light \u2013 Build 7361644 + Bonus Content",
    "first_img": "https://i6.imageban.ru/out/2021/09/22/d97da595b40fa4a5096f1d545018df1c.jpg",
    "second_img": "https://s01.riotpixels.net/data/be/ca/beca3054-94a6-4384-98c8-92f74fc8b193.jpg.240p.jpg",
    "body": "<div ><h2>The Town of Light \u2013 Build 7361644 + Bonus Content</h2><p ><div><a target=\"_blank\" href=\"https://en.riotpixels.com/games/town-of-light/\" rel=\"noopener\"><img class=\"alignleft\" width=\"150\" src=\"https://i6.imageban.ru/out/2021/09/22/d97da595b40fa4a5096f1d545018df1c.jpg\"></a></div><br>Genres/Tags: <strong>Adventure, First-person, Horror, Psychological, 3D</strong><br>Companies: <strong>LKA, Wired Productions</strong><br>Languages: <strong>RUS/ENG/MULTI12</strong><br>Original Size: <strong>4.4 GB</strong><br>Repack Size: <strong>from 2.2 GB</strong> [Selective Download]</p>&nbsp;<div>&nbsp;</div><h3>Download Mirrors</h3><ul><li><a href=\"https://1337x.to/torrent/4991106/The-Town-of-Light-Build-7361644-Bonus-Content-MULTi12-FitGirl-Repack-Selective-Download-from-2-2-GB/\" target=\"_blank\" rel=\"noopener\">1337x</a> | [<a href=\"magnet:?xt=urn:btih:B1E2B9986533B7B6BFCD8C0FBF2C5C8D1EB1A61C&amp;dn=The+Town+of+Light+%28Build+7361644+%2B+Bonus+Content%2C+MULTi12%29+%5BFitGirl+Repack%2C+Selective+Download+-+from+2.2+GB%5D&amp;tr=udp%3A%2F%2F46.148.18.250%3A2710&amp;tr=udp%3A%2F%2Fopentor.org%3A2710&amp;tr=udp%3A%2F%2Ftracker.coppersurfer.tk%3A6969%2Fannounce&amp;tr=udp%3A%2F%2Ftracker.opentrackr.org%3A1337%2Fannounce&amp;tr=http%3A%2F%2Ftracker.dler.org%3A6969%2Fannounce&amp;tr=udp%3A%2F%2Ftracker.leechers-paradise.org%3A6969%2Fannounce&amp;tr=udp%3A%2F%2F9.rarbg.me%3A2730%2Fannounce&amp;tr=udp%3A%2F%2F9.rarbg.to%3A2770%2Fannounce&amp;tr=udp%3A%2F%2Ftracker.pirateparty.gr%3A6969%2Fannounce&amp;tr=http%3A%2F%2Fretracker.local%2Fannounce&amp;tr=http%3A%2F%2Fretracker.ip.ncnet.ru%2Fannounce&amp;tr=udp%3A%2F%2Fexodus.desync.com%3A6969%2Fannounce&amp;tr=udp%3A%2F%2Fipv4.tracker.harry.lu%3A80%2Fannounce&amp;tr=udp%3A%2F%2Fopen.stealth.si%3A80%2Fannounce&amp;tr=udp%3A%2F%2Ftracker.zer0day.to%3A1337%2Fannounce&amp;tr=udp%3A%2F%2Ftracker.leechers-paradise.org%3A6969%2Fannounce&amp;tr=udp%3A%2F%2Fcoppersurfer.tk%3A6969%2Fannounce\">magnet</a>] [<a href=\"https://pastefg.hermietkreeft.site/?c77fdc40f13368bd#AdKPB9S8KnMgJaYsYBgdpETLSyKc77196Yj3pP6JrnHV\" target=\"_blank\" rel=\"noopener\">.torrent file only</a>] <br><img src=\"https://torrent-stats.info/8c0f/28223358c.png\" style=\"display:block;clear:both\"></li><li><a href=\"http://rutor.info/torrent/835658/the-town-of-light-build-7361644-bonus-2016-pc-repack-ot-fitgirl\" target=\"_blank\" rel=\"noopener\">RuTor</a> [<a href=\"magnet:?xt=urn:btih:b1e2b9986533b7b6bfcd8c0fbf2c5c8d1eb1a61c&amp;dn=rutor.info_The+Town+of+Light+%5BBuild+7361644+%2B+Bonus%5D+%282016%29+PC+%7C+RePack+%D0%BE%D1%82+FitGirl&amp;tr=udp://opentor.net:6969&amp;tr=udp://opentor.org:2710&amp;tr=http://retracker.local/announce\">magnet</a>]</li><li><a href=\"https://tapochek.net/viewtopic.php?p=2801555\" target=\"_blank\" rel=\"noopener\">Tapochek.net</a></li><li><a href=\"https://pastefg.hermietkreeft.site/?f42f4c4b7bf14107#F3C2Zpku11CWxMgwEq6ZKJd5iTiAFJVUstkZabZTfmgd\" target=\"_blank\" rel=\"noopener\">Filehoster: MultiUpload</a> (10+ hosters, interchangeable) [Use <a href=\"http://jdownloader.org/jdownloader2\" target=\"_blank\" rel=\"noopener\">JDownloader2</a>]</li><li><a href=\"https://pastefg.hermietkreeft.site/?95e24ab414871848#FN1mtL9SM5JhpxLvs9gZ7dJdTRs1GKPn5xTKPtDkzDkD\" target=\"_blank\" rel=\"noopener\">Filehoster: PixelDrain</a></li><li><a href=\"https://pastefg.hermietkreeft.site/?26f8577726785ea7#4QWiXCyfjUhzHp5guE3AZQKZGQm9Y4Ggma2yrpVpGVVi\" target=\"_blank\" rel=\"noopener\">Filehoster: ZippyShare</a></li><li><a href=\"https://pastefg.hermietkreeft.site/?471dd4aa5a7d09cf#5QjKJ3r56fm3DnJfiQvNjetRVHs5Pq7A4rEGDHBY4WeF\" target=\"_blank\" rel=\"noopener\">Filehoster: LetsUpload</a> [Use <a href=\"http://jdownloader.org/jdownloader2\" target=\"_blank\" rel=\"noopener\">JDownloader2</a>]</li><li><a href=\"https://pastefg.hermietkreeft.site/?6385410dfce58b58#78BXL6VJfQL1Rg9hfxnnnR1PQ22skfeMkT4WESD6ddwa\" target=\"_blank\" rel=\"noopener\">Filehoster: OneDrive</a> (Uploaded by DyR0 t(-_-t), NOT compatible with other mirrors)</li></ul><p><a href=\"https://cs.rin.ru/forum/viewtopic.php?f=10&amp;t=69735\" target=\"_blank\" rel=\"noopener\">Discussion and (possible) future updates on CS.RIN.RU thread</a></p><h3>Screenshots (Click to enlarge)</h3><p><a target=\"_blank\" href=\"https://en.riotpixels.com/games/town-of-light/screenshots/37/?utm_source=emb-gfx-html&amp;utm_medium=image&amp;utm_campaign=rp-mass\" rel=\"noopener\"><img loading=\"lazy\" width=\"178\" height=\"100\" border=\"0\" src=\"https://s01.riotpixels.net/data/be/ca/beca3054-94a6-4384-98c8-92f74fc8b193.jpg.240p.jpg\"></a><a target=\"_blank\" href=\"https://en.riotpixels.com/games/town-of-light/screenshots/33/?utm_source=emb-gfx-html&amp;utm_medium=image&amp;utm_campaign=rp-mass\" rel=\"noopener\"><img loading=\"lazy\" width=\"178\" height=\"100\" border=\"0\" src=\"https://s01.riotpixels.net/data/5e/bb/5ebb6887-7cf8-454d-ad36-e1f8c722cd37.jpg.240p.jpg\"></a><a target=\"_blank\" href=\"https://en.riotpixels.com/games/town-of-light/screenshots/25/?utm_source=emb-gfx-html&amp;utm_medium=image&amp;utm_campaign=rp-mass\" rel=\"noopener\"><img loading=\"lazy\" width=\"178\" height=\"100\" border=\"0\" src=\"https://s01.riotpixels.net/data/84/98/8498c9a5-c8ea-4575-bdc8-45634d70924e.jpg.240p.jpg\"></a><br><a target=\"_blank\" href=\"https://en.riotpixels.com/games/town-of-light/screenshots/8/?utm_source=emb-gfx-html&amp;utm_medium=image&amp;utm_campaign=rp-mass\" rel=\"noopener\"><img loading=\"lazy\" width=\"178\" height=\"100\" border=\"0\" src=\"https://s01.riotpixels.net/data/e2/18/e218f8fc-3678-4a06-a96b-df115b7466be.jpg.240p.jpg\"></a><a target=\"_blank\" href=\"https://en.riotpixels.com/games/town-of-light/screenshots/3/?utm_source=emb-gfx-html&amp;utm_medium=image&amp;utm_campaign=rp-mass\" rel=\"noopener\"><img loading=\"lazy\" width=\"178\" height=\"100\" border=\"0\" src=\"https://s01.riotpixels.net/data/0e/56/0e56df49-7c89-4f1b-99c7-037f2b26b36c.jpg.240p.jpg\"></a><a target=\"_blank\" href=\"https://en.riotpixels.com/games/town-of-light/screenshots/1/?utm_source=emb-gfx-html&amp;utm_medium=image&amp;utm_campaign=rp-mass\" rel=\"noopener\"><img loading=\"lazy\" width=\"178\" height=\"100\" border=\"0\" src=\"https://s01.riotpixels.net/data/73/aa/73aa5fc3-e9d7-48ca-a2f6-e30006be1765.jpg.240p.jpg\"></a></p><h3>Repack Features</h3><ul><li>Based on The.Town.of.Light.Enhanced-PLAZA ISO release: plaza-the.town.of.light.enhanced.iso (4,708,171,776 bytes)</li><li>Game version: Build SteamID 7361644 from September 15, 2021</li><li>Optional Russian fan-made localization v0.9 by ZoG Forum Team is available after installation, run \u201cConvert to Russian.bat\u201d to convert the installed game from English to Russian</li><li>100% Lossless &amp; MD5 Perfect: all files are identical to originals after installation</li><li>NOTHING ripped, NOTHING re-encoded</li><li>Selective Download feature: you can skip downloading and installing of Live Action advertising video (<a href=\"https://www.youtube.com/watch?v=j8YUzMZHY8A\" rel=\"noopener\" target=\"_blank\">https://www.youtube.com/watch?v=j8YUzMZHY8A</a>) and bonus content</li><li>Significantly smaller archive size (compressed from 4.4 to 2.2~2.8 GB, depending on selected components)</li><li>Installation takes 3-5 minutes (depending on your system)</li><li>After-install integrity check so you could make sure that everything installed properly</li><li>HDD space after installation: up to 7.4 GB</li><li>Language can be changed in game settings</li><li>At least 2 GB of free RAM (inc. virtual) required for installing this repack</li></ul><div ><div><h2>Game Description</h2></div><div ><p>12 March 1938. Ren\u00e9e, 16 years old, is ripped out of her world, locked up and deprived of everything.</p><p>Her only fault was that she didn\u2019t know what her place in the world was.</p><p>\u201cA danger to herself and others and a cause of public scandal\u201d wrote the police headquarters.</p><p>The only horror you will find in this game is the truth: a blow to the solar plexus, much more intense than any supernatural presence</p><p><b>The Town of Light</b> is a psychological adventure told in the first person. The story is set in Italy in the first half of the 20th Century in a place which really existed and has been meticulously reconstructed. Exploring and interacting with the environment you will relive the history of the main character through her confused viewpoint and on the basis of your choices, the story will develop in different ways.</p><p><b>Because of its contents, the game is intended only for adult users.</b></p><p><b><h3>Game Features</h3></b></p><ul><li>Realistic 3d graphics</li><li>Based on real facts and events.</li><li>Strong narrative component</li><li>No zombies or supernatural presences.</li><li>Original sound track.</li></ul><p><b>Included Content:</b></p><ul><li>Ren\u00e8e\u2019s Diary</li><li>Official Soundtrack</li><li>Artbook</li></ul></div></div>             </div>"
}