{
    "link": "https://fitgirl-repacks.site/the-smurfs-mission-vileaf/",
    "title": "The Smurfs: Mission Vileaf + Preorder Bonuses DLC",
    "first_img": "https://i5.imageban.ru/out/2021/10/27/8c149e1e0d9f9b1e997ae739c70afce0.jpg",
    "second_img": "https://s01.riotpixels.net/data/ff/49/ff494491-47ea-4d7e-9f52-259b8f6e4cc8.jpg.240p.jpg",
    "body": "<div ><h2>The Smurfs: Mission Vileaf + Preorder Bonuses DLC</h2><p ><div><a target=\"_blank\" href=\"https://en.riotpixels.com/games/smurfs-mission-vileaf/\" rel=\"noopener\"><img class=\"alignleft\" width=\"150\" src=\"https://i5.imageban.ru/out/2021/10/27/8c149e1e0d9f9b1e997ae739c70afce0.jpg\"></a></div><br>Genres/Tags: <strong>Arcade, Jump and run, Third-person, 3D</strong><br>Companies: <strong>OSome Studio, Microids</strong><br>Languages: <strong>RUS/ENG/MULTI20</strong><br>Original Size: <strong>1.6 GB</strong><br>Repack Size: <strong>1.1 GB</strong></p>&nbsp;<div>&nbsp;</div><h3>Download Mirrors</h3><ul><li><a href=\"https://1337x.to/torrent/5031762/The-Smurfs-Mission-Vileaf-DLC-MULTi20-FitGirl-Repack/\" target=\"_blank\" rel=\"noopener\">1337x</a> | [<a href=\"magnet:?xt=urn:btih:C51F14AAD7213E117C09B10BACB933D398AA6029&amp;dn=The+Smurfs%3A+Mission+Vileaf+%28%2B+DLC%2C+MULTi20%29+%5BFitGirl+Repack%5D&amp;tr=udp%3A%2F%2F46.148.18.250%3A2710&amp;tr=udp%3A%2F%2Fopentor.org%3A2710&amp;tr=udp%3A%2F%2Ftracker.coppersurfer.tk%3A6969%2Fannounce&amp;tr=udp%3A%2F%2Ftracker.opentrackr.org%3A1337%2Fannounce&amp;tr=http%3A%2F%2Ftracker.dler.org%3A6969%2Fannounce&amp;tr=udp%3A%2F%2Ftracker.leechers-paradise.org%3A6969%2Fannounce&amp;tr=udp%3A%2F%2F9.rarbg.me%3A2730%2Fannounce&amp;tr=udp%3A%2F%2F9.rarbg.to%3A2770%2Fannounce&amp;tr=udp%3A%2F%2Ftracker.pirateparty.gr%3A6969%2Fannounce&amp;tr=http%3A%2F%2Fretracker.local%2Fannounce&amp;tr=http%3A%2F%2Fretracker.ip.ncnet.ru%2Fannounce&amp;tr=udp%3A%2F%2Fexodus.desync.com%3A6969%2Fannounce&amp;tr=udp%3A%2F%2Fipv4.tracker.harry.lu%3A80%2Fannounce&amp;tr=udp%3A%2F%2Fopen.stealth.si%3A80%2Fannounce&amp;tr=udp%3A%2F%2Ftracker.zer0day.to%3A1337%2Fannounce&amp;tr=udp%3A%2F%2Ftracker.leechers-paradise.org%3A6969%2Fannounce&amp;tr=udp%3A%2F%2Fcoppersurfer.tk%3A6969%2Fannounce\">magnet</a>] [<a href=\"https://pastefg.hermietkreeft.site/?d14ebcee9889c1a1#EzSkRaTGzmzo2wEXtTbaf34qU3c1hhbi2T5QKVxjHkSr\" target=\"_blank\" rel=\"noopener\">.torrent file only</a>] <br><img src=\"https://torrent-stats.info/b10b/333f07ebf.png\" style=\"display:block;clear:both\"></li><li><a href=\"http://rutor.info/torrent/841820/the-smurfs-mission-vileaf-dlc-2021-pc-repack-ot-fitgirl\" target=\"_blank\" rel=\"noopener\">RuTor</a> [<a href=\"magnet:?xt=urn:btih:c51f14aad7213e117c09b10bacb933d398aa6029&amp;dn=rutor.info_The+Smurfs%3A+Mission+Vileaf+%5B%2B+DLC%5D+%282021%29+PC+%7C+RePack+%D0%BE%D1%82+FitGirl&amp;tr=udp://opentor.net:6969&amp;tr=udp://opentor.org:2710&amp;tr=http://retracker.local/announce\">magnet</a>]</li><li><a href=\"https://tapochek.net/viewtopic.php?p=2808184\" target=\"_blank\" rel=\"noopener\">Tapochek.net</a></li><li><a href=\"https://pastefg.hermietkreeft.site/?d13842016d935f7d#G7P2915R6HynL2GBRsnCdGe4Vj9H7y3NhywbdaNr1x6P\" target=\"_blank\" rel=\"noopener\">Filehoster: MultiUpload</a> (10+ hosters, interchangeable) [Use <a href=\"http://jdownloader.org/jdownloader2\" target=\"_blank\" rel=\"noopener\">JDownloader2</a>]</li><li><a href=\"https://pastefg.hermietkreeft.site/?be33e57b9bd5fc96#HxoLTjaE8Zk4vfZ57d5dQynMLvAHn2Nu8wRUV3LY2N1S\" target=\"_blank\" rel=\"noopener\">Filehoster: PixelDrain</a></li><li><a href=\"https://pastefg.hermietkreeft.site/?affa809c81eff0e8#9feVHj5fsV9ihYWPQXeWZqxRk6LYKhoVbktMXDCFUiJx\" target=\"_blank\" rel=\"noopener\">Filehoster: ZippyShare</a></li><li><a href=\"https://pastefg.hermietkreeft.site/?3c05c32c6be97510#CEZ5L1RyVjDhW81nrT55z88QJ6bhpTn8GmTQmkJ586Hy\" target=\"_blank\" rel=\"noopener\">Filehoster: BayFiles</a></li><li><a href=\"https://pastefg.hermietkreeft.site/?65b60bc9e175b956#DXzYm1x8QFkQRXa1PD24xbs5tfq7JzvjKjVfBWJSa7qf\" target=\"_blank\" rel=\"noopener\">Filehoster: LetsUpload</a> [Use <a href=\"http://jdownloader.org/jdownloader2\" target=\"_blank\" rel=\"noopener\">JDownloader2</a>]</li><li><a href=\"https://pastefg.hermietkreeft.site/?f7c3be3e39376bfc#C9nTbSCn5PSTAwK6KCASXtXeXY47YcyLtqAEqPG6sZPJ\" target=\"_blank\" rel=\"noopener\">Filehoster: OneDrive</a> (Uploaded by DyR0 t(-_-t), NOT compatible with other mirrors)</li><p><!--  <li><a href=\"\" target=\"_blank\" rel=\"noopener\">Filehosters: Google Drive, OneDrive + others</a> (Uploaded by crackhub213)</li>  --></p></ul><p><a href=\"https://cs.rin.ru/forum/viewtopic.php?f=10&amp;t=113508\" target=\"_blank\" rel=\"noopener\">Discussion and (possible) future updates on CS.RIN.RU thread</a></p><h3>Screenshots (Click to enlarge)</h3><p><a target=\"_blank\" href=\"https://en.riotpixels.com/games/smurfs-mission-vileaf/screenshots/7/?utm_source=emb-gfx-html&amp;utm_medium=image&amp;utm_campaign=rp-mass\" rel=\"noopener\"><img loading=\"lazy\" width=\"178\" height=\"100\" border=\"0\" src=\"https://s01.riotpixels.net/data/ff/49/ff494491-47ea-4d7e-9f52-259b8f6e4cc8.jpg.240p.jpg\"></a><a target=\"_blank\" href=\"https://en.riotpixels.com/games/smurfs-mission-vileaf/screenshots/6/?utm_source=emb-gfx-html&amp;utm_medium=image&amp;utm_campaign=rp-mass\" rel=\"noopener\"><img loading=\"lazy\" width=\"178\" height=\"100\" border=\"0\" src=\"https://s01.riotpixels.net/data/1b/3d/1b3d4ee7-169d-4071-a2c7-eae5228c0230.jpg.240p.jpg\"></a><a target=\"_blank\" href=\"https://en.riotpixels.com/games/smurfs-mission-vileaf/screenshots/5/?utm_source=emb-gfx-html&amp;utm_medium=image&amp;utm_campaign=rp-mass\" rel=\"noopener\"><img loading=\"lazy\" width=\"178\" height=\"100\" border=\"0\" src=\"https://s01.riotpixels.net/data/87/a2/87a21ea2-e858-4410-b4ef-6a28c24a79af.jpg.240p.jpg\"></a><br><a target=\"_blank\" href=\"https://en.riotpixels.com/games/smurfs-mission-vileaf/screenshots/4/?utm_source=emb-gfx-html&amp;utm_medium=image&amp;utm_campaign=rp-mass\" rel=\"noopener\"><img loading=\"lazy\" width=\"178\" height=\"100\" border=\"0\" src=\"https://s01.riotpixels.net/data/34/bd/34bd55ee-a5c0-4838-9cc4-ba698ee3db46.jpg.240p.jpg\"></a><a target=\"_blank\" href=\"https://en.riotpixels.com/games/smurfs-mission-vileaf/screenshots/3/?utm_source=emb-gfx-html&amp;utm_medium=image&amp;utm_campaign=rp-mass\" rel=\"noopener\"><img loading=\"lazy\" width=\"178\" height=\"100\" border=\"0\" src=\"https://s01.riotpixels.net/data/9e/85/9e85dc2b-0d76-4b30-8c04-816545d6d324.jpg.240p.jpg\"></a><a target=\"_blank\" href=\"https://en.riotpixels.com/games/smurfs-mission-vileaf/screenshots/2/?utm_source=emb-gfx-html&amp;utm_medium=image&amp;utm_campaign=rp-mass\" rel=\"noopener\"><img loading=\"lazy\" width=\"178\" height=\"100\" border=\"0\" src=\"https://s01.riotpixels.net/data/30/7e/307eaea8-adb5-41a4-a16b-6445059d4411.jpg.240p.jpg\"></a></p><h3>Repack Features</h3><ul><li>Based on The.Smurfs.Mission.Vileaf-CODEX ISO release: codex-the.smurfs.mission.vileaf.iso (1,748,533,248 bytes)</li><li>Preorder Bonuses DLC is included and activated</li><li>100% Lossless &amp; MD5 Perfect: all files are identical to originals after installation</li><li>NOTHING ripped, NOTHING re-encoded</li><li>Significantly smaller archive size (compressed from 1.6 to 1.1 GB)</li><li>Installation takes 2-3 minutes (depending on your system)</li><li>After-install integrity check so you could make sure that everything installed properly</li><li>HDD space after installation: 4.8 GB</li><li>Language can be changed in game settings</li><li>At least 2 GB of free RAM (inc. virtual) required for installing this repack</li></ul><div ><div><h2>Game Description</h2></div><div ><b>Go on an adventure to save your forest!</b><p>In a dusty grimoire, the wizard Gargamel just put his hands on the formula of an evil plant: the VILEAF.</p><p>This plant produces \u201cVILETRAP\u201d seeds, which can attract and imprison Smurfs\u2026 but these VILETRAP plants are also a great danger for the forest, as they are TOXIC, especially for the sarsaparilla fields!</p><p>PAPA SMURF decides to ask some of his fellow Smurfs to help him find the ingredients for a super powerful antidote for all the plants sick from the VILEAF.</p><p>Thanks to the SMURFIZER, an invention from HANDY SMURF, go on an adventure to find the ingredients and free your fellow Smurfs\u2026 and save the whole village!</p><p><b><h3>Game Features</h3></b></p><ul><li>Embody 4 iconic Smurfs: the Smurfette, Hefty Smurf, Brainy Smurf and Chef Smurf in 5 different worlds</li><li>Use the Smurfizer to heal the Vileaf contaminated plants on your way to Gargamel\u2019s hovel</li><li>The Smurfizer will also make you jump, glide, dive, vacuum\u2026 keep a good timing to overcome every obstacle and beat your enemies</li><li>A subtle mix of platforming and exploration gameplays: find your way through vertical levels and explore them to uncover every secrets</li><li>Give life back to the Smurfs village by making progress and improve the Smurfizer by finding items spread around the levels</li><li>A game for every Smurfs fan, young or old, but also for every 3D platforming game fan!</li></ul></div></div>             </div>"
}