{
    "link": "https://fitgirl-repacks.site/the-legend-of-tianding/",
    "title": "The Legend of Tianding",
    "first_img": "https://i2.imageban.ru/out/2021/11/03/8f7d12aa3b161b76c933acea4b2ca639.jpg",
    "second_img": "https://s01.riotpixels.net/data/d0/d3/d0d3e8bb-fe20-44d2-a3fb-ccd6fd54aeef.jpg.240p.jpg",
    "body": "<div ><h2>The Legend of Tianding</h2><p ><div><a target=\"_blank\" href=\"https://en.riotpixels.com/games/legend-of-tianding/\" rel=\"noopener\"><img class=\"alignleft\" width=\"150\" src=\"https://i2.imageban.ru/out/2021/11/03/8f7d12aa3b161b76c933acea4b2ca639.jpg\"></a></div><br>Genres/Tags: <strong>Arcade, Action, Platformer, Side, 2D</strong><br>Companies: <strong>Creative Games Computer Graphics Corporation, Neon Doctrine</strong><br>Languages: <strong>RUS/ENG/MULTI6</strong><br>Original Size: <strong>864 MB</strong><br>Repack Size: <strong>571 MB</strong></p>&nbsp;<div>&nbsp;</div><h3>Download Mirrors</h3><ul><li><a href=\"https://1337x.to/torrent/5039250/The-Legend-of-Tianding-MULTi6-FitGirl-Repack/\" target=\"_blank\" rel=\"noopener\">1337x</a> | [<a href=\"magnet:?xt=urn:btih:5DB192010B39DE4DF8B6AFF1124294A4EEE33AF8&amp;dn=The+Legend+of+Tianding+%28MULTi6%29+%5BFitGirl+Repack%5D&amp;tr=udp%3A%2F%2F46.148.18.250%3A2710&amp;tr=udp%3A%2F%2Fopentor.org%3A2710&amp;tr=udp%3A%2F%2Ftracker.coppersurfer.tk%3A6969%2Fannounce&amp;tr=udp%3A%2F%2Ftracker.opentrackr.org%3A1337%2Fannounce&amp;tr=http%3A%2F%2Ftracker.dler.org%3A6969%2Fannounce&amp;tr=udp%3A%2F%2Ftracker.leechers-paradise.org%3A6969%2Fannounce&amp;tr=udp%3A%2F%2F9.rarbg.me%3A2730%2Fannounce&amp;tr=udp%3A%2F%2F9.rarbg.to%3A2770%2Fannounce&amp;tr=udp%3A%2F%2Ftracker.pirateparty.gr%3A6969%2Fannounce&amp;tr=http%3A%2F%2Fretracker.local%2Fannounce&amp;tr=http%3A%2F%2Fretracker.ip.ncnet.ru%2Fannounce&amp;tr=udp%3A%2F%2Fexodus.desync.com%3A6969%2Fannounce&amp;tr=udp%3A%2F%2Fipv4.tracker.harry.lu%3A80%2Fannounce&amp;tr=udp%3A%2F%2Fopen.stealth.si%3A80%2Fannounce&amp;tr=udp%3A%2F%2Ftracker.zer0day.to%3A1337%2Fannounce&amp;tr=udp%3A%2F%2Ftracker.leechers-paradise.org%3A6969%2Fannounce&amp;tr=udp%3A%2F%2Fcoppersurfer.tk%3A6969%2Fannounce\">magnet</a>] [<a href=\"https://pastefg.hermietkreeft.site/?ef224f1539ecae7e#8DtwGGbMxqJGFk8Wa5SCyGZE9ue6j9i2TSwxRskrRKgZ\" target=\"_blank\" rel=\"noopener\">.torrent file only</a>] <br><img src=\"https://torrent-stats.info/aff1/3308f023e.png\" style=\"display:block;clear:both\"></li><li><a href=\"http://rutor.info/torrent/843422/the-legend-of-tianding-2021-pc-repack-ot-fitgirl\" target=\"_blank\" rel=\"noopener\">RuTor</a> [<a href=\"magnet:?xt=urn:btih:5db192010b39de4df8b6aff1124294a4eee33af8&amp;dn=rutor.info_The+Legend+of+Tianding+%282021%29+PC+%7C+RePack+%D0%BE%D1%82+FitGirl&amp;tr=udp://opentor.net:6969&amp;tr=udp://opentor.org:2710&amp;tr=http://retracker.local/announce\">magnet</a>]</li><li><a href=\"https://tapochek.net/viewtopic.php?p=2809482\" target=\"_blank\" rel=\"noopener\">Tapochek.net</a></li><li><a href=\"https://pastefg.hermietkreeft.site/?7514d2ae1b49dbf3#F1N7egDg1YH2pJr8TFw7LKzE6b5NmuQJHC1AggctNzCD\" target=\"_blank\" rel=\"noopener\">Filehoster: MultiUpload</a> (10+ hosters, interchangeable) [Use <a href=\"http://jdownloader.org/jdownloader2\" target=\"_blank\" rel=\"noopener\">JDownloader2</a>]</li><li><a href=\"https://pastefg.hermietkreeft.site/?20f08994167218ed#Bjsp4V8CKG4rY6G7HrPB9hv6aKsDU3fJPeuckYeXdzcJ\" target=\"_blank\" rel=\"noopener\">Filehoster: PixelDrain</a></li><li><a href=\"https://pastefg.hermietkreeft.site/?82c69323a4d4babb#7ij2fSWJgWF2LyRHaauWaP3KMxsoh9dj3RNmcAMgggtC\" target=\"_blank\" rel=\"noopener\">Filehoster: ZippyShare</a></li><li><a href=\"https://pastefg.hermietkreeft.site/?d3e2788d7333e406#FzWgAoDN6Hnbt8PuDA87zKmK3vXyShxotjZeq5tBLGVz\" target=\"_blank\" rel=\"noopener\">Filehoster: BayFiles</a></li><li><a href=\"https://pastefg.hermietkreeft.site/?aebbbfa160ae69d7#9FJ6Ytpt9A3iUSaEUJ2hffPuGJeV5HLJcLtHtKzj6Aqj\" target=\"_blank\" rel=\"noopener\">Filehoster: LetsUpload</a> [Use <a href=\"http://jdownloader.org/jdownloader2\" target=\"_blank\" rel=\"noopener\">JDownloader2</a>]</li><li><a href=\"https://pastefg.hermietkreeft.site/?8ffba354782171f0#57qgCmB9DHCnhpjwEqYSFojmphsM3kkY9mAwKKf9u5U8\" target=\"_blank\" rel=\"noopener\">Filehoster: OneDrive</a> (Uploaded by DyR0 t(-_-t), NOT compatible with other mirrors)</li><p><!--  <li><a href=\"\" target=\"_blank\" rel=\"noopener\">Filehosters: Google Drive, OneDrive + others</a> (Uploaded by crackhub213)</li>  --></p></ul><p><a href=\"https://cs.rin.ru/forum/viewtopic.php?f=10&amp;t=112411\" target=\"_blank\" rel=\"noopener\">Discussion and (possible) future updates on CS.RIN.RU thread</a></p><h3>Screenshots (Click to enlarge)</h3><p><a target=\"_blank\" href=\"https://en.riotpixels.com/games/legend-of-tianding/screenshots/17/?utm_source=emb-gfx-html&amp;utm_medium=image&amp;utm_campaign=rp-mass\" rel=\"noopener\"><img loading=\"lazy\" width=\"178\" height=\"100\" border=\"0\" src=\"https://s01.riotpixels.net/data/d0/d3/d0d3e8bb-fe20-44d2-a3fb-ccd6fd54aeef.jpg.240p.jpg\"></a><a target=\"_blank\" href=\"https://en.riotpixels.com/games/legend-of-tianding/screenshots/16/?utm_source=emb-gfx-html&amp;utm_medium=image&amp;utm_campaign=rp-mass\" rel=\"noopener\"><img loading=\"lazy\" width=\"178\" height=\"100\" border=\"0\" src=\"https://s01.riotpixels.net/data/71/2b/712b2651-fbc9-4870-837c-04c2910a7723.jpg.240p.jpg\"></a><a target=\"_blank\" href=\"https://en.riotpixels.com/games/legend-of-tianding/screenshots/12/?utm_source=emb-gfx-html&amp;utm_medium=image&amp;utm_campaign=rp-mass\" rel=\"noopener\"><img loading=\"lazy\" width=\"178\" height=\"100\" border=\"0\" src=\"https://s01.riotpixels.net/data/45/2d/452d5531-191d-470f-a13a-8b84d9e7981b.jpg.240p.jpg\"></a><br><a target=\"_blank\" href=\"https://en.riotpixels.com/games/legend-of-tianding/screenshots/9/?utm_source=emb-gfx-html&amp;utm_medium=image&amp;utm_campaign=rp-mass\" rel=\"noopener\"><img loading=\"lazy\" width=\"178\" height=\"100\" border=\"0\" src=\"https://s01.riotpixels.net/data/8b/93/8b9301c0-9ca3-44e3-974f-96ee905a4765.jpg.240p.jpg\"></a><a target=\"_blank\" href=\"https://en.riotpixels.com/games/legend-of-tianding/screenshots/4/?utm_source=emb-gfx-html&amp;utm_medium=image&amp;utm_campaign=rp-mass\" rel=\"noopener\"><img loading=\"lazy\" width=\"178\" height=\"100\" border=\"0\" src=\"https://s01.riotpixels.net/data/d5/7d/d57d1e7d-f8a5-4835-8a9b-1e7ec6a3c281.jpg.240p.jpg\"></a><a target=\"_blank\" href=\"https://en.riotpixels.com/games/legend-of-tianding/screenshots/1/?utm_source=emb-gfx-html&amp;utm_medium=image&amp;utm_campaign=rp-mass\" rel=\"noopener\"><img loading=\"lazy\" width=\"178\" height=\"100\" border=\"0\" src=\"https://s01.riotpixels.net/data/d6/29/d62962d7-9230-49c0-8adf-98d89bffdfd3.jpg.240p.jpg\"></a></p><h3>Repack Features</h3><ul><li>Based on The.Legend.of.Tianding-CODEX ISO release: codex-the.legend.of.tianding.iso (906,231,808 bytes)</li><li>100% Lossless &amp; MD5 Perfect: all files are identical to originals after installation</li><li>NOTHING ripped, NOTHING re-encoded</li><li>Significantly smaller archive size (compressed from 864 to 571 MB)</li><li>Installation takes one minute</li><li>After-install integrity check so you could make sure that everything installed properly</li><li>HDD space after installation: 1.3 GB (2 GB during installation)</li><li>Language can be changed in game settings</li><li>Repack uses XTool library by Razor12911</li><li>At least 2 GB of free RAM (inc. virtual) required for installing this repack</li></ul><div ><div><h2>Game Description</h2></div><div ><b>THE TAIWANESE ROBIN HOOD</b><br>Play as Liao Tianding (AKA. Li\u0101u Thiam-Ting), vigilante of Taipei city and wanted by the Colonial Japanese authorities. Rob the rich, feed the poor, and fight for justice in the streets of early 20th century Taipei as Taiwan\u2019s legendary outlaw.<br>Based on real events, real people and real situations, The Legend of Tianding is an exploration of a place and time often overlooked and presented in the style of Traditional Chinese Manga.<p><b>KUNG FU FIGHTING</b><br>Battle the colonial authorities in style with a tanto, waist sash, and fast paced Kung Fu in tightly tuned technical combat. Execute advanced aerial combos, steal weapons from your enemies, use your waist sash and grappling hook to fly around the battlefield, and strike fear into the hearts of your oppressors.</p><p>Take on incredible bosses like deadly courtesans, greedy businessmen, and even military leaders, each one guaranteed to challenge you with their dynamic abilities and brutal attacks.</p><p><b>TAIPEI AT THE TURN OF THE CENTURY</b><br>Explore the Dadaocheng area of Taipei city as it looked like in the early 1900\u2019s Run through colorful streets, ride on a speeding train, and make your escape through dark sewers, all done in the style of a retro Traditional Chinese Manga.</p><p><b>POWER UPS GALORE</b><br>Even the playing field and tailor Liao Tianding to your playstyle with different equippable talismans! These magical items grant you bonuses such as recovering more health from food, regaining stamina faster, or even reducing the damage you take.</p><p><b>FOUR COLOR CARDS</b><br>Take a break from rebellion with this traditional Taiwanese board game.</p></div></div>             </div>"
}