{
    "link": "https://fitgirl-repacks.site/the-artful-escape/",
    "title": "The Artful Escape + Controller Fix",
    "first_img": "https://i6.imageban.ru/out/2021/09/12/d8fb221ce5a02b556faf7e755ee5a037.jpg",
    "second_img": "https://s01.riotpixels.net/data/33/78/337857ea-84ad-4560-ad88-592c19a94ab4.jpg.240p.jpg",
    "body": "<div ><h2>The Artful Escape + Controller Fix</h2><p ><div><a target=\"_blank\" href=\"https://en.riotpixels.com/games/artful-escape/\" rel=\"noopener\"><img class=\"alignleft\" width=\"150\" src=\"https://i6.imageban.ru/out/2021/09/12/d8fb221ce5a02b556faf7e755ee5a037.jpg\"></a></div><br>Genres/Tags: <strong>Arcade, Platform adventure, Side, 3D</strong><br>Companies: <strong>Beethoven and Dinosaur, Annapurna Interactive</strong><br>Languages: <strong>RUS/ENG/MULTI14</strong><br>Original Size: <strong>6.4 GB</strong><br>Repack Size: <strong>3.9 GB</strong></p>&nbsp;<div>&nbsp;</div><h3>Download Mirrors</h3><ul><li><a href=\"https://1337x.to/torrent/4981095/The-Artful-Escape-Controller-Fix-MULTi14-FitGirl-Repack/\" target=\"_blank\" rel=\"noopener\">1337x</a> | [<a href=\"magnet:?xt=urn:btih:E4BF2D0EB86D210B6C3CA759A582AD16F04D1C53&amp;dn=The+Artful+Escape+%28%2B+Controller+Fix%2C+MULTi14%29+%5BFitGirl+Repack%5D&amp;tr=udp%3A%2F%2F46.148.18.250%3A2710&amp;tr=udp%3A%2F%2Fopentor.org%3A2710&amp;tr=udp%3A%2F%2Ftracker.coppersurfer.tk%3A6969%2Fannounce&amp;tr=udp%3A%2F%2Ftracker.opentrackr.org%3A1337%2Fannounce&amp;tr=http%3A%2F%2Ftracker.dler.org%3A6969%2Fannounce&amp;tr=udp%3A%2F%2Ftracker.leechers-paradise.org%3A6969%2Fannounce&amp;tr=udp%3A%2F%2F9.rarbg.me%3A2730%2Fannounce&amp;tr=udp%3A%2F%2F9.rarbg.to%3A2770%2Fannounce&amp;tr=udp%3A%2F%2Ftracker.pirateparty.gr%3A6969%2Fannounce&amp;tr=http%3A%2F%2Fretracker.local%2Fannounce&amp;tr=http%3A%2F%2Fretracker.ip.ncnet.ru%2Fannounce&amp;tr=udp%3A%2F%2Fexodus.desync.com%3A6969%2Fannounce&amp;tr=udp%3A%2F%2Fipv4.tracker.harry.lu%3A80%2Fannounce&amp;tr=udp%3A%2F%2Fopen.stealth.si%3A80%2Fannounce&amp;tr=udp%3A%2F%2Ftracker.zer0day.to%3A1337%2Fannounce&amp;tr=udp%3A%2F%2Ftracker.leechers-paradise.org%3A6969%2Fannounce&amp;tr=udp%3A%2F%2Fcoppersurfer.tk%3A6969%2Fannounce\">magnet</a>] [<a href=\"https://pastefg.hermietkreeft.site/?14371a7e39a60fc6#He1w3P75ScAd5m2aksRprKzMbZG7xo7MGqBjy39vxd3L\" target=\"_blank\" rel=\"noopener\">.torrent file only</a>] <br><img src=\"https://torrent-stats.info/a759/2fdc01728.png\" style=\"display:block;clear:both\"></li><li><a href=\"http://rutor.info/torrent/833930/the-artful-escape-2021-pc-repack-ot-fitgirl\" target=\"_blank\" rel=\"noopener\">RuTor</a> [<a href=\"magnet:?xt=urn:btih:e4bf2d0eb86d210b6c3ca759a582ad16f04d1c53&amp;dn=rutor.info_The+Artful+Escape+%282021%29+PC+%7C+RePack+%D0%BE%D1%82+FitGirl&amp;tr=udp://opentor.net:6969&amp;tr=udp://opentor.org:2710&amp;tr=http://retracker.local/announce\">magnet</a>]</li><li><a href=\"https://tapochek.net/viewtopic.php?p=2799813\" target=\"_blank\" rel=\"noopener\">Tapochek.net</a></li><li><a href=\"https://pastefg.hermietkreeft.site/?0f60623eb7b5d6ec#ErgjDknduZRhyKBujse2YzuVaL8G3a7Hk1MnZHEaz5fX\" target=\"_blank\" rel=\"noopener\">Filehoster: MultiUpload</a> (10+ hosters, interchangeable) [Use <a href=\"http://jdownloader.org/jdownloader2\" target=\"_blank\" rel=\"noopener\">JDownloader2</a>]</li><li><a href=\"https://pastefg.hermietkreeft.site/?2bde3b657ab3395a#6qQGddAZ93WFZNVg6g2bqQfw9GTtzH12XBbe2UzwmWLX\" target=\"_blank\" rel=\"noopener\">Filehoster: PixelDrain</a></li><li><a href=\"https://pastefg.hermietkreeft.site/?504cd385cbdea31c#7j92AgR4euvDnqG3HoR7711Wp9dHckQcGfDAEpom9avE\" target=\"_blank\" rel=\"noopener\">Filehoster: ZippyShare</a></li><li><a href=\"https://pastefg.hermietkreeft.site/?26526fdc3784fdd4#2FGqEANAD41QZZoWiB58c7vmuwvcYwrwjcqRL4imTebz\" target=\"_blank\" rel=\"noopener\">Filehoster: LetsUpload</a> [Use <a href=\"http://jdownloader.org/jdownloader2\" target=\"_blank\" rel=\"noopener\">JDownloader2</a>]</li><li><a href=\"https://pastefg.hermietkreeft.site/?5247cbb91a4aa984#58h8KWnaUFR9htRd5kprZchayxgocYrPJgPyT9FK9Lcd\" target=\"_blank\" rel=\"noopener\">Filehoster: OneDrive</a> (Uploaded by DyR0 t(-_-t), NOT compatible with other mirrors)</li></ul><p><a href=\"https://cs.rin.ru/forum/viewtopic.php?f=10&amp;t=78899\" target=\"_blank\" rel=\"noopener\">Discussion and (possible) future updates on CS.RIN.RU thread</a></p><h3>Screenshots (Click to enlarge)</h3><p><a target=\"_blank\" href=\"https://en.riotpixels.com/games/artful-escape/screenshots/9/?utm_source=emb-gfx-html&amp;utm_medium=image&amp;utm_campaign=rp-mass\" rel=\"noopener\"><img loading=\"lazy\" width=\"178\" height=\"100\" border=\"0\" src=\"https://s01.riotpixels.net/data/33/78/337857ea-84ad-4560-ad88-592c19a94ab4.jpg.240p.jpg\"></a><a target=\"_blank\" href=\"https://en.riotpixels.com/games/artful-escape/screenshots/8/?utm_source=emb-gfx-html&amp;utm_medium=image&amp;utm_campaign=rp-mass\" rel=\"noopener\"><img loading=\"lazy\" width=\"178\" height=\"100\" border=\"0\" src=\"https://s01.riotpixels.net/data/75/5a/755ab8a4-052d-4a1e-a1de-d0992754e4c1.jpg.240p.jpg\"></a><a target=\"_blank\" href=\"https://en.riotpixels.com/games/artful-escape/screenshots/7/?utm_source=emb-gfx-html&amp;utm_medium=image&amp;utm_campaign=rp-mass\" rel=\"noopener\"><img loading=\"lazy\" width=\"178\" height=\"100\" border=\"0\" src=\"https://s01.riotpixels.net/data/9f/e8/9fe84b15-244d-4290-822a-bec76d35dbb6.jpg.240p.jpg\"></a><br><a target=\"_blank\" href=\"https://en.riotpixels.com/games/artful-escape/screenshots/5/?utm_source=emb-gfx-html&amp;utm_medium=image&amp;utm_campaign=rp-mass\" rel=\"noopener\"><img loading=\"lazy\" width=\"178\" height=\"100\" border=\"0\" src=\"https://s01.riotpixels.net/data/97/c5/97c5145f-44cf-42e8-9466-ca4ce0e56dee.jpg.240p.jpg\"></a><a target=\"_blank\" href=\"https://en.riotpixels.com/games/artful-escape/screenshots/4/?utm_source=emb-gfx-html&amp;utm_medium=image&amp;utm_campaign=rp-mass\" rel=\"noopener\"><img loading=\"lazy\" width=\"178\" height=\"100\" border=\"0\" src=\"https://s01.riotpixels.net/data/4a/93/4a939eb9-4461-4bf3-944e-d3bfe89ebba9.jpg.240p.jpg\"></a><a target=\"_blank\" href=\"https://en.riotpixels.com/games/artful-escape/screenshots/3/?utm_source=emb-gfx-html&amp;utm_medium=image&amp;utm_campaign=rp-mass\" rel=\"noopener\"><img loading=\"lazy\" width=\"178\" height=\"100\" border=\"0\" src=\"https://s01.riotpixels.net/data/46/a1/46a1d82b-5e41-4492-9c5e-4af096044754.jpg.240p.jpg\"></a></p><h3>Repack Features</h3><ul><li>Based on The.Artful.Escape-CODEX ISO release: codex-the.artful.escape.iso (6,877,216,768 bytes)</li><li>Alternative Golberg crack/emulator is available in NoDVD folder in case you have troubles with game controller, thanks to machine4578!</li><li>100% Lossless &amp; MD5 Perfect: all files are identical to originals after installation</li><li>NOTHING ripped, NOTHING re-encoded</li><li>Significantly smaller archive size (compressed from 6.4 to 3.9 GB)</li><li>Installation takes 3-5 minutes (depending on your system)</li><li>After-install integrity check so you could make sure that everything installed properly</li><li>HDD space after installation: 6.5 GB</li><li>Language can be changed in game settings</li><li>Repack uses XTool library by Razor12911</li><li>At least 2 GB of free RAM (inc. virtual) required for installing this repack</li></ul><p><span style=\"color: #cf2fd9\">PS: The game is REALLY artful!</span></p><div ><div><h2>Game Description</h2></div><div >On the eve of his first performance, Francis Vendetti struggles with the legacy of a dead folk legend and the cosmic wanderings of his own imagination.<p>In an attempt to escape the musical legacy of his uncle, a teenage guitar prodigy embarks on a psychedelic journey to inspire his new stage persona, searching for who he isn\u2019t in an adventure spanning stolen opera houses, melodic alien landscapes, and the impossible depths of the <b>Cosmic Extraordinary.</b></p><p>Starring voice performances by Michael Johnston, Caroline Kinley, Lena Headey, Jason Schwartzman, Mark Strong, and Carl Weathers.</p><p><b><h3>Game Features</h3></b></p><ul><li>A story about great expectations, towering legacies, aliens, folk music, guitar solos, making stuff up, and living your dreams like memories.</li><li>Musical jams. They\u2019re visceral. They traverse dimensions.</li><li>Craft your own stage persona from the sci-fi beginnings of your backstory to the trim on your moonboots.</li><li>Converse, consult and chill with all manner of beings: disenchanted publicans, nostalgic villagers, lumbering alien wildlife, and reality-defying behemoths.</li><li>Shred, soar and dance across the multiverse. Traverse landscapes made of sound \u2013 composed by your movement \u2014 as if the world itself were an instrument.</li></ul></div></div>             </div>"
}