{
    "link": "https://fitgirl-repacks.site/the-riftbreaker/",
    "title": "The Riftbreaker \u2013 vSVN.25806.TC453",
    "first_img": "https://i5.imageban.ru/out/2021/10/14/3b4831d754be9894f96dab19ffd7e622.jpg",
    "second_img": "https://s01.riotpixels.net/data/17/8e/178ef180-d3b5-4002-83c3-5c7252858f4d.jpg.240p.jpg",
    "body": "<div ><h2>The Riftbreaker \u2013 vSVN.25806.TC453</h2><p ><div><a target=\"_blank\" href=\"https://en.riotpixels.com/games/riftbreaker/\" rel=\"noopener\"><img class=\"alignleft\" width=\"150\" src=\"https://i5.imageban.ru/out/2021/10/14/3b4831d754be9894f96dab19ffd7e622.jpg\"></a></div><br>Genres/Tags: <strong>Action, RPG, Top-down, 3D</strong><br>Companies: <strong>EXOR Studios, Surefire.Games</strong><br>Languages: <strong>RUS/ENG/MULTI10</strong><br><strong style=\"color: red\">This game REQUIRES at least Windows 8.1</strong><br>Original Size: <strong>5.9 GB</strong><br>Repack Size: <strong>4 GB</strong></p>&nbsp;<div>&nbsp;</div><h3>Download Mirrors</h3><ul><li><a href=\"https://1337x.to/torrent/5017881/The-Riftbreaker-vSVN-25806-TC453-MULTi10-FitGirl-Repack/\" target=\"_blank\" rel=\"noopener\">1337x</a> | [<a href=\"magnet:?xt=urn:btih:191F355EABA86B97BCFC0C8E3FD222D56B8E2C20&amp;dn=The+Riftbreaker+%28vSVN.25806.TC453%2C+MULTi10%29+%5BFitGirl+Repack%5D&amp;tr=udp%3A%2F%2F46.148.18.250%3A2710&amp;tr=udp%3A%2F%2Fopentor.org%3A2710&amp;tr=udp%3A%2F%2Ftracker.coppersurfer.tk%3A6969%2Fannounce&amp;tr=udp%3A%2F%2Ftracker.opentrackr.org%3A1337%2Fannounce&amp;tr=http%3A%2F%2Ftracker.dler.org%3A6969%2Fannounce&amp;tr=udp%3A%2F%2Ftracker.leechers-paradise.org%3A6969%2Fannounce&amp;tr=udp%3A%2F%2F9.rarbg.me%3A2730%2Fannounce&amp;tr=udp%3A%2F%2F9.rarbg.to%3A2770%2Fannounce&amp;tr=udp%3A%2F%2Ftracker.pirateparty.gr%3A6969%2Fannounce&amp;tr=http%3A%2F%2Fretracker.local%2Fannounce&amp;tr=http%3A%2F%2Fretracker.ip.ncnet.ru%2Fannounce&amp;tr=udp%3A%2F%2Fexodus.desync.com%3A6969%2Fannounce&amp;tr=udp%3A%2F%2Fipv4.tracker.harry.lu%3A80%2Fannounce&amp;tr=udp%3A%2F%2Fopen.stealth.si%3A80%2Fannounce&amp;tr=udp%3A%2F%2Ftracker.zer0day.to%3A1337%2Fannounce&amp;tr=udp%3A%2F%2Ftracker.leechers-paradise.org%3A6969%2Fannounce&amp;tr=udp%3A%2F%2Fcoppersurfer.tk%3A6969%2Fannounce\">magnet</a>] [<a href=\"https://pastefg.hermietkreeft.site/?2bf7a16d9cb87726#Hthc3EbfQwKM6W9jnMbs6d2DCJG1QgwtD5UYSgLt3VmY\" target=\"_blank\" rel=\"noopener\">.torrent file only</a>] <br><img src=\"https://torrent-stats.info/0c8e/39e71084.png\" style=\"display:block;clear:both\"></li><li><a href=\"http://rutor.info/torrent/839499/the-riftbreaker-v-svn.25806.tc453-2021-pc-repack-ot-fitgirl\" target=\"_blank\" rel=\"noopener\">RuTor</a> [<a href=\"magnet:?xt=urn:btih:191f355eaba86b97bcfc0c8e3fd222d56b8e2c20&amp;dn=rutor.info_The+Riftbreaker+%5Bv+SVN.25806.TC453%5D+%282021%29+PC+%7C+RePack+%D0%BE%D1%82+FitGirl&amp;tr=udp://opentor.net:6969&amp;tr=udp://opentor.org:2710&amp;tr=http://retracker.local/announce\">magnet</a>]</li><li><a href=\"https://tapochek.net/viewtopic.php?p=2805816\" target=\"_blank\" rel=\"noopener\">Tapochek.net</a></li><li><a href=\"https://pastefg.hermietkreeft.site/?ea760bd2dbd6437c#GeRGp7LiSRc3rdqarEGvuifMncHCdtyLc6TQv99cPajM\" target=\"_blank\" rel=\"noopener\">Filehoster: MultiUpload</a> (10+ hosters, interchangeable) [Use <a href=\"http://jdownloader.org/jdownloader2\" target=\"_blank\" rel=\"noopener\">JDownloader2</a>]</li><li><a href=\"https://pastefg.hermietkreeft.site/?2c240140ef5a0362#H1fSvPm1CESdnPfD8tVyRfhWrFGF4wx44u41mNAtRaDn\" target=\"_blank\" rel=\"noopener\">Filehoster: PixelDrain</a></li><li><a href=\"https://pastefg.hermietkreeft.site/?faf002098169e1bd#73brzBk1jcDzQFBo3XmWMjC73VkZShcc37BryLJsc9GJ\" target=\"_blank\" rel=\"noopener\">Filehoster: ZippyShare</a></li><li><a href=\"https://pastefg.hermietkreeft.site/?05432ad43076a1fd#GtTAJd9hSWWf3j8zjZNEts5Uucmx7nUUJJCZ9afN3Hr8\" target=\"_blank\" rel=\"noopener\">Filehoster: LetsUpload</a> [Use <a href=\"http://jdownloader.org/jdownloader2\" target=\"_blank\" rel=\"noopener\">JDownloader2</a>]</li><li><a href=\"https://pastefg.hermietkreeft.site/?0d68f4349e0ae9ea#7fXeZehex3AeT7CySL8qapR1t72JN2ocAfembVBoGd3s\" target=\"_blank\" rel=\"noopener\">Filehoster: OneDrive</a> (Uploaded by DyR0 t(-_-t), NOT compatible with other mirrors)</li><li><a href=\"https://crackhub.site/the-riftbreaker-vsvn-25806-tc453-fitgirl-repack/\" target=\"_blank\" rel=\"noopener\">Filehosters: Google Drive, OneDrive + others</a> (Uploaded by crackhub213)</li></ul><p><a href=\"https://cs.rin.ru/forum/viewtopic.php?f=10&amp;t=95437\" target=\"_blank\" rel=\"noopener\">Discussion and (possible) future updates on CS.RIN.RU thread</a></p><h3>Screenshots (Click to enlarge)</h3><p><a target=\"_blank\" href=\"https://en.riotpixels.com/games/riftbreaker/screenshots/44/?utm_source=emb-gfx-html&amp;utm_medium=image&amp;utm_campaign=rp-mass\" rel=\"noopener\"><img loading=\"lazy\" width=\"178\" height=\"100\" border=\"0\" src=\"https://s01.riotpixels.net/data/17/8e/178ef180-d3b5-4002-83c3-5c7252858f4d.jpg.240p.jpg\"></a><a target=\"_blank\" href=\"https://en.riotpixels.com/games/riftbreaker/screenshots/41/?utm_source=emb-gfx-html&amp;utm_medium=image&amp;utm_campaign=rp-mass\" rel=\"noopener\"><img loading=\"lazy\" width=\"178\" height=\"100\" border=\"0\" src=\"https://s01.riotpixels.net/data/c4/5c/c45ca2fb-2435-44d7-9d7e-7476169cc543.jpg.240p.jpg\"></a><a target=\"_blank\" href=\"https://en.riotpixels.com/games/riftbreaker/screenshots/39/?utm_source=emb-gfx-html&amp;utm_medium=image&amp;utm_campaign=rp-mass\" rel=\"noopener\"><img loading=\"lazy\" width=\"178\" height=\"100\" border=\"0\" src=\"https://s01.riotpixels.net/data/a4/b5/a4b56d9f-f531-461d-ab8c-f4b67b2e8359.jpg.240p.jpg\"></a><br><a target=\"_blank\" href=\"https://en.riotpixels.com/games/riftbreaker/screenshots/37/?utm_source=emb-gfx-html&amp;utm_medium=image&amp;utm_campaign=rp-mass\" rel=\"noopener\"><img loading=\"lazy\" width=\"178\" height=\"100\" border=\"0\" src=\"https://s01.riotpixels.net/data/ef/9b/ef9b5c5f-78cc-403b-b356-5a1132136774.jpg.240p.jpg\"></a><a target=\"_blank\" href=\"https://en.riotpixels.com/games/riftbreaker/screenshots/30/?utm_source=emb-gfx-html&amp;utm_medium=image&amp;utm_campaign=rp-mass\" rel=\"noopener\"><img loading=\"lazy\" width=\"178\" height=\"100\" border=\"0\" src=\"https://s01.riotpixels.net/data/3c/bc/3cbc4264-101e-4a14-adac-1abf82acc7eb.jpg.240p.jpg\"></a><a target=\"_blank\" href=\"https://en.riotpixels.com/games/riftbreaker/screenshots/28/?utm_source=emb-gfx-html&amp;utm_medium=image&amp;utm_campaign=rp-mass\" rel=\"noopener\"><img loading=\"lazy\" width=\"178\" height=\"100\" border=\"0\" src=\"https://s01.riotpixels.net/data/3c/2b/3c2b45e8-6a82-4688-88c4-7db7a66d2a00.jpg.240p.jpg\"></a></p><h3>Repack Features</h3><ul><li>Based on The Riftbreaker-CODEX ISO release: codex-the.riftbreaker.iso (6,156,386,304 bytes)</li><li>100% Lossless &amp; MD5 Perfect: all files are identical to originals after installation</li><li>NOTHING ripped, NOTHING re-encoded</li><li>Significantly smaller archive size (compressed from 5.9 to 4 GB)</li><li>Installation takes 2-5 minutes (depending on your system)</li><li>After-install integrity check so you could make sure that everything installed properly</li><li>HDD space after installation: 6.1 GB</li><li>Language can be changed in the game launcher</li><li>Repack uses XTool library by Razor12911</li><li>At least 2 GB of free RAM (inc. virtual) required for installing this repack</li></ul><div ><div><h2>Game Description</h2></div><div >You play the role of captain Ashley S. Nowak \u2013 you are the Riftbreaker, an elite scientist/commando inside a powerful Mecha-Suit. Enter a one-way portal to Galatea 37, a distant planet at the far reaches of the Milky Way Galaxy, with the purpose of building up a base that will allow travel back to Earth and further colonization. Ashley\u2019s Mecha-suit, which she calls \u201cMr. Riggs\u201d, can withstand the harshest environmental conditions and has a full range of equipment for base construction, resource extraction, gathering specimens and of course \u2013 combat. It is capable of traveling through rifts that connect space across vast distances.<p><b><h3>Game Features</h3></b></p><ul><li><b>BASE BUILDING:</b> Your task is to construct a two-way rift back to Earth. It is a very complex invention and requires enormous amounts of energy. Simple solar collectors and a few tons of steel will not be enough. You will need to build up a complex chain of mines, refineries, powerplants and research facilities to complete this mission.</li><li><b>DEFENSE:</b> Your presence on this planet will not go unnoticed. As you build up your industry and disrupt the natural order, the world will start seeing you as a threat. Build up your defenses. Construct walls, barriers and defense towers as the attacks get stronger with every passing day. You will face thousands of hostile creatures trying to eliminate your presence.</li><li><b>EXPLORATION:</b> Galatea 37 is an unknown planet in the Sycorax belt of the Milky Way galaxy. Long distance surveys detected that it is inhabitable and perfect for colonization. The planet is full of rare minerals and substances that can be found in various locations around the globe. Varied biomes can surprise you with unknown fauna and flora as well as harsh weather conditions. Construct local outposts in resource-rich locations that will transport the required resources using rift technology.</li><li><b>CAMPAIGN:</b> Take on an epic journey across all the different biomes of Galatea 37. You will establish multiple persistent bases across the globe that will fuel your economy. Research alien substances and lifeforms, as well as fight hordes of alien creatures, clearly not happy with your interference in the natural order of the planet. The campaign spans multiple hours and offers a remarkable degree of freedom in a super detailed, procedurally generated world. You can decide on the order of your priorities and what technologies you want to use. You\u2019re the only human there, after all.</li><li><b>SURVIVAL:</b> Your mission is to survive a set amount of time, fighting off increasingly difficult waves of enemy creatures. Each mission in the game is randomized, offering nearly endless replayability.</li><li><b>SANDBOX:</b> If intense fight for survival is not your thing either, then try out the Sandbox mode, where we give you control over the entire game \u2013 including resources, enemy spawns, and weather conditions.</li><li><b>CUSTOMIZE YOUR GAMEPLAY:</b> The Riftbreaker\u2122\u2019s gameplay can be customized to fit your playstyle. You can change the frequency of enemy attacks as well as their strength and numbers, resource abundance, weather events, enemy damage, and tons of other settings. There are also multiple difficulty presets to suit the needs of both hardcore strategy players as well as those that want a laid-back base-building experience.</li></ul></div></div>             </div>"
}