{
    "link": "https://fitgirl-repacks.site/the-last-campfire/",
    "title": "The Last Campfire \u2013 Steam BuildID 7473523",
    "first_img": "https://i3.imageban.ru/out/2021/10/09/16ff0a9303d49fe49c9c455a9f61e314.jpg",
    "second_img": "https://s01.riotpixels.net/data/16/0b/160b8942-dbbf-4f07-be65-a248154a31e7.jpg.240p.jpg",
    "body": "<div ><h2>The Last Campfire \u2013 Steam BuildID 7473523</h2><p ><div><a target=\"_blank\" href=\"http://en.riotpixels.com/games/last-campfire/\" rel=\"noopener\"><img class=\"alignleft\" width=\"150\" src=\"https://i3.imageban.ru/out/2021/10/09/16ff0a9303d49fe49c9c455a9f61e314.jpg\"></a></div><br>Genres/Tags: <strong>Arcade, Platform adventure, Puzzle solving, 3D</strong><br>Company: <strong>Hello Games</strong><br>Languages: <strong>RUS/ENG/MULTI14</strong><br>Original Size: <strong>1.2 GB</strong><br>Repack Size: <strong>1 GB</strong></p>&nbsp;<div>&nbsp;</div><h3>Download Mirrors</h3><ul><li><a href=\"https://1337x.to/torrent/5012715/The-Last-Campfire-Steam-BuildID-7473523-MULTi14-FitGirl-Repack/\" target=\"_blank\" rel=\"noopener\">1337x</a> | [<a href=\"magnet:?xt=urn:btih:010D55F25DB1BCECD5BFD59DE910EC05F38519B0&amp;dn=The+Last+Campfire+%28Steam+BuildID+7473523%2C+MULTi14%29+%5BFitGirl+Repack%5D&amp;tr=udp%3A%2F%2F46.148.18.250%3A2710&amp;tr=udp%3A%2F%2Fopentor.org%3A2710&amp;tr=udp%3A%2F%2Ftracker.coppersurfer.tk%3A6969%2Fannounce&amp;tr=udp%3A%2F%2Ftracker.opentrackr.org%3A1337%2Fannounce&amp;tr=http%3A%2F%2Ftracker.dler.org%3A6969%2Fannounce&amp;tr=udp%3A%2F%2Ftracker.leechers-paradise.org%3A6969%2Fannounce&amp;tr=udp%3A%2F%2F9.rarbg.me%3A2730%2Fannounce&amp;tr=udp%3A%2F%2F9.rarbg.to%3A2770%2Fannounce&amp;tr=udp%3A%2F%2Ftracker.pirateparty.gr%3A6969%2Fannounce&amp;tr=http%3A%2F%2Fretracker.local%2Fannounce&amp;tr=http%3A%2F%2Fretracker.ip.ncnet.ru%2Fannounce&amp;tr=udp%3A%2F%2Fexodus.desync.com%3A6969%2Fannounce&amp;tr=udp%3A%2F%2Fipv4.tracker.harry.lu%3A80%2Fannounce&amp;tr=udp%3A%2F%2Fopen.stealth.si%3A80%2Fannounce&amp;tr=udp%3A%2F%2Ftracker.zer0day.to%3A1337%2Fannounce&amp;tr=udp%3A%2F%2Ftracker.leechers-paradise.org%3A6969%2Fannounce&amp;tr=udp%3A%2F%2Fcoppersurfer.tk%3A6969%2Fannounce\">magnet</a>] [<a href=\"https://pastefg.hermietkreeft.site/?040274bc70a20ead#9LJyHNh696zYzgp7pTPjNkXfzs4j5Wtk3axfor5qYdwh\" target=\"_blank\" rel=\"noopener\">.torrent file only</a>] <br><img src=\"https://torrent-stats.info/d59d/3d7d33cbf.png\" style=\"display:block;clear:both\"></li><li><a href=\"http://rutor.info/torrent/838717/the-last-campfire-build-7473523-2020-pc-repack-ot-fitgirl\" target=\"_blank\" rel=\"noopener\">RuTor</a> [<a href=\"magnet:?xt=urn:btih:010d55f25db1bcecd5bfd59de910ec05f38519b0&amp;dn=rutor.info_The+Last+Campfire+%5BBuild+7473523%5D+%282020%29+PC+%7C+RePack+%D0%BE%D1%82+FitGirl&amp;tr=udp://opentor.net:6969&amp;tr=udp://opentor.org:2710&amp;tr=http://retracker.local/announce\">magnet</a>]</li><li><a href=\"https://tapochek.net/viewtopic.php?p=2805045\" target=\"_blank\" rel=\"noopener\">Tapochek.net</a></li><li><a href=\"https://pastefg.hermietkreeft.site/?1059d98a2c8b49f6#pysnAXnjfZk6WiFwgtbKGeQZEK2zXqyZfKAF4SE3j4S\" target=\"_blank\" rel=\"noopener\">Filehoster: MultiUpload</a> (10+ hosters, interchangeable) [Use <a href=\"http://jdownloader.org/jdownloader2\" target=\"_blank\" rel=\"noopener\">JDownloader2</a>]</li><li><a href=\"https://pastefg.hermietkreeft.site/?f8707bfd06cc7f69#8bjJPAfxfSrJuXYQkcByGpD5kYknSP7juEovJfZj2kf7\" target=\"_blank\" rel=\"noopener\">Filehoster: ZippyShare</a></li><li><a href=\"https://pastefg.hermietkreeft.site/?21d54419502993bf#DhQYfz4Wf8zAbZnttdMvk5gtmmfJRnnvhBGDngEdYswi\" target=\"_blank\" rel=\"noopener\">Filehoster: LetsUpload</a> [Use <a href=\"http://jdownloader.org/jdownloader2\" target=\"_blank\" rel=\"noopener\">JDownloader2</a>]</li><li><a href=\"https://pastefg.hermietkreeft.site/?d080f7efd419d97c#8eqMKsxmwVXwsYuPZ3xMcZs8nCs3dcXndBqBGUhV4ktB\" target=\"_blank\" rel=\"noopener\">Filehoster: OneDrive</a> (Uploaded by DyR0 t(-_-t), NOT compatible with other mirrors)</li></ul><p><a href=\"https://cs.rin.ru/forum/viewtopic.php?f=10&amp;t=94100\" target=\"_blank\" rel=\"noopener\">Discussion and (possible) future updates on CS.RIN.RU thread</a></p><h3>Screenshots (Click to enlarge)</h3><p><a target=\"_blank\" href=\"http://en.riotpixels.com/games/last-campfire/screenshots/10/?utm_source=emb-gfx-html&amp;utm_medium=image&amp;utm_campaign=rp-mass\" rel=\"noopener\"><img loading=\"lazy\" width=\"178\" height=\"100\" border=\"0\" src=\"https://s01.riotpixels.net/data/16/0b/160b8942-dbbf-4f07-be65-a248154a31e7.jpg.240p.jpg\"></a><a target=\"_blank\" href=\"http://en.riotpixels.com/games/last-campfire/screenshots/9/?utm_source=emb-gfx-html&amp;utm_medium=image&amp;utm_campaign=rp-mass\" rel=\"noopener\"><img loading=\"lazy\" width=\"178\" height=\"100\" border=\"0\" src=\"https://s01.riotpixels.net/data/9f/37/9f370b74-fadf-45dd-9f3f-7ebad3e4ef0f.jpg.240p.jpg\"></a><a target=\"_blank\" href=\"http://en.riotpixels.com/games/last-campfire/screenshots/8/?utm_source=emb-gfx-html&amp;utm_medium=image&amp;utm_campaign=rp-mass\" rel=\"noopener\"><img loading=\"lazy\" width=\"178\" height=\"100\" border=\"0\" src=\"https://s01.riotpixels.net/data/d8/20/d8209536-6a29-41af-86dc-ac20062ba067.jpg.240p.jpg\"></a><br><a target=\"_blank\" href=\"http://en.riotpixels.com/games/last-campfire/screenshots/7/?utm_source=emb-gfx-html&amp;utm_medium=image&amp;utm_campaign=rp-mass\" rel=\"noopener\"><img loading=\"lazy\" width=\"178\" height=\"100\" border=\"0\" src=\"https://s01.riotpixels.net/data/6d/8c/6d8c8742-ee40-4f16-8619-7c5bd38b1cb5.jpg.240p.jpg\"></a><a target=\"_blank\" href=\"http://en.riotpixels.com/games/last-campfire/screenshots/6/?utm_source=emb-gfx-html&amp;utm_medium=image&amp;utm_campaign=rp-mass\" rel=\"noopener\"><img loading=\"lazy\" width=\"178\" height=\"100\" border=\"0\" src=\"https://s01.riotpixels.net/data/24/5a/245ae8ca-3864-4186-927b-25bf9d36bebb.jpg.240p.jpg\"></a><a target=\"_blank\" href=\"http://en.riotpixels.com/games/last-campfire/screenshots/2/?utm_source=emb-gfx-html&amp;utm_medium=image&amp;utm_campaign=rp-mass\" rel=\"noopener\"><img loading=\"lazy\" width=\"178\" height=\"100\" border=\"0\" src=\"https://s01.riotpixels.net/data/cc/54/cc548314-bc6c-4449-a1b0-76d35541f547.jpg.240p.jpg\"></a></p><h3>Repack Features</h3><ul><li>Based on The_Last_Campfire-FLT ISO release: flt-the_last_campfire.iso (1,325,972,384 bytes)</li><li>Game version: Steam BuildID 7473523</li><li>100% Lossless &amp; MD5 Perfect: all files are identical to originals after installation</li><li>NOTHING ripped, NOTHING re-encoded</li><li>Slightly smaller archive size (compressed from 1.2 to 1 GB)</li><li>Installation takes 2-3 minutes</li><li>After-install integrity check so you could make sure that everything installed properly</li><li>HDD space after installation: 2 GB</li><li>Language can be changed in game settings</li><li>At least 2 GB of free RAM (inc. virtual) required for installing this repack</li></ul><div ><div><h2>Game Description</h2></div><div >The Last Campfire is an adventure game from Hello Games (No Man\u2019s Sky), a story of a lost ember trapped in a puzzling place, searching for meaning and a way home.<br></div></div><p><b>Backwards Compatibility</b></p><p>This repack is NOT backwards compatible with my previous TLC repack.</p>             </div>"
}