{
    "link": "https://fitgirl-repacks.site/the-bolt-age/",
    "title": "The Bolt Age",
    "first_img": "https://i7.imageban.ru/out/2021/08/22/13d2c0cfafe82316799d02990617f261.jpg",
    "second_img": "https://s01.riotpixels.net/data/84/53/8453bd52-8125-4228-be70-a6e77f12079f.jpg.240p.jpg",
    "body": "<div ><h2>The Bolt Age</h2><p ><div><a target=\"_blank\" href=\"https://en.riotpixels.com/games/bolt-age/\" rel=\"noopener\"><img class=\"alignleft\" width=\"150\" src=\"https://i7.imageban.ru/out/2021/08/22/13d2c0cfafe82316799d02990617f261.jpg\"></a></div><br>Genres/Tags: <strong>Action, Shooter, Third-person, 3D</strong><br>Company: <strong>Cut-out studio</strong><br>Languages: <strong>ENG/MULTI3</strong><br>Original Size: <strong>11.4 GB</strong><br>Repack Size: <strong>7.3 GB</strong></p>&nbsp;<div>&nbsp;</div><h3>Download Mirrors</h3><ul><li><a href=\"https://1337x.to/torrent/4960151/The-Bolt-Age-MULTi3-FitGirl-Repack/\" target=\"_blank\" rel=\"noopener\">1337x</a> | [<a href=\"magnet:?xt=urn:btih:B05B893D275816A0850AF125624D9AC65B709611&amp;dn=The+Bolt+Age+%28MULTi3%29+%5BFitGirl+Repack%5D&amp;tr=udp%3A%2F%2F46.148.18.250%3A2710&amp;tr=udp%3A%2F%2Fopentor.org%3A2710&amp;tr=udp%3A%2F%2Ftracker.coppersurfer.tk%3A6969%2Fannounce&amp;tr=udp%3A%2F%2Ftracker.opentrackr.org%3A1337%2Fannounce&amp;tr=http%3A%2F%2Ftracker.dler.org%3A6969%2Fannounce&amp;tr=udp%3A%2F%2Ftracker.leechers-paradise.org%3A6969%2Fannounce&amp;tr=udp%3A%2F%2F9.rarbg.me%3A2730%2Fannounce&amp;tr=udp%3A%2F%2F9.rarbg.to%3A2770%2Fannounce&amp;tr=udp%3A%2F%2Ftracker.pirateparty.gr%3A6969%2Fannounce&amp;tr=http%3A%2F%2Fretracker.local%2Fannounce&amp;tr=http%3A%2F%2Fretracker.ip.ncnet.ru%2Fannounce&amp;tr=udp%3A%2F%2Fexodus.desync.com%3A6969%2Fannounce&amp;tr=udp%3A%2F%2Fipv4.tracker.harry.lu%3A80%2Fannounce&amp;tr=udp%3A%2F%2Fopen.stealth.si%3A80%2Fannounce&amp;tr=udp%3A%2F%2Ftracker.zer0day.to%3A1337%2Fannounce&amp;tr=udp%3A%2F%2Ftracker.leechers-paradise.org%3A6969%2Fannounce&amp;tr=udp%3A%2F%2Fcoppersurfer.tk%3A6969%2Fannounce\">magnet</a>] [<a href=\"https://pastefg.hermietkreeft.site/?f5c86eaf3a51330a#CP9VRTLsm5xRpZ6Zi59eSgWcz1BA8FAjDfMhv3y7nCK7\" target=\"_blank\" rel=\"noopener\">.torrent file only</a>] <br><img src=\"https://torrent-stats.info/f125/449fdfa6a.png\" style=\"display:block;clear:both\"></li><li><a href=\"https://tapochek.net/viewtopic.php?p=2796076\" target=\"_blank\" rel=\"noopener\">Tapochek.net</a></li><li><a href=\"https://pastefg.hermietkreeft.site/?56d1196be8a1401c#5QXMWpdqjBPtyi5EVc7zLZZZSstY91z4naqTXamzyn6g\" target=\"_blank\" rel=\"noopener\">Filehoster: MultiUpload</a> (10+ hosters, interchangeable) [Use <a href=\"http://jdownloader.org/jdownloader2\" target=\"_blank\" rel=\"noopener\">JDownloader2</a>]</li><li><a href=\"https://pastefg.hermietkreeft.site/?928d83c5853037fe#FxDnxo2T3HUdmBD2uEa4zEa6UJmhHwYkMJQzUss9KZYr\" target=\"_blank\" rel=\"noopener\">Filehoster: PixelDrain</a></li><li><a href=\"https://pastefg.hermietkreeft.site/?e1f86d9a6d958acb#AeUbkLou6mcWD1B6LPMQ31Sz2bhvqEgkDijohtqsdkS4\" target=\"_blank\" rel=\"noopener\">Filehoster: ZippyShare</a></li><li><a href=\"https://pastefg.hermietkreeft.site/?91500a8a29208a80#J2SxDrvtWq5FMXcAegTfJcCRpU4N3yeGnvLA9dBM2hZ2\" target=\"_blank\" rel=\"noopener\">Filehoster: LetsUpload</a> [Use <a href=\"http://jdownloader.org/jdownloader2\" target=\"_blank\" rel=\"noopener\">JDownloader2</a>]</li><li><a href=\"https://pastefg.hermietkreeft.site/?504cec4534c4bfbb#DkTvQFmkgU1jHymzxub3LvRev7km4sbJkXbUrx8Sv8VV\" target=\"_blank\" rel=\"noopener\">Filehoster: OneDrive</a> (Uploaded by DyR0 t(-_-t), NOT compatible with other mirrors)</li></ul><p><a href=\"https://cs.rin.ru/forum/viewtopic.php?f=10&amp;t=115267\" target=\"_blank\" rel=\"noopener\">Discussion and (possible) future updates on CS.RIN.RU thread</a></p><h3>Screenshots (Click to enlarge)</h3><p><a target=\"_blank\" href=\"https://en.riotpixels.com/games/bolt-age/screenshots/7/?utm_source=emb-gfx-html&amp;utm_medium=image&amp;utm_campaign=rp-mass\" rel=\"noopener\"><img loading=\"lazy\" width=\"178\" height=\"100\" border=\"0\" src=\"https://s01.riotpixels.net/data/84/53/8453bd52-8125-4228-be70-a6e77f12079f.jpg.240p.jpg\"></a><a target=\"_blank\" href=\"https://en.riotpixels.com/games/bolt-age/screenshots/5/?utm_source=emb-gfx-html&amp;utm_medium=image&amp;utm_campaign=rp-mass\" rel=\"noopener\"><img loading=\"lazy\" width=\"178\" height=\"100\" border=\"0\" src=\"https://s01.riotpixels.net/data/33/b5/33b5b572-6ea8-4fc9-80c7-05389132d015.jpg.240p.jpg\"></a><a target=\"_blank\" href=\"https://en.riotpixels.com/games/bolt-age/screenshots/4/?utm_source=emb-gfx-html&amp;utm_medium=image&amp;utm_campaign=rp-mass\" rel=\"noopener\"><img loading=\"lazy\" width=\"178\" height=\"100\" border=\"0\" src=\"https://s01.riotpixels.net/data/9c/00/9c0012b1-2e36-482c-9fcc-aadc88401302.jpg.240p.jpg\"></a><br><a target=\"_blank\" href=\"https://en.riotpixels.com/games/bolt-age/screenshots/3/?utm_source=emb-gfx-html&amp;utm_medium=image&amp;utm_campaign=rp-mass\" rel=\"noopener\"><img loading=\"lazy\" width=\"178\" height=\"100\" border=\"0\" src=\"https://s01.riotpixels.net/data/b7/12/b7124331-e56f-4b86-b9d3-bffd57827f21.jpg.240p.jpg\"></a><a target=\"_blank\" href=\"https://en.riotpixels.com/games/bolt-age/screenshots/2/?utm_source=emb-gfx-html&amp;utm_medium=image&amp;utm_campaign=rp-mass\" rel=\"noopener\"><img loading=\"lazy\" width=\"178\" height=\"100\" border=\"0\" src=\"https://s01.riotpixels.net/data/07/b7/07b73076-6cff-48a2-ad00-eab1e14ebb9b.jpg.240p.jpg\"></a><a target=\"_blank\" href=\"https://en.riotpixels.com/games/bolt-age/screenshots/1/?utm_source=emb-gfx-html&amp;utm_medium=image&amp;utm_campaign=rp-mass\" rel=\"noopener\"><img loading=\"lazy\" width=\"178\" height=\"100\" border=\"0\" src=\"https://s01.riotpixels.net/data/7a/a8/7aa89b71-2c82-45a6-97ad-f6f9d6e9ff30.jpg.240p.jpg\"></a></p><h3>Repack Features</h3><ul><li>Based on The.Bolt.Age-PLAZA ISO release: plaza-the.bolt.age.iso (12,236,947,456 bytes)</li><li>100% Lossless &amp; MD5 Perfect: all files are identical to originals after installation</li><li>NOTHING ripped, NOTHING re-encoded</li><li>Significantly smaller archive size (compressed from 11.4 to 7.3 GB)</li><li>Installation takes 5-12 minutes (depending on your system)</li><li>After-install integrity check so you could make sure that everything installed properly</li><li>HDD space after installation: 27.7 GB</li><li>Language can be changed in game settings</li><li>At least 2 GB of free RAM (inc. virtual) required for installing this repack</li></ul><div ><div><h2>Game Description</h2></div><div ><b>About the game</b><br>\u2018The Bolt Age\u201d is a dynamic action game, full of prodigious retro-futurist designs (Steampunk \u2013 Raygun Gothic) and shadowy creatures from another dimension. In story mode, the player will enjoy hours of fun with this 3d Cover Shooter. We will put ourselves in the shoes of William Bolt, an intelligent apprentice of science, Nikola Tesla\u2019s pupil, but trained in the art of war with the purpose of stopping the announced invasion of inconceivable beings, coming from a dimension of death (H.P. Lovecraft creative Worlds)<p><b>The Story</b><br>Nikola Tesla accidentally discovers in a scientific experiment, a dimension replete with horrible ancestral beings. Without proof to prove it, he begins to prepare the defense of the earth of a future invasion prophesied in esoteric sources. At the same time, he sends his pupil, William Bolt, to train in the art of war, in order that he, with the fabulous weapons developed by Tesla, will be the hero that will face hordes of extra-dimensional beings</p><p><b>Innovation</b><br>With an original retro-futuristic atmosphere, halfway between Steampunk and Raygun Gothic, you can use up to 30 different weapons, based on the use of electricity and other types of unconventional energy. The use of some peculiar non-lethal weapons can be a great advantage, but misused can become a setback. The intelligent and strategic use of these weapons will be a key point.</p><p><b><h3>Game Features</h3></b></p><ul><li>Interfaces; Options and inventory menus. Steampunk aesthetic.</li><li>Levels; 4 levels (20 sub-levels). 13 locations.</li><li>Progress of the game; Each level responds to the 4 main plots of the game, with different goals. To reach each objective, you must go through different scenarios facing enemies. At the end of levels (and highlights) you will face Heads of level. The ultimate goal is to activate the Wardenclyffe Tower to prevent the arrival of Cthulhu. At the beginning and between each level there will be kinematics to drive the story.</li><li>Characters; Player (Will Bolt). Secondary; Tesla (not playable)</li><li>Enemies; 24 + 6 Boss.</li><li>Abilities; The player can cover himself to avoid damage, carry 4 weapons at a time, basic melee, run, overcome obstacles, and bearings.</li><li>Weapons; 29 (5 strategic)</li><li>Items; Recharge, First aid kit, trophies, reward system, etc.</li></ul></div></div>             </div>"
}