{
    "link": "https://fitgirl-repacks.site/the-trials/",
    "title": "The Trials",
    "first_img": "https://i1.imageban.ru/out/2021/10/04/fc826a6126afbef171761e5bce48f78a.jpg",
    "second_img": "https://s01.riotpixels.net/data/dc/65/dc65858c-7fed-409c-a8e1-133f0aa801d0.jpg.240p.jpg",
    "body": "<div ><h2>The Trials</h2><p ><div><a target=\"_blank\" href=\"https://en.riotpixels.com/games/trials/\" rel=\"noopener\"><img class=\"alignleft\" width=\"150\" src=\"https://i1.imageban.ru/out/2021/10/04/fc826a6126afbef171761e5bce48f78a.jpg\"></a></div><br>Genres/Tags: <strong>Logic, Puzzle, First-person, 3D</strong><br>Company: <strong>BLUE LIFE</strong><br>Language: <strong>ENG</strong><br>Original Size: <strong>2 GB</strong><br>Repack Size: <strong>1.3 GB</strong></p>&nbsp;<div>&nbsp;</div><h3>Download Mirrors</h3><ul><li><a href=\"https://1337x.to/torrent/5005849/The-Trials-FitGirl-Repack/\" target=\"_blank\" rel=\"noopener\">1337x</a> | [<a href=\"magnet:?xt=urn:btih:307EB94DC112F580906356274A749F131FC6E5AE&amp;dn=The+Trials+%5BFitGirl+Repack%5D&amp;tr=udp%3A%2F%2F46.148.18.250%3A2710&amp;tr=udp%3A%2F%2Fopentor.org%3A2710&amp;tr=udp%3A%2F%2Ftracker.coppersurfer.tk%3A6969%2Fannounce&amp;tr=udp%3A%2F%2Ftracker.opentrackr.org%3A1337%2Fannounce&amp;tr=http%3A%2F%2Ftracker.dler.org%3A6969%2Fannounce&amp;tr=udp%3A%2F%2Ftracker.leechers-paradise.org%3A6969%2Fannounce&amp;tr=udp%3A%2F%2F9.rarbg.me%3A2730%2Fannounce&amp;tr=udp%3A%2F%2F9.rarbg.to%3A2770%2Fannounce&amp;tr=udp%3A%2F%2Ftracker.pirateparty.gr%3A6969%2Fannounce&amp;tr=http%3A%2F%2Fretracker.local%2Fannounce&amp;tr=http%3A%2F%2Fretracker.ip.ncnet.ru%2Fannounce&amp;tr=udp%3A%2F%2Fexodus.desync.com%3A6969%2Fannounce&amp;tr=udp%3A%2F%2Fipv4.tracker.harry.lu%3A80%2Fannounce&amp;tr=udp%3A%2F%2Fopen.stealth.si%3A80%2Fannounce&amp;tr=udp%3A%2F%2Ftracker.zer0day.to%3A1337%2Fannounce&amp;tr=udp%3A%2F%2Ftracker.leechers-paradise.org%3A6969%2Fannounce&amp;tr=udp%3A%2F%2Fcoppersurfer.tk%3A6969%2Fannounce\">magnet</a>] [<a href=\"https://pastefg.hermietkreeft.site/?fd4dc5536ffbe4b4#5EU7J4QiXq73dxoWcyhN77WyZ9NtHphBeytLg1YajD51\" target=\"_blank\" rel=\"noopener\">.torrent file only</a>] <br><img src=\"https://torrent-stats.info/5627/18c338ee2.png\" style=\"display:block;clear:both\"></li><li><a href=\"https://tapochek.net/viewtopic.php?p=2804070\" target=\"_blank\" rel=\"noopener\">Tapochek.net</a></li><li><a href=\"https://pastefg.hermietkreeft.site/?e47c6ae87c7bfdc5#3ACYDA8AEJRxXPo5MxkxZEWXUd7cehzKZNmXJj4XnnKr\" target=\"_blank\" rel=\"noopener\">Filehoster: MultiUpload</a> (10+ hosters, interchangeable) [Use <a href=\"http://jdownloader.org/jdownloader2\" target=\"_blank\" rel=\"noopener\">JDownloader2</a>]</li><li><a href=\"https://pastefg.hermietkreeft.site/?625f72bc4e03eea2#D5Rb2FY1CMEtb35NZBBSS7xTakePR3DwFZMC55idcr1G\" target=\"_blank\" rel=\"noopener\">Filehoster: PixelDrain</a></li><li><a href=\"https://pastefg.hermietkreeft.site/?0d6513586d8e39ce#8dZ2nJfDZJJUmHC5zGo4YvUAvuN4yzEFEqQQhTwWCXRA\" target=\"_blank\" rel=\"noopener\">Filehoster: ZippyShare</a></li><li><a href=\"https://pastefg.hermietkreeft.site/?f28c349de4df0a8d#ezpgtHocWBBhGScADfF3J5wGQpoB5w22FrPVJW93R6T\" target=\"_blank\" rel=\"noopener\">Filehoster: LetsUpload</a> [Use <a href=\"http://jdownloader.org/jdownloader2\" target=\"_blank\" rel=\"noopener\">JDownloader2</a>]</li><li><a href=\"https://pastefg.hermietkreeft.site/?2a06f5f7950a0257#CK8H3HocJbpjnBdfTW6MuEaAkEipBiRKPRfoEPvqCJ9P\" target=\"_blank\" rel=\"noopener\">Filehoster: OneDrive</a> (Uploaded by DyR0 t(-_-t), NOT compatible with other mirrors)</li></ul><p><a href=\"https://cs.rin.ru/forum/viewtopic.php?f=10&amp;t=116239\" target=\"_blank\" rel=\"noopener\">Discussion and (possible) future updates on CS.RIN.RU thread</a></p><h3>Screenshots (Click to enlarge)</h3><p><a target=\"_blank\" href=\"https://en.riotpixels.com/games/trials/screenshots/8/?utm_source=emb-gfx-html&amp;utm_medium=image&amp;utm_campaign=rp-mass\" rel=\"noopener\"><img loading=\"lazy\" width=\"178\" height=\"100\" border=\"0\" src=\"https://s01.riotpixels.net/data/dc/65/dc65858c-7fed-409c-a8e1-133f0aa801d0.jpg.240p.jpg\"></a><a target=\"_blank\" href=\"https://en.riotpixels.com/games/trials/screenshots/7/?utm_source=emb-gfx-html&amp;utm_medium=image&amp;utm_campaign=rp-mass\" rel=\"noopener\"><img loading=\"lazy\" width=\"178\" height=\"100\" border=\"0\" src=\"https://s01.riotpixels.net/data/6d/fd/6dfd139e-9b7c-48ad-acb0-65c100208f68.jpg.240p.jpg\"></a><a target=\"_blank\" href=\"https://en.riotpixels.com/games/trials/screenshots/5/?utm_source=emb-gfx-html&amp;utm_medium=image&amp;utm_campaign=rp-mass\" rel=\"noopener\"><img loading=\"lazy\" width=\"178\" height=\"100\" border=\"0\" src=\"https://s01.riotpixels.net/data/5f/14/5f148470-846a-404a-8c49-083984d832ce.jpg.240p.jpg\"></a><br><a target=\"_blank\" href=\"https://en.riotpixels.com/games/trials/screenshots/4/?utm_source=emb-gfx-html&amp;utm_medium=image&amp;utm_campaign=rp-mass\" rel=\"noopener\"><img loading=\"lazy\" width=\"178\" height=\"100\" border=\"0\" src=\"https://s01.riotpixels.net/data/2f/cd/2fcd985f-811e-4fad-a62b-636c82cc8669.jpg.240p.jpg\"></a><a target=\"_blank\" href=\"https://en.riotpixels.com/games/trials/screenshots/2/?utm_source=emb-gfx-html&amp;utm_medium=image&amp;utm_campaign=rp-mass\" rel=\"noopener\"><img loading=\"lazy\" width=\"178\" height=\"100\" border=\"0\" src=\"https://s01.riotpixels.net/data/59/a8/59a88d79-7efd-42af-8046-e39fca35fbe8.jpg.240p.jpg\"></a><a target=\"_blank\" href=\"https://en.riotpixels.com/games/trials/screenshots/1/?utm_source=emb-gfx-html&amp;utm_medium=image&amp;utm_campaign=rp-mass\" rel=\"noopener\"><img loading=\"lazy\" width=\"178\" height=\"100\" border=\"0\" src=\"https://s01.riotpixels.net/data/aa/0f/aa0f5aa0-858b-4351-b21b-c7c498ff259f.jpg.240p.jpg\"></a></p><h3>Repack Features</h3><ul><li>Based on The.Trials-PLAZA ISO release: plaza-the.trials.iso (2,157,379,584 bytes)</li><li>100% Lossless &amp; MD5 Perfect: all files are identical to originals after installation</li><li>NOTHING ripped, NOTHING re-encoded</li><li>Significantly smaller archive size (compressed from 2 to 1.3 GB)</li><li>Installation takes one minute</li><li>After-install integrity check so you could make sure that everything installed properly</li><li>HDD space after installation: 4.5 GB</li><li>At least 2 GB of free RAM (inc. virtual) required for installing this repack</li></ul><div ><div><h2>Game Description</h2></div><div >Use three challenging skills including moving between worlds, teleporting and time manipulation to discover seven main areas in The Trials island and solve over 30 side puzzles to collect gemstone to unlock new areas on the island.<p><b><h3>Game Features</h3></b></p><ul><li><b>First skill is the Recording:</b> You can record the box movement for 35 seconds then play it back in reverse.</li><li><b>Second skill is Travel:</b> The ability to move between to worlds A/B.</li><li><b>Third skill is a teleport station:</b> you can drop it anywhere and teleport back to it.</li></ul></div></div>             </div>"
}