{
    "link": "https://fitgirl-repacks.site/the-quiet-apocalypse/",
    "title": "The Quiet Apocalypse",
    "first_img": "https://i1.imageban.ru/out/2021/11/14/71741976922382dec113a2015a6f8dbd.jpg",
    "second_img": "https://s01.riotpixels.net/data/8e/9a/8e9ab226-a05c-4dff-b53a-6fc0e5f02ea6.jpg.240p.jpg",
    "body": "<div ><h2>The Quiet Apocalypse</h2><p ><div><a target=\"_blank\" href=\"https://en.riotpixels.com/games/quiet-apocalypse/\" rel=\"noopener\"><img class=\"alignleft\" width=\"150\" src=\"https://i1.imageban.ru/out/2021/11/14/71741976922382dec113a2015a6f8dbd.jpg\"></a></div><br>Genres/Tags: <strong>Adventure, Open world, Puzzle solving, First-person, 3D</strong><br>Company: <strong>Little Denis Games</strong><br>Language: <strong>ENG</strong><br>Original Size: <strong>25.2 GB</strong><br>Repack Size: <strong>17 GB</strong></p>&nbsp;<div>&nbsp;</div><h3>Download Mirrors</h3><ul><li><a href=\"https://1337x.to/torrent/5051540/The-Quiet-Apocalypse-FitGirl-Repack/\" target=\"_blank\" rel=\"noopener\">1337x</a> | [<a href=\"magnet:?xt=urn:btih:E690289C8C393B3739AEDB7E5E86356517F3280B&amp;dn=The+Quiet+Apocalypse+%5BFitGirl+Repack%5D&amp;tr=udp%3A%2F%2F46.148.18.250%3A2710&amp;tr=udp%3A%2F%2Fopentor.org%3A2710&amp;tr=udp%3A%2F%2Ftracker.coppersurfer.tk%3A6969%2Fannounce&amp;tr=udp%3A%2F%2Ftracker.opentrackr.org%3A1337%2Fannounce&amp;tr=http%3A%2F%2Ftracker.dler.org%3A6969%2Fannounce&amp;tr=udp%3A%2F%2Ftracker.leechers-paradise.org%3A6969%2Fannounce&amp;tr=udp%3A%2F%2F9.rarbg.me%3A2730%2Fannounce&amp;tr=udp%3A%2F%2F9.rarbg.to%3A2770%2Fannounce&amp;tr=udp%3A%2F%2Ftracker.pirateparty.gr%3A6969%2Fannounce&amp;tr=http%3A%2F%2Fretracker.local%2Fannounce&amp;tr=http%3A%2F%2Fretracker.ip.ncnet.ru%2Fannounce&amp;tr=udp%3A%2F%2Fexodus.desync.com%3A6969%2Fannounce&amp;tr=udp%3A%2F%2Fipv4.tracker.harry.lu%3A80%2Fannounce&amp;tr=udp%3A%2F%2Fopen.stealth.si%3A80%2Fannounce&amp;tr=udp%3A%2F%2Ftracker.zer0day.to%3A1337%2Fannounce&amp;tr=udp%3A%2F%2Ftracker.leechers-paradise.org%3A6969%2Fannounce&amp;tr=udp%3A%2F%2Fcoppersurfer.tk%3A6969%2Fannounce\">magnet</a>] [<a href=\"https://pastefg.hermietkreeft.site/?5260414f02f4b54c#E2WYFy37Biru5Ac441utREi6QnLTUWvdET3uS2rsu4QM\" target=\"_blank\" rel=\"noopener\">.torrent file only</a>] <br><img src=\"https://torrent-stats.info/db7e/3fe2afc22.png\" style=\"display:block;clear:both\"></li><li><a href=\"https://tapochek.net/viewtopic.php?p=2812396\" target=\"_blank\" rel=\"noopener\">Tapochek.net</a></li><li><a href=\"https://pastefg.hermietkreeft.site/?bf82bb0612933ac3#BwuyNpEy7aTxMsAm3BhYznm95JPZby7UG8WtSwxmF7qX\" target=\"_blank\" rel=\"noopener\">Filehoster: MultiUpload</a> (10+ hosters, interchangeable) [Use <a href=\"http://jdownloader.org/jdownloader2\" target=\"_blank\" rel=\"noopener\">JDownloader2</a>]</li><li><a href=\"https://pastefg.hermietkreeft.site/?d503763d2747b24b#8pwDhYakGNCnUSJYkBQ52DSji5sRm5nXNm2uQJe1bRpf\" target=\"_blank\" rel=\"noopener\">Filehoster: ZippyShare</a></li><li><a href=\"https://pastefg.hermietkreeft.site/?731c2e3d61e92714#HRUQhUmgXc9U6SjtTx1ynJbeu2LQHpbNEwanRGYb9dNj\" target=\"_blank\" rel=\"noopener\">Filehoster: BayFiles</a></li><li><a href=\"https://pastefg.hermietkreeft.site/?12a3fa63a4cd12b0#8BcFnH6UA29SD2CvGRQhPqySsETjDKJw7Z2qW9cpwZ58\" target=\"_blank\" rel=\"noopener\">Filehoster: LetsUpload</a> [Use <a href=\"http://jdownloader.org/jdownloader2\" target=\"_blank\" rel=\"noopener\">JDownloader2</a>]</li><li><a href=\"https://pastefg.hermietkreeft.site/?3c82c85a3e90497d#FvRPvRzxjHFdvGpJrzo8QELx5x3y5b48LKo48q1oqtgQ\" target=\"_blank\" rel=\"noopener\">Filehoster: OneDrive</a> (Uploaded by DyR0 t(-_-t), NOT compatible with other mirrors)</li><p><!--  <li><a href=\"\" target=\"_blank\" rel=\"noopener\">Filehosters: Google Drive, OneDrive + others</a> (Uploaded by crackhub213)</li>  --></p></ul><p><a href=\"https://cs.rin.ru/forum/viewtopic.php?f=10&amp;t=116334\" target=\"_blank\" rel=\"noopener\">Discussion and (possible) future updates on CS.RIN.RU thread</a></p><h3>Screenshots (Click to enlarge)</h3><p><a target=\"_blank\" href=\"https://en.riotpixels.com/games/quiet-apocalypse/screenshots/13/?utm_source=emb-gfx-html&amp;utm_medium=image&amp;utm_campaign=rp-mass\" rel=\"noopener\"><img loading=\"lazy\" width=\"178\" height=\"100\" border=\"0\" src=\"https://s01.riotpixels.net/data/8e/9a/8e9ab226-a05c-4dff-b53a-6fc0e5f02ea6.jpg.240p.jpg\"></a><a target=\"_blank\" href=\"https://en.riotpixels.com/games/quiet-apocalypse/screenshots/9/?utm_source=emb-gfx-html&amp;utm_medium=image&amp;utm_campaign=rp-mass\" rel=\"noopener\"><img loading=\"lazy\" width=\"178\" height=\"100\" border=\"0\" src=\"https://s01.riotpixels.net/data/4e/e6/4ee6b8c1-9e39-46df-8233-aae16c2d4761.jpg.240p.jpg\"></a><a target=\"_blank\" href=\"https://en.riotpixels.com/games/quiet-apocalypse/screenshots/5/?utm_source=emb-gfx-html&amp;utm_medium=image&amp;utm_campaign=rp-mass\" rel=\"noopener\"><img loading=\"lazy\" width=\"178\" height=\"100\" border=\"0\" src=\"https://s01.riotpixels.net/data/58/06/5806a529-6028-4738-b3d7-c7bcc4e450ee.jpg.240p.jpg\"></a><br><a target=\"_blank\" href=\"https://en.riotpixels.com/games/quiet-apocalypse/screenshots/3/?utm_source=emb-gfx-html&amp;utm_medium=image&amp;utm_campaign=rp-mass\" rel=\"noopener\"><img loading=\"lazy\" width=\"178\" height=\"100\" border=\"0\" src=\"https://s01.riotpixels.net/data/93/3d/933dc7dc-77f3-4578-8c2e-81f958b99233.jpg.240p.jpg\"></a><a target=\"_blank\" href=\"https://en.riotpixels.com/games/quiet-apocalypse/screenshots/2/?utm_source=emb-gfx-html&amp;utm_medium=image&amp;utm_campaign=rp-mass\" rel=\"noopener\"><img loading=\"lazy\" width=\"178\" height=\"100\" border=\"0\" src=\"https://s01.riotpixels.net/data/e0/1b/e01b1f03-2e61-42d9-bebe-d1b4d161636a.jpg.240p.jpg\"></a><a target=\"_blank\" href=\"https://en.riotpixels.com/games/quiet-apocalypse/screenshots/1/?utm_source=emb-gfx-html&amp;utm_medium=image&amp;utm_campaign=rp-mass\" rel=\"noopener\"><img loading=\"lazy\" width=\"178\" height=\"100\" border=\"0\" src=\"https://s01.riotpixels.net/data/13/e4/13e4043e-e417-4332-926d-ce7ec2f001a7.jpg.240p.jpg\"></a></p><h3>Repack Features</h3><ul><li>Based on The.Quiet.Apocalypse-CODEX ISO release: codex-the.quiet.apocalypse.iso (27,076,493,312 bytes)</li><li>100% Lossless &amp; MD5 Perfect: all files are identical to originals after installation</li><li>NOTHING ripped, NOTHING re-encoded</li><li>Significantly smaller archive size (compressed from 25.2 to 17 GB)</li><li>Installation takes 6-12 minutes (depending on your system)</li><li>After-install integrity check so you could make sure that everything installed properly</li><li>HDD space after installation: 49.8 GB</li><li>At least 2 GB of free RAM (inc. virtual) required for installing this repack</li><li>Use \u201cThe Quiet Apocalypse (DX11)\u201d desktop icon to play the game on Windows 7</li></ul><div ><div><h2>Game Description</h2></div><div >It\u2019s fifteen long years since the last child was born in the mountains. One morning, a carrier pigeon arrives at Doc Hendersen\u2019s farm with a message. The message comes from Communion Creek, an isolated settlement in the far north of the Fairborne Mountains. The news is amazing, a woman in Communion Creek is pregnant, and due to give birth. In order for the baby to have any chance of survival, Doc knows he has to inoculate the child as soon as it is born. Doc immediately sets out on the arduous trek, fully aware of the immeasurable value of the child. But rumours are hard to suppress in the mountains, and dark forces begin to close in\u2026. Join your father in an adventure-based walking simulator set in a near future period, as humanity is experiencing the final stages of its pre-extinction decline. You\u2019ll be navigating and traversing punishing terrain, often in difficult weather, with only a compass and your wits to guide you, but all the struggles will be worth it, when you see what\u2019s over the next hill.<p>\u2018The Quiet Apocalypse\u2019 is a walking simulator, and does not have a \u2018run\u2019 button.</p><p>\u2018The Quiet Apocalypse\u2019 uses landscape streaming to present over 400km\u00b2 of stylised wilderness at solid framerates, and without the use of loading screens. Landscape streaming can cause occasional brief jitters in frame rates as data is loaded and unloaded. This is highly dependent on individual hardware configurations, so please bear this in mind if you feel that occasional interruptions to steady frame rate may hamper your enjoyment of the title. We always recommend that \u2018The Quiet Apocalypse\u2019 is run from SSD storage.</p><p><b><h3>Game Features</h3></b></p><ul><li>10-15 hour story. Unlimited opportunity for exploration when the story is finished.</li><li>Explore over 400km\u00b2 of stylised wilderness.</li><li>Use your compass and map to navigate towards your objectives in 60 handcrafted story missions.</li><li>Find secrets and solve puzzles, as you discover the backstories and histories of 45 of the most unique residents of the Fairborne Mountains.</li><li>Delve into 45,000 words of original narrative, contained within 150 diaries, books, letters and journals. Piece the story together, to unravel a mystery that has lain dormant for fifteen years.</li><li>Trek through rolling hills and moorland, dense temperate forest, towering canyons, arid deserts, and long dormant volcanic mountains, all of which are beautifully lit by a dynamic day/night cycle.</li></ul></div></div>             </div>"
}