{
    "link": "https://fitgirl-repacks.site/sims-4-deluxe-edition/",
    "title": "The Sims 4: Deluxe Edition \u2013 v1.84.197.1030 + All Add-ons + Online",
    "first_img": "https://i6.imageban.ru/out/2021/07/24/5f381c0c99c71ee16502b98810cd5849.jpg",
    "second_img": "https://s01.riotpixels.net/data/ce/34/ce34a208-09ae-44eb-b0a9-99e3b624a9bb.jpg.240p.jpg",
    "body": "<div ><h2>The Sims 4: Deluxe Edition \u2013 v1.84.197.1030 + All Add-ons + Online</h2><p ><div><a href=\"http://en.riotpixels.com/games/sims-4/\" target=\"_blank\" rel=\"noopener\"><img class=\"alignleft\" src=\"https://i6.imageban.ru/out/2021/07/24/5f381c0c99c71ee16502b98810cd5849.jpg\" width=\"150\"></a></div><br>Genres/Tags: <strong>Artificial life, Managerial, God sim, 3D</strong><br>Companies: <strong>Maxis / Electronic Arts</strong><br>Languages: <strong>RUS/ENG/MULTI18</strong><br>Original Size: <strong>53.6 GB</strong><br>Repack Size: <strong>30 GB</strong></p><p>\u00a0</p><h3>Download Mirrors</h3><ul><li><a href=\"https://1337x.to/torrent/5161250/The-Sims-4-Deluxe-Edition-v1-84-197-1030-All-DLCs-Add-ons-Online-MULTi18-FitGirl-Repack/\" target=\"_blank\" rel=\"noopener\">1337x</a> | [<a href=\"magnet:?xt=urn:btih:A789BA1E86A60861CE36C65F6B965DCEEC29294F&amp;dn=The+Sims+4%3A+Deluxe+Edition+%28v1.84.197.1030+%2B+All+DLCs+%26amp%3B+Add-ons+%2B+Online%2C+MULTi18%29+%5BFitGirl+Repack%5D&amp;tr=udp%3A%2F%2F46.148.18.250%3A2710&amp;tr=udp%3A%2F%2Fopentor.org%3A2710&amp;tr=udp%3A%2F%2Ftracker.coppersurfer.tk%3A6969%2Fannounce&amp;tr=udp%3A%2F%2Ftracker.opentrackr.org%3A1337%2Fannounce&amp;tr=http%3A%2F%2Ftracker.dler.org%3A6969%2Fannounce&amp;tr=udp%3A%2F%2Ftracker.leechers-paradise.org%3A6969%2Fannounce&amp;tr=udp%3A%2F%2F9.rarbg.me%3A2730%2Fannounce&amp;tr=udp%3A%2F%2F9.rarbg.to%3A2770%2Fannounce&amp;tr=udp%3A%2F%2Ftracker.pirateparty.gr%3A6969%2Fannounce&amp;tr=http%3A%2F%2Fretracker.local%2Fannounce&amp;tr=http%3A%2F%2Fretracker.ip.ncnet.ru%2Fannounce&amp;tr=udp%3A%2F%2Fexodus.desync.com%3A6969%2Fannounce&amp;tr=udp%3A%2F%2Fipv4.tracker.harry.lu%3A80%2Fannounce&amp;tr=udp%3A%2F%2Fopen.stealth.si%3A80%2Fannounce&amp;tr=udp%3A%2F%2Ftracker.zer0day.to%3A1337%2Fannounce&amp;tr=udp%3A%2F%2Ftracker.leechers-paradise.org%3A6969%2Fannounce&amp;tr=udp%3A%2F%2Fcoppersurfer.tk%3A6969%2Fannounce\">magnet</a>] [<a href=\"https://pastefg.hermietkreeft.site/?2e9eb1331a4f40c7#BkNMMwEZUyToDqiCNeULqmYVmAJBU3ucTGwpr5pwAHZ3\" target=\"_blank\" rel=\"noopener\">.torrent file only</a>] <br><img src=\"https://torrent-stats.info/c65f/3b367c87d.png\" style=\"display:block;clear:both\"></li><li><a href=\"http://rutor.info/torrent/864226/the-sims-4-deluxe-edition-v-1.84.197.1030-dlcs-2014-pc-repack-ot-fitgirl\" target=\"_blank\" rel=\"noopener\">RuTor</a> [<a href=\"magnet:?xt=urn:btih:a789ba1e86a60861ce36c65f6b965dceec29294f&amp;dn=rutor.info_The+Sims+4%3A+Deluxe+Edition+%5Bv+1.84.197.1030+%2B+DLCs%5D+%282014%29+PC+%7C+RePack+%D0%BE%D1%82+FitGirl&amp;tr=udp://opentor.net:6969&amp;tr=udp://opentor.org:2710&amp;tr=http://retracker.local/announce\">magnet</a>]</li><li><a href=\"https://tapochek.net/viewtopic.php?t=180362\" target=\"_blank\" rel=\"noopener\">Tapochek.net</a></li><li><a href=\"https://pastefg.hermietkreeft.site/?34e365b7b4020dbe#DP59hqkC2ejS5eYKRxeTVvoP8YsnP6k8xPeTAV68WNHi\" target=\"_blank\" rel=\"noopener\">Filehoster: MultiUpload</a> (10+ hosters, interchangeable) [Use <a href=\"http://jdownloader.org/jdownloader2\" target=\"_blank\" rel=\"noopener\">JDownloader2</a>]</li><li><a href=\"https://pastefg.hermietkreeft.site/?47150f66d28a2707#8kPeNxGmQ8ydHN5JNqCGNaJz9pbPE49cgwoc3H89TZKk\" target=\"_blank\" rel=\"noopener\">Filehoster: ZippyShare</a></li><li><a href=\"https://pastefg.hermietkreeft.site/?ec9e51473481c153#3qwhXALCUkVPHbRH7xUMhbBASBjdxHm6FuzvSLGSBvqo\" target=\"_blank\" rel=\"noopener\">Filehoster: BayFiles</a></li><li><a href=\"https://pastefg.hermietkreeft.site/?4493790140ea5a53#7SGePkjBWhQUCaRNFLdAUc5FNZFDNXb7MMR6FfbETuSw\" target=\"_blank\" rel=\"noopener\">Filehoster: OneDrive</a> (Uploaded by DyR0 t(-_-t), NOT compatible with other mirrors)</li><li><a href=\"https://crackhub.site/the-sims-4-deluxe-edition-v1-84-197-1030-all-add-ons-online-fitgirl-repack/\" target=\"_blank\" rel=\"noopener\">Filehosters: Google Drive, OneDrive + others</a> (Uploaded by crackhub213)</li></ul><div ><div Download Mirrors (old build v1.63.134.1020/1520 June 2020, with Legacy Edition support)</div><div ><ul><li><a href=\"https://1337x.to/torrent/4485916/The-Sims-4-Deluxe-Edition-v1-63-134-1020-1520-All-DLCs-Add-ons-MULTi17-FitGirl-Repack/\" target=\"_blank\" rel=\"noopener\">1337x</a> | <a href=\"https://katcr.co/torrent/3741685/the-sims-4-deluxe-edition-v1-63-134-1020-1520-all-dlcs-amp-add-ons-multi17-fitgirl-repack.html\" target=\"_blank\" rel=\"noopener\">KAT</a> \u2013 [<a href=\"magnet:?xt=urn:btih:ED9FDA3B8AAA77A23B0083C700B7F0439B2F3E1A\">magnet</a>] [<a href=\"http://sendfile.su/1564316\" target=\"_blank\" rel=\"noopener\">.torrent file only</a>] <br><img src=\"https://torrent-stats.info/83c7/226adf606.png\" style=\"display:block;clear:both\"></li><li><a href=\"https://pasteit.top/paste.php?id=98ade490a9d2cf83945696ae32\" target=\"_blank\" rel=\"noopener\">Filehoster: MultiUpload</a> (10+ hosters, interchangeable) [Use <a href=\"http://jdownloader.org/jdownloader2\" target=\"_blank\" rel=\"noopener\">JDownloader2</a>]</li><li><a href=\"https://pastebin.com/raw/PUxSpKC3\" target=\"_blank\" rel=\"noopener\">Filehoster: Google Drive</a> (Uploaded by hermietkreeft)</li><li><a href=\"https://pastebin.com/raw/Dyg0bm70\" target=\"_blank\" rel=\"noopener\">Filehosters: Google Drive + many others</a> (Uploaded by LaRoyal, NOT compatible with other mirrors)</li></ul></div></div><p><a href=\"http://cs.rin.ru/forum/viewtopic.php?f=38&amp;t=65003\" target=\"_blank\" rel=\"noopener\">Discussion and (possible) future updates on CS.RIN.RU thread</a></p><h3>Screenshots (Click to enlarge)</h3><p><a target=\"_blank\" href=\"https://en.riotpixels.com/games/sims-4-eco-lifestyle/screenshots/5/?utm_source=emb-gfx-html&amp;utm_medium=image&amp;utm_campaign=rp-mass\" rel=\"noopener\"><img loading=\"lazy\" width=\"178\" height=\"100\" border=\"0\" src=\"https://s01.riotpixels.net/data/ce/34/ce34a208-09ae-44eb-b0a9-99e3b624a9bb.jpg.240p.jpg\"></a><a target=\"_blank\" href=\"https://en.riotpixels.com/games/sims-4-eco-lifestyle/screenshots/4/?utm_source=emb-gfx-html&amp;utm_medium=image&amp;utm_campaign=rp-mass\" rel=\"noopener\"><img loading=\"lazy\" width=\"178\" height=\"100\" border=\"0\" src=\"https://s01.riotpixels.net/data/fe/c2/fec2c797-9b25-458f-ae0d-e0133af56d79.jpg.240p.jpg\"></a><a target=\"_blank\" href=\"https://en.riotpixels.com/games/sims-4-eco-lifestyle/screenshots/3/?utm_source=emb-gfx-html&amp;utm_medium=image&amp;utm_campaign=rp-mass\" rel=\"noopener\"><img loading=\"lazy\" width=\"178\" height=\"100\" border=\"0\" src=\"https://s01.riotpixels.net/data/3d/a7/3da76d61-a0ca-4c99-9795-789df5fdae40.jpg.240p.jpg\"></a><br><a target=\"_blank\" href=\"https://en.riotpixels.com/games/sims-4-my-wedding-stories/screenshots/3/?utm_source=emb-gfx-html&amp;utm_medium=image&amp;utm_campaign=rp-mass\" rel=\"noopener\"><img loading=\"lazy\" width=\"178\" height=\"100\" border=\"0\" src=\"https://s01.riotpixels.net/data/6f/e3/6fe30e71-6afe-420a-9901-468b1f043eb7.jpg.240p.jpg\"></a><a target=\"_blank\" href=\"https://en.riotpixels.com/games/sims-4-my-wedding-stories/screenshots/2/?utm_source=emb-gfx-html&amp;utm_medium=image&amp;utm_campaign=rp-mass\" rel=\"noopener\"><img loading=\"lazy\" width=\"178\" height=\"100\" border=\"0\" src=\"https://s01.riotpixels.net/data/14/18/1418482d-abde-4102-8fdf-4c6e4423d84e.jpg.240p.jpg\"></a><a target=\"_blank\" href=\"https://en.riotpixels.com/games/sims-4-my-wedding-stories/screenshots/1/?utm_source=emb-gfx-html&amp;utm_medium=image&amp;utm_campaign=rp-mass\" rel=\"noopener\"><img loading=\"lazy\" width=\"178\" height=\"100\" border=\"0\" src=\"https://s01.riotpixels.net/data/44/19/4419cf96-3ca7-4724-a2b7-1a2d7ea1397a.jpg.240p.jpg\"></a></p><h3>Repack Features</h3><ul><li style=\"font-weight:bold;color:red\">WARNING! Starting with version v1.69.57.1020 my repacks of The Sims 4 do not contain unnecessary Legacy Edition (x86) files \u2013 official support for LE has ended in 2019 and none of those new expansions/DLCs work in LE since. If you\u2019re still in 0.5% group of Windows x86 users, you may download some older repack and play Legacy version of the game</li><li>Based on The.Sims.4.My.Wedding.Stories-CODEX ISO release: codex-the.sims.4.my.wedding.stories.iso (57,220,104,192 bytes)</li><li>Missing languages and alternative Anadius crack (with online support) added (311 MB), thanks to anadius!</li><li>Game version: v1.84.197.1030; all DLCs and addons are included and activated</li><li>Mod-fix for latest DLC is available in \u201c_Fix\u201d folder after installation, click on \u201creadme.url\u201d for instructions</li><li>100% Lossless &amp; MD5 Perfect: all files of x64 version are identical to originals after installation</li><li>All DLCs, add-ons &amp; bonus soundtrack included</li><li>Unsupported x86 Legacy version ripped, NOTHING re-encoded</li><li>No Origin installation required for running</li><li>All 18 languages available</li><li>Significantly smaller archive size (compressed from cumulative 53.6 to 30 GB)</li><li>Installation takes: ~9 minutes on 16-threads CPU; ~15 minutes on 8-threads CPU; ~30 minutes on 4-threads CPU</li><li>HDD space after installation: 49.8 GB</li><li>After-install integrity check so you could make sure that everything installed properly</li><li>Use \u201clanguage-changer.exe\u201d in game root to change the game language, thanks to anadius!</li><li>Use \u201cdlc-toggler.exe\u201d and \u201cdlc-uninstaller.exe\u201d in game root to enable/disable/uninstall DLCs you don\u2019t need, thanks to anadius!</li><li>If you don\u2019t have DLCs or the game closes with Origin error: close \u201cOrigin\u201d, allow the game EXEs access to Internet and run it as admin</li><li>Repack uses XTool library by Razor12911</li><li>At least 2 GB of free RAM (inc. virtual) required for installing this repack</li></ul><p><span style=\"color: #ff0000;\">For newer DLCs to work run the game as admin.</span></p><div ><div><h2>Game Description</h2></div><div >The Sims 4 is the highly anticipated life simulation game that lets you play with life like never before. Control smarter Sims with unique appearances, personalities, behaviors, and emotions. Experience new levels of creativity when you sculpt Sims with the powerful Create A Sim and design beautiful homes with tactile, room-based Build Mode. Use The Gallery to browse, share, and download new content without ever leaving your game. Control the mind, body, and heart of your Sims and explore your new gameplay possibilities in vibrant neighborhoods that bring your stories to life.<br></div></div><div ><div Included DLCs</div><div ><ul><li><b>The Sims 4, updated to v1.84.197.1030 (x64)</b></li><li>Alma Mater Reward (University)</li><li>Awesome Animal Hats Digital Content \u2013 Features a collection of fun animal hats for your Sims to wear and show off!</li><li>Backyard Stuff</li><li>Beacon Of Ages Reward (Generations)</li><li>Blooming Rooms Kit</li><li>Bowling Night</li><li>Bust the Dust Kit</li><li>Carnaval Streetwear Kit</li><li>Cats &amp; Dogs</li><li>City Living DLC</li><li>Cool Kitchen Stuff</li><li>Cottage Living</li><li>Country Kitchen Kit</li><li>Courtyard Oasis Kit</li><li>Digital Soundtrack \u2013 A digital soundtrack featuring music from the game.</li><li>Dine Out DLC</li><li>Discover University</li><li>Dream Home Decorator</li><li>Eco Lifestyle</li><li>Email Sign-Up Incentive (Ghoulish Guitar)</li><li>Enchanted Aurora Reward (Supernatural)</li><li>Fashion Street Kit</li><li>Fitness Stuff</li><li>Get Famous Add-on</li><li>Get to Work Add-on</li><li>Get Together Add-on</li><li>Holiday Celebration Pack</li><li>Incheon Arrivals Kit</li><li>Industrial Loft Kit</li><li>Island Living</li><li>Jungle Adventure</li><li>Kids Room Stuff</li><li>Laundry Day Stuff</li><li>Life of the Party Digital Content \u2013 Features the Flaming Tiki Bar and sleek, stylized outfits for your Sims.</li><li>Luxury Party Stuff DLC</li><li>Modern Menswear Kit</li><li>Moschino Stuff</li><li>Movie Hangout Stuff</li><li>My First Pet Stuff</li><li>My Wedding Stories</li><li>Never Ending Reward (World Adventures)</li><li>Nifty Knitting</li><li>Outdoor Retreat Add-on</li><li>P.R.I.M.A. 3000 Computer</li><li>Paranormal Stuff Pack</li><li>Parenthood</li><li>Paws Anonymous Reward (Pets)</li><li>Perfect Patio Stuff</li><li>Realm of Magic Game Pack</li><li>Romantic Garden Stuff</li><li>Seasons Add-on</li><li>Shine On Reward (Ambitions)</li><li>Snowy Escape</li><li>Spa Day Add-on</li><li>Spooky Stuff DLC</li><li>Star Wars: Journey to Batuu</li><li>StrangerVille</li><li>The Ultimate Freezer Bunny Award</li><li>Throwback Fit Kit</li><li>Time Travelers Reward (Into the Future)</li><li>Tiny Living Stuff Pack</li><li>Toddlers</li><li>Toddlers Stuff</li><li>Truly Tropical Reward (Island Paradise)</li><li>Up All Night Digital Content \u2013 Features the Laser Light Show, fun decorations, and outrageous party costumes.</li><li>UV Light Reward (Late Night)</li><li>Vampires</li><li>Vintage Glamour Stuff</li><li>Whatever The Weather Reward (Seasons)</li><li>Your Name In Lights Reward (Showtime)</li></ul></div></div><div ><div Backwards Compatibility</div><div >This repack is NOT backwards compatible with any of my previous repacks of Sims 4.<br></div></div>             </div>"
}