{
    "link": "https://fitgirl-repacks.site/the-fortress-of-varnolis/",
    "title": "The Fortress of Varnolis",
    "first_img": "https://i3.imageban.ru/out/2021/10/14/9f41a604c3800735d24ad822a872aec2.jpg",
    "second_img": "https://s01.riotpixels.net/data/8a/8b/8a8bd6c1-582d-43c0-a961-2c58f7b727b4.jpg.240p.jpg",
    "body": "<div ><h2>The Fortress of Varnolis</h2><p ><div><a target=\"_blank\" href=\"https://en.riotpixels.com/games/fortress-of-varnolis/\" rel=\"noopener\"><img class=\"alignleft\" width=\"150\" src=\"https://i3.imageban.ru/out/2021/10/14/9f41a604c3800735d24ad822a872aec2.jpg\"></a></div><br>Genres/Tags: <strong>Exploration, Third-person, Puzzle Solving, Horror, 3D</strong><br>Company: <strong>Daniel Agerman</strong><br>Language: <strong>ENG</strong><br>Original Size: <strong>2 GB</strong><br>Repack Size: <strong>1.4 GB</strong></p>&nbsp;<div>&nbsp;</div><h3>Download Mirrors</h3><ul><li><a href=\"https://1337x.to/torrent/5016972/The-Fortress-of-Varnolis-FitGirl-Repack/\" target=\"_blank\" rel=\"noopener\">1337x</a> | [<a href=\"magnet:?xt=urn:btih:889E7745C8D3A73CD5D06D05E14A753427EEBCFD&amp;dn=The+Fortress+of+Varnolis+%5BFitGirl+Repack%5D&amp;tr=udp%3A%2F%2F46.148.18.250%3A2710&amp;tr=udp%3A%2F%2Fopentor.org%3A2710&amp;tr=udp%3A%2F%2Ftracker.coppersurfer.tk%3A6969%2Fannounce&amp;tr=udp%3A%2F%2Ftracker.opentrackr.org%3A1337%2Fannounce&amp;tr=http%3A%2F%2Ftracker.dler.org%3A6969%2Fannounce&amp;tr=udp%3A%2F%2Ftracker.leechers-paradise.org%3A6969%2Fannounce&amp;tr=udp%3A%2F%2F9.rarbg.me%3A2730%2Fannounce&amp;tr=udp%3A%2F%2F9.rarbg.to%3A2770%2Fannounce&amp;tr=udp%3A%2F%2Ftracker.pirateparty.gr%3A6969%2Fannounce&amp;tr=http%3A%2F%2Fretracker.local%2Fannounce&amp;tr=http%3A%2F%2Fretracker.ip.ncnet.ru%2Fannounce&amp;tr=udp%3A%2F%2Fexodus.desync.com%3A6969%2Fannounce&amp;tr=udp%3A%2F%2Fipv4.tracker.harry.lu%3A80%2Fannounce&amp;tr=udp%3A%2F%2Fopen.stealth.si%3A80%2Fannounce&amp;tr=udp%3A%2F%2Ftracker.zer0day.to%3A1337%2Fannounce&amp;tr=udp%3A%2F%2Ftracker.leechers-paradise.org%3A6969%2Fannounce&amp;tr=udp%3A%2F%2Fcoppersurfer.tk%3A6969%2Fannounce\">magnet</a>] [<a href=\"https://pastefg.hermietkreeft.site/?50a0843cdea030ae#D32gXP4CPJvK5vberbTNL5mZQuZxdBfe8oviCHZXgb6c\" target=\"_blank\" rel=\"noopener\">.torrent file only</a>] <br><img src=\"https://torrent-stats.info/6d05/1f6b17721.png\" style=\"display:block;clear:both\"></li><li><a href=\"https://tapochek.net/viewtopic.php?p=2805704\" target=\"_blank\" rel=\"noopener\">Tapochek.net</a></li><li><a href=\"https://pastefg.hermietkreeft.site/?e1ddfa913d1fc0ee#CBNajkradLm4EDrMNmhFF6BsYvaYTYF2eQHZSZutNH3f\" target=\"_blank\" rel=\"noopener\">Filehoster: MultiUpload</a> (10+ hosters, interchangeable) [Use <a href=\"http://jdownloader.org/jdownloader2\" target=\"_blank\" rel=\"noopener\">JDownloader2</a>]</li><li><a href=\"https://pastefg.hermietkreeft.site/?035493338ae9958a#HU2zE9kVAtYuH95VPcW7GXqCeP5RvdVzKEX65hyYeBK1\" target=\"_blank\" rel=\"noopener\">Filehoster: PixelDrain</a></li><li><a href=\"https://pastefg.hermietkreeft.site/?beaf848b5ab10d06#d7ccytkmT8CjmeLEVwe6YgDdNw5yAQ8Mgwfq5v6wh9Q\" target=\"_blank\" rel=\"noopener\">Filehoster: ZippyShare</a></li><li><a href=\"https://pastefg.hermietkreeft.site/?60f53ced70a22bfc#7GKWJjQSjeqQCJGD7DjoruXQfeZEUGv5v6715BABLC9p\" target=\"_blank\" rel=\"noopener\">Filehoster: LetsUpload</a> [Use <a href=\"http://jdownloader.org/jdownloader2\" target=\"_blank\" rel=\"noopener\">JDownloader2</a>]</li><li><a href=\"https://pastefg.hermietkreeft.site/?fd0d95f62f7cc179#A9FrGZcw2NhvKK8crTCHtFQ2PQr3JFC7gVT8cKik2x3z\" target=\"_blank\" rel=\"noopener\">Filehoster: OneDrive</a> (Uploaded by DyR0 t(-_-t), NOT compatible with other mirrors)</li><li><a href=\"https://crackhub.site/the-fortress-of-varnolis-fitgirl-repack/\" target=\"_blank\" rel=\"noopener\">Filehosters: Google Drive, OneDrive + others</a> (Uploaded by crackhub213)</li></ul><p><a href=\"https://cs.rin.ru/forum/viewtopic.php?f=10&amp;t=115916\" target=\"_blank\" rel=\"noopener\">Discussion and (possible) future updates on CS.RIN.RU thread</a></p><h3>Screenshots (Click to enlarge)</h3><p><a target=\"_blank\" href=\"https://en.riotpixels.com/games/fortress-of-varnolis/screenshots/31/?utm_source=emb-gfx-html&amp;utm_medium=image&amp;utm_campaign=rp-mass\" rel=\"noopener\"><img loading=\"lazy\" width=\"178\" height=\"100\" border=\"0\" src=\"https://s01.riotpixels.net/data/8a/8b/8a8bd6c1-582d-43c0-a961-2c58f7b727b4.jpg.240p.jpg\"></a><a target=\"_blank\" href=\"https://en.riotpixels.com/games/fortress-of-varnolis/screenshots/30/?utm_source=emb-gfx-html&amp;utm_medium=image&amp;utm_campaign=rp-mass\" rel=\"noopener\"><img loading=\"lazy\" width=\"178\" height=\"100\" border=\"0\" src=\"https://s01.riotpixels.net/data/40/49/40498466-586e-4c9a-8d51-61cea24b5ea8.jpg.240p.jpg\"></a><a target=\"_blank\" href=\"https://en.riotpixels.com/games/fortress-of-varnolis/screenshots/29/?utm_source=emb-gfx-html&amp;utm_medium=image&amp;utm_campaign=rp-mass\" rel=\"noopener\"><img loading=\"lazy\" width=\"178\" height=\"100\" border=\"0\" src=\"https://s01.riotpixels.net/data/da/75/da752e91-6e59-4dec-ba55-6a5d008a2c5e.jpg.240p.jpg\"></a><br><a target=\"_blank\" href=\"https://en.riotpixels.com/games/fortress-of-varnolis/screenshots/23/?utm_source=emb-gfx-html&amp;utm_medium=image&amp;utm_campaign=rp-mass\" rel=\"noopener\"><img loading=\"lazy\" width=\"178\" height=\"100\" border=\"0\" src=\"https://s01.riotpixels.net/data/37/d4/37d43bda-859b-43e9-bee3-713504b787ab.jpg.240p.jpg\"></a><a target=\"_blank\" href=\"https://en.riotpixels.com/games/fortress-of-varnolis/screenshots/6/?utm_source=emb-gfx-html&amp;utm_medium=image&amp;utm_campaign=rp-mass\" rel=\"noopener\"><img loading=\"lazy\" width=\"178\" height=\"100\" border=\"0\" src=\"https://s01.riotpixels.net/data/09/59/0959552b-d49d-40fb-9acd-ff86d369e0f9.jpg.240p.jpg\"></a><a target=\"_blank\" href=\"https://en.riotpixels.com/games/fortress-of-varnolis/screenshots/2/?utm_source=emb-gfx-html&amp;utm_medium=image&amp;utm_campaign=rp-mass\" rel=\"noopener\"><img loading=\"lazy\" width=\"178\" height=\"100\" border=\"0\" src=\"https://s01.riotpixels.net/data/23/83/2383a7f8-0559-48ab-a6e0-2a678324fbd1.jpg.240p.jpg\"></a></p><h3>Repack Features</h3><ul><li>Based on The.Fortress.of.Varnolis-DARKSiDERS ISO release: ds-thefortressofvarnolis.iso (2,097,252,352 bytes)</li><li>100% Lossless &amp; MD5 Perfect: all files are identical to originals after installation</li><li>NOTHING ripped, NOTHING re-encoded</li><li>Smaller archive size (compressed from 2 to 1.4 GB)</li><li>Installation takes 1-2 minutes (depending on your system)</li><li>After-install integrity check so you could make sure that everything installed properly</li><li>HDD space after installation: 2 GB</li><li>Repack uses XTool library by Razor12911</li><li>At least 2 GB of free RAM (inc. virtual) required for installing this repack</li></ul><div ><div><h2>Game Description</h2></div><div ><p>Help guide a young boy escape a terrible nightmare in a castle. Discover the long buried secrets within the dark.</p><p><b>The Fortress of Varnolis</b> is a horror mystery game about a boy struggling against the terror he has awoken to. You must help the boy maneuver dark dungeons, solve puzzles, overcome monsters and discover forbidden secrets as you work your way to the top of this ancient dungeon. Collect notes and encounter strange ancient beings as you unravel the forgotten past of Varnolis and unearth the terrible truth of the many inhabitants of these ancient halls.</p></div></div>             </div>"
}