{
    "link": "https://fitgirl-repacks.site/the-last-stand-aftermath/",
    "title": "The Last Stand: Aftermath \u2013 v1.0.0.420",
    "first_img": "https://i7.imageban.ru/out/2021/11/23/bdc82eeb1971dd3fa43bb30d3a73b4c6.jpg",
    "second_img": "https://s01.riotpixels.net/data/39/96/3996f9ee-ff13-412a-bb7c-9f16ba108ecd.jpg.240p.jpg",
    "body": "<div ><h2>The Last Stand: Aftermath \u2013 v1.0.0.420</h2><p ><div><a target=\"_blank\" href=\"https://en.riotpixels.com/games/last-stand-aftermath/\" rel=\"noopener\"><img class=\"alignleft\" width=\"150\" src=\"https://i7.imageban.ru/out/2021/11/23/bdc82eeb1971dd3fa43bb30d3a73b4c6.jpg\"></a></div><br>Genres/Tags: <strong>Action, RPG, Roguelike, Isometric, Post-apocalyptic, Zombies, 3D</strong><br>Companies: <strong>Con Artist Games, Armor Games Studios</strong><br>Languages: <strong>RUS/ENG/MULTI9</strong><br>Original Size: <strong>3.5 GB</strong><br>Repack Size: <strong>2 GB</strong></p>&nbsp;<div>&nbsp;</div><h3>Download Mirrors</h3><ul><li><a href=\"https://1337x.to/torrent/5061760/The-Last-Stand-Aftermath-v1-0-0-420-MULTi9-FitGirl-Repack/\" target=\"_blank\" rel=\"noopener\">1337x</a> | [<a href=\"magnet:?xt=urn:btih:EFF7F54588277A1B4394852E929F68AF9ACD3F48&amp;dn=The+Last+Stand%3A+Aftermath+%28v1.0.0.420%2C+MULTi9%29+%5BFitGirl+Repack%5D&amp;tr=udp%3A%2F%2F46.148.18.250%3A2710&amp;tr=udp%3A%2F%2Fopentor.org%3A2710&amp;tr=udp%3A%2F%2Ftracker.coppersurfer.tk%3A6969%2Fannounce&amp;tr=udp%3A%2F%2Ftracker.opentrackr.org%3A1337%2Fannounce&amp;tr=http%3A%2F%2Ftracker.dler.org%3A6969%2Fannounce&amp;tr=udp%3A%2F%2Ftracker.leechers-paradise.org%3A6969%2Fannounce&amp;tr=udp%3A%2F%2F9.rarbg.me%3A2730%2Fannounce&amp;tr=udp%3A%2F%2F9.rarbg.to%3A2770%2Fannounce&amp;tr=udp%3A%2F%2Ftracker.pirateparty.gr%3A6969%2Fannounce&amp;tr=http%3A%2F%2Fretracker.local%2Fannounce&amp;tr=http%3A%2F%2Fretracker.ip.ncnet.ru%2Fannounce&amp;tr=udp%3A%2F%2Fexodus.desync.com%3A6969%2Fannounce&amp;tr=udp%3A%2F%2Fipv4.tracker.harry.lu%3A80%2Fannounce&amp;tr=udp%3A%2F%2Fopen.stealth.si%3A80%2Fannounce&amp;tr=udp%3A%2F%2Ftracker.zer0day.to%3A1337%2Fannounce&amp;tr=udp%3A%2F%2Ftracker.leechers-paradise.org%3A6969%2Fannounce&amp;tr=udp%3A%2F%2Fcoppersurfer.tk%3A6969%2Fannounce\">magnet</a>] [<a href=\"https://pastefg.hermietkreeft.site/?6235e26a50b1627d#EC6TBWdh16PLKJqxYmRDLKNtrNL6kPVqTZHvHDBxMe6o\" target=\"_blank\" rel=\"noopener\">.torrent file only</a>] <br><img src=\"https://torrent-stats.info/852e/26e0ad92a.png\" style=\"display:block;clear:both\"></li><li><a href=\"http://rutor.info/torrent/847207/the-last-stand-aftermath-v-1.0.0.420-2021-pc-repack-ot-fitgirl\" target=\"_blank\" rel=\"noopener\">RuTor</a> [<a href=\"magnet:?xt=urn:btih:eff7f54588277a1b4394852e929f68af9acd3f48&amp;dn=rutor.info_The+Last+Stand%3A+Aftermath+%5Bv+1.0.0.420%5D+%282021%29+PC+%7C+RePack+%D0%BE%D1%82+FitGirl&amp;tr=udp://opentor.net:6969&amp;tr=udp://opentor.org:2710&amp;tr=http://retracker.local/announce\">magnet</a>]</li><li><a href=\"https://tapochek.net/viewtopic.php?p=2814203\" target=\"_blank\" rel=\"noopener\">Tapochek.net</a></li><li><a href=\"https://pastefg.hermietkreeft.site/?09b5d1ce406cf993#DWBiRQG7uJ7LNcejgSrYpDuAU7keTHSuCzDg1nviBmk8\" target=\"_blank\" rel=\"noopener\">Filehoster: MultiUpload</a> (10+ hosters, interchangeable) [Use <a href=\"http://jdownloader.org/jdownloader2\" target=\"_blank\" rel=\"noopener\">JDownloader2</a>]</li><li><a href=\"https://pastefg.hermietkreeft.site/?6c112f7c3e331d3c#3zCJFwPRz2EpVNVXLUxSfPuhQn3s7y64zMmUM7Mt6DDT\" target=\"_blank\" rel=\"noopener\">Filehoster: ZippyShare</a></li><li><a href=\"https://pastefg.hermietkreeft.site/?31af9864579aac3a#4jyuVa6uZ86fYRRxGx6eAcgBonSB8W2nHDEmttvZVMPv\" target=\"_blank\" rel=\"noopener\">Filehoster: BayFiles</a></li><li><a href=\"https://pastefg.hermietkreeft.site/?7b5a1221067db318#6Zcok4d1EMEuhyumBJSt49TZgXEXX3b13pYjSasQAULi\" target=\"_blank\" rel=\"noopener\">Filehoster: LetsUpload</a> [Use <a href=\"http://jdownloader.org/jdownloader2\" target=\"_blank\" rel=\"noopener\">JDownloader2</a>]</li><li><a href=\"https://pastefg.hermietkreeft.site/?ac07c346fc44bef0#5jkvC18wn4m843nPu83gG2DtW4LYcfoy61eceTypUbah\" target=\"_blank\" rel=\"noopener\">Filehoster: OneDrive</a> (Uploaded by DyR0 t(-_-t), NOT compatible with other mirrors)</li><li><a href=\"https://crackhub.site/the-last-stand-aftermath-v1-0-0-420-fitgirl-repack/\" target=\"_blank\" rel=\"noopener\">Filehosters: Google Drive, OneDrive + others</a> (Uploaded by crackhub213)</li></ul><p><a href=\"https://cs.rin.ru/forum/viewtopic.php?f=10&amp;t=105183\" target=\"_blank\" rel=\"noopener\">Discussion and (possible) future updates on CS.RIN.RU thread</a></p><h3>Screenshots (Click to enlarge)</h3><p><a target=\"_blank\" href=\"https://en.riotpixels.com/games/last-stand-aftermath/screenshots/33/?utm_source=emb-gfx-html&amp;utm_medium=image&amp;utm_campaign=rp-mass\" rel=\"noopener\"><img loading=\"lazy\" width=\"178\" height=\"100\" border=\"0\" src=\"https://s01.riotpixels.net/data/39/96/3996f9ee-ff13-412a-bb7c-9f16ba108ecd.jpg.240p.jpg\"></a><a target=\"_blank\" href=\"https://en.riotpixels.com/games/last-stand-aftermath/screenshots/30/?utm_source=emb-gfx-html&amp;utm_medium=image&amp;utm_campaign=rp-mass\" rel=\"noopener\"><img loading=\"lazy\" width=\"178\" height=\"100\" border=\"0\" src=\"https://s01.riotpixels.net/data/aa/a4/aaa48630-8940-4e79-b8eb-449ded6c9cce.jpg.240p.jpg\"></a><a target=\"_blank\" href=\"https://en.riotpixels.com/games/last-stand-aftermath/screenshots/25/?utm_source=emb-gfx-html&amp;utm_medium=image&amp;utm_campaign=rp-mass\" rel=\"noopener\"><img loading=\"lazy\" width=\"178\" height=\"100\" border=\"0\" src=\"https://s01.riotpixels.net/data/29/9f/299f6a76-c7ef-47b6-bcc9-327d1feba54e.jpg.240p.jpg\"></a><br><a target=\"_blank\" href=\"https://en.riotpixels.com/games/last-stand-aftermath/screenshots/11/?utm_source=emb-gfx-html&amp;utm_medium=image&amp;utm_campaign=rp-mass\" rel=\"noopener\"><img loading=\"lazy\" width=\"178\" height=\"100\" border=\"0\" src=\"https://s01.riotpixels.net/data/83/24/8324c7d7-a5aa-41a1-91ea-ef4b75acb268.jpg.240p.jpg\"></a><a target=\"_blank\" href=\"https://en.riotpixels.com/games/last-stand-aftermath/screenshots/7/?utm_source=emb-gfx-html&amp;utm_medium=image&amp;utm_campaign=rp-mass\" rel=\"noopener\"><img loading=\"lazy\" width=\"178\" height=\"100\" border=\"0\" src=\"https://s01.riotpixels.net/data/77/42/774244cf-e066-45c0-8ea5-e5a68e34a558.jpg.240p.jpg\"></a><a target=\"_blank\" href=\"https://en.riotpixels.com/games/last-stand-aftermath/screenshots/1/?utm_source=emb-gfx-html&amp;utm_medium=image&amp;utm_campaign=rp-mass\" rel=\"noopener\"><img loading=\"lazy\" width=\"178\" height=\"100\" border=\"0\" src=\"https://s01.riotpixels.net/data/76/d6/76d6c8ed-e213-4331-88db-b32c87f24583.jpg.240p.jpg\"></a></p><h3>Repack Features</h3><ul><li>Based on The.Last.Stand.Aftermath-CODEX ISO release: codex-the.last.stand.aftermath.iso (3,741,483,008 bytes)</li><li>100% Lossless &amp; MD5 Perfect: all files are identical to originals after installation</li><li>NOTHING ripped, NOTHING re-encoded</li><li>Significantly smaller archive size (compressed from 3.5 to 2 GB)</li><li>Installation takes 2-7 minutes (depending on your system)</li><li>After-install integrity check so you could make sure that everything installed properly</li><li>HDD space after installation: 4 GB (5.5 GB during installation)</li><li>Language can be changed in game settings</li><li>Repack uses XTool library by Razor12911</li><li>At least 2 GB of free RAM (inc. virtual) required for installing this repack</li></ul><div ><div><h2>Game Description</h2></div><div >The latest from veteran developer Con Artist Games, creators of The Last Stand series of games, The Last Stand: Aftermath is an all new, premium singleplayer standalone action adventure rogue-lite. Choose a survivor to set forth and explore the ruins of civilization, finding fuel to travel to new locations and gathering supplies to craft weapons and more.<p><b>It\u2019s Dangerous Out There</b><br>You\u2019ll need to stay on your toes, since hordes of zombies still roam the streets, and you\u2019re no superhuman. In fact, you\u2019re one of the infected yourself, and eventually you\u2019ll die, be it from the hostile undead or the virus rampaging through your body. But when that happens, you\u2019ll pick up the game again as a new survivor, with perks and upgrades earned based on your progress from the last, and set out to try again.</p><p><b><h3>Game Features</h3></b></p><ul><li>Sneak and fight your way through a dangerous post-apocalyptic wasteland</li><li>Outwit hordes of rabid infected, some with deadly special abilities</li><li>Scavenge for materials to craft into weapons and supplies</li><li>Risk undeath by using powerful mutations to make yourself stronger</li><li>When one survivor dies, start up again as another, with new unlocks based on progress</li><li>A tense and moody, atmospheric zombie experience</li></ul></div></div>             </div>"
}