{
    "link": "https://fitgirl-repacks.site/the-last-friend/",
    "title": "The Last Friend",
    "first_img": "https://i4.imageban.ru/out/2021/10/02/be7ebd0dc17933642aefc31d2815e048.jpg",
    "second_img": "https://s01.riotpixels.net/data/95/a4/95a4d89c-e533-429c-97ae-19294e355e93.jpg.240p.jpg",
    "body": "<div ><h2>The Last Friend</h2><p ><div><a target=\"_blank\" href=\"https://en.riotpixels.com/games/last-friend/\" rel=\"noopener\"><img class=\"alignleft\" width=\"150\" src=\"https://i4.imageban.ru/out/2021/10/02/be7ebd0dc17933642aefc31d2815e048.jpg\"></a></div><br>Genres/Tags: <strong>Strategy, Post-apocalyptic, 2D, Tower Defense</strong><br>Companies: <strong>The Stonebot Studio, Ludus Games, Skystone Games Inc.</strong><br>Language: <strong>ENG</strong><br>Original Size: <strong>665 MB</strong><br>Repack Size: <strong>411 MB</strong></p>&nbsp;<div>&nbsp;</div><h3>Download Mirrors</h3><ul><li><a href=\"https://1337x.to/torrent/5003942/The-Last-Friend-FitGirl-Repack/\" target=\"_blank\" rel=\"noopener\">1337x</a> | [<a href=\"magnet:?xt=urn:btih:63414B599404819B5BB0C941BCFB73345B295F43&amp;dn=The+Last+Friend+%5BFitGirl+Repack%5D&amp;tr=udp%3A%2F%2F46.148.18.250%3A2710&amp;tr=udp%3A%2F%2Fopentor.org%3A2710&amp;tr=udp%3A%2F%2Ftracker.coppersurfer.tk%3A6969%2Fannounce&amp;tr=udp%3A%2F%2Ftracker.opentrackr.org%3A1337%2Fannounce&amp;tr=http%3A%2F%2Ftracker.dler.org%3A6969%2Fannounce&amp;tr=udp%3A%2F%2Ftracker.leechers-paradise.org%3A6969%2Fannounce&amp;tr=udp%3A%2F%2F9.rarbg.me%3A2730%2Fannounce&amp;tr=udp%3A%2F%2F9.rarbg.to%3A2770%2Fannounce&amp;tr=udp%3A%2F%2Ftracker.pirateparty.gr%3A6969%2Fannounce&amp;tr=http%3A%2F%2Fretracker.local%2Fannounce&amp;tr=http%3A%2F%2Fretracker.ip.ncnet.ru%2Fannounce&amp;tr=udp%3A%2F%2Fexodus.desync.com%3A6969%2Fannounce&amp;tr=udp%3A%2F%2Fipv4.tracker.harry.lu%3A80%2Fannounce&amp;tr=udp%3A%2F%2Fopen.stealth.si%3A80%2Fannounce&amp;tr=udp%3A%2F%2Ftracker.zer0day.to%3A1337%2Fannounce&amp;tr=udp%3A%2F%2Ftracker.leechers-paradise.org%3A6969%2Fannounce&amp;tr=udp%3A%2F%2Fcoppersurfer.tk%3A6969%2Fannounce\">magnet</a>] [<a href=\"https://pastefg.hermietkreeft.site/?bb6b8d2219260a8d#E8To4tAAvUg12ZVNQvDgXJ7Y1z8cQM6jn22yftopLKrK\" target=\"_blank\" rel=\"noopener\">.torrent file only</a>] <br><img src=\"https://torrent-stats.info/c941/39d2d3019.png\" style=\"display:block;clear:both\"></li><li><a href=\"https://tapochek.net/viewtopic.php?p=2803770\" target=\"_blank\" rel=\"noopener\">Tapochek.net</a></li><li><a href=\"https://pastefg.hermietkreeft.site/?ced0c7446afc9234#9tvFY19CNNV15ME1Jb5HHhBFMC1jQVqdZ8jr2ac9KnfU\" target=\"_blank\" rel=\"noopener\">Filehoster: MultiUpload</a> (10+ hosters, interchangeable) [Use <a href=\"http://jdownloader.org/jdownloader2\" target=\"_blank\" rel=\"noopener\">JDownloader2</a>]</li><li><a href=\"https://pastefg.hermietkreeft.site/?dc16ab3d8f614a11#ADECZkomN49oBdmXtDD6cV5GQazUtFfrXZ12Mzd85QEg\" target=\"_blank\" rel=\"noopener\">Filehoster: PixelDrain</a></li><li><a href=\"https://pastefg.hermietkreeft.site/?c93e6226d7834179#1FxFfHHtCkm1NE7fMGEkdPivWBKA17fjC8U9jiMqB7D\" target=\"_blank\" rel=\"noopener\">Filehoster: ZippyShare</a></li><li><a href=\"https://pastefg.hermietkreeft.site/?9b8ff436c0eedfea#3AnD14jqBHWnnKmZa7N2wwyuR6h4bATChx36RxqFozUG\" target=\"_blank\" rel=\"noopener\">Filehoster: LetsUpload</a> [Use <a href=\"http://jdownloader.org/jdownloader2\" target=\"_blank\" rel=\"noopener\">JDownloader2</a>]</li><li><a href=\"https://pastefg.hermietkreeft.site/?52fe6a7ccbd5695a#4y1nzZFNHFWysob1twget2AaDCD7gBDGJ4Gpi4WsjZbJ\" target=\"_blank\" rel=\"noopener\">Filehoster: OneDrive</a> (Uploaded by DyR0 t(-_-t), NOT compatible with other mirrors)</li></ul><p><a href=\"https://cs.rin.ru/forum/viewtopic.php?f=10&amp;t=93488\" target=\"_blank\" rel=\"noopener\">Discussion and (possible) future updates on CS.RIN.RU thread</a></p><h3>Screenshots (Click to enlarge)</h3><p><a target=\"_blank\" href=\"https://en.riotpixels.com/games/last-friend/screenshots/7/?utm_source=emb-gfx-html&amp;utm_medium=image&amp;utm_campaign=rp-mass\" rel=\"noopener\"><img loading=\"lazy\" width=\"160\" height=\"100\" border=\"0\" src=\"https://s01.riotpixels.net/data/95/a4/95a4d89c-e533-429c-97ae-19294e355e93.jpg.240p.jpg\"></a><a target=\"_blank\" href=\"https://en.riotpixels.com/games/last-friend/screenshots/6/?utm_source=emb-gfx-html&amp;utm_medium=image&amp;utm_campaign=rp-mass\" rel=\"noopener\"><img loading=\"lazy\" width=\"160\" height=\"100\" border=\"0\" src=\"https://s01.riotpixels.net/data/a4/d0/a4d04e71-6a61-4985-8496-b045427edccd.jpg.240p.jpg\"></a><a target=\"_blank\" href=\"https://en.riotpixels.com/games/last-friend/screenshots/4/?utm_source=emb-gfx-html&amp;utm_medium=image&amp;utm_campaign=rp-mass\" rel=\"noopener\"><img loading=\"lazy\" width=\"160\" height=\"100\" border=\"0\" src=\"https://s01.riotpixels.net/data/f5/f9/f5f9173b-2f4c-47b8-b337-603a2c616f16.jpg.240p.jpg\"></a><br><a target=\"_blank\" href=\"https://en.riotpixels.com/games/last-friend/screenshots/3/?utm_source=emb-gfx-html&amp;utm_medium=image&amp;utm_campaign=rp-mass\" rel=\"noopener\"><img loading=\"lazy\" width=\"160\" height=\"100\" border=\"0\" src=\"https://s01.riotpixels.net/data/5c/64/5c6451a0-16fa-46be-85f5-b8f61e38a4e5.jpg.240p.jpg\"></a><a target=\"_blank\" href=\"https://en.riotpixels.com/games/last-friend/screenshots/2/?utm_source=emb-gfx-html&amp;utm_medium=image&amp;utm_campaign=rp-mass\" rel=\"noopener\"><img loading=\"lazy\" width=\"160\" height=\"100\" border=\"0\" src=\"https://s01.riotpixels.net/data/07/36/073670ec-6120-4990-8213-ea5abe001253.jpg.240p.jpg\"></a><a target=\"_blank\" href=\"https://en.riotpixels.com/games/last-friend/screenshots/1/?utm_source=emb-gfx-html&amp;utm_medium=image&amp;utm_campaign=rp-mass\" rel=\"noopener\"><img loading=\"lazy\" width=\"160\" height=\"100\" border=\"0\" src=\"https://s01.riotpixels.net/data/f9/20/f9204f97-c843-4aa7-80af-98dc3c7ece30.jpg.240p.jpg\"></a></p><h3>Repack Features</h3><ul><li>Based on The.Last.Friend-PLAZA ISO release: plaza-the.last.friend.iso (697,171,968 bytes)</li><li>100% Lossless &amp; MD5 Perfect: all files are identical to originals after installation</li><li>NOTHING ripped, NOTHING re-encoded</li><li>Significantly smaller archive size (compressed from 665 to 411 MB)</li><li>Installation takes two minutes</li><li>After-install integrity check so you could make sure that everything installed properly</li><li>HDD space after installation: 3.4 GB (5.4 GB during installation)</li><li>At least 2 GB of free RAM (inc. virtual) required for installing this repack</li></ul><div ><div><h2>Game Description</h2></div><div >In a world that has become yet another post-apocalyptic future where humanity is distracted by chaos, destruction, rampant mutants and a thing called surviving, something even more sinister is afoot\u2026<p>The World\u2019s doggos are disappearing!</p><p>Now enters Alpha (you) who at an early age lost his man\u2019s best friend\u2026</p><p>While traveling the wastelands he comes across some mutants up to no good dognapping a lost puppy!</p><p>During this battle he discovers has the ability to understand what the pup can say and his name is T. Juan!</p><p>Now T. Juan joins Alpha on this grand adventure looking for answers about what truly has happened to all the doggos.</p><p>It\u2019s time to join them and put dem paws to the pavement! Woof!</p><p><b><h3>Game Features</h3></b></p><ul><li><b>Got to Pet them All:</b> From the warm and fluffy Newfoundland who has a healing passive, the Tibetan Mastiff with a beast mode unlocked, and to the ever charismatic Beagle, it\u2019s up to you to rescue these fearless pups and then set them loose on the bad guys!</li><li><b>Welcome to the World, Pup:</b> The world has changed and some could even say it\u2019s gone to the dog house\u2026WOOF, get ready to explore deserted badlands, ruined cities, a military base or two and not to mention forgotten jungles teeming with challenges as you set out in an upgradable RV!</li><li><b>Who let the \u2018Brawl\u2019 out:</b> It\u2019s a dog eat dog world out there so best bring your best when it comes to going all paws with the various bad guys you\u2019ll be sure to face!</li><li><b>A Unique Bark on Tower Defense:</b> Your bite isn\u2019t your only defense when dealing with overly tanned mutants, electrifying enemies, and one or two tofu aficionados!</li><li>From super soakers, steel walls, and wire traps you\u2019ll have your pick of the litter when it comes to offensive and defensive options to protect your yard!</li></ul></div></div>             </div>"
}