{
    "link": "https://fitgirl-repacks.site/the-big-con/",
    "title": "The Big Con",
    "first_img": "https://i1.imageban.ru/out/2021/09/01/ca71b919484338327bb0f9a371d7e9ed.jpg",
    "second_img": "https://s01.riotpixels.net/data/b3/f8/b3f88b89-f0ce-4681-a718-88dba0ab0e8d.jpg.240p.jpg",
    "body": "<div ><h2>The Big Con</h2><p ><div><a target=\"_blank\" href=\"https://en.riotpixels.com/games/big-con/\" rel=\"noopener\"><img class=\"alignleft\" width=\"150\" src=\"https://i1.imageban.ru/out/2021/09/01/ca71b919484338327bb0f9a371d7e9ed.jpg\"></a></div><br>Genres/Tags: <strong>Adventure, Isometric, 2D</strong><br>Companies: <strong>Mighty Yell, Skybound Games</strong><br>Languages: <strong>ENG/MULTI6</strong><br>Original Size: <strong>719 MB</strong><br>Repack Size: <strong>345 MB</strong></p>&nbsp;<div>&nbsp;</div><h3>Download Mirrors</h3><ul><li><a href=\"https://1337x.to/torrent/4970005/The-Big-Con-MULTi6-FitGirl-Repack/\" target=\"_blank\" rel=\"noopener\">1337x</a> | [<a href=\"magnet:?xt=urn:btih:45F8115B29676D75BF75DC9F3F3A390A9E0D3784&amp;dn=The+Big+Con+%28MULTi6%29+%5BFitGirl+Repack%5D&amp;tr=udp%3A%2F%2F46.148.18.250%3A2710&amp;tr=udp%3A%2F%2Fopentor.org%3A2710&amp;tr=udp%3A%2F%2Ftracker.coppersurfer.tk%3A6969%2Fannounce&amp;tr=udp%3A%2F%2Ftracker.opentrackr.org%3A1337%2Fannounce&amp;tr=http%3A%2F%2Ftracker.dler.org%3A6969%2Fannounce&amp;tr=udp%3A%2F%2Ftracker.leechers-paradise.org%3A6969%2Fannounce&amp;tr=udp%3A%2F%2F9.rarbg.me%3A2730%2Fannounce&amp;tr=udp%3A%2F%2F9.rarbg.to%3A2770%2Fannounce&amp;tr=udp%3A%2F%2Ftracker.pirateparty.gr%3A6969%2Fannounce&amp;tr=http%3A%2F%2Fretracker.local%2Fannounce&amp;tr=http%3A%2F%2Fretracker.ip.ncnet.ru%2Fannounce&amp;tr=udp%3A%2F%2Fexodus.desync.com%3A6969%2Fannounce&amp;tr=udp%3A%2F%2Fipv4.tracker.harry.lu%3A80%2Fannounce&amp;tr=udp%3A%2F%2Fopen.stealth.si%3A80%2Fannounce&amp;tr=udp%3A%2F%2Ftracker.zer0day.to%3A1337%2Fannounce&amp;tr=udp%3A%2F%2Ftracker.leechers-paradise.org%3A6969%2Fannounce&amp;tr=udp%3A%2F%2Fcoppersurfer.tk%3A6969%2Fannounce\">magnet</a>] [<a href=\"https://pastefg.hermietkreeft.site/?38722e0feb24aac0#5GfJybNtfBMrsQBZLfEVtfmaryrfJe5MdmvqifoCCtpf\" target=\"_blank\" rel=\"noopener\">.torrent file only</a>] <br><img src=\"https://torrent-stats.info/dc9f/3eed1c37a.png\" style=\"display:block;clear:both\"></li><li><a href=\"https://tapochek.net/viewtopic.php?p=2797919\" target=\"_blank\" rel=\"noopener\">Tapochek.net</a></li><li><a href=\"https://pastefg.hermietkreeft.site/?b3286c944293ebb6#874jfCRGFaSY5tew9arjAkwNP8MBNsuC6EugVNWxJLL8\" target=\"_blank\" rel=\"noopener\">Filehoster: MultiUpload</a> (10+ hosters, interchangeable) [Use <a href=\"http://jdownloader.org/jdownloader2\" target=\"_blank\" rel=\"noopener\">JDownloader2</a>]</li><li><a href=\"https://pastefg.hermietkreeft.site/?b66a5e15af3da0ae#BVBTJfadkdcTemeV4hzvzCgtyGN6e1ruumLqbygkPFh2\" target=\"_blank\" rel=\"noopener\">Filehoster: PixelDrain</a></li><li><a href=\"https://pastefg.hermietkreeft.site/?92e37a7dc6699fbe#BWAELTB3gRE9QhwAU5AaA97J2gKL7hTYn2d63ymdHQnG\" target=\"_blank\" rel=\"noopener\">Filehoster: ZippyShare</a></li><li><a href=\"https://pastefg.hermietkreeft.site/?b8ad177de2492154#AeikXdmTqWnwZ9GEvZehuDXUVq9KWEdjpdf5GFzKFKVY\" target=\"_blank\" rel=\"noopener\">Filehoster: LetsUpload</a> [Use <a href=\"http://jdownloader.org/jdownloader2\" target=\"_blank\" rel=\"noopener\">JDownloader2</a>]</li><li><a href=\"https://pastefg.hermietkreeft.site/?11c4ad6e4d83ba03#BRqXcNvDALq3Rvt8Qj9iDDjuGnXiWLZFL4J1qj8Css6j\" target=\"_blank\" rel=\"noopener\">Filehoster: OneDrive</a> (Uploaded by DyR0 t(-_-t), NOT compatible with other mirrors)</li></ul><p><a href=\"https://cs.rin.ru/forum/viewtopic.php?f=10&amp;t=99318\" target=\"_blank\" rel=\"noopener\">Discussion and (possible) future updates on CS.RIN.RU thread</a></p><h3>Screenshots (Click to enlarge)</h3><p><a target=\"_blank\" href=\"https://en.riotpixels.com/games/big-con/screenshots/12/?utm_source=emb-gfx-html&amp;utm_medium=image&amp;utm_campaign=rp-mass\" rel=\"noopener\"><img loading=\"lazy\" width=\"178\" height=\"100\" border=\"0\" src=\"https://s01.riotpixels.net/data/b3/f8/b3f88b89-f0ce-4681-a718-88dba0ab0e8d.jpg.240p.jpg\"></a><a target=\"_blank\" href=\"https://en.riotpixels.com/games/big-con/screenshots/11/?utm_source=emb-gfx-html&amp;utm_medium=image&amp;utm_campaign=rp-mass\" rel=\"noopener\"><img loading=\"lazy\" width=\"178\" height=\"100\" border=\"0\" src=\"https://s01.riotpixels.net/data/1c/97/1c973034-0f0e-44c1-9540-cbb80c2a1a81.jpg.240p.jpg\"></a><a target=\"_blank\" href=\"https://en.riotpixels.com/games/big-con/screenshots/9/?utm_source=emb-gfx-html&amp;utm_medium=image&amp;utm_campaign=rp-mass\" rel=\"noopener\"><img loading=\"lazy\" width=\"178\" height=\"100\" border=\"0\" src=\"https://s01.riotpixels.net/data/af/1d/af1d0fe5-d4cb-404e-90ab-e337a9d266f7.jpg.240p.jpg\"></a><br><a target=\"_blank\" href=\"https://en.riotpixels.com/games/big-con/screenshots/6/?utm_source=emb-gfx-html&amp;utm_medium=image&amp;utm_campaign=rp-mass\" rel=\"noopener\"><img loading=\"lazy\" width=\"178\" height=\"100\" border=\"0\" src=\"https://s01.riotpixels.net/data/24/d2/24d2b8e3-ffef-4cec-8276-3be2e1fa75a3.jpg.240p.jpg\"></a><a target=\"_blank\" href=\"https://en.riotpixels.com/games/big-con/screenshots/5/?utm_source=emb-gfx-html&amp;utm_medium=image&amp;utm_campaign=rp-mass\" rel=\"noopener\"><img loading=\"lazy\" width=\"178\" height=\"100\" border=\"0\" src=\"https://s01.riotpixels.net/data/d6/06/d6067076-beb1-447a-9b4e-5a74553eb4a3.jpg.240p.jpg\"></a><a target=\"_blank\" href=\"https://en.riotpixels.com/games/big-con/screenshots/1/?utm_source=emb-gfx-html&amp;utm_medium=image&amp;utm_campaign=rp-mass\" rel=\"noopener\"><img loading=\"lazy\" width=\"178\" height=\"100\" border=\"0\" src=\"https://s01.riotpixels.net/data/cf/32/cf327d9f-b5e6-4619-b065-b7955cbcc378.jpg.240p.jpg\"></a></p><h3>Repack Features</h3><ul><li>Based on The.Big.Con-DARKSiDERS ISO release: ds-thebigcon.iso (754,286,592 bytes)</li><li>100% Lossless &amp; MD5 Perfect: all files are identical to originals after installation</li><li>NOTHING ripped, NOTHING re-encoded</li><li>Significantly smaller archive size (compressed from 719 to 345 MB)</li><li>Installation takes 8 minutes</li><li>After-install integrity check so you could make sure that everything installed properly</li><li>HDD space after installation: 1.1 GB (4.2 GB during installation)</li><li>Language can be changed in game settings</li><li>At least 2 GB of free RAM (inc. virtual) required for installing this repack</li></ul><div ><div><h2>Game Description</h2></div><div >Hustle and grift your way across America in the \u201890s as a teenage con artist on a crime-filled road trip adventure.<p>Play as Ali, a curious and sarcastic high schooler who ditches band camp to go on a cross-country road trip. But this isn\u2019t a joyride! Ali is on an all-important mission to save her family video store from the nasty loan sharks trying to shut their shop down.</p><p>Swindle strangers, pickpocket people, and con commoners across a wacky America of the \u201890s. And \u2013 it should go without saying \u2013 lie to your mom about all of it. Choose who deserves to be conned and who might need a helping hand. The world is your oyster (and hey, pearls are worth a lot!).</p><p><b>One Con Doesn\u2019t Fool All</b><br>Con people your way! Wear disguises, sneak around, eavesdrop on conversations, and learn how to approach each mark. Maybe you think you can make enough cheddar just by pickpocketing. Or seek out more complex grifts that involve breaking and entering, smooth talking, and more. It\u2019s up to you to outsmart everyone and lockpick everything that stands between you and saving your mom\u2019s video store.</p><p><b>A Coming-of-Age Comedy</b><br>If there\u2019s one surefire way to discover yourself, it\u2019s by setting out on an adventure. Luckily for you, you\u2019ve got the aid of an expert grifter to coach you in the elusive art of charm. But a life of crime is no laughing matter! Not unless you turn on the laugh track and make it a criminally funny sitcom. Get ready to talk your way into deals, hearts, and trouble. And don\u2019t forget to call home every once in a while to check in with your mom. Sure, you might argue with her sometimes (most of the time?), but you\u2019re a teenager \u2013 that\u2019s kind of your job!</p><p><b>The Weird and Wack 1990s the Way You Remember Them</b><br>Whether you were a \u201890s kid or not, this game is brimming with nostalgia. It offers you the perfect opportunity to relive your own awkward high school years, or if you sadly missed out on the \u201890s, finally experience all of the classic teen movies that feel so old and outdated. Plaid, payphones, VHS tapes, and malls \u2013 THE BIG CON has got all of the outrageous fads you remember (and some you want to forget) from the 1990s.</p><p>But most importantly \u2013 you can ride the Hormipillar as much as you want!</p></div></div>             </div>"
}