{
    "link": "https://fitgirl-repacks.site/the-wonderful-101-remastered/",
    "title": "The Wonderful 101: Remastered \u2013 v1.0.5 + 2 DLCs",
    "first_img": "https://i6.imageban.ru/out/2021/08/28/d4f99594e09a05cc1ab540853e3f429a.jpg",
    "second_img": "https://s01.riotpixels.net/data/cd/78/cd787e08-e5d1-4116-bcc4-74b4510a500e.jpg.240p.jpg",
    "body": "<div ><h2>The Wonderful 101: Remastered \u2013 v1.0.5 + 2 DLCs</h2><p ><div><a target=\"_blank\" href=\"http://en.riotpixels.com/games/wonderful-101/\" rel=\"noopener\"><img class=\"alignleft\" width=\"150\" src=\"https://i6.imageban.ru/out/2021/08/28/d4f99594e09a05cc1ab540853e3f429a.jpg\"></a></div><br>Genres/Tags: <strong>Arcade, Beat \u2019em up (Brawler), Isometric, 3D</strong><br>Company: <strong>PlatinumGames</strong><br>Languages: <strong>ENG/MULTI6</strong><br>Original Size: <strong>9.1 GB</strong><br>Repack Size: <strong>from 4.1 GB</strong> [Selective Download]</p>&nbsp;<div>&nbsp;</div><h3>Download Mirrors</h3><ul><li><a href=\"https://1337x.to/torrent/4967099/The-Wonderful-101-Remastered-v1-0-5-2-DLCs-MULTi6-FitGirl-Repack-Selective-Download-from-4-1-GB/\" target=\"_blank\" rel=\"noopener\">1337x</a> | [<a href=\"magnet:?xt=urn:btih:BACFC47E8F10CA80C59689042FFF3503C9578888&amp;dn=The+Wonderful+101%3A+Remastered+%28v1.0.5+%2B+2+DLCs%2C+MULTi6%29+%5BFitGirl+Repack%2C+Selective+Download+-+from+4.1+GB%5D&amp;tr=udp%3A%2F%2F46.148.18.250%3A2710&amp;tr=udp%3A%2F%2Fopentor.org%3A2710&amp;tr=udp%3A%2F%2Ftracker.coppersurfer.tk%3A6969%2Fannounce&amp;tr=udp%3A%2F%2Ftracker.opentrackr.org%3A1337%2Fannounce&amp;tr=http%3A%2F%2Ftracker.dler.org%3A6969%2Fannounce&amp;tr=udp%3A%2F%2Ftracker.leechers-paradise.org%3A6969%2Fannounce&amp;tr=udp%3A%2F%2F9.rarbg.me%3A2730%2Fannounce&amp;tr=udp%3A%2F%2F9.rarbg.to%3A2770%2Fannounce&amp;tr=udp%3A%2F%2Ftracker.pirateparty.gr%3A6969%2Fannounce&amp;tr=http%3A%2F%2Fretracker.local%2Fannounce&amp;tr=http%3A%2F%2Fretracker.ip.ncnet.ru%2Fannounce&amp;tr=udp%3A%2F%2Fexodus.desync.com%3A6969%2Fannounce&amp;tr=udp%3A%2F%2Fipv4.tracker.harry.lu%3A80%2Fannounce&amp;tr=udp%3A%2F%2Fopen.stealth.si%3A80%2Fannounce&amp;tr=udp%3A%2F%2Ftracker.zer0day.to%3A1337%2Fannounce&amp;tr=udp%3A%2F%2Ftracker.leechers-paradise.org%3A6969%2Fannounce&amp;tr=udp%3A%2F%2Fcoppersurfer.tk%3A6969%2Fannounce\">magnet</a>] [<a href=\"https://pastefg.hermietkreeft.site/?565adfc87c298275#8DVeqx97HWQnxMqgzACzbnyspfXeGLiW1Ang182dMZPg\" target=\"_blank\" rel=\"noopener\">.torrent file only</a>] <br><img src=\"https://torrent-stats.info/8904/270ca7970.png\" style=\"display:block;clear:both\"></li><li><a href=\"https://tapochek.net/viewtopic.php?p=2784538\" target=\"_blank\" rel=\"noopener\">Tapochek.net</a></li><li><a href=\"https://pastefg.hermietkreeft.site/?16c700782b2e3ec0#FXEp6p9hA3FLqSnPNEyqAzW7k9oY6xmAPmHiZoCr4Jzf\" target=\"_blank\" rel=\"noopener\">Filehoster: MultiUpload</a> (10+ hosters, interchangeable) [Use <a href=\"http://jdownloader.org/jdownloader2\" target=\"_blank\" rel=\"noopener\">JDownloader2</a>]</li><li><a href=\"https://pastefg.hermietkreeft.site/?eb5b668585b00ec1#2yH53Gw7wwkqquvMjirnNWKKsU7mTALvCJ9UgfAcLjGH\" target=\"_blank\" rel=\"noopener\">Filehoster: PixelDrain</a></li><li><a href=\"https://pastefg.hermietkreeft.site/?793079d249c3085c#AyHDDUUuj7ERgGTFunL3PPQd9FGmSiLEdipeTFa4txvZ\" target=\"_blank\" rel=\"noopener\">Filehoster: LetsUpload</a> [Use <a href=\"http://jdownloader.org/jdownloader2\" target=\"_blank\" rel=\"noopener\">JDownloader2</a>]</li><li><a href=\"https://pastefg.hermietkreeft.site/?42e276b3c7fecb7b#38ba9qCtw7nmfmPgtNhFqixDZzxHJbWGaMBzEeHYyTEZ\" target=\"_blank\" rel=\"noopener\">Filehoster: OneDrive</a> (Uploaded by DyR0 t(-_-t), NOT compatible with other mirrors)</li></ul><p><a href=\"https://cs.rin.ru/forum/viewtopic.php?f=10&amp;t=103518\" target=\"_blank\" rel=\"noopener\">Discussion and (possible) future updates on CS.RIN.RU thread</a></p><h3>Screenshots (Click to enlarge)</h3><p><a target=\"_blank\" href=\"http://en.riotpixels.com/games/wonderful-101/screenshots/73/?utm_source=emb-gfx-html&amp;utm_medium=image&amp;utm_campaign=rp-mass\" rel=\"noopener\"><img loading=\"lazy\" width=\"178\" height=\"100\" border=\"0\" src=\"https://s01.riotpixels.net/data/cd/78/cd787e08-e5d1-4116-bcc4-74b4510a500e.jpg.240p.jpg\"></a><a target=\"_blank\" href=\"http://en.riotpixels.com/games/wonderful-101/screenshots/71/?utm_source=emb-gfx-html&amp;utm_medium=image&amp;utm_campaign=rp-mass\" rel=\"noopener\"><img loading=\"lazy\" width=\"177\" height=\"100\" border=\"0\" src=\"https://s01.riotpixels.net/data/53/ee/53ee54e8-5b86-47ad-a4b3-ae5867f7603e.jpg.240p.jpg\"></a><a target=\"_blank\" href=\"http://en.riotpixels.com/games/wonderful-101/screenshots/50/?utm_source=emb-gfx-html&amp;utm_medium=image&amp;utm_campaign=rp-mass\" rel=\"noopener\"><img loading=\"lazy\" width=\"178\" height=\"100\" border=\"0\" src=\"https://s01.riotpixels.net/data/8c/15/8c15029f-0094-4562-8a35-9d9d0e368b5f.jpg.240p.jpg\"></a><br><a target=\"_blank\" href=\"http://en.riotpixels.com/games/wonderful-101/screenshots/32/?utm_source=emb-gfx-html&amp;utm_medium=image&amp;utm_campaign=rp-mass\" rel=\"noopener\"><img loading=\"lazy\" width=\"178\" height=\"100\" border=\"0\" src=\"https://s01.riotpixels.net/data/fb/15/fb157dd2-3952-4370-ab29-76a40e5e9fe5.jpg.240p.jpg\"></a><a target=\"_blank\" href=\"http://en.riotpixels.com/games/wonderful-101/screenshots/24/?utm_source=emb-gfx-html&amp;utm_medium=image&amp;utm_campaign=rp-mass\" rel=\"noopener\"><img loading=\"lazy\" width=\"178\" height=\"100\" border=\"0\" src=\"https://s01.riotpixels.net/data/7e/af/7eaffd21-1ac6-4081-b93e-400f51ab1683.jpg.240p.jpg\"></a><a target=\"_blank\" href=\"http://en.riotpixels.com/games/wonderful-101/screenshots/4/?utm_source=emb-gfx-html&amp;utm_medium=image&amp;utm_campaign=rp-mass\" rel=\"noopener\"><img loading=\"lazy\" width=\"178\" height=\"100\" border=\"0\" src=\"https://s01.riotpixels.net/data/58/48/58481999-d6a8-4134-a399-5c118be03348.jpg.240p.jpg\"></a></p><h3>Repack Features</h3><ul><li>Based on The.Wonderful.101.Remastered.The.Prince.Vorkken-CODEX scene ISO release: codex-the.wonderful.101.remastered.the.prince.vorkken.iso (9,797,304,320 bytes)</li><li>Game version is v1.0.5; 2 DLCs (Free Time Attack and The Prince Vorkken) are included and activated</li><li>100% Lossless &amp; MD5 Perfect: all files are identical to originals after installation</li><li>NOTHING ripped, NOTHING re-encoded</li><li>Selective Download feature: you may skip downloading and installing of credits and trailer videos</li><li>Significantly smaller archive size (compressed from 9.1 to 4.1~6.2 GB, depending on selected components)</li><li>Installation takes: ~17 minutes on 8-threads CPU; ~30 minutes on 4-threads CPU</li><li>After-install integrity check so you could make sure that everything installed properly</li><li>HDD space after installation: up to 10 GB</li><li>Language can be changed in game settings</li><li>Repack uses XTool library by Razor12911</li><li>At least 2 GB of free RAM (inc. virtual) required for installing this repack</li></ul><div ><div><h2>Game Description</h2></div><div >A team of heroes from around the world must UNITE to protect the earth from vicious alien invaders! This band of 100 Wonderful Ones works together using their fantastic abilities to create a variety of forms. Whether it be a giant fist or a sharp blade, they\u2019ll use their wits and power to overcome the enemy\u2019s pitfalls and perils! And the final member of this team of courageous heroes\u2014is you.<p>From PlatinumGames, creators of the Bayonetta series, ASTRAL CHAIN, NieR:Automata, and Metal Gear Rising: Revengeance, comes The Wonderful 101: Remastered! This game will be PlatinumGames\u2019 first self-published title, and is a powered-up version of The Wonderful 101, originally released by Nintendo on September 15th, 2013 as a Wii U exclusive.</p><p>The Wonderful 101: Remastered offers the unprecedented ability to control 100 heroes at once, with the flowing controls and dynamic action that are the PlatinumGames hallmark. It\u2019s all brought together by a pulse pounding tale of heroic bravery and friendship standing tall against evil, and is PlatinumGames\u2019 most ambitious offering to date.</p></div></div><p><b>Backwards Compatibility</b></p><p>This repack is HEAVILY backwards compatible with my previous W101R repack. The only changed files are setup.exe and fg-05.bin, everything else can be rehashed. So you need to download only 34 MB of changed data.</p>             </div>"
}