{
    "link": "https://fitgirl-repacks.site/the-rewinder/",
    "title": "The Rewinder \u2013 v1.26.5",
    "first_img": "https://i5.imageban.ru/out/2021/09/10/96ec615e8e3c74d3088e17a3918c1cf9.jpg",
    "second_img": "https://s01.riotpixels.net/data/36/3f/363ff5a4-ce03-48a5-940a-3c78766f1b6a.jpg.240p.jpg",
    "body": "<div ><h2>The Rewinder \u2013 v1.26.5</h2><p ><div><a target=\"_blank\" href=\"https://en.riotpixels.com/games/rewinder/\" rel=\"noopener\"><img class=\"alignleft\" width=\"150\" src=\"https://i5.imageban.ru/out/2021/09/10/96ec615e8e3c74d3088e17a3918c1cf9.jpg\"></a></div><br>Genres/Tags: <strong>Adventure, Puzzle-Solving, Medieval, Side, Retro, 2D</strong><br>Companies: <strong>MistyMountainStudio, Gamera Game</strong><br>Languages: <strong>ENG/MULTI3</strong><br>Original Size: <strong>2.1 GB</strong><br>Repack Size: <strong>801 MB</strong></p>&nbsp;<div>&nbsp;</div><h3>Download Mirrors</h3><ul><li><a href=\"https://1337x.to/torrent/4980035/The-Rewinder-v1-26-5-MULTi3-FitGirl-Repack/\" target=\"_blank\" rel=\"noopener\">1337x</a> | [<a href=\"magnet:?xt=urn:btih:D6DC13A83E06AC2A6380D29519B21D385778E832&amp;dn=The+Rewinder+%28v1.26.5%2C+MULTi3%29+%5BFitGirl+Repack%5D&amp;tr=udp%3A%2F%2F46.148.18.250%3A2710&amp;tr=udp%3A%2F%2Fopentor.org%3A2710&amp;tr=udp%3A%2F%2Ftracker.coppersurfer.tk%3A6969%2Fannounce&amp;tr=udp%3A%2F%2Ftracker.opentrackr.org%3A1337%2Fannounce&amp;tr=http%3A%2F%2Ftracker.dler.org%3A6969%2Fannounce&amp;tr=udp%3A%2F%2Ftracker.leechers-paradise.org%3A6969%2Fannounce&amp;tr=udp%3A%2F%2F9.rarbg.me%3A2730%2Fannounce&amp;tr=udp%3A%2F%2F9.rarbg.to%3A2770%2Fannounce&amp;tr=udp%3A%2F%2Ftracker.pirateparty.gr%3A6969%2Fannounce&amp;tr=http%3A%2F%2Fretracker.local%2Fannounce&amp;tr=http%3A%2F%2Fretracker.ip.ncnet.ru%2Fannounce&amp;tr=udp%3A%2F%2Fexodus.desync.com%3A6969%2Fannounce&amp;tr=udp%3A%2F%2Fipv4.tracker.harry.lu%3A80%2Fannounce&amp;tr=udp%3A%2F%2Fopen.stealth.si%3A80%2Fannounce&amp;tr=udp%3A%2F%2Ftracker.zer0day.to%3A1337%2Fannounce&amp;tr=udp%3A%2F%2Ftracker.leechers-paradise.org%3A6969%2Fannounce&amp;tr=udp%3A%2F%2Fcoppersurfer.tk%3A6969%2Fannounce\">magnet</a>] [<a href=\"https://pastefg.hermietkreeft.site/?7bc9c4e148c0f139#GPAD71MesDShvjdpofLWTFqegonV5R4oEKM75wwzYyy7\" target=\"_blank\" rel=\"noopener\">.torrent file only</a>] <br><img src=\"https://torrent-stats.info/d295/3c35fa3b3.png\" style=\"display:block;clear:both\"></li><li><a href=\"https://tapochek.net/viewtopic.php?p=2799582\" target=\"_blank\" rel=\"noopener\">Tapochek.net</a></li><li><a href=\"https://pastefg.hermietkreeft.site/?6a975667f480c6da#5NpWjGcqzxL84A3LYhb8tmJUsHE4R5ygDTh2s4hUttr2\" target=\"_blank\" rel=\"noopener\">Filehoster: MultiUpload</a> (10+ hosters, interchangeable) [Use <a href=\"http://jdownloader.org/jdownloader2\" target=\"_blank\" rel=\"noopener\">JDownloader2</a>]</li><li><a href=\"https://pastefg.hermietkreeft.site/?f58eba09a83d7191#4SCnamHmLjUU4M8iPaA5WWi6GLAvcuHFzt9bocWVjVu9\" target=\"_blank\" rel=\"noopener\">Filehoster: PixelDrain</a></li><li><a href=\"https://pastefg.hermietkreeft.site/?af5840f6e9ed5dc2#7GpnhqAUr49M8FGVTWauqN1Tw2NKJnXZixosBXxV3eMS\" target=\"_blank\" rel=\"noopener\">Filehoster: ZippyShare</a></li><li><a href=\"https://pastefg.hermietkreeft.site/?1f201d5bd6210cd0#sbBjLpbdfainFpomS1a4mAUZHK7XTs75TV2JxMt64JX\" target=\"_blank\" rel=\"noopener\">Filehoster: LetsUpload</a> [Use <a href=\"http://jdownloader.org/jdownloader2\" target=\"_blank\" rel=\"noopener\">JDownloader2</a>]</li><li><a href=\"https://pastefg.hermietkreeft.site/?64118394d33d8f98#GHVBfY8PvMnvDH8GBWJv2rb78ZoLXg9MgMgLNcH39knr\" target=\"_blank\" rel=\"noopener\">Filehoster: OneDrive</a> (Uploaded by DyR0 t(-_-t), NOT compatible with other mirrors)</li></ul><p><a href=\"https://cs.rin.ru/forum/viewtopic.php?f=10&amp;t=101619\" target=\"_blank\" rel=\"noopener\">Discussion and (possible) future updates on CS.RIN.RU thread</a></p><h3>Screenshots (Click to enlarge)</h3><p><a target=\"_blank\" href=\"https://en.riotpixels.com/games/rewinder/screenshots/10/?utm_source=emb-gfx-html&amp;utm_medium=image&amp;utm_campaign=rp-mass\" rel=\"noopener\"><img loading=\"lazy\" width=\"178\" height=\"100\" border=\"0\" src=\"https://s01.riotpixels.net/data/36/3f/363ff5a4-ce03-48a5-940a-3c78766f1b6a.jpg.240p.jpg\"></a><a target=\"_blank\" href=\"https://en.riotpixels.com/games/rewinder/screenshots/7/?utm_source=emb-gfx-html&amp;utm_medium=image&amp;utm_campaign=rp-mass\" rel=\"noopener\"><img loading=\"lazy\" width=\"178\" height=\"100\" border=\"0\" src=\"https://s01.riotpixels.net/data/13/75/1375fe94-3613-4d0b-b657-232b22cf35ae.jpg.240p.jpg\"></a><a target=\"_blank\" href=\"https://en.riotpixels.com/games/rewinder/screenshots/6/?utm_source=emb-gfx-html&amp;utm_medium=image&amp;utm_campaign=rp-mass\" rel=\"noopener\"><img loading=\"lazy\" width=\"178\" height=\"100\" border=\"0\" src=\"https://s01.riotpixels.net/data/5d/c1/5dc1b6e2-6307-4bd0-9f3f-87b7d6d71934.jpg.240p.jpg\"></a><br><a target=\"_blank\" href=\"https://en.riotpixels.com/games/rewinder/screenshots/4/?utm_source=emb-gfx-html&amp;utm_medium=image&amp;utm_campaign=rp-mass\" rel=\"noopener\"><img loading=\"lazy\" width=\"178\" height=\"100\" border=\"0\" src=\"https://s01.riotpixels.net/data/0f/ed/0fed8f34-93fe-4472-964e-96bec29f90ad.jpg.240p.jpg\"></a><a target=\"_blank\" href=\"https://en.riotpixels.com/games/rewinder/screenshots/3/?utm_source=emb-gfx-html&amp;utm_medium=image&amp;utm_campaign=rp-mass\" rel=\"noopener\"><img loading=\"lazy\" width=\"182\" height=\"100\" border=\"0\" src=\"https://s01.riotpixels.net/data/0c/81/0c81cb44-5781-4aa5-ab57-9a02a075f371.jpg.240p.jpg\"></a><a target=\"_blank\" href=\"https://en.riotpixels.com/games/rewinder/screenshots/1/?utm_source=emb-gfx-html&amp;utm_medium=image&amp;utm_campaign=rp-mass\" rel=\"noopener\"><img loading=\"lazy\" width=\"178\" height=\"100\" border=\"0\" src=\"https://s01.riotpixels.net/data/14/b6/14b67a9d-7d6d-44c4-b582-0c9222cb1aad.jpg.240p.jpg\"></a></p><h3>Repack Features</h3><ul><li>Based on The.Rewinder-TiNYiSO ISO release: tn-therewinder.iso (2,223,695,872 bytes)</li><li>100% Lossless &amp; MD5 Perfect: all files are identical to originals after installation</li><li>NOTHING ripped, NOTHING re-encoded</li><li>Significantly smaller archive size (compressed from 2.1 GB to 801 MB)</li><li>Installation takes one minute</li><li>After-install integrity check so you could make sure that everything installed properly</li><li>HDD space after installation: 4.5 GB</li><li>Language can be changed in game settings</li><li>At least 2 GB of free RAM (inc. virtual) required for installing this repack</li></ul><div ><div><h2>Game Description</h2></div><div ><b>INSPIRED BY CHINESE FOLKLORE</b><br>The Rewinder is a 2D puzzle adventure game inspired by traditional Chinese folklore.<p>The game uses pixel art to mimic the aesthetics of Chinese ink paintings. Players will get to meet mythological figures such as the Spirit Wardens, the Ox-head and Horse-face Guardians of the Beyond, and the Tudi Gong (Keeper of the Land).</p><p><b>ALTER THE TIMELINE</b><br>The player takes on the role of Qi Yun, a \u201crewinder\u201d who has the ability to enter people\u2019s memories and influence their actions. By utilizing \u201csenses\u201d and swaying others\u2019 \u201cintentions\u201d, he can change history.</p><p><b>UNRAVEL A MYSTERY</b><br>At the request of the Spirit Wardens, Qi Yun goes to a small village to investigate why a spirit couldn\u2019t be reincarnated. The once thriving village has been deserted and filled with resentful spirits, leaving one woman alone in the teahouse. Who\u2019s she waiting for? Where did all the other villagers go? What really happened seven years ago?</p></div></div>             </div>"
}