{
    "link": "https://fitgirl-repacks.site/the-sin-collector-repentless/",
    "title": "The Sin Collector: Repentless + Bonus OST",
    "first_img": "https://i7.imageban.ru/out/2021/11/10/073da1ddb4b143e709bef5d69ccee363.jpg",
    "second_img": "https://s01.riotpixels.net/data/ea/17/ea1769df-4155-4268-86aa-262a43f57f05.jpg.240p.jpg",
    "body": "<div ><h2>The Sin Collector: Repentless + Bonus OST</h2><p ><div><a target=\"_blank\" href=\"https://en.riotpixels.com/games/sin-collector-repentless/\" rel=\"noopener\"><img class=\"alignleft\" width=\"150\" src=\"https://i7.imageban.ru/out/2021/11/10/073da1ddb4b143e709bef5d69ccee363.jpg\"></a></div><br>Genres/Tags: <strong>Interactive fiction, Visual novel, Side, 2D</strong><br>Company: <strong>Sylen Studio</strong><br>Languages: <strong>ENG/POL</strong><br>Original Size: <strong>2 GB</strong><br>Repack Size: <strong>from 769 MB</strong> [Selective Download]</p>&nbsp;<div>&nbsp;</div><h3>Download Mirrors</h3><ul><li><a href=\"https://1337x.to/torrent/5046768/The-Sin-Collector-Repentless-Bonus-OST-ENG-POL-FitGirl-Repack-Selective-Download-from-769-MB/\" target=\"_blank\" rel=\"noopener\">1337x</a> | [<a href=\"magnet:?xt=urn:btih:314EB7B2BE0D2E51B83F36388619C12C058DB008&amp;dn=The+Sin+Collector%3A+Repentless+%28%2B+Bonus+OST%2C+ENG%2FPOL%29+%5BFitGirl+Repack%2C+Selective+Download+-+from+769+MB%5D&amp;tr=udp%3A%2F%2F46.148.18.250%3A2710&amp;tr=udp%3A%2F%2Fopentor.org%3A2710&amp;tr=udp%3A%2F%2Ftracker.coppersurfer.tk%3A6969%2Fannounce&amp;tr=udp%3A%2F%2Ftracker.opentrackr.org%3A1337%2Fannounce&amp;tr=http%3A%2F%2Ftracker.dler.org%3A6969%2Fannounce&amp;tr=udp%3A%2F%2Ftracker.leechers-paradise.org%3A6969%2Fannounce&amp;tr=udp%3A%2F%2F9.rarbg.me%3A2730%2Fannounce&amp;tr=udp%3A%2F%2F9.rarbg.to%3A2770%2Fannounce&amp;tr=udp%3A%2F%2Ftracker.pirateparty.gr%3A6969%2Fannounce&amp;tr=http%3A%2F%2Fretracker.local%2Fannounce&amp;tr=http%3A%2F%2Fretracker.ip.ncnet.ru%2Fannounce&amp;tr=udp%3A%2F%2Fexodus.desync.com%3A6969%2Fannounce&amp;tr=udp%3A%2F%2Fipv4.tracker.harry.lu%3A80%2Fannounce&amp;tr=udp%3A%2F%2Fopen.stealth.si%3A80%2Fannounce&amp;tr=udp%3A%2F%2Ftracker.zer0day.to%3A1337%2Fannounce&amp;tr=udp%3A%2F%2Ftracker.leechers-paradise.org%3A6969%2Fannounce&amp;tr=udp%3A%2F%2Fcoppersurfer.tk%3A6969%2Fannounce\">magnet</a>] [<a href=\"https://pastefg.hermietkreeft.site/?37db9b6259ccce00#A8STUG2QtGW2nQLDGiaVNU4yHAP1AeH8sz442Pcumy1c\" target=\"_blank\" rel=\"noopener\">.torrent file only</a>] <br><img src=\"https://torrent-stats.info/3638/fc236c00.png\" style=\"display:block;clear:both\"></li><li><a href=\"https://tapochek.net/viewtopic.php?p=2811131\" target=\"_blank\" rel=\"noopener\">Tapochek.net</a></li><li><a href=\"https://pastefg.hermietkreeft.site/?e758db7537788c43#Ahy4RFMGJgUtHVgiW6CGdSoCCc7t6xiWr1TvTBFLCsW8\" target=\"_blank\" rel=\"noopener\">Filehoster: MultiUpload</a> (10+ hosters, interchangeable) [Use <a href=\"http://jdownloader.org/jdownloader2\" target=\"_blank\" rel=\"noopener\">JDownloader2</a>]</li><li><a href=\"https://pastefg.hermietkreeft.site/?9084f622f14266d1#74XFEnTNHWYzYfZpWZigjXrryBTox3eaw2uu4xUqbXLG\" target=\"_blank\" rel=\"noopener\">Filehoster: ZippyShare</a></li><li><a href=\"https://pastefg.hermietkreeft.site/?46c00f7dfae6f08d#7QSuqBuatTFk1bjWQyhn2AncSuUMW2j3oKzDUi4ASCaF\" target=\"_blank\" rel=\"noopener\">Filehoster: BayFiles</a></li><li><a href=\"https://pastefg.hermietkreeft.site/?5174f60dcb05560d#Bh838Q5WUtrw2nBAM1y472bqbB3AECEN5Vy72R73vG9p\" target=\"_blank\" rel=\"noopener\">Filehoster: LetsUpload</a> [Use <a href=\"http://jdownloader.org/jdownloader2\" target=\"_blank\" rel=\"noopener\">JDownloader2</a>]</li><li><a href=\"https://pastefg.hermietkreeft.site/?7b81fafc0efadfe8#6zTqGhrirVEaLGrmJx9QxE14PmsxdT3PiQiZJLvt6SJq\" target=\"_blank\" rel=\"noopener\">Filehoster: OneDrive</a> (Uploaded by DyR0 t(-_-t), NOT compatible with other mirrors)</li><p><!--  <li><a href=\"\" target=\"_blank\" rel=\"noopener\">Filehosters: Google Drive, OneDrive + others</a> (Uploaded by crackhub213)</li>  --></p></ul><p><a href=\"https://cs.rin.ru/forum/viewtopic.php?f=10&amp;t=117148\" target=\"_blank\" rel=\"noopener\">Discussion and (possible) future updates on CS.RIN.RU thread</a></p><h3>Screenshots (Click to enlarge)</h3><p><a target=\"_blank\" href=\"https://en.riotpixels.com/games/sin-collector-repentless/screenshots/11/?utm_source=emb-gfx-html&amp;utm_medium=image&amp;utm_campaign=rp-mass\" rel=\"noopener\"><img loading=\"lazy\" width=\"178\" height=\"100\" border=\"0\" src=\"https://s01.riotpixels.net/data/ea/17/ea1769df-4155-4268-86aa-262a43f57f05.jpg.240p.jpg\"></a><a target=\"_blank\" href=\"https://en.riotpixels.com/games/sin-collector-repentless/screenshots/7/?utm_source=emb-gfx-html&amp;utm_medium=image&amp;utm_campaign=rp-mass\" rel=\"noopener\"><img loading=\"lazy\" width=\"178\" height=\"100\" border=\"0\" src=\"https://s01.riotpixels.net/data/7b/96/7b96abb6-841d-4e4a-bb4a-76969f77a51c.jpg.240p.jpg\"></a><a target=\"_blank\" href=\"https://en.riotpixels.com/games/sin-collector-repentless/screenshots/5/?utm_source=emb-gfx-html&amp;utm_medium=image&amp;utm_campaign=rp-mass\" rel=\"noopener\"><img loading=\"lazy\" width=\"178\" height=\"100\" border=\"0\" src=\"https://s01.riotpixels.net/data/2c/a3/2ca3d28f-da63-48bd-b8fd-20b2928a3818.jpg.240p.jpg\"></a><br><a target=\"_blank\" href=\"https://en.riotpixels.com/games/sin-collector-repentless/screenshots/4/?utm_source=emb-gfx-html&amp;utm_medium=image&amp;utm_campaign=rp-mass\" rel=\"noopener\"><img loading=\"lazy\" width=\"178\" height=\"100\" border=\"0\" src=\"https://s01.riotpixels.net/data/d9/69/d9696302-effb-4f0a-b5f4-33b66dd60e84.jpg.240p.jpg\"></a><a target=\"_blank\" href=\"https://en.riotpixels.com/games/sin-collector-repentless/screenshots/2/?utm_source=emb-gfx-html&amp;utm_medium=image&amp;utm_campaign=rp-mass\" rel=\"noopener\"><img loading=\"lazy\" width=\"178\" height=\"100\" border=\"0\" src=\"https://s01.riotpixels.net/data/d8/32/d8321162-a531-4c56-bd17-63c5f60a7162.jpg.240p.jpg\"></a><a target=\"_blank\" href=\"https://en.riotpixels.com/games/sin-collector-repentless/screenshots/1/?utm_source=emb-gfx-html&amp;utm_medium=image&amp;utm_campaign=rp-mass\" rel=\"noopener\"><img loading=\"lazy\" width=\"178\" height=\"100\" border=\"0\" src=\"https://s01.riotpixels.net/data/95/59/955958b1-3abb-4e15-9035-a362a87958bc.jpg.240p.jpg\"></a></p><h3>Repack Features</h3><ul><li>Based on The_Sin_Collector_Repentless-Razor1911 ISO release: rzr-thesincollector.iso (2,104,066,048 bytes)</li><li>100% Lossless &amp; MD5 Perfect: all files are identical to originals after installation</li><li>Bonus OST in FLAC format ripped (MP3 left intact), NOTHING re-encoded</li><li>Selective Download feature: you may skip downloading and installing of bonus soundtrack and Polish videos</li><li>Significantly smaller archive size (compressed from 2 GB to 769~957 MB, depending on selected components)</li><li>Installation takes 1-2 minutes (depending on your system)</li><li>After-install integrity check so you could make sure that everything installed properly</li><li>HDD space after installation: up to 2.9 GB</li><li>Language can be changed by copying \u201cpakchunk1-WindowsNoEditor.pak\u201d from \u201c_Polish\u201d folder to \u201cSinCollector\\Content\\Paks\u201d</li><li>At least 2 GB of free RAM (inc. virtual) required for installing this repack</li></ul><div ><div><h2>Game Description</h2></div><div ><p><b>The End is Here!</b><br>An Apocalypse which is bloody real, bloody Biblical and bleeding mad.</p><p>Nations are in free-fall and at each other\u2019s throats, brother fighting brother, children raising armed hands against their elders. Though it was clear the world was about to be annihilated, a glitch occurred and instead of a thermonuclear megaton bomb all we got was a damp party popper. No one wanted to go and die, you see \u2013 even if they were promised Life Eternal in brightly colored advertising campaigns, people decided not to play along with the End of Times.</p><p>This is why the Heavens sent down a newly appointed team of Sin Collectors \u2013 chosen by (Them) At The Top only God knows why and how, these mortals surrendered their lives to go hunting and executing Debtors for sins committed. Taught the noble art of gladius fighting, these warriors \u2013 watched over by their Supervising Angels \u2013 wander the post-Apocalyptic world, doing their best to finish a job so dirty not even the mighty Heavenly Host could pull it off.</p><p><b>THE SIN COLLECTOR: REPENTLESS</b> is a game on the border of a visual novel and a classic text RPG, set in the world of The Sin Collector, a series of books written by Micha\u0142 Go\u0142kowski. Action takes place a couple of years before the events presented in the books.</p><p><b><h3>Game Features</h3></b></p><ul><li><b>BECOME</b> Aniketos \u2013 a Sin Collector serving Them At The Top, striving to clear up the remains of our world of sinners and bring the half-baked Apocalypse to an (un)happy conclusion.</li><li><b>ADVENTURE</b> across a post-apocalyptic world rendered in beautiful illustrations \u2013 from the streets of a burnt-out Warsaw to the unwelcoming and uncharted lands of the Reverse.</li><li><b>DISCOVER</b> a new chapter in the fan-favorite Sin Collector book trilogy as you wander through a world created by Micha\u0142 Go\u0142kowski.</li><li><b>SURVIVE</b> in a world doomed to destruction, making decisions which are not always morally sound or sane.</li><li><b>CREATE</b> your own playing style, deciding what characteristics, skills and equipment your hero will have at his disposal.</li></ul></div></div>             </div>"
}