{
    "link": "https://fitgirl-repacks.site/the-great-ace-attorney-chronicles/",
    "title": "The Great Ace Attorney Chronicles + Additional Art & Music from the Vaults DLC",
    "first_img": "https://i7.imageban.ru/out/2021/07/27/4b9f7d7d8633e9cb971a2917af43e0f5.jpg",
    "second_img": "https://s01.riotpixels.net/data/9e/22/9e226b00-536e-4c76-86ea-d44c3668f5ce.jpg.240p.jpg",
    "body": "<div ><h2>The Great Ace Attorney Chronicles + Additional Art & Music from the Vaults DLC</h2><p ><div><a target=\"_blank\" href=\"https://en.riotpixels.com/games/great-ace-attorney-chronicles/\" rel=\"noopener\"><img class=\"alignleft\" width=\"150\" src=\"https://i7.imageban.ru/out/2021/07/27/4b9f7d7d8633e9cb971a2917af43e0f5.jpg\"></a></div><br>Genres/Tags: <strong>Adventure, Point-and-click, First-person, 3D</strong><br>Company: <strong>CAPCOM Co., Ltd.</strong><br>Language: <strong>ENG</strong><br>Original Size: <strong>4.7 GB</strong><br>Repack Size: <strong>from 1.5 GB</strong> [Selective Download]</p>&nbsp;<div>&nbsp;</div><h3>Download Mirrors</h3><ul><li><a href=\"https://1337x.to/torrent/4934019/The-Great-Ace-Attorney-Chronicles-DLC-FitGirl-Repack-Selective-Download-from-1-5-GB/\" target=\"_blank\" rel=\"noopener\">1337x</a> | [<a href=\"magnet:?xt=urn:btih:DC72D6DFA1F3808DF4C4E6635EFAC19099D283BA&amp;dn=The+Great+Ace+Attorney+Chronicles+%28%2B+DLC%29+%5BFitGirl+Repack%2C+Selective+Download+-+from+1.5+GB%5D&amp;tr=udp%3A%2F%2F46.148.18.250%3A2710&amp;tr=udp%3A%2F%2Fopentor.org%3A2710&amp;tr=udp%3A%2F%2Ftracker.coppersurfer.tk%3A6969%2Fannounce&amp;tr=udp%3A%2F%2Ftracker.opentrackr.org%3A1337%2Fannounce&amp;tr=http%3A%2F%2Ftracker.dler.org%3A6969%2Fannounce&amp;tr=udp%3A%2F%2Ftracker.leechers-paradise.org%3A6969%2Fannounce&amp;tr=udp%3A%2F%2F9.rarbg.me%3A2730%2Fannounce&amp;tr=udp%3A%2F%2F9.rarbg.to%3A2770%2Fannounce&amp;tr=udp%3A%2F%2Ftracker.pirateparty.gr%3A6969%2Fannounce&amp;tr=http%3A%2F%2Fretracker.local%2Fannounce&amp;tr=http%3A%2F%2Fretracker.ip.ncnet.ru%2Fannounce&amp;tr=udp%3A%2F%2Fexodus.desync.com%3A6969%2Fannounce&amp;tr=udp%3A%2F%2Fipv4.tracker.harry.lu%3A80%2Fannounce&amp;tr=udp%3A%2F%2Fopen.stealth.si%3A80%2Fannounce&amp;tr=udp%3A%2F%2Ftracker.zer0day.to%3A1337%2Fannounce&amp;tr=udp%3A%2F%2Ftracker.leechers-paradise.org%3A6969%2Fannounce&amp;tr=udp%3A%2F%2Fcoppersurfer.tk%3A6969%2Fannounce\">magnet</a>] [<a href=\"https://pastefg.hermietkreeft.site/?53d8857c86fb2528#97StEau8fX9is9WYyoZ4Z73hWGL6DZGw5caAY7nuHz4K\" target=\"_blank\" rel=\"noopener\">.torrent file only</a>] <br><img src=\"https://torrent-stats.info/e663/4136b66c4.png\" style=\"display:block;clear:both\"></li><li><a href=\"https://tapochek.net/viewtopic.php?p=2791234\" target=\"_blank\" rel=\"noopener\">Tapochek.net</a></li><li><a href=\"https://pastefg.hermietkreeft.site/?6473a6aea2fdbd80#9SLhRoyWZZjqv9SMGkGWdmW1xsXVLoBopMZTgNMznuPb\" target=\"_blank\" rel=\"noopener\">Filehoster: MultiUpload</a> (10+ hosters, interchangeable) [Use <a href=\"http://jdownloader.org/jdownloader2\" target=\"_blank\" rel=\"noopener\">JDownloader2</a>]</li><li><a href=\"https://pastefg.hermietkreeft.site/?d07a143e5aed7df2#9Ukt37RCCt1u1bXrHpJn2NTCeLpUSMayXjByZ9deyvwg\" target=\"_blank\" rel=\"noopener\">Filehoster: PixelDrain</a></li><li><a href=\"https://pastefg.hermietkreeft.site/?02f2834f9bff984c#fxkq2byJY4yJu8CnAeZz5YSyWfEyFxRC4ymD76r1qee\" target=\"_blank\" rel=\"noopener\">Filehoster: ZippyShare</a></li><li><a href=\"https://pastefg.hermietkreeft.site/?40f6e2e6ed23488f#4v9W5KGRqpqaLszvmYmUtCLFF4PZpku6qgrVgd9syesy\" target=\"_blank\" rel=\"noopener\">Filehoster: LetsUpload</a> [Use <a href=\"http://jdownloader.org/jdownloader2\" target=\"_blank\" rel=\"noopener\">JDownloader2</a>]</li><li><a href=\"https://crackhub.site/the-great-ace-attorney-chronicles-additional-art-music-from-the-vaults-dlc-fitgirl-repack/\" target=\"_blank\" rel=\"noopener\">Filehosters: Google Drive, OneDrive + others</a> (Uploaded by crackhub213)</li><li><a href=\"https://pastefg.hermietkreeft.site/?29deb9f69cd175f7#yu3cDLnqKVx6gV465MDHBgQKPyWqWCkMQYqPNxEKPNU\" target=\"_blank\" rel=\"noopener\">Filehoster: OneDrive</a> (Uploaded by DyR0 t(-_-t), NOT compatible with other mirrors)</li></ul><p><a href=\"https://cs.rin.ru/forum/viewtopic.php?f=10&amp;t=112851\" target=\"_blank\" rel=\"noopener\">Discussion and (possible) future updates on CS.RIN.RU thread</a></p><h3>Screenshots (Click to enlarge)</h3><p><a target=\"_blank\" href=\"https://en.riotpixels.com/games/great-ace-attorney-chronicles/screenshots/8/?utm_source=emb-gfx-html&amp;utm_medium=image&amp;utm_campaign=rp-mass\" rel=\"noopener\"><img loading=\"lazy\" width=\"178\" height=\"100\" border=\"0\" src=\"https://s01.riotpixels.net/data/9e/22/9e226b00-536e-4c76-86ea-d44c3668f5ce.jpg.240p.jpg\"></a><a target=\"_blank\" href=\"https://en.riotpixels.com/games/great-ace-attorney-chronicles/screenshots/7/?utm_source=emb-gfx-html&amp;utm_medium=image&amp;utm_campaign=rp-mass\" rel=\"noopener\"><img loading=\"lazy\" width=\"178\" height=\"100\" border=\"0\" src=\"https://s01.riotpixels.net/data/37/cc/37cc489b-6843-4e4f-9996-30ed827ff821.jpg.240p.jpg\"></a><a target=\"_blank\" href=\"https://en.riotpixels.com/games/great-ace-attorney-chronicles/screenshots/6/?utm_source=emb-gfx-html&amp;utm_medium=image&amp;utm_campaign=rp-mass\" rel=\"noopener\"><img loading=\"lazy\" width=\"178\" height=\"100\" border=\"0\" src=\"https://s01.riotpixels.net/data/64/06/6406bfb3-cbf4-416a-95a5-4da22099fb40.jpg.240p.jpg\"></a><br><a target=\"_blank\" href=\"https://en.riotpixels.com/games/great-ace-attorney-chronicles/screenshots/5/?utm_source=emb-gfx-html&amp;utm_medium=image&amp;utm_campaign=rp-mass\" rel=\"noopener\"><img loading=\"lazy\" width=\"178\" height=\"100\" border=\"0\" src=\"https://s01.riotpixels.net/data/2c/53/2c53f83f-1c2b-448c-b945-47f2dc4b1769.jpg.240p.jpg\"></a><a target=\"_blank\" href=\"https://en.riotpixels.com/games/great-ace-attorney-chronicles/screenshots/4/?utm_source=emb-gfx-html&amp;utm_medium=image&amp;utm_campaign=rp-mass\" rel=\"noopener\"><img loading=\"lazy\" width=\"178\" height=\"100\" border=\"0\" src=\"https://s01.riotpixels.net/data/11/e7/11e75859-5d6a-4016-ab4f-7603d6919985.jpg.240p.jpg\"></a><a target=\"_blank\" href=\"https://en.riotpixels.com/games/great-ace-attorney-chronicles/screenshots/3/?utm_source=emb-gfx-html&amp;utm_medium=image&amp;utm_campaign=rp-mass\" rel=\"noopener\"><img loading=\"lazy\" width=\"178\" height=\"100\" border=\"0\" src=\"https://s01.riotpixels.net/data/a4/d3/a4d3603a-5847-4fd4-8a69-8bb576f5d3b4.jpg.240p.jpg\"></a></p><h3>Repack Features</h3><ul><li>Based on The.Great.Ace.Attorney.Chronicles-CODEX ISO release: codex-the.great.ace.attorney.chronicles.iso (5,016,092,672 bytes)</li><li>Additional Art &amp; Music from the Vaults DLC is included and activated</li><li>100% Lossless &amp; MD5 Perfect: all files are identical to originals after installation (when installed with optional videos)</li><li>NOTHING ripped, NOTHING re-encoded</li><li>Selective Download feature: you may skip downloading and installing of optional videos pack, which includes credits and \u201cSpecial Contents\u201d videos (<a href=\"https://www.youtube.com/watch?v=NiHdI6N5Ymc\" target=\"_blank\" rel=\"noopener\">\u201cThe Great Special Trial</a>\u201c, \u201cSpecial Trial 2017\u201d and <a href=\"https://www.youtube.com/watch?v=0uKfGaZVJdo&amp;list=PL5SkNj4wlN5IoTUc-DKFa1NeNXdTKvl7t\" target=\"_blank\" rel=\"noopener\">13 videos of \u201cRyunosuke Naruhodo\u2019s Seven Days of Sin\u201d</a>)</li><li>Significantly smaller archive size (compressed from 4.7 to 1.5/3.9 GB)</li><li>Installation takes 2-4 minutes</li><li>After-install integrity check so you could make sure that everything installed properly</li><li>HDD space after installation: up to 5.7 GB</li><li>Repack uses XTool library by Razor12911</li><li>At least 2 GB of free RAM (inc. virtual) required for installing this repack</li></ul><div ><div><h2>Game Description</h2></div><div >Immerse yourself in a dramatic yet charming and witty world of evidence-gathering, deduction and courtroom battles with this double-pack of the adventures of rookie lawyer Ryunosuke.<p>Set in late 19th century Japan and England, each title features five murder-mystery episodes filled with all the drama, laughs, twists, and \u201cturnabouts\u201d you\u2019ve come to expect from the legally labyrinthine legacy of Ace Attorney. Join Ryunosuke Naruhodo, ancestor of series mainstay Phoenix Wright, as he attempts to uncover the secrets behind an international criminal conspiracy and solve a hauntingly baffling cold case, while tackling a series of tricky trials along the way. Dozens of hours of attorney action awaits you!</p><p>In the course of each case, you\u2019ll speak to witnesses, examine evidence and clues, and attempt to deduce the dastardly intent behind the crime before proceeding to the courtroom. In court, you will hear testimonies, cross-examine witnesses, and present evidence. And of course, it wouldn\u2019t be an Ace Attorney game if you couldn\u2019t shout \u201cOBJECTION!\u201d when you know you\u2019ve got the facts and evidence needed to contradict the prosecution\u2019s claims and prove your client\u2019s innocence.</p><p>The game includes a convenient assistance feature in case you hit a dead end in your investigation, so even if this is your first Ace Attorney game, you can get into your amateur sleuthing adventures with ease! Will you be able to crack these clever cases? The game is afoot!</p></div></div>             </div>"
}