{
    "link": "https://fitgirl-repacks.site/the-addams-family-mansion-mayhem/",
    "title": "The Addams Family: Mansion Mayhem",
    "first_img": "https://i7.imageban.ru/out/2021/09/26/f79b3e45ef3b2f557ffc42a4560b731c.jpg",
    "second_img": "https://s01.riotpixels.net/data/be/37/be37c6ea-b139-461b-ad02-fd2a24e4f3fa.jpg.240p.jpg",
    "body": "<div ><h2>The Addams Family: Mansion Mayhem</h2><p ><div><a target=\"_blank\" href=\"https://en.riotpixels.com/games/addams-family-mansion-mayhem/\" rel=\"noopener\"><img class=\"alignleft\" width=\"150\" src=\"https://i7.imageban.ru/out/2021/09/26/f79b3e45ef3b2f557ffc42a4560b731c.jpg\"></a></div><br>Genres/Tags: <strong>Arcade, Isometric, 3D</strong><br>Companies: <strong>PHL Collective, Outright Games</strong><br>Languages: <strong>RUS/ENG/MULTI11</strong><br>Original Size: <strong>957 MB</strong><br>Repack Size: <strong>589 MB</strong></p>&nbsp;<div>&nbsp;</div><h3>Download Mirrors</h3><ul><li><a href=\"https://1337x.to/torrent/4996593/The-Addams-Family-Mansion-Mayhem-MULTi11-FitGirl-Repack/\" target=\"_blank\" rel=\"noopener\">1337x</a> | [<a href=\"magnet:?xt=urn:btih:2F6BEC9843AD897952B20E130EF6B3A1095CB31B&amp;dn=The+Addams+Family%3A+Mansion+Mayhem+%28MULTi11%29+%5BFitGirl+Repack%5D&amp;tr=udp%3A%2F%2F46.148.18.250%3A2710&amp;tr=udp%3A%2F%2Fopentor.org%3A2710&amp;tr=udp%3A%2F%2Ftracker.coppersurfer.tk%3A6969%2Fannounce&amp;tr=udp%3A%2F%2Ftracker.opentrackr.org%3A1337%2Fannounce&amp;tr=http%3A%2F%2Ftracker.dler.org%3A6969%2Fannounce&amp;tr=udp%3A%2F%2Ftracker.leechers-paradise.org%3A6969%2Fannounce&amp;tr=udp%3A%2F%2F9.rarbg.me%3A2730%2Fannounce&amp;tr=udp%3A%2F%2F9.rarbg.to%3A2770%2Fannounce&amp;tr=udp%3A%2F%2Ftracker.pirateparty.gr%3A6969%2Fannounce&amp;tr=http%3A%2F%2Fretracker.local%2Fannounce&amp;tr=http%3A%2F%2Fretracker.ip.ncnet.ru%2Fannounce&amp;tr=udp%3A%2F%2Fexodus.desync.com%3A6969%2Fannounce&amp;tr=udp%3A%2F%2Fipv4.tracker.harry.lu%3A80%2Fannounce&amp;tr=udp%3A%2F%2Fopen.stealth.si%3A80%2Fannounce&amp;tr=udp%3A%2F%2Ftracker.zer0day.to%3A1337%2Fannounce&amp;tr=udp%3A%2F%2Ftracker.leechers-paradise.org%3A6969%2Fannounce&amp;tr=udp%3A%2F%2Fcoppersurfer.tk%3A6969%2Fannounce\">magnet</a>] [<a href=\"https://pastefg.hermietkreeft.site/?ffd56f00d17ce845#GnTe9wNfRYjkyrNfskX4J9TjvG3yz5gSfGkc9rRCTsBq\" target=\"_blank\" rel=\"noopener\">.torrent file only</a>] <br><img src=\"https://torrent-stats.info/0001/49718.png\" style=\"display:block;clear:both\"></li><li><a href=\"http://rutor.info/torrent/836494/the-addams-family-mansion-mayhem-2021-pc-repack-ot-fitgirl\" target=\"_blank\" rel=\"noopener\">RuTor</a> [<a href=\"magnet:?xt=urn:btih:2f6bec9843ad897952b20e130ef6b3a1095cb31b&amp;dn=rutor.info_The+Addams+Family%3A+Mansion+Mayhem+%282021%29+PC+%7C+RePack+%D0%BE%D1%82+FitGirl&amp;tr=udp://opentor.net:6969&amp;tr=udp://opentor.org:2710&amp;tr=http://retracker.local/announce\">magnet</a>]</li><li><a href=\"https://tapochek.net/viewtopic.php?p=2802559\" target=\"_blank\" rel=\"noopener\">Tapochek.net</a></li><li><a href=\"https://pastefg.hermietkreeft.site/?b67d0ead15a47d5d#yHuY1HHikybZqiXSdrtwGY7pmMrMv9TwT8oo6A68XUd\" target=\"_blank\" rel=\"noopener\">Filehoster: MultiUpload</a> (10+ hosters, interchangeable) [Use <a href=\"http://jdownloader.org/jdownloader2\" target=\"_blank\" rel=\"noopener\">JDownloader2</a>]</li><li><a href=\"https://pastefg.hermietkreeft.site/?bfd7d1f33fcf405b#6mcak537WNDQwiiByuLUP6uAySNAZ8dvNQLjLP6tpHZ5\" target=\"_blank\" rel=\"noopener\">Filehoster: PixelDrain</a></li><li><a href=\"https://pastefg.hermietkreeft.site/?5541375e8b17a1d9#Gate2Zngy1aqCkpARNsJNH6Y26TudHWB8Q5CT9K7e94L\" target=\"_blank\" rel=\"noopener\">Filehoster: ZippyShare</a></li><li><a href=\"https://pastefg.hermietkreeft.site/?2f5ece7b25658b5f#8ZkawEhHN2aiwdWf1rbN6XyydwXE2b9E2j8tJQMzM57f\" target=\"_blank\" rel=\"noopener\">Filehoster: LetsUpload</a> [Use <a href=\"http://jdownloader.org/jdownloader2\" target=\"_blank\" rel=\"noopener\">JDownloader2</a>]</li><li><a href=\"https://pastefg.hermietkreeft.site/?f7ecd16a40e6e03c#zQiM2ZRd9r1FHuu5NhSdRusSgcKrVzuARoCnK8FxhrX\" target=\"_blank\" rel=\"noopener\">Filehoster: OneDrive</a> (Uploaded by DyR0 t(-_-t), NOT compatible with other mirrors)</li></ul><p><a href=\"https://cs.rin.ru/forum/viewtopic.php?f=10&amp;t=113923\" target=\"_blank\" rel=\"noopener\">Discussion and (possible) future updates on CS.RIN.RU thread</a></p><h3>Screenshots (Click to enlarge)</h3><p><a target=\"_blank\" href=\"https://en.riotpixels.com/games/addams-family-mansion-mayhem/screenshots/11/?utm_source=emb-gfx-html&amp;utm_medium=image&amp;utm_campaign=rp-mass\" rel=\"noopener\"><img loading=\"lazy\" width=\"178\" height=\"100\" border=\"0\" src=\"https://s01.riotpixels.net/data/be/37/be37c6ea-b139-461b-ad02-fd2a24e4f3fa.jpg.240p.jpg\"></a><a target=\"_blank\" href=\"https://en.riotpixels.com/games/addams-family-mansion-mayhem/screenshots/9/?utm_source=emb-gfx-html&amp;utm_medium=image&amp;utm_campaign=rp-mass\" rel=\"noopener\"><img loading=\"lazy\" width=\"178\" height=\"100\" border=\"0\" src=\"https://s01.riotpixels.net/data/8e/6b/8e6bcb18-0356-4378-bcd2-dbcbe87e6adc.jpg.240p.jpg\"></a><a target=\"_blank\" href=\"https://en.riotpixels.com/games/addams-family-mansion-mayhem/screenshots/8/?utm_source=emb-gfx-html&amp;utm_medium=image&amp;utm_campaign=rp-mass\" rel=\"noopener\"><img loading=\"lazy\" width=\"178\" height=\"100\" border=\"0\" src=\"https://s01.riotpixels.net/data/2a/45/2a455740-a076-4540-8053-354abba85230.jpg.240p.jpg\"></a><br><a target=\"_blank\" href=\"https://en.riotpixels.com/games/addams-family-mansion-mayhem/screenshots/7/?utm_source=emb-gfx-html&amp;utm_medium=image&amp;utm_campaign=rp-mass\" rel=\"noopener\"><img loading=\"lazy\" width=\"178\" height=\"100\" border=\"0\" src=\"https://s01.riotpixels.net/data/9d/95/9d95403d-cdcc-4702-89fa-cfb2afdf4a9a.jpg.240p.jpg\"></a><a target=\"_blank\" href=\"https://en.riotpixels.com/games/addams-family-mansion-mayhem/screenshots/3/?utm_source=emb-gfx-html&amp;utm_medium=image&amp;utm_campaign=rp-mass\" rel=\"noopener\"><img loading=\"lazy\" width=\"178\" height=\"100\" border=\"0\" src=\"https://s01.riotpixels.net/data/61/8c/618c3749-06d3-4ed3-a096-5db098b8d0f1.jpg.240p.jpg\"></a><a target=\"_blank\" href=\"https://en.riotpixels.com/games/addams-family-mansion-mayhem/screenshots/1/?utm_source=emb-gfx-html&amp;utm_medium=image&amp;utm_campaign=rp-mass\" rel=\"noopener\"><img loading=\"lazy\" width=\"178\" height=\"100\" border=\"0\" src=\"https://s01.riotpixels.net/data/97/67/97674acc-370f-493f-ad02-8bad974b06ff.jpg.240p.jpg\"></a></p><h3>Repack Features</h3><ul><li>Based on The.Addams.Family.Mansion.Mayhem-CODEX ISO release: codex-the.addams.family.mansion.mayhem.iso (1,003,618,304 bytes)</li><li>100% Lossless &amp; MD5 Perfect: all files are identical to originals after installation</li><li>NOTHING ripped, NOTHING re-encoded</li><li>Significantly smaller archive size (compressed from 957 to 589 MB)</li><li>Installation takes one minute</li><li>After-install integrity check so you could make sure that everything installed properly</li><li>HDD space after installation: 2.8 GB</li><li>Language can be changed in game settings</li><li>At least 2 GB of free RAM (inc. virtual) required for installing this repack</li></ul><div ><div><h2>Game Description</h2></div><div >Family game night is about to get terrifyingly exciting! Only you and your friends can help Wednesday, Pugsley, Gomez, and Morticia Addams save the Addams Family Mansion in this hilarious new 3D platforming adventure for up to four players.<p>Explore the mansion\u2019s darkest depths and magical mysteries like never before, to discover secrets and save the legendary house. Use each iconic character\u2019s special abilities, like Gomez\u2019s Mazurka Saber or Wednesday\u2019s pet octopus Socrates, to solve puzzles and find relics that reveal the mansion\u2019s hair-raising history. Play with and against friends in competitive multiplayer mini-games that will have you bumping and jumping over each other to win.</p><p>It\u2019s hideous, it\u2019s horrible, it\u2019s home \u2013 so get together and save the Addams Family Mansion for a frighteningly good time!</p><p><b><h3>Game Features</h3></b></p><ul><li><b>JOIN THE FAMILY:</b> Experience the kooky world of the Addams Family in an original story based on the hit animated movie!</li><li><b>SAVE THE MANSION:</b> Piece together the horrifically exciting history of the Addams Family Mansion in a 3D platforming adventure!</li><li><b>COMPETITIVE MINIGAMES:</b> Jump, bump and slash your way to victory!</li><li><b>SOLO OR TOGETHER:</b> Explore the Addams Mansion alone, or with up to 4 players on the same screen!</li></ul></div></div>             </div>"
}