{
    "link": "https://fitgirl-repacks.site/the-elder-scrolls-v-skyrim-anniversary-edition/",
    "title": "The Elder Scrolls V: Skyrim \u2013 Anniversary Edition \u2013 v1.6.318.0.8 + All DLCs + CC Mods + Bonus Content",
    "first_img": "https://i3.imageban.ru/out/2021/11/13/4335e67a7643196e5f4d69d729b3bd7c.jpg",
    "second_img": "https://s01.riotpixels.net/data/35/92/359234e8-a560-4741-a5d7-b789ee313dcb.jpg.240p.jpg",
    "body": "<div ><h2>The Elder Scrolls V: Skyrim \u2013 Anniversary Edition \u2013 v1.6.318.0.8 + All DLCs + CC Mods + Bonus Content</h2><p ><div><a target=\"_blank\" href=\"https://en.riotpixels.com/games/elder-scrolls-5-skyrim-anniversary-edition/\" rel=\"noopener\"><img class=\"alignleft\" width=\"150\" src=\"https://i3.imageban.ru/out/2021/11/13/4335e67a7643196e5f4d69d729b3bd7c.jpg\"></a></div><br>Genres/Tags: <strong>Adventure, Open world, RPG, First-person, Third-person, 3D</strong><br>Companies: <strong>Bethesda Game Studios, Bethesda Softworks</strong><br>Languages: <strong>RUS/ENG/MULTI9</strong><br>Original Size: <strong>52.8 GB</strong><br>Repack Size: <strong>from 9.6 GB</strong></p>&nbsp;<div>&nbsp;</div><h3>Download Mirrors</h3><ul><li><a href=\"https://1337x.to/torrent/5049902/The-Elder-Scrolls-V-Skyrim-Anniversary-Edition-v1-6-318-0-8-All-DLCs-CC-Mods-Bonus-Content-MULTi9-FitGirl-Repack-Selective-Download-from-9-6-GB/\" target=\"_blank\" rel=\"noopener\">1337x</a> | [<a href=\"magnet:?xt=urn:btih:055C45BB77D38CC59D17A964FB222078BF25B9A4&amp;dn=The+Elder+Scrolls+V%3A+Skyrim+-+Anniversary+Edition+%28v1.6.318.0.8+%2B+All+DLCs+%2B+CC+Mods+%2B+Bonus+Content%2C+MULTi9%29+%5BFitGirl+Repack%2C+Selective+Download+-+from+9.6+GB%5D&amp;tr=udp%3A%2F%2F46.148.18.250%3A2710&amp;tr=udp%3A%2F%2Fopentor.org%3A2710&amp;tr=udp%3A%2F%2Ftracker.coppersurfer.tk%3A6969%2Fannounce&amp;tr=udp%3A%2F%2Ftracker.opentrackr.org%3A1337%2Fannounce&amp;tr=http%3A%2F%2Ftracker.dler.org%3A6969%2Fannounce&amp;tr=udp%3A%2F%2Ftracker.leechers-paradise.org%3A6969%2Fannounce&amp;tr=udp%3A%2F%2F9.rarbg.me%3A2730%2Fannounce&amp;tr=udp%3A%2F%2F9.rarbg.to%3A2770%2Fannounce&amp;tr=udp%3A%2F%2Ftracker.pirateparty.gr%3A6969%2Fannounce&amp;tr=http%3A%2F%2Fretracker.local%2Fannounce&amp;tr=http%3A%2F%2Fretracker.ip.ncnet.ru%2Fannounce&amp;tr=udp%3A%2F%2Fexodus.desync.com%3A6969%2Fannounce&amp;tr=udp%3A%2F%2Fipv4.tracker.harry.lu%3A80%2Fannounce&amp;tr=udp%3A%2F%2Fopen.stealth.si%3A80%2Fannounce&amp;tr=udp%3A%2F%2Ftracker.zer0day.to%3A1337%2Fannounce&amp;tr=udp%3A%2F%2Ftracker.leechers-paradise.org%3A6969%2Fannounce&amp;tr=udp%3A%2F%2Fcoppersurfer.tk%3A6969%2Fannounce\">magnet</a>] [<a href=\"https://pastefg.hermietkreeft.site/?efca7a8c35340190#6XED88SFxBDVzzNTtjae27uRtNFmyU4gLvTkmGBxyghQ\" target=\"_blank\" rel=\"noopener\">.torrent file only</a>] <br><img src=\"https://torrent-stats.info/a964/3148bf80c.png\" style=\"display:block;clear:both\"></li><li><a href=\"http://rutor.info/torrent/845253/the-elder-scrolls-v-skyrim-anniversary-edition-v-1.6.318.0.8-dlcs-cc-mods-bonus-2016-pc-repack-ot-fitgirl\" target=\"_blank\" rel=\"noopener\">RuTor</a> [<a href=\"magnet:?xt=urn:btih:055c45bb77d38cc59d17a964fb222078bf25b9a4&amp;dn=rutor.info_The+Elder+Scrolls+V%3A+Skyrim+-+Anniversary+Edition+%5Bv+1.6.318.0.8+%2B+DLCs+%2B+CC+Mods+%2B+Bonus%5D+%282016%29+PC+%7C+RePack+%D0%BE%D1%82+FitGirl&amp;tr=udp://opentor.net:6969&amp;tr=udp://opentor.org:2710&amp;tr=http://retracker.local/announce\">magnet</a>]</li><li><a href=\"https://tapochek.net/viewtopic.php?p=2812030\" target=\"_blank\" rel=\"noopener\">Tapochek.net</a></li><li><a href=\"https://pastefg.hermietkreeft.site/?e1d20e6133aaf985#7sYu7kUzJigGpj99djXA9zcbKTaP89b48i4ud3NUGzq1\" target=\"_blank\" rel=\"noopener\">Filehoster: MultiUpload</a> (10+ hosters, interchangeable) [Use <a href=\"http://jdownloader.org/jdownloader2\" target=\"_blank\" rel=\"noopener\">JDownloader2</a>]</li><li><a href=\"https://pastefg.hermietkreeft.site/?f29b92b6eb337a57#5zzUkW6CfkrsZ6cqe5a2PPt6KgQNTcJX11jBoomnBhUu\" target=\"_blank\" rel=\"noopener\">Filehoster: ZippyShare</a></li><li><a href=\"https://pastefg.hermietkreeft.site/?e29200369ad25a26#AYr8rt68Dp3gSZ1KSNhxuRMCYKpSGfuT6ChCnZ9Mp5h\" target=\"_blank\" rel=\"noopener\">Filehoster: BayFiles</a></li><li><a href=\"https://pastefg.hermietkreeft.site/?0e41a818887479c8#7qss35bCndJ4bDmN5f7YoA4WMYpkPEpC6di2HpWUsKRs\" target=\"_blank\" rel=\"noopener\">Filehoster: LetsUpload</a> [Use <a href=\"http://jdownloader.org/jdownloader2\" target=\"_blank\" rel=\"noopener\">JDownloader2</a>]</li><li><a href=\"https://pastefg.hermietkreeft.site/?edc17f245ba3099e#EkeypeUzm9Ef3vEc7QPB5r4VVQxDrJ6JENSsFs8UtXTY\" target=\"_blank\" rel=\"noopener\">Filehoster: OneDrive</a> (Uploaded by DyR0 t(-_-t), NOT compatible with other mirrors)</li><p><!--  <li><a href=\"\" target=\"_blank\" rel=\"noopener\">Filehosters: Google Drive, OneDrive + others</a> (Uploaded by crackhub213)</li>  --></p></ul><p><a href=\"https://cs.rin.ru/forum/viewtopic.php?f=10&amp;t=60647\" target=\"_blank\" rel=\"noopener\">Discussion and (possible) future updates on CS.RIN.RU thread</a></p><h3>Screenshots (Click to enlarge)</h3><p><a target=\"_blank\" href=\"https://en.riotpixels.com/games/elder-scrolls-5-skyrim-anniversary-edition/screenshots/10/?utm_source=emb-gfx-html&amp;utm_medium=image&amp;utm_campaign=rp-mass\" rel=\"noopener\"><img loading=\"lazy\" width=\"178\" height=\"100\" border=\"0\" src=\"https://s01.riotpixels.net/data/35/92/359234e8-a560-4741-a5d7-b789ee313dcb.jpg.240p.jpg\"></a><a target=\"_blank\" href=\"https://en.riotpixels.com/games/elder-scrolls-5-skyrim-anniversary-edition/screenshots/9/?utm_source=emb-gfx-html&amp;utm_medium=image&amp;utm_campaign=rp-mass\" rel=\"noopener\"><img loading=\"lazy\" width=\"178\" height=\"100\" border=\"0\" src=\"https://s01.riotpixels.net/data/3f/50/3f50e9dd-37e1-4b60-afa5-1daa86ae88c8.jpg.240p.jpg\"></a><a target=\"_blank\" href=\"https://en.riotpixels.com/games/elder-scrolls-5-skyrim-anniversary-edition/screenshots/8/?utm_source=emb-gfx-html&amp;utm_medium=image&amp;utm_campaign=rp-mass\" rel=\"noopener\"><img loading=\"lazy\" width=\"178\" height=\"100\" border=\"0\" src=\"https://s01.riotpixels.net/data/1d/ff/1dffa4b3-ba5e-4b1a-8cfb-c6dc4c360ba5.jpg.240p.jpg\"></a><br><a target=\"_blank\" href=\"https://en.riotpixels.com/games/elder-scrolls-5-skyrim-anniversary-edition/screenshots/7/?utm_source=emb-gfx-html&amp;utm_medium=image&amp;utm_campaign=rp-mass\" rel=\"noopener\"><img loading=\"lazy\" width=\"178\" height=\"100\" border=\"0\" src=\"https://s01.riotpixels.net/data/98/9b/989bd50b-7570-4cf3-8313-76d3fc6a8aa2.jpg.240p.jpg\"></a><a target=\"_blank\" href=\"https://en.riotpixels.com/games/elder-scrolls-5-skyrim-anniversary-edition/screenshots/3/?utm_source=emb-gfx-html&amp;utm_medium=image&amp;utm_campaign=rp-mass\" rel=\"noopener\"><img loading=\"lazy\" width=\"178\" height=\"100\" border=\"0\" src=\"https://s01.riotpixels.net/data/77/fd/77fd786e-5dd0-4af7-8126-62fdbbeb0de0.jpg.240p.jpg\"></a><a target=\"_blank\" href=\"https://en.riotpixels.com/games/elder-scrolls-5-skyrim-anniversary-edition/screenshots/2/?utm_source=emb-gfx-html&amp;utm_medium=image&amp;utm_campaign=rp-mass\" rel=\"noopener\"><img loading=\"lazy\" width=\"178\" height=\"100\" border=\"0\" src=\"https://s01.riotpixels.net/data/f5/26/f526ea23-90ff-4ced-b696-207ea27d8fdd.jpg.240p.jpg\"></a></p><h3>Repack Features</h3><ul><li>Based on The.Elder.Scrolls.V.Skyrim.Anniversary.Edition-CODEX ISO release: codex-the.elder.scrolls.v.skyrim.anniversary.edition.iso (15,334,309,888 bytes)</li><li>Missing localizations (37.8 GB) added, thanks to Christsnatcher!</li><li>Cracked EXEs for Japanese/Chinese localizations added, thanks to Christsnatcher!</li><li>Game version: v1.6.318.0.8 (older for Jap/Chi builds); all DLCs and all AE CC Mods, available on AE release are included and activated</li><li>Bonus Official Prima Guide in PDF format (244 MB) and two soundtracks (OST + Atmospheres) in MP3 format (445 MB) are included as an optional download, thanks to Pierrrman &amp; SuperFr0g!</li><li>100% Lossless &amp; MD5 Perfect: all files are identical to originals after installation</li><li>NOTHING ripped, NOTHING re-encoded</li><li>Selective Download feature: you may skip downloading and installing of bonus content and languages you don\u2019t need</li><li>Significantly smaller archive size (compressed from cumulative 52.8 to 9.6~12 GB for any single language)</li><li>Installation takes 10-25 minutes for any single language (depending on your system and selected components)</li><li>After-install integrity check so you could make sure that everything installed properly</li><li>HDD space after installation: up to 21 GB (up to 34.6 GB)</li><li>Repack uses XTool library by Razor12911</li><li>At least 2 GB of free RAM (inc. virtual) required for installing this repack</li></ul><div ><div><h2>Game Description</h2></div><div ><p>Winner of more than 200 Game of the Year Awards, Skyrim Special Edition brings the epic fantasy to life in stunning detail. The Special Edition includes the critically acclaimed game and add-ons with all-new features like remastered art and effects, volumetric god rays, dynamic depth of field, screen-space reflections, and more. Skyrim Special Edition also brings the full power of mods to the PC and consoles. New quests, environments, characters, dialogue, armor, weapons and more \u2013 with Mods, there are no limits to what you can experience.</p><p><b>The Anniversary Edition</b> includes a decade\u2019s worth of content: the critically acclaimed core game, pre-existing and new Creation Club content, plus all three official add-ons: Dawnguard, Hearthfire, and Dragonborn.</p><p><b>Features and bug-fixes introduced in the Anniversary update:</b></p><ul><li>General performance optimizations</li><li>Minor art and lighting fixes</li><li>Adjusted creation quests so they no longer start upon leaving Helgen</li><li>Bug fixes and balance updates to the following Creations:<ul><li>Daedric Mail</li><li>Elven Hunter</li><li>Ebony Plate</li><li>Ebony Plate</li><li>Arcane Archer Pack</li><li>Bone Wolf</li><li>Dawnfang &amp; Duskfang</li><li>Dead Man\u2019s Dread</li><li>Chrysamere</li><li>Civil War Champions</li><li>Divine Crusader</li><li>Forgotten Seasons</li><li>Goblins</li><li>Hendraheim</li><li>Myrwatch</li><li>Pets of Skyrim</li><li>Plague of the Dead</li><li>Rare Curios</li><li>Ruin\u2019s Edge</li><li>Saints and Seducers</li><li>Saturalia</li><li>Spell Knight Armor</li><li>Staff of Sheogorath</li><li>Stendarr\u2019s Hammer</li><li>Sunder &amp; Wraithguard</li><li>Survival Mode</li><li>Tundra Homestead</li></ul></li></ul></div></div><div ><div Included CC mods</div><div ><ul><li>ccASVSSE001-ALMSIVI.esm</li><li>ccBGSSSE001-Fish.esm</li><li>ccBGSSSE002-ExoticArrows.esl</li><li>ccBGSSSE003-Zombies.esl</li><li>ccBGSSSE004-RuinsEdge.esl</li><li>ccBGSSSE005-Goldbrand.esl</li><li>ccBGSSSE006-StendarsHammer.esl</li><li>ccBGSSSE007-Chrysamere.esl</li><li>ccBGSSSE010-PetDwarvenArmoredMudcrab.esl</li><li>ccBGSSSE011-HrsArmrElvn.esl</li><li>ccBGSSSE012-HrsArmrStl.esl</li><li>ccBGSSSE014-SpellPack01.esl</li><li>ccBGSSSE019-StaffofSheogorath.esl</li><li>ccBGSSSE020-GrayCowl.esl</li><li>ccBGSSSE021-LordsMail.esl</li><li>ccMTYSSE001-KnightsoftheNine.esl</li><li>ccQDRSSE001-SurvivalMode.esl</li><li>ccTWBSSE001-PuzzleDungeon.esm</li><li>ccEEJSSE001-Hstead.esm</li><li>ccQDRSSE002-Firewood.esl</li><li>ccBGSSSE018-Shadowrend.esl</li><li>ccBGSSSE035-PetNHound.esl</li><li>ccFSVSSE001-Backpacks.esl</li><li>ccEEJSSE002-Tower.esl</li><li>ccEDHSSE001-NorJewel.esl</li><li>ccVSVSSE002-Pets.esl</li><li>ccBGSSSE037-Curios.esl</li><li>ccBGSSSE034-MntUni.esl</li><li>ccBGSSSE045-Hasedoki.esl</li><li>ccBGSSSE008-Wraithguard.esl</li><li>ccBGSSSE036-PetBWolf.esl</li><li>ccFFBSSE001-ImperialDragon.esl</li><li>ccMTYSSE002-VE.esl</li><li>ccBGSSSE043-CrossElv.esl</li><li>ccVSVSSE001-Winter.esl</li><li>ccEEJSSE003-Hollow.esl</li><li>ccBGSSSE016-Umbra.esm</li><li>ccBGSSSE031-AdvCyrus.esm</li><li>ccBGSSSE038-BowofShadows.esl</li><li>ccBGSSSE040-AdvObGobs.esl</li><li>ccBGSSSE050-BA_Daedric.esl</li><li>ccBGSSSE052-BA_Iron.esl</li><li>ccBGSSSE054-BA_Orcish.esl</li><li>ccBGSSSE058-BA_Steel.esl</li><li>ccBGSSSE059-BA_Dragonplate.esl</li><li>ccBGSSSE061-BA_Dwarven.esl</li><li>ccPEWSSE002-ArmsOfChaos.esl</li><li>ccBGSSSE041-NetchLeather.esl</li><li>ccEDHSSE002-SplKntSet.esl</li><li>ccBGSSSE064-BA_Elven.esl</li><li>ccBGSSSE063-BA_Ebony.esl</li><li>ccBGSSSE062-BA_DwarvenMail.esl</li><li>ccBGSSSE060-BA_Dragonscale.esl</li><li>ccBGSSSE056-BA_Silver.esl</li><li>ccBGSSSE055-BA_OrcishScaled.esl</li><li>ccBGSSSE053-BA_Leather.esl</li><li>ccBGSSSE051-BA_DaedricMail.esl</li><li>ccBGSSSE057-BA_Stalhrim.esl</li><li>ccBGSSSE066-Staves.esl</li><li>ccBGSSSE067-DaedInv.esm</li><li>ccBGSSSE068-Bloodfall.esl</li><li>ccBGSSSE069-Contest.esl</li><li>ccVSVSSE003-NecroArts.esl</li><li>ccVSVSSE004-BeAFarmer.esl</li><li>ccBGSSSE025-AdvDSGS.esm</li><li>ccFFBSSE002-CrossbowPack.esl</li><li>ccBGSSSE013-Dawnfang.esl</li><li>ccRMSSSE001-NecroHouse.esl</li><li>ccEDHSSE003-Redguard.esl</li><li>ccEEJSSE004-Hall.esl</li><li>ccEEJSSE005-Cave.esm</li><li>ccKRTSSE001_Altar.esl</li><li>ccCBHSSE001-Gaunt.esl</li><li>ccAFDSSE001-DweSanctuary.esm</li></ul></div></div><div ><div Selective Download</div><div ><p>You can skip downloading of bonus content and language files you don\u2019t need. Here is the list of selective files:</p><ul><li>fg-optional-bonus-content.bin (Prima Guide + 2 OSTs)</li><li>fg-selective-english.bin (also MUST be downloaded for Chinese and Japanese installations)</li><li>fg-selective-french.bin</li><li>fg-selective-german.bin</li><li>fg-selective-italian.bin</li><li>fg-selective-polish.bin</li><li>fg-selective-russian.bin</li><li>fg-selective-spanish.bin</li><li>fg-selective-chinese-and-japanese.bin (MUST be downloaded for Chinese and Japanese installations)</li><li>fg-selective-japanese.bin</li></ul><p>In example, if you want to launch the game with Japanese UI/Subtitles/Voiceovers \u2013 skip all \u201cselective\u201d files, but download fg-selective-chinese-and-japanese.bin, fg-selective-english.bin, fg-selective-japanese.bin &amp; all main files (01-06).</p></div></div>             </div>"
}