{
    "link": "https://fitgirl-repacks.site/the-amazing-american-circus/",
    "title": "The Amazing American Circus",
    "first_img": "https://i4.imageban.ru/out/2021/09/17/9b9da120856a63a2b253364f7d00780c.jpg",
    "second_img": "https://s01.riotpixels.net/data/f3/81/f3816e7b-9376-41db-9564-323a66bb872e.jpg.240p.jpg",
    "body": "<div ><h2>The Amazing American Circus</h2><p ><div><a target=\"_blank\" href=\"https://en.riotpixels.com/games/amazing-american-circus/\" rel=\"noopener\"><img class=\"alignleft\" width=\"150\" src=\"https://i4.imageban.ru/out/2021/09/17/9b9da120856a63a2b253364f7d00780c.jpg\"></a></div><br>Genres/Tags: <strong>Card game, Managerial, Side, 2D</strong><br>Companies: <strong>Klabater, Juggler Games</strong><br>Languages: <strong>RUS/ENG/MULTI6</strong><br>Original Size: <strong>1.6 GB</strong><br>Repack Size: <strong>from 1.2 GB</strong> [Selective Download]</p>&nbsp;<div>&nbsp;</div><h3>Download Mirrors</h3><ul><li><a href=\"https://1337x.to/torrent/4985990/The-Amazing-American-Circus-MULTi6-FitGirl-Repack-Selective-Download-from-1-2-GB/\" target=\"_blank\" rel=\"noopener\">1337x</a> | [<a href=\"magnet:?xt=urn:btih:4EDFABB75C908BB113B4CAB42E2C48B360AF714E&amp;dn=The+Amazing+American+Circus+%28MULTi6%29+%5BFitGirl+Repack%2C+Selective+Download+-+from+1.2+GB%5D&amp;tr=udp%3A%2F%2F46.148.18.250%3A2710&amp;tr=udp%3A%2F%2Fopentor.org%3A2710&amp;tr=udp%3A%2F%2Ftracker.coppersurfer.tk%3A6969%2Fannounce&amp;tr=udp%3A%2F%2Ftracker.opentrackr.org%3A1337%2Fannounce&amp;tr=http%3A%2F%2Ftracker.dler.org%3A6969%2Fannounce&amp;tr=udp%3A%2F%2Ftracker.leechers-paradise.org%3A6969%2Fannounce&amp;tr=udp%3A%2F%2F9.rarbg.me%3A2730%2Fannounce&amp;tr=udp%3A%2F%2F9.rarbg.to%3A2770%2Fannounce&amp;tr=udp%3A%2F%2Ftracker.pirateparty.gr%3A6969%2Fannounce&amp;tr=http%3A%2F%2Fretracker.local%2Fannounce&amp;tr=http%3A%2F%2Fretracker.ip.ncnet.ru%2Fannounce&amp;tr=udp%3A%2F%2Fexodus.desync.com%3A6969%2Fannounce&amp;tr=udp%3A%2F%2Fipv4.tracker.harry.lu%3A80%2Fannounce&amp;tr=udp%3A%2F%2Fopen.stealth.si%3A80%2Fannounce&amp;tr=udp%3A%2F%2Ftracker.zer0day.to%3A1337%2Fannounce&amp;tr=udp%3A%2F%2Ftracker.leechers-paradise.org%3A6969%2Fannounce&amp;tr=udp%3A%2F%2Fcoppersurfer.tk%3A6969%2Fannounce\">magnet</a>] [<a href=\"https://pastefg.hermietkreeft.site/?d7d2459232d7d4c3#FKdaVChMPfw1n8w9MQA4kLubm192FXTogwc5iU2TdCa2\" target=\"_blank\" rel=\"noopener\">.torrent file only</a>] <br><img src=\"https://torrent-stats.info/cab4/3a08055e8.png\" style=\"display:block;clear:both\"></li><li><a href=\"http://rutor.info/torrent/834719/the-amazing-american-circus-2021-pc-repack-ot-fitgirl\" target=\"_blank\" rel=\"noopener\">RuTor</a> [<a href=\"magnet:?xt=urn:btih:4edfabb75c908bb113b4cab42e2c48b360af714e&amp;dn=rutor.info_The+Amazing+American+Circus+%282021%29+PC+%7C+RePack+%D0%BE%D1%82+FitGirl&amp;tr=udp://opentor.net:6969&amp;tr=udp://opentor.org:2710&amp;tr=http://retracker.local/announce\">magnet</a>]</li><li><a href=\"https://tapochek.net/viewtopic.php?p=2800664\" target=\"_blank\" rel=\"noopener\">Tapochek.net</a></li><li><a href=\"https://pastefg.hermietkreeft.site/?47d41d8fcc3b9004#8FyJ1E6Y4bDE3uutfNffX5DGRHJDdBqJz8Xmeyce8W3w\" target=\"_blank\" rel=\"noopener\">Filehoster: MultiUpload</a> (10+ hosters, interchangeable) [Use <a href=\"http://jdownloader.org/jdownloader2\" target=\"_blank\" rel=\"noopener\">JDownloader2</a>]</li><li><a href=\"https://pastefg.hermietkreeft.site/?86e745d1ce2c2b8c#6QsGKWjucocTK9WArNJrGMwth5S2hKezP9WEcp2F2b36\" target=\"_blank\" rel=\"noopener\">Filehoster: PixelDrain</a></li><li><a href=\"https://pastefg.hermietkreeft.site/?b0ab77f67dc26e5d#83oLdyq9JUBPv49pWrfwR21h8Mg8ymeAPaCA6sybpax\" target=\"_blank\" rel=\"noopener\">Filehoster: ZippyShare</a></li><li><a href=\"https://pastefg.hermietkreeft.site/?97a3293f924b5b09#7CYKSnzbqP9wLL7Yn7oULcD5j6qMwBuAG5y5SrXnZYWX\" target=\"_blank\" rel=\"noopener\">Filehoster: LetsUpload</a> [Use <a href=\"http://jdownloader.org/jdownloader2\" target=\"_blank\" rel=\"noopener\">JDownloader2</a>]</li><li><a href=\"https://pastefg.hermietkreeft.site/?36c38afecfdcc299#43awvrjYRn5cbegW9yZfDSaWXoXfe7KHdgnHCz86Mkuk\" target=\"_blank\" rel=\"noopener\">Filehoster: OneDrive</a> (Uploaded by DyR0 t(-_-t), NOT compatible with other mirrors)</li></ul><p><a href=\"https://cs.rin.ru/forum/viewtopic.php?f=10&amp;t=109658\" target=\"_blank\" rel=\"noopener\">Discussion and (possible) future updates on CS.RIN.RU thread</a></p><h3>Screenshots (Click to enlarge)</h3><p><a target=\"_blank\" href=\"https://en.riotpixels.com/games/amazing-american-circus/screenshots/15/?utm_source=emb-gfx-html&amp;utm_medium=image&amp;utm_campaign=rp-mass\" rel=\"noopener\"><img loading=\"lazy\" width=\"178\" height=\"100\" border=\"0\" src=\"https://s01.riotpixels.net/data/f3/81/f3816e7b-9376-41db-9564-323a66bb872e.jpg.240p.jpg\"></a><a target=\"_blank\" href=\"https://en.riotpixels.com/games/amazing-american-circus/screenshots/10/?utm_source=emb-gfx-html&amp;utm_medium=image&amp;utm_campaign=rp-mass\" rel=\"noopener\"><img loading=\"lazy\" width=\"178\" height=\"100\" border=\"0\" src=\"https://s01.riotpixels.net/data/fe/b8/feb89d91-d894-453a-910a-c733227380eb.jpg.240p.jpg\"></a><a target=\"_blank\" href=\"https://en.riotpixels.com/games/amazing-american-circus/screenshots/6/?utm_source=emb-gfx-html&amp;utm_medium=image&amp;utm_campaign=rp-mass\" rel=\"noopener\"><img loading=\"lazy\" width=\"178\" height=\"100\" border=\"0\" src=\"https://s01.riotpixels.net/data/73/3c/733ca73f-8a12-45e2-ac13-0489c157fec4.jpg.240p.jpg\"></a><br><a target=\"_blank\" href=\"https://en.riotpixels.com/games/amazing-american-circus/screenshots/4/?utm_source=emb-gfx-html&amp;utm_medium=image&amp;utm_campaign=rp-mass\" rel=\"noopener\"><img loading=\"lazy\" width=\"178\" height=\"100\" border=\"0\" src=\"https://s01.riotpixels.net/data/9d/8e/9d8eaae1-5681-4244-a9ae-b5d66b3310b1.jpg.240p.jpg\"></a><a target=\"_blank\" href=\"https://en.riotpixels.com/games/amazing-american-circus/screenshots/2/?utm_source=emb-gfx-html&amp;utm_medium=image&amp;utm_campaign=rp-mass\" rel=\"noopener\"><img loading=\"lazy\" width=\"178\" height=\"100\" border=\"0\" src=\"https://s01.riotpixels.net/data/d7/56/d756abaa-ed93-4dd7-9fd2-fec3ccacfad8.jpg.240p.jpg\"></a><a target=\"_blank\" href=\"https://en.riotpixels.com/games/amazing-american-circus/screenshots/1/?utm_source=emb-gfx-html&amp;utm_medium=image&amp;utm_campaign=rp-mass\" rel=\"noopener\"><img loading=\"lazy\" width=\"178\" height=\"100\" border=\"0\" src=\"https://s01.riotpixels.net/data/1a/ba/1aba05bf-7c8d-479a-8871-f097a354d824.jpg.240p.jpg\"></a></p><h3>Repack Features</h3><ul><li>Based on The.Amazing.American.Circus-CODEX ISO release: codex-the.amazing.american.circus.iso (1,717,600,256 bytes)</li><li>100% Lossless &amp; MD5 Perfect: all files are identical to originals after installation (ONLY when installed with bonus music video)</li><li>NOTHING ripped, NOTHING re-encoded</li><li>Selective Download feature: you may skip downloading and installing of bonus music video, available in \u201cExtras\u201d menu section inside the game (or here: https://www.youtube.com/watch?v=MvRVe6hK6HI)</li><li>Slightly smaller archive size (compressed from 1.6 to 1.2/1.4 GB)</li><li>Installation takes one minute</li><li>After-install integrity check so you could make sure that everything installed properly</li><li>HDD space after installation: 3.3 GB</li><li>Language can be changed in game settings</li><li>At least 2 GB of free RAM (inc. virtual) required for installing this repack</li></ul><div ><div><h2>Game Description</h2></div><div ><b>Your worst fear is the audience\u2019s indifference. Your best weapon is a dazzling amusement. Your artists are your army. Behold, the circus came to town!</b><p><b>About the Game</b><br>Roll up! Roll up! Come and take charge of your very own run-down circus and navigate a uniquely American form of entertainment, full of bizarre folklore, brutal crime, and social inequality as you battle to establish yourself amongst industry giants Ringling Bros., P.T. Barnum and Buffalo Bill:<br>Build your troupe, manage your circus camp, explore Gilded Age America, and amaze your audience to become the tycoon of an entertainment empire the likes of which the world has never seen!</p><p><b>Explore Gilded Age America</b><br>Dive into a story set during the dying days of the Wild West where history mingles with magical realism and ethnic folklore. Listen to an atmospheric soundtrack inspired by classic circus music and American country &amp; folk as you travel to 90 cities and towns across 4 vast regions of the continental US. Encounter mythical creatures from such as the Wendigo and Bigfoot alongside historical figures including Susan B. Anthony, Nikola Tesla, and Queen Victoria. Play your cards right and you might be able seize the crown of greatest showman from P.T. Barnum himself!</p><p><b>Amaze the Audience</b><br>Deliver a perfect show in a special card duel between you and the audience. Beat their boredom with an arsenal of performances and tricks presented on over 200 beautifully hand-illustrated cards. Strategize carefully and gauge the mood of the crowd before playing your hand; what provokes cheers in the deep South might provoke jeers in the industrialised North!</p><p><b>Build Your Troupe</b><br>As the budding tycoon of a travelling circus your success depends on the variety of weird and wonderful acts you can get into the ring and the range of spectacular feats they can perform! With over 15 unique performers to recruit, and 32 audience types from across gilded age America to amaze, you\u2019ve got your work cut out as you try to create the greatest show on earth!</p><p><b>Manage Your Circus Camp</b><br>As a showman you will have to travel light and fast, managing your resources and building the camp that supports your show as it grows, enabling you to drop jaws from coast to coast. With 8 different circus wagons, 18 unique upgrades available between them and over 100 modifications for the circus caravan as a whole, there\u2019s a range of options to keep the show on the rails as diverse and varied as the performers in it!</p><p><b><h3>Game Features</h3></b></p><ul><li>Become a legend! Save a run-down circus, gather a troupe of performers, and dare to defy the greatest showmen on earth \u2013 P.T Barnum, Buffalo Bill, and more!</li><li>Recruit and train over 15 different types of circus artists</li><li>Take part in exciting battles on the circus arena using the beautifully illustrated collectible cards</li><li>Upgrade your circus caravan thanks to different types of wagons offering over 100 possible modifications</li><li>Meet both historical and fictional characters deeply embedded in American folklore, such as John D. Rockefeller, Susan B. Anthony, or Nikola Tesla</li><li>Immerse yourself in a story taking place during the turbulent era of the fading Wild West and enter the beautiful and dark world of Native American folklore and the immigrant populace</li><li>Listen to a unique soundtrack inspired by classic circus music and American country &amp; folk</li><li>200+ hand-illustrated cards</li><li>Recruit and train over 15 different types of circus artists, among them mimes, strongmen, and acrobats</li><li>8 different circus wagons to upgrade (18 unique upgrades altogether)</li><li>32 different types of audience, whom you have to attract and entertain</li><li>Over 100 modifications and upgrade options for your circus caravan</li><li>90 cities and towns to visit</li><li>21 story-related side quests</li><li>10 Grand Finale finisher actions</li><li>16 Misfits to collect in Bizarre Baazaar wagon</li><li>4 distinct geographical regions \u2013 travel across the American continent</li><li>4 powerful opponents to defeat (one per region) \u2013 the legendary P.T. Barnum, Buffalo Bill, Queen Victoria, and more\u2026</li><li>1 but epic adventure akin to Baz Luhrman\u2019s musicals, Ennio Morricone\u2019s westerns, and the classic road movies</li><li>60 minutes of a soundtrack inspired by country and folk music from different parts of the USA</li></ul></div></div>             </div>"
}