{
    "link": "https://fitgirl-repacks.site/the-misty-tale/",
    "title": "The Misty Tale",
    "first_img": "https://i2.imageban.ru/out/2021/10/18/d464e654115329896d9a2cdf08df2b7e.jpg",
    "second_img": "https://s01.riotpixels.net/data/ba/2d/ba2d605a-7bd8-4a4f-aaed-27c290eab20d.jpg.240p.jpg",
    "body": "<div ><h2>The Misty Tale</h2><p ><div><a target=\"_blank\" href=\"https://en.riotpixels.com/games/misty-tale/\" rel=\"noopener\"><img class=\"alignleft\" width=\"150\" src=\"https://i2.imageban.ru/out/2021/10/18/d464e654115329896d9a2cdf08df2b7e.jpg\"></a></div><br>Genres/Tags: <strong>Action, Third-person, 3D</strong><br>Company: <strong>skR1me</strong><br>Languages: <strong>RUS/ENG</strong><br>Original Size: <strong>2.2 GB</strong><br>Repack Size: <strong>1.2 GB</strong></p>&nbsp;<div>&nbsp;</div><h3>Download Mirrors</h3><ul><li><a href=\"https://1337x.to/torrent/5022320/The-Misty-Tale-ENG-RUS-FitGirl-Repack/\" target=\"_blank\" rel=\"noopener\">1337x</a> | [<a href=\"magnet:?xt=urn:btih:FB92721F7584EE39B6C4214B60657E0A5ACF8C6C&amp;dn=The+Misty+Tale+%28ENG%2FRUS%29+%5BFitGirl+Repack%5D&amp;tr=udp%3A%2F%2F46.148.18.250%3A2710&amp;tr=udp%3A%2F%2Fopentor.org%3A2710&amp;tr=udp%3A%2F%2Ftracker.coppersurfer.tk%3A6969%2Fannounce&amp;tr=udp%3A%2F%2Ftracker.opentrackr.org%3A1337%2Fannounce&amp;tr=http%3A%2F%2Ftracker.dler.org%3A6969%2Fannounce&amp;tr=udp%3A%2F%2Ftracker.leechers-paradise.org%3A6969%2Fannounce&amp;tr=udp%3A%2F%2F9.rarbg.me%3A2730%2Fannounce&amp;tr=udp%3A%2F%2F9.rarbg.to%3A2770%2Fannounce&amp;tr=udp%3A%2F%2Ftracker.pirateparty.gr%3A6969%2Fannounce&amp;tr=http%3A%2F%2Fretracker.local%2Fannounce&amp;tr=http%3A%2F%2Fretracker.ip.ncnet.ru%2Fannounce&amp;tr=udp%3A%2F%2Fexodus.desync.com%3A6969%2Fannounce&amp;tr=udp%3A%2F%2Fipv4.tracker.harry.lu%3A80%2Fannounce&amp;tr=udp%3A%2F%2Fopen.stealth.si%3A80%2Fannounce&amp;tr=udp%3A%2F%2Ftracker.zer0day.to%3A1337%2Fannounce&amp;tr=udp%3A%2F%2Ftracker.leechers-paradise.org%3A6969%2Fannounce&amp;tr=udp%3A%2F%2Fcoppersurfer.tk%3A6969%2Fannounce\">magnet</a>] [<a href=\"https://pastefg.hermietkreeft.site/?83239767ae747cb7#9hUaz2ffHiRLo9JH4STvqzJXJG9USBJXNkkupLi969TR\" target=\"_blank\" rel=\"noopener\">.torrent file only</a>] <br><img src=\"https://torrent-stats.info/214b/99be8810.png\" style=\"display:block;clear:both\"></li><li><a href=\"http://rutor.info/torrent/840326/the-misty-tale-2021-pc-repack-ot-fitgirl\" target=\"_blank\" rel=\"noopener\">RuTor</a> [<a href=\"magnet:?xt=urn:btih:fb92721f7584ee39b6c4214b60657e0a5acf8c6c&amp;dn=rutor.info_The+Misty+Tale+%282021%29+PC+%7C+RePack+%D0%BE%D1%82+FitGirl&amp;tr=udp://opentor.net:6969&amp;tr=udp://opentor.org:2710&amp;tr=http://retracker.local/announce\">magnet</a>]</li><li><a href=\"https://tapochek.net/viewtopic.php?p=2806483\" target=\"_blank\" rel=\"noopener\">Tapochek.net</a></li><li><a href=\"https://pastefg.hermietkreeft.site/?ab6ece30775e0434#AWxdME8ScTgWgXubzB1AHr3ocCyn96QSURK6TdZqZZje\" target=\"_blank\" rel=\"noopener\">Filehoster: MultiUpload</a> (10+ hosters, interchangeable) [Use <a href=\"http://jdownloader.org/jdownloader2\" target=\"_blank\" rel=\"noopener\">JDownloader2</a>]</li><li><a href=\"https://pastefg.hermietkreeft.site/?bd289d6dc55d7ad9#5fzQgVXciTH9fz7CJJtqAMcZaGY8EveWDHQbnSpZv3YB\" target=\"_blank\" rel=\"noopener\">Filehoster: PixelDrain</a></li><li><a href=\"https://pastefg.hermietkreeft.site/?40cda9c65046b0e5#8Uw6HvzGoaCCKBj7uGj6dHoAsCqRwi9ykGbdvjaMadHq\" target=\"_blank\" rel=\"noopener\">Filehoster: ZippyShare</a></li><li><a href=\"https://pastefg.hermietkreeft.site/?8c42476a3a07798e#5qnLxQgYuZE1zcj6FgdmEXGD1aZSpNh6s6mEUhymrGfi\" target=\"_blank\" rel=\"noopener\">Filehoster: LetsUpload</a> [Use <a href=\"http://jdownloader.org/jdownloader2\" target=\"_blank\" rel=\"noopener\">JDownloader2</a>]</li><li><a href=\"https://pastefg.hermietkreeft.site/?33e2db5f306d19d8#3efjP34KDMaiXBMiXR3qMK3y1VGntmo6SBGuG5vwwDkr\" target=\"_blank\" rel=\"noopener\">Filehoster: OneDrive</a> (Uploaded by DyR0 t(-_-t), NOT compatible with other mirrors)</li><li><a href=\"https://crackhub.site/the-misty-tale-fitgirl-repack/\" target=\"_blank\" rel=\"noopener\">Filehosters: Google Drive, OneDrive + others</a> (Uploaded by crackhub213)</li></ul><p><a href=\"https://cs.rin.ru/forum/viewtopic.php?f=10&amp;t=116628\" target=\"_blank\" rel=\"noopener\">Discussion and (possible) future updates on CS.RIN.RU thread</a></p><h3>Screenshots (Click to enlarge)</h3><p><a target=\"_blank\" href=\"https://en.riotpixels.com/games/misty-tale/screenshots/9/?utm_source=emb-gfx-html&amp;utm_medium=image&amp;utm_campaign=rp-mass\" rel=\"noopener\"><img loading=\"lazy\" width=\"178\" height=\"100\" border=\"0\" src=\"https://s01.riotpixels.net/data/ba/2d/ba2d605a-7bd8-4a4f-aaed-27c290eab20d.jpg.240p.jpg\"></a><a target=\"_blank\" href=\"https://en.riotpixels.com/games/misty-tale/screenshots/8/?utm_source=emb-gfx-html&amp;utm_medium=image&amp;utm_campaign=rp-mass\" rel=\"noopener\"><img loading=\"lazy\" width=\"178\" height=\"100\" border=\"0\" src=\"https://s01.riotpixels.net/data/fb/34/fb34bd4f-e178-4107-92c5-b2c68f5f1fa0.jpg.240p.jpg\"></a><a target=\"_blank\" href=\"https://en.riotpixels.com/games/misty-tale/screenshots/6/?utm_source=emb-gfx-html&amp;utm_medium=image&amp;utm_campaign=rp-mass\" rel=\"noopener\"><img loading=\"lazy\" width=\"178\" height=\"100\" border=\"0\" src=\"https://s01.riotpixels.net/data/9b/f8/9bf80c56-4a45-4f6e-a52e-8fa82a09b33d.jpg.240p.jpg\"></a><br><a target=\"_blank\" href=\"https://en.riotpixels.com/games/misty-tale/screenshots/4/?utm_source=emb-gfx-html&amp;utm_medium=image&amp;utm_campaign=rp-mass\" rel=\"noopener\"><img loading=\"lazy\" width=\"178\" height=\"100\" border=\"0\" src=\"https://s01.riotpixels.net/data/b8/be/b8bec6d1-23fc-4e85-8529-162401401654.jpg.240p.jpg\"></a><a target=\"_blank\" href=\"https://en.riotpixels.com/games/misty-tale/screenshots/2/?utm_source=emb-gfx-html&amp;utm_medium=image&amp;utm_campaign=rp-mass\" rel=\"noopener\"><img loading=\"lazy\" width=\"178\" height=\"100\" border=\"0\" src=\"https://s01.riotpixels.net/data/65/7d/657d0d24-12e9-4673-b971-61207cdab6f6.jpg.240p.jpg\"></a><a target=\"_blank\" href=\"https://en.riotpixels.com/games/misty-tale/screenshots/1/?utm_source=emb-gfx-html&amp;utm_medium=image&amp;utm_campaign=rp-mass\" rel=\"noopener\"><img loading=\"lazy\" width=\"178\" height=\"100\" border=\"0\" src=\"https://s01.riotpixels.net/data/68/f3/68f3311e-6352-4165-a161-7c8d82e8a92d.jpg.240p.jpg\"></a></p><h3>Repack Features</h3><ul><li>Based on The.Misty.Tale-DARKSiDERS ISO release: ds-themistytale.iso (2,341,971,968 bytes)</li><li>100% Lossless &amp; MD5 Perfect: all files are identical to originals after installation</li><li>NOTHING ripped, NOTHING re-encoded</li><li>Significantly smaller archive size (compressed from 2.2 to 1.2 GB)</li><li>Installation takes less than a minute</li><li>After-install integrity check so you could make sure that everything installed properly</li><li>HDD space after installation: 3.1 GB</li><li>Language can be changed in game settings</li><li>Repack uses XTool library by Razor12911</li><li>At least 2 GB of free RAM (inc. virtual) required for installing this repack</li></ul><div ><div><h2>Game Description</h2></div><div >The Misty Tale is a third-person fantasy-fighting game in which you play as a mercenary swordsman caught in a terrible northern storm, on a broken mast and on its last legs, the current will lead you to unknown foggy islands. Your adventure will begin there.<p>Find, remove runes, fight and use abilities.</p></div></div>             </div>"
}