{
    "link": "https://fitgirl-repacks.site/the-vale-shadow-of-the-crown/",
    "title": "The Vale: Shadow of the Crown",
    "first_img": "https://i2.imageban.ru/out/2021/08/23/60271174504c30fa28f774549cbdb88a.jpg",
    "second_img": "https://s01.riotpixels.net/data/85/dd/85dd82da-fba6-4fa4-b0d3-a681d71bf0c5.png.240p.jpg",
    "body": "<div ><h2>The Vale: Shadow of the Crown</h2><p ><div><a target=\"_blank\" href=\"https://en.riotpixels.com/games/vale-shadow-of-the-crown/\" rel=\"noopener\"><img class=\"alignleft\" width=\"150\" src=\"https://i2.imageban.ru/out/2021/08/23/60271174504c30fa28f774549cbdb88a.jpg\"></a></div><br>Genres/Tags: <strong>Action, Adventure, RPG, 2D</strong><br>Companies: <strong>Falling Squirrel, Creative Bytes Studios</strong><br>Languages: <strong>ENG</strong><br>Original Size: <strong>527 MB</strong><br>Repack Size: <strong>385 MB</strong></p>&nbsp;<div>&nbsp;</div><h3>Download Mirrors</h3><ul><li><a href=\"https://1337x.to/torrent/4961177/The-Vale-Shadow-of-the-Crown-FitGirl-Repack/\" target=\"_blank\" rel=\"noopener\">1337x</a> | [<a href=\"magnet:?xt=urn:btih:3A21DFF6071E2669F8575289D566A8B23AE42647&amp;dn=The+Vale%3A+Shadow+of+the+Crown+%5BFitGirl+Repack%5D&amp;tr=udp%3A%2F%2F46.148.18.250%3A2710&amp;tr=udp%3A%2F%2Fopentor.org%3A2710&amp;tr=udp%3A%2F%2Ftracker.coppersurfer.tk%3A6969%2Fannounce&amp;tr=udp%3A%2F%2Ftracker.opentrackr.org%3A1337%2Fannounce&amp;tr=http%3A%2F%2Ftracker.dler.org%3A6969%2Fannounce&amp;tr=udp%3A%2F%2Ftracker.leechers-paradise.org%3A6969%2Fannounce&amp;tr=udp%3A%2F%2F9.rarbg.me%3A2730%2Fannounce&amp;tr=udp%3A%2F%2F9.rarbg.to%3A2770%2Fannounce&amp;tr=udp%3A%2F%2Ftracker.pirateparty.gr%3A6969%2Fannounce&amp;tr=http%3A%2F%2Fretracker.local%2Fannounce&amp;tr=http%3A%2F%2Fretracker.ip.ncnet.ru%2Fannounce&amp;tr=udp%3A%2F%2Fexodus.desync.com%3A6969%2Fannounce&amp;tr=udp%3A%2F%2Fipv4.tracker.harry.lu%3A80%2Fannounce&amp;tr=udp%3A%2F%2Fopen.stealth.si%3A80%2Fannounce&amp;tr=udp%3A%2F%2Ftracker.zer0day.to%3A1337%2Fannounce&amp;tr=udp%3A%2F%2Ftracker.leechers-paradise.org%3A6969%2Fannounce&amp;tr=udp%3A%2F%2Fcoppersurfer.tk%3A6969%2Fannounce\">magnet</a>] [<a href=\"https://pastefg.hermietkreeft.site/?830201bdcb400791#9KYTxhYqQu6F2472mkjRPHw4EDWZJN1BaFtiMSaTxVYK\" target=\"_blank\" rel=\"noopener\">.torrent file only</a>] <br><img src=\"https://torrent-stats.info/5289/177dae7a3.png\" style=\"display:block;clear:both\"></li><li><a href=\"https://tapochek.net/viewtopic.php?p=2796224\" target=\"_blank\" rel=\"noopener\">Tapochek.net</a></li><li><a href=\"https://pastefg.hermietkreeft.site/?5946f7e08598e13c#Vkj7MQE6wrxSm7u1xpbTndEiuPL41dZBQBAYJixSgNw\" target=\"_blank\" rel=\"noopener\">Filehoster: MultiUpload</a> (10+ hosters, interchangeable) [Use <a href=\"http://jdownloader.org/jdownloader2\" target=\"_blank\" rel=\"noopener\">JDownloader2</a>]</li><li><a href=\"https://pastefg.hermietkreeft.site/?62e5886a75789a46#EADnSsvpvwF4rdS8zBFBvdEknz4XQ8yj3Tj3io4SbHfE\" target=\"_blank\" rel=\"noopener\">Filehoster: PixelDrain</a></li><li><a href=\"https://pastefg.hermietkreeft.site/?c336f5057933a12c#AVuWrEn2Jbwfcu8xvkd5buaB3N4rX8VJmeajDUgJk54k\" target=\"_blank\" rel=\"noopener\">Filehoster: ZippyShare</a></li><li><a href=\"https://pastefg.hermietkreeft.site/?1e24f3fa8882504e#BuCEGGBoWjHAsXeAoSzxuWYyk7CasG13LasnZgsZxAgk\" target=\"_blank\" rel=\"noopener\">Filehoster: LetsUpload</a> [Use <a href=\"http://jdownloader.org/jdownloader2\" target=\"_blank\" rel=\"noopener\">JDownloader2</a>]</li><li><a href=\"https://pastefg.hermietkreeft.site/?339cf59e31902f3a#kXYatvad6MR9hi8wUJCYt3NXSmPk38jxyuituaw8bdp\" target=\"_blank\" rel=\"noopener\">Filehoster: OneDrive</a> (Uploaded by DyR0 t(-_-t), NOT compatible with other mirrors)</li></ul><p><a href=\"https://cs.rin.ru/forum/viewtopic.php?f=10&amp;t=115259\" target=\"_blank\" rel=\"noopener\">Discussion and (possible) future updates on CS.RIN.RU thread</a></p><h3>Screenshots (Click to enlarge)</h3><p><a target=\"_blank\" href=\"https://en.riotpixels.com/games/vale-shadow-of-the-crown/screenshots/6/?utm_source=emb-gfx-html&amp;utm_medium=image&amp;utm_campaign=rp-mass\" rel=\"noopener\"><img loading=\"lazy\" width=\"178\" height=\"100\" border=\"0\" src=\"https://s01.riotpixels.net/data/85/dd/85dd82da-fba6-4fa4-b0d3-a681d71bf0c5.png.240p.jpg\"></a><a target=\"_blank\" href=\"https://en.riotpixels.com/games/vale-shadow-of-the-crown/screenshots/5/?utm_source=emb-gfx-html&amp;utm_medium=image&amp;utm_campaign=rp-mass\" rel=\"noopener\"><img loading=\"lazy\" width=\"178\" height=\"100\" border=\"0\" src=\"https://s01.riotpixels.net/data/5d/92/5d926a68-68f0-4344-8470-f5c28a74cf69.png.240p.jpg\"></a><a target=\"_blank\" href=\"https://en.riotpixels.com/games/vale-shadow-of-the-crown/screenshots/4/?utm_source=emb-gfx-html&amp;utm_medium=image&amp;utm_campaign=rp-mass\" rel=\"noopener\"><img loading=\"lazy\" width=\"178\" height=\"100\" border=\"0\" src=\"https://s01.riotpixels.net/data/5d/3d/5d3d3f63-0bc5-4e3c-b04d-b04ceb983c9d.png.240p.jpg\"></a></p><h3>Repack Features</h3><ul><li>Based on The.Vale.Shadow.of.the.Crown-DOGE ISO release: wow-the.vale.shadow.of.the.crown.iso (552,499,200 bytes)</li><li>100% Lossless &amp; MD5 Perfect: all files are identical to originals after installation</li><li>NOTHING ripped, NOTHING re-encoded</li><li>Slightly smaller archive size (compressed from 527 to 385 MB)</li><li>Installation takes less than a minute</li><li>After-install integrity check so you could make sure that everything installed properly</li><li>HDD space after installation: 820 MB (1.3 GB during installation)</li><li>At least 2 GB of free RAM (inc. virtual) required for installing this repack</li></ul><p><span style=\"color:#f600ff\">PS: Very unusual game, which can be played with your display turned off and eyes closed. Just put on your headphones and play as a blind person.</span></p><div ><div><h2>Game Description</h2></div><div ><p>The Vale is an audio-based action adventure game that places you in the worn leather boots of a blind adventurer.</p><p><b>Story:</b><br>As your elder brother takes his place on the throne, you are made warden of a small castle on the outskirts of the kingdom. Blind from birth and sheltered for much of your childhood, you welcome your exile as a chance for a little adventure.</p><p>En route to the castle, your convoy is attacked by a huge invading army. You find yourself alone in hostile lands where you must scrape together supplies and seek out allies in hopes of surviving the long, dangerous journey home.</p><p>The path home follows a dark and winding valley known simply as \u201cThe Vale\u201d. It shrouds the land\u2019s darkest secrets including startling truths about your family\u2019s past.</p><p><b><h3>Game Features</h3></b></p><ul><li>5 hours+ gameplay.</li><li>Specialized 3D audio provide an incredibly immersive game experience</li><li>Action-adventure with RPG elements: Choose equipment, play-style, magic abilities, companions and quests.</li><li>Emotionally engaging story, quality sound design and voice performance.</li><li>Fully blind accessible</li><li>Headphones recommended for best experience</li></ul></div></div>             </div>"
}