{
    "link": "https://fitgirl-repacks.site/the-drained-goddess/",
    "title": "The Drained Goddess",
    "first_img": "https://i1.imageban.ru/out/2022/04/08/a0ef0d15f38990f1a7c902d249e8eb52.jpg",
    "second_img": "https://s01.riotpixels.net/data/63/49/6349178c-dd1c-429c-9520-40aaefef1c52.jpg.240p.jpg",
    "body": "<div ><h2>The Drained Goddess</h2><p ><div><a target=\"_blank\" href=\"https://en.riotpixels.com/games/drained-goddess/\" rel=\"noopener\"><img class=\"alignleft\" width=\"150\" src=\"https://i1.imageban.ru/out/2022/04/08/a0ef0d15f38990f1a7c902d249e8eb52.jpg\"></a></div><br>Genres/Tags: <strong>Action, Horror, First-person, 3D</strong><br>Companies: <strong>Wang, Zhen</strong><br>Languages: <strong>ENG/MULTI3</strong><br>Original Size: <strong>12.9 GB</strong><br>Repack Size: <strong>9.9 GB</strong></p>&nbsp;<div>&nbsp;</div><h3>Download Mirrors</h3><ul><li><a href=\"https://1337x.to/torrent/5211184/The-Drained-Goddess-ENG-MULTi3-FitGirl-Repack/\" target=\"_blank\" rel=\"noopener\">1337x</a> | [<a href=\"magnet:?xt=urn:btih:145C71B11A6961B5FD359685BCB6CD28C8EBDD4D&amp;dn=The+Drained+Goddess+%28ENG%2FMULTi3%29+%5BFitGirl+Repack%5D&amp;tr=udp%3A%2F%2F46.148.18.250%3A2710&amp;tr=udp%3A%2F%2Fopentor.org%3A2710&amp;tr=udp%3A%2F%2Ftracker.coppersurfer.tk%3A6969%2Fannounce&amp;tr=udp%3A%2F%2Ftracker.opentrackr.org%3A1337%2Fannounce&amp;tr=http%3A%2F%2Ftracker.dler.org%3A6969%2Fannounce&amp;tr=udp%3A%2F%2Ftracker.leechers-paradise.org%3A6969%2Fannounce&amp;tr=udp%3A%2F%2F9.rarbg.me%3A2730%2Fannounce&amp;tr=udp%3A%2F%2F9.rarbg.to%3A2770%2Fannounce&amp;tr=udp%3A%2F%2Ftracker.pirateparty.gr%3A6969%2Fannounce&amp;tr=http%3A%2F%2Fretracker.local%2Fannounce&amp;tr=http%3A%2F%2Fretracker.ip.ncnet.ru%2Fannounce&amp;tr=udp%3A%2F%2Fexodus.desync.com%3A6969%2Fannounce&amp;tr=udp%3A%2F%2Fipv4.tracker.harry.lu%3A80%2Fannounce&amp;tr=udp%3A%2F%2Fopen.stealth.si%3A80%2Fannounce&amp;tr=udp%3A%2F%2Ftracker.opentrackr.org%3A1337%2Fannounce&amp;tr=http%3A%2F%2Ftracker.openbittorrent.com%3A80%2Fannounce&amp;tr=udp%3A%2F%2Fopentracker.i2p.rocks%3A6969%2Fannounce&amp;tr=udp%3A%2F%2Ftracker.internetwarriors.net%3A1337%2Fannounce&amp;tr=udp%3A%2F%2Ftracker.leechers-paradise.org%3A6969%2Fannounce&amp;tr=udp%3A%2F%2Fcoppersurfer.tk%3A6969%2Fannounce&amp;tr=udp%3A%2F%2Ftracker.zer0day.to%3A1337%2Fannounce\">magnet</a>] [<a href=\"https://pastefg.hermietkreeft.site/?8279862206b34cb8#6Vh75dGGrVbnYhhakrqAc82UFYczpHoAXBah9iTUjhka\" target=\"_blank\" rel=\"noopener\">.torrent file only</a>] <br><img src=\"https://torrent-stats.info/9685/2d59391b7.png\" style=\"display:block;clear:both\"></li><li><a href=\"https://tapochek.net/viewtopic.php?p=2844851\" target=\"_blank\" rel=\"noopener\">Tapochek.net</a></li><li><a href=\"https://pastefg.hermietkreeft.site/?6766abedf4692134#5KWiJHe3Eto2hpzbzBzbKv2a2WHZJhocWZ7M9oKaXRqu\" target=\"_blank\" rel=\"noopener\">Filehoster: MultiUpload</a> (10+ hosters, interchangeable) [Use <a href=\"http://jdownloader.org/jdownloader2\" target=\"_blank\" rel=\"noopener\">JDownloader2</a>]</li><li><a href=\"https://pastefg.hermietkreeft.site/?630a1e3b7866d6ba#4jw3abPctPw5XFvLcndFSpnGvztsVN53y4Qeyky2CtnB\" target=\"_blank\" rel=\"noopener\">Filehoster: ZippyShare</a></li><li><a href=\"https://pastefg.hermietkreeft.site/?0a029392a2a6c1e8#3zaRsh2XiYJzMPfwFv5uvgfsZDEeCsGzQ8fuJ4n8DZr5\" target=\"_blank\" rel=\"noopener\">Filehoster: BayFiles</a></li><li><a href=\"https://pastefg.hermietkreeft.site/?ab7abe78dfd99fb5#8ATMrQcHgQ53wiY3GZaNFLbLiYP45TjWzg9v2KmkBJca\" target=\"_blank\" rel=\"noopener\">Filehoster: OneDrive</a> (Uploaded by DyR0 t(-_-t), NOT compatible with other mirrors)</li><p><!--  <li><a href=\"\" target=\"_blank\" rel=\"noopener\">Filehosters: Google Drive, OneDrive + others</a> (Uploaded by crackhub213)</li>  --></p></ul><p><a href=\"https://cs.rin.ru/forum/viewtopic.php?f=10&amp;t=121216\" target=\"_blank\" rel=\"noopener\">Discussion and (possible) future updates on CS.RIN.RU thread</a></p><h3>Screenshots (Click to enlarge)</h3><p><a target=\"_blank\" href=\"https://en.riotpixels.com/games/drained-goddess/screenshots/16/?utm_source=emb-gfx-html&amp;utm_medium=image&amp;utm_campaign=rp-mass\" rel=\"noopener\"><img loading=\"lazy\" width=\"178\" height=\"100\" border=\"0\" src=\"https://s01.riotpixels.net/data/63/49/6349178c-dd1c-429c-9520-40aaefef1c52.jpg.240p.jpg\"></a><a target=\"_blank\" href=\"https://en.riotpixels.com/games/drained-goddess/screenshots/15/?utm_source=emb-gfx-html&amp;utm_medium=image&amp;utm_campaign=rp-mass\" rel=\"noopener\"><img loading=\"lazy\" width=\"178\" height=\"100\" border=\"0\" src=\"https://s01.riotpixels.net/data/04/f6/04f69eb9-f0f1-4a6b-a8ea-dcd2c1dba3a9.jpg.240p.jpg\"></a><a target=\"_blank\" href=\"https://en.riotpixels.com/games/drained-goddess/screenshots/12/?utm_source=emb-gfx-html&amp;utm_medium=image&amp;utm_campaign=rp-mass\" rel=\"noopener\"><img loading=\"lazy\" width=\"178\" height=\"100\" border=\"0\" src=\"https://s01.riotpixels.net/data/03/86/038674fe-e966-4fee-a004-402763d385a6.jpg.240p.jpg\"></a><br><a target=\"_blank\" href=\"https://en.riotpixels.com/games/drained-goddess/screenshots/5/?utm_source=emb-gfx-html&amp;utm_medium=image&amp;utm_campaign=rp-mass\" rel=\"noopener\"><img loading=\"lazy\" width=\"178\" height=\"100\" border=\"0\" src=\"https://s01.riotpixels.net/data/58/6b/586b3006-d9ea-4529-9b0b-b8c88e7fa8fa.jpg.240p.jpg\"></a><a target=\"_blank\" href=\"https://en.riotpixels.com/games/drained-goddess/screenshots/3/?utm_source=emb-gfx-html&amp;utm_medium=image&amp;utm_campaign=rp-mass\" rel=\"noopener\"><img loading=\"lazy\" width=\"178\" height=\"100\" border=\"0\" src=\"https://s01.riotpixels.net/data/41/55/41551dbb-c2f9-419e-b0f6-789d51622c8e.jpg.240p.jpg\"></a><a target=\"_blank\" href=\"https://en.riotpixels.com/games/drained-goddess/screenshots/1/?utm_source=emb-gfx-html&amp;utm_medium=image&amp;utm_campaign=rp-mass\" rel=\"noopener\"><img loading=\"lazy\" width=\"178\" height=\"100\" border=\"0\" src=\"https://s01.riotpixels.net/data/f3/d9/f3d93e31-58a2-4d1a-9baf-5e74b5a3a6bd.jpg.240p.jpg\"></a></p><h3>Repack Features</h3><ul><li>Based on The.Drained.Goddess-DARKSiDERS ISO release: ds-thedrainedgoddess.iso (13,849,612,288 bytes)</li><li>100% Lossless &amp; MD5 Perfect: all files are identical to originals after installation</li><li>NOTHING ripped, NOTHING re-encoded</li><li>Smaller archive size (compressed from 12.9 to 9.9 GB)</li><li>Installation takes 4-10 minutes (depending on your system)</li><li>After-install integrity check so you could make sure that everything installed properly</li><li>HDD space after installation: 13 GB</li><li>Language can be changed in game settings</li><li>Repack uses XTool library by Razor12911</li><li>At least 2 GB of free RAM (inc. virtual) required for installing this repack</li></ul><div ><div><h2>Game Description</h2></div><div ><p>The Drained Goddess is a first-person survival horror game achieved with CryEngine. It focuses on combat system and side story exploration. You will need to fight with many unique enemies and investigate the twisted fate of our main character. Finally you can put different endings to the story.</p><p><b><h3>Game Features</h3></b></p><ul><li><b>Rich Enemies:</b> There are many unique featured enemies. Their behaviors and abilities are specialized.</li><li><b>Rich Equipment:</b> You can get various unique equipment during the game, including melee weapons, thrown and magic spells. They have different attack styles and damage types.</li><li><b>Exploration:</b> Most enemies are optional to fight with or even triggered. Some side stories will affect story endings.</li><li><b>Flexible Difficulty Levels:</b> Puzzles and enemies in side stories are more difficult to deal with in general. Also you probably don\u2019t have enough resources to fight with all enemies easily. This will provide different experiences.</li></ul></div></div>             </div>"
}