{
    "link": "https://fitgirl-repacks.site/the-forgotten-city/",
    "title": "The Forgotten City",
    "first_img": "https://i7.imageban.ru/out/2021/07/28/fdd2a713e9a80a0c8665c3f5b779b494.jpg",
    "second_img": "https://s01.riotpixels.net/data/b8/a2/b8a2058c-d20f-486b-a909-76fbd8487ad6.jpg.240p.jpg",
    "body": "<div ><h2>The Forgotten City</h2><p ><div><a target=\"_blank\" href=\"https://en.riotpixels.com/games/forgotten-city/\" rel=\"noopener\"><img class=\"alignleft\" width=\"150\" src=\"https://i7.imageban.ru/out/2021/07/28/fdd2a713e9a80a0c8665c3f5b779b494.jpg\"></a></div><br>Genres/Tags: <strong>Adventure, Mystery, First-person, 3D</strong><br>Companies: <strong>Modern Storyteller, Dear Villagers</strong><br>Languages: <strong>RUS/ENG/MULTI6</strong><br>Original Size: <strong>12.6 GB</strong><br>Repack Size: <strong>8.3 GB</strong></p>&nbsp;<div>&nbsp;</div><h3>Download Mirrors</h3><ul><li><a href=\"https://1337x.to/torrent/4934888/The-Forgotten-City-MULTi6-FitGirl-Repack/\" target=\"_blank\" rel=\"noopener\">1337x</a> | [<a href=\"magnet:?xt=urn:btih:4BF2164FA682C8C86F82C4BD00B0386401DB71B3&amp;dn=The+Forgotten+City+%28MULTi6%29+%5BFitGirl+Repack%5D&amp;tr=udp%3A%2F%2F46.148.18.250%3A2710&amp;tr=udp%3A%2F%2Fopentor.org%3A2710&amp;tr=udp%3A%2F%2Ftracker.coppersurfer.tk%3A6969%2Fannounce&amp;tr=udp%3A%2F%2Ftracker.opentrackr.org%3A1337%2Fannounce&amp;tr=http%3A%2F%2Ftracker.dler.org%3A6969%2Fannounce&amp;tr=udp%3A%2F%2Ftracker.leechers-paradise.org%3A6969%2Fannounce&amp;tr=udp%3A%2F%2F9.rarbg.me%3A2730%2Fannounce&amp;tr=udp%3A%2F%2F9.rarbg.to%3A2770%2Fannounce&amp;tr=udp%3A%2F%2Ftracker.pirateparty.gr%3A6969%2Fannounce&amp;tr=http%3A%2F%2Fretracker.local%2Fannounce&amp;tr=http%3A%2F%2Fretracker.ip.ncnet.ru%2Fannounce&amp;tr=udp%3A%2F%2Fexodus.desync.com%3A6969%2Fannounce&amp;tr=udp%3A%2F%2Fipv4.tracker.harry.lu%3A80%2Fannounce&amp;tr=udp%3A%2F%2Fopen.stealth.si%3A80%2Fannounce&amp;tr=udp%3A%2F%2Ftracker.zer0day.to%3A1337%2Fannounce&amp;tr=udp%3A%2F%2Ftracker.leechers-paradise.org%3A6969%2Fannounce&amp;tr=udp%3A%2F%2Fcoppersurfer.tk%3A6969%2Fannounce\">magnet</a>] [<a href=\"https://pastefg.hermietkreeft.site/?21fdeb0a92fd2ac8#4r5Ctw3CEtuKFWAubG1jLJbH3ABeFcg6VJQCJcjd6yNx\" target=\"_blank\" rel=\"noopener\">.torrent file only</a>] <br><img src=\"https://torrent-stats.info/c4bd/37b2ac96f.png\" style=\"display:block;clear:both\"></li><li><a href=\"http://rutor.info/torrent/827172/the-forgotten-city-2021-pc-repack-ot-fitgirl\" target=\"_blank\" rel=\"noopener\">RuTor</a> [<a href=\"magnet:?xt=urn:btih:4bf2164fa682c8c86f82c4bd00b0386401db71b3&amp;dn=rutor.info_The+Forgotten+City+%282021%29+PC+%7C+RePack+%D0%BE%D1%82+FitGirl&amp;tr=udp://opentor.org:2710&amp;tr=udp://opentor.org:2710&amp;tr=http://retracker.local/announce\">magnet</a>]</li><li><a href=\"https://tapochek.net/viewtopic.php?p=2791364\" target=\"_blank\" rel=\"noopener\">Tapochek.net</a></li><li><a href=\"https://pastefg.hermietkreeft.site/?e71371de18db7ae8#HUNZz4tFkB5pwqrdWSYgz3HHm6TZtCxNPkFh3BDyA9xg\" target=\"_blank\" rel=\"noopener\">Filehoster: MultiUpload</a> (10+ hosters, interchangeable) [Use <a href=\"http://jdownloader.org/jdownloader2\" target=\"_blank\" rel=\"noopener\">JDownloader2</a>]</li><li><a href=\"https://pastefg.hermietkreeft.site/?99e46917ec4a9c42#HCkzJL3uMKBsZEqxcActppc41z3YLtUMzdNVemERqWeg\" target=\"_blank\" rel=\"noopener\">Filehoster: PixelDrain</a></li><li><a href=\"https://pastefg.hermietkreeft.site/?80d6ccf433ec3ac3#yCLy7YykFQbAemSZUQU1yrGhSLg3Upp4PUygb5kCEcv\" target=\"_blank\" rel=\"noopener\">Filehoster: ZippyShare</a></li><li><a href=\"https://crackhub.site/the-forgotten-city-fitgirl-repack/\" target=\"_blank\" rel=\"noopener\">Filehosters: Google Drive, OneDrive + others</a> (Uploaded by crackhub213)</li><li><a href=\"https://pastefg.hermietkreeft.site/?89eb37ad318ab9f9#7A2VrbB47eDDpj5RGQQUxA7yomLZpbgZiSvxYcifRuLK\" target=\"_blank\" rel=\"noopener\">Filehoster: OneDrive</a> (Uploaded by DyR0 t(-_-t), NOT compatible with other mirrors)</li></ul><p><a href=\"https://cs.rin.ru/forum/viewtopic.php?f=10&amp;t=90116\" target=\"_blank\" rel=\"noopener\">Discussion and (possible) future updates on CS.RIN.RU thread</a></p><h3>Screenshots (Click to enlarge)</h3><p><a target=\"_blank\" href=\"https://en.riotpixels.com/games/forgotten-city/screenshots/29/?utm_source=emb-gfx-html&amp;utm_medium=image&amp;utm_campaign=rp-mass\" rel=\"noopener\"><img loading=\"lazy\" width=\"178\" height=\"100\" border=\"0\" src=\"https://s01.riotpixels.net/data/b8/a2/b8a2058c-d20f-486b-a909-76fbd8487ad6.jpg.240p.jpg\"></a><a target=\"_blank\" href=\"https://en.riotpixels.com/games/forgotten-city/screenshots/23/?utm_source=emb-gfx-html&amp;utm_medium=image&amp;utm_campaign=rp-mass\" rel=\"noopener\"><img loading=\"lazy\" width=\"178\" height=\"100\" border=\"0\" src=\"https://s01.riotpixels.net/data/7b/66/7b66c3ff-e2f1-49ed-ae97-dba7d220c5d5.jpg.240p.jpg\"></a><a target=\"_blank\" href=\"https://en.riotpixels.com/games/forgotten-city/screenshots/20/?utm_source=emb-gfx-html&amp;utm_medium=image&amp;utm_campaign=rp-mass\" rel=\"noopener\"><img loading=\"lazy\" width=\"178\" height=\"100\" border=\"0\" src=\"https://s01.riotpixels.net/data/32/1e/321ed48b-e3ae-44b5-86b8-426275caf148.jpg.240p.jpg\"></a><br><a target=\"_blank\" href=\"https://en.riotpixels.com/games/forgotten-city/screenshots/12/?utm_source=emb-gfx-html&amp;utm_medium=image&amp;utm_campaign=rp-mass\" rel=\"noopener\"><img loading=\"lazy\" width=\"178\" height=\"100\" border=\"0\" src=\"https://s01.riotpixels.net/data/f2/d8/f2d83e2e-e043-4201-a8e4-aec1da2c5987.jpg.240p.jpg\"></a><a target=\"_blank\" href=\"https://en.riotpixels.com/games/forgotten-city/screenshots/11/?utm_source=emb-gfx-html&amp;utm_medium=image&amp;utm_campaign=rp-mass\" rel=\"noopener\"><img loading=\"lazy\" width=\"178\" height=\"100\" border=\"0\" src=\"https://s01.riotpixels.net/data/72/06/7206f018-783e-4158-b33f-879fd1431e5e.jpg.240p.jpg\"></a><a target=\"_blank\" href=\"https://en.riotpixels.com/games/forgotten-city/screenshots/2/?utm_source=emb-gfx-html&amp;utm_medium=image&amp;utm_campaign=rp-mass\" rel=\"noopener\"><img loading=\"lazy\" width=\"178\" height=\"100\" border=\"0\" src=\"https://s01.riotpixels.net/data/24/1f/241f72c6-be10-42cf-8af5-801d681f656f.jpg.240p.jpg\"></a></p><h3>Repack Features</h3><ul><li>Based on The.Forgotten.City-CODEX ISO release: codex-the.forgotten.city.iso (13,492,977,664 bytes)</li><li>100% Lossless &amp; MD5 Perfect: all files are identical to originals after installation</li><li>NOTHING ripped, NOTHING re-encoded</li><li>Significantly smaller archive size (compressed from 12.6 to 8.3 GB)</li><li>Installation takes 2-5 minutes (depending on your system)</li><li>After-install integrity check so you could make sure that everything installed properly</li><li>HDD space after installation: 25.8 GB</li><li>Language can be changed in game settings</li><li>Repack uses XTool library by Razor12911</li><li>At least 2 GB of free RAM (inc. virtual) required for installing this repack</li></ul><div ><div><h2>Game Description</h2></div><div ><p><b>The Forgotten City</b> is a mystery adventure game of exploration and deduction, and a re-imagining of the critically acclaimed mod that won a national Writers\u2019 Guild award and racked up over 3 million downloads.</p><p>Travel 2,000 years into the past and relive the final days of a cursed Roman city, where if one person sins, everyone dies. Combat is an option, but violence will only get you so far. Only by questioning an intertwined community of colourful characters, cleverly exploiting the time loop, and making difficult moral choices can you hope to solve this epic mystery. Here, your decisions matter. The fate of the city is in your hands.</p><p><b>Enjoyed the mod?</b><br>If you liked the mod, you\u2019re going to love the stand-alone game. We\u2019ve taken the best elements of the mod, re-written the script, which is now more than twice the length of the original at 80,000+ words, and added plenty of exciting new twists, endings, and surprises. Walk the streets of a brand new city. Get to know re-imagined characters. Solve challenging new puzzles with new gameplay mechanics, and enjoy an all-new orchestral score and professional voice acting. This is the story we always wanted to tell, for you to enjoy all over again \u2013 and again.</p><p>The Forgotten City may have evolved from a mod for an action RPG, but like the mod, this game is in a totally different genre. It\u2019s a mystery adventure game, developed by a core team of three people. If you don\u2019t go into this expecting a Triple-A action RPG, you\u2019ll have a much better time!</p><p><b><h3>Game Features</h3></b></p><ul><li>Explore an open-world ancient Roman city with historically authentic art, architecture, costumes and customs</li><li>Investigate a gripping, non-linear mystery with multiple endings</li><li>Become entwined in the lives of richly detailed, deeply interactive characters</li><li>Grapple with moral dilemmas which have life-and-death consequences</li><li>Play as whoever you want, by choosing your character\u2019s gender, origin and backstory</li><li>Solve problems with reason, charm, bribery, intimidation, violence, or by cleverly exploiting the time-loop</li></ul></div></div>             </div>"
}