{
    "link": "https://fitgirl-repacks.site/the-last-will/",
    "title": "The Last Will",
    "first_img": "https://i6.imageban.ru/out/2021/10/15/37c4c89195c37c9837dfe3b698dd872d.jpg",
    "second_img": "https://s01.riotpixels.net/data/85/7a/857a38e6-0032-49b7-b3bd-ee7095063dff.jpg.240p.jpg",
    "body": "<div ><h2>The Last Will</h2><p ><div><a target=\"_blank\" href=\"https://en.riotpixels.com/games/last-will/\" rel=\"noopener\"><img class=\"alignleft\" width=\"150\" src=\"https://i6.imageban.ru/out/2021/10/15/37c4c89195c37c9837dfe3b698dd872d.jpg\"></a></div><br>Genres/Tags: <strong>Adventure, Point-and-click, Puzzle solving, 3D</strong><br>Company: <strong>ODBear Studios</strong><br>Language: <strong>ENG</strong><br>Original Size: <strong>948 MB</strong><br>Repack Size: <strong>482 MB</strong></p>&nbsp;<div>&nbsp;</div><h3>Download Mirrors</h3><ul><li><a href=\"https://1337x.to/torrent/5018240/The-Last-Will-FitGirl-Repack/\" target=\"_blank\" rel=\"noopener\">1337x</a> | [<a href=\"magnet:?xt=urn:btih:6BD1C92059BF2BC34931E75EDD2814E8B6E736D5&amp;dn=The+Last+Will+%5BFitGirl+Repack%5D&amp;tr=udp%3A%2F%2F46.148.18.250%3A2710&amp;tr=udp%3A%2F%2Fopentor.org%3A2710&amp;tr=udp%3A%2F%2Ftracker.coppersurfer.tk%3A6969%2Fannounce&amp;tr=udp%3A%2F%2Ftracker.opentrackr.org%3A1337%2Fannounce&amp;tr=http%3A%2F%2Ftracker.dler.org%3A6969%2Fannounce&amp;tr=udp%3A%2F%2Ftracker.leechers-paradise.org%3A6969%2Fannounce&amp;tr=udp%3A%2F%2F9.rarbg.me%3A2730%2Fannounce&amp;tr=udp%3A%2F%2F9.rarbg.to%3A2770%2Fannounce&amp;tr=udp%3A%2F%2Ftracker.pirateparty.gr%3A6969%2Fannounce&amp;tr=http%3A%2F%2Fretracker.local%2Fannounce&amp;tr=http%3A%2F%2Fretracker.ip.ncnet.ru%2Fannounce&amp;tr=udp%3A%2F%2Fexodus.desync.com%3A6969%2Fannounce&amp;tr=udp%3A%2F%2Fipv4.tracker.harry.lu%3A80%2Fannounce&amp;tr=udp%3A%2F%2Fopen.stealth.si%3A80%2Fannounce&amp;tr=udp%3A%2F%2Ftracker.zer0day.to%3A1337%2Fannounce&amp;tr=udp%3A%2F%2Ftracker.leechers-paradise.org%3A6969%2Fannounce&amp;tr=udp%3A%2F%2Fcoppersurfer.tk%3A6969%2Fannounce\">magnet</a>] [<a href=\"https://pastefg.hermietkreeft.site/?7900c4da5e74ecdb#7j6dwUCzarYGdpxmvQG8YFdCiobuhLue9x94u2C9E51W\" target=\"_blank\" rel=\"noopener\">.torrent file only</a>] <br><img src=\"https://torrent-stats.info/e75e/42b3fba40.png\" style=\"display:block;clear:both\"></li><li><a href=\"https://tapochek.net/viewtopic.php?p=2805848#2805848\" target=\"_blank\" rel=\"noopener\">Tapochek.net</a></li><li><a href=\"https://pastefg.hermietkreeft.site/?64f16bb8f438e4fc#5a9Lpx3yQaE4NCbgJRLpz2FTPTJnxSfH1fHWH1mj7org\" target=\"_blank\" rel=\"noopener\">Filehoster: MultiUpload</a> (10+ hosters, interchangeable) [Use <a href=\"http://jdownloader.org/jdownloader2\" target=\"_blank\" rel=\"noopener\">JDownloader2</a>]</li><li><a href=\"https://pastefg.hermietkreeft.site/?99e22c0a1e2d68e8#HniRc7nQiAQmAvBjZ2JTzA7GbF7QWgJvT3Drqe68rmJf\" target=\"_blank\" rel=\"noopener\">Filehoster: PixelDrain</a></li><li><a href=\"https://pastefg.hermietkreeft.site/?08abd8ba54e8214b#BVvMEsAgGRsJyRpF7qgRFZQbLcfxxpUF7jLCuVpZZ7P7\" target=\"_blank\" rel=\"noopener\">Filehoster: ZippyShare</a></li><li><a href=\"https://pastefg.hermietkreeft.site/?dcc97dda8de1a387#CC3ktP1FGMDNBJRxJVk6bahH7iEha4PL1PfRA26QmoKp\" target=\"_blank\" rel=\"noopener\">Filehoster: LetsUpload</a> [Use <a href=\"http://jdownloader.org/jdownloader2\" target=\"_blank\" rel=\"noopener\">JDownloader2</a>]</li><li><a href=\"https://pastefg.hermietkreeft.site/?a8e0dc7dc87dfa20#AfTt3vAChV8QnDctA5KGE7ashyGwPyQBnVMTuqEUuMjM\" target=\"_blank\" rel=\"noopener\">Filehoster: OneDrive</a> (Uploaded by DyR0 t(-_-t), NOT compatible with other mirrors)</li><li><a href=\"https://crackhub.site/the-last-will-fitgirl-repack/\" target=\"_blank\" rel=\"noopener\">Filehosters: Google Drive, OneDrive + others</a> (Uploaded by crackhub213)</li></ul><p><a href=\"https://cs.rin.ru/forum/viewtopic.php?f=10&amp;t=116489\" target=\"_blank\" rel=\"noopener\">Discussion and (possible) future updates on CS.RIN.RU thread</a></p><h3>Screenshots (Click to enlarge)</h3><p><a target=\"_blank\" href=\"https://en.riotpixels.com/games/last-will/screenshots/7/?utm_source=emb-gfx-html&amp;utm_medium=image&amp;utm_campaign=rp-mass\" rel=\"noopener\"><img loading=\"lazy\" width=\"178\" height=\"100\" border=\"0\" src=\"https://s01.riotpixels.net/data/85/7a/857a38e6-0032-49b7-b3bd-ee7095063dff.jpg.240p.jpg\"></a><a target=\"_blank\" href=\"https://en.riotpixels.com/games/last-will/screenshots/6/?utm_source=emb-gfx-html&amp;utm_medium=image&amp;utm_campaign=rp-mass\" rel=\"noopener\"><img loading=\"lazy\" width=\"178\" height=\"100\" border=\"0\" src=\"https://s01.riotpixels.net/data/be/57/be57a3d4-6383-44a5-85b3-0ff5e5203f02.jpg.240p.jpg\"></a><a target=\"_blank\" href=\"https://en.riotpixels.com/games/last-will/screenshots/5/?utm_source=emb-gfx-html&amp;utm_medium=image&amp;utm_campaign=rp-mass\" rel=\"noopener\"><img loading=\"lazy\" width=\"178\" height=\"100\" border=\"0\" src=\"https://s01.riotpixels.net/data/c1/61/c161863f-a3b7-4ca8-b25e-40456efc1a56.jpg.240p.jpg\"></a><br><a target=\"_blank\" href=\"https://en.riotpixels.com/games/last-will/screenshots/3/?utm_source=emb-gfx-html&amp;utm_medium=image&amp;utm_campaign=rp-mass\" rel=\"noopener\"><img loading=\"lazy\" width=\"178\" height=\"100\" border=\"0\" src=\"https://s01.riotpixels.net/data/ba/a4/baa43928-5cdc-41a3-8e55-5558d9bece53.jpg.240p.jpg\"></a><a target=\"_blank\" href=\"https://en.riotpixels.com/games/last-will/screenshots/2/?utm_source=emb-gfx-html&amp;utm_medium=image&amp;utm_campaign=rp-mass\" rel=\"noopener\"><img loading=\"lazy\" width=\"178\" height=\"100\" border=\"0\" src=\"https://s01.riotpixels.net/data/5d/11/5d11506d-c992-497a-b49f-a34ac8b62aba.jpg.240p.jpg\"></a><a target=\"_blank\" href=\"https://en.riotpixels.com/games/last-will/screenshots/1/?utm_source=emb-gfx-html&amp;utm_medium=image&amp;utm_campaign=rp-mass\" rel=\"noopener\"><img loading=\"lazy\" width=\"178\" height=\"100\" border=\"0\" src=\"https://s01.riotpixels.net/data/0a/c3/0ac39336-9b01-4cb4-aadc-212c0d2780bd.jpg.240p.jpg\"></a></p><h3>Repack Features</h3><ul><li>Based on The.Last.Will-DARKSiDERS ISO release: ds-thelastwill.iso (993,914,880 bytes)</li><li>100% Lossless &amp; MD5 Perfect: all files are identical to originals after installation</li><li>NOTHING ripped, NOTHING re-encoded</li><li>Significantly smaller archive size (compressed from 948 to 482 MB)</li><li>Installation takes 2-3 minutes</li><li>After-install integrity check so you could make sure that everything installed properly</li><li>HDD space after installation: 1.1 GB (3.4 GB during installation)</li><li>At least 2 GB of free RAM (inc. virtual) required for installing this repack</li></ul><div ><div><h2>Game Description</h2></div><div >\u201cThe Last Will\u201d is a short yet intense adventure game about a grieving father who finds out his estranged son has left him a very special Will. His quest is to fulfill it with an assistant, despite his prejudices.<p>Presented for the first time in 1080p, \u201cThe Last Will\u201d is a 3D point-and-click dramatic adventure game played from the perspective of a grieving father whose son just passed away. \u201cThe Last Will\u201d intertwines a sad (and uplifting) narrative with puzzle-solving gameplay as well as finding hidden items to complete achievements.</p><p>Using your mouse, you will click (or double click to run) to decide where you want your 3D character to move to, in a 3D world with fixed cameras. Most of the gameplay is going from point A to point B in order to make the story go forward, but at certain times, you will need to find a way to solve a casual puzzle (find a way to solve a kitten, or find a missing briefcase).</p><p>Although the game is short, you can always save your game to save your progression as well as changing the game options (sounds and music) to your convinence.</p><p>Featuring an emotional soundtrack and high quality sounds, \u201cThe Last Will\u201d is an intense adventure game drama about the bonds between a father and his son.</p></div></div>             </div>"
}