{
    "link": "https://fitgirl-repacks.site/them-and-us/",
    "title": "Them and Us \u2013 v1.0.0 + 3 DLCs",
    "first_img": "https://i6.imageban.ru/out/2021/09/30/45af877913b0288f3bc00e9a10b3f0f9.jpg",
    "second_img": "https://s01.riotpixels.net/data/7c/04/7c04118e-f19f-4269-a3fc-3e6c1769688b.jpg.240p.jpg",
    "body": "<div ><h2>Them and Us \u2013 v1.0.0 + 3 DLCs</h2><p ><div><a target=\"_blank\" href=\"https://en.riotpixels.com/games/them-and-us/\" rel=\"noopener\"><img class=\"alignleft\" width=\"150\" src=\"https://i6.imageban.ru/out/2021/09/30/45af877913b0288f3bc00e9a10b3f0f9.jpg\"></a></div><br>Genres/Tags: <strong>Action, Adventure, Survival, Horror, Third Person, First Person, 3D</strong><br>Company: <strong>TendoGames</strong><br>Languages: <strong>RUS/ENG/MULTI13</strong><br>Original Size: <strong>26 GB</strong><br>Repack Size: <strong>from 6.1 GB</strong> [Selective Download]</p>&nbsp;<div>&nbsp;</div><h3>Download Mirrors</h3><ul><li><a href=\"https://1337x.to/torrent/5000389/Them-and-Us-v1-0-0-3-DLCs-MULTi13-FitGirl-Repack-Selective-Download-from-6-1-GB/\" target=\"_blank\" rel=\"noopener\">1337x</a> | [<a href=\"magnet:?xt=urn:btih:B25B725E21EDE661AAEAD27196A98A5B97CBC82F&amp;dn=Them+and+Us+%28v1.0.0+%2B+3+DLCs%2C+MULTi13%29+%5BFitGirl+Repack%2C+Selective+Download+-+from+6.1+GB%5D&amp;tr=udp%3A%2F%2F46.148.18.250%3A2710&amp;tr=udp%3A%2F%2Fopentor.org%3A2710&amp;tr=udp%3A%2F%2Ftracker.coppersurfer.tk%3A6969%2Fannounce&amp;tr=udp%3A%2F%2Ftracker.opentrackr.org%3A1337%2Fannounce&amp;tr=http%3A%2F%2Ftracker.dler.org%3A6969%2Fannounce&amp;tr=udp%3A%2F%2Ftracker.leechers-paradise.org%3A6969%2Fannounce&amp;tr=udp%3A%2F%2F9.rarbg.me%3A2730%2Fannounce&amp;tr=udp%3A%2F%2F9.rarbg.to%3A2770%2Fannounce&amp;tr=udp%3A%2F%2Ftracker.pirateparty.gr%3A6969%2Fannounce&amp;tr=http%3A%2F%2Fretracker.local%2Fannounce&amp;tr=http%3A%2F%2Fretracker.ip.ncnet.ru%2Fannounce&amp;tr=udp%3A%2F%2Fexodus.desync.com%3A6969%2Fannounce&amp;tr=udp%3A%2F%2Fipv4.tracker.harry.lu%3A80%2Fannounce&amp;tr=udp%3A%2F%2Fopen.stealth.si%3A80%2Fannounce&amp;tr=udp%3A%2F%2Ftracker.zer0day.to%3A1337%2Fannounce&amp;tr=udp%3A%2F%2Ftracker.leechers-paradise.org%3A6969%2Fannounce&amp;tr=udp%3A%2F%2Fcoppersurfer.tk%3A6969%2Fannounce\">magnet</a>] [<a href=\"https://pastefg.hermietkreeft.site/?193276d934ffadb9#8tsdKtmuEkGRYCdcjmjaTNLL3ATJTo2WbDoAopbX7TNV\" target=\"_blank\" rel=\"noopener\">.torrent file only</a>] <br><img src=\"https://torrent-stats.info/d271/3c6963658.png\" style=\"display:block;clear:both\"></li><li><a href=\"http://rutor.info/torrent/837070/them-and-us-v-1.0.0-dlcs-2021-pc-repack-ot-fitgirl\" target=\"_blank\" rel=\"noopener\">RuTor</a> [<a href=\"magnet:?xt=urn:btih:b25b725e21ede661aaead27196a98a5b97cbc82f&amp;dn=rutor.info_Them+and+Us+%5Bv+1.0.0+%2B+DLCs%5D+%282021%29+PC+%7C+RePack+%D0%BE%D1%82+FitGirl&amp;tr=udp://opentor.net:6969&amp;tr=udp://opentor.org:2710&amp;tr=http://retracker.local/announce\">magnet</a>]</li><li><a href=\"https://tapochek.net/viewtopic.php?p=2803231\" target=\"_blank\" rel=\"noopener\">Tapochek.net</a></li><li><a href=\"https://pastefg.hermietkreeft.site/?ca9dc107ddc07228#78m5zMHVXrjge5qYeaqmMMWnfXc3B72ZCzaFgNx4hTpG\" target=\"_blank\" rel=\"noopener\">Filehoster: MultiUpload</a> (10+ hosters, interchangeable) [Use <a href=\"http://jdownloader.org/jdownloader2\" target=\"_blank\" rel=\"noopener\">JDownloader2</a>]</li><li><a href=\"https://pastefg.hermietkreeft.site/?e02ed09238298f4f#9Wat1PFZ8LEmsNNvKzTqWTJdXEJnS5QutV9kyhGictSp\" target=\"_blank\" rel=\"noopener\">Filehoster: PixelDrain</a></li><li><a href=\"https://pastefg.hermietkreeft.site/?04e648fee3718eb8#4vUnn1LFkeEsgD1tsCm6TQBRLE9UZWoE6vjknpLKVWyB\" target=\"_blank\" rel=\"noopener\">Filehoster: ZippyShare</a></li><li><a href=\"https://pastefg.hermietkreeft.site/?eeb4d54c7a02b932#2eaNq8uHAxCQwvcp6eGUDkuG9EoS4NJmiiBtNxGcrxHw\" target=\"_blank\" rel=\"noopener\">Filehoster: LetsUpload</a> [Use <a href=\"http://jdownloader.org/jdownloader2\" target=\"_blank\" rel=\"noopener\">JDownloader2</a>]</li><li><a href=\"https://pastefg.hermietkreeft.site/?4639b802f1ace307#GjCVbZYNsXTiFBU2nrKfdApH1bqr23XJsxeK3aiNHBuU\" target=\"_blank\" rel=\"noopener\">Filehoster: OneDrive</a> (Uploaded by DyR0 t(-_-t), NOT compatible with other mirrors)</li></ul><p><a href=\"https://cs.rin.ru/forum/viewtopic.php?f=10&amp;t=92461\" target=\"_blank\" rel=\"noopener\">Discussion and (possible) future updates on CS.RIN.RU thread</a></p><h3>Screenshots (Click to enlarge)</h3><p><a target=\"_blank\" href=\"https://en.riotpixels.com/games/them-and-us/screenshots/14/?utm_source=emb-gfx-html&amp;utm_medium=image&amp;utm_campaign=rp-mass\" rel=\"noopener\"><img loading=\"lazy\" width=\"178\" height=\"100\" border=\"0\" src=\"https://s01.riotpixels.net/data/7c/04/7c04118e-f19f-4269-a3fc-3e6c1769688b.jpg.240p.jpg\"></a><a target=\"_blank\" href=\"https://en.riotpixels.com/games/them-and-us/screenshots/13/?utm_source=emb-gfx-html&amp;utm_medium=image&amp;utm_campaign=rp-mass\" rel=\"noopener\"><img loading=\"lazy\" width=\"178\" height=\"100\" border=\"0\" src=\"https://s01.riotpixels.net/data/80/8d/808d6435-e459-41a0-bc48-92174c59b4f8.jpg.240p.jpg\"></a><a target=\"_blank\" href=\"https://en.riotpixels.com/games/them-and-us/screenshots/10/?utm_source=emb-gfx-html&amp;utm_medium=image&amp;utm_campaign=rp-mass\" rel=\"noopener\"><img loading=\"lazy\" width=\"178\" height=\"100\" border=\"0\" src=\"https://s01.riotpixels.net/data/5c/cf/5ccfe2b7-6b04-444a-a094-ac0ba1481141.jpg.240p.jpg\"></a><br><a target=\"_blank\" href=\"https://en.riotpixels.com/games/them-and-us/screenshots/5/?utm_source=emb-gfx-html&amp;utm_medium=image&amp;utm_campaign=rp-mass\" rel=\"noopener\"><img loading=\"lazy\" width=\"178\" height=\"100\" border=\"0\" src=\"https://s01.riotpixels.net/data/e4/90/e4901878-55fb-42c1-8175-cec23da4ec84.jpg.240p.jpg\"></a><a target=\"_blank\" href=\"https://en.riotpixels.com/games/them-and-us/screenshots/4/?utm_source=emb-gfx-html&amp;utm_medium=image&amp;utm_campaign=rp-mass\" rel=\"noopener\"><img loading=\"lazy\" width=\"178\" height=\"100\" border=\"0\" src=\"https://s01.riotpixels.net/data/44/af/44af2577-43c5-45a0-ab6d-1c44c39e163d.jpg.240p.jpg\"></a><a target=\"_blank\" href=\"https://en.riotpixels.com/games/them-and-us/screenshots/1/?utm_source=emb-gfx-html&amp;utm_medium=image&amp;utm_campaign=rp-mass\" rel=\"noopener\"><img loading=\"lazy\" width=\"178\" height=\"100\" border=\"0\" src=\"https://s01.riotpixels.net/data/28/24/28247962-09bc-42f0-a17d-c296a1ff0ede.jpg.240p.jpg\"></a></p><h3>Repack Features</h3><ul><li>Based on Them.and.Us-CODEX ISO release: codex-them.and.us.iso (26,994,671,616 bytes)</li><li>3 missing DLCs (420 MB) and Russian videos (402 MB) added</li><li>100% Lossless &amp; MD5 Perfect: all files are identical to originals after installation</li><li>NOTHING ripped, NOTHING re-encoded</li><li>Selective Download feature: you may skip downloading and installing of English and/or Russian videos + three credits videos (walls of text)</li><li>Significantly smaller archive size (compressed from cumulative 26 to 6.1~6.6 GB, depending on selected components)</li><li>Installation takes 7-10 minutes (depending on your system)</li><li>After-install integrity check so you could make sure that everything installed properly</li><li>HDD space after installation: up to 29.5 GB</li><li>Language can be changed by running corresponding \u201cSwitch to\u201d bat-files in the game root</li><li>Repack uses XTool library by Razor12911</li><li>At least 2 GB of free RAM (inc. virtual) required for installing this repack</li></ul><div ><div><h2>Game Description</h2></div><div ><b>The Story:</b><br>The year is 1978. A lone bus, a terrible crash, out upon the old and winding dirt roads which skirt a vast American wilderness. A survivor. A young woman, her mind scarred by a life of tragedy, her name is Alicia. She is alone. She is injured. Around her, quietly, slowly, a surreal and deadly nightmare unfolds.<p>Fighting for her life, Alicia finds herself in the midst of events she does not understand- a \u201cchange\u201d taking grip on the world around her. Its nature, its cause? unknown.</p><p>As night descends, she pushes further into the unknown \u2013 Will she survive? Will you?</p><p><b><h3>Game Features</h3></b></p><ul><li>Fixed Camera: This mode is designed for people that want a true classic survival horror experience. For those who like things hard and challenging.</li><li>Over The Shoulder: Although we keep some classic elements in this mode, OTS is designed for people who want a more modern gaming experience, with a slightly easier (but still challenging in its own way) experience.</li><li>The game pays homage to some of the classic survival horror games we love, expect to see some \u201crooms\u201d or \u201ceastern eggs\u201d that may remind you of these games.</li><li>Regardless of how you play, this game will not hold your hand. You will have to think for yourself about what needs to be done and how to progress the story.</li><li>Use your own wits and intuition to make it out alive.</li><li>Post-process effects (bloom filters, god rays, etc.) added for increased immersion.</li><li>Crisp graphics with a 60 FPS default. Unlock FPS is available.</li><li>Optional reversion to first-gen console graphics. The retro mode also triggers fixed camera play for a greater challenge.</li><li>Realistic damage and dismemberment systems with accompanying gore.</li><li>In-world puzzles featuring ciphers and keys.</li><li>Resource management for true survival horror.</li><li>Finish the game and unlock new costumes or weapons.</li><li>There are different endings. Decide Alicia\u2019s fate yourself.</li></ul><p><b>Included DLCs:</b></p><ul><li>First Person View</li><li>Service Costume Pack</li><li>Retro Costume</li></ul></div></div>             </div>"
}