{
    "link": "https://fitgirl-repacks.site/thief-definitive-edition/",
    "title": "THIEF: Definitive Edition \u2013 v1.7 GOG + All DLCs + Bonus Content",
    "first_img": "https://i114.fastpic.ru/big/2021/0614/81/9e9c23b7490f918f862aa13bce2b7981.jpg",
    "second_img": "https://s01.riotpixels.net/data/d9/80/d98083fa-86ee-4dfb-a973-8991db227e58.jpg.240p.jpg",
    "body": "<div ><h2>THIEF: Definitive Edition \u2013 v1.7 GOG + All DLCs + Bonus Content</h2><p ><div><a target=\"_blank\" href=\"https://en.riotpixels.com/games/thief/\" rel=\"noopener\"><img class=\"alignleft\" width=\"150\" src=\"https://i114.fastpic.ru/big/2021/0614/81/9e9c23b7490f918f862aa13bce2b7981.jpg\"></a></div><br>Genres/Tags: <strong>Action, Stealth, First-person, 3D</strong><br>Companies: <strong>Eidos-Montr\u00e9al, Square Enix</strong><br>Languages: <strong>RUS/ENG/MULTI6</strong><br>Original Size: <strong>23.6 GB</strong><br>Repack Size: <strong>from 9.8 GB</strong> [Selective Download]</p>&nbsp;<div>&nbsp;</div><h3>Download Mirrors</h3><ul><li><a href=\"https://1337x.to/torrent/4892750/THIEF-Definitive-Edition-v1-7-GOG-All-DLCs-Bonus-Content-MULTi8-FitGirl-Repack-Selective-Download-from-9-8-GB/\" target=\"_blank\" rel=\"noopener\">1337x</a> | [<a href=\"magnet:?xt=urn:btih:0797F1B723DF1B5192AB256F85F814BBBF0BF6C0&amp;dn=THIEF%3A+Definitive+Edition+%28v1.7+GOG+%2B+All+DLCs+%2B+Bonus+Content%2C+MULTi8%29+%5BFitGirl+Repack%2C+Selective+Download+-+from+9.8+GB%5D&amp;tr=udp%3A%2F%2F46.148.18.250%3A2710&amp;tr=udp%3A%2F%2Fopentor.org%3A2710&amp;tr=udp%3A%2F%2Ftracker.coppersurfer.tk%3A6969%2Fannounce&amp;tr=udp%3A%2F%2Ftracker.opentrackr.org%3A1337%2Fannounce&amp;tr=http%3A%2F%2Ftracker.dler.org%3A6969%2Fannounce&amp;tr=udp%3A%2F%2Ftracker.leechers-paradise.org%3A6969%2Fannounce&amp;tr=udp%3A%2F%2F9.rarbg.me%3A2730%2Fannounce&amp;tr=udp%3A%2F%2F9.rarbg.to%3A2770%2Fannounce&amp;tr=udp%3A%2F%2Ftracker.pirateparty.gr%3A6969%2Fannounce&amp;tr=http%3A%2F%2Fretracker.local%2Fannounce&amp;tr=http%3A%2F%2Fretracker.ip.ncnet.ru%2Fannounce&amp;tr=udp%3A%2F%2Fexodus.desync.com%3A6969%2Fannounce&amp;tr=udp%3A%2F%2Fipv4.tracker.harry.lu%3A80%2Fannounce&amp;tr=udp%3A%2F%2Fopen.stealth.si%3A80%2Fannounce&amp;tr=udp%3A%2F%2Ftracker.zer0day.to%3A1337%2Fannounce&amp;tr=udp%3A%2F%2Ftracker.leechers-paradise.org%3A6969%2Fannounce&amp;tr=udp%3A%2F%2Fcoppersurfer.tk%3A6969%2Fannounce\">magnet</a>] [<a href=\"https://pastefg.hermietkreeft.site/?a09099501a87f777#GU2GSjPtJuNMaGEstPrrQNBZxXodt7mabhs9oJQ4mw8b\" target=\"_blank\" rel=\"noopener\">.torrent file only</a>] <br><img src=\"https://torrent-stats.info/256f/a80fa0db.png\" style=\"display:block;clear:both\"></li><li><a href=\"http://rutor.info/torrent/821145/thief-definitive-edition-v1.7-gog-dlcs-bonus-2014-pc-repack-ot-fitgirl\" target=\"_blank\" rel=\"noopener\">RuTor</a> [<a href=\"magnet:?xt=urn:btih:0797f1b723df1b5192ab256f85f814bbbf0bf6c0&amp;dn=rutor.info_Thief%3A+Definitive+Edition+%5Bv1.7+GOG+%2B+DLCs+%2B+Bonus%5D+%282014%29+PC+%7C+RePack+%D0%BE%D1%82+FitGirl&amp;tr=udp://opentor.org:2710&amp;tr=udp://opentor.org:2710&amp;tr=http://retracker.local/announce\">magnet</a>]</li><li><a href=\"https://tapochek.net/viewtopic.php?p=2784076\" target=\"_blank\" rel=\"noopener\">Tapochek.net</a></li><li><a href=\"https://pastefg.hermietkreeft.site/?b1edea9d5ea2ca15#38kodcpdus8jJSDER6iqE2Eu5FTpD5d5jUBrb9eQP188\" target=\"_blank\" rel=\"noopener\">Filehoster: MultiUpload</a> (10+ hosters, interchangeable) [Use <a href=\"http://jdownloader.org/jdownloader2\" target=\"_blank\" rel=\"noopener\">JDownloader2</a>]</li><li><a href=\"https://pastefg.hermietkreeft.site/?22bc8bd11f0e1d91#CHyMH2nH8sMogby75kgPXuF9SAz3E2nmTugcBGGxU23P\" target=\"_blank\" rel=\"noopener\">Filehoster: PixelDrain</a></li><li><a href=\"https://pastefg.hermietkreeft.site/?ee55a602dea36456#2G1MGbAmkMxA4ao2WubBcuSGTJpeoGFFLPg8K4PaC3vD\" target=\"_blank\" rel=\"noopener\">Filehoster: LetsUpload</a> [Use <a href=\"http://jdownloader.org/jdownloader2\" target=\"_blank\" rel=\"noopener\">JDownloader2</a>]</li><li><a href=\"https://crackhub.site/thief-definitive-edition-v1-7-gog-all-dlcs-bonus-content-fitgirl-repack/\" target=\"_blank\" rel=\"noopener\">Filehosters: Google Drive, OneDrive + others</a> (Uploaded by crackhub213)</li><li><a href=\"https://pastefg.hermietkreeft.site/?f5f927c1f9c96042#C1KNGtgayxt2jYxcbXtM5MYZuxALaT9SvFUZokcojWnm\" target=\"_blank\" rel=\"noopener\">Filehoster: OneDrive</a> (Uploaded by DyR0 t(-_-t), NOT compatible with other mirrors)</li></ul><p><a href=\"https://cs.rin.ru/forum/viewtopic.php?f=10&amp;t=63623\" target=\"_blank\" rel=\"noopener\">Discussion and (possible) future updates on CS.RIN.RU thread</a></p><h3>Screenshots (Click to enlarge)</h3><p><a target=\"_blank\" href=\"https://en.riotpixels.com/games/thief/screenshots/91/?utm_source=emb-gfx-html&amp;utm_medium=image&amp;utm_campaign=rp-mass\" rel=\"noopener\"><img loading=\"lazy\" width=\"178\" height=\"100\" border=\"0\" src=\"https://s01.riotpixels.net/data/d9/80/d98083fa-86ee-4dfb-a973-8991db227e58.jpg.240p.jpg\"></a><a target=\"_blank\" href=\"https://en.riotpixels.com/games/thief/screenshots/62/?utm_source=emb-gfx-html&amp;utm_medium=image&amp;utm_campaign=rp-mass\" rel=\"noopener\"><img loading=\"lazy\" width=\"178\" height=\"100\" border=\"0\" src=\"https://s01.riotpixels.net/data/49/06/4906e8dd-62eb-4107-86d5-6af689372029.jpg.240p.jpg\"></a><a target=\"_blank\" href=\"https://en.riotpixels.com/games/thief/screenshots/2/?utm_source=emb-gfx-html&amp;utm_medium=image&amp;utm_campaign=rp-mass\" rel=\"noopener\"><img loading=\"lazy\" width=\"178\" height=\"100\" border=\"0\" src=\"https://s01.riotpixels.net/data/c0/fa/c0fa2605-2179-4c4d-ba2a-c3e77a4c0637.jpg.240p.jpg\"></a><br><a target=\"_blank\" href=\"https://en.riotpixels.com/games/thief/screenshots/22/?utm_source=emb-gfx-html&amp;utm_medium=image&amp;utm_campaign=rp-mass\" rel=\"noopener\"><img loading=\"lazy\" width=\"178\" height=\"100\" border=\"0\" src=\"https://s01.riotpixels.net/data/e9/78/e978fd5a-4c3d-4b12-a33b-422e2a70dffe.jpg.240p.jpg\"></a><a target=\"_blank\" href=\"https://en.riotpixels.com/games/thief/screenshots/20/?utm_source=emb-gfx-html&amp;utm_medium=image&amp;utm_campaign=rp-mass\" rel=\"noopener\"><img loading=\"lazy\" width=\"178\" height=\"100\" border=\"0\" src=\"https://s01.riotpixels.net/data/02/78/0278d69d-ef4d-48c8-b611-81f986f6dd97.jpg.240p.jpg\"></a><a target=\"_blank\" href=\"https://en.riotpixels.com/games/thief/screenshots/5/?utm_source=emb-gfx-html&amp;utm_medium=image&amp;utm_campaign=rp-mass\" rel=\"noopener\"><img loading=\"lazy\" width=\"178\" height=\"100\" border=\"0\" src=\"https://s01.riotpixels.net/data/57/ba/57baf1ef-72e2-488f-9e1f-85c6c52e217c.jpg.240p.jpg\"></a></p><h3>Repack Features</h3><ul><li>Based on THIEF.Definitive.Edition-GOG release with Goodies: 25,356,603,064 bytes</li><li>Game version is v1.7 GOG; Bonus content and all DLCs and are included</li><li>100% Lossless &amp; MD5 Perfect: all files are identical to originals after installation</li><li>NOTHING ripped, NOTHING re-encoded</li><li>Selective Download feature: you can skip downloading and installing of bonus content (OST + Comic) and voicepacks you don\u2019t need</li><li>Significantly smaller archive size (compressed from 23.6 to 9.8~11.9 GB, depending on selected components)</li><li>Installation takes 6-10 minutes (depending on your PC selected components)</li><li>After-install integrity check so you could make sure that everything installed properly</li><li>HDD space after installation: up to 27 GB</li><li>Text/GUI language can be changed in game settings</li><li>Audio language is set in \u201cgoggame-1446830366.info\u201d file, \u201clanguage\u201d string; Possible options: English, Russian, Spanish, German, French, Italian</li><li>Repack uses XTool library by Razor12911</li><li>At least 2 GB of free RAM (inc. virtual) required for installing this repack</li></ul><div ><div><h2>Game Description</h2></div><div >Garrett, the Master Thief, steps out of the shadows into the City. In this treacherous place, where the Baron\u2019s Watch spreads a rising tide of fear and oppression, his skills are the only things he can trust. Even the most cautious citizens and their best-guarded possessions are not safe from his reach.<p>As an uprising emerges, Garrett finds himself entangled in growing layers of conflict. Lead by Orion, the voice of the people, the tyrannized citizens will do everything they can to claim back the City from the Baron\u2019s grasp. The revolution is inevitable. If Garrett doesn\u2019t get involved, the streets will run red with blood and the City will tear itself apart.</p><p>Garrett never paid the price for anything\u2026 until now.</p><p><b>THIEF: Definitive Edition includes the complete base game as well as the following bonus content:</b></p><ul><li>The Bank Heist bonus mission</li><li>The Forsaken challenge map</li><li>Booster Pack DLC \u2013 Opportunist</li><li>Booster Pack DLC \u2013 Predator</li><li>Booster Pack DLC \u2013 Ghost</li><li>Thief: Tales From The City digital comic (EN/FR) &amp; OST</li></ul><p><b><h3>Game Features</h3></b></p><ul><li><b>YOU ARE GARRETT, THE MASTER THIEF:</b> Step into the silent shoes of Garrett, a dark and lonely thief with an unrivalled set of skills. The most challenging heists, the most inaccessible loots, the best kept secrets: nothing is out of your reach.</li><li><b>THE CITY: YOURS FOR THE TAKING:</b> Explore the sick and troubled City, from its shady back alleys to the heights of its rooftops. Sneak into rich houses, Infiltrate the best-guarded mansions and lurk in every dark corner\u2026 unnoticed and unsanctioned.</li><li><b>CHOOSE YOUR APPROACH:</b> Leverage Garrett\u2019s arsenal to take down guards with your blackjack, shoot one of your many arrow types or use your newly acquired focus abilities to manipulate the environment and outsmart your enemies. What kind of master thief will you be?</li><li><b>UNPRECEDENTED IMMERSION:</b> Become one with the world thanks to ground-breaking visual elements and a truly tactile and visceral first-person experience. Through jaw-dropping Next-Gen technical possibilities, Thief delivers unprecedented immersion through sights, sounds and artificial intelligence.</li></ul></div></div><div ><div Selective Download</div><div ><p>You can skip downloading of voice files/bonus filesu don\u2019t need. Here is the list of selective/optional files:</p><ul><li>fg-optional-bonus-content.bin (contains bonus OST and Comib Book)</li><li>fg-selective-english.bin (Recommended for English, Czech and Polish users)</li><li>fg-selective-french.bin</li><li>fg-selective-german.bin</li><li>fg-selective-italian.bin</li><li>fg-selective-russian.bin</li><li>fg-selective-spanish.bin</li></ul><p>In example,  if you want to launch the game with Spanish voiceovers \u2013 skip all \u201coptional/selective\u201d files, but download fg-selective-spanish.bin &amp; all main files (01-04).</p></div></div><p>I didn\u2019t delete the <a href=\"https://fitgirl-repacks.site/thief-complete-edition/\">old \u201cComplete Edition\u201d repack</a>, because it\u2019s the only one which supports 32-bit OS.</p>             </div>"
}