{
    "link": "https://fitgirl-repacks.site/time-loader/",
    "title": "Time Loader",
    "first_img": "https://i4.imageban.ru/out/2021/11/03/8606708dcdfb50570ebf727409abd81a.jpg",
    "second_img": "https://s01.riotpixels.net/data/5b/57/5b57dc71-0687-4fb2-b6b0-de1d4e5148de.jpg.240p.jpg",
    "body": "<div ><h2>Time Loader</h2><p ><div><a target=\"_blank\" href=\"https://en.riotpixels.com/games/time-loader/\" rel=\"noopener\"><img class=\"alignleft\" width=\"150\" src=\"https://i4.imageban.ru/out/2021/11/03/8606708dcdfb50570ebf727409abd81a.jpg\"></a></div><br>Genres/Tags: <strong>Arcade, Platform adventure, Physics-based, Puzzle solving, Side, 3D</strong><br>Companies: <strong>Flazm, META Publishing</strong><br>Languages: <strong>RUS/ENG/MULTI9</strong><br>Original Size: <strong>1.7 GB</strong><br>Repack Size: <strong>1.3 GB</strong></p>&nbsp;<div>&nbsp;</div><h3>Download Mirrors</h3><ul><li><a href=\"https://1337x.to/torrent/5039430/Time-Loader-MULTi9-FitGirl-Repack/\" target=\"_blank\" rel=\"noopener\">1337x</a> | [<a href=\"magnet:?xt=urn:btih:9E521A35189CB808DB5529F2F870FB54DA8678EF&amp;dn=Time+Loader+%28MULTi9%29+%5BFitGirl+Repack%5D&amp;tr=udp%3A%2F%2F46.148.18.250%3A2710&amp;tr=udp%3A%2F%2Fopentor.org%3A2710&amp;tr=udp%3A%2F%2Ftracker.coppersurfer.tk%3A6969%2Fannounce&amp;tr=udp%3A%2F%2Ftracker.opentrackr.org%3A1337%2Fannounce&amp;tr=http%3A%2F%2Ftracker.dler.org%3A6969%2Fannounce&amp;tr=udp%3A%2F%2Ftracker.leechers-paradise.org%3A6969%2Fannounce&amp;tr=udp%3A%2F%2F9.rarbg.me%3A2730%2Fannounce&amp;tr=udp%3A%2F%2F9.rarbg.to%3A2770%2Fannounce&amp;tr=udp%3A%2F%2Ftracker.pirateparty.gr%3A6969%2Fannounce&amp;tr=http%3A%2F%2Fretracker.local%2Fannounce&amp;tr=http%3A%2F%2Fretracker.ip.ncnet.ru%2Fannounce&amp;tr=udp%3A%2F%2Fexodus.desync.com%3A6969%2Fannounce&amp;tr=udp%3A%2F%2Fipv4.tracker.harry.lu%3A80%2Fannounce&amp;tr=udp%3A%2F%2Fopen.stealth.si%3A80%2Fannounce&amp;tr=udp%3A%2F%2Ftracker.zer0day.to%3A1337%2Fannounce&amp;tr=udp%3A%2F%2Ftracker.leechers-paradise.org%3A6969%2Fannounce&amp;tr=udp%3A%2F%2Fcoppersurfer.tk%3A6969%2Fannounce\">magnet</a>] [<a href=\"https://pastefg.hermietkreeft.site/?13951f7d29773132#7z7eZEX33ndUvZTVfBPcf15pLnEM8HhTjM7ydCfh3v3p\" target=\"_blank\" rel=\"noopener\">.torrent file only</a>] <br><img src=\"https://torrent-stats.info/29f2/c2ac7032.png\" style=\"display:block;clear:both\"></li><li><a href=\"http://rutor.info/torrent/843476/time-loader-2021-pc-repack-ot-fitgirl\" target=\"_blank\" rel=\"noopener\">RuTor</a> [<a href=\"magnet:?xt=urn:btih:9e521a35189cb808db5529f2f870fb54da8678ef&amp;dn=rutor.info_Time+Loader+%282021%29+PC+%7C+RePack+%D0%BE%D1%82+FitGirl&amp;tr=udp://opentor.net:6969&amp;tr=udp://opentor.org:2710&amp;tr=http://retracker.local/announce\">magnet</a>]</li><li><a href=\"https://tapochek.net/viewtopic.php?p=2809511\" target=\"_blank\" rel=\"noopener\">Tapochek.net</a></li><li><a href=\"https://pastefg.hermietkreeft.site/?f214df0a070e622b#4MFDnWYP16TEzCTU3uMxEpHVX9m8g1V58d7rLfQe2WB4\" target=\"_blank\" rel=\"noopener\">Filehoster: MultiUpload</a> (10+ hosters, interchangeable) [Use <a href=\"http://jdownloader.org/jdownloader2\" target=\"_blank\" rel=\"noopener\">JDownloader2</a>]</li><li><a href=\"https://pastefg.hermietkreeft.site/?5721a48b79c2022e#9B59PoYaUeFTjgNuT8GFBAuoA8gkx2FYCa8P4BUCX2jN\" target=\"_blank\" rel=\"noopener\">Filehoster: PixelDrain</a></li><li><a href=\"https://pastefg.hermietkreeft.site/?d6fa7146e73112e8#7jMinqFNVMRuEDQFr7rEPPgmp1gPeaVyKAgazi6jHJL8\" target=\"_blank\" rel=\"noopener\">Filehoster: ZippyShare</a></li><li><a href=\"https://pastefg.hermietkreeft.site/?612eb7ce36da1371#9Kajmwzh8qoo2vDtKuLgDvHBy7RdreQWGT2DU8AQVmbD\" target=\"_blank\" rel=\"noopener\">Filehoster: BayFiles</a></li><li><a href=\"https://pastefg.hermietkreeft.site/?76ce44d22a433a11#3d5XyQBpyHHvbmQ8rwPJLo7LjcBha7FUNV8tnZHmUQaB\" target=\"_blank\" rel=\"noopener\">Filehoster: LetsUpload</a> [Use <a href=\"http://jdownloader.org/jdownloader2\" target=\"_blank\" rel=\"noopener\">JDownloader2</a>]</li><li><a href=\"https://pastefg.hermietkreeft.site/?3ddaab59372f2049#DH3RXemb5LnStHLi2voEwFPDb8XMFGqtFbrcVmGeGaAN\" target=\"_blank\" rel=\"noopener\">Filehoster: OneDrive</a> (Uploaded by DyR0 t(-_-t), NOT compatible with other mirrors)</li><p><!--  <li><a href=\"\" target=\"_blank\" rel=\"noopener\">Filehosters: Google Drive, OneDrive + others</a> (Uploaded by crackhub213)</li>  --></p></ul><p><a href=\"https://cs.rin.ru/forum/viewtopic.php?f=10&amp;t=105615\" target=\"_blank\" rel=\"noopener\">Discussion and (possible) future updates on CS.RIN.RU thread</a></p><h3>Screenshots (Click to enlarge)</h3><p><a target=\"_blank\" href=\"https://en.riotpixels.com/games/time-loader/screenshots/14/?utm_source=emb-gfx-html&amp;utm_medium=image&amp;utm_campaign=rp-mass\" rel=\"noopener\"><img loading=\"lazy\" width=\"178\" height=\"100\" border=\"0\" src=\"https://s01.riotpixels.net/data/5b/57/5b57dc71-0687-4fb2-b6b0-de1d4e5148de.jpg.240p.jpg\"></a><a target=\"_blank\" href=\"https://en.riotpixels.com/games/time-loader/screenshots/13/?utm_source=emb-gfx-html&amp;utm_medium=image&amp;utm_campaign=rp-mass\" rel=\"noopener\"><img loading=\"lazy\" width=\"178\" height=\"100\" border=\"0\" src=\"https://s01.riotpixels.net/data/a1/f2/a1f25271-f21c-4a11-a108-56b91d0e1c2f.jpg.240p.jpg\"></a><a target=\"_blank\" href=\"https://en.riotpixels.com/games/time-loader/screenshots/11/?utm_source=emb-gfx-html&amp;utm_medium=image&amp;utm_campaign=rp-mass\" rel=\"noopener\"><img loading=\"lazy\" width=\"178\" height=\"100\" border=\"0\" src=\"https://s01.riotpixels.net/data/52/6d/526dc687-6640-4bd8-bc4f-3a8631f84564.jpg.240p.jpg\"></a><br><a target=\"_blank\" href=\"https://en.riotpixels.com/games/time-loader/screenshots/9/?utm_source=emb-gfx-html&amp;utm_medium=image&amp;utm_campaign=rp-mass\" rel=\"noopener\"><img loading=\"lazy\" width=\"178\" height=\"100\" border=\"0\" src=\"https://s01.riotpixels.net/data/f5/19/f519dd4f-3fc1-48f0-a04f-096c90654090.jpg.240p.jpg\"></a><a target=\"_blank\" href=\"https://en.riotpixels.com/games/time-loader/screenshots/8/?utm_source=emb-gfx-html&amp;utm_medium=image&amp;utm_campaign=rp-mass\" rel=\"noopener\"><img loading=\"lazy\" width=\"195\" height=\"100\" border=\"0\" src=\"https://s01.riotpixels.net/data/ac/0b/ac0bc6e3-b888-43f2-a7c8-b4c60e333d06.jpg.240p.jpg\"></a><a target=\"_blank\" href=\"https://en.riotpixels.com/games/time-loader/screenshots/5/?utm_source=emb-gfx-html&amp;utm_medium=image&amp;utm_campaign=rp-mass\" rel=\"noopener\"><img loading=\"lazy\" width=\"178\" height=\"100\" border=\"0\" src=\"https://s01.riotpixels.net/data/bd/f8/bdf8c2bb-c140-400d-8e20-2344cb6c838e.jpg.240p.jpg\"></a></p><h3>Repack Features</h3><ul><li>Based on Time.Loader-CODEX ISO release: codex-time.loader.iso (1,811,513,344 bytes)</li><li>100% Lossless &amp; MD5 Perfect: all files are identical to originals after installation</li><li>NOTHING ripped, NOTHING re-encoded</li><li>Smaller archive size (compressed from 1.7 to 1.3 GB)</li><li>Installation takes two minutes</li><li>After-install integrity check so you could make sure that everything installed properly</li><li>HDD space after installation: 3.4 GB</li><li>Language can be changed in game settings</li><li>At least 2 GB of free RAM (inc. virtual) required for installing this repack</li></ul><div ><div><h2>Game Description</h2></div><div >Time Loader is a story-driven, physics-based puzzle platformer with a twist. At the helm of a small robot, you\u2019ll travel back to the 90s to prevent a tragic accident. Explore the house of your creator, solve brain-teasing puzzles, acquire unique and powerful upgrades, and see common household items from an entirely new perspective!<p>But remember: meddling with time has serious consequences. You may succeed in changing the past, but can you deal with the result of your actions?</p><p><b><h3>Game Features</h3></b></p><ul><li><b>Subverted perspectives:</b> Even the most familiar objects look different when you\u2019re the size of a toy car. Will you watch your every move or dive head-first into this dangerous new world?</li><li><b>An arsenal to choose from:</b> Boosters, harpoons, screwdrivers\u2026 choose among dozens of upgrades to tackle each level and get the job done!</li><li><b>Dynamic and branching narratives:</b> Don\u2019t just relive the past: change it! Every choice you make will influence the story and may lead to a different outcome. So do us a favor: change the past responsibly!</li><li><b>A complimentary dose of nostalgia:</b> Time Loader features music, references, and items straight out of the \u201890s. Relive your childhood or, if you\u2019re too young for it, just gawk in awe at how primitive humanity used to be back then!</li></ul></div></div>             </div>"
}