{
    "link": "https://fitgirl-repacks.site/timothy-vs-the-aliens/",
    "title": "Timothy vs the Aliens",
    "first_img": "https://i3.imageban.ru/out/2021/07/22/7bd1deb897c380c8a33cd250f6d7f958.jpg",
    "second_img": "https://s01.riotpixels.net/data/f4/2e/f42e2431-0df6-47a5-a10a-e77c96db8e72.jpg.240p.jpg",
    "body": "<div ><h2>Timothy vs the Aliens</h2><p ><div><a target=\"_blank\" href=\"https://en.riotpixels.com/games/timothy-vs-the-aliens/\" rel=\"noopener\"><img class=\"alignleft\" width=\"150\" src=\"https://i3.imageban.ru/out/2021/07/22/7bd1deb897c380c8a33cd250f6d7f958.jpg\"></a></div><br>Genres/Tags: <strong>Arcade, Open world, Third-person, 3D</strong><br>Company: <strong>WildSphere</strong><br>Languages: <strong>ENG/ESP</strong><br>Original Size: <strong>1.3 GB</strong><br>Repack Size: <strong>648 MB</strong></p>&nbsp;<div>&nbsp;</div><h3>Download Mirrors</h3><ul><li><a href=\"https://1337x.to/torrent/4928223/Timothy-vs-the-Aliens-MULTi2-FitGirl-Repack/\" target=\"_blank\" rel=\"noopener\">1337x</a> | [<a href=\"magnet:?xt=urn:btih:8E86AB44E54EC9FDBBD67E6596F3C67B49803E13&amp;dn=Timothy+vs+the+Aliens+%28MULTi2%29+%5BFitGirl+Repack%5D&amp;tr=udp%3A%2F%2F46.148.18.250%3A2710&amp;tr=udp%3A%2F%2Fopentor.org%3A2710&amp;tr=udp%3A%2F%2Ftracker.coppersurfer.tk%3A6969%2Fannounce&amp;tr=udp%3A%2F%2Ftracker.opentrackr.org%3A1337%2Fannounce&amp;tr=http%3A%2F%2Ftracker.dler.org%3A6969%2Fannounce&amp;tr=udp%3A%2F%2Ftracker.leechers-paradise.org%3A6969%2Fannounce&amp;tr=udp%3A%2F%2F9.rarbg.me%3A2730%2Fannounce&amp;tr=udp%3A%2F%2F9.rarbg.to%3A2770%2Fannounce&amp;tr=udp%3A%2F%2Ftracker.pirateparty.gr%3A6969%2Fannounce&amp;tr=http%3A%2F%2Fretracker.local%2Fannounce&amp;tr=http%3A%2F%2Fretracker.ip.ncnet.ru%2Fannounce&amp;tr=udp%3A%2F%2Fexodus.desync.com%3A6969%2Fannounce&amp;tr=udp%3A%2F%2Fipv4.tracker.harry.lu%3A80%2Fannounce&amp;tr=udp%3A%2F%2Fopen.stealth.si%3A80%2Fannounce&amp;tr=udp%3A%2F%2Ftracker.zer0day.to%3A1337%2Fannounce&amp;tr=udp%3A%2F%2Ftracker.leechers-paradise.org%3A6969%2Fannounce&amp;tr=udp%3A%2F%2Fcoppersurfer.tk%3A6969%2Fannounce\">magnet</a>] [<a href=\"https://pastefg.hermietkreeft.site/?63bb70b22f2dd053#52tEXZBkRc3LBgV9BWWDGYPHoqMd4tfGTqwuA7yFbi8E\" target=\"_blank\" rel=\"noopener\">.torrent file only</a>] <br><img src=\"https://torrent-stats.info/7e65/23bc935dd.png\" style=\"display:block;clear:both\"></li><li><a href=\"https://tapochek.net/viewtopic.php?p=2790370\" target=\"_blank\" rel=\"noopener\">Tapochek.net</a></li><li><a href=\"https://pastefg.hermietkreeft.site/?297d1cb48287c21c#4i8SUBGvZZganXfWtiMNpktGPmMRrh8twWUED7qrXKJd\" target=\"_blank\" rel=\"noopener\">Filehoster: MultiUpload</a> (10+ hosters, interchangeable) [Use <a href=\"http://jdownloader.org/jdownloader2\" target=\"_blank\" rel=\"noopener\">JDownloader2</a>]</li><li><a href=\"https://pastefg.hermietkreeft.site/?c84bedc970cf9608#6djHjhgcCZZtJMJkg27LPqi8nYWkme2uNzE8e3UNavGz\" target=\"_blank\" rel=\"noopener\">Filehoster: PixelDrain</a></li><li><a href=\"https://pastefg.hermietkreeft.site/?6b17a98daaf19242#1eRAaswx4fWm3nnJdvVySLeSa1amXSyj5C5PyyB6LyC\" target=\"_blank\" rel=\"noopener\">Filehoster: ZippyShare</a></li><li><a href=\"https://pastefg.hermietkreeft.site/?081229f0db6ba040#CCJnaqWjoxasdCiSuYn5QB4QhCh1ktSmAoBjTBQUnL8w\" target=\"_blank\" rel=\"noopener\">Filehoster: LetsUpload</a> [Use <a href=\"http://jdownloader.org/jdownloader2\" target=\"_blank\" rel=\"noopener\">JDownloader2</a>]</li><li><a href=\"https://crackhub.site/timothy-vs-the-aliens-fitgirl-repack/\" target=\"_blank\" rel=\"noopener\">Filehosters: Google Drive, OneDrive + others</a> (Uploaded by crackhub213)</li><li><a href=\"https://pastefg.hermietkreeft.site/?179568541647d07a#35P391Gg2npqSQsXEJrmhjjB5oGJJnYPikhvxJ5R33d1\" target=\"_blank\" rel=\"noopener\">Filehoster: OneDrive</a> (Uploaded by DyR0 t(-_-t), NOT compatible with other mirrors)</li></ul><p><a href=\"https://cs.rin.ru/forum/viewtopic.php?f=10&amp;t=114313\" target=\"_blank\" rel=\"noopener\">Discussion and (possible) future updates on CS.RIN.RU thread</a></p><h3>Screenshots (Click to enlarge)</h3><p><a target=\"_blank\" href=\"https://en.riotpixels.com/games/timothy-vs-the-aliens/screenshots/8/?utm_source=emb-gfx-html&amp;utm_medium=image&amp;utm_campaign=rp-mass\" rel=\"noopener\"><img loading=\"lazy\" width=\"178\" height=\"100\" border=\"0\" src=\"https://s01.riotpixels.net/data/f4/2e/f42e2431-0df6-47a5-a10a-e77c96db8e72.jpg.240p.jpg\"></a><a target=\"_blank\" href=\"https://en.riotpixels.com/games/timothy-vs-the-aliens/screenshots/6/?utm_source=emb-gfx-html&amp;utm_medium=image&amp;utm_campaign=rp-mass\" rel=\"noopener\"><img loading=\"lazy\" width=\"178\" height=\"100\" border=\"0\" src=\"https://s01.riotpixels.net/data/60/be/60be8e10-88b1-4413-b7a2-304d41e61899.jpg.240p.jpg\"></a><a target=\"_blank\" href=\"https://en.riotpixels.com/games/timothy-vs-the-aliens/screenshots/4/?utm_source=emb-gfx-html&amp;utm_medium=image&amp;utm_campaign=rp-mass\" rel=\"noopener\"><img loading=\"lazy\" width=\"178\" height=\"100\" border=\"0\" src=\"https://s01.riotpixels.net/data/01/3b/013b89a5-06d8-4001-98e5-e1f1ae8d3a7a.jpg.240p.jpg\"></a><br><a target=\"_blank\" href=\"https://en.riotpixels.com/games/timothy-vs-the-aliens/screenshots/3/?utm_source=emb-gfx-html&amp;utm_medium=image&amp;utm_campaign=rp-mass\" rel=\"noopener\"><img loading=\"lazy\" width=\"178\" height=\"100\" border=\"0\" src=\"https://s01.riotpixels.net/data/d3/af/d3af85af-bf4b-463a-bc6a-46f1d882f89d.jpg.240p.jpg\"></a><a target=\"_blank\" href=\"https://en.riotpixels.com/games/timothy-vs-the-aliens/screenshots/2/?utm_source=emb-gfx-html&amp;utm_medium=image&amp;utm_campaign=rp-mass\" rel=\"noopener\"><img loading=\"lazy\" width=\"178\" height=\"100\" border=\"0\" src=\"https://s01.riotpixels.net/data/31/85/3185886e-77da-42db-873a-4507541d2d9c.jpg.240p.jpg\"></a><a target=\"_blank\" href=\"https://en.riotpixels.com/games/timothy-vs-the-aliens/screenshots/1/?utm_source=emb-gfx-html&amp;utm_medium=image&amp;utm_campaign=rp-mass\" rel=\"noopener\"><img loading=\"lazy\" width=\"178\" height=\"100\" border=\"0\" src=\"https://s01.riotpixels.net/data/ed/0d/ed0d1f11-602d-4ec7-870f-7c5ed4fd5252.jpg.240p.jpg\"></a></p><h3>Repack Features</h3><ul><li>Based on Timothy.vs.the.Aliens-SKIDROW ISO release: sr-timothyvsthealiens.iso (1,417,590,784 bytes)</li><li>100% Lossless &amp; MD5 Perfect: all files are identical to originals after installation</li><li>NOTHING ripped, NOTHING re-encoded</li><li>Significantly smaller archive size (compressed from 1.3 GB to 648 MB)</li><li>Installation takes 1-2 minutes</li><li>After-install integrity check so you could make sure that everything installed properly</li><li>HDD space after installation: 1.4 GB</li><li>Language can be changed in game settings</li><li>Repack uses XTool library by Razor12911</li><li>At least 2 GB of free RAM (inc. virtual) required for installing this repack</li></ul><div ><div><h2>Game Description</h2></div><div >Timothy vs the Aliens is an open-world platformer, and adventure video game where a gangster will defend his black &amp; white city from an invasion of full-colored aliens.<p>The game takes place in Little Fish City, an open and large city that can be freely explored and hides many secrets and missions. This is a city full of platforms, and going through it won\u2019t be just walking from one point to another. In addition, you will be able to explore the whole city by car, using any of the vehicles that appear in the game.</p><p>In Timothy vs the Aliens you will also find many moments of action in ambushes by aliens, as well as lots of puzzles to find items, help other characters, and access blocked or hidden places.</p><p>Of course, you will always be well-equipped to fight against the aliens, and you will be able to increase your inventory buying items from the Gunrunner.</p><p>All this and much more in a game full of stories, adventures and secrets.</p></div></div>             </div>"
}