{
    "link": "https://fitgirl-repacks.site/tinytopia/",
    "title": "Tinytopia \u2013 v210830",
    "first_img": "https://i2.imageban.ru/out/2021/08/31/3b80496b9bd8da76271f032e16b3fbcd.jpg",
    "second_img": "https://s01.riotpixels.net/data/99/6a/996a3639-f6bd-4cbc-aa3f-ffea76ad2da1.jpg.240p.jpg",
    "body": "<div ><h2>Tinytopia \u2013 v210830</h2><p ><div><a target=\"_blank\" href=\"https://en.riotpixels.com/games/tinytopia/\" rel=\"noopener\"><img class=\"alignleft\" width=\"150\" src=\"https://i2.imageban.ru/out/2021/08/31/3b80496b9bd8da76271f032e16b3fbcd.jpg\"></a></div><br>Genres/Tags: <strong>Managerial, Strategy, Physics-based, Isometric, 3D</strong><br>Companies: <strong>MeNic Games, Mastiff</strong><br>Languages: <strong>ENG/MULTI9</strong><br>Original Size: <strong>730 MB</strong><br>Repack Size: <strong>476 MB</strong></p>&nbsp;<div>&nbsp;</div><h3>Download Mirrors</h3><ul><li><a href=\"https://1337x.to/torrent/4969059/Tinytopia-v210830-MULTi9-FitGirl-Repack/\" target=\"_blank\" rel=\"noopener\">1337x</a> | [<a href=\"magnet:?xt=urn:btih:5D26F1E38A5FD0D520536085CE25B11E70A364ED&amp;dn=Tinytopia+%28v210830%2C+MULTi9%29+%5BFitGirl+Repack%5D&amp;tr=udp%3A%2F%2F46.148.18.250%3A2710&amp;tr=udp%3A%2F%2Fopentor.org%3A2710&amp;tr=udp%3A%2F%2Ftracker.coppersurfer.tk%3A6969%2Fannounce&amp;tr=udp%3A%2F%2Ftracker.opentrackr.org%3A1337%2Fannounce&amp;tr=http%3A%2F%2Ftracker.dler.org%3A6969%2Fannounce&amp;tr=udp%3A%2F%2Ftracker.leechers-paradise.org%3A6969%2Fannounce&amp;tr=udp%3A%2F%2F9.rarbg.me%3A2730%2Fannounce&amp;tr=udp%3A%2F%2F9.rarbg.to%3A2770%2Fannounce&amp;tr=udp%3A%2F%2Ftracker.pirateparty.gr%3A6969%2Fannounce&amp;tr=http%3A%2F%2Fretracker.local%2Fannounce&amp;tr=http%3A%2F%2Fretracker.ip.ncnet.ru%2Fannounce&amp;tr=udp%3A%2F%2Fexodus.desync.com%3A6969%2Fannounce&amp;tr=udp%3A%2F%2Fipv4.tracker.harry.lu%3A80%2Fannounce&amp;tr=udp%3A%2F%2Fopen.stealth.si%3A80%2Fannounce&amp;tr=udp%3A%2F%2Ftracker.zer0day.to%3A1337%2Fannounce&amp;tr=udp%3A%2F%2Ftracker.leechers-paradise.org%3A6969%2Fannounce&amp;tr=udp%3A%2F%2Fcoppersurfer.tk%3A6969%2Fannounce\">magnet</a>] [<a href=\"https://pastefg.hermietkreeft.site/?d8e54af9af0d9386#A7nXqg4TytRcXYc3yHLoF7xkR6K7bBvbBs2SRofp1yQk\" target=\"_blank\" rel=\"noopener\">.torrent file only</a>] <br><img src=\"https://torrent-stats.info/6085/1b865f9df.png\" style=\"display:block;clear:both\"></li><li><a href=\"https://tapochek.net/viewtopic.php?p=2797717\" target=\"_blank\" rel=\"noopener\">Tapochek.net</a></li><li><a href=\"https://pastefg.hermietkreeft.site/?fc874c0561bd2dc1#57E8VWthtXzPBHn7EwSwGnuPx19jKrTvTFravhmVPHTy\" target=\"_blank\" rel=\"noopener\">Filehoster: MultiUpload</a> (10+ hosters, interchangeable) [Use <a href=\"http://jdownloader.org/jdownloader2\" target=\"_blank\" rel=\"noopener\">JDownloader2</a>]</li><li><a href=\"https://pastefg.hermietkreeft.site/?80347eb4ce220746#G91YYTQeWWYZj3p6oZZvYNS4fzXBGe7FcrJdx3ev1uNK\" target=\"_blank\" rel=\"noopener\">Filehoster: PixelDrain</a></li><li><a href=\"https://pastefg.hermietkreeft.site/?02308988eb802c7f#EJGQ8jESDWaod3RvtkXNe535E8Aqx94AwiwFoeHw9LQS\" target=\"_blank\" rel=\"noopener\">Filehoster: ZippyShare</a></li><li><a href=\"https://pastefg.hermietkreeft.site/?d0799fbb8db6fa0f#E3256pDjRibtMNSwRUdXbF68LSPuJERHCbmRF7oqZ3su\" target=\"_blank\" rel=\"noopener\">Filehoster: LetsUpload</a> [Use <a href=\"http://jdownloader.org/jdownloader2\" target=\"_blank\" rel=\"noopener\">JDownloader2</a>]</li><li><a href=\"https://pastefg.hermietkreeft.site/?1d21d7c38732963c#A6tbfF935voiJybeKTSBRbydrnVzeebnjzTuqyVF4H7E\" target=\"_blank\" rel=\"noopener\">Filehoster: OneDrive</a> (Uploaded by DyR0 t(-_-t), NOT compatible with other mirrors)</li></ul><p><a href=\"https://cs.rin.ru/forum/viewtopic.php?f=10&amp;t=110043\" target=\"_blank\" rel=\"noopener\">Discussion and (possible) future updates on CS.RIN.RU thread</a></p><h3>Screenshots (Click to enlarge)</h3><p><a target=\"_blank\" href=\"https://en.riotpixels.com/games/tinytopia/screenshots/10/?utm_source=emb-gfx-html&amp;utm_medium=image&amp;utm_campaign=rp-mass\" rel=\"noopener\"><img loading=\"lazy\" width=\"178\" height=\"100\" border=\"0\" src=\"https://s01.riotpixels.net/data/99/6a/996a3639-f6bd-4cbc-aa3f-ffea76ad2da1.jpg.240p.jpg\"></a><a target=\"_blank\" href=\"https://en.riotpixels.com/games/tinytopia/screenshots/8/?utm_source=emb-gfx-html&amp;utm_medium=image&amp;utm_campaign=rp-mass\" rel=\"noopener\"><img loading=\"lazy\" width=\"178\" height=\"100\" border=\"0\" src=\"https://s01.riotpixels.net/data/f3/55/f355e344-d0b2-4935-8258-4c5de8c6a2f8.jpg.240p.jpg\"></a><a target=\"_blank\" href=\"https://en.riotpixels.com/games/tinytopia/screenshots/5/?utm_source=emb-gfx-html&amp;utm_medium=image&amp;utm_campaign=rp-mass\" rel=\"noopener\"><img loading=\"lazy\" width=\"178\" height=\"100\" border=\"0\" src=\"https://s01.riotpixels.net/data/a2/7f/a27fd5e8-7e7d-4819-8cf9-487aa984e58d.jpg.240p.jpg\"></a><br><a target=\"_blank\" href=\"https://en.riotpixels.com/games/tinytopia/screenshots/4/?utm_source=emb-gfx-html&amp;utm_medium=image&amp;utm_campaign=rp-mass\" rel=\"noopener\"><img loading=\"lazy\" width=\"178\" height=\"100\" border=\"0\" src=\"https://s01.riotpixels.net/data/0d/bc/0dbc4475-417b-4b8d-a1e7-24632b5b27e6.jpg.240p.jpg\"></a><a target=\"_blank\" href=\"https://en.riotpixels.com/games/tinytopia/screenshots/3/?utm_source=emb-gfx-html&amp;utm_medium=image&amp;utm_campaign=rp-mass\" rel=\"noopener\"><img loading=\"lazy\" width=\"178\" height=\"100\" border=\"0\" src=\"https://s01.riotpixels.net/data/e8/c1/e8c17d24-cec9-4fc3-8ac4-747e316ec369.jpg.240p.jpg\"></a><a target=\"_blank\" href=\"https://en.riotpixels.com/games/tinytopia/screenshots/2/?utm_source=emb-gfx-html&amp;utm_medium=image&amp;utm_campaign=rp-mass\" rel=\"noopener\"><img loading=\"lazy\" width=\"178\" height=\"100\" border=\"0\" src=\"https://s01.riotpixels.net/data/57/40/57404ea2-f998-48d3-8ee7-c88d16249d0f.jpg.240p.jpg\"></a></p><h3>Repack Features</h3><ul><li>Based on Tinytopia-CODEX ISO release: codex-tinytopia.iso (765,722,624 bytes)</li><li>100% Lossless &amp; MD5 Perfect: all files are identical to originals after installation</li><li>NOTHING ripped, NOTHING re-encoded</li><li>Smaller archive size (compressed from 730 to 476 MB)</li><li>Installation takes one minute</li><li>After-install integrity check so you could make sure that everything installed properly</li><li>HDD space after installation: 2.7 GB</li><li>Language can be changed in game settings</li><li>At least 2 GB of free RAM (inc. virtual) required for installing this repack</li></ul><div ><div><h2>Game Description</h2></div><div >The tiny citizens of Tinytopia look to you, their newly-elected Mayor, to build and develop peaceful, vibrant, and flourishing toy cities and towns for them to inhabit. And, of course, to protect them from all sorts of cute catastrophes.<p>With a physics-based building mechanic at the heart of Tinytopia, you\u2019ll stack and join toy building blocks atop an array of tiny terrain, transforming each into charming towns and bustling metropolises. The only limit is your imagination!</p><p><b>BIG GOALS, BIG CITIES, MINIATURE PIECES!</b><br>Tinytopia is a playful blend of city-building, physics-based challenges, and oh-so-satisfying destruction. Use a collection of toy structures, tools, and services to create your own digital desktop destination a mix of 23 real-world and fantasy locales.</p><p><b>CRAFT IT BIGGER, MAKE IT BETTER!</b><br>With an innovative, physics-based mechanic, miniature building blocks can be combined and stacked on top of one another to form awesome megastructures! There are more than 80 building Blueprints to discover!</p><p><b>BALANCE. STACK. PLAN. PLAY!</b><br>Are you looking for a challenge worthy of a municipal mayoral mastermind like yourself? Tinytopia\u2019s Challenge Levels are full of physics-based fun that will test the limits of your planning and balancing skills, timing, and creativity.</p><p><b>A SMASHING GOOD TIME!</b><br>Protect your tiny citizens from catastrophes like tornadoes, fires, monster attacks, UFOs, and more. Or flip a switch and watch it all come crumbling down!</p><p>And the most important message that we can convey to you, the new Mayor of Tinytopia\u2026<br><b>HAVE FUN!</b></p></div></div>             </div>"
}