{
    "link": "https://fitgirl-repacks.site/tiny-tinas-assault-on-dragon-keep-a-wonderlands-one-shot-adventure/",
    "title": "Tiny Tina\u2019s Assault on Dragon Keep: A Wonderlands One-shot Adventure",
    "first_img": "https://i5.imageban.ru/out/2021/11/10/910b2e94d0bc536fc6774236dadae933.jpg",
    "second_img": "https://s01.riotpixels.net/data/7b/6e/7b6ed461-9e0d-437e-8700-b7f5fe21fd22.jpg.240p.jpg",
    "body": "<div ><h2>Tiny Tina\u2019s Assault on Dragon Keep: A Wonderlands One-shot Adventure</h2><p ><div><a target=\"_blank\" href=\"https://en.riotpixels.com/games/tiny-tinas-assault-on-dragon-keep-a-wonderlands-one-shot-adventure/\" rel=\"noopener\"><img class=\"alignleft\" width=\"150\" src=\"https://i5.imageban.ru/out/2021/11/10/910b2e94d0bc536fc6774236dadae933.jpg\"></a></div><br>Genres/Tags: <strong>Action, Shooter, RPG, First-person, Third-person, 3D</strong><br>Companies: <strong>Gearbox Software, Stray Kite Studios, 2K</strong><br>Languages: <strong>ENG/MULTI8</strong><br>Original Size: <strong>12.8 GB</strong><br>Repack Size: <strong>from 5.9 GB</strong> [Selective Download]</p>&nbsp;<div>&nbsp;</div><h3>Download Mirrors</h3><ul><li><a href=\"https://1337x.to/torrent/5046905/Tiny-Tina-s-Assault-on-Dragon-Keep-A-Wonderlands-One-shot-Adventure-MULTi8-FitGirl-Repack-Selective-Download-from-5-9-GB/\" target=\"_blank\" rel=\"noopener\">1337x</a> | [<a href=\"magnet:?xt=urn:btih:2C4871D5F68A7285E369AB94C662DBF16646CDB9&amp;dn=Tiny+Tina%26%23039%3Bs+Assault+on+Dragon+Keep%3A+A+Wonderlands+One-shot+Adventure+%28MULTi8%29+%5BFitGirl+Repack%2C+Selective+Download+-+from+5.9+GB%5D&amp;tr=udp%3A%2F%2F46.148.18.250%3A2710&amp;tr=udp%3A%2F%2Fopentor.org%3A2710&amp;tr=udp%3A%2F%2Ftracker.coppersurfer.tk%3A6969%2Fannounce&amp;tr=udp%3A%2F%2Ftracker.opentrackr.org%3A1337%2Fannounce&amp;tr=http%3A%2F%2Ftracker.dler.org%3A6969%2Fannounce&amp;tr=udp%3A%2F%2Ftracker.leechers-paradise.org%3A6969%2Fannounce&amp;tr=udp%3A%2F%2F9.rarbg.me%3A2730%2Fannounce&amp;tr=udp%3A%2F%2F9.rarbg.to%3A2770%2Fannounce&amp;tr=udp%3A%2F%2Ftracker.pirateparty.gr%3A6969%2Fannounce&amp;tr=http%3A%2F%2Fretracker.local%2Fannounce&amp;tr=http%3A%2F%2Fretracker.ip.ncnet.ru%2Fannounce&amp;tr=udp%3A%2F%2Fexodus.desync.com%3A6969%2Fannounce&amp;tr=udp%3A%2F%2Fipv4.tracker.harry.lu%3A80%2Fannounce&amp;tr=udp%3A%2F%2Fopen.stealth.si%3A80%2Fannounce&amp;tr=udp%3A%2F%2Ftracker.zer0day.to%3A1337%2Fannounce&amp;tr=udp%3A%2F%2Ftracker.leechers-paradise.org%3A6969%2Fannounce&amp;tr=udp%3A%2F%2Fcoppersurfer.tk%3A6969%2Fannounce\">magnet</a>] [<a href=\"https://pastefg.hermietkreeft.site/?2bf86f149c98a330#8U4Argoq57X3VDByMGjP7dW8WG5WSYzTXdp7YzYBxeP1\" target=\"_blank\" rel=\"noopener\">.torrent file only</a>] <br><img src=\"https://torrent-stats.info/ab94/31dea7050.png\" style=\"display:block;clear:both\"></li><li><a href=\"https://tapochek.net/viewtopic.php?p=2811166\" target=\"_blank\" rel=\"noopener\">Tapochek.net</a></li><li><a href=\"https://pastefg.hermietkreeft.site/?1995fe161db50681#DszsVpPe1Do576z8fPdYrFP3GbbeGzsfJeZuD6XwRPXP\" target=\"_blank\" rel=\"noopener\">Filehoster: MultiUpload</a> (10+ hosters, interchangeable) [Use <a href=\"http://jdownloader.org/jdownloader2\" target=\"_blank\" rel=\"noopener\">JDownloader2</a>]</li><li><a href=\"https://pastefg.hermietkreeft.site/?503878eb3396519c#GF9FpiLSdRQS9DJYAg2DeVkE95yh8MswnMQXJTEz2vaL\" target=\"_blank\" rel=\"noopener\">Filehoster: ZippyShare</a></li><li><a href=\"https://pastefg.hermietkreeft.site/?38f0487ac709b5fe#Hp1qiNTRNr3u7WD7DTuu2tShEyxthpL2nSwRggv2xLZM\" target=\"_blank\" rel=\"noopener\">Filehoster: BayFiles</a></li><li><a href=\"https://pastefg.hermietkreeft.site/?94f1acf1d73543a3#6q6tV7HewLZcpG7SnBux3YrAeFzk7PjUW4ipc81VbMto\" target=\"_blank\" rel=\"noopener\">Filehoster: LetsUpload</a> [Use <a href=\"http://jdownloader.org/jdownloader2\" target=\"_blank\" rel=\"noopener\">JDownloader2</a>]</li><li><a href=\"https://pastefg.hermietkreeft.site/?986fc3431f27416d#5p5ir8fdzMgw16FqLLiUCfCPgoshZvnvXJTfBQDAQwg8\" target=\"_blank\" rel=\"noopener\">Filehoster: OneDrive</a> (Uploaded by DyR0 t(-_-t), NOT compatible with other mirrors)</li><p><!--  <li><a href=\"\" target=\"_blank\" rel=\"noopener\">Filehosters: Google Drive, OneDrive + others</a> (Uploaded by crackhub213)</li>  --></p></ul><p><a href=\"\" target=\"_blank\" rel=\"noopener\">Discussion and (possible) future updates on CS.RIN.RU thread</a></p><h3>Screenshots (Click to enlarge)</h3><p><a target=\"_blank\" href=\"https://en.riotpixels.com/games/tiny-tinas-assault-on-dragon-keep-a-wonderlands-one-shot-adventure/screenshots/7/?utm_source=emb-gfx-html&amp;utm_medium=image&amp;utm_campaign=rp-mass\" rel=\"noopener\"><img loading=\"lazy\" width=\"178\" height=\"100\" border=\"0\" src=\"https://s01.riotpixels.net/data/7b/6e/7b6ed461-9e0d-437e-8700-b7f5fe21fd22.jpg.240p.jpg\"></a><a target=\"_blank\" href=\"https://en.riotpixels.com/games/tiny-tinas-assault-on-dragon-keep-a-wonderlands-one-shot-adventure/screenshots/6/?utm_source=emb-gfx-html&amp;utm_medium=image&amp;utm_campaign=rp-mass\" rel=\"noopener\"><img loading=\"lazy\" width=\"178\" height=\"100\" border=\"0\" src=\"https://s01.riotpixels.net/data/84/32/843263b2-d9f7-447a-9941-b67995c55d5a.jpg.240p.jpg\"></a><a target=\"_blank\" href=\"https://en.riotpixels.com/games/tiny-tinas-assault-on-dragon-keep-a-wonderlands-one-shot-adventure/screenshots/5/?utm_source=emb-gfx-html&amp;utm_medium=image&amp;utm_campaign=rp-mass\" rel=\"noopener\"><img loading=\"lazy\" width=\"210\" height=\"100\" border=\"0\" src=\"https://s01.riotpixels.net/data/86/a7/86a706a9-55f7-4077-9832-2139e5eb7419.jpg.240p.jpg\"></a><br><a target=\"_blank\" href=\"https://en.riotpixels.com/games/tiny-tinas-assault-on-dragon-keep-a-wonderlands-one-shot-adventure/screenshots/4/?utm_source=emb-gfx-html&amp;utm_medium=image&amp;utm_campaign=rp-mass\" rel=\"noopener\"><img loading=\"lazy\" width=\"167\" height=\"100\" border=\"0\" src=\"https://s01.riotpixels.net/data/e8/da/e8da455b-dd0e-4011-a13f-a45df46ffd85.jpg.240p.jpg\"></a><a target=\"_blank\" href=\"https://en.riotpixels.com/games/tiny-tinas-assault-on-dragon-keep-a-wonderlands-one-shot-adventure/screenshots/2/?utm_source=emb-gfx-html&amp;utm_medium=image&amp;utm_campaign=rp-mass\" rel=\"noopener\"><img loading=\"lazy\" width=\"178\" height=\"100\" border=\"0\" src=\"https://s01.riotpixels.net/data/ea/98/ea98101a-ff22-4d1d-a1bd-fda074cda7f9.jpg.240p.jpg\"></a><a target=\"_blank\" href=\"https://en.riotpixels.com/games/tiny-tinas-assault-on-dragon-keep-a-wonderlands-one-shot-adventure/screenshots/1/?utm_source=emb-gfx-html&amp;utm_medium=image&amp;utm_campaign=rp-mass\" rel=\"noopener\"><img loading=\"lazy\" width=\"178\" height=\"100\" border=\"0\" src=\"https://s01.riotpixels.net/data/a4/4f/a44f71d5-3daa-4d2c-9130-6176fc8c32e4.jpg.240p.jpg\"></a></p><h3>Repack Features</h3><ul><li>Based on Tiny.Tinas.Assault.on.Dragon.Keep.A.Wonderlands.One-shot.Adventure-CODEX ISO release: codex-tiny.tinas.assault.on.dragon.keep.a.wonderlands.one.shot.adventure.iso (11,472,928,768 bytes)</li><li>Missing language files (2.2 GB) added, thanks to Christsnatcher!</li><li>100% Lossless &amp; MD5 Perfect: all files are identical to originals after installation</li><li>NOTHING ripped, NOTHING re-encoded</li><li>Selective Download feature: you may skip downloading of language files you don\u2019t need. English pack is required for English, German, Korean and Traditional Chinese users</li><li>Significantly smaller archive size (compressed from cumulative 12.8 to 5.9~8 GB, depending on selected components)</li><li>Installation takes 5-8 minutes (depending on your system and selected components)</li><li>After-install integrity check so you could make sure that everything installed properly</li><li>HDD space after installation: up to 14.2 GB</li><li>Use \u201cLanguage Selector.exe\u201d in game\u2019s \u201cBinaries\\Win32\u201d folder to change the game language</li><li>At least 2 GB of free RAM (inc. virtual) required for installing this repack</li></ul><div ><div><h2>Game Description</h2></div><div >Play Tiny Tina\u2019s Assault on Dragon Keep, then wishlist its full-size follow-up Tiny Tina\u2019s Wonderlands!<p>Smash skeletons, defeat dragons, and battle giant golems in Tiny Tina\u2019s Assault on Dragon Keep: A Wonderlands One-Shot Adventure. Experience the acclaimed 2013 quest that started it all in this standalone campaign jam-packed with fantasy, fun, and mountains of magical loot!</p><p>The Queen\u2019s been captured and her kingdom is in peril; only you and your friends have any chance of restoring peace to this eccentric, enchanted land. Blast your way through treacherous forests, spooky crypts, and fearsome fortresses, but beware\u2014your journey can change in an instant on account of Tina\u2019s gleefully chaotic whims. Dive into this epic tabletop romp and get ready for the fantasy fight of your life!</p><p><b><h3>Game Features</h3></b></p><ul><li><b>Pick-up-and-play Action:</b> Choose your character from a roster of six unique Vault Hunters, each with their own signature abilities and powerful builds, and jump into chaotic fantasy battles right away in solo or co-op</li><li><b>A World Of Adventure &amp; Danger:</b> There\u2019s no telling what\u2019ll happen next with Tina as your Bunkermaster! Be ready for anything (especially hungry Mimics masquerading as treasure chests)</li><li><b>Where Shooting &amp; Looting Met Casting:</b> Vanquish any villains who get in your way using a huge assortment of souped-up firearms, all while firing Lightning Bolts and Fireballs from your fingertips with spellcast-style grenade mods</li></ul></div></div>             </div>"
}