{
    "link": null,
    "title": "Tony Hawk\u2019s Pro Skater 1 + 2, v1.0.2 + Ryujinx Emu for PC",
    "first_img": "https://i6.imageban.ru/out/2021/07/13/ae27eb6dae3f672ec7feed2cc2716b3a.jpg",
    "second_img": [],
    "body": "<div ><h2>Tony Hawk\u2019s Pro Skater 1 + 2, v1.0.2 + Ryujinx Emu for PC</h2><p ><div><a target=\"_blank\" href=\"https://en.riotpixels.com/games/tony-hawks-pro-skater-1-and-2/\" rel=\"noopener\"><img class=\"alignleft\" width=\"150\" src=\"https://i6.imageban.ru/out/2021/07/13/ae27eb6dae3f672ec7feed2cc2716b3a.jpg\"></a></div><br>Genres/Tags: <strong>Arcade, Sports, Third-person, 3D</strong><br>Companies: <strong>Vicarious Visions, Activision</strong><br>Languages: <strong>ENG/MULTI7</strong><br>Original Size: <strong>13 GB</strong><br>Repack Size: <strong>4.6 GB</strong></p>&nbsp;<div>&nbsp;</div><h3>Download Mirrors</h3><ul><li><a href=\"https://1337x.to/torrent/4910620/Tony-Hawk-s-Pro-Skater-1-2-v1-0-2-Ryujinx-Emu-for-PC-MULTi7-FitGirl-Repack/\" target=\"_blank\" rel=\"noopener\">1337x</a> | [<a href=\"magnet:?xt=urn:btih:E9C388E2823BCD9BC29027B2321A888C690B57FB&amp;dn=Tony+Hawk%26%23039%3Bs+Pro+Skater+1+%2B+2+%28v1.0.2+%2B+Ryujinx+Emu+for+PC%2C+MULTi7%29+%5BFitGirl+Repack%5D&amp;tr=udp%3A%2F%2F46.148.18.250%3A2710&amp;tr=udp%3A%2F%2Fopentor.org%3A2710&amp;tr=udp%3A%2F%2Ftracker.coppersurfer.tk%3A6969%2Fannounce&amp;tr=udp%3A%2F%2Ftracker.opentrackr.org%3A1337%2Fannounce&amp;tr=http%3A%2F%2Ftracker.dler.org%3A6969%2Fannounce&amp;tr=udp%3A%2F%2Ftracker.leechers-paradise.org%3A6969%2Fannounce&amp;tr=udp%3A%2F%2F9.rarbg.me%3A2730%2Fannounce&amp;tr=udp%3A%2F%2F9.rarbg.to%3A2770%2Fannounce&amp;tr=udp%3A%2F%2Ftracker.pirateparty.gr%3A6969%2Fannounce&amp;tr=http%3A%2F%2Fretracker.local%2Fannounce&amp;tr=http%3A%2F%2Fretracker.ip.ncnet.ru%2Fannounce&amp;tr=udp%3A%2F%2Fexodus.desync.com%3A6969%2Fannounce&amp;tr=udp%3A%2F%2Fipv4.tracker.harry.lu%3A80%2Fannounce&amp;tr=udp%3A%2F%2Fopen.stealth.si%3A80%2Fannounce&amp;tr=udp%3A%2F%2Ftracker.zer0day.to%3A1337%2Fannounce&amp;tr=udp%3A%2F%2Ftracker.leechers-paradise.org%3A6969%2Fannounce&amp;tr=udp%3A%2F%2Fcoppersurfer.tk%3A6969%2Fannounce\">magnet</a>] [<a href=\"https://pastefg.hermietkreeft.site/?511518c01dd69dd4#BjSBeSZD3bcdhH2ZpFpaqXeuK8qAHzWhLpCkqu84bBdK\" target=\"_blank\" rel=\"noopener\">.torrent file only</a>] <br><img src=\"https://torrent-stats.info/27b2/b2f9b1b8.png\" style=\"display:block;clear:both\"></li><li><a href=\"https://tapochek.net/viewtopic.php?p=2787567\" target=\"_blank\" rel=\"noopener\">Tapochek.net</a></li><li><a href=\"https://pastefg.hermietkreeft.site/?f0f05ba7f48776ad#C7ESyMkfa6nE3z5aoWsVrcr8pZcd3SSu3WdDya8k3viR\" target=\"_blank\" rel=\"noopener\">Filehoster: MultiUpload</a> (10+ hosters, interchangeable) [Use <a href=\"http://jdownloader.org/jdownloader2\" target=\"_blank\" rel=\"noopener\">JDownloader2</a>]</li><li><a href=\"https://pastefg.hermietkreeft.site/?a36d0fce80a3dfbf#Gq4HLDNL1GCoxS85s72wGdFQg3qqRc5E9K9Aj7M1Bv6s\" target=\"_blank\" rel=\"noopener\">Filehoster: PixelDrain</a></li><li><a href=\"https://pastefg.hermietkreeft.site/?f720beb2ba0cbd02#5MFRFK7uZZqFkPvcFWJ3cU3L7V6rdKoaTsSMKySedpUs\" target=\"_blank\" rel=\"noopener\">Filehoster: LetsUpload</a> [Use <a href=\"http://jdownloader.org/jdownloader2\" target=\"_blank\" rel=\"noopener\">JDownloader2</a>]</li><li><a href=\"https://crackhub.site/tony-hawks-pro-skater-1-2-v1-0-2-ryujinx-emu-for-pc-fitgirl-repack/\" target=\"_blank\" rel=\"noopener\">Filehosters: Google Drive, OneDrive + others</a> (Uploaded by crackhub213)</li><li><a href=\"https://pastefg.hermietkreeft.site/?dc6f22427084fe03#FGnXFVEDxijGcwDJeqrmjUFfLGwsMv3HB8nZP69yFRJM\" target=\"_blank\" rel=\"noopener\">Filehoster: OneDrive</a> (Uploaded by DyR0 t(-_-t), NOT compatible with other mirrors)</li></ul><h3>Screenshots (Click to enlarge)</h3><p><a target=\"_blank\" href=\"https://en.riotpixels.com/games/tony-hawks-pro-skater-1-and-2/screenshots/12/?utm_source=emb-gfx-html&amp;utm_medium=image&amp;utm_campaign=rp-mass\" rel=\"noopener\"><img loading=\"lazy\" width=\"178\" height=\"100\" border=\"0\" src=\"https://s01.riotpixels.net/data/98/84/98846e5f-0186-4a84-a444-233d76e96be0.jpg.240p.jpg\"></a><a target=\"_blank\" href=\"https://en.riotpixels.com/games/tony-hawks-pro-skater-1-and-2/screenshots/10/?utm_source=emb-gfx-html&amp;utm_medium=image&amp;utm_campaign=rp-mass\" rel=\"noopener\"><img loading=\"lazy\" width=\"178\" height=\"100\" border=\"0\" src=\"https://s01.riotpixels.net/data/c8/f2/c8f2b366-9614-4814-8c89-639cbc757987.jpg.240p.jpg\"></a><a target=\"_blank\" href=\"https://en.riotpixels.com/games/tony-hawks-pro-skater-1-and-2/screenshots/9/?utm_source=emb-gfx-html&amp;utm_medium=image&amp;utm_campaign=rp-mass\" rel=\"noopener\"><img loading=\"lazy\" width=\"178\" height=\"100\" border=\"0\" src=\"https://s01.riotpixels.net/data/db/4c/db4cb58d-b469-49f8-bc34-257045e09471.jpg.240p.jpg\"></a><br><a target=\"_blank\" href=\"https://en.riotpixels.com/games/tony-hawks-pro-skater-1-and-2/screenshots/8/?utm_source=emb-gfx-html&amp;utm_medium=image&amp;utm_campaign=rp-mass\" rel=\"noopener\"><img loading=\"lazy\" width=\"178\" height=\"100\" border=\"0\" src=\"https://s01.riotpixels.net/data/80/1e/801e1b64-1ad6-4bf0-9f4c-4b4e76253d80.jpg.240p.jpg\"></a><a target=\"_blank\" href=\"https://en.riotpixels.com/games/tony-hawks-pro-skater-1-and-2/screenshots/6/?utm_source=emb-gfx-html&amp;utm_medium=image&amp;utm_campaign=rp-mass\" rel=\"noopener\"><img loading=\"lazy\" width=\"178\" height=\"100\" border=\"0\" src=\"https://s01.riotpixels.net/data/92/8e/928e45c3-18dc-405d-bc36-4c512d5754f8.jpg.240p.jpg\"></a><a target=\"_blank\" href=\"https://en.riotpixels.com/games/tony-hawks-pro-skater-1-and-2/screenshots/3/?utm_source=emb-gfx-html&amp;utm_medium=image&amp;utm_campaign=rp-mass\" rel=\"noopener\"><img loading=\"lazy\" width=\"178\" height=\"100\" border=\"0\" src=\"https://s01.riotpixels.net/data/08/3e/083e637f-71df-4793-af0c-747c72a0dfc6.jpg.240p.jpg\"></a></p><h3>Repack Features</h3><ul><li>Based on Switch Tony_Hawks_Pro_Skater_1_Plus_2_NSW-VENOM scene release: 12.6 GB</li><li>Game version is: v1.0.2 (v131072)</li><li>Ryujinx Switch emulator v1.0.6946 and v1.0.0+0ff380c (Dev. build) are included; use the latter build if you have some problems with 6946 (copy all folders and files from _alt_emu to repack root and replace all files)</li><li>Switch Firmware v12.0.3 (317 MB) added as a requirement for Ryujinx</li><li>60 FPS mod is applied by default; to disable it, remove \u201cgame\\data\\mods\\contents\\0100cc00102b4000\\60FPS\\cheats\\93A4BFB86BCA2C3D.txt\u201d file</li><li>100% Lossless, but NOT MD5 Perfect: encryption was removed for better repack size</li><li>NOTHING ripped, NOTHING re-encoded</li><li>Smaller archive size (compressed from cumulative 13 to 4.6 GB)</li><li>Installation takes 3-5 minutes</li><li>After-install integrity check so you could make sure that everything installed properly</li><li>HDD space after installation: 8.3 GB</li><li>Language can be changed in emulator settings (Options \u2013&gt; Settings \u2013&gt; System \u2014 &gt; System Language)</li><li>This game currently lags heavily on game videos and on skate arenas when generating shaders. Just roll around a little until all shaders compile for smooth gameplay. Be advised that emulated version still has graphical and other bugs here and there, but in general you can play it without major problems</li><li>Repack uses XTool library by Razor12911</li><li>At least 3 GB of free RAM (inc. virtual) required for installing this repack</li></ul><div ><div><h2>Game Description</h2></div><div >Play Tony Hawk\u2019s\u2122 Pro Skater\u2122 &amp; Tony Hawk\u2019s\u2122 Pro Skater\u2122 2 in one epic collection, rebuilt from the ground up in incredible HD. All the pro skaters, levels and tricks are back and fully-remastered, plus more.<ul><li>Skate as the legendary Tony Hawk and the original pro roster, plus new pros</li><li>Skate to songs from the era-defining soundtrack along with new music</li><li>Hit insane trick combos with the iconic handling of the Tony Hawk\u2019s\u2122 Pro Skater\u2122 series</li><li>Play all the original game modes and go head-to-head with local 2-Player modes</li><li>Show off your style and creativity with upgraded Create-A-Park and Create-A-Skater features</li><li>Take your sessions online and compete against players from around the world in Multiplayer modes and leaderboards</li><li>Break skateboarding boundaries, show off your own style and be part of the next generation of skaters and creators with Tony Hawk\u2019s\u2122 Pro Skater\u2122 1 + 2.</li></ul></div></div>             </div>"
}