{
    "link": "https://fitgirl-repacks.site/too-many-humans/",
    "title": "Too Many Humans",
    "first_img": "https://i1.imageban.ru/out/2021/11/05/acfb4ad6ac1a13133a9895867bc04849.jpg",
    "second_img": "https://s01.riotpixels.net/data/9d/71/9d711c85-757a-4cb2-8e04-37a95698ee27.jpg.240p.jpg",
    "body": "<div ><h2>Too Many Humans</h2><p ><div><a target=\"_blank\" href=\"https://en.riotpixels.com/games/too-many-humans/\" rel=\"noopener\"><img class=\"alignleft\" width=\"150\" src=\"https://i1.imageban.ru/out/2021/11/05/acfb4ad6ac1a13133a9895867bc04849.jpg\"></a></div><br>Genres/Tags: <strong>Strategy, Isometric, Post-apocalypse, Zombies, 3D</strong><br>Company: <strong>RealityZ</strong><br>Languages: <strong>ENG/FRA</strong><br>Original Size: <strong>2.7 GB</strong><br>Repack Size: <strong>1.7 GB</strong></p>&nbsp;<div>&nbsp;</div><h3>Download Mirrors</h3><ul><li><a href=\"https://1337x.to/torrent/5041706/Too-Many-Humans-ENG-FRA-FitGirl-Repack/\" target=\"_blank\" rel=\"noopener\">1337x</a> | [<a href=\"magnet:?xt=urn:btih:4810216F72BEAC5A3C6BB2D33CDCCC8E57D16277&amp;dn=Too+Many+Humans+%28ENG%2FFRA%29+%5BFitGirl+Repack%5D&amp;tr=udp%3A%2F%2F46.148.18.250%3A2710&amp;tr=udp%3A%2F%2Fopentor.org%3A2710&amp;tr=udp%3A%2F%2Ftracker.coppersurfer.tk%3A6969%2Fannounce&amp;tr=udp%3A%2F%2Ftracker.opentrackr.org%3A1337%2Fannounce&amp;tr=http%3A%2F%2Ftracker.dler.org%3A6969%2Fannounce&amp;tr=udp%3A%2F%2Ftracker.leechers-paradise.org%3A6969%2Fannounce&amp;tr=udp%3A%2F%2F9.rarbg.me%3A2730%2Fannounce&amp;tr=udp%3A%2F%2F9.rarbg.to%3A2770%2Fannounce&amp;tr=udp%3A%2F%2Ftracker.pirateparty.gr%3A6969%2Fannounce&amp;tr=http%3A%2F%2Fretracker.local%2Fannounce&amp;tr=http%3A%2F%2Fretracker.ip.ncnet.ru%2Fannounce&amp;tr=udp%3A%2F%2Fexodus.desync.com%3A6969%2Fannounce&amp;tr=udp%3A%2F%2Fipv4.tracker.harry.lu%3A80%2Fannounce&amp;tr=udp%3A%2F%2Fopen.stealth.si%3A80%2Fannounce&amp;tr=udp%3A%2F%2Ftracker.zer0day.to%3A1337%2Fannounce&amp;tr=udp%3A%2F%2Ftracker.leechers-paradise.org%3A6969%2Fannounce&amp;tr=udp%3A%2F%2Fcoppersurfer.tk%3A6969%2Fannounce\">magnet</a>] [<a href=\"https://pastefg.hermietkreeft.site/?59d4a52697fb831e#AjFDu15iKXCBthoGxi1wmT9qEtBYSvSS97R9nYvYTU8U\" target=\"_blank\" rel=\"noopener\">.torrent file only</a>] <br><img src=\"https://torrent-stats.info/b2d3/33e68f951.png\" style=\"display:block;clear:both\"></li><li><a href=\"https://tapochek.net/viewtopic.php?p=2809902\" target=\"_blank\" rel=\"noopener\">Tapochek.net</a></li><li><a href=\"https://pastefg.hermietkreeft.site/?37afa4e20049db4a#EcDLoE3GTNnZJZDTAgzascuHCg5T7xmkTM2yxqShwfXB\" target=\"_blank\" rel=\"noopener\">Filehoster: MultiUpload</a> (10+ hosters, interchangeable) [Use <a href=\"http://jdownloader.org/jdownloader2\" target=\"_blank\" rel=\"noopener\">JDownloader2</a>]</li><li><a href=\"https://pastefg.hermietkreeft.site/?6665de7e164bfe41#aB8FkL3xhKYDi1bvNm7zwz5HjxLyTzhskkdxSWzzbnW\" target=\"_blank\" rel=\"noopener\">Filehoster: PixelDrain</a></li><li><a href=\"https://pastefg.hermietkreeft.site/?963230d3cb151e92#2kiBNzzkK3XtvL4ze6fNKJENxZGv6BdLLHQL14nvJMa1\" target=\"_blank\" rel=\"noopener\">Filehoster: ZippyShare</a></li><li><a href=\"https://pastefg.hermietkreeft.site/?bfb9b31a543a5300#AUQuozWnUHYj8Xs5HLd3oB9Ne38Rxo5xwyFcLnzpwiEF\" target=\"_blank\" rel=\"noopener\">Filehoster: BayFiles</a></li><li><a href=\"https://pastefg.hermietkreeft.site/?023c58c277edb383#BiocwAeDUEtNPwb926MogsGHNf8apMhc4hjc3ShatAVe\" target=\"_blank\" rel=\"noopener\">Filehoster: LetsUpload</a> [Use <a href=\"http://jdownloader.org/jdownloader2\" target=\"_blank\" rel=\"noopener\">JDownloader2</a>]</li><li><a href=\"https://pastefg.hermietkreeft.site/?fc2852e72baef4ed#8TWyv9cLB4TnM1c5Anj6wDp5TrJtr3ikKfhVFadNAvtx\" target=\"_blank\" rel=\"noopener\">Filehoster: OneDrive</a> (Uploaded by DyR0 t(-_-t), NOT compatible with other mirrors)</li><p><!--  <li><a href=\"\" target=\"_blank\" rel=\"noopener\">Filehosters: Google Drive, OneDrive + others</a> (Uploaded by crackhub213)</li>  --></p></ul><p><a href=\"https://cs.rin.ru/forum/viewtopic.php?f=10&amp;t=117039\" target=\"_blank\" rel=\"noopener\">Discussion and (possible) future updates on CS.RIN.RU thread</a></p><h3>Screenshots (Click to enlarge)</h3><p><a target=\"_blank\" href=\"https://en.riotpixels.com/games/too-many-humans/screenshots/8/?utm_source=emb-gfx-html&amp;utm_medium=image&amp;utm_campaign=rp-mass\" rel=\"noopener\"><img loading=\"lazy\" width=\"178\" height=\"100\" border=\"0\" src=\"https://s01.riotpixels.net/data/9d/71/9d711c85-757a-4cb2-8e04-37a95698ee27.jpg.240p.jpg\"></a><a target=\"_blank\" href=\"https://en.riotpixels.com/games/too-many-humans/screenshots/7/?utm_source=emb-gfx-html&amp;utm_medium=image&amp;utm_campaign=rp-mass\" rel=\"noopener\"><img loading=\"lazy\" width=\"178\" height=\"100\" border=\"0\" src=\"https://s01.riotpixels.net/data/ce/f6/cef6d2ff-f688-433e-b37c-8bab72aad3a5.jpg.240p.jpg\"></a><a target=\"_blank\" href=\"https://en.riotpixels.com/games/too-many-humans/screenshots/5/?utm_source=emb-gfx-html&amp;utm_medium=image&amp;utm_campaign=rp-mass\" rel=\"noopener\"><img loading=\"lazy\" width=\"178\" height=\"100\" border=\"0\" src=\"https://s01.riotpixels.net/data/fb/a8/fba8eb58-b29b-4322-8241-ade94f90aa89.jpg.240p.jpg\"></a><br><a target=\"_blank\" href=\"https://en.riotpixels.com/games/too-many-humans/screenshots/4/?utm_source=emb-gfx-html&amp;utm_medium=image&amp;utm_campaign=rp-mass\" rel=\"noopener\"><img loading=\"lazy\" width=\"178\" height=\"100\" border=\"0\" src=\"https://s01.riotpixels.net/data/6b/65/6b65168f-d602-406e-a4d0-80305d2f9e5d.jpg.240p.jpg\"></a><a target=\"_blank\" href=\"https://en.riotpixels.com/games/too-many-humans/screenshots/3/?utm_source=emb-gfx-html&amp;utm_medium=image&amp;utm_campaign=rp-mass\" rel=\"noopener\"><img loading=\"lazy\" width=\"178\" height=\"100\" border=\"0\" src=\"https://s01.riotpixels.net/data/ee/c1/eec168c9-cacb-4ab6-9f61-df7e92bee4cb.jpg.240p.jpg\"></a><a target=\"_blank\" href=\"https://en.riotpixels.com/games/too-many-humans/screenshots/1/?utm_source=emb-gfx-html&amp;utm_medium=image&amp;utm_campaign=rp-mass\" rel=\"noopener\"><img loading=\"lazy\" width=\"179\" height=\"100\" border=\"0\" src=\"https://s01.riotpixels.net/data/78/66/7866d5ed-1f00-44b9-839d-f03fc6529743.jpg.240p.jpg\"></a></p><h3>Repack Features</h3><ul><li>Based on Too.Many.Humans-PLAZA ISO release: plaza-too.many.humans.iso (2,925,658,112 bytes)</li><li>100% Lossless &amp; MD5 Perfect: all files are identical to originals after installation</li><li>NOTHING ripped, NOTHING re-encoded</li><li>Significantly smaller archive size (compressed from 2.7 to 1.7 GB)</li><li>Installation takes 2-3 minutes (depending on your system)</li><li>After-install integrity check so you could make sure that everything installed properly</li><li>HDD space after installation: 6.7 GB</li><li>Language can be changed in game settings</li><li>At least 2 GB of free RAM (inc. virtual) required for installing this repack</li></ul><div ><div><h2>Game Description</h2></div><div >You are Phthisis, the God of pestilence, decay and death. Humanity has degraded too far into greed and is causing irreversible damage to Gaia; your dear sister, and their planet. Something has to be done. But like every god, you have rules (omnipotence gets boring otherwise): you are not allowed to directly kill humans. But you *can* raise them back from the dead. And if the living ones die because of this\u2026 Eh *shrug*.<p>Rise, mutate and unleash your Zombies into frantic battles against the treacherous humans. Fight every battle to break one by one the chains of avarice humanity has binded itself with.</p><p><b>Real-Time Tactics Controls</b><br>Lead your Zombies with original controls adapted to easily dispatch many waves of Zombies, many times. You won\u2019t be micromanaging single units here!</p><p><b>Chapter 1 : ZOMBIE RISING</b><br>Play through 7 unique hand-crafted missions that will take you places and do Zombie stuff!</p><p>Who really is the Zombie of today?</p><p><b><h3>Game Features</h3></b></p><ul><li><b>YOU are the horde:</b> Rise and send armies of Zombies to fight the good war.</li><li><b>Lead the horde:</b> Zombies aren\u2019t very clever and need to be kept on a tight leash.</li><li><b>Original Controls:</b> Lead your armies with simplified Real Time Tactic-Action controls</li><li><b>Mutate:</b> your zombies into various different Zombies to counter humans.</li><li><b>Respawn:</b> Humans die once, but Zombies never die!</li><li><b>Scare:</b> Unleash Zombies at humans and make them \u2018wet\u2019 their pants!</li><li><b>Chaos:</b> Leave a trail of blood and destruction in your path.</li></ul></div></div>             </div>"
}