{
    "link": "https://fitgirl-repacks.site/toy-tinker-simulator/",
    "title": "Toy Tinker Simulator",
    "first_img": "https://i7.imageban.ru/out/2021/11/22/4fd34ca285c2bd3c737221d3a1a42e82.jpg",
    "second_img": "https://s01.riotpixels.net/data/38/bb/38bbb5d1-2040-425f-ac6b-7ffe601b1666.jpg.240p.jpg",
    "body": "<div ><h2>Toy Tinker Simulator</h2><p ><div><a target=\"_blank\" href=\"https://en.riotpixels.com/games/toy-tinker-simulator/\" rel=\"noopener\"><img class=\"alignleft\" width=\"150\" src=\"https://i7.imageban.ru/out/2021/11/22/4fd34ca285c2bd3c737221d3a1a42e82.jpg\"></a></div><br>Genres/Tags: <strong>Lifestyle, First-person, 3D</strong><br>Companies: <strong>Turquoise Revival Games, GrabTheGames, WhisperGames</strong><br>Languages: <strong>RUS/ENG/MULTI19</strong><br>Original Size: <strong>9.7 GB</strong><br>Repack Size: <strong>6.3 GB</strong></p>&nbsp;<div>&nbsp;</div><h3>Download Mirrors</h3><ul><li><a href=\"https://1337x.to/torrent/5059925/Toy-Tinker-Simulator-MULTi19-FitGirl-Repack/\" target=\"_blank\" rel=\"noopener\">1337x</a> | [<a href=\"magnet:?xt=urn:btih:0A6BA157FEE08714D2051471BA746693A6D0E617&amp;dn=Toy+Tinker+Simulator+%28MULTi19%29+%5BFitGirl+Repack%5D&amp;tr=udp%3A%2F%2F46.148.18.250%3A2710&amp;tr=udp%3A%2F%2Fopentor.org%3A2710&amp;tr=udp%3A%2F%2Ftracker.coppersurfer.tk%3A6969%2Fannounce&amp;tr=udp%3A%2F%2Ftracker.opentrackr.org%3A1337%2Fannounce&amp;tr=http%3A%2F%2Ftracker.dler.org%3A6969%2Fannounce&amp;tr=udp%3A%2F%2Ftracker.leechers-paradise.org%3A6969%2Fannounce&amp;tr=udp%3A%2F%2F9.rarbg.me%3A2730%2Fannounce&amp;tr=udp%3A%2F%2F9.rarbg.to%3A2770%2Fannounce&amp;tr=udp%3A%2F%2Ftracker.pirateparty.gr%3A6969%2Fannounce&amp;tr=http%3A%2F%2Fretracker.local%2Fannounce&amp;tr=http%3A%2F%2Fretracker.ip.ncnet.ru%2Fannounce&amp;tr=udp%3A%2F%2Fexodus.desync.com%3A6969%2Fannounce&amp;tr=udp%3A%2F%2Fipv4.tracker.harry.lu%3A80%2Fannounce&amp;tr=udp%3A%2F%2Fopen.stealth.si%3A80%2Fannounce&amp;tr=udp%3A%2F%2Ftracker.zer0day.to%3A1337%2Fannounce&amp;tr=udp%3A%2F%2Ftracker.leechers-paradise.org%3A6969%2Fannounce&amp;tr=udp%3A%2F%2Fcoppersurfer.tk%3A6969%2Fannounce\">magnet</a>] [<a href=\"https://pastefg.hermietkreeft.site/?7cf62c515470aebe#9KYAZS83D6hUTAHxTNKx4tjJo3BycvxShggQTt7muKRt\" target=\"_blank\" rel=\"noopener\">.torrent file only</a>] <br><img src=\"https://torrent-stats.info/1471/5f6be135.png\" style=\"display:block;clear:both\"></li><li><a href=\"http://rutor.info/torrent/846949/toy-tinker-simulator-2021-pc-repack-ot-fitgirl\" target=\"_blank\" rel=\"noopener\">RuTor</a> [<a href=\"magnet:?xt=urn:btih:0a6ba157fee08714d2051471ba746693a6d0e617&amp;dn=rutor.info_Toy+Tinker+Simulator+%282021%29+PC+%7C+RePack+%D0%BE%D1%82+FitGirl&amp;tr=udp://opentor.net:6969&amp;tr=udp://opentor.org:2710&amp;tr=http://retracker.local/announce\">magnet</a>]</li><li><a href=\"https://tapochek.net/viewtopic.php?p=2813925\" target=\"_blank\" rel=\"noopener\">Tapochek.net</a></li><li><a href=\"https://pastefg.hermietkreeft.site/?6b2132558541dccf#EH8Hcd3vF9Ke3vb6NXgoFTwQhg194qjBDk2rE1Ec2UiZ\" target=\"_blank\" rel=\"noopener\">Filehoster: MultiUpload</a> (10+ hosters, interchangeable) [Use <a href=\"http://jdownloader.org/jdownloader2\" target=\"_blank\" rel=\"noopener\">JDownloader2</a>]</li><li><a href=\"https://pastefg.hermietkreeft.site/?76fa711ce2cd3047#4yAiK8L64HtRAf5jjBpGoNp1wLkiwSPpZG2X59jBtmzZ\" target=\"_blank\" rel=\"noopener\">Filehoster: ZippyShare</a></li><li><a href=\"https://pastefg.hermietkreeft.site/?e5975cd718239fba#C8AEVJLJ1EtgKf5LpC8ekVpUSBKqRtaDPYL6ZyxUuqHs\" target=\"_blank\" rel=\"noopener\">Filehoster: BayFiles</a></li><li><a href=\"https://pastefg.hermietkreeft.site/?6c18a7a341ab1a0a#HtA1QXgTwbSKi3zhHYkebR7kSEsMeDKmjWfU1s6gq5LY\" target=\"_blank\" rel=\"noopener\">Filehoster: LetsUpload</a> [Use <a href=\"http://jdownloader.org/jdownloader2\" target=\"_blank\" rel=\"noopener\">JDownloader2</a>]</li><li><a href=\"https://pastefg.hermietkreeft.site/?b4e02ba23e446c73#EAJbaZfZiXBova6ebj5SyHjhopWDv3ude1EDPfsw8RQb\" target=\"_blank\" rel=\"noopener\">Filehoster: OneDrive</a> (Uploaded by DyR0 t(-_-t), NOT compatible with other mirrors)</li><p><!--  <li><a href=\"\" target=\"_blank\" rel=\"noopener\">Filehosters: Google Drive, OneDrive + others</a> (Uploaded by crackhub213)</li>  --></p></ul><p><a href=\"https://cs.rin.ru/forum/viewtopic.php?f=10&amp;t=117340\" target=\"_blank\" rel=\"noopener\">Discussion and (possible) future updates on CS.RIN.RU thread</a></p><h3>Screenshots (Click to enlarge)</h3><p><a target=\"_blank\" href=\"https://en.riotpixels.com/games/toy-tinker-simulator/screenshots/17/?utm_source=emb-gfx-html&amp;utm_medium=image&amp;utm_campaign=rp-mass\" rel=\"noopener\"><img loading=\"lazy\" width=\"178\" height=\"100\" border=\"0\" src=\"https://s01.riotpixels.net/data/38/bb/38bbb5d1-2040-425f-ac6b-7ffe601b1666.jpg.240p.jpg\"></a><a target=\"_blank\" href=\"https://en.riotpixels.com/games/toy-tinker-simulator/screenshots/14/?utm_source=emb-gfx-html&amp;utm_medium=image&amp;utm_campaign=rp-mass\" rel=\"noopener\"><img loading=\"lazy\" width=\"178\" height=\"100\" border=\"0\" src=\"https://s01.riotpixels.net/data/b4/26/b426c46b-6458-442a-99bc-58777eac659b.jpg.240p.jpg\"></a><a target=\"_blank\" href=\"https://en.riotpixels.com/games/toy-tinker-simulator/screenshots/12/?utm_source=emb-gfx-html&amp;utm_medium=image&amp;utm_campaign=rp-mass\" rel=\"noopener\"><img loading=\"lazy\" width=\"178\" height=\"100\" border=\"0\" src=\"https://s01.riotpixels.net/data/eb/34/eb3456db-a10f-49e5-be97-277cc548fc6c.jpg.240p.jpg\"></a><br><a target=\"_blank\" href=\"https://en.riotpixels.com/games/toy-tinker-simulator/screenshots/9/?utm_source=emb-gfx-html&amp;utm_medium=image&amp;utm_campaign=rp-mass\" rel=\"noopener\"><img loading=\"lazy\" width=\"178\" height=\"100\" border=\"0\" src=\"https://s01.riotpixels.net/data/98/cf/98cf976b-33a9-47d6-8c62-28594610ecb8.jpg.240p.jpg\"></a><a target=\"_blank\" href=\"https://en.riotpixels.com/games/toy-tinker-simulator/screenshots/4/?utm_source=emb-gfx-html&amp;utm_medium=image&amp;utm_campaign=rp-mass\" rel=\"noopener\"><img loading=\"lazy\" width=\"178\" height=\"100\" border=\"0\" src=\"https://s01.riotpixels.net/data/92/99/9299108d-f3df-4b33-aa72-9207e663eb06.jpg.240p.jpg\"></a><a target=\"_blank\" href=\"https://en.riotpixels.com/games/toy-tinker-simulator/screenshots/2/?utm_source=emb-gfx-html&amp;utm_medium=image&amp;utm_campaign=rp-mass\" rel=\"noopener\"><img loading=\"lazy\" width=\"178\" height=\"100\" border=\"0\" src=\"https://s01.riotpixels.net/data/a2/37/a2377eec-d30c-48f0-99df-1e318d3ddb8d.jpg.240p.jpg\"></a></p><h3>Repack Features</h3><ul><li>Based on Toy.Tinker.Simulator-DARKSiDERS ISO release: ds-toytinkersimulator.iso (10,414,473,216 bytes)</li><li>100% Lossless &amp; MD5 Perfect: all files are identical to originals after installation</li><li>NOTHING ripped, NOTHING re-encoded</li><li>Significantly smaller archive size (compressed from 9.7 to 6.3 GB)</li><li>Installation takes 3-6 minutes (depending on your system)</li><li>After-install integrity check so you could make sure that everything installed properly</li><li>HDD space after installation: 10 GB</li><li>Language can be changed in game settings</li><li>Repack uses XTool library by Razor12911</li><li>At least 2 GB of free RAM (inc. virtual) required for installing this repack</li></ul><div ><div><h2>Game Description</h2></div><div >Have you ever wanted to be a toy tinker? This is a unique chance to become one! Repair toys and start your toy-museums to make everyone happy!<p><b><h3>Game Features</h3></b></p><ul><li>Disassemble/assemble toy parts and go through the repair processes like cleaning, painting, sandblasting, coating, sanding, sewing, filling/stuffing etc</li><li>Repair as many toys as possible to earn more money and experience</li><li>Take before/after photos to see the progress</li><li>Buy furniture, carpets, paintings, plants, flowers, etc and design your office</li><li>Buy new tools and equipment to increase your portfolio</li><li>Buy and repair unique toys</li><li>Buy new buildings and design your toy-museums</li><li>Level up and become master</li><li>Play with master-toys after successful deliveries</li></ul></div></div>             </div>"
}