{
    "link": "https://fitgirl-repacks.site/train-sim-world-2/",
    "title": "Train Sim World 2 \u2013 v4.26.1.0* + 39 DLCs",
    "first_img": "https://i2.imageban.ru/out/2021/08/25/6c451088dcbcd857e2efcb109d9dd57c.jpg",
    "second_img": "https://s01.riotpixels.net/data/b8/05/b805d28c-b45b-4f95-8523-a84b8dff81c0.jpg.240p.jpg",
    "body": "<div ><h2>Train Sim World 2 \u2013 v4.26.1.0* + 39 DLCs</h2><p ><div><a target=\"_blank\" href=\"https://en.riotpixels.com/games/train-sim-world-2/\" rel=\"noopener\"><img class=\"alignleft\" width=\"150\" src=\"https://i2.imageban.ru/out/2021/08/25/6c451088dcbcd857e2efcb109d9dd57c.jpg\"></a></div><br>Genres/Tags: <strong>Simulation, First-person, Third-person, Trains, 3D</strong><br>Company: <strong>Dovetail Games</strong><br>Languages: <strong>RUS/ENG/MULTI8</strong><br>Original Size: <strong>99.6 GB</strong><br>Repack Size: <strong>34.5/34.6 GB</strong></p>&nbsp;<div>&nbsp;</div><h3>Download Mirrors</h3><ul><li><a href=\"https://1337x.to/torrent/4963736/Train-Sim-World-2-v4-26-1-0-39-DLCs-MULTi8-FitGirl-Repack-Selective-Download-from-34-5-GB/\" target=\"_blank\" rel=\"noopener\">1337x</a> | [<a href=\"magnet:?xt=urn:btih:FC3939B6BCDB06712B4A447C993B8FE452726234&amp;dn=Train+Sim+World+2+%28v4.26.1.0%2A+%2B+39+DLCs%2C+MULTi8%29+%5BFitGirl+Repack%2C+Selective+Download+-+from+34.5+GB%5D&amp;tr=udp%3A%2F%2F46.148.18.250%3A2710&amp;tr=udp%3A%2F%2Fopentor.org%3A2710&amp;tr=udp%3A%2F%2Ftracker.coppersurfer.tk%3A6969%2Fannounce&amp;tr=udp%3A%2F%2Ftracker.opentrackr.org%3A1337%2Fannounce&amp;tr=http%3A%2F%2Ftracker.dler.org%3A6969%2Fannounce&amp;tr=udp%3A%2F%2Ftracker.leechers-paradise.org%3A6969%2Fannounce&amp;tr=udp%3A%2F%2F9.rarbg.me%3A2730%2Fannounce&amp;tr=udp%3A%2F%2F9.rarbg.to%3A2770%2Fannounce&amp;tr=udp%3A%2F%2Ftracker.pirateparty.gr%3A6969%2Fannounce&amp;tr=http%3A%2F%2Fretracker.local%2Fannounce&amp;tr=http%3A%2F%2Fretracker.ip.ncnet.ru%2Fannounce&amp;tr=udp%3A%2F%2Fexodus.desync.com%3A6969%2Fannounce&amp;tr=udp%3A%2F%2Fipv4.tracker.harry.lu%3A80%2Fannounce&amp;tr=udp%3A%2F%2Fopen.stealth.si%3A80%2Fannounce&amp;tr=udp%3A%2F%2Ftracker.zer0day.to%3A1337%2Fannounce&amp;tr=udp%3A%2F%2Ftracker.leechers-paradise.org%3A6969%2Fannounce&amp;tr=udp%3A%2F%2Fcoppersurfer.tk%3A6969%2Fannounce\">magnet</a>] [<a href=\"https://pastefg.hermietkreeft.site/?d9aa641723d87a16#7nXAZKfvtnzZ7Hjjm9LNqEzXR7ev5xMowUPEHQmKhfAz\" target=\"_blank\" rel=\"noopener\">.torrent file only</a>] <br><img src=\"https://torrent-stats.info/447c/1380b02bc.png\" style=\"display:block;clear:both\"></li><li><a href=\"http://rutor.info/torrent/831298/train-sim-world-2-v-4.26.1.0*-dlcs-2020-pc-repack-ot-fitgirl\" target=\"_blank\" rel=\"noopener\">RuTor</a> [<a href=\"magnet:?xt=urn:btih:fc3939b6bcdb06712b4a447c993b8fe452726234&amp;dn=rutor.info_Train+Sim+World+2+%5Bv+4.26.1.0%2A+%2B++DLCs%5D+%282020%29+PC+%7C+RePack+%D0%BE%D1%82+FitGirl&amp;tr=udp://opentor.org:2710&amp;tr=udp://opentor.org:2710&amp;tr=http://retracker.local/announce\">magnet</a>]</li><li><a href=\"https://tapochek.net/viewtopic.php?p=2796728\" target=\"_blank\" rel=\"noopener\">Tapochek.net</a></li><li><a href=\"https://pastefg.hermietkreeft.site/?f434d724ce8c80ce#8Q1yXD2jH9PSHggWmod6pUvw6ymR3t1f5GEgB6TBZY2v\" target=\"_blank\" rel=\"noopener\">Filehoster: MultiUpload</a> (10+ hosters, interchangeable) [Use <a href=\"http://jdownloader.org/jdownloader2\" target=\"_blank\" rel=\"noopener\">JDownloader2</a>]</li><li><a href=\"https://pastefg.hermietkreeft.site/?ed0c464e072607ba#g5bxgpcmxPjWbKSU4i6CkgKDqAEGgQLuWWveYEd6AcN\" target=\"_blank\" rel=\"noopener\">Filehoster: PixelDrain</a></li><li><a href=\"https://pastefg.hermietkreeft.site/?c76ef25378ef9af0#26C1oo6KDJi8csCN1XcoHWUxxdGAK6vttcH51SkxBvSn\" target=\"_blank\" rel=\"noopener\">Filehoster: ZippyShare</a></li><li><a href=\"https://pastefg.hermietkreeft.site/?6ba9b783d4729a13#JCMyMxAT5aMZ67MB5pfD27mvcTeYh1SaSL4pB1eaVtU8\" target=\"_blank\" rel=\"noopener\">Filehoster: LetsUpload</a> [Use <a href=\"http://jdownloader.org/jdownloader2\" target=\"_blank\" rel=\"noopener\">JDownloader2</a>]</li><li><a href=\"https://pastefg.hermietkreeft.site/?7dc2b8060c3dab79#4c6YEyzckia5C8XmP6FwV4sbzhL8AScAVQEZDSK5Jxun\" target=\"_blank\" rel=\"noopener\">Filehoster: OneDrive</a> (Uploaded by DyR0 t(-_-t), NOT compatible with other mirrors)</li></ul><p><a href=\"https://cs.rin.ru/forum/viewtopic.php?f=10&amp;t=105934\" target=\"_blank\" rel=\"noopener\">Discussion and (possible) future updates on CS.RIN.RU thread</a></p><h3>Screenshots (Click to enlarge)</h3><p><a target=\"_blank\" href=\"https://en.riotpixels.com/games/train-sim-world-2/screenshots/6/?utm_source=emb-gfx-html&amp;utm_medium=image&amp;utm_campaign=rp-mass\" rel=\"noopener\"><img loading=\"lazy\" width=\"178\" height=\"100\" border=\"0\" src=\"https://s01.riotpixels.net/data/b8/05/b805d28c-b45b-4f95-8523-a84b8dff81c0.jpg.240p.jpg\"></a><a target=\"_blank\" href=\"https://en.riotpixels.com/games/train-sim-world-2/screenshots/5/?utm_source=emb-gfx-html&amp;utm_medium=image&amp;utm_campaign=rp-mass\" rel=\"noopener\"><img loading=\"lazy\" width=\"178\" height=\"100\" border=\"0\" src=\"https://s01.riotpixels.net/data/91/fa/91fa2be3-a36d-4fe2-8c31-03cbcf6d2e12.jpg.240p.jpg\"></a><a target=\"_blank\" href=\"https://en.riotpixels.com/games/train-sim-world-2/screenshots/4/?utm_source=emb-gfx-html&amp;utm_medium=image&amp;utm_campaign=rp-mass\" rel=\"noopener\"><img loading=\"lazy\" width=\"178\" height=\"100\" border=\"0\" src=\"https://s01.riotpixels.net/data/73/c0/73c075bd-d36b-498b-a07b-a3340e051175.jpg.240p.jpg\"></a><br><a target=\"_blank\" href=\"https://en.riotpixels.com/games/train-sim-world-2/screenshots/3/?utm_source=emb-gfx-html&amp;utm_medium=image&amp;utm_campaign=rp-mass\" rel=\"noopener\"><img loading=\"lazy\" width=\"178\" height=\"100\" border=\"0\" src=\"https://s01.riotpixels.net/data/64/09/6409e75d-ac65-4219-8b98-45f438d69ca1.jpg.240p.jpg\"></a><a target=\"_blank\" href=\"https://en.riotpixels.com/games/train-sim-world-2/screenshots/2/?utm_source=emb-gfx-html&amp;utm_medium=image&amp;utm_campaign=rp-mass\" rel=\"noopener\"><img loading=\"lazy\" width=\"178\" height=\"100\" border=\"0\" src=\"https://s01.riotpixels.net/data/80/dc/80dc4791-fada-49e2-8e05-8a7acc1a6464.jpg.240p.jpg\"></a><a target=\"_blank\" href=\"https://en.riotpixels.com/games/train-sim-world-2/screenshots/1/?utm_source=emb-gfx-html&amp;utm_medium=image&amp;utm_campaign=rp-mass\" rel=\"noopener\"><img loading=\"lazy\" width=\"178\" height=\"100\" border=\"0\" src=\"https://s01.riotpixels.net/data/1e/8a/1e8a744d-1408-4ce6-9b42-10db8ffcd570.jpg.240p.jpg\"></a></p><h3>Repack Features</h3><ul><li>Based on Train Sim World 2 v4.26.1.0* Epic release with 39 DLCs (99.6 GB), thanks to hazarxxx and everyone who chipped in their DLC files!</li><li>v4.26.1.0 is the UE4 version the game uses since the latest update, not the game version</li><li>Nemirtingas Epic Emulator applied over, all 39 released DLCs are included and activated</li><li>100% Lossless &amp; MD5 Perfect: all files are identical to originals after installation</li><li>NOTHING ripped, NOTHING re-encoded</li><li>Selective Download feature: you may skip downloading and installing of useless (for cracked version) PDB files</li><li>Significantly smaller archive size (compressed from 99.6 to 34.5/34.6 GB)</li><li>Installation takes: ~20 minutes on 16-threads CPU; ~35 minutes on 16-threads CPU; ~1 hour on 4-threads CPU</li><li>After-install integrity check so you could make sure that everything installed properly</li><li>HDD space after installation: up to 99.6 GB (up to 120 GB during installation)</li><li>Language can be changed by editing desktop icon\u2019s \u201c-epiclocale=en-us\u201d property, change en-us to: rus, fr, de, it, spa, pl, zh</li><li>Repack uses XTool library by Razor12911</li><li>At least 2 GB of free RAM (inc. virtual) required for installing this repack</li></ul><div ><div><h2>Game Description</h2></div><div >The evolution of train simulation! Master iconic locomotives on high-speed services, long freight hauls or precise commuter traffic, and get creative with customisation tools in this advanced sequel. Climb into the cab in Train Sim World 2.<p><b>Authentically Replicated</b><br>Drive high-speed inter-city German rail for the first time as you push the throttle and climb speeds in the famous DB ICE 3M out of K\u00f6ln. Take on the challenge of hauling long freight across Sand Patch Grade including the Cumberland Terminal using the raw power of the CSX AC4400CW. Master the patterns and stations of the world-famous London Underground on the Bakerloo Line.<br>All official licences, all authentically recreated \u2013 you\u2019re in the cab and in control.</p><p><b>Get Creative</b><br>Personalise Train Sim World 2 locos with the exclusive new Livery Designer \u2013 Create your own custom liveries with an easy to use in-game tool that allows you to craft both simple and complex designs to bring your Train Sim World 2 loco liveries to life.<br>Customise how you play with the Scenario Planner \u2013 Create your own scenario. Customise locos and destinations, then jump in and get driving. Quick drive, your way.</p><p><b>Experience A New Level Of Realism</b><br>The proprietary SimuGraph\u00ae vehicle dynamics engine has evolved \u2013 adding realistic adhesion physics for the first time. Feel the wheelslip and wheelslide in adverse weather and the added challenge of control on steep inclines. Optimised and upgraded visual fidelity also gives Train Sim World 2 dynamic skies and 4K support.</p><p><b>Immerse Yourself In Simulation</b><br>Get clearer information on instructions, gradient and speed profiles as you drive, including new HUD displays, clarity to the onboard safety systems, brake controls, power meter and accelerometer. A new controller scheme will give great choices on Camera and Driving modes and allows easier access from external camera mode to enter another vehicle in your consist, all while full physics and simulation are still running.</p><p><b>Preserved Collection</b><br>Your collection comes with you \u2013 You can play your Train Sim World 2020 Add-Ons in Train Sim World 2. Train Sim World has always been about your collection, your choice of Add-Ons from your favourite region, time period, diesel, electric, passenger, freight \u2013 your way. Your purchased Train Sim World 2020 Add-Ons will be available to play in Train Sim World 2. Please note: Northeast Corridor New York, Amtrak SW1000R and CSX GP40-2 are not part of Preserved Collection.</p><p><b>Track And Share Your Progress</b><br>With Dovetail Live you can track your progress and stats online \u2013 Reviewing your performance and sharing and comparing with friends. Railfan Shots also give you the control to upload your screenshots to a personal gallery to share.</p><p><b><h3>Game Features</h3></b></p><ul><li>Explore famous routes with unique challenges:</li><li>\u2013 Bakerloo Line \u2013 First opened in 1906 Bakerloo is one of the oldest lines on the London Underground. Master the modern-day complexity of rush hour in the British capital.</li><li>\u2013 Schnellfahrstrecke K\u00f6ln-Aachen \u2013 Step into the renowned DB BR 406 ICE 3M and drive passengers at speeds up to 250km/h as you race between K\u00f6ln and Aachen on this German inter-city line.</li><li>\u2013 Sand Patch Grade \u2013 Enjoy epic power with the CSX AC4400CW. Haul freight across the Allegheny Mountains, battling adhesion on one of the steepest grades in the United States.</li><li>Train Sim World 2 features iconic locomotives to master. The classic 1972 Mark 2 Stock on the Bakerloo Line, modern fast commuters with DB BR 406 ICE 3M and DB BR 442 \u2018Talent 2\u2019 and powerful hauliers with the AC4400CW, GP38-2 and SD40-2.</li><li>Livery Designer \u2013 Get creative and add a personal touch to your Train Sim World 2 locos with this easy to use tool that allows custom liveries.</li><li>Scenario Planner \u2013 Drive what you want, where you want, as you plan out your own scenarios. Quick drive, your way.</li><li>New Adhesion Physics \u2013 Feel wheelslip and wheelslide in adverse weather, master moving heavy freight and keep control of your loco power on steep inclines.</li><li>Dynamic Skies \u2013 Multiple cloud layers and realistic sunlight filtering means greater visual fidelity for the skies in Train Sim World 2.</li><li>Journeys \u2013 Start a new Journey on any route to explore more than 24 hours of gameplay featuring scenarios, services and more to complete.</li><li>Tutorials \u2013 Learn all you need to take to the rails with detailed tutorials for each locomotive. Master every switch, lever and dial.</li><li>Powered by Dovetail Games\u2019 proprietary SimuGraph\u00ae vehicle dynamics engine and Unreal Engine 4\u00ae technology.</li></ul><p><b>Included DLCs \u2013 Routes</b></p><ul><li>Arosalinie: Chur \u2013 Arosa</li><li>Canadian National Oakville Subdivision: Hamilton \u2013 Oakville</li><li>Cane Creek: Thompson \u2013 Potash</li><li>Cathcart Circle Line: Glasgow \u2013 Newton &amp; Neilston</li><li>Clinchfield Railroad: Elkhorn \u2013 Dante</li><li>East Coastway: Brighton \u2013 Eastbourne &amp; Seaford</li><li>Great Western Express</li><li>Hauptstrecke Hamburg \u2013 Lubeck</li><li>Hauptstrecke Munchen \u2013 Augsburg</li><li>Hauptstrecke Rhein-Ruhr: Duisburg \u2013 Bochum</li><li>Isle Of Wight: Ryde \u2013 Shanklin</li><li>LGV Mediterranee: Marseille \u2013 Avignon</li><li>Long Island Rail Road: New York \u2013 Hicksville</li><li>Main Spessart Bahn: Aschaffenburg \u2013 Gemunden</li><li>Northern Trans-Pennine: Manchester \u2013 Leeds</li><li>Peninsula Corridor: San Francisco \u2013 San Jose</li><li>Rapid Transit</li><li>Rhein-Ruhr Osten: Wuppertal \u2013 Hagen</li><li>Ruhr-Sieg Nord: Hagen \u2013 Finnentrop</li><li>Rush Hour \u2013 Boston Sprinter</li><li>Southeastern High Speed: London St Pancras \u2013 Faversham</li><li>Tees Valley Line: Darlington \u2013 Saltburn-by-the-Sea</li><li>West Somerset Railway</li></ul><p><b>Included DLCs \u2013 Locomotives</b></p><ul><li>BR Class 20 \u2018Chopper\u2019</li><li>BR Class 31</li><li>BR Class 33</li><li>BR Class 52 \u2018Western\u2019</li><li>BR Heavy Freight Pack</li><li>Caltrain MP15DC Diesel Switcher</li><li>Caltrain MP36PH-3C \u2018Baby Bullet\u2019</li><li>CSX C40-8W</li><li>DB BR 101</li><li>DB BR 155</li><li>DB BR 182</li><li>DB BR 204</li><li>DB BR 363</li><li>Diesel Legends of the Great Western</li><li>LIRR M3 EMU</li><li>Southeastern BR Class 465 EMU</li></ul></div></div>             </div>"
}