{
    "link": "https://fitgirl-repacks.site/tribes-of-midgard/",
    "title": "Tribes of Midgard: Deluxe Edition \u2013 ver. wolf-1.03-222 + 2 DLCs",
    "first_img": "https://i1.imageban.ru/out/2021/08/17/d4ea006fa48ecab5d384708cf3d1f67d.jpg",
    "second_img": "https://s01.riotpixels.net/data/78/36/78366e6d-0e8d-448f-9e06-3eb282c85095.jpg.240p.jpg",
    "body": "<div ><h2>Tribes of Midgard: Deluxe Edition \u2013 ver. wolf-1.03-222 + 2 DLCs</h2><p ><div><a target=\"_blank\" href=\"https://en.riotpixels.com/games/tribes-of-midgard/\" rel=\"noopener\"><img class=\"alignleft\" width=\"150\" src=\"https://i1.imageban.ru/out/2021/08/17/d4ea006fa48ecab5d384708cf3d1f67d.jpg\"></a></div><br>Genres/Tags: <strong>Action, RPG, Survival, Isometric, 3D</strong><br>Companies: <strong>Norsfell, Gearbox Publishing</strong><br>Languages: <strong>RUS/ENG/MULTI18</strong><br>Original Size: <strong>9.8 GB</strong><br>Repack Size: <strong>2.3 GB</strong></p>&nbsp;<div>&nbsp;</div><h3>Download Mirrors</h3><ul><li><a href=\"https://1337x.to/torrent/4955355/Tribes-of-Midgard-Deluxe-Edition-ver-wolf-1-03-222-2-DLCs-MULTi18-FitGirl-Repack/\" target=\"_blank\" rel=\"noopener\">1337x</a> | [<a href=\"magnet:?xt=urn:btih:ACC84D469303CE05401BABAB1AAAFF6404FAB456&amp;dn=Tribes+of+Midgard%3A+Deluxe+Edition+%28ver.+wolf-1.03-222+%2B+2+DLCs%2C+MULTi18%29+%5BFitGirl+Repack%5D&amp;tr=udp%3A%2F%2F46.148.18.250%3A2710&amp;tr=udp%3A%2F%2Fopentor.org%3A2710&amp;tr=udp%3A%2F%2Ftracker.coppersurfer.tk%3A6969%2Fannounce&amp;tr=udp%3A%2F%2Ftracker.opentrackr.org%3A1337%2Fannounce&amp;tr=http%3A%2F%2Ftracker.dler.org%3A6969%2Fannounce&amp;tr=udp%3A%2F%2Ftracker.leechers-paradise.org%3A6969%2Fannounce&amp;tr=udp%3A%2F%2F9.rarbg.me%3A2730%2Fannounce&amp;tr=udp%3A%2F%2F9.rarbg.to%3A2770%2Fannounce&amp;tr=udp%3A%2F%2Ftracker.pirateparty.gr%3A6969%2Fannounce&amp;tr=http%3A%2F%2Fretracker.local%2Fannounce&amp;tr=http%3A%2F%2Fretracker.ip.ncnet.ru%2Fannounce&amp;tr=udp%3A%2F%2Fexodus.desync.com%3A6969%2Fannounce&amp;tr=udp%3A%2F%2Fipv4.tracker.harry.lu%3A80%2Fannounce&amp;tr=udp%3A%2F%2Fopen.stealth.si%3A80%2Fannounce&amp;tr=udp%3A%2F%2Ftracker.zer0day.to%3A1337%2Fannounce&amp;tr=udp%3A%2F%2Ftracker.leechers-paradise.org%3A6969%2Fannounce&amp;tr=udp%3A%2F%2Fcoppersurfer.tk%3A6969%2Fannounce\">magnet</a>] [<a href=\"https://pastefg.hermietkreeft.site/?8d8bdbedd29eb62e#7qeAJXmE3M8u8qp86Nnmvzrd2TrXAwDCYpL7iAB2SBVo\" target=\"_blank\" rel=\"noopener\">.torrent file only</a>] <br><img src=\"https://torrent-stats.info/abab/30cd5f024.png\" style=\"display:block;clear:both\"></li><li><a href=\"http://rutor.info/torrent/830136/tribes-of-midgard-deluxe-edition-ver-wolf-1.03-222-dlcs-2021-pc-repack-ot-fitgirl\" target=\"_blank\" rel=\"noopener\">RuTor</a> [<a href=\"magnet:?xt=urn:btih:acc84d469303ce05401babab1aaaff6404fab456&amp;dn=rutor.info_Tribes+of+Midgard%3A+Deluxe+Edition+%5Bver.+wolf-1.03-222+%2B+DLCs%5D+%282021%29+PC+%7C+RePack+%D0%BE%D1%82+FitGirl&amp;tr=udp://opentor.org:2710&amp;tr=udp://opentor.org:2710&amp;tr=http://retracker.local/announce\">magnet</a>]</li><li><a href=\"https://tapochek.net/viewtopic.php?p=2795180\" target=\"_blank\" rel=\"noopener\">Tapochek.net</a></li><li><a href=\"https://pastefg.hermietkreeft.site/?0d7529e43170c74b#BjESWCMcu4fMVoJfZ5LJ1L1oaAZHBexEjpn8yUaJJp7D\" target=\"_blank\" rel=\"noopener\">Filehoster: MultiUpload</a> (10+ hosters, interchangeable) [Use <a href=\"http://jdownloader.org/jdownloader2\" target=\"_blank\" rel=\"noopener\">JDownloader2</a>]</li><li><a href=\"https://pastefg.hermietkreeft.site/?cea8171a95751800#6TXsKWQGbBSiw3rL7hVfq33fVRUpPZnWwdTH4fEAWQJy\" target=\"_blank\" rel=\"noopener\">Filehoster: PixelDrain</a></li><li><a href=\"https://pastefg.hermietkreeft.site/?b0a334717fe7b581#Ctye6QbPtSSn1zsvUz8REVzUVjYJUuDVEUUjFSevVfKg\" target=\"_blank\" rel=\"noopener\">Filehoster: ZippyShare</a></li><li><a href=\"https://pastefg.hermietkreeft.site/?d404a8d86c4bb6fd#CtAhJr3pYH5d6ZdWKHH351LUzwP1S8XhVDxfzgorDVi9\" target=\"_blank\" rel=\"noopener\">Filehoster: LetsUpload</a> [Use <a href=\"http://jdownloader.org/jdownloader2\" target=\"_blank\" rel=\"noopener\">JDownloader2</a>]</li><li><a href=\"https://pastefg.hermietkreeft.site/?2bb6455e77919a55#2N7WUP9pxh36BRtmjY3ebzUZwFaucXk7JM1Q3uCuTs5r\" target=\"_blank\" rel=\"noopener\">Filehoster: OneDrive</a> (Uploaded by DyR0 t(-_-t), NOT compatible with other mirrors)</li></ul><p><a href=\"https://cs.rin.ru/forum/viewtopic.php?f=10&amp;t=100419\" target=\"_blank\" rel=\"noopener\">Discussion and (possible) future updates on CS.RIN.RU thread</a></p><h3>Screenshots (Click to enlarge)</h3><p><a target=\"_blank\" href=\"https://en.riotpixels.com/games/tribes-of-midgard/screenshots/16/?utm_source=emb-gfx-html&amp;utm_medium=image&amp;utm_campaign=rp-mass\" rel=\"noopener\"><img loading=\"lazy\" width=\"178\" height=\"100\" border=\"0\" src=\"https://s01.riotpixels.net/data/78/36/78366e6d-0e8d-448f-9e06-3eb282c85095.jpg.240p.jpg\"></a><a target=\"_blank\" href=\"https://en.riotpixels.com/games/tribes-of-midgard/screenshots/11/?utm_source=emb-gfx-html&amp;utm_medium=image&amp;utm_campaign=rp-mass\" rel=\"noopener\"><img loading=\"lazy\" width=\"178\" height=\"100\" border=\"0\" src=\"https://s01.riotpixels.net/data/53/c4/53c4b1b9-706d-4ae8-9edf-b23f22482431.jpg.240p.jpg\"></a><a target=\"_blank\" href=\"https://en.riotpixels.com/games/tribes-of-midgard/screenshots/9/?utm_source=emb-gfx-html&amp;utm_medium=image&amp;utm_campaign=rp-mass\" rel=\"noopener\"><img loading=\"lazy\" width=\"178\" height=\"100\" border=\"0\" src=\"https://s01.riotpixels.net/data/c7/84/c78478e2-e1ab-4a81-8b7b-91c20ae6bb62.jpg.240p.jpg\"></a><br><a target=\"_blank\" href=\"https://en.riotpixels.com/games/tribes-of-midgard/screenshots/7/?utm_source=emb-gfx-html&amp;utm_medium=image&amp;utm_campaign=rp-mass\" rel=\"noopener\"><img loading=\"lazy\" width=\"178\" height=\"100\" border=\"0\" src=\"https://s01.riotpixels.net/data/02/ef/02efd444-74cb-4be3-9db4-6d3819a0d5ea.jpg.240p.jpg\"></a><a target=\"_blank\" href=\"https://en.riotpixels.com/games/tribes-of-midgard/screenshots/6/?utm_source=emb-gfx-html&amp;utm_medium=image&amp;utm_campaign=rp-mass\" rel=\"noopener\"><img loading=\"lazy\" width=\"178\" height=\"100\" border=\"0\" src=\"https://s01.riotpixels.net/data/ad/fd/adfd488d-a923-4b72-a4f4-25bf0d4402a3.jpg.240p.jpg\"></a><a target=\"_blank\" href=\"https://en.riotpixels.com/games/tribes-of-midgard/screenshots/4/?utm_source=emb-gfx-html&amp;utm_medium=image&amp;utm_campaign=rp-mass\" rel=\"noopener\"><img loading=\"lazy\" width=\"178\" height=\"100\" border=\"0\" src=\"https://s01.riotpixels.net/data/43/4e/434eabf5-f84c-449d-9591-c500965d7204.jpg.240p.jpg\"></a></p><h3>Repack Features</h3><ul><li>Based on Tribes of Midgard ver. wolf-1.03-222 Steam release: 9.8 GB</li><li>Server Emulator by Seeburschbanause &amp; 0xdeadc0de, builds for Win7/8/10 (34 MB) applied over</li><li>Pre-Order Content &amp; Deluxe Content cosmetics/pets are unlocked</li><li>100% Lossless &amp; MD5 Perfect: all files are identical to originals after installation</li><li>NOTHING ripped, NOTHING re-encoded</li><li>Significantly smaller archive size (compressed from 9.8 to 2.3 GB)</li><li>Installation takes 1-2 minutes</li><li>After-install integrity check so you could make sure that everything installed properly</li><li>HDD space after installation: 9.9 GB</li><li>Language can be changed in game settings</li><li>Repack uses XTool library by Razor12911</li><li>At least 2 GB of free RAM (inc. virtual) required for installing this repack</li><li>For running on Windows 7 use a dedicated game icon created on the desktop</li></ul><div ><div><h2>Game Description</h2></div><div ><p>Tribes of Midgard is a single-player/co-op game with a unique blend of action, survival, and roguelite elements. Players must defend their village from hordes of invaders\u2014deadly spirits and gigantic brutes\u2014that every night threaten to destroy the Seed of Yggdrasil, the sacred tree you\u2019re sworn to protect. Only by protecting the Seed, you and your tribe can stop Ragnar\u00f6k\u2014the end of the world!</p><p>Venture with your tribe into the untamed wilds of Midgard to gather precious resources, hunt mythical beasts, defeat mighty foes, topple giants, and claim treasures. The further from the village you explore, the greater the challenge and greater the rewards\u2014which you\u2019ll need to stand against the ever-strengthening minions of the apocalypse. But you must return before the sun sets so you can bolster your defenses, craft powerful equipment, and fend off the nightly assaults.</p><p><b><h3>Game Features</h3></b></p><ul><li><b>Roguelite Meets Survival Action:</b> Each gameplay session begins with your tribe being dropped into a fresh, procedurally generated world, equipped with nothing but the loincloth on their backsides and an eternal oath to save the world. Gain knowledge, meta experience, and account unlocks each session to aid you in your quest to hold off Ragnar\u00f6k for as long as you can. The longer you and your tribe survive, the greater the rewards!</li><li><b>Face Colossal Game-Changers:</b> Protect the Seed of Yggdrasil from a nightly invasion of Helthings and work together with your tribe to withstand the ever-looming threat of the J\u00f6tnar\u2014epic giants hellbent on smashing both the Seed and your surrounding village to bits. The world (and the game) ends when the Seed is destroyed.</li><li><b>Forge Your Viking Legend:</b> Level up your character each session by choosing a class and taking the battle into the wilds as you seek resources to craft epic armor and mighty weaponry. Discover and equip powerful runes to complement your playstyle in surprising ways. Then, unleash destruction and prepare clever village defenses to give your enemies some nasty surprises.</li><li><b>Rally the Tribe:</b> When the giants arrive, it takes a village to bring them down! Adventure through Midgard solo or form a tribe of up to 10 players in online PvE co-op. Test your Viking skills against the seasonal challenges of Saga Mode or tailor the experience to your liking and see how long you can \u201csurthrive\u201d in the highly customizable Survival mode. We recommend taking on Ragnar\u00f6k with a tribe of four or more.</li><li><b>Explore a Bright Norse Realm:</b> Gather resources, slay legendary beasts, delve through caves, claim treasure, and build anywhere as you explore formidable, procedurally generated lands on your quest to take on Ragnar\u00f6k.</li><li><b>Keep Up the Fight:</b> Free, limited time seasonal events will bring bigger challenges and even mightier treasures to the endgame of Midgard throughout the year, including new ways to play and new rewards to earn through the season\u2019s unlockable progression track.</li></ul></div></div><div ><div Instructions for playing survival mode</div><div ><ul><li>Choose survival mode in the server emulator and select a slot</li><li>When the game is launched, go to \u2018Other modes\u2019 -&gt; \u2018Survival\u2019 -&gt; \u2018World Slot\u2019 -&gt; \u2018New game\u2019 -&gt; set everything up as you want -&gt; \u2018Start\u2019</li><li>The game will freeze for some seconds and then throw an exception</li><li>When you\u2019re thrown back into the main menu, you can see a world in Saga Mode. Start the world to play survival mode</li></ul></div></div><div ><div Server Emulator notes</div><div ><ul><li>All shop cosmetics are unlocked</li><li>Special thanks goes to 0xdeadc0de for making a DLL that makes the game use the local server</li><li>There are possibilities that the server emulator won\u2019t work correctly in some situations. In this case, send me a DM containing all details on cs.rin.ru forums</li><li>You can play fully offline</li><li>The XP calculation isn\u2019t a 100% replica of the original calculation (because it\u2019s calculated on their servers). Therefore I\u2019ve made a simple formula that gives you 2x the XP you would normally get</li><li>If an internet connection is available, the server automatically downloads the latest hotfixes from the Tribes of Midgard API</li></ul></div></div>             </div>"
}