{
    "link": "https://fitgirl-repacks.site/troubleshooter-abandoned-children/",
    "title": "TROUBLESHOOTER: Abandoned Children \u2013 Build 911 v20211206 + White Lion and Black Witch DLC",
    "first_img": "https://i7.imageban.ru/out/2021/12/12/f7765adc810bc2f2ebda0b12249177f0.jpg",
    "second_img": "https://s01.riotpixels.net/data/6a/9d/6a9d0ee5-9601-4dd4-bb00-535a74826bf2.jpg.240p.jpg",
    "body": "<div ><h2>TROUBLESHOOTER: Abandoned Children \u2013 Build 911 v20211206 + White Lion and Black Witch DLC</h2><p ><div><a target=\"_blank\" href=\"https://en.riotpixels.com/games/troubleshooter-abandoned-children/\" rel=\"noopener\"><img class=\"alignleft\" width=\"150\" src=\"https://i7.imageban.ru/out/2021/12/12/f7765adc810bc2f2ebda0b12249177f0.jpg\"></a></div><br>Genres/Tags: <strong>RPG, Strategy, Tactics, Isometric, 3D, Turn-based</strong><br>Company: <strong>Dandylion</strong><br>Languages: <strong>RUS/ENG/MULTI5</strong><br>Original Size: <strong>6.9 GB</strong><br>Repack Size: <strong>4 GB</strong></p>&nbsp;<div>&nbsp;</div><h3>Download Mirrors</h3><ul><li><a href=\"https://1337x.to/torrent/5083239/TROUBLESHOOTER-Abandoned-Children-Build-911-v20211206-DLC-MULTi5-FitGirl-Repack/\" target=\"_blank\" rel=\"noopener\">1337x</a> | [<a href=\"magnet:?xt=urn:btih:7AE64EFBBBDFF61622A2E27F2124A7BDB76E8D75&amp;dn=TROUBLESHOOTER%3A+Abandoned+Children+%28Build+911+v20211206+%2B+DLC%2C+MULTi5%29+%5BFitGirl+Repack%5D&amp;tr=udp%3A%2F%2F46.148.18.250%3A2710&amp;tr=udp%3A%2F%2Fopentor.org%3A2710&amp;tr=udp%3A%2F%2Ftracker.coppersurfer.tk%3A6969%2Fannounce&amp;tr=udp%3A%2F%2Ftracker.opentrackr.org%3A1337%2Fannounce&amp;tr=http%3A%2F%2Ftracker.dler.org%3A6969%2Fannounce&amp;tr=udp%3A%2F%2Ftracker.leechers-paradise.org%3A6969%2Fannounce&amp;tr=udp%3A%2F%2F9.rarbg.me%3A2730%2Fannounce&amp;tr=udp%3A%2F%2F9.rarbg.to%3A2770%2Fannounce&amp;tr=udp%3A%2F%2Ftracker.pirateparty.gr%3A6969%2Fannounce&amp;tr=http%3A%2F%2Fretracker.local%2Fannounce&amp;tr=http%3A%2F%2Fretracker.ip.ncnet.ru%2Fannounce&amp;tr=udp%3A%2F%2Fexodus.desync.com%3A6969%2Fannounce&amp;tr=udp%3A%2F%2Fipv4.tracker.harry.lu%3A80%2Fannounce&amp;tr=udp%3A%2F%2Fopen.stealth.si%3A80%2Fannounce&amp;tr=udp%3A%2F%2Ftracker.zer0day.to%3A1337%2Fannounce&amp;tr=udp%3A%2F%2Ftracker.leechers-paradise.org%3A6969%2Fannounce&amp;tr=udp%3A%2F%2Fcoppersurfer.tk%3A6969%2Fannounce\">magnet</a>] [<a href=\"https://pastefg.hermietkreeft.site/?bf8f21bddbab2084#DR5waA1j4evdag2c9xbviFL3u3uMsyDV2auKcxZPxxuj\" target=\"_blank\" rel=\"noopener\">.torrent file only</a>] <br><img src=\"https://torrent-stats.info/e27f/4287b895b.png\" style=\"display:block;clear:both\"></li><li><a href=\"http://rutor.info/torrent/851019/troubleshooter-abandoned-children-build-911-v20211206-dlc-2020-pc-repack-ot-fitgirl\" target=\"_blank\" rel=\"noopener\">RuTor</a> [<a href=\"magnet:?xt=urn:btih:7ae64efbbbdff61622a2e27f2124a7bdb76e8d75&amp;dn=rutor.info_Troubleshooter%3A+Abandoned+Children+%5BBuild+911+v20211206+%2B+DLC%5D+%282020%29+PC+%7C+RePack+%D0%BE%D1%82+FitGirl&amp;tr=udp://opentor.net:6969&amp;tr=udp://opentor.org:2710&amp;tr=http://retracker.local/announce\">magnet</a>]</li><li><a href=\"https://tapochek.net/viewtopic.php?p=2817660\" target=\"_blank\" rel=\"noopener\">Tapochek.net</a></li><li><a href=\"https://pastefg.hermietkreeft.site/?33b800a87fbdc987#2D7ZyPfNQwa1AV2yGtpuW4w49dp6pUcNLgXPGMbECT4L\" target=\"_blank\" rel=\"noopener\">Filehoster: MultiUpload</a> (10+ hosters, interchangeable) [Use <a href=\"http://jdownloader.org/jdownloader2\" target=\"_blank\" rel=\"noopener\">JDownloader2</a>]</li><li><a href=\"https://pastefg.hermietkreeft.site/?03815b1f3b878bc1#FrAuGPTavVzu7fHqoEjUy58VwisCJEREYe2NpKSupTLw\" target=\"_blank\" rel=\"noopener\">Filehoster: ZippyShare</a></li><li><a href=\"https://pastefg.hermietkreeft.site/?fb551c4e72d819c0#2UtztTBAJF46VNxadNpwPz4VJqN8pyPyEdSEbHeGVtHJ\" target=\"_blank\" rel=\"noopener\">Filehoster: BayFiles</a></li><li><a href=\"https://pastefg.hermietkreeft.site/?e40b76380fbf4e8a#5Yu8N7yJNo8ZDWswRWhWQfxmC9dT8BdUatHeXx4oX8YF\" target=\"_blank\" rel=\"noopener\">Filehoster: OneDrive</a> (Uploaded by DyR0 t(-_-t), NOT compatible with other mirrors)</li><p><!--  <li><a href=\"\" target=\"_blank\" rel=\"noopener\">Filehosters: Google Drive, OneDrive + others</a> (Uploaded by crackhub213)</li>  --></p></ul><p><a href=\"https://cs.rin.ru/forum/viewtopic.php?f=10&amp;t=85624\" target=\"_blank\" rel=\"noopener\">Discussion and (possible) future updates on CS.RIN.RU thread</a></p><h3>Screenshots (Click to enlarge)</h3><p><a target=\"_blank\" href=\"https://en.riotpixels.com/games/troubleshooter-abandoned-children/screenshots/16/?utm_source=emb-gfx-html&amp;utm_medium=image&amp;utm_campaign=rp-mass\" rel=\"noopener\"><img loading=\"lazy\" width=\"178\" height=\"100\" border=\"0\" src=\"https://s01.riotpixels.net/data/6a/9d/6a9d0ee5-9601-4dd4-bb00-535a74826bf2.jpg.240p.jpg\"></a><a target=\"_blank\" href=\"https://en.riotpixels.com/games/troubleshooter-abandoned-children/screenshots/13/?utm_source=emb-gfx-html&amp;utm_medium=image&amp;utm_campaign=rp-mass\" rel=\"noopener\"><img loading=\"lazy\" width=\"178\" height=\"100\" border=\"0\" src=\"https://s01.riotpixels.net/data/44/9a/449a89b8-969d-40f5-b1a4-a536692eb769.jpg.240p.jpg\"></a><a target=\"_blank\" href=\"https://en.riotpixels.com/games/troubleshooter-abandoned-children/screenshots/10/?utm_source=emb-gfx-html&amp;utm_medium=image&amp;utm_campaign=rp-mass\" rel=\"noopener\"><img loading=\"lazy\" width=\"178\" height=\"100\" border=\"0\" src=\"https://s01.riotpixels.net/data/da/f4/daf4459b-c307-4780-b87c-512d355849eb.jpg.240p.jpg\"></a><br><a target=\"_blank\" href=\"https://en.riotpixels.com/games/troubleshooter-abandoned-children/screenshots/6/?utm_source=emb-gfx-html&amp;utm_medium=image&amp;utm_campaign=rp-mass\" rel=\"noopener\"><img loading=\"lazy\" width=\"178\" height=\"100\" border=\"0\" src=\"https://s01.riotpixels.net/data/00/65/0065c631-93c0-4915-b2f2-1dd6b14b6088.jpg.240p.jpg\"></a><a target=\"_blank\" href=\"https://en.riotpixels.com/games/troubleshooter-abandoned-children/screenshots/4/?utm_source=emb-gfx-html&amp;utm_medium=image&amp;utm_campaign=rp-mass\" rel=\"noopener\"><img loading=\"lazy\" width=\"178\" height=\"100\" border=\"0\" src=\"https://s01.riotpixels.net/data/a2/83/a283cdb4-a406-4e16-93ea-de67f68f31f7.jpg.240p.jpg\"></a><a target=\"_blank\" href=\"https://en.riotpixels.com/games/troubleshooter-abandoned-children/screenshots/2/?utm_source=emb-gfx-html&amp;utm_medium=image&amp;utm_campaign=rp-mass\" rel=\"noopener\"><img loading=\"lazy\" width=\"178\" height=\"100\" border=\"0\" src=\"https://s01.riotpixels.net/data/e6/b5/e6b58486-75ef-413e-977c-6c5a4cfa68e0.jpg.240p.jpg\"></a></p><h3>Repack Features</h3><ul><li>Based on TROUBLESHOOTER.Abandoned.Children.White.Lion.and.Black.Witch-PLAZA ISO release: plaza-troubleshooter.abandoned.children.white.lion.and.black.witch.iso (7,415,234,560 bytes)</li><li>Game version: Build 911 v20211206; White Lion and Black Witch DLC is included and activated</li><li>100% Lossless &amp; MD5 Perfect: all files are identical to originals after installation</li><li>NOTHING ripped, NOTHING re-encoded</li><li>Significantly smaller archive size (compressed from 6.9 to 4 GB)</li><li>Installation takes 10-30 minutes (depending on your system, mostly on drive speed)</li><li>After-install integrity check so you could make sure that everything installed properly</li><li>HDD space after installation: 7.3 GB</li><li>Copy \u201clang.xml\u201d from corresponding subfolder in \u201c_Language Switcher\u201d to \u201cLocale\u201d game folder to change the game language</li><li>Repack uses XTool library by Razor12911</li><li>At least 2 GB of free RAM (inc. virtual) required for installing this repack</li></ul><div ><div><h2>Game Description</h2></div><div >Everything that SRPG could possibly be.<p>Troubleshooter: The Abandoned Children is the first episode of a turn-based strategy SRPG that takes place in the world of Troubleshooter.</p><p>Valhalla is a free trading nation erected by three world powers for their own benefits after the world war. In an attempt to control the nation, three world powers banned the army from Valhalla. Due to the circumstances, public order in Valhalla is always unstable and thus in Valhalla year ten, Valhalla government makes a bold decision.</p><p>The Valhalla government grants civilians the right to investigate and arrest criminals in order to lower the rising crime rate. People call them Troubleshooter.</p><p>10 years have passed since the introduction of the troubleshooter system. Albus, a 20-year-old young man, becomes an official troubleshooter. Albus first starts his company on his own but soon takes in many colleagues as he solves various cases. All the new members of the company have their own motivations and stories. You will be experiencing a variety of missions in Valhalla through their stories.</p></div></div><p><b>Backwards Compatibility</b></p><p>This repack IS NOT backwards compatible with my previous TROUBLESHOOTER repack.</p>             </div>"
}