{
    "link": "https://fitgirl-repacks.site/tunche/",
    "title": "Tunche \u2013 v1.0.3",
    "first_img": "https://i4.imageban.ru/out/2021/11/03/7031fab119db5577208fa8a05156f288.jpg",
    "second_img": "https://s01.riotpixels.net/data/26/4f/264f7b11-523e-4d83-ac72-5ed642cfba4e.jpg.240p.jpg",
    "body": "<div ><h2>Tunche \u2013 v1.0.3</h2><p ><div><a target=\"_blank\" href=\"https://en.riotpixels.com/games/tunche/\" rel=\"noopener\"><img class=\"alignleft\" width=\"150\" src=\"https://i4.imageban.ru/out/2021/11/03/7031fab119db5577208fa8a05156f288.jpg\"></a></div><br>Genres/Tags: <strong>Arcade, Beat \u2019em up (Brawler), Side, 2D</strong><br>Companies: <strong>LEAP Game Studios, HypeTrain Digital</strong><br>Languages: <strong>RUS/ENG/MULTI10</strong><br>Original Size: <strong>3 GB</strong><br>Repack Size: <strong>1.3 GB</strong></p>&nbsp;<div>&nbsp;</div><h3>Download Mirrors</h3><ul><li><a href=\"https://1337x.to/torrent/5039492/Tunche-v1-0-3-MULTi10-FitGirl-Repack/\" target=\"_blank\" rel=\"noopener\">1337x</a> | [<a href=\"magnet:?xt=urn:btih:DD548CF9D0A1B941FC2C5E6785074A0E4EA60627&amp;dn=Tunche+%28v1.0.3%2C+MULTi10%29+%5BFitGirl+Repack%5D&amp;tr=udp%3A%2F%2F46.148.18.250%3A2710&amp;tr=udp%3A%2F%2Fopentor.org%3A2710&amp;tr=udp%3A%2F%2Ftracker.coppersurfer.tk%3A6969%2Fannounce&amp;tr=udp%3A%2F%2Ftracker.opentrackr.org%3A1337%2Fannounce&amp;tr=http%3A%2F%2Ftracker.dler.org%3A6969%2Fannounce&amp;tr=udp%3A%2F%2Ftracker.leechers-paradise.org%3A6969%2Fannounce&amp;tr=udp%3A%2F%2F9.rarbg.me%3A2730%2Fannounce&amp;tr=udp%3A%2F%2F9.rarbg.to%3A2770%2Fannounce&amp;tr=udp%3A%2F%2Ftracker.pirateparty.gr%3A6969%2Fannounce&amp;tr=http%3A%2F%2Fretracker.local%2Fannounce&amp;tr=http%3A%2F%2Fretracker.ip.ncnet.ru%2Fannounce&amp;tr=udp%3A%2F%2Fexodus.desync.com%3A6969%2Fannounce&amp;tr=udp%3A%2F%2Fipv4.tracker.harry.lu%3A80%2Fannounce&amp;tr=udp%3A%2F%2Fopen.stealth.si%3A80%2Fannounce&amp;tr=udp%3A%2F%2Ftracker.zer0day.to%3A1337%2Fannounce&amp;tr=udp%3A%2F%2Ftracker.leechers-paradise.org%3A6969%2Fannounce&amp;tr=udp%3A%2F%2Fcoppersurfer.tk%3A6969%2Fannounce\">magnet</a>] [<a href=\"https://pastefg.hermietkreeft.site/?e1352b9d59d2d3f5#HDbtMUE37ZVHP13A1hERKpF56doZsMEFdEfHJDGsudoM\" target=\"_blank\" rel=\"noopener\">.torrent file only</a>] <br><img src=\"https://torrent-stats.info/5e67/1b62c1c24.png\" style=\"display:block;clear:both\"></li><li><a href=\"http://rutor.info/torrent/843501/tunche-v-1.0.3-2021-pc-repack-ot-fitgirl\" target=\"_blank\" rel=\"noopener\">RuTor</a> [<a href=\"magnet:?xt=urn:btih:dd548cf9d0a1b941fc2c5e6785074a0e4ea60627&amp;dn=rutor.info_Tunche+%5Bv+1.0.3%5D+%282021%29+PC+%7C+RePack+%D0%BE%D1%82+FitGirl&amp;tr=udp://opentor.net:6969&amp;tr=udp://opentor.org:2710&amp;tr=http://retracker.local/announce\">magnet</a>]</li><li><a href=\"https://tapochek.net/viewtopic.php?p=2809528\" target=\"_blank\" rel=\"noopener\">Tapochek.net</a></li><li><a href=\"https://pastefg.hermietkreeft.site/?5a27fecd69cf63c9#6ARQZuASzqtNNnGNEYf9oW7hCCXebCHo8CvWWRnCahbw\" target=\"_blank\" rel=\"noopener\">Filehoster: MultiUpload</a> (10+ hosters, interchangeable) [Use <a href=\"http://jdownloader.org/jdownloader2\" target=\"_blank\" rel=\"noopener\">JDownloader2</a>]</li><li><a href=\"https://pastefg.hermietkreeft.site/?380163596fa9f1db#ESvrBcxRbevVNSrNJhzpmgPoUixDQsKPBrEVo2VCTHUf\" target=\"_blank\" rel=\"noopener\">Filehoster: PixelDrain</a></li><li><a href=\"https://pastefg.hermietkreeft.site/?02e66e2ddd4947e1#AaoY5kd9fXL7Q78oKqGLPy2QP2bw4gsCPaJVHqDKwEV4\" target=\"_blank\" rel=\"noopener\">Filehoster: ZippyShare</a></li><li><a href=\"https://pastefg.hermietkreeft.site/?bd02552d016335a6#RQTcqJaAr1yuACLTfQE2U9Mz874VJZwJh3ezszaQKqw\" target=\"_blank\" rel=\"noopener\">Filehoster: BayFiles</a></li><li><a href=\"https://pastefg.hermietkreeft.site/?3d9cc5fb9bab026d#B8cQyQiWMJxurwK4QixMoeLfsTtqzCK5dVMqdFLRNZVb\" target=\"_blank\" rel=\"noopener\">Filehoster: LetsUpload</a> [Use <a href=\"http://jdownloader.org/jdownloader2\" target=\"_blank\" rel=\"noopener\">JDownloader2</a>]</li><li><a href=\"https://pastefg.hermietkreeft.site/?ab46f188bbc97efa#3vNq9v7xvNZdpiToekDKsgUgo124duReJvnSFLotDT6r\" target=\"_blank\" rel=\"noopener\">Filehoster: OneDrive</a> (Uploaded by DyR0 t(-_-t), NOT compatible with other mirrors)</li><p><!--  <li><a href=\"\" target=\"_blank\" rel=\"noopener\">Filehosters: Google Drive, OneDrive + others</a> (Uploaded by crackhub213)</li>  --></p></ul><p><a href=\"https://cs.rin.ru/forum/viewtopic.php?f=10&amp;t=88068\" target=\"_blank\" rel=\"noopener\">Discussion and (possible) future updates on CS.RIN.RU thread</a></p><h3>Screenshots (Click to enlarge)</h3><p><a target=\"_blank\" href=\"https://en.riotpixels.com/games/tunche/screenshots/8/?utm_source=emb-gfx-html&amp;utm_medium=image&amp;utm_campaign=rp-mass\" rel=\"noopener\"><img loading=\"lazy\" width=\"184\" height=\"100\" border=\"0\" src=\"https://s01.riotpixels.net/data/26/4f/264f7b11-523e-4d83-ac72-5ed642cfba4e.jpg.240p.jpg\"></a><a target=\"_blank\" href=\"https://en.riotpixels.com/games/tunche/screenshots/7/?utm_source=emb-gfx-html&amp;utm_medium=image&amp;utm_campaign=rp-mass\" rel=\"noopener\"><img loading=\"lazy\" width=\"178\" height=\"100\" border=\"0\" src=\"https://s01.riotpixels.net/data/52/d8/52d8cb77-b20e-42a0-9509-d80657ab2ee4.jpg.240p.jpg\"></a><a target=\"_blank\" href=\"https://en.riotpixels.com/games/tunche/screenshots/5/?utm_source=emb-gfx-html&amp;utm_medium=image&amp;utm_campaign=rp-mass\" rel=\"noopener\"><img loading=\"lazy\" width=\"181\" height=\"100\" border=\"0\" src=\"https://s01.riotpixels.net/data/47/78/4778246d-dfe4-4663-ad03-10c5983bdbca.jpg.240p.jpg\"></a><br><a target=\"_blank\" href=\"https://en.riotpixels.com/games/tunche/screenshots/4/?utm_source=emb-gfx-html&amp;utm_medium=image&amp;utm_campaign=rp-mass\" rel=\"noopener\"><img loading=\"lazy\" width=\"179\" height=\"100\" border=\"0\" src=\"https://s01.riotpixels.net/data/78/a6/78a6908f-1baf-4198-8797-ddd6b275e8c7.jpg.240p.jpg\"></a><a target=\"_blank\" href=\"https://en.riotpixels.com/games/tunche/screenshots/2/?utm_source=emb-gfx-html&amp;utm_medium=image&amp;utm_campaign=rp-mass\" rel=\"noopener\"><img loading=\"lazy\" width=\"179\" height=\"100\" border=\"0\" src=\"https://s01.riotpixels.net/data/e9/4a/e94a89d2-e8fb-46d2-bc5c-ca7306833683.jpg.240p.jpg\"></a><a target=\"_blank\" href=\"https://en.riotpixels.com/games/tunche/screenshots/1/?utm_source=emb-gfx-html&amp;utm_medium=image&amp;utm_campaign=rp-mass\" rel=\"noopener\"><img loading=\"lazy\" width=\"178\" height=\"100\" border=\"0\" src=\"https://s01.riotpixels.net/data/82/13/82130060-87d4-42e6-94bf-4725a124dd2a.jpg.240p.jpg\"></a></p><h3>Repack Features</h3><ul><li>Based on Tunche-CODEX ISO release: codex-tunche.iso (3,235,807,232 bytes)</li><li>100% Lossless &amp; MD5 Perfect: all files are identical to originals after installation</li><li>NOTHING ripped, NOTHING re-encoded</li><li>Significantly smaller archive size (compressed from 3 to 1.3 GB)</li><li>Installation takes 3-9 minutes (depending on your system)</li><li>After-install integrity check so you could make sure that everything installed properly</li><li>HDD space after installation: 9.6 GB</li><li>Language can be changed in game settings</li><li>Repack uses XTool library by Razor12911</li><li>At least 2 GB of free RAM (inc. virtual) required for installing this repack</li></ul><div ><div><h2>Game Description</h2></div><div ><p><b>EXPLORE THE BREATHTAKING AMAZONIAN FORESTS</b><br>Tunche is a charming, hand-drawn beat\u2019em up hack and slash game with roguelike elements. Travel through 4 worlds, each filled with unique enemies, bosses, challenges, and stories.</p><p><b>PLAY IN CO-OP</b><br>Play solo or join up to 3 of your friends in a local co-op session to uncover the mystery of the forest and the secrets of Tunche!</p><p><b>FIND YOUR OWN PLAYSTYLE</b><br>Choose one of the five unique characters: Rumi, the sorceress, Pancho the musician, Qaru the bird boy, Nayra the warrior &amp; Hat Kid from the highly acclaimed A Hat In Time.</p><p><b>MASTER THE DIFFERENT SKILLS</b><br>To overcome the evil beasts of Amazonian forests you will have to learn the skills and ultimate abilities, that will take you further through the story with each playthrough.</p></div></div>             </div>"
}