{
    "link": "https://fitgirl-repacks.site/twelve-minutes/",
    "title": "Twelve Minutes",
    "first_img": "https://i7.imageban.ru/out/2021/08/19/fb05ac63b583987821f78db541a58b76.jpg",
    "second_img": "https://s01.riotpixels.net/data/df/c5/dfc51476-475b-45a3-a04c-586900b098c1.jpg.240p.jpg",
    "body": "<div ><h2>Twelve Minutes</h2><p ><div><a target=\"_blank\" href=\"https://en.riotpixels.com/games/12-minutes/\" rel=\"noopener\"><img class=\"alignleft\" width=\"150\" src=\"https://i7.imageban.ru/out/2021/08/19/fb05ac63b583987821f78db541a58b76.jpg\"></a></div><br>Genres/Tags: <strong>Adventure, Top-down, Thriller, 3D</strong><br>Companies: <strong>Luis Antonio, Annapurna Interactive</strong><br>Languages: <strong>RUS/ENG/MULTI15</strong><br>Original Size: <strong>1.1 GB</strong><br>Repack Size: <strong>923 MB</strong></p>&nbsp;<div>&nbsp;</div><h3>Download Mirrors</h3><ul><li><a href=\"https://1337x.to/torrent/4957759/Twelve-Minutes-MULTi15-FitGirl-Repack/\" target=\"_blank\" rel=\"noopener\">1337x</a> | [<a href=\"magnet:?xt=urn:btih:5E8CE78AFDD0A648C86A7E103B8970227F07EA90&amp;dn=Twelve+Minutes+%28MULTi15%29+%5BFitGirl+Repack%5D&amp;tr=udp%3A%2F%2F46.148.18.250%3A2710&amp;tr=udp%3A%2F%2Fopentor.org%3A2710&amp;tr=udp%3A%2F%2Ftracker.coppersurfer.tk%3A6969%2Fannounce&amp;tr=udp%3A%2F%2Ftracker.opentrackr.org%3A1337%2Fannounce&amp;tr=http%3A%2F%2Ftracker.dler.org%3A6969%2Fannounce&amp;tr=udp%3A%2F%2Ftracker.leechers-paradise.org%3A6969%2Fannounce&amp;tr=udp%3A%2F%2F9.rarbg.me%3A2730%2Fannounce&amp;tr=udp%3A%2F%2F9.rarbg.to%3A2770%2Fannounce&amp;tr=udp%3A%2F%2Ftracker.pirateparty.gr%3A6969%2Fannounce&amp;tr=http%3A%2F%2Fretracker.local%2Fannounce&amp;tr=http%3A%2F%2Fretracker.ip.ncnet.ru%2Fannounce&amp;tr=udp%3A%2F%2Fexodus.desync.com%3A6969%2Fannounce&amp;tr=udp%3A%2F%2Fipv4.tracker.harry.lu%3A80%2Fannounce&amp;tr=udp%3A%2F%2Fopen.stealth.si%3A80%2Fannounce&amp;tr=udp%3A%2F%2Ftracker.zer0day.to%3A1337%2Fannounce&amp;tr=udp%3A%2F%2Ftracker.leechers-paradise.org%3A6969%2Fannounce&amp;tr=udp%3A%2F%2Fcoppersurfer.tk%3A6969%2Fannounce\">magnet</a>] [<a href=\"https://pastefg.hermietkreeft.site/?2c559b9d0e3c021f#5KMzjzMf81Y6TAnqEs1KfgteZZyfjpcweEgpTGqarzJm\" target=\"_blank\" rel=\"noopener\">.torrent file only</a>] <br><img src=\"https://torrent-stats.info/7e10/23dbaa180.png\" style=\"display:block;clear:both\"></li><li><a href=\"http://rutor.info/torrent/830488/twelve-minutes-2021-pc-repack-ot-fitgirl\" target=\"_blank\" rel=\"noopener\">RuTor</a> [<a href=\"\">magnet</a>]</li><li><a href=\"https://tapochek.net/viewtopic.php?p=2795627\" target=\"_blank\" rel=\"noopener\">Tapochek.net</a></li><li><a href=\"https://pastefg.hermietkreeft.site/?244412326898e662#4v11RkKErjPotFZwkji9BMHyRbabfQNTAW12DaJ55aiw\" target=\"_blank\" rel=\"noopener\">Filehoster: MultiUpload</a> (10+ hosters, interchangeable) [Use <a href=\"http://jdownloader.org/jdownloader2\" target=\"_blank\" rel=\"noopener\">JDownloader2</a>]</li><li><a href=\"https://pastefg.hermietkreeft.site/?47a576136432a400#6xWfJgkiRHmj8fVEmyxAy5S8wUnAS54vqZmgQMYaZrqC\" target=\"_blank\" rel=\"noopener\">Filehoster: PixelDrain</a></li><li><a href=\"https://pastefg.hermietkreeft.site/?ff262846541e6b9b#BcCb8gGjUQ29wVnasyMQomwn9tqL71CSUdnUfPx89Emb\" target=\"_blank\" rel=\"noopener\">Filehoster: ZippyShare</a></li><li><a href=\"https://pastefg.hermietkreeft.site/?80c1991a8acc158a#B3TMdQt1sLPVD3EGX3riNL4eQMaH4CyTWi5acAyQpyEK\" target=\"_blank\" rel=\"noopener\">Filehoster: LetsUpload</a> [Use <a href=\"http://jdownloader.org/jdownloader2\" target=\"_blank\" rel=\"noopener\">JDownloader2</a>]</li><li><a href=\"https://pastefg.hermietkreeft.site/?366f7df6b18f3c9f#9ZcyEe8qugV11UUepR6xQoKY4uxK8Gkf6b3zWS8Kc94\" target=\"_blank\" rel=\"noopener\">Filehoster: OneDrive</a> (Uploaded by DyR0 t(-_-t), NOT compatible with other mirrors)</li></ul><p><a href=\"https://cs.rin.ru/forum/viewtopic.php?f=10&amp;t=97676\" target=\"_blank\" rel=\"noopener\">Discussion and (possible) future updates on CS.RIN.RU thread</a></p><h3>Screenshots (Click to enlarge)</h3><p><a target=\"_blank\" href=\"https://en.riotpixels.com/games/12-minutes/screenshots/9/?utm_source=emb-gfx-html&amp;utm_medium=image&amp;utm_campaign=rp-mass\" rel=\"noopener\"><img loading=\"lazy\" width=\"178\" height=\"100\" border=\"0\" src=\"https://s01.riotpixels.net/data/df/c5/dfc51476-475b-45a3-a04c-586900b098c1.jpg.240p.jpg\"></a><a target=\"_blank\" href=\"https://en.riotpixels.com/games/12-minutes/screenshots/7/?utm_source=emb-gfx-html&amp;utm_medium=image&amp;utm_campaign=rp-mass\" rel=\"noopener\"><img loading=\"lazy\" width=\"178\" height=\"100\" border=\"0\" src=\"https://s01.riotpixels.net/data/c1/a1/c1a1b1e9-c301-447a-ae69-6955fde14156.jpg.240p.jpg\"></a><a target=\"_blank\" href=\"https://en.riotpixels.com/games/12-minutes/screenshots/6/?utm_source=emb-gfx-html&amp;utm_medium=image&amp;utm_campaign=rp-mass\" rel=\"noopener\"><img loading=\"lazy\" width=\"178\" height=\"100\" border=\"0\" src=\"https://s01.riotpixels.net/data/c7/08/c708950a-6e62-411a-a863-728e56d8ddeb.jpg.240p.jpg\"></a><br><a target=\"_blank\" href=\"https://en.riotpixels.com/games/12-minutes/screenshots/4/?utm_source=emb-gfx-html&amp;utm_medium=image&amp;utm_campaign=rp-mass\" rel=\"noopener\"><img loading=\"lazy\" width=\"178\" height=\"100\" border=\"0\" src=\"https://s01.riotpixels.net/data/49/64/49643484-87d9-4f7f-b9e1-a0e83aa80b67.jpg.240p.jpg\"></a><a target=\"_blank\" href=\"https://en.riotpixels.com/games/12-minutes/screenshots/3/?utm_source=emb-gfx-html&amp;utm_medium=image&amp;utm_campaign=rp-mass\" rel=\"noopener\"><img loading=\"lazy\" width=\"178\" height=\"100\" border=\"0\" src=\"https://s01.riotpixels.net/data/11/01/1101c6c3-7967-4041-8574-707ceadf69e2.jpg.240p.jpg\"></a><a target=\"_blank\" href=\"https://en.riotpixels.com/games/12-minutes/screenshots/2/?utm_source=emb-gfx-html&amp;utm_medium=image&amp;utm_campaign=rp-mass\" rel=\"noopener\"><img loading=\"lazy\" width=\"178\" height=\"100\" border=\"0\" src=\"https://s01.riotpixels.net/data/2c/0d/2c0da511-7142-49af-989e-175b76726fab.jpg.240p.jpg\"></a></p><h3>Repack Features</h3><ul><li>Based on Twelve.Minutes-CODEX ISO release: codex-twelve.minutes.iso (1,222,737,920 bytes)</li><li>100% Lossless &amp; MD5 Perfect: all files are identical to originals after installation</li><li>NOTHING ripped, NOTHING re-encoded</li><li>Slightly smaller archive size (compressed from 1.1 GB to 923 MB)</li><li>Installation takes 1-2 minutes</li><li>After-install integrity check so you could make sure that everything installed properly</li><li>HDD space after installation: 2 GB</li><li>Language can be changed in game settings</li><li>At least 2 GB of free RAM (inc. virtual) required for installing this repack</li></ul><div ><div><h2>Game Description</h2></div><div >TWELVE MINUTES is a real-time interactive thriller with a top-down view and a clear interface in which you need to click and drag objects. Voiced by James McAvoy, Daisy Ridley and Willem Dafoe.<p>A romantic dinner with his wife turned into a nightmare when a policeman burst into the apartment, accused the hero\u2019s wife of murder and beat him to death</p><p>But then the hero returned at the very moment when he opened the front door. He\u2019s stuck in a TWELVE-MINUTE time loop and is now doomed to relive those terrible moments over and over again\u2026</p><p>The only way out is to take advantage of the knowledge of what is about to happen, change the situation and break out of the loop.</p><p>Twelve MINUTES combines the nightmarish tension of the film SHINING, the claustrophobia sensations from WINDOW TO THE YARD, and the fragmentary structure of the film REMEMBER.</p></div></div>             </div>"
}