{
    "link": "https://fitgirl-repacks.site/ultimate-adom-caverns-of-chaos/",
    "title": "Ultimate ADOM: Caverns of Chaos \u2013 v1.0.0",
    "first_img": "https://i3.imageban.ru/out/2021/08/27/178bbfcc656169a7eff30fb236e3a634.jpg",
    "second_img": "https://s01.riotpixels.net/data/e8/5b/e85b5dad-3a60-4086-83db-0077c82da5b6.jpg.240p.jpg",
    "body": "<div ><h2>Ultimate ADOM: Caverns of Chaos \u2013 v1.0.0</h2><p ><div><a target=\"_blank\" href=\"https://en.riotpixels.com/games/ultimate-adom-caverns-of-chaos/\" rel=\"noopener\"><img class=\"alignleft\" width=\"150\" src=\"https://i3.imageban.ru/out/2021/08/27/178bbfcc656169a7eff30fb236e3a634.jpg\"></a></div><br>Genres/Tags: <strong>RPG, Dungeon crawl, Isometric, Turn-based, 3D</strong><br>Companies: <strong>Thomas Biskup, Jochen Terstiege, Krzysztof Dycha,\u2026</strong><br>Languages: <strong>ENG/MULTI6</strong><br>Original Size: <strong>1 GB</strong><br>Repack Size: <strong>558 MB</strong></p>&nbsp;<div>&nbsp;</div><h3>Download Mirrors</h3><ul><li><a href=\"https://1337x.to/torrent/4965124/Ultimate-ADOM-Caverns-of-Chaos-v1-0-0-MULTi6-FitGirl-Repack/\" target=\"_blank\" rel=\"noopener\">1337x</a> | [<a href=\"magnet:?xt=urn:btih:2F8ED471743390DA60ABB07FCE968197715C2784&amp;dn=Ultimate+ADOM%3A+Caverns+of+Chaos+%28v1.0.0%2C+MULTi6%29+%5BFitGirl+Repack%5D&amp;tr=udp%3A%2F%2F46.148.18.250%3A2710&amp;tr=udp%3A%2F%2Fopentor.org%3A2710&amp;tr=udp%3A%2F%2Ftracker.coppersurfer.tk%3A6969%2Fannounce&amp;tr=udp%3A%2F%2Ftracker.opentrackr.org%3A1337%2Fannounce&amp;tr=http%3A%2F%2Ftracker.dler.org%3A6969%2Fannounce&amp;tr=udp%3A%2F%2Ftracker.leechers-paradise.org%3A6969%2Fannounce&amp;tr=udp%3A%2F%2F9.rarbg.me%3A2730%2Fannounce&amp;tr=udp%3A%2F%2F9.rarbg.to%3A2770%2Fannounce&amp;tr=udp%3A%2F%2Ftracker.pirateparty.gr%3A6969%2Fannounce&amp;tr=http%3A%2F%2Fretracker.local%2Fannounce&amp;tr=http%3A%2F%2Fretracker.ip.ncnet.ru%2Fannounce&amp;tr=udp%3A%2F%2Fexodus.desync.com%3A6969%2Fannounce&amp;tr=udp%3A%2F%2Fipv4.tracker.harry.lu%3A80%2Fannounce&amp;tr=udp%3A%2F%2Fopen.stealth.si%3A80%2Fannounce&amp;tr=udp%3A%2F%2Ftracker.zer0day.to%3A1337%2Fannounce&amp;tr=udp%3A%2F%2Ftracker.leechers-paradise.org%3A6969%2Fannounce&amp;tr=udp%3A%2F%2Fcoppersurfer.tk%3A6969%2Fannounce\">magnet</a>] [<a href=\"https://pastefg.hermietkreeft.site/?e5ac2db3f4c3c4c0#A5tScpgSVxwN2vWWYoNgLu9tK9HC7Eqkoc7GEWcNGyMN\" target=\"_blank\" rel=\"noopener\">.torrent file only</a>] <br><img src=\"https://torrent-stats.info/b07f/32475fc2a.png\" style=\"display:block;clear:both\"></li><li><a href=\"https://tapochek.net/viewtopic.php?p=2796964\" target=\"_blank\" rel=\"noopener\">Tapochek.net</a></li><li><a href=\"https://pastefg.hermietkreeft.site/?a1dd15baf2a2ffdd#6jEXXd1TtBCpPW2chzcCZbjvCVkpK3d5PUqbpR4rgE2S\" target=\"_blank\" rel=\"noopener\">Filehoster: MultiUpload</a> (10+ hosters, interchangeable) [Use <a href=\"http://jdownloader.org/jdownloader2\" target=\"_blank\" rel=\"noopener\">JDownloader2</a>]</li><li><a href=\"https://pastefg.hermietkreeft.site/?1925e2ae7c1659ab#A7KMbyDdrC3EGiuFCU5VcMnwFMEyuxsNjgCNZRs9P4ka\" target=\"_blank\" rel=\"noopener\">Filehoster: PixelDrain</a></li><li><a href=\"https://pastefg.hermietkreeft.site/?eb0ab657c494b162#G8WAwxpgH1jBnTUYi6xm8XSS6Rb92cAajgrcSXud55Xu\" target=\"_blank\" rel=\"noopener\">Filehoster: ZippyShare</a></li><li><a href=\"https://pastefg.hermietkreeft.site/?a148f205d679b133#7aF3thTk3dwbGfUozfHHejrY5jQh9dDijpLABMbuo1sj\" target=\"_blank\" rel=\"noopener\">Filehoster: LetsUpload</a> [Use <a href=\"http://jdownloader.org/jdownloader2\" target=\"_blank\" rel=\"noopener\">JDownloader2</a>]</li><li><a href=\"https://pastefg.hermietkreeft.site/?062883fd6d8930cd#9qMQNVKsUcDf3MnGPXP1HYkc8x9GG7CBxymci9WwPKM2\" target=\"_blank\" rel=\"noopener\">Filehoster: OneDrive</a> (Uploaded by DyR0 t(-_-t), NOT compatible with other mirrors)</li></ul><p><a href=\"https://cs.rin.ru/forum/viewtopic.php?f=10&amp;t=111359\" target=\"_blank\" rel=\"noopener\">Discussion and (possible) future updates on CS.RIN.RU thread</a></p><h3>Screenshots (Click to enlarge)</h3><p><a target=\"_blank\" href=\"https://en.riotpixels.com/games/ultimate-adom-caverns-of-chaos/screenshots/16/?utm_source=emb-gfx-html&amp;utm_medium=image&amp;utm_campaign=rp-mass\" rel=\"noopener\"><img loading=\"lazy\" width=\"178\" height=\"100\" border=\"0\" src=\"https://s01.riotpixels.net/data/e8/5b/e85b5dad-3a60-4086-83db-0077c82da5b6.jpg.240p.jpg\"></a><a target=\"_blank\" href=\"https://en.riotpixels.com/games/ultimate-adom-caverns-of-chaos/screenshots/14/?utm_source=emb-gfx-html&amp;utm_medium=image&amp;utm_campaign=rp-mass\" rel=\"noopener\"><img loading=\"lazy\" width=\"178\" height=\"100\" border=\"0\" src=\"https://s01.riotpixels.net/data/b4/f5/b4f5ec22-6b4c-447e-a640-2f60aa37619e.jpg.240p.jpg\"></a><a target=\"_blank\" href=\"https://en.riotpixels.com/games/ultimate-adom-caverns-of-chaos/screenshots/13/?utm_source=emb-gfx-html&amp;utm_medium=image&amp;utm_campaign=rp-mass\" rel=\"noopener\"><img loading=\"lazy\" width=\"178\" height=\"100\" border=\"0\" src=\"https://s01.riotpixels.net/data/05/02/05026061-a742-4737-9756-c247cbb52904.jpg.240p.jpg\"></a><br><a target=\"_blank\" href=\"https://en.riotpixels.com/games/ultimate-adom-caverns-of-chaos/screenshots/12/?utm_source=emb-gfx-html&amp;utm_medium=image&amp;utm_campaign=rp-mass\" rel=\"noopener\"><img loading=\"lazy\" width=\"178\" height=\"100\" border=\"0\" src=\"https://s01.riotpixels.net/data/56/fd/56fdb14a-8b6a-45d8-8195-b92821f9d024.jpg.240p.jpg\"></a><a target=\"_blank\" href=\"https://en.riotpixels.com/games/ultimate-adom-caverns-of-chaos/screenshots/11/?utm_source=emb-gfx-html&amp;utm_medium=image&amp;utm_campaign=rp-mass\" rel=\"noopener\"><img loading=\"lazy\" width=\"178\" height=\"100\" border=\"0\" src=\"https://s01.riotpixels.net/data/f0/6f/f06faf8c-79dd-4598-8eb5-7065fea5faac.jpg.240p.jpg\"></a><a target=\"_blank\" href=\"https://en.riotpixels.com/games/ultimate-adom-caverns-of-chaos/screenshots/7/?utm_source=emb-gfx-html&amp;utm_medium=image&amp;utm_campaign=rp-mass\" rel=\"noopener\"><img loading=\"lazy\" width=\"178\" height=\"100\" border=\"0\" src=\"https://s01.riotpixels.net/data/ca/63/ca638ae7-6717-4bed-ab8c-4ca80a4bf677.jpg.240p.jpg\"></a></p><h3>Repack Features</h3><ul><li>Based on Ultimate.ADOM.Caverns.of.Chaos-PLAZA ISO release: plaza-ultimate.adom.caverns.of.chaos.iso (1,110,736,896 bytes)</li><li>100% Lossless &amp; MD5 Perfect: all files are identical to originals after installation</li><li>NOTHING ripped, NOTHING re-encoded</li><li>Significantly smaller archive size (compressed from 1 GB to 558 MB)</li><li>Installation takes 30 seconds</li><li>After-install integrity check so you could make sure that everything installed properly</li><li>HDD space after installation: 1.6 GB</li><li>Language can be changed in game settings</li><li>At least 2 GB of free RAM (inc. virtual) required for installing this repack</li></ul><div ><div><h2>Game Description</h2></div><div ><b>After over 25 years, here comes the official sequel to classic ADOM.<br>Experience the modern sequel of the traditional roguelike dungeon-crawling classic. Enjoy unlimited replayability through endless procedurally generated dungeons, countless monsters, grafting, crafting and a vast amount of skill trees..</b><p><b>DELVE INTO THE LORE</b><br>Evil has been vanquished. Peace has returned to Ancardia, and the peasants dare to dream once more of prosperity. Seven very different factions vie for control over the cataclysmic aftermath left behind by Andor Drakon\u2019s defeat. And somewhere, deep down in an inhospitable cave, ChAoS is stirring again.</p><p>Pick up your blade, prepare your spells, check your daggers and ready your bow, for you are about to enter the ominous Caverns of Chaos. Choose your allegiance carefully, for you are nothing more than an expendable asset to the masters you choose.</p><p>Fight for a mercenary\u2019s glory and purse, for the justice of a folk in decline, for the light of purity or even for ChAoS itself. Every choice you make will determine how you approach the ever-changing Caverns of Chaos before you.</p><p><b><h3>Game Features</h3></b></p><ul><li>Endless procedurally generated dungeons, countless monsters, items and a grand selection of very different skills allow for unlimited replayability.</li><li>Interactive surroundings! Topple braziers, push coffins, smash doors or turn them into wooden golems to (hopefully) serve your bidding.</li><li>Choose or toggle between graphic mode and traditional ASCII at any time. Toggle between 3D mode and top down view, in ASCII or in the graphic mode.</li><li>Intuitive control system will get rid of the need to memorize hundreds of keys. Though you can still do so, if you\u2019re into that. We are not judging.</li><li>A great variety of classes, genders, races and allegiances to choose from allow for extensive build diversity and change the way the game challenges you. NPCs will react differently, new quests will be open to you and the world may change completely based on your decisions.</li><li>A deep magic system with several unique schools of magic and over 80 of spells to choose from, ranging from summoning demons to animating the very walls of the dungeon to aid you \u2013 the possibilities are endless.</li><li>Over 380 skills in 25 skill trees and dozens of secret skills trees that are only waiting to be unlocked.</li><li>A stealth system introduces a totally new way of playing the game: Instead of hacking or blasting all opposition to pieces you now can sneak past adversaries and avoid conflict.</li><li>Turn yourself into an abomination and graft your enemies\u2019 body parts on yourself. They won\u2019t need them anymore, and what\u2019s better than wielding two swords? Two swords and an axe to harvest more body parts than ever before.</li><li>Countless options of how to tackle the dungeons awaiting you. Befriend or tame creatures, slay monsters, delve deeper or keep exploring and expanding the cavern levels you have already found. Over 200 different foes await, each requiring matching tactics.</li><li>\u201cDying is part of the fun\u201d \u2013 Each death is permanent. Your progress however will allow continuous improvement of future characters.</li></ul></div></div>             </div>"
}