{
    "link": "https://fitgirl-repacks.site/unbound-worlds-apart/",
    "title": "Unbound: Worlds Apart",
    "first_img": "https://i7.imageban.ru/out/2021/07/30/71dc278b91a9c296d100670b1a3a8af0.jpg",
    "second_img": "https://s01.riotpixels.net/data/54/96/5496a1b1-d4f7-44b6-b3c7-0c2a22902338.jpg.240p.jpg",
    "body": "<div ><h2>Unbound: Worlds Apart</h2><p ><div><a target=\"_blank\" href=\"https://en.riotpixels.com/games/unbound-worlds-apart/\" rel=\"noopener\"><img class=\"alignleft\" width=\"150\" src=\"https://i7.imageban.ru/out/2021/07/30/71dc278b91a9c296d100670b1a3a8af0.jpg\"></a></div><br>Genres/Tags: <strong>Arcade, Platform adventure, Side, 2D</strong><br>Company: <strong>Alien Pixel Studios</strong><br>Languages: <strong>RUS/ENG/MULTI9</strong><br>Original Size: <strong>1.8 GB</strong><br>Repack Size: <strong>1.1 GB</strong></p>&nbsp;<div>&nbsp;</div><h3>Download Mirrors</h3><ul><li><a href=\"https://1337x.to/torrent/4936419/Unbound-Worlds-Apart-MULTi9-FitGirl-Repack/\" target=\"_blank\" rel=\"noopener\">1337x</a> | [<a href=\"magnet:?xt=urn:btih:13CE1D8A31DE5D37F2E3F85BC64A36089F20F1B6&amp;dn=Unbound%3A+Worlds+Apart+%28MULTi9%29+%5BFitGirl+Repack%5D&amp;tr=udp%3A%2F%2F46.148.18.250%3A2710&amp;tr=udp%3A%2F%2Fopentor.org%3A2710&amp;tr=udp%3A%2F%2Ftracker.coppersurfer.tk%3A6969%2Fannounce&amp;tr=udp%3A%2F%2Ftracker.opentrackr.org%3A1337%2Fannounce&amp;tr=http%3A%2F%2Ftracker.dler.org%3A6969%2Fannounce&amp;tr=udp%3A%2F%2Ftracker.leechers-paradise.org%3A6969%2Fannounce&amp;tr=udp%3A%2F%2F9.rarbg.me%3A2730%2Fannounce&amp;tr=udp%3A%2F%2F9.rarbg.to%3A2770%2Fannounce&amp;tr=udp%3A%2F%2Ftracker.pirateparty.gr%3A6969%2Fannounce&amp;tr=http%3A%2F%2Fretracker.local%2Fannounce&amp;tr=http%3A%2F%2Fretracker.ip.ncnet.ru%2Fannounce&amp;tr=udp%3A%2F%2Fexodus.desync.com%3A6969%2Fannounce&amp;tr=udp%3A%2F%2Fipv4.tracker.harry.lu%3A80%2Fannounce&amp;tr=udp%3A%2F%2Fopen.stealth.si%3A80%2Fannounce&amp;tr=udp%3A%2F%2Ftracker.zer0day.to%3A1337%2Fannounce&amp;tr=udp%3A%2F%2Ftracker.leechers-paradise.org%3A6969%2Fannounce&amp;tr=udp%3A%2F%2Fcoppersurfer.tk%3A6969%2Fannounce\">magnet</a>] [<a href=\"https://pastefg.hermietkreeft.site/?d2f2e0cff64b81e1#5534N9UVozWZtabZSTWzZD5tuxiKv9UVn8CzGee7nxYP\" target=\"_blank\" rel=\"noopener\">.torrent file only</a>] <br><img src=\"https://torrent-stats.info/f85b/465622a22.png\" style=\"display:block;clear:both\"></li><li><a href=\"http://rutor.info/torrent/827343/unbound-worlds-apart-2021-pc-repack-ot-fitgirl\" target=\"_blank\" rel=\"noopener\">RuTor</a> [<a href=\"magnet:?xt=urn:btih:13ce1d8a31de5d37f2e3f85bc64a36089f20f1b6&amp;dn=rutor.info_Unbound%3A+Worlds+Apart+%282021%29+PC+%7C+RePack+%D0%BE%D1%82+FitGirl&amp;tr=udp://opentor.org:2710&amp;tr=udp://opentor.org:2710&amp;tr=http://retracker.local/announce\">magnet</a>]</li><li><a href=\"https://tapochek.net/viewtopic.php?p=2791651\" target=\"_blank\" rel=\"noopener\">Tapochek.net</a></li><li><a href=\"https://pastefg.hermietkreeft.site/?4c16038551824d54#3v2qwqurM443wbWn1JzPxiMzd6VGeWsZXF3oSQYWrB1T\" target=\"_blank\" rel=\"noopener\">Filehoster: MultiUpload</a> (10+ hosters, interchangeable) [Use <a href=\"http://jdownloader.org/jdownloader2\" target=\"_blank\" rel=\"noopener\">JDownloader2</a>]</li><li><a href=\"https://pastefg.hermietkreeft.site/?7effcd449e1b1985#92FhvvT3phyVfbnnrRNfFWYaLxJ85c4VnsTfHWaxbuz2\" target=\"_blank\" rel=\"noopener\">Filehoster: PixelDrain</a></li><li><a href=\"https://pastefg.hermietkreeft.site/?7bbd8926436cf9d5#CbFUp9KGVsF2CkfKwwG6Ct6RBkKAMoivhm7LyitY5sAo\" target=\"_blank\" rel=\"noopener\">Filehoster: ZippyShare</a></li><li><a href=\"https://pastefg.hermietkreeft.site/?2f06c21c8c3e8951#36DR4fepi3qZGBuDJNqX4abmzT8XXkbaNmzshcXptqr4\" target=\"_blank\" rel=\"noopener\">Filehoster: LetsUpload</a> [Use <a href=\"http://jdownloader.org/jdownloader2\" target=\"_blank\" rel=\"noopener\">JDownloader2</a>]</li><li><a href=\"https://crackhub.site/unbound-worlds-apart-fitgirl-repack/\" target=\"_blank\" rel=\"noopener\">Filehosters: Google Drive, OneDrive + others</a> (Uploaded by crackhub213)</li><li><a href=\"https://pastefg.hermietkreeft.site/?6e744e110d96707d#Brk2wx7Bs6QCgMjAbu3uqnGYAunjNR5MSYRA1zFtohyb\" target=\"_blank\" rel=\"noopener\">Filehoster: OneDrive</a> (Uploaded by DyR0 t(-_-t), NOT compatible with other mirrors)</li></ul><p><a href=\"https://cs.rin.ru/forum/viewtopic.php?f=10&amp;t=87355\" target=\"_blank\" rel=\"noopener\">Discussion and (possible) future updates on CS.RIN.RU thread</a></p><h3>Screenshots (Click to enlarge)</h3><p><a target=\"_blank\" href=\"https://en.riotpixels.com/games/unbound-worlds-apart/screenshots/14/?utm_source=emb-gfx-html&amp;utm_medium=image&amp;utm_campaign=rp-mass\" rel=\"noopener\"><img loading=\"lazy\" width=\"178\" height=\"100\" border=\"0\" src=\"https://s01.riotpixels.net/data/54/96/5496a1b1-d4f7-44b6-b3c7-0c2a22902338.jpg.240p.jpg\"></a><a target=\"_blank\" href=\"https://en.riotpixels.com/games/unbound-worlds-apart/screenshots/11/?utm_source=emb-gfx-html&amp;utm_medium=image&amp;utm_campaign=rp-mass\" rel=\"noopener\"><img loading=\"lazy\" width=\"178\" height=\"100\" border=\"0\" src=\"https://s01.riotpixels.net/data/1a/fb/1afba217-a138-4461-bb43-903d55a4154b.jpg.240p.jpg\"></a><a target=\"_blank\" href=\"https://en.riotpixels.com/games/unbound-worlds-apart/screenshots/9/?utm_source=emb-gfx-html&amp;utm_medium=image&amp;utm_campaign=rp-mass\" rel=\"noopener\"><img loading=\"lazy\" width=\"178\" height=\"100\" border=\"0\" src=\"https://s01.riotpixels.net/data/49/9c/499c3a8d-2c53-482c-8fbd-3002970a0e9a.jpg.240p.jpg\"></a><br><a target=\"_blank\" href=\"https://en.riotpixels.com/games/unbound-worlds-apart/screenshots/8/?utm_source=emb-gfx-html&amp;utm_medium=image&amp;utm_campaign=rp-mass\" rel=\"noopener\"><img loading=\"lazy\" width=\"178\" height=\"100\" border=\"0\" src=\"https://s01.riotpixels.net/data/46/b6/46b67f80-77eb-42fa-8deb-c96f863a4233.jpg.240p.jpg\"></a><a target=\"_blank\" href=\"https://en.riotpixels.com/games/unbound-worlds-apart/screenshots/7/?utm_source=emb-gfx-html&amp;utm_medium=image&amp;utm_campaign=rp-mass\" rel=\"noopener\"><img loading=\"lazy\" width=\"178\" height=\"100\" border=\"0\" src=\"https://s01.riotpixels.net/data/cc/83/cc83c0a1-9b6f-4d3c-9c62-439d522f6932.jpg.240p.jpg\"></a><a target=\"_blank\" href=\"https://en.riotpixels.com/games/unbound-worlds-apart/screenshots/4/?utm_source=emb-gfx-html&amp;utm_medium=image&amp;utm_campaign=rp-mass\" rel=\"noopener\"><img loading=\"lazy\" width=\"178\" height=\"100\" border=\"0\" src=\"https://s01.riotpixels.net/data/d7/c0/d7c0612d-fdab-4339-8a78-7ec5b4b9dc30.jpg.240p.jpg\"></a></p><h3>Repack Features</h3><ul><li>Based on Unbound.Worlds.Apart-CODEX ISO release: codex-unbound.worlds.apart.iso (1,907,163,136 bytes)</li><li>100% Lossless &amp; MD5 Perfect: all files are identical to originals after installation</li><li>NOTHING ripped, NOTHING re-encoded</li><li>Significantly smaller archive size (compressed from 1.8 to 1.1 GB)</li><li>Installation takes 2-3 minutes</li><li>After-install integrity check so you could make sure that everything installed properly</li><li>HDD space after installation: 6.3 GB</li><li>Language can be changed in game settings</li><li>Repack uses XTool library by Razor12911</li><li>At least 2 GB of free RAM (inc. virtual) required for installing this repack</li></ul><div ><div><h2>Game Description</h2></div><div ><b>What is Unbound?</b><br>Unbound: Worlds Apart is a challenging, atmospheric and hand-drawn puzzle-platformer set in a universe where all worlds are connected by portals. You control Soli, a gifted young mage who has the power to open portals and control the unique properties of each world \u2013 such as inverse gravity, time manipulation, super strength and more.<p>Using these newfound skills, Soli must journey across dangerous and mysterious worlds, each brimming with secrets and challenges. You must use every skill Soli has to defeat a ruthless evil that is tearing reality apart, while learning the shocking truth behind your world\u2019s collapse</p><p><b>Gameplay</b><br>Your reflexes and twitch platforming skills will be put to the ultimate test in Unbound: Worlds Apart. As Soli you can explore large worlds full of hidden secrets and unlockable skills that open up even more of the map as you progress.</p><p>Along the way you will meet many weird, wonderful and devious characters, each with rich backstories and dialogue. By completing their quests or listening to their tales of hope and sorrow, you will learn more about Unbound\u2019s grand universe of worlds and the portals that connect them.</p><p><b><h3>Game Features</h3></b></p><ul><li>10 different portals with unique mechanics</li><li>Vibrant and detailed hand-drawn artwork</li><li>Twitch platforming with new skills to unlock</li><li>Challenging puzzles, traps, monsters and bosses</li><li>A rich narrative, world lore and cast of NPCs</li><li>Hidden secrets, quests and collectibles</li></ul></div></div>             </div>"
}