{
    "link": "https://fitgirl-repacks.site/uncrashed-fpv-drone-simulator/",
    "title": "Uncrashed: FPV Drone Simulator",
    "first_img": "https://i5.imageban.ru/out/2021/09/04/0d095e76fee3291c7c1c5ef5726fc947.jpg",
    "second_img": "https://s01.riotpixels.net/data/56/1b/561b0203-c2db-4772-98e5-8edfb1a80796.jpg.240p.jpg",
    "body": "<div ><h2>Uncrashed: FPV Drone Simulator</h2><p ><div><a target=\"_blank\" href=\"https://en.riotpixels.com/games/uncrashed-fpv-drone-simulator/\" rel=\"noopener\"><img class=\"alignleft\" width=\"150\" src=\"https://i5.imageban.ru/out/2021/09/04/0d095e76fee3291c7c1c5ef5726fc947.jpg\"></a></div><br>Genres/Tags: <strong>Arcade, First-person, 3D</strong><br>Company: <strong>Louis Rochette</strong><br>Languages: <strong>RUS/ENG/MULTI4</strong><br><strong style=\"color:red\">This game requires gamepad or radio-controller</strong><br>Original Size: <strong>10.8 GB</strong><br>Repack Size: <strong>7.2 GB</strong></p>&nbsp;<div>&nbsp;</div><h3>Download Mirrors</h3><ul><li><a href=\"https://1337x.to/torrent/4973492/Uncrashed-FPV-Drone-Simulator-MULTi4-FitGirl-Repack/\" target=\"_blank\" rel=\"noopener\">1337x</a> | [<a href=\"magnet:?xt=urn:btih:17EB2EC0172C3B3A2C9A57DAD61B0B6FCE4C66F6&amp;dn=Uncrashed%3A+FPV+Drone+Simulator+%28MULTi4%29+%5BFitGirl+Repack%5D&amp;tr=udp%3A%2F%2F46.148.18.250%3A2710&amp;tr=udp%3A%2F%2Fopentor.org%3A2710&amp;tr=udp%3A%2F%2Ftracker.coppersurfer.tk%3A6969%2Fannounce&amp;tr=udp%3A%2F%2Ftracker.opentrackr.org%3A1337%2Fannounce&amp;tr=http%3A%2F%2Ftracker.dler.org%3A6969%2Fannounce&amp;tr=udp%3A%2F%2Ftracker.leechers-paradise.org%3A6969%2Fannounce&amp;tr=udp%3A%2F%2F9.rarbg.me%3A2730%2Fannounce&amp;tr=udp%3A%2F%2F9.rarbg.to%3A2770%2Fannounce&amp;tr=udp%3A%2F%2Ftracker.pirateparty.gr%3A6969%2Fannounce&amp;tr=http%3A%2F%2Fretracker.local%2Fannounce&amp;tr=http%3A%2F%2Fretracker.ip.ncnet.ru%2Fannounce&amp;tr=udp%3A%2F%2Fexodus.desync.com%3A6969%2Fannounce&amp;tr=udp%3A%2F%2Fipv4.tracker.harry.lu%3A80%2Fannounce&amp;tr=udp%3A%2F%2Fopen.stealth.si%3A80%2Fannounce&amp;tr=udp%3A%2F%2Ftracker.zer0day.to%3A1337%2Fannounce&amp;tr=udp%3A%2F%2Ftracker.leechers-paradise.org%3A6969%2Fannounce&amp;tr=udp%3A%2F%2Fcoppersurfer.tk%3A6969%2Fannounce\">magnet</a>] [<a href=\"https://pastefg.hermietkreeft.site/?9a37146045fa64fe#FRm9aPtV6DqKSVLQtaEfy77AjVCcJsb5xsvxHipzCBfc\" target=\"_blank\" rel=\"noopener\">.torrent file only</a>] <br><img src=\"https://torrent-stats.info/57da/19143872a.png\" style=\"display:block;clear:both\"></li><li><a href=\"http://rutor.info/torrent/832665/uncrashed-fpv-drone-simulator-2021-pc-repack-ot-fitgirl\" target=\"_blank\" rel=\"noopener\">RuTor</a> [<a href=\"magnet:?xt=urn:btih:17eb2ec0172c3b3a2c9a57dad61b0b6fce4c66f6&amp;dn=rutor.info_Uncrashed%3A+FPV+Drone+Simulator+%282021%29+PC+%7C+RePack+%D0%BE%D1%82+FitGirl&amp;tr=udp://opentor.net:6969&amp;tr=udp://opentor.org:2710&amp;tr=http://retracker.local/announce\">magnet</a>]</li><li><a href=\"https://tapochek.net/viewtopic.php?p=2798495\" target=\"_blank\" rel=\"noopener\">Tapochek.net</a></li><li><a href=\"https://pastefg.hermietkreeft.site/?4a81b7a19bf7f38f#ASmhZfQKU7tGq82so5veuxMd8K558SmUN4P7LP6pXHxw\" target=\"_blank\" rel=\"noopener\">Filehoster: MultiUpload</a> (10+ hosters, interchangeable) [Use <a href=\"http://jdownloader.org/jdownloader2\" target=\"_blank\" rel=\"noopener\">JDownloader2</a>]</li><li><a href=\"https://pastefg.hermietkreeft.site/?4240b0404e50995a#3hh2DGsdKHnU234bG8L8XAADN8YqdnZ2hsR7UidtFZqD\" target=\"_blank\" rel=\"noopener\">Filehoster: PixelDrain</a></li><li><a href=\"https://pastefg.hermietkreeft.site/?821940598e51375e#FjG5AJJwENKDgXvkmDpo4kNnnPpvcAED1rUNvgDVHMDo\" target=\"_blank\" rel=\"noopener\">Filehoster: ZippyShare</a></li><li><a href=\"https://pastefg.hermietkreeft.site/?62f1ce561a3a7310#4VHky8pVioSCjE2e5xNeb1rZcdnHAWycZjcsCvHa5gAr\" target=\"_blank\" rel=\"noopener\">Filehoster: LetsUpload</a> [Use <a href=\"http://jdownloader.org/jdownloader2\" target=\"_blank\" rel=\"noopener\">JDownloader2</a>]</li><li><a href=\"https://pastefg.hermietkreeft.site/?d18d6c521bf6d826#Frsx2RtzbxwX7svnsrVLqxPEgpoy2VtzU6cXHHY5EMKL\" target=\"_blank\" rel=\"noopener\">Filehoster: OneDrive</a> (Uploaded by DyR0 t(-_-t), NOT compatible with other mirrors)</li></ul><p><a href=\"https://cs.rin.ru/forum/viewtopic.php?f=10&amp;t=115525\" target=\"_blank\" rel=\"noopener\">Discussion and (possible) future updates on CS.RIN.RU thread</a></p><h3>Screenshots (Click to enlarge)</h3><p><a target=\"_blank\" href=\"https://en.riotpixels.com/games/uncrashed-fpv-drone-simulator/screenshots/10/?utm_source=emb-gfx-html&amp;utm_medium=image&amp;utm_campaign=rp-mass\" rel=\"noopener\"><img loading=\"lazy\" width=\"178\" height=\"100\" border=\"0\" src=\"https://s01.riotpixels.net/data/56/1b/561b0203-c2db-4772-98e5-8edfb1a80796.jpg.240p.jpg\"></a><a target=\"_blank\" href=\"https://en.riotpixels.com/games/uncrashed-fpv-drone-simulator/screenshots/9/?utm_source=emb-gfx-html&amp;utm_medium=image&amp;utm_campaign=rp-mass\" rel=\"noopener\"><img loading=\"lazy\" width=\"178\" height=\"100\" border=\"0\" src=\"https://s01.riotpixels.net/data/17/4f/174f8b05-84c9-4ee3-ac05-5e0dcd8d885a.jpg.240p.jpg\"></a><a target=\"_blank\" href=\"https://en.riotpixels.com/games/uncrashed-fpv-drone-simulator/screenshots/7/?utm_source=emb-gfx-html&amp;utm_medium=image&amp;utm_campaign=rp-mass\" rel=\"noopener\"><img loading=\"lazy\" width=\"178\" height=\"100\" border=\"0\" src=\"https://s01.riotpixels.net/data/28/e1/28e18b26-cf45-4b96-97cc-216db59d5c10.jpg.240p.jpg\"></a><br><a target=\"_blank\" href=\"https://en.riotpixels.com/games/uncrashed-fpv-drone-simulator/screenshots/5/?utm_source=emb-gfx-html&amp;utm_medium=image&amp;utm_campaign=rp-mass\" rel=\"noopener\"><img loading=\"lazy\" width=\"178\" height=\"100\" border=\"0\" src=\"https://s01.riotpixels.net/data/51/2d/512da584-89a0-427c-98fb-91417c1e5b2d.jpg.240p.jpg\"></a><a target=\"_blank\" href=\"https://en.riotpixels.com/games/uncrashed-fpv-drone-simulator/screenshots/3/?utm_source=emb-gfx-html&amp;utm_medium=image&amp;utm_campaign=rp-mass\" rel=\"noopener\"><img loading=\"lazy\" width=\"178\" height=\"100\" border=\"0\" src=\"https://s01.riotpixels.net/data/de/74/de74fd78-ed46-410d-9f66-f4937bb4c7de.jpg.240p.jpg\"></a><a target=\"_blank\" href=\"https://en.riotpixels.com/games/uncrashed-fpv-drone-simulator/screenshots/1/?utm_source=emb-gfx-html&amp;utm_medium=image&amp;utm_campaign=rp-mass\" rel=\"noopener\"><img loading=\"lazy\" width=\"178\" height=\"100\" border=\"0\" src=\"https://s01.riotpixels.net/data/a0/7c/a07c3d88-d6f4-4254-9f89-1e4ce948f29d.jpg.240p.jpg\"></a></p><h3>Repack Features</h3><ul><li>Based on Uncrashed.FPV.Drone.Simulator-PLAZA ISO release: plaza-uncrashed.fpv.drone.simulator.iso (11,604,721,664 bytes)</li><li>100% Lossless &amp; MD5 Perfect: all files are identical to originals after installation</li><li>NOTHING ripped, NOTHING re-encoded</li><li>Significantly smaller archive size (compressed from 10.8 to 7.2 GB)</li><li>Installation takes 2-4 minutes (depending on your system)</li><li>After-install integrity check so you could make sure that everything installed properly</li><li>HDD space after installation: 19.1 GB</li><li>Language can be changed in game settings</li><li>At least 2 GB of free RAM (inc. virtual) required for installing this repack</li></ul><div ><div><h2>Game Description</h2></div><div ><p>From pilots with no real-life experience to experienced pilots who want to improve their skills, <b>Uncrashed</b> will provide you the opportunity to fly FPV drones in a beautiful, realistic simulator.</p><p>Take the race to the next level without risking breaking your drone or your bank account.</p><p><b>MANY BIG MAPS</b><br>Whether it\u2019s for freestyle or race training, the many large and diverse maps have been designed by a team with extensive FPV knowledge to give you a better flying experience. From parks to the best abandoned places, you have never seen such beautiful spots for FPV drones.</p><p><b>CUSTOMIZATION</b><br><b>EASY TO USE SETTINGS</b><br>Simple settings, based on real values will allow you to easily reproduce your own drone.</p><p><b>FOR MORE ADVANCED USER</b><br>You can even fine-tune physics settings like gravity, air friction or even propeller efficiency depending on the throttle level.</p><p>Any Joystick/gamepad recognized by Windows will work, but a radio-controller is highly recommended.</p><p>Support for PC-compatible radio-controller.</p></div></div>             </div>"
}