{
    "link": "https://fitgirl-repacks.site/undernauts-labyrinth-of-yomi/",
    "title": "Undernauts: Labyrinth of Yomi + Nov 5 Patch (Build 7667631)",
    "first_img": "https://i6.imageban.ru/out/2021/11/07/83324beb0581506ecb6bd06e2eff55d2.jpg",
    "second_img": "https://s01.riotpixels.net/data/fc/f1/fcf1f5e2-f4b4-4f4a-9bac-a2aa20d0b639.jpg.240p.jpg",
    "body": "<div ><h2>Undernauts: Labyrinth of Yomi + Nov 5 Patch (Build 7667631)</h2><p ><div><a target=\"_blank\" href=\"https://en.riotpixels.com/games/undernauts-labyrinth-of-yomi/\" rel=\"noopener\"><img class=\"alignleft\" width=\"150\" src=\"https://i6.imageban.ru/out/2021/11/07/83324beb0581506ecb6bd06e2eff55d2.jpg\"></a></div><br>Genres/Tags: <strong>RPG, Dungeon crawl, Japanese, Turn-based, First-person, 3D</strong><br>Companies: <strong>EXPERIENCE, Poppy Works</strong><br>Languages: <strong>ENG</strong><br>Original Size: <strong>1.7 GB</strong><br>Repack Size: <strong>961 MB</strong></p>&nbsp;<div>&nbsp;</div><h3>Download Mirrors</h3><ul><li><a href=\"https://1337x.to/torrent/5043773/Undernauts-Labyrinth-of-Yomi-Nov-5-Patch-Build-7667631-FitGirl-Repack/\" target=\"_blank\" rel=\"noopener\">1337x</a> | [<a href=\"magnet:?xt=urn:btih:94E5441483281D5CACB7F08DD08729687FC8A026&amp;dn=Undernauts%3A+Labyrinth+of+Yomi+%28%2B+Nov+5+Patch%2FBuild+7667631%29+%5BFitGirl+Repack%5D&amp;tr=udp%3A%2F%2F46.148.18.250%3A2710&amp;tr=udp%3A%2F%2Fopentor.org%3A2710&amp;tr=udp%3A%2F%2Ftracker.coppersurfer.tk%3A6969%2Fannounce&amp;tr=udp%3A%2F%2Ftracker.opentrackr.org%3A1337%2Fannounce&amp;tr=http%3A%2F%2Ftracker.dler.org%3A6969%2Fannounce&amp;tr=udp%3A%2F%2Ftracker.leechers-paradise.org%3A6969%2Fannounce&amp;tr=udp%3A%2F%2F9.rarbg.me%3A2730%2Fannounce&amp;tr=udp%3A%2F%2F9.rarbg.to%3A2770%2Fannounce&amp;tr=udp%3A%2F%2Ftracker.pirateparty.gr%3A6969%2Fannounce&amp;tr=http%3A%2F%2Fretracker.local%2Fannounce&amp;tr=http%3A%2F%2Fretracker.ip.ncnet.ru%2Fannounce&amp;tr=udp%3A%2F%2Fexodus.desync.com%3A6969%2Fannounce&amp;tr=udp%3A%2F%2Fipv4.tracker.harry.lu%3A80%2Fannounce&amp;tr=udp%3A%2F%2Fopen.stealth.si%3A80%2Fannounce&amp;tr=udp%3A%2F%2Ftracker.zer0day.to%3A1337%2Fannounce&amp;tr=udp%3A%2F%2Ftracker.leechers-paradise.org%3A6969%2Fannounce&amp;tr=udp%3A%2F%2Fcoppersurfer.tk%3A6969%2Fannounce\">magnet</a>] [<a href=\"https://pastefg.hermietkreeft.site/?f4d9e8cb46edb091#FnxiaYvdugeBBysyhbD8b1XpPdAUPPWUsPioLvxxU6yi\" target=\"_blank\" rel=\"noopener\">.torrent file only</a>] <br><img src=\"https://torrent-stats.info/f08d/45db9089a.png\" style=\"display:block;clear:both\"></li><li><a href=\"https://tapochek.net/viewtopic.php?p=2810497\" target=\"_blank\" rel=\"noopener\">Tapochek.net</a></li><li><a href=\"https://pastefg.hermietkreeft.site/?f74731e7deadad8d#4ow1dE6Y4XZGvN2yhnu7uGtXpuFdh8adJzoNQYXN8kbZ\" target=\"_blank\" rel=\"noopener\">Filehoster: MultiUpload</a> (10+ hosters, interchangeable) [Use <a href=\"http://jdownloader.org/jdownloader2\" target=\"_blank\" rel=\"noopener\">JDownloader2</a>]</li><li><a href=\"https://pastefg.hermietkreeft.site/?0fe421b7f32259ee#9nQSxocvPXMc1u4bxYU96ztiCdVPuGPZywMFyWMb5DAQ\" target=\"_blank\" rel=\"noopener\">Filehoster: ZippyShare</a></li><li><a href=\"https://pastefg.hermietkreeft.site/?020b0a785a233652#C416wrYRfieY9FWiMSCkheL8a3DWPMEyG11FWfVTjHyE\" target=\"_blank\" rel=\"noopener\">Filehoster: BayFiles</a></li><li><a href=\"https://pastefg.hermietkreeft.site/?8d0aece96c855e4d#EXPQpbvB1hgneXbi9zHHvPW4jJaMPi9Q6wp8VLQasnkC\" target=\"_blank\" rel=\"noopener\">Filehoster: LetsUpload</a> [Use <a href=\"http://jdownloader.org/jdownloader2\" target=\"_blank\" rel=\"noopener\">JDownloader2</a>]</li><li><a href=\"https://pastefg.hermietkreeft.site/?6c125258fc2cc68a#Ay9f33ft4awuY1K2uMhh6PuHFipXjqB5RYZJmmuX26Ru\" target=\"_blank\" rel=\"noopener\">Filehoster: OneDrive</a> (Uploaded by DyR0 t(-_-t), NOT compatible with other mirrors)</li><p><!--  <li><a href=\"\" target=\"_blank\" rel=\"noopener\">Filehosters: Google Drive, OneDrive + others</a> (Uploaded by crackhub213)</li>  --></p></ul><p><a href=\"https://cs.rin.ru/forum/viewtopic.php?f=10&amp;t=117038\" target=\"_blank\" rel=\"noopener\">Discussion and (possible) future updates on CS.RIN.RU thread</a></p><h3>Screenshots (Click to enlarge)</h3><p><a target=\"_blank\" href=\"https://en.riotpixels.com/games/undernauts-labyrinth-of-yomi/screenshots/6/?utm_source=emb-gfx-html&amp;utm_medium=image&amp;utm_campaign=rp-mass\" rel=\"noopener\"><img loading=\"lazy\" width=\"178\" height=\"100\" border=\"0\" src=\"https://s01.riotpixels.net/data/fc/f1/fcf1f5e2-f4b4-4f4a-9bac-a2aa20d0b639.jpg.240p.jpg\"></a><a target=\"_blank\" href=\"https://en.riotpixels.com/games/undernauts-labyrinth-of-yomi/screenshots/5/?utm_source=emb-gfx-html&amp;utm_medium=image&amp;utm_campaign=rp-mass\" rel=\"noopener\"><img loading=\"lazy\" width=\"178\" height=\"100\" border=\"0\" src=\"https://s01.riotpixels.net/data/51/68/5168f05e-83b4-4429-8d1f-a556eda73ae6.jpg.240p.jpg\"></a><a target=\"_blank\" href=\"https://en.riotpixels.com/games/undernauts-labyrinth-of-yomi/screenshots/4/?utm_source=emb-gfx-html&amp;utm_medium=image&amp;utm_campaign=rp-mass\" rel=\"noopener\"><img loading=\"lazy\" width=\"178\" height=\"100\" border=\"0\" src=\"https://s01.riotpixels.net/data/1e/a3/1ea37ac4-19cb-45c8-a61a-cf8451e5b23a.jpg.240p.jpg\"></a><br><a target=\"_blank\" href=\"https://en.riotpixels.com/games/undernauts-labyrinth-of-yomi/screenshots/3/?utm_source=emb-gfx-html&amp;utm_medium=image&amp;utm_campaign=rp-mass\" rel=\"noopener\"><img loading=\"lazy\" width=\"178\" height=\"100\" border=\"0\" src=\"https://s01.riotpixels.net/data/c6/e7/c6e7305e-0460-45e8-97a8-c0fe218c562c.jpg.240p.jpg\"></a><a target=\"_blank\" href=\"https://en.riotpixels.com/games/undernauts-labyrinth-of-yomi/screenshots/2/?utm_source=emb-gfx-html&amp;utm_medium=image&amp;utm_campaign=rp-mass\" rel=\"noopener\"><img loading=\"lazy\" width=\"178\" height=\"100\" border=\"0\" src=\"https://s01.riotpixels.net/data/9d/58/9d5816a7-b75e-4dc9-85c5-7a2b2472489d.jpg.240p.jpg\"></a><a target=\"_blank\" href=\"https://en.riotpixels.com/games/undernauts-labyrinth-of-yomi/screenshots/1/?utm_source=emb-gfx-html&amp;utm_medium=image&amp;utm_campaign=rp-mass\" rel=\"noopener\"><img loading=\"lazy\" width=\"178\" height=\"100\" border=\"0\" src=\"https://s01.riotpixels.net/data/48/52/4852c8cf-75f8-43be-b421-22148b698b68.jpg.240p.jpg\"></a></p><h3>Repack Features</h3><ul><li>Based on Undernauts.Labyrinth.of.Yomi-DARKSiDERS ISO release: ds-undernautslabyrinthofyomi.iso (1,831,469,056 bytes)</li><li>By default repack installs initial game version; you can update it to Nov 5 Patch (Build 7667631) by running \u201cUpdate.bat\u201d in the game root</li><li>100% Lossless &amp; MD5 Perfect: all files are identical to originals after installation</li><li>NOTHING ripped, NOTHING re-encoded</li><li>Significantly smaller archive size (compressed from 1.7 GB to 961 MB)</li><li>Installation takes 2-4 minutes (depending on your system)</li><li>After-install integrity check so you could make sure that everything installed properly</li><li>HDD space after installation: 2 GB (7.5 GB during installation)</li><li>At least 2 GB of free RAM (inc. virtual) required for installing this repack</li></ul><div ><div><h2>Game Description</h2></div><div ><b>Escape from \u201cYomi\u201d \u2013 a dungeon filled with riches \u2013 and danger.</b><p>You have been recruited into the Undernauts \u2013 a team of brave subterranean adventurers who comb the depths of a massive, monster-infested labyrinth in search of priceless resources.</p><p>Make use of your powerful skills and magic items to create exits and reach the surface alive.</p><p>As a Dungeon RPG, the player must dive through many dungeon levels and move through a grid system to find the correct path to proceed.</p><p>Players create a party of 6 in order to fight battles and level up while proceeding through the game\u2019s storyline.</p><p>Use the \u201cSwitch Boost\u201d system to defeat hordes of monsters and create magical doors, ladders, and bridges to escape.</p><p>Make use of powerful skills and magic items to reach the surface alive.</p></div></div>             </div>"
}