{
    "link": "https://fitgirl-repacks.site/undungeon/",
    "title": "Undungeon",
    "first_img": "https://i4.imageban.ru/out/2021/11/22/4405ea1300e81c4ce5e5528b7eefab62.jpg",
    "second_img": "https://s01.riotpixels.net/data/14/79/147957c8-4992-463a-8d33-22ad02f62440.jpg.240p.jpg",
    "body": "<div ><h2>Undungeon</h2><p ><div><a target=\"_blank\" href=\"https://en.riotpixels.com/games/undungeon/\" rel=\"noopener\"><img class=\"alignleft\" width=\"150\" src=\"https://i4.imageban.ru/out/2021/11/22/4405ea1300e81c4ce5e5528b7eefab62.jpg\"></a></div><br>Genres/Tags: <strong>Action, RPG, Top-down, 2D</strong><br>Companies: <strong>Laughing Machines, tinyBuild</strong><br>Languages: <strong>RUS/ENG</strong><br>Original Size: <strong>1.4 GB</strong><br>Repack Size: <strong>1 GB</strong></p>&nbsp;<div>&nbsp;</div><h3>Download Mirrors</h3><ul><li><a href=\"https://1337x.to/torrent/5060797/Undungeon-ENG-RUS-FitGirl-Repack/\" target=\"_blank\" rel=\"noopener\">1337x</a> | [<a href=\"magnet:?xt=urn:btih:B7885A4EF125483681197581A79D812CCC5111AC&amp;dn=Undungeon+%28ENG%2FRUS%29+%5BFitGirl+Repack%5D&amp;tr=udp%3A%2F%2F46.148.18.250%3A2710&amp;tr=udp%3A%2F%2Fopentor.org%3A2710&amp;tr=udp%3A%2F%2Ftracker.coppersurfer.tk%3A6969%2Fannounce&amp;tr=udp%3A%2F%2Ftracker.opentrackr.org%3A1337%2Fannounce&amp;tr=http%3A%2F%2Ftracker.dler.org%3A6969%2Fannounce&amp;tr=udp%3A%2F%2Ftracker.leechers-paradise.org%3A6969%2Fannounce&amp;tr=udp%3A%2F%2F9.rarbg.me%3A2730%2Fannounce&amp;tr=udp%3A%2F%2F9.rarbg.to%3A2770%2Fannounce&amp;tr=udp%3A%2F%2Ftracker.pirateparty.gr%3A6969%2Fannounce&amp;tr=http%3A%2F%2Fretracker.local%2Fannounce&amp;tr=http%3A%2F%2Fretracker.ip.ncnet.ru%2Fannounce&amp;tr=udp%3A%2F%2Fexodus.desync.com%3A6969%2Fannounce&amp;tr=udp%3A%2F%2Fipv4.tracker.harry.lu%3A80%2Fannounce&amp;tr=udp%3A%2F%2Fopen.stealth.si%3A80%2Fannounce&amp;tr=udp%3A%2F%2Ftracker.zer0day.to%3A1337%2Fannounce&amp;tr=udp%3A%2F%2Ftracker.leechers-paradise.org%3A6969%2Fannounce&amp;tr=udp%3A%2F%2Fcoppersurfer.tk%3A6969%2Fannounce\">magnet</a>] [<a href=\"https://pastefg.hermietkreeft.site/?29d1bbd888c16be1#BKvHaB5n6ZEZxguWMDnsgsAq7Geh6JAr9UHarBYkb86e\" target=\"_blank\" rel=\"noopener\">.torrent file only</a>] <br><img src=\"https://torrent-stats.info/7581/2249226a5.png\" style=\"display:block;clear:both\"></li><li><a href=\"http://rutor.info/torrent/847093/undungeon-2021-pc-repack-ot-fitgirl\" target=\"_blank\" rel=\"noopener\">RuTor</a> [<a href=\"magnet:?xt=urn:btih:b7885a4ef125483681197581a79d812ccc5111ac&amp;dn=rutor.info_Undungeon+%282021%29+PC+%7C+RePack+%D0%BE%D1%82+FitGirl&amp;tr=udp://opentor.net:6969&amp;tr=udp://opentor.org:2710&amp;tr=http://retracker.local/announce\">magnet</a>]</li><li><a href=\"https://tapochek.net/viewtopic.php?p=2814085\" target=\"_blank\" rel=\"noopener\">Tapochek.net</a></li><li><a href=\"https://pastefg.hermietkreeft.site/?ad76afd77de01a9c#EpQej8Ezj5iTCfw4MVoLuhADPZNNx8sFejdQAswNtiJC\" target=\"_blank\" rel=\"noopener\">Filehoster: MultiUpload</a> (10+ hosters, interchangeable) [Use <a href=\"http://jdownloader.org/jdownloader2\" target=\"_blank\" rel=\"noopener\">JDownloader2</a>]</li><li><a href=\"https://pastefg.hermietkreeft.site/?239c3567e02f54b2#Fagkxg77c6ZzK833nkK8i5pS6Djq76EuguNHeHShG8jd\" target=\"_blank\" rel=\"noopener\">Filehoster: ZippyShare</a></li><li><a href=\"https://pastefg.hermietkreeft.site/?5171b0a83adc8721#53VANDroiijajoCADrVunLKFPLisXb7ZG4FZL5rBrEw2\" target=\"_blank\" rel=\"noopener\">Filehoster: BayFiles</a></li><li><a href=\"https://pastefg.hermietkreeft.site/?8f57dfe56599a7a8#C8ijjHHnBtGNG9f4kYaujSmzYDuSaSncnmjpFH6qhUaS\" target=\"_blank\" rel=\"noopener\">Filehoster: LetsUpload</a> [Use <a href=\"http://jdownloader.org/jdownloader2\" target=\"_blank\" rel=\"noopener\">JDownloader2</a>]</li><li><a href=\"https://pastefg.hermietkreeft.site/?42f6b77a5a65afb3#6Bhutf17fZ3Z4WfJf79pBDYSSWrPoMuFEdrdd8oAfmuu\" target=\"_blank\" rel=\"noopener\">Filehoster: OneDrive</a> (Uploaded by DyR0 t(-_-t), NOT compatible with other mirrors)</li><p><!--  <li><a href=\"\" target=\"_blank\" rel=\"noopener\">Filehosters: Google Drive, OneDrive + others</a> (Uploaded by crackhub213)</li>  --></p></ul><p><a href=\"https://cs.rin.ru/forum/viewtopic.php?f=10&amp;t=76524\" target=\"_blank\" rel=\"noopener\">Discussion and (possible) future updates on CS.RIN.RU thread</a></p><h3>Screenshots (Click to enlarge)</h3><p><a target=\"_blank\" href=\"https://en.riotpixels.com/games/undungeon/screenshots/10/?utm_source=emb-gfx-html&amp;utm_medium=image&amp;utm_campaign=rp-mass\" rel=\"noopener\"><img loading=\"lazy\" width=\"178\" height=\"100\" border=\"0\" src=\"https://s01.riotpixels.net/data/14/79/147957c8-4992-463a-8d33-22ad02f62440.jpg.240p.jpg\"></a><a target=\"_blank\" href=\"https://en.riotpixels.com/games/undungeon/screenshots/9/?utm_source=emb-gfx-html&amp;utm_medium=image&amp;utm_campaign=rp-mass\" rel=\"noopener\"><img loading=\"lazy\" width=\"178\" height=\"100\" border=\"0\" src=\"https://s01.riotpixels.net/data/bd/0e/bd0e2f65-f30f-40aa-ae3f-f4b9db44a3b4.jpg.240p.jpg\"></a><a target=\"_blank\" href=\"https://en.riotpixels.com/games/undungeon/screenshots/6/?utm_source=emb-gfx-html&amp;utm_medium=image&amp;utm_campaign=rp-mass\" rel=\"noopener\"><img loading=\"lazy\" width=\"178\" height=\"100\" border=\"0\" src=\"https://s01.riotpixels.net/data/4d/42/4d423bef-9161-41ce-a619-f9c9ba275bf3.jpg.240p.jpg\"></a><br><a target=\"_blank\" href=\"https://en.riotpixels.com/games/undungeon/screenshots/5/?utm_source=emb-gfx-html&amp;utm_medium=image&amp;utm_campaign=rp-mass\" rel=\"noopener\"><img loading=\"lazy\" width=\"178\" height=\"100\" border=\"0\" src=\"https://s01.riotpixels.net/data/9c/e7/9ce73be3-07d2-45d5-b390-7a43ea2fa034.jpg.240p.jpg\"></a><a target=\"_blank\" href=\"https://en.riotpixels.com/games/undungeon/screenshots/4/?utm_source=emb-gfx-html&amp;utm_medium=image&amp;utm_campaign=rp-mass\" rel=\"noopener\"><img loading=\"lazy\" width=\"178\" height=\"100\" border=\"0\" src=\"https://s01.riotpixels.net/data/cb/f7/cbf7ea2c-368f-4399-9679-221191264744.jpg.240p.jpg\"></a><a target=\"_blank\" href=\"https://en.riotpixels.com/games/undungeon/screenshots/1/?utm_source=emb-gfx-html&amp;utm_medium=image&amp;utm_campaign=rp-mass\" rel=\"noopener\"><img loading=\"lazy\" width=\"178\" height=\"100\" border=\"0\" src=\"https://s01.riotpixels.net/data/88/7a/887ad546-4087-4180-b40e-a6d61f378257.jpg.240p.jpg\"></a></p><h3>Repack Features</h3><ul><li>Based on Undungeon-PLAZA ISO release: plaza-undungeon.iso (1,515,421,696 bytes)</li><li>100% Lossless &amp; MD5 Perfect: all files are identical to originals after installation</li><li>NOTHING ripped, NOTHING re-encoded</li><li>Significantly smaller archive size (compressed from 1.4 to 1 GB)</li><li>Installation takes two minutes</li><li>After-install integrity check so you could make sure that everything installed properly</li><li>HDD space after installation: 8.4 GB</li><li>Language can be changed in game settings</li><li>At least 2 GB of free RAM (inc. virtual) required for installing this repack</li></ul><div ><div><h2>Game Description</h2></div><div >Undungeon is an action role-playing experience that brings back the spirit of old school action/RPGs wrapped in modern design. Restore the order in all dimensions, influence and determine the fate of the worlds, create and decide what will happen in the new Multiverse.<p><b><h3>Game Features</h3></b></p><ul><li><b>Colorful pixel art aesthetics:</b> each tree, bush or rock is hand-drawn, each enemy has dozens of carefully crafted animation frames to create a one-of-a-kind visual experience;</li><li><b>Mind-bending science fiction story:</b> Several multidimensional versions of Earth were suddenly merged together, shattering one another in a cataclysmic event known as the Great Shift. This event damaged the fabric of time and space itself, seemingly beyond reconstruction. You, a Herald, will join a secret interdimensional organization \u2014 Herald\u2019s Undercover Bay, or simply H.U.B., created by Dharma to remedy the aftermath of the catastrophe;</li><li><b>Heated real-time battles:</b> control a Herald \u2014 almighty hero created by God. Combine their powerful melee and ranged attacks to vanquish your enemies. Heal carefully so that foes don\u2019t steal your remedy, use movement, various buffs, and debuffs to gain the advantage and defeat your rivals;</li><li><b>Customizable hero:</b> implant different organs into the body of your Herald to acquire unique combat enhancers and passive abilities. Gather and equip nodes and runes to make your Herald godlike. Express yourself, create a build that fits your playstyle perfectly, be it companions, throwable weapons, critical or DoT damage and much more. This lives alongside deep crafting systems that allow you to disassemble basic materials and create from received resources unique organs, weapons, gear and consumables that will help you to define your unique playthrough;</li><li><b>Vast open world:</b> explore distant lands beyond belief and meet their exotic inhabitants \u2014 merchants and bandits going about their lives regardless of where you go. You can trade with locals, recruit them to help you in battles, or even destroy their camps. Between missions, you can recover, gear up and rest in H.U.B. \u2014 a base located in a neutral space expanse between dimensions;</li><li><b>NPC interaction system:</b> decisions you make as a Herald will affect the fates of the characters you meet, as well as whole dimensions.</li></ul></div></div>             </div>"
}