{
    "link": "https://fitgirl-repacks.site/united-assault-normandy-44/",
    "title": "United Assault: Normandy \u201944 \u2013 v1.0.0",
    "first_img": "https://i6.imageban.ru/out/2021/10/28/1f28c58da6fe0e91a1145fb74be18f3f.jpg",
    "second_img": "https://s01.riotpixels.net/data/e8/da/e8da46d8-34d4-41d9-99c7-7fae97cf457a.jpg.240p.jpg",
    "body": "<div ><h2>United Assault: Normandy \u201944 \u2013 v1.0.0</h2><p ><div><a target=\"_blank\" href=\"https://en.riotpixels.com/games/united-assault-normandy-44/\" rel=\"noopener\"><img class=\"alignleft\" width=\"150\" src=\"https://i6.imageban.ru/out/2021/10/28/1f28c58da6fe0e91a1145fb74be18f3f.jpg\"></a></div><br>Genres/Tags: <strong>Action, Arcade, Shooter, First-Person, 3D</strong><br>Companies: <strong>Polygon Art, Enigma Entertainment</strong><br>Languages: <strong>ENG</strong><br>Original Size: <strong>7.2 GB</strong><br>Repack Size: <strong>4.7 GB</strong></p>&nbsp;<div>&nbsp;</div><h3>Download Mirrors</h3><ul><li><a href=\"https://1337x.to/torrent/5032247/United-Assault-Normandy-44-v1-0-0-FitGirl-Repack/\" target=\"_blank\" rel=\"noopener\">1337x</a> | [<a href=\"magnet:?xt=urn:btih:6BA380072260EAA4E9A6C2B30C647CE4FB25388C&amp;dn=United+Assault%3A+Normandy+%26%23039%3B44+%28v1.0.0%29+%5BFitGirl+Repack%5D&amp;tr=udp%3A%2F%2F46.148.18.250%3A2710&amp;tr=udp%3A%2F%2Fopentor.org%3A2710&amp;tr=udp%3A%2F%2Ftracker.coppersurfer.tk%3A6969%2Fannounce&amp;tr=udp%3A%2F%2Ftracker.opentrackr.org%3A1337%2Fannounce&amp;tr=http%3A%2F%2Ftracker.dler.org%3A6969%2Fannounce&amp;tr=udp%3A%2F%2Ftracker.leechers-paradise.org%3A6969%2Fannounce&amp;tr=udp%3A%2F%2F9.rarbg.me%3A2730%2Fannounce&amp;tr=udp%3A%2F%2F9.rarbg.to%3A2770%2Fannounce&amp;tr=udp%3A%2F%2Ftracker.pirateparty.gr%3A6969%2Fannounce&amp;tr=http%3A%2F%2Fretracker.local%2Fannounce&amp;tr=http%3A%2F%2Fretracker.ip.ncnet.ru%2Fannounce&amp;tr=udp%3A%2F%2Fexodus.desync.com%3A6969%2Fannounce&amp;tr=udp%3A%2F%2Fipv4.tracker.harry.lu%3A80%2Fannounce&amp;tr=udp%3A%2F%2Fopen.stealth.si%3A80%2Fannounce&amp;tr=udp%3A%2F%2Ftracker.zer0day.to%3A1337%2Fannounce&amp;tr=udp%3A%2F%2Ftracker.leechers-paradise.org%3A6969%2Fannounce&amp;tr=udp%3A%2F%2Fcoppersurfer.tk%3A6969%2Fannounce\">magnet</a>] [<a href=\"https://pastefg.hermietkreeft.site/?d36118b102cb4787#4KCyGcRZVygxLSy5ydS9fqp1r2LVQMFaKX6pxo9sQbtM\" target=\"_blank\" rel=\"noopener\">.torrent file only</a>] <br><img src=\"https://torrent-stats.info/c2b3/385e2da08.png\" style=\"display:block;clear:both\"></li><li><a href=\"https://tapochek.net/viewtopic.php?p=2808270\" target=\"_blank\" rel=\"noopener\">Tapochek.net</a></li><li><a href=\"https://pastefg.hermietkreeft.site/?05db039554150dbe#6xND6pphmA7L7daVAVX2wPmmjBD2tAhUSmRFnYG8pXzB\" target=\"_blank\" rel=\"noopener\">Filehoster: MultiUpload</a> (10+ hosters, interchangeable) [Use <a href=\"http://jdownloader.org/jdownloader2\" target=\"_blank\" rel=\"noopener\">JDownloader2</a>]</li><li><a href=\"https://pastefg.hermietkreeft.site/?ec035388128235d7#3neSekpiyUSbR9enicS2NTkiNW8aymXSP8HWZF5FDShp\" target=\"_blank\" rel=\"noopener\">Filehoster: PixelDrain</a></li><li><a href=\"https://pastefg.hermietkreeft.site/?1542d68a10b4f8d4#EhcG8F4jjvthUzYFEVFj6PwiqKjXH6CdYv5Si52WHZLo\" target=\"_blank\" rel=\"noopener\">Filehoster: ZippyShare</a></li><li><a href=\"https://pastefg.hermietkreeft.site/?9a5657a731fd9888#2PRLZvi31LC2V9UhsNKckFcfcqyLea7jUnDg6jwtWk1p\" target=\"_blank\" rel=\"noopener\">Filehoster: BayFiles</a></li><li><a href=\"https://pastefg.hermietkreeft.site/?77f8e32d6b1611f5#3MQ9ytqKyfDLzgDtSQ4qqnMV3XNauyqMMWhCUETKL4XY\" target=\"_blank\" rel=\"noopener\">Filehoster: LetsUpload</a> [Use <a href=\"http://jdownloader.org/jdownloader2\" target=\"_blank\" rel=\"noopener\">JDownloader2</a>]</li><li><a href=\"https://pastefg.hermietkreeft.site/?057295ad831eae50#DZCu5V8mCM9AJnS8YtDd9wV5FRXnrCJFo88QGRSHjD2M\" target=\"_blank\" rel=\"noopener\">Filehoster: OneDrive</a> (Uploaded by DyR0 t(-_-t), NOT compatible with other mirrors)</li><p><!--  <li><a href=\"\" target=\"_blank\" rel=\"noopener\">Filehosters: Google Drive, OneDrive + others</a> (Uploaded by crackhub213)</li>  --></p></ul><p><a href=\"https://cs.rin.ru/forum/viewtopic.php?f=10&amp;t=116848\" target=\"_blank\" rel=\"noopener\">Discussion and (possible) future updates on CS.RIN.RU thread</a></p><h3>Screenshots (Click to enlarge)</h3><p><a target=\"_blank\" href=\"https://en.riotpixels.com/games/united-assault-normandy-44/screenshots/16/?utm_source=emb-gfx-html&amp;utm_medium=image&amp;utm_campaign=rp-mass\" rel=\"noopener\"><img loading=\"lazy\" width=\"178\" height=\"100\" border=\"0\" src=\"https://s01.riotpixels.net/data/e8/da/e8da46d8-34d4-41d9-99c7-7fae97cf457a.jpg.240p.jpg\"></a><a target=\"_blank\" href=\"https://en.riotpixels.com/games/united-assault-normandy-44/screenshots/11/?utm_source=emb-gfx-html&amp;utm_medium=image&amp;utm_campaign=rp-mass\" rel=\"noopener\"><img loading=\"lazy\" width=\"178\" height=\"100\" border=\"0\" src=\"https://s01.riotpixels.net/data/0c/ba/0cba7ed5-e235-415a-9646-508b0413eb1d.jpg.240p.jpg\"></a><a target=\"_blank\" href=\"https://en.riotpixels.com/games/united-assault-normandy-44/screenshots/8/?utm_source=emb-gfx-html&amp;utm_medium=image&amp;utm_campaign=rp-mass\" rel=\"noopener\"><img loading=\"lazy\" width=\"178\" height=\"100\" border=\"0\" src=\"https://s01.riotpixels.net/data/e1/2a/e12a3e53-05b4-4f8e-a32e-a3e4ad51297f.jpg.240p.jpg\"></a><br><a target=\"_blank\" href=\"https://en.riotpixels.com/games/united-assault-normandy-44/screenshots/4/?utm_source=emb-gfx-html&amp;utm_medium=image&amp;utm_campaign=rp-mass\" rel=\"noopener\"><img loading=\"lazy\" width=\"178\" height=\"100\" border=\"0\" src=\"https://s01.riotpixels.net/data/e6/8e/e68ea384-d88e-4771-a0ce-ba7d941459d2.jpg.240p.jpg\"></a><a target=\"_blank\" href=\"https://en.riotpixels.com/games/united-assault-normandy-44/screenshots/3/?utm_source=emb-gfx-html&amp;utm_medium=image&amp;utm_campaign=rp-mass\" rel=\"noopener\"><img loading=\"lazy\" width=\"178\" height=\"100\" border=\"0\" src=\"https://s01.riotpixels.net/data/36/eb/36eb6180-355a-499e-97f0-03e8aaafed59.jpg.240p.jpg\"></a><a target=\"_blank\" href=\"https://en.riotpixels.com/games/united-assault-normandy-44/screenshots/2/?utm_source=emb-gfx-html&amp;utm_medium=image&amp;utm_campaign=rp-mass\" rel=\"noopener\"><img loading=\"lazy\" width=\"178\" height=\"100\" border=\"0\" src=\"https://s01.riotpixels.net/data/67/cd/67cd7216-63fc-4d8c-a47a-35501e52314c.jpg.240p.jpg\"></a></p><h3>Repack Features</h3><ul><li>Based on United.Assault.Normandy.44-PLAZA ISO release: plaza-united.assault.normandy.44.iso (7,702,642,688 bytes)</li><li>100% Lossless &amp; MD5 Perfect: all files are identical to originals after installation</li><li>NOTHING ripped, NOTHING re-encoded</li><li>Significantly smaller archive size (compressed from 7.2 to 4.7 GB)</li><li>Installation takes 2-4 minutes (depending on your system)</li><li>After-install integrity check so you could make sure that everything installed properly</li><li>HDD space after installation: 7.1 GB</li><li>Repack uses XTool library by Razor12911</li><li>At least 2 GB of free RAM (inc. virtual) required for installing this repack</li></ul><div ><div><h2>Game Description</h2></div><div >United Assault \u2013 Normandy \u201944 is an open world rogue lite FPS set in 1944\u2019s depiction of Normandy.<p>You are a US army paratrooper dropped into enemy territory to prepare the D-Day. Your mission objectives vary form destroying Panzer IV tanks, Flak 88 cannons to obtaining secret documents or even liberate an entire town. After completing your objectives, exfiltrate and claim your rewards.</p><p>Higher ranks will unlock new weapons and allow you to customize your start loadout.</p><p><b><h3>Game Features</h3></b></p><ul><li>15 towns and settlements based on their real world location</li><li>Dynamic mission generator</li><li>Passive Multiplayer</li><li>Over 15 authentic weapons</li><li>Detailed progression system</li><li>Uncover a mysterious secret protected by highly trained german troops</li><li>Nvidia DLSS 2.0 support</li></ul></div></div>             </div>"
}