{
    "link": "https://fitgirl-repacks.site/unity-of-command-2/",
    "title": "Unity of Command II + 4 DLCs",
    "first_img": "https://i4.imageban.ru/out/2021/09/01/19e7200b2bf49b794a1e027840d31a3d.jpg",
    "second_img": "https://s01.riotpixels.net/data/89/65/8965284c-7e21-4c4d-80f3-e9f9e8e8dc29.jpg.240p.jpg",
    "body": "<div ><h2>Unity of Command II + 4 DLCs</h2><p ><div><a target=\"_blank\" href=\"http://en.riotpixels.com/games/unity-of-command-2-blitzkrieg/\" rel=\"noopener\"><img class=\"alignleft\" width=\"150\" src=\"https://i4.imageban.ru/out/2021/09/01/19e7200b2bf49b794a1e027840d31a3d.jpg\"></a></div><br>Genres/Tags: <strong>Strategy, Wargame, Isometric, 3D, Turn-based</strong><br>Companies: <strong>2\u00d72 Games, Croteam</strong><br>Languages: <strong>RUS/ENG/MULTI4</strong><br>Original Size: <strong>1.5 GB</strong><br>Repack Size: <strong>878 MB</strong></p>&nbsp;<div>&nbsp;</div><h3>Download Mirrors</h3><ul><li><a href=\"https://1337x.to/torrent/5053945/Unity-of-Command-II-4-DLCs-MULTi4-FitGirl-Repack/\" target=\"_blank\" rel=\"noopener\">1337x</a> | [<a href=\"magnet:?xt=urn:btih:8CE6925F3BD1E23F587DC887004DE5CB852A153E&amp;dn=Unity+of+Command+II+%28%2B+4+DLCs%2C+MULTi4%29+%5BFitGirl+Repack%5D&amp;tr=udp%3A%2F%2F46.148.18.250%3A2710&amp;tr=udp%3A%2F%2Fopentor.org%3A2710&amp;tr=udp%3A%2F%2Ftracker.coppersurfer.tk%3A6969%2Fannounce&amp;tr=udp%3A%2F%2Ftracker.opentrackr.org%3A1337%2Fannounce&amp;tr=http%3A%2F%2Ftracker.dler.org%3A6969%2Fannounce&amp;tr=udp%3A%2F%2Ftracker.leechers-paradise.org%3A6969%2Fannounce&amp;tr=udp%3A%2F%2F9.rarbg.me%3A2730%2Fannounce&amp;tr=udp%3A%2F%2F9.rarbg.to%3A2770%2Fannounce&amp;tr=udp%3A%2F%2Ftracker.pirateparty.gr%3A6969%2Fannounce&amp;tr=http%3A%2F%2Fretracker.local%2Fannounce&amp;tr=http%3A%2F%2Fretracker.ip.ncnet.ru%2Fannounce&amp;tr=udp%3A%2F%2Fexodus.desync.com%3A6969%2Fannounce&amp;tr=udp%3A%2F%2Fipv4.tracker.harry.lu%3A80%2Fannounce&amp;tr=udp%3A%2F%2Fopen.stealth.si%3A80%2Fannounce&amp;tr=udp%3A%2F%2Ftracker.zer0day.to%3A1337%2Fannounce&amp;tr=udp%3A%2F%2Ftracker.leechers-paradise.org%3A6969%2Fannounce&amp;tr=udp%3A%2F%2Fcoppersurfer.tk%3A6969%2Fannounce\">magnet</a>] [<a href=\"https://pastefg.hermietkreeft.site/?a9c32d3d1d1bee67#DtsE5xfTRbAHDWBRj9JZrpgjUav2RVp4pMjjPK1YHfNo\" target=\"_blank\" rel=\"noopener\">.torrent file only</a>] <br><img src=\"https://torrent-stats.info/c887/3a67c5679.png\" style=\"display:block;clear:both\"></li><li><a href=\"http://rutor.info/torrent/845885/unity-of-command-ii-dlcs-2019-pc-repack-ot-fitgirl\" target=\"_blank\" rel=\"noopener\">RuTor</a> [<a href=\"magnet:?xt=urn:btih:8ce6925f3bd1e23f587dc887004de5cb852a153e&amp;dn=rutor.info_Unity+of+Command+II+%5B%2B+DLCs%5D+%282019%29+PC+%7C+RePack+%D0%BE%D1%82+FitGirl&amp;tr=udp://opentor.net:6969&amp;tr=udp://opentor.org:2710&amp;tr=http://retracker.local/announce\">magnet</a>]</li><li><a href=\"https://tapochek.net/viewtopic.php?p=2635393\" target=\"_blank\" rel=\"noopener\">Tapochek.net</a></li><li><a href=\"https://pastefg.hermietkreeft.site/?7b82df885749b825#721ktENekSNSzp8624sWtKuHNEEzKKfgU1tVYsCcQhCZ\" target=\"_blank\" rel=\"noopener\">Filehoster: MultiUpload</a> (10+ hosters, interchangeable) [Use <a href=\"http://jdownloader.org/jdownloader2\" target=\"_blank\" rel=\"noopener\">JDownloader2</a>]</li><li><a href=\"https://pastefg.hermietkreeft.site/?6b4ffd7164c1fe3d#78buf1kkX4E7AQP2sC5hzcEzfhLcqpixPHpHeyKkdDgX\" target=\"_blank\" rel=\"noopener\">Filehoster: ZippyShare</a></li><li><a href=\"https://pastefg.hermietkreeft.site/?6f4acf89012a088a#DoYQYJAkm9sLpz6bTs6EjpVAq4VE5YAwabraMG2HxZXX\" target=\"_blank\" rel=\"noopener\">Filehoster: BayFiles</a></li><li><a href=\"https://pastefg.hermietkreeft.site/?fdca3f2bc87f4beb#9Z3DfeeEN8RzWfHth2VZLRP7iXjV7MpmV59A8w8eyoBc\" target=\"_blank\" rel=\"noopener\">Filehoster: LetsUpload</a> [Use <a href=\"http://jdownloader.org/jdownloader2\" target=\"_blank\" rel=\"noopener\">JDownloader2</a>]</li><li><a href=\"https://pastefg.hermietkreeft.site/?1c76c200155556b7#76nyYkipKHWwyXqQdzxYfBvdc8fLRQ36qTTudsz7qu5S\" target=\"_blank\" rel=\"noopener\">Filehoster: OneDrive</a> (Uploaded by DyR0 t(-_-t), NOT compatible with other mirrors)</li><p><!--  <li><a href=\"\" target=\"_blank\" rel=\"noopener\">Filehosters: Google Drive, OneDrive + others</a> (Uploaded by crackhub213)</li>  --></p></ul><p><a href=\"https://cs.rin.ru/forum/viewtopic.php?f=10&amp;t=95855\" target=\"_blank\" rel=\"noopener\">Discussion and (possible) future updates on CS.RIN.RU thread</a></p><h3>Screenshots (Click to enlarge)</h3><p><a target=\"_blank\" href=\"http://en.riotpixels.com/games/unity-of-command-2-blitzkrieg/screenshots/6/?utm_source=emb-gfx-html&amp;utm_medium=image&amp;utm_campaign=rp-mass\" rel=\"noopener\"><img loading=\"lazy\" width=\"178\" height=\"100\" border=\"0\" src=\"https://s01.riotpixels.net/data/89/65/8965284c-7e21-4c4d-80f3-e9f9e8e8dc29.jpg.240p.jpg\"></a><a target=\"_blank\" href=\"http://en.riotpixels.com/games/unity-of-command-2-blitzkrieg/screenshots/5/?utm_source=emb-gfx-html&amp;utm_medium=image&amp;utm_campaign=rp-mass\" rel=\"noopener\"><img loading=\"lazy\" width=\"178\" height=\"100\" border=\"0\" src=\"https://s01.riotpixels.net/data/07/c8/07c8124e-4d4e-45b0-aae2-f615a07c50be.jpg.240p.jpg\"></a><a target=\"_blank\" href=\"http://en.riotpixels.com/games/unity-of-command-2-blitzkrieg/screenshots/4/?utm_source=emb-gfx-html&amp;utm_medium=image&amp;utm_campaign=rp-mass\" rel=\"noopener\"><img loading=\"lazy\" width=\"178\" height=\"100\" border=\"0\" src=\"https://s01.riotpixels.net/data/0f/b1/0fb1a71a-b431-48a8-bb72-d1508d6aac43.jpg.240p.jpg\"></a><br><a target=\"_blank\" href=\"http://en.riotpixels.com/games/unity-of-command-2-blitzkrieg/screenshots/3/?utm_source=emb-gfx-html&amp;utm_medium=image&amp;utm_campaign=rp-mass\" rel=\"noopener\"><img loading=\"lazy\" width=\"178\" height=\"100\" border=\"0\" src=\"https://s01.riotpixels.net/data/2e/4b/2e4bef43-5dc4-4a3d-9f8b-457ff6c1216f.jpg.240p.jpg\"></a><a target=\"_blank\" href=\"http://en.riotpixels.com/games/unity-of-command-2-blitzkrieg/screenshots/2/?utm_source=emb-gfx-html&amp;utm_medium=image&amp;utm_campaign=rp-mass\" rel=\"noopener\"><img loading=\"lazy\" width=\"178\" height=\"100\" border=\"0\" src=\"https://s01.riotpixels.net/data/df/4d/df4de265-8966-4ce3-8b43-f007540f594f.jpg.240p.jpg\"></a><a target=\"_blank\" href=\"http://en.riotpixels.com/games/unity-of-command-2-blitzkrieg/screenshots/1/?utm_source=emb-gfx-html&amp;utm_medium=image&amp;utm_campaign=rp-mass\" rel=\"noopener\"><img loading=\"lazy\" width=\"178\" height=\"100\" border=\"0\" src=\"https://s01.riotpixels.net/data/2f/c3/2fc33253-e153-424b-8d24-2db09692a9e5.jpg.240p.jpg\"></a></p><h3>Repack Features</h3><ul><li>Based on Unity.of.Command.II.Stalingrad-CODEX ISO release: codex-unity.of.command.ii.stalingrad.iso (1,590,198,272 bytes)</li><li>4 DLCs are included and activated</li><li>100% Lossless &amp; MD5 Perfect: all files are identical to originals after installation</li><li>NOTHING ripped, NOTHING re-encoded</li><li>Significantly smaller archive size (compressed from 1.5 GB to 878 MB)</li><li>Installation takes 2-5 minutes (depending on your system)</li><li>After-install integrity check so you could make sure that everything installed properly</li><li>HDD space after installation: 2.7 GB</li><li>Language can be changed in game settings</li><li>Repack uses XTool library by Razor12911</li><li>At least 2 GB of free RAM (inc. virtual) required for installing this repack</li></ul><div ><div><h2>Game Description</h2></div><div ><p>Built on a brand new bespoke 3D engine, the game retains Unity of Command\u2019s signature art style and delivers highly polished fluid gameplay. Easily accessible yet hard to master, Unity of Command II is the highly anticipated sequel to the cult classic that\u2019s been turning novice players into battle-hardened grognards since 2011.</p><p>Unity of Command II lets you take command of Western Allies during the Second World War. You will manage your army\u2019s divisions as well as their supply and logistics. For the first time in Unity of Command you will face Fog of War. Reveal the unknown by capturing enemy soldiers and launching recon to gather intel on enemy troop positions. Enemy panzers will seek to capture your units\u2019 stragglers \u2014 regroup and strike back!</p><p><b><h3>Game Features</h3></b></p><ul><li>Dynamic Campaign \u2014 Rewrite the history of the Second World War with a branching campaign where no two playthroughs are alike.</li><li>Headquarters \u2014 This new feature places army headquarters on the map, from which you will direct unit reorganization, bridging and resupply. Headquarters are not only essential to reinforcing and recovering lost unit strength, but are also able to deploy special abilities such as Emergency Supply, Motorizing units using HQ trucks, and many more.</li><li>Theater Assets \u2014 This feature from the original game is greatly expanded in Unity of Command II. Wreak havoc behind enemy lines by sabotaging infrastructure. Order your aircraft to provide aerial recon, deliver devastating bombing runs, or sustain units behind enemy lines using air supply assets.</li><li>Bonus Objectives \u2014 Participate in optional history-altering \u201cwhat-if\u201d objectives \u2014 earn the opportunity to Rush for the Apennines and smash through German defenses before they dig in.</li><li>Fog of War \u2014 Deal with your enemies \u2014 but you\u2019ll have to find them first. Reveal enemy positions by capturing stragglers, upgrading the HQ and using its special abilities to uncover enemy special defense markers.</li><li>Deep Operations \u2014 Unity of Command changed the world of turn-based strategy games forever by introducing its signature feature, supply lines. Keep a watchful eye on your logistics while planning to strike deep beyond enemy lines, sever supply lines and encircle enemy units.</li><li>Accessible Scenario Editor \u2014 Unity of Command II features a full-fledged Allied campaign, with the addition of several defining battles of WWII that can be experienced from the Axis side. The game comes with a built-in scenario editor, allowing players to create and share new battlefields using the integrated Steam Workshop support.</li></ul><p><b>Included DLCs</b></p><ul><li>Blitzkrieg</li><li>Barbarossa</li><li>Moscow 41</li><li>Stalingrad</li></ul></div></div><p><b>Backwards Compatibility</b></p><p>This repack is NOT backwards compatible with my previous UoC2 repacks.</p>             </div>"
}