{
    "link": "https://fitgirl-repacks.site/urban-trial-tricky-deluxe-edition/",
    "title": "Urban Trial Tricky: Deluxe Edition",
    "first_img": "https://i5.imageban.ru/out/2021/07/23/2fd922769daec567994c03c5b1862c6e.jpg",
    "second_img": "https://s01.riotpixels.net/data/ec/5e/ec5e9855-9039-42cf-b946-595031f9fa29.jpg.240p.jpg",
    "body": "<div ><h2>Urban Trial Tricky: Deluxe Edition</h2><p ><div><a target=\"_blank\" href=\"https://en.riotpixels.com/games/urban-trial-tricky/\" rel=\"noopener\"><img class=\"alignleft\" width=\"150\" src=\"https://i5.imageban.ru/out/2021/07/23/2fd922769daec567994c03c5b1862c6e.jpg\"></a></div><br>Genres/Tags: <strong>Arcade, Side, Motorcycles, 3D</strong><br>Company: <strong>Tate Multimedia</strong><br>Languages: <strong>RUS/ENG/MULTI12</strong><br>Original Size: <strong>1 GB</strong><br>Repack Size: <strong>463 MB</strong></p>&nbsp;<div>&nbsp;</div><h3>Download Mirrors</h3><ul><li><a href=\"https://1337x.to/torrent/4928533/Urban-Trial-Tricky-Deluxe-Edition-MULTi12-FitGirl-Repack/\" target=\"_blank\" rel=\"noopener\">1337x</a> | [<a href=\"magnet:?xt=urn:btih:07AF684AB1D087C2EF8E8E6B6950615F31F38806&amp;dn=Urban+Trial+Tricky%3A+Deluxe+Edition+%28MULTi12%29+%5BFitGirl+Repack%5D&amp;tr=udp%3A%2F%2F46.148.18.250%3A2710&amp;tr=udp%3A%2F%2Fopentor.org%3A2710&amp;tr=udp%3A%2F%2Ftracker.coppersurfer.tk%3A6969%2Fannounce&amp;tr=udp%3A%2F%2Ftracker.opentrackr.org%3A1337%2Fannounce&amp;tr=http%3A%2F%2Ftracker.dler.org%3A6969%2Fannounce&amp;tr=udp%3A%2F%2Ftracker.leechers-paradise.org%3A6969%2Fannounce&amp;tr=udp%3A%2F%2F9.rarbg.me%3A2730%2Fannounce&amp;tr=udp%3A%2F%2F9.rarbg.to%3A2770%2Fannounce&amp;tr=udp%3A%2F%2Ftracker.pirateparty.gr%3A6969%2Fannounce&amp;tr=http%3A%2F%2Fretracker.local%2Fannounce&amp;tr=http%3A%2F%2Fretracker.ip.ncnet.ru%2Fannounce&amp;tr=udp%3A%2F%2Fexodus.desync.com%3A6969%2Fannounce&amp;tr=udp%3A%2F%2Fipv4.tracker.harry.lu%3A80%2Fannounce&amp;tr=udp%3A%2F%2Fopen.stealth.si%3A80%2Fannounce&amp;tr=udp%3A%2F%2Ftracker.zer0day.to%3A1337%2Fannounce&amp;tr=udp%3A%2F%2Ftracker.leechers-paradise.org%3A6969%2Fannounce&amp;tr=udp%3A%2F%2Fcoppersurfer.tk%3A6969%2Fannounce\">magnet</a>] [<a href=\"https://pastefg.hermietkreeft.site/?3d12de710fef2839#FwjmMJu1xCLZqTn1W4ELrF5jiQNXo1CrH4eHpq31wJRg\" target=\"_blank\" rel=\"noopener\">.torrent file only</a>] <br><img src=\"https://torrent-stats.info/8e6b/284546151.png\" style=\"display:block;clear:both\"></li><li><a href=\"http://rutor.info/torrent/826354/urban-trial-tricky-deluxe-edition-2021-pc-repack-ot-fitgirl\" target=\"_blank\" rel=\"noopener\">RuTor</a> [<a href=\"magnet:?xt=urn:btih:07af684ab1d087c2ef8e8e6b6950615f31f38806&amp;dn=rutor.info_Urban+Trial+Tricky%3A+Deluxe+Edition+%282021%29+PC+%7C+RePack+%D0%BE%D1%82+FitGirl&amp;tr=udp://opentor.org:2710&amp;tr=udp://opentor.org:2710&amp;tr=http://retracker.local/announce\">magnet</a>]</li><li><a href=\"https://tapochek.net/viewtopic.php?p=2790415\" target=\"_blank\" rel=\"noopener\">Tapochek.net</a></li><li><a href=\"https://pastefg.hermietkreeft.site/?45972c3f43d72dc3#5hdj4DG5yymHVr1t5FamsswpjTDjUQU1KgUBNkKK8BiM\" target=\"_blank\" rel=\"noopener\">Filehoster: MultiUpload</a> (10+ hosters, interchangeable) [Use <a href=\"http://jdownloader.org/jdownloader2\" target=\"_blank\" rel=\"noopener\">JDownloader2</a>]</li><li><a href=\"https://pastefg.hermietkreeft.site/?2d17e02e6f3a6569#7wPxLW6upLjzSq7x1kazbW2yLhGY6fBDnsEfy4fp5r9K\" target=\"_blank\" rel=\"noopener\">Filehoster: PixelDrain</a></li><li><a href=\"https://pastefg.hermietkreeft.site/?ab16056b668c6d0b#2EEBts7u7kWBAxCs71k4QSra344trDADJjhR6r61dnVB\" target=\"_blank\" rel=\"noopener\">Filehoster: ZippyShare</a></li><li><a href=\"https://pastefg.hermietkreeft.site/?c7ffeedc6aaacad8#7LrtawaJNi1xw16996rxR2hWD4SaRRdY3MsbfuPHH5LJ\" target=\"_blank\" rel=\"noopener\">Filehoster: LetsUpload</a> [Use <a href=\"http://jdownloader.org/jdownloader2\" target=\"_blank\" rel=\"noopener\">JDownloader2</a>]</li><li><a href=\"https://crackhub.site/urban-trial-tricky-deluxe-edition-fitgirl-repack/\" target=\"_blank\" rel=\"noopener\">Filehosters: Google Drive, OneDrive + others</a> (Uploaded by crackhub213)</li><li><a href=\"https://pastefg.hermietkreeft.site/?b4e74693ed8feac4#27W8bovwZFyqEfBQDbhGXqfgNSVDjwXHAFhXehxj3jhh\" target=\"_blank\" rel=\"noopener\">Filehoster: OneDrive</a> (Uploaded by DyR0 t(-_-t), NOT compatible with other mirrors)</li></ul><p><a href=\"https://cs.rin.ru/forum/viewtopic.php?f=10&amp;t=110016\" target=\"_blank\" rel=\"noopener\">Discussion and (possible) future updates on CS.RIN.RU thread</a></p><h3>Screenshots (Click to enlarge)</h3><p><a target=\"_blank\" href=\"https://en.riotpixels.com/games/urban-trial-tricky/screenshots/15/?utm_source=emb-gfx-html&amp;utm_medium=image&amp;utm_campaign=rp-mass\" rel=\"noopener\"><img loading=\"lazy\" width=\"178\" height=\"100\" border=\"0\" src=\"https://s01.riotpixels.net/data/ec/5e/ec5e9855-9039-42cf-b946-595031f9fa29.jpg.240p.jpg\"></a><a target=\"_blank\" href=\"https://en.riotpixels.com/games/urban-trial-tricky/screenshots/13/?utm_source=emb-gfx-html&amp;utm_medium=image&amp;utm_campaign=rp-mass\" rel=\"noopener\"><img loading=\"lazy\" width=\"178\" height=\"100\" border=\"0\" src=\"https://s01.riotpixels.net/data/a9/24/a924d35e-c507-4d9e-928d-d5cb407323e9.jpg.240p.jpg\"></a><a target=\"_blank\" href=\"https://en.riotpixels.com/games/urban-trial-tricky/screenshots/12/?utm_source=emb-gfx-html&amp;utm_medium=image&amp;utm_campaign=rp-mass\" rel=\"noopener\"><img loading=\"lazy\" width=\"178\" height=\"100\" border=\"0\" src=\"https://s01.riotpixels.net/data/9a/42/9a42a420-6c80-45bb-a5f2-8b621bc84177.jpg.240p.jpg\"></a><br><a target=\"_blank\" href=\"https://en.riotpixels.com/games/urban-trial-tricky/screenshots/9/?utm_source=emb-gfx-html&amp;utm_medium=image&amp;utm_campaign=rp-mass\" rel=\"noopener\"><img loading=\"lazy\" width=\"178\" height=\"100\" border=\"0\" src=\"https://s01.riotpixels.net/data/17/dc/17dc6a4f-6507-46f2-9395-d417d52e7769.jpg.240p.jpg\"></a><a target=\"_blank\" href=\"https://en.riotpixels.com/games/urban-trial-tricky/screenshots/8/?utm_source=emb-gfx-html&amp;utm_medium=image&amp;utm_campaign=rp-mass\" rel=\"noopener\"><img loading=\"lazy\" width=\"178\" height=\"100\" border=\"0\" src=\"https://s01.riotpixels.net/data/ee/52/ee52b47f-b4d4-442e-b57c-b5f348bfa1f9.jpg.240p.jpg\"></a><a target=\"_blank\" href=\"https://en.riotpixels.com/games/urban-trial-tricky/screenshots/7/?utm_source=emb-gfx-html&amp;utm_medium=image&amp;utm_campaign=rp-mass\" rel=\"noopener\"><img loading=\"lazy\" width=\"178\" height=\"100\" border=\"0\" src=\"https://s01.riotpixels.net/data/04/8d/048d33ec-8af2-4446-b58e-9ac4c1c1dc6e.jpg.240p.jpg\"></a></p><h3>Repack Features</h3><ul><li>Based on Urban.Trial.Tricky.Deluxe.Edition-DOGE ISO release: wow-urban.trial.tricky.deluxe.edition.iso (1,097,213,952 bytes)</li><li>Alternative CODEX crack/emu is available in NoDVD folder in case you have problems with controller, thanks to valtrix1982!</li><li>100% Lossless &amp; MD5 Perfect: all files are identical to originals after installation</li><li>NOTHING ripped, NOTHING re-encoded</li><li>Significantly smaller archive size (compressed from 1 GB to 463 MB)</li><li>Installation takes one minutes</li><li>After-install integrity check so you could make sure that everything installed properly</li><li>HDD space after installation: 1.1 GB</li><li>Language can be changed in game settings</li><li>Repack uses XTool library by Razor12911</li><li>At least 2 GB of free RAM (inc. virtual) required for installing this repack</li></ul><div ><div><h2>Game Description</h2></div><div ><b>ALRIGHT! URBAN TRIAL TRICKY DELUXE EDITION IS HERE!</b><br>Now you can fully express yourself while exploring the urban jungle. With the full package of motorbike tricks, style, and extreme levels you will become unstoppable!<p><b>BECOME A CRAZY TRICKSTER!</b><br>Grab your seat and pull off the most savage tricks and combos on your motorbike. Ride freely, spin around in the air, go back and forth and let yourself be carried away by the fun, fast-paced gameplay, colorful visuals, and smooth controls.</p><p><b>GET STYLISH!</b><br>Learn new freestyle, breakdance and FMX moves to fit your own style. Unlock crazy costumes and customize your motorbike at will.</p><p><b>PUSH YOURSELF AND OTHERS TO GREATNESS!</b><br>Complete challenges and master countless outstanding maneuvers and tricks to rule the leaderboards.</p><p><b>Urban Trial Tricky Deluxe Edition:</b> includes six additional savage customization options each with new rider skin, signature special trick, and the matching motorbike paint job.</p><p><b><h3>Game Features</h3></b></p><ul><li>Exciting light-hearted casual gameplay</li><li>Crazy mix of tricks, platforming, and racing</li><li>Killer tricks to combine in countless combos</li><li>Super-smooth experience</li><li>3 single-player modes</li><li>Over 30 levels + side challenges</li><li>Savage customization options</li><li>Leaderboards to rule</li><li>Infinite gameplay</li><li>More freedom, more fun. Riding in both directions.</li></ul></div></div>             </div>"
}