{
    "link": "https://fitgirl-repacks.site/vagrus-the-riven-realms/",
    "title": "Vagrus: The Riven Realms \u2013 v1.0.00.1004H",
    "first_img": "https://i1.imageban.ru/out/2021/10/09/83ef63ac2489dabed5523e57fbdca3c0.jpg",
    "second_img": "https://s01.riotpixels.net/data/17/7a/177aee5f-4094-448f-b352-27eb09ea0330.jpg.240p.jpg",
    "body": "<div ><h2>Vagrus: The Riven Realms \u2013 v1.0.00.1004H</h2><p ><div><a target=\"_blank\" href=\"https://en.riotpixels.com/games/vagrus-the-riven-realms/\" rel=\"noopener\"><img class=\"alignleft\" width=\"150\" src=\"https://i1.imageban.ru/out/2021/10/09/83ef63ac2489dabed5523e57fbdca3c0.jpg\"></a></div><br>Genres/Tags: <strong>RPG, Isometric, Strategy, Post-apocalyptic, Turn-based, 2D</strong><br>Company: <strong>Lost Pilgrims Studio</strong><br>Language: <strong>ENG</strong><br>Original Size: <strong>1.3 GB</strong><br>Repack Size: <strong>820 MB</strong></p>&nbsp;<div>&nbsp;</div><h3>Download Mirrors</h3><ul><li><a href=\"https://1337x.to/torrent/5011500/Vagrus-The-Riven-Realms-v1-0-00-1004H-FitGirl-Repack/\" target=\"_blank\" rel=\"noopener\">1337x</a> | [<a href=\"magnet:?xt=urn:btih:84F63050C4603BE6418683AC145E97A981D1F998&amp;dn=Vagrus%3A+The+Riven+Realms+%28v1.0.00.1004H%29+%5BFitGirl+Repack%5D&amp;tr=udp%3A%2F%2F46.148.18.250%3A2710&amp;tr=udp%3A%2F%2Fopentor.org%3A2710&amp;tr=udp%3A%2F%2Ftracker.coppersurfer.tk%3A6969%2Fannounce&amp;tr=udp%3A%2F%2Ftracker.opentrackr.org%3A1337%2Fannounce&amp;tr=http%3A%2F%2Ftracker.dler.org%3A6969%2Fannounce&amp;tr=udp%3A%2F%2Ftracker.leechers-paradise.org%3A6969%2Fannounce&amp;tr=udp%3A%2F%2F9.rarbg.me%3A2730%2Fannounce&amp;tr=udp%3A%2F%2F9.rarbg.to%3A2770%2Fannounce&amp;tr=udp%3A%2F%2Ftracker.pirateparty.gr%3A6969%2Fannounce&amp;tr=http%3A%2F%2Fretracker.local%2Fannounce&amp;tr=http%3A%2F%2Fretracker.ip.ncnet.ru%2Fannounce&amp;tr=udp%3A%2F%2Fexodus.desync.com%3A6969%2Fannounce&amp;tr=udp%3A%2F%2Fipv4.tracker.harry.lu%3A80%2Fannounce&amp;tr=udp%3A%2F%2Fopen.stealth.si%3A80%2Fannounce&amp;tr=udp%3A%2F%2Ftracker.zer0day.to%3A1337%2Fannounce&amp;tr=udp%3A%2F%2Ftracker.leechers-paradise.org%3A6969%2Fannounce&amp;tr=udp%3A%2F%2Fcoppersurfer.tk%3A6969%2Fannounce\">magnet</a>] [<a href=\"https://pastefg.hermietkreeft.site/?0e25460cda5072c6#c3tCVEKBpCaafZ6S9zCmZBdiAJPtE17Hgy6hJdAJEQx\" target=\"_blank\" rel=\"noopener\">.torrent file only</a>] <br><img src=\"https://torrent-stats.info/83ac/25e53061c.png\" style=\"display:block;clear:both\"></li><li><a href=\"https://tapochek.net/viewtopic.php?p=2804927\" target=\"_blank\" rel=\"noopener\">Tapochek.net</a></li><li><a href=\"https://pastefg.hermietkreeft.site/?336e3892279150eb#ByJDxyyxumjzR7EDcuy2JK5HhJDam6H1vMW62BpHpqcA\" target=\"_blank\" rel=\"noopener\">Filehoster: MultiUpload</a> (10+ hosters, interchangeable) [Use <a href=\"http://jdownloader.org/jdownloader2\" target=\"_blank\" rel=\"noopener\">JDownloader2</a>]</li><li><a href=\"https://pastefg.hermietkreeft.site/?e75ca38349311ed3#wmRPbDPKvGuBn3gCR5XqjKgQdQVCaB9TwEGgkbx8hcq\" target=\"_blank\" rel=\"noopener\">Filehoster: PixelDrain</a></li><li><a href=\"https://pastefg.hermietkreeft.site/?d02c7a89e8114fbc#BkerDDnij3w7jN4VueBjZY8V94LkgXf75q3Qy6iEkLhe\" target=\"_blank\" rel=\"noopener\">Filehoster: ZippyShare</a></li><li><a href=\"https://pastefg.hermietkreeft.site/?6c94869e901bf1f0#BmcU2KbWrGZkv2Hif47aSKPVeKDKk7LgDPwEDbKDan3g\" target=\"_blank\" rel=\"noopener\">Filehoster: LetsUpload</a> [Use <a href=\"http://jdownloader.org/jdownloader2\" target=\"_blank\" rel=\"noopener\">JDownloader2</a>]</li><li><a href=\"https://pastefg.hermietkreeft.site/?09365f9b244f1580#ALnU8ebojWmdmThWt7FAzYCFrXV8x7YsarKnKLoxYD3k\" target=\"_blank\" rel=\"noopener\">Filehoster: OneDrive</a> (Uploaded by DyR0 t(-_-t), NOT compatible with other mirrors)</li></ul><p><a href=\"https://cs.rin.ru/forum/viewtopic.php?f=10&amp;t=91255\" target=\"_blank\" rel=\"noopener\">Discussion and (possible) future updates on CS.RIN.RU thread</a></p><h3>Screenshots (Click to enlarge)</h3><p><a target=\"_blank\" href=\"https://en.riotpixels.com/games/vagrus-the-riven-realms/screenshots/19/?utm_source=emb-gfx-html&amp;utm_medium=image&amp;utm_campaign=rp-mass\" rel=\"noopener\"><img loading=\"lazy\" width=\"178\" height=\"100\" border=\"0\" src=\"https://s01.riotpixels.net/data/17/7a/177aee5f-4094-448f-b352-27eb09ea0330.jpg.240p.jpg\"></a><a target=\"_blank\" href=\"https://en.riotpixels.com/games/vagrus-the-riven-realms/screenshots/15/?utm_source=emb-gfx-html&amp;utm_medium=image&amp;utm_campaign=rp-mass\" rel=\"noopener\"><img loading=\"lazy\" width=\"178\" height=\"100\" border=\"0\" src=\"https://s01.riotpixels.net/data/73/95/7395dabb-4d25-4f75-9e06-7bf45543c59b.jpg.240p.jpg\"></a><a target=\"_blank\" href=\"https://en.riotpixels.com/games/vagrus-the-riven-realms/screenshots/14/?utm_source=emb-gfx-html&amp;utm_medium=image&amp;utm_campaign=rp-mass\" rel=\"noopener\"><img loading=\"lazy\" width=\"178\" height=\"100\" border=\"0\" src=\"https://s01.riotpixels.net/data/71/2f/712fd7c9-3f16-4d35-979e-b0d540c1c006.jpg.240p.jpg\"></a><br><a target=\"_blank\" href=\"https://en.riotpixels.com/games/vagrus-the-riven-realms/screenshots/5/?utm_source=emb-gfx-html&amp;utm_medium=image&amp;utm_campaign=rp-mass\" rel=\"noopener\"><img loading=\"lazy\" width=\"178\" height=\"100\" border=\"0\" src=\"https://s01.riotpixels.net/data/66/28/6628eb0b-adc5-43eb-8d33-01984588f7e8.jpg.240p.jpg\"></a><a target=\"_blank\" href=\"https://en.riotpixels.com/games/vagrus-the-riven-realms/screenshots/4/?utm_source=emb-gfx-html&amp;utm_medium=image&amp;utm_campaign=rp-mass\" rel=\"noopener\"><img loading=\"lazy\" width=\"178\" height=\"100\" border=\"0\" src=\"https://s01.riotpixels.net/data/8e/01/8e01bfcd-8eb2-422e-a9f6-09187a20bd93.jpg.240p.jpg\"></a><a target=\"_blank\" href=\"https://en.riotpixels.com/games/vagrus-the-riven-realms/screenshots/3/?utm_source=emb-gfx-html&amp;utm_medium=image&amp;utm_campaign=rp-mass\" rel=\"noopener\"><img loading=\"lazy\" width=\"178\" height=\"100\" border=\"0\" src=\"https://s01.riotpixels.net/data/cf/63/cf633643-2541-475a-b58b-ffdedb912bed.jpg.240p.jpg\"></a></p><h3>Repack Features</h3><ul><li>Based on Vagrus.The.Riven.Realms-CODEX ISO release: codex-vagrus.the.riven.realms.iso (1,394,180,096 bytes)</li><li>100% Lossless &amp; MD5 Perfect: all files are identical to originals after installation</li><li>NOTHING ripped, NOTHING re-encoded</li><li>Significantly smaller archive size (compressed from 1.3 GB to 820 MB)</li><li>Installation takes two minutes</li><li>After-install integrity check so you could make sure that everything installed properly</li><li>HDD space after installation: 4.7 GB</li><li>At least 2 GB of free RAM (inc. virtual) required for installing this repack</li></ul><div ><div><h2>Game Description</h2></div><div >Vagrus is an award-winning roleplaying game with a narrative focus, open-world exploration, and strong elements of strategy. The player takes the role of a vagrus \u2013 a caravan leader who strives to survive in a strange and dangerous dark fantasy world by leading a traveling company on all kinds of ventures.<p><b><h3>Game Features</h3></b></p><ul><li><b>A Dark Realm:</b> A vast realm is yours to explore, filled with unique locations, strange factions, and a colorful cast of characters. In order to punish the Empire for its sins, the Elder Gods unleashed their power a thousand years ago that ended up devastating the realms. The continent is now a wasteland, riddled with arcane anomalies, swarming with twisted monsters, and haunted by roaming undead even after long centuries of rebuilding.</li><li><b>Branching Narrative:</b> A large selection of stories make up the game\u2019s narrative in the form of events and quests. The choices you make in these often affect your companions and the world around you. Pick your background from trader, mercenary, or explorer; work for factions, follow rumors and trading opportunities; acquire wealth, gain fame, and discover hidden knowledge.</li><li><b>Turn-Based Combat:</b> Engage in turn-based, tactical combat that involves your companions and a large variety of enemies, both humanoid and monstrous. Use a wide range of character skills as well as your own leadership-related abilities to succeed. Positioning and support skills are of paramount importance in these challenging engagements.</li><li><b>Resource Management:</b> Journeys have to be planned and prepared for carefully, lest they end in disaster. Manage your supplies, morale, and your crew\u2019s vigor effectively to survive. Haul cargo and valuables across the wasteland or take it from others. Your crew of workers, fighters, scouts, and slaves have to be managed well to optimize their effectiveness.</li><li><b>Unique Companions:</b> A wide variety of companions can work for you in versatile caravan roles, such as scoutmaster, guard captain, treasure hunter, or beast handler. Each companion comes with unique combat skills, background stories, and personal quest lines that can upgrade them further when you complete them.</li><li><b>Powerful Factions:</b> Ally yourself with mighty factions that shape the Riven Realms with their influence on commerce, brutal wars, and constant scheming. From prosperous Trading Houses to criminal syndicates and religious organizations, these groups offer powerful rewards and boons to those loyal to their cause. But take heed \u2013 befriending a faction will more than likely antagonize others.</li></ul></div></div>             </div>"
}