{
    "link": "https://fitgirl-repacks.site/vengeance/",
    "title": "Vengeance: Supporter Edition \u2013 v2.0 + DLC",
    "first_img": "https://i5.imageban.ru/out/2021/07/09/066f7cbef57ea14b3a478788c087b540.jpg",
    "second_img": "https://s01.riotpixels.net/data/12/54/1254c799-a79a-4c8e-966a-a7ad8e35ca2b.jpg.240p.jpg",
    "body": "<div ><h2>Vengeance: Supporter Edition \u2013 v2.0 + DLC</h2><p ><div><a target=\"_blank\" href=\"https://en.riotpixels.com/games/vengeance/\" rel=\"noopener\"><img class=\"alignleft\" width=\"150\" src=\"https://i5.imageban.ru/out/2021/07/09/066f7cbef57ea14b3a478788c087b540.jpg\"></a></div><br>Genres/Tags: <strong>Action, Shooter, First-person, 3D</strong><br>Company: <strong>314 Arts</strong><br>Language: <strong>ENG</strong><br>Original Size: <strong>5 GB</strong><br>Repack Size: <strong>3.2 GB</strong></p>&nbsp;<div>&nbsp;</div><h3>Download Mirrors</h3><ul><li><a href=\"https://1337x.to/torrent/4914390/Vengeance-Supporter-Edition-v2-0-DLC-FitGirl-Repack/\" target=\"_blank\" rel=\"noopener\">1337x</a> | [<a href=\"magnet:?xt=urn:btih:F4B3A2D42F16234A409B43DBD86B69682C3D0619&amp;dn=Vengeance%3A+Supporter+Edition+%28v2.0+%2B+DLC%29+%5BFitGirl+Repack%5D&amp;tr=udp%3A%2F%2F46.148.18.250%3A2710&amp;tr=udp%3A%2F%2Fopentor.org%3A2710&amp;tr=udp%3A%2F%2Ftracker.coppersurfer.tk%3A6969%2Fannounce&amp;tr=udp%3A%2F%2Ftracker.opentrackr.org%3A1337%2Fannounce&amp;tr=http%3A%2F%2Ftracker.dler.org%3A6969%2Fannounce&amp;tr=udp%3A%2F%2Ftracker.leechers-paradise.org%3A6969%2Fannounce&amp;tr=udp%3A%2F%2F9.rarbg.me%3A2730%2Fannounce&amp;tr=udp%3A%2F%2F9.rarbg.to%3A2770%2Fannounce&amp;tr=udp%3A%2F%2Ftracker.pirateparty.gr%3A6969%2Fannounce&amp;tr=http%3A%2F%2Fretracker.local%2Fannounce&amp;tr=http%3A%2F%2Fretracker.ip.ncnet.ru%2Fannounce&amp;tr=udp%3A%2F%2Fexodus.desync.com%3A6969%2Fannounce&amp;tr=udp%3A%2F%2Fipv4.tracker.harry.lu%3A80%2Fannounce&amp;tr=udp%3A%2F%2Fopen.stealth.si%3A80%2Fannounce&amp;tr=udp%3A%2F%2Ftracker.zer0day.to%3A1337%2Fannounce&amp;tr=udp%3A%2F%2Ftracker.leechers-paradise.org%3A6969%2Fannounce&amp;tr=udp%3A%2F%2Fcoppersurfer.tk%3A6969%2Fannounce\">magnet</a>] [<a href=\"https://pastefg.hermietkreeft.site/?ea2aadfbbf4de5ab#6KXp7t6WSXJ5F4njWx1N9B6pLnJ6yfMj58DWKCRmxZ87\" target=\"_blank\" rel=\"noopener\">.torrent file only</a>] <br><img src=\"https://torrent-stats.info/43db/132382698.png\" style=\"display:block;clear:both\"></li><li><a href=\"https://tapochek.net/viewtopic.php?p=2788101\" target=\"_blank\" rel=\"noopener\">Tapochek.net</a></li><li><a href=\"https://pastefg.hermietkreeft.site/?4a11658dab07f18d#AuQj99HspNsdoymApq5Dh3HBVeFayPther1gxzuMjLx9\" target=\"_blank\" rel=\"noopener\">Filehoster: MultiUpload</a> (10+ hosters, interchangeable) [Use <a href=\"http://jdownloader.org/jdownloader2\" target=\"_blank\" rel=\"noopener\">JDownloader2</a>]</li><li><a href=\"https://pastefg.hermietkreeft.site/?d43c246945c75fe3#26nEDrYBMYwgWyxtgFJLM2iSpESF6GWLpnH2VSFqigDn\" target=\"_blank\" rel=\"noopener\">Filehoster: PixelDrain</a></li><li><a href=\"https://pastefg.hermietkreeft.site/?ffd927c9c6eae5c9#FzvyXhwEkoT5yz3mGH8bh6f868pyfet41VaPUtT7ibtJ\" target=\"_blank\" rel=\"noopener\">Filehoster: LetsUpload</a> [Use <a href=\"http://jdownloader.org/jdownloader2\" target=\"_blank\" rel=\"noopener\">JDownloader2</a>]</li><li><a href=\"https://crackhub.site/vengeance-supporter-edition-v2-0-dlc-fitgirl-repack/\" target=\"_blank\" rel=\"noopener\">Filehosters: Google Drive, OneDrive + others</a> (Uploaded by crackhub213)</li><li><a href=\"https://pastefg.hermietkreeft.site/?dcd9160f7078af79#BFKZ1GoHDzWPhye3At4Ex77onsTkX3fnPRfuQNQEThha\" target=\"_blank\" rel=\"noopener\">Filehoster: OneDrive</a> (Uploaded by DyR0 t(-_-t), NOT compatible with other mirrors)</li></ul><p><a href=\"https://cs.rin.ru/forum/viewtopic.php?f=10&amp;t=74236\" target=\"_blank\" rel=\"noopener\">Discussion and (possible) future updates on CS.RIN.RU thread</a></p><h3>Screenshots (Click to enlarge)</h3><p><a target=\"_blank\" href=\"https://en.riotpixels.com/games/vengeance/screenshots/10/?utm_source=emb-gfx-html&amp;utm_medium=image&amp;utm_campaign=rp-mass\" rel=\"noopener\"><img loading=\"lazy\" width=\"178\" height=\"100\" border=\"0\" src=\"https://s01.riotpixels.net/data/12/54/1254c799-a79a-4c8e-966a-a7ad8e35ca2b.jpg.240p.jpg\"></a><a target=\"_blank\" href=\"https://en.riotpixels.com/games/vengeance/screenshots/8/?utm_source=emb-gfx-html&amp;utm_medium=image&amp;utm_campaign=rp-mass\" rel=\"noopener\"><img loading=\"lazy\" width=\"178\" height=\"100\" border=\"0\" src=\"https://s01.riotpixels.net/data/12/63/1263ef09-4c6f-437e-a815-9ed214c024cc.jpg.240p.jpg\"></a><a target=\"_blank\" href=\"https://en.riotpixels.com/games/vengeance/screenshots/7/?utm_source=emb-gfx-html&amp;utm_medium=image&amp;utm_campaign=rp-mass\" rel=\"noopener\"><img loading=\"lazy\" width=\"178\" height=\"100\" border=\"0\" src=\"https://s01.riotpixels.net/data/d3/1c/d31c37a8-2b96-4a34-bea5-6327f0de26b4.jpg.240p.jpg\"></a><br><a target=\"_blank\" href=\"https://en.riotpixels.com/games/vengeance/screenshots/6/?utm_source=emb-gfx-html&amp;utm_medium=image&amp;utm_campaign=rp-mass\" rel=\"noopener\"><img loading=\"lazy\" width=\"178\" height=\"100\" border=\"0\" src=\"https://s01.riotpixels.net/data/eb/73/eb730bd1-72ce-45e5-82e7-68a485840adf.jpg.240p.jpg\"></a><a target=\"_blank\" href=\"https://en.riotpixels.com/games/vengeance/screenshots/4/?utm_source=emb-gfx-html&amp;utm_medium=image&amp;utm_campaign=rp-mass\" rel=\"noopener\"><img loading=\"lazy\" width=\"178\" height=\"100\" border=\"0\" src=\"https://s01.riotpixels.net/data/99/54/9954ae83-d5ad-4edb-84a7-917e22e58d76.jpg.240p.jpg\"></a><a target=\"_blank\" href=\"https://en.riotpixels.com/games/vengeance/screenshots/2/?utm_source=emb-gfx-html&amp;utm_medium=image&amp;utm_campaign=rp-mass\" rel=\"noopener\"><img loading=\"lazy\" width=\"178\" height=\"100\" border=\"0\" src=\"https://s01.riotpixels.net/data/64/80/64801947-586a-4d4e-b9a0-90cc2f54c5d3.jpg.240p.jpg\"></a></p><h3>Repack Features</h3><ul><li>Based on Vengeance.v2.0-PLAZA ISO release: plaza-vengeance.v2.0.iso (5,370,085,376 bytes)</li><li>Supported Pack DLC is included and activated, game version is: v2.0</li><li>100% Lossless &amp; MD5 Perfect: all files are identical to originals after installation</li><li>NOTHING ripped, NOTHING re-encoded</li><li>Significantly smaller archive size (compressed from 5 to 3.2 GB)</li><li>Installation takes 2-4 minutes</li><li>After-install integrity check so you could make sure that everything installed properly</li><li>HDD space after installation: 12.8 GB</li><li>At least 2 GB of free RAM (inc. virtual) required for installing this repack</li></ul><div ><div><h2>Game Description</h2></div><div ><b>Play Fast Play The Past</b><br>Vengeance is an old-modern-school shooter. Paradox! But not quite:<p>Today\u2019s modern shooters feature a lot of microtransactions and loot boxes in most cases. Vengeance does not feature any of that! If you liked online shooter from the 2007-era, you will absolutely love Vengeance!</p><p>Enjoy four different game modes like FFA, Domination, Team Deathmatch, and Gungame.</p><p><b>Small Chaotic Maps</b><br>The idea was to make Vengeance as fast as possible and dying not painful. After you died, you can respawn directly without waiting. </p><p>The five maps a very small, very chaotic, so you have to be the type of player who wants nonstop action!</p><p><b>Your Playstyle Your Weapon</b><br>Choose one of the 20 weapons we\u2019re offering. From MPs to Shotguns, we have it! Enjoy every second of the recoil!</p><p><b>No Players No Problem</b><br>You don\u2019t find a match? No Problem Vengeance offers full bot support. That means you can rank up and unlock weapons even without playing against real players!</p><p><b>Not Convinced?</b><br>No problem, feel free to try out the official <b>Vengeance Demo</b> version. This version offers every map of the game but only two weapons like the M4 and P350. [Store page: https://store.steampowered.com/app/384960/Vengeance/]</p></div></div>             </div>"
}