{
    "link": "https://fitgirl-repacks.site/vesper/",
    "title": "Vesper",
    "first_img": "https://i3.imageban.ru/out/2021/07/31/badc94d274a05ee4c8aaed092a03c3bb.jpg",
    "second_img": "https://s01.riotpixels.net/data/7f/0d/7f0d12c4-e625-4974-b604-504b10de7ecf.jpg.240p.jpg",
    "body": "<div ><h2>Vesper</h2><p ><div><a target=\"_blank\" href=\"https://en.riotpixels.com/games/vesper/\" rel=\"noopener\"><img class=\"alignleft\" width=\"150\" src=\"https://i3.imageban.ru/out/2021/07/31/badc94d274a05ee4c8aaed092a03c3bb.jpg\"></a></div><br>Genres/Tags: <strong>Arcade, Platform adventure, Side, 2D</strong><br>Companies: <strong>Cordens Interactive, Deck13, Mayflower Entertainment</strong><br>Languages: <strong>ENG/MULTI6</strong><br>Original Size: <strong>876 MB</strong><br>Repack Size: <strong>626 MB</strong></p>&nbsp;<div>&nbsp;</div><h3>Download Mirrors</h3><ul><li><a href=\"https://1337x.to/torrent/4937645/Vesper-MULTi6-FitGirl-Repack/\" target=\"_blank\" rel=\"noopener\">1337x</a> | [<a href=\"magnet:?xt=urn:btih:98C3EA2F863C52A207D2A0DB91E75C3535D38FED&amp;dn=Vesper+%28MULTi6%29+%5BFitGirl+Repack%5D&amp;tr=udp%3A%2F%2F46.148.18.250%3A2710&amp;tr=udp%3A%2F%2Fopentor.org%3A2710&amp;tr=udp%3A%2F%2Ftracker.coppersurfer.tk%3A6969%2Fannounce&amp;tr=udp%3A%2F%2Ftracker.opentrackr.org%3A1337%2Fannounce&amp;tr=http%3A%2F%2Ftracker.dler.org%3A6969%2Fannounce&amp;tr=udp%3A%2F%2Ftracker.leechers-paradise.org%3A6969%2Fannounce&amp;tr=udp%3A%2F%2F9.rarbg.me%3A2730%2Fannounce&amp;tr=udp%3A%2F%2F9.rarbg.to%3A2770%2Fannounce&amp;tr=udp%3A%2F%2Ftracker.pirateparty.gr%3A6969%2Fannounce&amp;tr=http%3A%2F%2Fretracker.local%2Fannounce&amp;tr=http%3A%2F%2Fretracker.ip.ncnet.ru%2Fannounce&amp;tr=udp%3A%2F%2Fexodus.desync.com%3A6969%2Fannounce&amp;tr=udp%3A%2F%2Fipv4.tracker.harry.lu%3A80%2Fannounce&amp;tr=udp%3A%2F%2Fopen.stealth.si%3A80%2Fannounce&amp;tr=udp%3A%2F%2Ftracker.zer0day.to%3A1337%2Fannounce&amp;tr=udp%3A%2F%2Ftracker.leechers-paradise.org%3A6969%2Fannounce&amp;tr=udp%3A%2F%2Fcoppersurfer.tk%3A6969%2Fannounce\">magnet</a>] [<a href=\"https://pastefg.hermietkreeft.site/?e1038ad94b907e4a#5s9TCQaemjdUBUz46efXEua6LaWk2vvW4RQtLDwLYz6a\" target=\"_blank\" rel=\"noopener\">.torrent file only</a>] <br><img src=\"https://torrent-stats.info/a0db/2d9115aba.png\" style=\"display:block;clear:both\"></li><li><a href=\"http://rutor.info/torrent/827487/vesper-2021-pc-repack-ot-fitgirl\" target=\"_blank\" rel=\"noopener\">RuTor</a> [<a href=\"magnet:?xt=urn:btih:98c3ea2f863c52a207d2a0db91e75c3535d38fed&amp;dn=rutor.info_Vesper+%282021%29+PC+%7C+RePack+%D0%BE%D1%82+FitGirl&amp;tr=udp://opentor.org:2710&amp;tr=udp://opentor.org:2710&amp;tr=http://retracker.local/announce\">magnet</a>]</li><li><a href=\"https://tapochek.net/viewtopic.php?p=2791815\" target=\"_blank\" rel=\"noopener\">Tapochek.net</a></li><li><a href=\"https://pastefg.hermietkreeft.site/?1689cc9f984b08f1#9MqMrH12j9q964NQ3zQnCLoQDjowCfdgsM2MSsQKLVjB\" target=\"_blank\" rel=\"noopener\">Filehoster: MultiUpload</a> (10+ hosters, interchangeable) [Use <a href=\"http://jdownloader.org/jdownloader2\" target=\"_blank\" rel=\"noopener\">JDownloader2</a>]</li><li><a href=\"https://pastefg.hermietkreeft.site/?7f58d71aa93ebc4f#Fwjep7PK4hHtS5C9HVj8awiH9hEnLLUAkHfRuJ6CAiP\" target=\"_blank\" rel=\"noopener\">Filehoster: PixelDrain</a></li><li><a href=\"https://pastefg.hermietkreeft.site/?1a20fa1f666937b5#DrRS6eSrGyCNXfwaox7kqNghAHuFmZTVSsnxJpvqvMMS\" target=\"_blank\" rel=\"noopener\">Filehoster: ZippyShare</a></li><li><a href=\"https://pastefg.hermietkreeft.site/?e073e225c2a52f57#BYez155EHFqwgrDidXvXHy4Qay6gYBm8ErEnt51A1KBZ\" target=\"_blank\" rel=\"noopener\">Filehoster: LetsUpload</a> [Use <a href=\"http://jdownloader.org/jdownloader2\" target=\"_blank\" rel=\"noopener\">JDownloader2</a>]</li><li><a href=\"https://crackhub.site/vesper-fitgirl-repack/\" target=\"_blank\" rel=\"noopener\">Filehosters: Google Drive, OneDrive + others</a> (Uploaded by crackhub213)</li><li><a href=\"https://pastefg.hermietkreeft.site/?c41b226ce622c5d8#8QXWMxbMyVg3HuSasqCdb8opoKgQjpBSr4vCHyg6ybMk\" target=\"_blank\" rel=\"noopener\">Filehoster: OneDrive</a> (Uploaded by DyR0 t(-_-t), NOT compatible with other mirrors)</li></ul><p><a href=\"https://cs.rin.ru/forum/viewtopic.php?f=10&amp;t=107477\" target=\"_blank\" rel=\"noopener\">Discussion and (possible) future updates on CS.RIN.RU thread</a></p><h3>Screenshots (Click to enlarge)</h3><p><a target=\"_blank\" href=\"https://en.riotpixels.com/games/vesper/screenshots/15/?utm_source=emb-gfx-html&amp;utm_medium=image&amp;utm_campaign=rp-mass\" rel=\"noopener\"><img loading=\"lazy\" width=\"178\" height=\"100\" border=\"0\" src=\"https://s01.riotpixels.net/data/7f/0d/7f0d12c4-e625-4974-b604-504b10de7ecf.jpg.240p.jpg\"></a><a target=\"_blank\" href=\"https://en.riotpixels.com/games/vesper/screenshots/12/?utm_source=emb-gfx-html&amp;utm_medium=image&amp;utm_campaign=rp-mass\" rel=\"noopener\"><img loading=\"lazy\" width=\"178\" height=\"100\" border=\"0\" src=\"https://s01.riotpixels.net/data/34/58/34585d57-5117-4318-97fa-d462e2a0dd68.jpg.240p.jpg\"></a><a target=\"_blank\" href=\"https://en.riotpixels.com/games/vesper/screenshots/11/?utm_source=emb-gfx-html&amp;utm_medium=image&amp;utm_campaign=rp-mass\" rel=\"noopener\"><img loading=\"lazy\" width=\"178\" height=\"100\" border=\"0\" src=\"https://s01.riotpixels.net/data/28/00/2800f579-b276-477a-bbce-6498b603775d.jpg.240p.jpg\"></a><br><a target=\"_blank\" href=\"https://en.riotpixels.com/games/vesper/screenshots/9/?utm_source=emb-gfx-html&amp;utm_medium=image&amp;utm_campaign=rp-mass\" rel=\"noopener\"><img loading=\"lazy\" width=\"178\" height=\"100\" border=\"0\" src=\"https://s01.riotpixels.net/data/64/7e/647e694a-a6b9-4cf0-beb6-f138ec6bad3b.jpg.240p.jpg\"></a><a target=\"_blank\" href=\"https://en.riotpixels.com/games/vesper/screenshots/6/?utm_source=emb-gfx-html&amp;utm_medium=image&amp;utm_campaign=rp-mass\" rel=\"noopener\"><img loading=\"lazy\" width=\"178\" height=\"100\" border=\"0\" src=\"https://s01.riotpixels.net/data/e6/74/e674b2b4-ef22-44b3-a9b0-ce1c8a9de46b.jpg.240p.jpg\"></a><a target=\"_blank\" href=\"https://en.riotpixels.com/games/vesper/screenshots/3/?utm_source=emb-gfx-html&amp;utm_medium=image&amp;utm_campaign=rp-mass\" rel=\"noopener\"><img loading=\"lazy\" width=\"178\" height=\"100\" border=\"0\" src=\"https://s01.riotpixels.net/data/79/b1/79b1ebc7-7ca9-479d-addc-e67424d9d51f.jpg.240p.jpg\"></a></p><h3>Repack Features</h3><ul><li>Based on Vesper-PLAZA ISO release: plaza-vesper.iso (918,487,040 bytes)</li><li>100% Lossless &amp; MD5 Perfect: all files are identical to originals after installation</li><li>NOTHING ripped, NOTHING re-encoded</li><li>Slightly smaller archive size (compressed from 876 to 626 MB)</li><li>Installation takes 2 minutes</li><li>After-install integrity check so you could make sure that everything installed properly</li><li>HDD space after installation: 2.9 GB</li><li>Language can be changed in game settings</li><li>At least 2 GB of free RAM (inc. virtual) required for installing this repack</li></ul><div ><div><h2>Game Description</h2></div><div ><b>About:</b><br>Vesper is a new inspired take on classic 90\u2019s atmospheric platformers, with an emphasis on stealth and modern puzzle mechanics. Seven is a small android, lost on an eerie planet full of perils and traces of an ancient civilization \u2013 with no powers and no ability to defeat enemies until he finds the Drive Gun, a weapon used to absorb lights, create darkness, and control minds.<p><b>Escape:</b><br>Frantic chases from relentless machines force you to take decisions in the blink of an eye.<br>Hide from your pursuers and sneak through enemy lines to reach your objective.</p><p><b>Absorb:</b><br>Use the Drive Gun to absorb light from various sources and create dark spots in which you can hide.<br>Inject absorbed light into machineries to open portals and activate deadly traps.</p><p><b>Control:</b><br>Control your opponents with light and dispose of them after have exploited their abilities.</p><p>Take control of your destiny and decide the future of the Android\u2019s race.</p></div></div>             </div>"
}