{
    "link": "https://fitgirl-repacks.site/vigil-the-longest-night/",
    "title": "Vigil: The Longest Night \u2013 Build 7242083 (ASOMROF Update)",
    "first_img": "https://i5.imageban.ru/out/2021/11/02/88faedcc32ad781008b62731772260eb.jpg",
    "second_img": "https://s01.riotpixels.net/data/90/91/90917887-8a93-4abb-bbd4-0d9d42612d6c.jpg.240p.jpg",
    "body": "<div ><h2>Vigil: The Longest Night \u2013 Build 7242083 (ASOMROF Update)</h2><p ><div><a target=\"_blank\" href=\"https://en.riotpixels.com/games/vigil-the-longest-night/\" rel=\"noopener\"><img class=\"alignleft\" width=\"150\" src=\"https://i5.imageban.ru/out/2021/11/02/88faedcc32ad781008b62731772260eb.jpg\"></a></div><br>Genres/Tags: <strong>Arcade, Jump and run, Side, 3D</strong><br>Companies: <strong>Glass Heart Games, Neon Doctrine</strong><br>Languages: <strong>RUS/ENG/MULTI9</strong><br>Original Size: <strong>2.2 GB</strong><br>Repack Size: <strong>1.2/1.3 GB</strong></p>&nbsp;<div>&nbsp;</div><h3>Download Mirrors</h3><ul><li><a href=\"https://1337x.to/torrent/5037304/Vigil-The-Longest-Night-Build-7242083-ASOMROF-Update-MULTi9-FitGirl-Repack-Selective-Download-from-1-2-GB/\" target=\"_blank\" rel=\"noopener\">1337x</a> | [<a href=\"magnet:?xt=urn:btih:15B56C413ECED6E1B92EB8708D3294E3012EB3E1&amp;dn=Vigil%3A+The+Longest+Night+%28Build+7242083%2FASOMROF+Update%2C+MULTi9%29+%5BFitGirl+Repack%2C+Selective+Download+-+from+1.2+GB%5D&amp;tr=udp%3A%2F%2F46.148.18.250%3A2710&amp;tr=udp%3A%2F%2Fopentor.org%3A2710&amp;tr=udp%3A%2F%2Ftracker.coppersurfer.tk%3A6969%2Fannounce&amp;tr=udp%3A%2F%2Ftracker.opentrackr.org%3A1337%2Fannounce&amp;tr=http%3A%2F%2Ftracker.dler.org%3A6969%2Fannounce&amp;tr=udp%3A%2F%2Ftracker.leechers-paradise.org%3A6969%2Fannounce&amp;tr=udp%3A%2F%2F9.rarbg.me%3A2730%2Fannounce&amp;tr=udp%3A%2F%2F9.rarbg.to%3A2770%2Fannounce&amp;tr=udp%3A%2F%2Ftracker.pirateparty.gr%3A6969%2Fannounce&amp;tr=http%3A%2F%2Fretracker.local%2Fannounce&amp;tr=http%3A%2F%2Fretracker.ip.ncnet.ru%2Fannounce&amp;tr=udp%3A%2F%2Fexodus.desync.com%3A6969%2Fannounce&amp;tr=udp%3A%2F%2Fipv4.tracker.harry.lu%3A80%2Fannounce&amp;tr=udp%3A%2F%2Fopen.stealth.si%3A80%2Fannounce&amp;tr=udp%3A%2F%2Ftracker.zer0day.to%3A1337%2Fannounce&amp;tr=udp%3A%2F%2Ftracker.leechers-paradise.org%3A6969%2Fannounce&amp;tr=udp%3A%2F%2Fcoppersurfer.tk%3A6969%2Fannounce\">magnet</a>] [<a href=\"https://pastefg.hermietkreeft.site/?37d18e6293f818ab#gNT4oBYapw2gZdi9nz3XUCvStNrqrmHiJhMKpbbxpvK\" target=\"_blank\" rel=\"noopener\">.torrent file only</a>] <br><img src=\"https://torrent-stats.info/b870/3579203f0.png\" style=\"display:block;clear:both\"></li><li><a href=\"http://rutor.info/torrent/843062/vigil-the-longest-night-build-7242083-2020-pc-repack-ot-fitgirl\" target=\"_blank\" rel=\"noopener\">RuTor</a> [<a href=\"magnet:?xt=urn:btih:15b56c413eced6e1b92eb8708d3294e3012eb3e1&amp;dn=rutor.info_Vigil%3A+The+Longest+Night+%5BBuild+7242083%5D+%282020%29+PC+%7C+RePack+%D0%BE%D1%82+FitGirl&amp;tr=udp://opentor.net:6969&amp;tr=udp://opentor.org:2710&amp;tr=http://retracker.local/announce\">magnet</a>]</li><li><a href=\"https://tapochek.net/viewtopic.php?p=2809223\" target=\"_blank\" rel=\"noopener\">Tapochek.net</a></li><li><a href=\"https://pastefg.hermietkreeft.site/?8f70bdfc0a766049#FmWcZZoxiVUes3qkUbkkYWZoyhAVQxfZ5UvKxBRQ6XV\" target=\"_blank\" rel=\"noopener\">Filehoster: MultiUpload</a> (10+ hosters, interchangeable) [Use <a href=\"http://jdownloader.org/jdownloader2\" target=\"_blank\" rel=\"noopener\">JDownloader2</a>]</li><li><a href=\"https://pastefg.hermietkreeft.site/?392fe2fedafb69e0#RE5EK9kDXx61ZNGZx3oL7omHy7m3Ppa4DZN6q51Gwh2\" target=\"_blank\" rel=\"noopener\">Filehoster: PixelDrain</a></li><li><a href=\"https://pastefg.hermietkreeft.site/?d72d2526f778697e#9Q3G7jEVLZgudSgXrsn1qf7xNVMTnyx3C1ZX7CYiYk1d\" target=\"_blank\" rel=\"noopener\">Filehoster: ZippyShare</a></li><li><a href=\"https://pastefg.hermietkreeft.site/?1a42fa8f37e0cc0d#3sT4VjjbJPP5GuwE2LcdwL393x1CuiUd1DDcmF7LoMD6\" target=\"_blank\" rel=\"noopener\">Filehoster: BayFiles</a></li><li><a href=\"https://pastefg.hermietkreeft.site/?aab10020c2ecd601#F5D1ktqFhdiVSWgrLPvot7SLk2MSwhAogs42FwtaWE42\" target=\"_blank\" rel=\"noopener\">Filehoster: LetsUpload</a> [Use <a href=\"http://jdownloader.org/jdownloader2\" target=\"_blank\" rel=\"noopener\">JDownloader2</a>]</li><li><a href=\"https://pastefg.hermietkreeft.site/?2bf1209cc44e4614#Gv3ZqfEJoAfVMx5466ytJLSRs5zCQqQYmNvoXUVbX7ce\" target=\"_blank\" rel=\"noopener\">Filehoster: OneDrive</a> (Uploaded by DyR0 t(-_-t), NOT compatible with other mirrors)</li><p><!--  <li><a href=\"\" target=\"_blank\" rel=\"noopener\">Filehosters: Google Drive, OneDrive + others</a> (Uploaded by crackhub213)</li>  --></p></ul><p><a href=\"https://cs.rin.ru/forum/viewtopic.php?f=10&amp;t=79553\" target=\"_blank\" rel=\"noopener\">Discussion and (possible) future updates on CS.RIN.RU thread</a></p><h3>Screenshots (Click to enlarge)</h3><p><a target=\"_blank\" href=\"https://en.riotpixels.com/games/vigil-the-longest-night/screenshots/10/?utm_source=emb-gfx-html&amp;utm_medium=image&amp;utm_campaign=rp-mass\" rel=\"noopener\"><img loading=\"lazy\" width=\"178\" height=\"100\" border=\"0\" src=\"https://s01.riotpixels.net/data/90/91/90917887-8a93-4abb-bbd4-0d9d42612d6c.jpg.240p.jpg\"></a><a target=\"_blank\" href=\"https://en.riotpixels.com/games/vigil-the-longest-night/screenshots/8/?utm_source=emb-gfx-html&amp;utm_medium=image&amp;utm_campaign=rp-mass\" rel=\"noopener\"><img loading=\"lazy\" width=\"178\" height=\"100\" border=\"0\" src=\"https://s01.riotpixels.net/data/fe/09/fe0924fb-8e90-433e-9858-7936a7955e13.jpg.240p.jpg\"></a><a target=\"_blank\" href=\"https://en.riotpixels.com/games/vigil-the-longest-night/screenshots/7/?utm_source=emb-gfx-html&amp;utm_medium=image&amp;utm_campaign=rp-mass\" rel=\"noopener\"><img loading=\"lazy\" width=\"178\" height=\"100\" border=\"0\" src=\"https://s01.riotpixels.net/data/8a/59/8a59d1e7-edd8-4b65-b339-b4238a51f204.jpg.240p.jpg\"></a><br><a target=\"_blank\" href=\"https://en.riotpixels.com/games/vigil-the-longest-night/screenshots/5/?utm_source=emb-gfx-html&amp;utm_medium=image&amp;utm_campaign=rp-mass\" rel=\"noopener\"><img loading=\"lazy\" width=\"178\" height=\"100\" border=\"0\" src=\"https://s01.riotpixels.net/data/25/a9/25a90189-88ff-4ab6-b439-479c1d0c770a.jpg.240p.jpg\"></a><a target=\"_blank\" href=\"https://en.riotpixels.com/games/vigil-the-longest-night/screenshots/4/?utm_source=emb-gfx-html&amp;utm_medium=image&amp;utm_campaign=rp-mass\" rel=\"noopener\"><img loading=\"lazy\" width=\"178\" height=\"100\" border=\"0\" src=\"https://s01.riotpixels.net/data/23/bc/23bc5e89-e8ad-4148-a546-5fa74cfd5f2b.jpg.240p.jpg\"></a><a target=\"_blank\" href=\"https://en.riotpixels.com/games/vigil-the-longest-night/screenshots/3/?utm_source=emb-gfx-html&amp;utm_medium=image&amp;utm_campaign=rp-mass\" rel=\"noopener\"><img loading=\"lazy\" width=\"178\" height=\"100\" border=\"0\" src=\"https://s01.riotpixels.net/data/0e/fd/0efdcead-6e18-471a-a982-043e67e91c0e.jpg.240p.jpg\"></a></p><h3>Repack Features</h3><ul><li>Based on Vigil.The.Longest.Night.Asomrof-PLAZA ISO release: plaza-vigil.the.longest.night.asomrof.iso (2,410,446,848 bytes)</li><li>100% Lossless &amp; MD5 Perfect: all files are identical to originals after installation</li><li>NOTHING ripped, NOTHING re-encoded</li><li>Selective Download feature: you may skip downloading and installing of useless Linux videos</li><li>Significantly smaller archive size (compressed from 2.2 to 1.2/1.3 GB)</li><li>Installation takes 2-4 minutes (depending on your system)</li><li>After-install integrity check so you could make sure that everything installed properly</li><li>HDD space after installation: up to 2.9 GB (6.9 GB during installation)</li><li>Language can be changed in game settings</li><li>At least 2 GB of free RAM (inc. virtual) required for installing this repack</li></ul><div ><div><h2>Game Description</h2></div><div ><b>Brutal Combat and Cosmic Horror:</b><br>Vigil: The Longest Night is a 2D action platformer with precise, technical combat and a strong narrative. Inspired by Salt and Sanctuary and Castlevania, Vigil: The Longest Night aims to challenge players with its difficulty while compelling them with a tale of eldritch horror. Follow Leila on her quest to save her hometown from the creeping evil infesting the surrounding countryside. Navigate a world that wanders between dream and reality, sanity and madness, and uncover the secret of the longest night and the monstrous entities invading their world.<p><b><h3>Game Features</h3></b></p><ul><li>Experiment with 4 types of weapon and multiple varieties of each type.</li><li>A number of unique items to suit how you play</li><li>A fusion of Lovecraftian prose and Taiwanese culture</li><li>Complex Skill Tree to create the ultimate warrior of light.</li><li>Unique art style inspired by the art of Chinese Paper Cutting</li><li>Brutal Enemies with multiple methods of attack and surprising attacks</li><li>Explore dank caves, abandoned villages, and haunted forests</li><li>Meet the residents of Leila\u2019s hometown as they struggle in world of maddening darkness</li><li>Battle a host of hideous bosses from the depths of your nightmares</li><li>Multiple endings to unravel</li><li>Music by the talented Jouni Valjakka of metal band Whispered</li></ul></div></div>             </div>"
}