{
    "link": "https://fitgirl-repacks.site/void-eclipse/",
    "title": "Void Eclipse",
    "first_img": "https://i6.imageban.ru/out/2021/11/08/8e5554151a15d8732621bf5b72e720ec.jpg",
    "second_img": "https://s01.riotpixels.net/data/ea/4b/ea4b5bdb-9716-4b36-8e4c-226036dda96e.jpg.240p.jpg",
    "body": "<div ><h2>Void Eclipse</h2><p ><div><a target=\"_blank\" href=\"https://en.riotpixels.com/games/void-eclipse/\" rel=\"noopener\"><img class=\"alignleft\" width=\"150\" src=\"https://i6.imageban.ru/out/2021/11/08/8e5554151a15d8732621bf5b72e720ec.jpg\"></a></div><br>Genres/Tags: <strong>RPG, Strategy, Turn-based, Tactics, Card game, Isometric, 3D</strong><br>Company: <strong>Tau Ceti Studios</strong><br>Language: <strong>ENG</strong><br>Original Size: <strong>5.3 GB</strong><br>Repack Size: <strong>3.2 GB</strong></p>&nbsp;<div>&nbsp;</div><h3>Download Mirrors</h3><ul><li><a href=\"https://1337x.to/torrent/5044634/Void-Eclipse-FitGirl-Repack/\" target=\"_blank\" rel=\"noopener\">1337x</a> | [<a href=\"magnet:?xt=urn:btih:5FF80B2323B2B22D50F25BAE73E51E60AFAE8B0B&amp;dn=Void+Eclipse+%5BFitGirl+Repack%5D&amp;tr=udp%3A%2F%2F46.148.18.250%3A2710&amp;tr=udp%3A%2F%2Fopentor.org%3A2710&amp;tr=udp%3A%2F%2Ftracker.coppersurfer.tk%3A6969%2Fannounce&amp;tr=udp%3A%2F%2Ftracker.opentrackr.org%3A1337%2Fannounce&amp;tr=http%3A%2F%2Ftracker.dler.org%3A6969%2Fannounce&amp;tr=udp%3A%2F%2Ftracker.leechers-paradise.org%3A6969%2Fannounce&amp;tr=udp%3A%2F%2F9.rarbg.me%3A2730%2Fannounce&amp;tr=udp%3A%2F%2F9.rarbg.to%3A2770%2Fannounce&amp;tr=udp%3A%2F%2Ftracker.pirateparty.gr%3A6969%2Fannounce&amp;tr=http%3A%2F%2Fretracker.local%2Fannounce&amp;tr=http%3A%2F%2Fretracker.ip.ncnet.ru%2Fannounce&amp;tr=udp%3A%2F%2Fexodus.desync.com%3A6969%2Fannounce&amp;tr=udp%3A%2F%2Fipv4.tracker.harry.lu%3A80%2Fannounce&amp;tr=udp%3A%2F%2Fopen.stealth.si%3A80%2Fannounce&amp;tr=udp%3A%2F%2Ftracker.zer0day.to%3A1337%2Fannounce&amp;tr=udp%3A%2F%2Ftracker.leechers-paradise.org%3A6969%2Fannounce&amp;tr=udp%3A%2F%2Fcoppersurfer.tk%3A6969%2Fannounce\">magnet</a>] [<a href=\"https://pastefg.hermietkreeft.site/?54257f5815da54ac#2zHDj6pL6tDPfuDbwdhTjcjVJLk6aXeBZVzTXP5XeXuM\" target=\"_blank\" rel=\"noopener\">.torrent file only</a>] <br><img src=\"https://torrent-stats.info/5bae/1aa121e1a.png\" style=\"display:block;clear:both\"></li><li><a href=\"https://tapochek.net/viewtopic.php?p=2810714\" target=\"_blank\" rel=\"noopener\">Tapochek.net</a></li><li><a href=\"https://pastefg.hermietkreeft.site/?c0b8e0f555851fb7#EcDiHtLetLjcXrCH988PSdgBLi2eAS6FXjhckX683Egn\" target=\"_blank\" rel=\"noopener\">Filehoster: MultiUpload</a> (10+ hosters, interchangeable) [Use <a href=\"http://jdownloader.org/jdownloader2\" target=\"_blank\" rel=\"noopener\">JDownloader2</a>]</li><li><a href=\"https://pastefg.hermietkreeft.site/?f09180982c34549d#DSNBqRRtNugwGwmYptRVEydgVGnpQm4s9M8akkqH65wU\" target=\"_blank\" rel=\"noopener\">Filehoster: ZippyShare</a></li><li><a href=\"https://pastefg.hermietkreeft.site/?9a7265faa6851db9#CoT1ywBqemtC53MEK5CGUQtfzRvVam9yaNAUqnG32jUs\" target=\"_blank\" rel=\"noopener\">Filehoster: BayFiles</a></li><li><a href=\"https://pastefg.hermietkreeft.site/?82078b0641d4d58a#8i9YAabR5trcvKqiSWAgUNMR86ezBdmAFnZbXNxinug7\" target=\"_blank\" rel=\"noopener\">Filehoster: LetsUpload</a> [Use <a href=\"http://jdownloader.org/jdownloader2\" target=\"_blank\" rel=\"noopener\">JDownloader2</a>]</li><li><a href=\"https://pastefg.hermietkreeft.site/?e6e57648327d1c83#3E6xwbNK3zaZxUmtUECMYDtbWeGtDQLaySgJAwK1KZ29\" target=\"_blank\" rel=\"noopener\">Filehoster: OneDrive</a> (Uploaded by DyR0 t(-_-t), NOT compatible with other mirrors)</li><p><!--  <li><a href=\"\" target=\"_blank\" rel=\"noopener\">Filehosters: Google Drive, OneDrive + others</a> (Uploaded by crackhub213)</li>  --></p></ul><p><a href=\"https://cs.rin.ru/forum/viewtopic.php?f=10&amp;t=102166\" target=\"_blank\" rel=\"noopener\">Discussion and (possible) future updates on CS.RIN.RU thread</a></p><h3>Screenshots (Click to enlarge)</h3><p><a target=\"_blank\" href=\"https://en.riotpixels.com/games/void-eclipse/screenshots/10/?utm_source=emb-gfx-html&amp;utm_medium=image&amp;utm_campaign=rp-mass\" rel=\"noopener\"><img loading=\"lazy\" width=\"178\" height=\"100\" border=\"0\" src=\"https://s01.riotpixels.net/data/ea/4b/ea4b5bdb-9716-4b36-8e4c-226036dda96e.jpg.240p.jpg\"></a><a target=\"_blank\" href=\"https://en.riotpixels.com/games/void-eclipse/screenshots/9/?utm_source=emb-gfx-html&amp;utm_medium=image&amp;utm_campaign=rp-mass\" rel=\"noopener\"><img loading=\"lazy\" width=\"178\" height=\"100\" border=\"0\" src=\"https://s01.riotpixels.net/data/49/60/4960fc17-2ec7-48c6-a793-e11f7d447000.jpg.240p.jpg\"></a><a target=\"_blank\" href=\"https://en.riotpixels.com/games/void-eclipse/screenshots/8/?utm_source=emb-gfx-html&amp;utm_medium=image&amp;utm_campaign=rp-mass\" rel=\"noopener\"><img loading=\"lazy\" width=\"178\" height=\"100\" border=\"0\" src=\"https://s01.riotpixels.net/data/96/c0/96c02026-3806-46c7-a3c0-d807d6d380f1.jpg.240p.jpg\"></a><br><a target=\"_blank\" href=\"https://en.riotpixels.com/games/void-eclipse/screenshots/6/?utm_source=emb-gfx-html&amp;utm_medium=image&amp;utm_campaign=rp-mass\" rel=\"noopener\"><img loading=\"lazy\" width=\"178\" height=\"100\" border=\"0\" src=\"https://s01.riotpixels.net/data/52/22/52227a2e-0d79-4f6f-aa98-f5aae99324c3.jpg.240p.jpg\"></a><a target=\"_blank\" href=\"https://en.riotpixels.com/games/void-eclipse/screenshots/5/?utm_source=emb-gfx-html&amp;utm_medium=image&amp;utm_campaign=rp-mass\" rel=\"noopener\"><img loading=\"lazy\" width=\"178\" height=\"100\" border=\"0\" src=\"https://s01.riotpixels.net/data/39/e7/39e7e31c-4cb4-4f6c-b2dc-fa31ac5bc2c0.jpg.240p.jpg\"></a><a target=\"_blank\" href=\"https://en.riotpixels.com/games/void-eclipse/screenshots/1/?utm_source=emb-gfx-html&amp;utm_medium=image&amp;utm_campaign=rp-mass\" rel=\"noopener\"><img loading=\"lazy\" width=\"178\" height=\"100\" border=\"0\" src=\"https://s01.riotpixels.net/data/92/c5/92c549e0-4ef7-49ac-a707-c27dd4b7e160.jpg.240p.jpg\"></a></p><h3>Repack Features</h3><ul><li>Based on Void.Eclipse-CODEX ISO release: codex-void.eclipse.iso (5,724,995,584 bytes)</li><li>100% Lossless &amp; MD5 Perfect: all files are identical to originals after installation</li><li>NOTHING ripped, NOTHING re-encoded</li><li>Significantly smaller archive size (compressed from 5.3 to 3.2 GB)</li><li>Installation takes 2-5 minutes (depending on your system)</li><li>After-install integrity check so you could make sure that everything installed properly</li><li>HDD space after installation: 5.8 GB</li><li>Repack uses XTool library by Razor12911</li><li>At least 2 GB of free RAM (inc. virtual) required for installing this repack</li></ul><div ><div><h2>Game Description</h2></div><div ><b>Tactical Battles + RPG:</b><br>Turn-based strategy and an immersive sci-fi story which blends card battle tactics with 4X grand strategy.<p><b>Unlock Powerful Units:</b><br>Engage in an epic campaign across the galaxy, unlocking new units along the way.</p><p><b>Unique Battle Abilities:</b><br>Tactical turn-based combat with many passive and active battle abilities!</p><p><b>Choose Your Actions:</b><br>Choose which missions to take, what questions to ask, and what kind of personality traits to unlock.</p><p><b>A gritty sci-fi tale, full of choices:</b><br>You\u2019re an android with scattered memories in search of your mysterious origins. Explore the stars, Evolve your army and Fight an alien threat. Choose to help characters or harm them \u2013 will you be Feared, Admired, or Respected?</p></div></div>             </div>"
}