{
    "link": "https://fitgirl-repacks.site/wall-of-insanity/",
    "title": "Wall of Insanity",
    "first_img": "https://i3.imageban.ru/out/2021/08/21/61b275bf1921cb9e247f190b2f936842.jpg",
    "second_img": "https://s01.riotpixels.net/data/87/c4/87c41c89-18aa-43f4-8b3f-ad4cf778827d.jpg.240p.jpg",
    "body": "<div ><h2>Wall of Insanity</h2><p ><div><a target=\"_blank\" href=\"https://en.riotpixels.com/games/wall-of-insanity/\" rel=\"noopener\"><img class=\"alignleft\" width=\"150\" src=\"https://i3.imageban.ru/out/2021/08/21/61b275bf1921cb9e247f190b2f936842.jpg\"></a></div><br>Genres/Tags: <strong>Action, Shooter, Third-person, 3D</strong><br>Company: <strong>VenomizedArt</strong><br>Languages: <strong>RUS/ENG/MULTI5</strong><br>Original Size: <strong>1.6 GB</strong><br>Repack Size: <strong>1.1 GB</strong></p>&nbsp;<div>&nbsp;</div><h3>Download Mirrors</h3><ul><li><a href=\"https://1337x.to/torrent/4960009/Wall-of-Insanity-MULTi5-FitGirl-Repack/\" target=\"_blank\" rel=\"noopener\">1337x</a> | [<a href=\"magnet:?xt=urn:btih:1B4159074B5EFB742A8F05335BDFBFDA0D855BA9&amp;dn=Wall+of+Insanity+%28MULTi5%29+%5BFitGirl+Repack%5D&amp;tr=udp%3A%2F%2F46.148.18.250%3A2710&amp;tr=udp%3A%2F%2Fopentor.org%3A2710&amp;tr=udp%3A%2F%2Ftracker.coppersurfer.tk%3A6969%2Fannounce&amp;tr=udp%3A%2F%2Ftracker.opentrackr.org%3A1337%2Fannounce&amp;tr=http%3A%2F%2Ftracker.dler.org%3A6969%2Fannounce&amp;tr=udp%3A%2F%2Ftracker.leechers-paradise.org%3A6969%2Fannounce&amp;tr=udp%3A%2F%2F9.rarbg.me%3A2730%2Fannounce&amp;tr=udp%3A%2F%2F9.rarbg.to%3A2770%2Fannounce&amp;tr=udp%3A%2F%2Ftracker.pirateparty.gr%3A6969%2Fannounce&amp;tr=http%3A%2F%2Fretracker.local%2Fannounce&amp;tr=http%3A%2F%2Fretracker.ip.ncnet.ru%2Fannounce&amp;tr=udp%3A%2F%2Fexodus.desync.com%3A6969%2Fannounce&amp;tr=udp%3A%2F%2Fipv4.tracker.harry.lu%3A80%2Fannounce&amp;tr=udp%3A%2F%2Fopen.stealth.si%3A80%2Fannounce&amp;tr=udp%3A%2F%2Ftracker.zer0day.to%3A1337%2Fannounce&amp;tr=udp%3A%2F%2Ftracker.leechers-paradise.org%3A6969%2Fannounce&amp;tr=udp%3A%2F%2Fcoppersurfer.tk%3A6969%2Fannounce\">magnet</a>] [<a href=\"https://pastefg.hermietkreeft.site/?cb38a362639b4ecd#E8YpciwFUy1PNQt3NSvXCjzEkSu6Wp7XeSt3YtDDw27B\" target=\"_blank\" rel=\"noopener\">.torrent file only</a>] <br><img src=\"https://torrent-stats.info/0533/17abcfb2.png\" style=\"display:block;clear:both\"></li><li><a href=\"http://rutor.info/torrent/830780/wall-of-insanity-2021-pc-repack-ot-fitgirl\" target=\"_blank\" rel=\"noopener\">RuTor</a> [<a href=\"magnet:?xt=urn:btih:1b4159074b5efb742a8f05335bdfbfda0d855ba9&amp;dn=rutor.info_Wall+of+Insanity+%282021%29+PC+%7C+RePack+%D0%BE%D1%82+FitGirl&amp;tr=udp://opentor.org:2710&amp;tr=udp://opentor.org:2710&amp;tr=http://retracker.local/announce\">magnet</a>]</li><li><a href=\"https://tapochek.net/viewtopic.php?p=2796057\" target=\"_blank\" rel=\"noopener\">Tapochek.net</a></li><li><a href=\"https://pastefg.hermietkreeft.site/?dea8221d7cf2353f#Gsa16cEThd73pPPMCE8inJAt9JjxjXrqNHgVj6oLzpJw\" target=\"_blank\" rel=\"noopener\">Filehoster: MultiUpload</a> (10+ hosters, interchangeable) [Use <a href=\"http://jdownloader.org/jdownloader2\" target=\"_blank\" rel=\"noopener\">JDownloader2</a>]</li><li><a href=\"https://pastefg.hermietkreeft.site/?eba0e608c395bf71#7PjFV4EHLLaGDt3GGeA9LWPme8ii2Ye7EE2gCH6P4uYw\" target=\"_blank\" rel=\"noopener\">Filehoster: PixelDrain</a></li><li><a href=\"https://pastefg.hermietkreeft.site/?7880c87438d38ada#AgGjNhseq4QNK2Bod5M15bwZnayYVkgEdpMEiG9c1g1\" target=\"_blank\" rel=\"noopener\">Filehoster: ZippyShare</a></li><li><a href=\"https://pastefg.hermietkreeft.site/?40afc329bb8749e4#9D9HcaQRUDNj67aWaiHP87WZCp3hnaZyA3LHXcQFukGG\" target=\"_blank\" rel=\"noopener\">Filehoster: LetsUpload</a> [Use <a href=\"http://jdownloader.org/jdownloader2\" target=\"_blank\" rel=\"noopener\">JDownloader2</a>]</li><li><a href=\"https://pastefg.hermietkreeft.site/?a3fae16d5355b5de#xHpR8hBjNnCqtVQTjE54jxd2KH4ogpz8RUzZR6ohVtc\" target=\"_blank\" rel=\"noopener\">Filehoster: OneDrive</a> (Uploaded by DyR0 t(-_-t), NOT compatible with other mirrors)</li></ul><p><a href=\"https://cs.rin.ru/forum/viewtopic.php?f=10&amp;t=115257\" target=\"_blank\" rel=\"noopener\">Discussion and (possible) future updates on CS.RIN.RU thread</a></p><h3>Screenshots (Click to enlarge)</h3><p><a target=\"_blank\" href=\"https://en.riotpixels.com/games/wall-of-insanity/screenshots/8/?utm_source=emb-gfx-html&amp;utm_medium=image&amp;utm_campaign=rp-mass\" rel=\"noopener\"><img loading=\"lazy\" width=\"178\" height=\"100\" border=\"0\" src=\"https://s01.riotpixels.net/data/87/c4/87c41c89-18aa-43f4-8b3f-ad4cf778827d.jpg.240p.jpg\"></a><a target=\"_blank\" href=\"https://en.riotpixels.com/games/wall-of-insanity/screenshots/7/?utm_source=emb-gfx-html&amp;utm_medium=image&amp;utm_campaign=rp-mass\" rel=\"noopener\"><img loading=\"lazy\" width=\"178\" height=\"100\" border=\"0\" src=\"https://s01.riotpixels.net/data/e8/9e/e89ea46d-eb42-4f96-a3a3-dc606c23371c.jpg.240p.jpg\"></a><a target=\"_blank\" href=\"https://en.riotpixels.com/games/wall-of-insanity/screenshots/6/?utm_source=emb-gfx-html&amp;utm_medium=image&amp;utm_campaign=rp-mass\" rel=\"noopener\"><img loading=\"lazy\" width=\"178\" height=\"100\" border=\"0\" src=\"https://s01.riotpixels.net/data/54/b4/54b4296d-21a0-4711-b6a7-7498d199742e.jpg.240p.jpg\"></a><br><a target=\"_blank\" href=\"https://en.riotpixels.com/games/wall-of-insanity/screenshots/5/?utm_source=emb-gfx-html&amp;utm_medium=image&amp;utm_campaign=rp-mass\" rel=\"noopener\"><img loading=\"lazy\" width=\"178\" height=\"100\" border=\"0\" src=\"https://s01.riotpixels.net/data/97/8d/978d2b27-335f-4a37-baee-d525899223d7.jpg.240p.jpg\"></a><a target=\"_blank\" href=\"https://en.riotpixels.com/games/wall-of-insanity/screenshots/3/?utm_source=emb-gfx-html&amp;utm_medium=image&amp;utm_campaign=rp-mass\" rel=\"noopener\"><img loading=\"lazy\" width=\"178\" height=\"100\" border=\"0\" src=\"https://s01.riotpixels.net/data/49/23/492303c8-4153-481b-9338-4d10d2af02f6.jpg.240p.jpg\"></a><a target=\"_blank\" href=\"https://en.riotpixels.com/games/wall-of-insanity/screenshots/2/?utm_source=emb-gfx-html&amp;utm_medium=image&amp;utm_campaign=rp-mass\" rel=\"noopener\"><img loading=\"lazy\" width=\"178\" height=\"100\" border=\"0\" src=\"https://s01.riotpixels.net/data/4f/58/4f58981a-c017-46b1-af55-6d74f95b78ff.jpg.240p.jpg\"></a></p><h3>Repack Features</h3><ul><li>Based on Wall.of.insanity-DOGE ISO release: wow-wall.of.insanity.iso (1,756,575,744 bytes)</li><li>100% Lossless &amp; MD5 Perfect: all files are identical to originals after installation</li><li>NOTHING ripped, NOTHING re-encoded</li><li>Significantly smaller archive size (compressed from 1.6 to 1.1 GB)</li><li>Installation takes two minutes</li><li>After-install integrity check so you could make sure that everything installed properly</li><li>HDD space after installation: 3.5 GB</li><li>Language can be changed in game settings</li><li>At least 2 GB of free RAM (inc. virtual) required for installing this repack</li></ul><div ><div><h2>Game Description</h2></div><div ><p>Wall of Insanity is a new project from the creators of the Slaughter game series.</p><p>This is a single player campaign third-person shooter, with a large arsenal of weapons, crowds of various enemies and difficult locations, concealing many secrets.</p><p>It features a dark storyline, intense action, and a mystical journey into a dead, smoldering world.</p><p>You will face the unknown. A descent into a kingdom of anxiety and madness.</p><p>The path through the abyss will be difficult, the trek extremely dangerous, and you will be left almost hopeless.</p><p><b>Story:</b><br>A police operation to detain a dangerous cult\u2019s sectarians leads to unexpectedly deadly consequences. That squad vanished under mysterious circumstances, and the Special Unit soldiers sent in to investigate their disappearance find just an empty, abandoned house. This is only where the story begins\u2026</p><p><b><h3>Game Features</h3></b></p><ul><li>Active battles with the use of firearms. Survival depends on caution, reaction speed, and weapon accuracy. Use elements of the environment itself to escape this horrific world.</li><li>A journey to another world where fear, sorrow, and madness rule. A diligently crafted, ominous environment, fraught with mystery and danger, lies ahead of you. How far will you dare to go?</li><li>A plethora of traps and enemies await around every corner. Investigate your surroundings carefully. Don\u2019t take unnecessary risks.</li><li>Study your enemies. Carefully selected tactics will save your ammunition. And your life.</li><li>Explore the world to replenish and expand your arsenal. Weapons and useful items will be needed. Look for secrets, documents, and workarounds to prevail against all odds.</li></ul></div></div>             </div>"
}