{
    "link": "https://fitgirl-repacks.site/wargame-red-dragon/",
    "title": "Wargame: Red Dragon \u2013 v21.09.28.58710 + 8 DLCs",
    "first_img": "https://i2.imageban.ru/out/2021/10/02/d2183c8451413dfc504e289e4c7ab728.jpg",
    "second_img": "https://s01.riotpixels.net/data/20/54/205477b2-f2ed-4087-85da-4836bc8c46bf.jpg.240p.jpg",
    "body": "<div ><h2>Wargame: Red Dragon \u2013 v21.09.28.58710 + 8 DLCs</h2><p ><div><a target=\"_blank\" href=\"https://en.riotpixels.com/games/wargame-red-dragon/\" rel=\"noopener\"><img class=\"alignleft\" width=\"150\" src=\"https://i2.imageban.ru/out/2021/10/02/d2183c8451413dfc504e289e4c7ab728.jpg\"></a></div><br>Genres/Tags: <strong>Strategy, Real-time, 3D</strong><br>Company: <strong>Eugen Systems</strong><br>Languages: <strong>RUS/ENG/MULTI11</strong><br>Original Size: <strong>15.6 GB</strong><br>Repack Size: <strong>8.7 GB</strong></p>&nbsp;<div>&nbsp;</div><h3>Download Mirrors</h3><ul><li><a href=\"https://1337x.to/torrent/5003898/Wargame-Red-Dragon-v21-09-28-58710-8-DLCs-MULTi11-FitGirl-Repack/\" target=\"_blank\" rel=\"noopener\">1337x</a> | [<a href=\"magnet:?xt=urn:btih:40971AB148525CC4814213C394B993D1C25B3F4E&amp;dn=Wargame%3A+Red+Dragon+%28v21.09.28.58710+%2B+8+DLCs%2C+MULTi11%29+%5BFitGirl+Repack%5D&amp;tr=udp%3A%2F%2F46.148.18.250%3A2710&amp;tr=udp%3A%2F%2Fopentor.org%3A2710&amp;tr=udp%3A%2F%2Ftracker.coppersurfer.tk%3A6969%2Fannounce&amp;tr=udp%3A%2F%2Ftracker.opentrackr.org%3A1337%2Fannounce&amp;tr=http%3A%2F%2Ftracker.dler.org%3A6969%2Fannounce&amp;tr=udp%3A%2F%2Ftracker.leechers-paradise.org%3A6969%2Fannounce&amp;tr=udp%3A%2F%2F9.rarbg.me%3A2730%2Fannounce&amp;tr=udp%3A%2F%2F9.rarbg.to%3A2770%2Fannounce&amp;tr=udp%3A%2F%2Ftracker.pirateparty.gr%3A6969%2Fannounce&amp;tr=http%3A%2F%2Fretracker.local%2Fannounce&amp;tr=http%3A%2F%2Fretracker.ip.ncnet.ru%2Fannounce&amp;tr=udp%3A%2F%2Fexodus.desync.com%3A6969%2Fannounce&amp;tr=udp%3A%2F%2Fipv4.tracker.harry.lu%3A80%2Fannounce&amp;tr=udp%3A%2F%2Fopen.stealth.si%3A80%2Fannounce&amp;tr=udp%3A%2F%2Ftracker.zer0day.to%3A1337%2Fannounce&amp;tr=udp%3A%2F%2Ftracker.leechers-paradise.org%3A6969%2Fannounce&amp;tr=udp%3A%2F%2Fcoppersurfer.tk%3A6969%2Fannounce\">magnet</a>] [<a href=\"https://pastefg.hermietkreeft.site/?615747a26ded5d97#9VgTxPkc8P7WJTd5Ddvtse5zywcKtSGeqbDArBgrC1kk\" target=\"_blank\" rel=\"noopener\">.torrent file only</a>] <br><img src=\"https://torrent-stats.info/13c3/5ad7d670.png\" style=\"display:block;clear:both\"></li><li><a href=\"http://rutor.info/torrent/837536/wargame-red-dragon-v-21.09.28.58710-dlcs-2014-pc-repack-ot-fitgirl\" target=\"_blank\" rel=\"noopener\">RuTor</a> [<a href=\"magnet:?xt=urn:btih:40971ab148525cc4814213c394b993d1c25b3f4e&amp;dn=rutor.info_Wargame%3A+Red+Dragon+%5Bv+21.09.28.58710+%2B+DLCs%5D+%282014%29+PC+%7C+RePack+%D0%BE%D1%82+FitGirl&amp;tr=udp://opentor.net:6969&amp;tr=udp://opentor.org:2710&amp;tr=http://retracker.local/announce\">magnet</a>]</li><li><a href=\"https://tapochek.net/viewtopic.php?p=2803762\" target=\"_blank\" rel=\"noopener\">Tapochek.net</a></li><li><a href=\"https://pastefg.hermietkreeft.site/?49d5ddd36c216562#3MqF2yu5TXsPgQFy4dsK3atCAsG5RasJvtwcnF1fqgxc\" target=\"_blank\" rel=\"noopener\">Filehoster: MultiUpload</a> (10+ hosters, interchangeable) [Use <a href=\"http://jdownloader.org/jdownloader2\" target=\"_blank\" rel=\"noopener\">JDownloader2</a>]</li><li><a href=\"https://pastefg.hermietkreeft.site/?f8e587ff113f4a16#3sguJLXPV7N6bpRPZmZc21E3Dm1js8BQoJRAPhN4Y5y1\" target=\"_blank\" rel=\"noopener\">Filehoster: PixelDrain</a></li><li><a href=\"https://pastefg.hermietkreeft.site/?ffa77d198e2f41db#D2wwdppabV5jEvwLEmJWZJLMiHcUMSnnoNTjfSVeej4P\" target=\"_blank\" rel=\"noopener\">Filehoster: ZippyShare</a></li><li><a href=\"https://pastefg.hermietkreeft.site/?7c2108195994eaef#61QySRAztmKpEfhb8ALJAJGuWWVu5tkUnyRAHWBYfQKL\" target=\"_blank\" rel=\"noopener\">Filehoster: LetsUpload</a> [Use <a href=\"http://jdownloader.org/jdownloader2\" target=\"_blank\" rel=\"noopener\">JDownloader2</a>]</li><li><a href=\"https://pastefg.hermietkreeft.site/?e17d85f89b5dd3aa#GevawowvTsuwCmq6antqrwMbeLj8dUi82VNajEofEQfR\" target=\"_blank\" rel=\"noopener\">Filehoster: OneDrive</a> (Uploaded by DyR0 t(-_-t), NOT compatible with other mirrors)</li></ul><p><a href=\"https://cs.rin.ru/forum/viewtopic.php?f=10&amp;t=64458\" target=\"_blank\" rel=\"noopener\">Discussion and (possible) future updates on CS.RIN.RU thread</a></p><h3>Screenshots (Click to enlarge)</h3><p><a target=\"_blank\" href=\"https://en.riotpixels.com/games/wargame-red-dragon/screenshots/34/?utm_source=emb-gfx-html&amp;utm_medium=image&amp;utm_campaign=rp-mass\" rel=\"noopener\"><img loading=\"lazy\" width=\"178\" height=\"100\" border=\"0\" src=\"https://s01.riotpixels.net/data/20/54/205477b2-f2ed-4087-85da-4836bc8c46bf.jpg.240p.jpg\"></a><a target=\"_blank\" href=\"https://en.riotpixels.com/games/wargame-red-dragon/screenshots/31/?utm_source=emb-gfx-html&amp;utm_medium=image&amp;utm_campaign=rp-mass\" rel=\"noopener\"><img loading=\"lazy\" width=\"178\" height=\"100\" border=\"0\" src=\"https://s01.riotpixels.net/data/3c/84/3c84e098-0d22-4c97-a8b4-cbfbc5050a4c.jpg.240p.jpg\"></a><a target=\"_blank\" href=\"https://en.riotpixels.com/games/wargame-red-dragon/screenshots/30/?utm_source=emb-gfx-html&amp;utm_medium=image&amp;utm_campaign=rp-mass\" rel=\"noopener\"><img loading=\"lazy\" width=\"178\" height=\"100\" border=\"0\" src=\"https://s01.riotpixels.net/data/50/a1/50a13d18-fbf8-4d4a-94b6-b67656673904.jpg.240p.jpg\"></a><br><a target=\"_blank\" href=\"https://en.riotpixels.com/games/wargame-red-dragon/screenshots/28/?utm_source=emb-gfx-html&amp;utm_medium=image&amp;utm_campaign=rp-mass\" rel=\"noopener\"><img loading=\"lazy\" width=\"178\" height=\"100\" border=\"0\" src=\"https://s01.riotpixels.net/data/94/bc/94bca4ca-406c-4279-b29a-7d0a451a88f9.jpg.240p.jpg\"></a><a target=\"_blank\" href=\"https://en.riotpixels.com/games/wargame-red-dragon/screenshots/27/?utm_source=emb-gfx-html&amp;utm_medium=image&amp;utm_campaign=rp-mass\" rel=\"noopener\"><img loading=\"lazy\" width=\"178\" height=\"100\" border=\"0\" src=\"https://s01.riotpixels.net/data/24/13/2413faa9-cb6a-445f-93ac-ab77d4d35a1c.jpg.240p.jpg\"></a><a target=\"_blank\" href=\"https://en.riotpixels.com/games/wargame-red-dragon/screenshots/26/?utm_source=emb-gfx-html&amp;utm_medium=image&amp;utm_campaign=rp-mass\" rel=\"noopener\"><img loading=\"lazy\" width=\"178\" height=\"100\" border=\"0\" src=\"https://s01.riotpixels.net/data/f3/69/f36966db-888a-49ff-945e-57a48725b7ea.jpg.240p.jpg\"></a></p><h3>Repack Features</h3><ul><li>Based on Wargame_Red_Dragon_Nation_Pack_South_Africa-FLT ISO release: flt-wargame_red_dragon_nation_pack_south_africa.iso (16,722,022,400 bytes)</li><li>Game version: v21.09.28.58710; 8 DLCs are included and activated</li><li>100% Lossless &amp; MD5 Perfect: all files are identical to originals after installation</li><li>NOTHING ripped, NOTHING re-encoded</li><li>Significantly smaller archive size (compressed from 15.6 to 8.7 GB)</li><li>Installation takes from 10 minutes (on 16-threads CPU) to 25 minutes (on 4-threads CPU)</li><li>After-install integrity check so you could make sure that everything installed properly</li><li>HDD space after installation: 20 GB (22.6 GB during installation)</li><li>Language can be changed in game settings</li><li>Repack uses XTool library by Razor12911</li><li>At least 2 GB of free RAM (inc. virtual) required for installing this repack</li></ul><div ><div><h2>Game Description</h2></div><div ><b>The new reference in RTS at its best!</b><p>The Wargame series returns to duty, larger, richer and more spectacular than ever before. In Wargame Red Dragon, you are engaged in a large-scale conflict where Western forces clash against the Communist bloc.</p><p>1991: the two blocs confront each other in a new theater of war, Asia, joined by various other countries: Japan, China, North Korea, South Korea, Australia and New Zealand.</p><p>You command the military resources of all 17 nations involved, assembling your fighting force from a phenomenal selection of 1,450 units that have been meticulously reproduced from their source! Command tanks, planes, helicopters, new warships and amphibious units in intense battles of unequaled tactical depth. Master the relief of varied, ultra realistic battlefields, dominate the new maritime areas and rewrite history in a conflict that has been directed and designed in stunning detail by development studio Eugen Systems.</p><p>Wargame Red Dragon is thrilling in single-player mode with its new dynamic campaign system, and also offers an extensive multiplayer mode where up to 20 players can compete against each other simultaneously.</p><p><b>Nation Pack: South Africa</b><br>Get back into the fight with the South African Defence Force\u2019s unique Cold War arsenal in the new Wargame Red Dragon \u2013 Nation Pack: South Africa.</p><p>With this new in-depth Nation Pack expansion for the Eugen Systems\u2019 popular RTS, you get to play with the hard-hitting and mobile fighting forces of the SADF, as deployed during the Border Wars of the 1980s. Take control of close to 90 new units, meticulously researched and painstakingly recreated and all fully voiced in either Afrikaans or South African-accented English.</p><p>Known for its fast-wheeled units and aggressive infantry, the SADF was one of the premier fighting forces on the African continent \u2013 and one of the few engaged in open Cold War conflict. Focused on self-sufficiency due to strict international embargoes, the SADF fielded many indigenous designs, specially adapted to the local environment and battlefield conditions.</p><p>From Casspir and Ratel APCs to the tracked Olifant main battle tank, the wheeled G6 Renoster self-propelled artillery, Rooivalk attack helicopters \u2013 the SADF\u2019s renowned arsenal is now fully available in Wargame Red Dragon.</p><p><b>South Africa Features</b></p><ul><li>Play with close to 90 new SADF units, including 20 brand-new vehicle models, as well as numerous new variants.</li><li>These include the ubiquitous Casspir and Ratel APCs (IFV, recon, command, mortar, and even SAM), the Rooikat wheeled tank (including variants and prototypes), Eland (license-produced French AML), Cactus (French Crotale), the tracked Olifant MBT, many armed versions of locally made SAMIL trucks (Ystervark and Bosvark SPAAG, Valkiri and Bateleur MLRS), to the iconic G6 Renoster self-propelled howitzer.</li><li>Air forces available feature the old Buccaneer, Vampire and Impala as close-air support, as well as several French Mirage variants and locally modified Cheetah as fighter and multirole aircrafts. Furthermore, you will find the Atlas Carver prototype, the planned (yet canceled) first full South African plane design.</li><li>Helicopters include the French Alouette III, Puma, Super Frelon and their locally produced versions and prototypes such as the K-Car, Oryx and XTP-1 Beta. You\u2019ll also will be able to deploy South Africa\u2019s very own attack helicopter design, the Rooivalk.</li><li>Infantry features Bokkop regular riflemen, Parabat paratroopers, SASF special forces, and many more units such as militia, recon, MANPADS, engineers. You will also find Portuguese-speaking Angolian UNITA squads, as well as SADF\u2019s own 32 Battalion (the Buffalos), a veteran light infantry formation.</li><li>SADF weaponry features imported or locally built R1 and R4 rifles, SS-77 and Mini-SS MG, LRAC and APILAS LAW, but also the more original HK-21, FT5, Inflict and, of course, the iconic Y2 grenade-launcher and NTW-20 heavy sniper rifle.</li></ul><p><b>Included DLCs:</b></p><ul><li>Norse Dragons</li><li>South Africa</li><li>Nation Pack: Israel</li><li>Second Korean War</li><li>Nation Pack: Netherlands</li><li>The Millionth Mile</li><li>Russian Roulette [10vs10 Map DLC]</li><li>Double Nation Pack: REDS</li></ul></div></div>             </div>"
}