{
    "link": "https://fitgirl-repacks.site/wasteland-3/",
    "title": "Wasteland 3: Digital Deluxe Edition \u2013 Steam v1.5.3.305909 + 3 DLCs + Bonus Content",
    "first_img": "https://i3.imageban.ru/out/2021/09/02/d951a992b65c6ed91070d7ad8577c4a8.jpg",
    "second_img": "https://s01.riotpixels.net/data/7a/32/7a328052-882a-4bcb-86f6-1a818ea89066.jpg.240p.jpg",
    "body": "<div ><h2>Wasteland 3: Digital Deluxe Edition \u2013 Steam v1.5.3.305909 + 3 DLCs + Bonus Content</h2><p ><div><a target=\"_blank\" href=\"http://en.riotpixels.com/games/wasteland-3/\" rel=\"noopener\"><img class=\"alignleft\" width=\"150\" src=\"https://i3.imageban.ru/out/2021/09/02/d951a992b65c6ed91070d7ad8577c4a8.jpg\"></a></div><br>Genres/Tags: <strong>RPG, Strategy, Isometric, 3D, Turn-based</strong><br>Companies: <strong>inXile Entertainment, Deep Silver</strong><br>Languages: <strong>RUS/ENG/MULTI8</strong><br>Original Size: <strong>23.6 GB</strong><br>Repack Size: <strong>from 12.1 GB</strong> [Selective Download]</p>&nbsp;<div>&nbsp;</div><h3>Download Mirrors</h3><ul><li><a href=\"https://1337x.to/torrent/5012691/Wasteland-3-Digital-Deluxe-Edition-v1-5-3-305909-3-DLCs-Bonus-Content-MULTi8-FitGirl-Repack-Selective-Download-from-12-1-GB/\" target=\"_blank\" rel=\"noopener\">1337x</a> | [<a href=\"magnet:?xt=urn:btih:A398BF8952C5F2B7F4A35D356A7FF66B45045539&amp;dn=Wasteland+3%3A+Digital+Deluxe+Edition+%28v1.5.3.305909+%2B+3+DLCs+%2B+Bonus+Content%2C+MULTi8%29+%5BFitGirl+Repack%2C+Selective+Download+-+from+12.1+GB%5D&amp;tr=udp%3A%2F%2F46.148.18.250%3A2710&amp;tr=udp%3A%2F%2Fopentor.org%3A2710&amp;tr=udp%3A%2F%2Ftracker.coppersurfer.tk%3A6969%2Fannounce&amp;tr=udp%3A%2F%2Ftracker.opentrackr.org%3A1337%2Fannounce&amp;tr=http%3A%2F%2Ftracker.dler.org%3A6969%2Fannounce&amp;tr=udp%3A%2F%2Ftracker.leechers-paradise.org%3A6969%2Fannounce&amp;tr=udp%3A%2F%2F9.rarbg.me%3A2730%2Fannounce&amp;tr=udp%3A%2F%2F9.rarbg.to%3A2770%2Fannounce&amp;tr=udp%3A%2F%2Ftracker.pirateparty.gr%3A6969%2Fannounce&amp;tr=http%3A%2F%2Fretracker.local%2Fannounce&amp;tr=http%3A%2F%2Fretracker.ip.ncnet.ru%2Fannounce&amp;tr=udp%3A%2F%2Fexodus.desync.com%3A6969%2Fannounce&amp;tr=udp%3A%2F%2Fipv4.tracker.harry.lu%3A80%2Fannounce&amp;tr=udp%3A%2F%2Fopen.stealth.si%3A80%2Fannounce&amp;tr=udp%3A%2F%2Ftracker.zer0day.to%3A1337%2Fannounce&amp;tr=udp%3A%2F%2Ftracker.leechers-paradise.org%3A6969%2Fannounce&amp;tr=udp%3A%2F%2Fcoppersurfer.tk%3A6969%2Fannounce\">magnet</a>] [<a href=\"https://pastefg.hermietkreeft.site/?055b257cc4fe8139#CPFXX6jcSv7hdewVaCq95szW5TWiAY9MXDZ28LaubZyo\" target=\"_blank\" rel=\"noopener\">.torrent file only</a>] <br><img src=\"https://torrent-stats.info/5d35/1ad465ddd.png\" style=\"display:block;clear:both\"></li><li><a href=\"http://rutor.info/torrent/838714/wasteland-3-digital-deluxe-edition-v-1.5.3.305909-dlcs-2020-pc-repack-ot-fitgirl\" target=\"_blank\" rel=\"noopener\">RuTor</a> [<a href=\"magnet:?xt=urn:btih:a398bf8952c5f2b7f4a35d356a7ff66b45045539&amp;dn=rutor.info_Wasteland+3%3A+Digital+Deluxe+Edition+%5Bv+1.5.3.305909+%2B+DLCs%5D+%282020%29+PC+%7C+RePack+%D0%BE%D1%82+FitGirl&amp;tr=udp://opentor.net:6969&amp;tr=udp://opentor.org:2710&amp;tr=http://retracker.local/announce\">magnet</a>]</li><li><a href=\"https://tapochek.net/viewtopic.php?p=2805041\" target=\"_blank\" rel=\"noopener\">Tapochek.net</a></li><li><a href=\"https://pastefg.hermietkreeft.site/?63a22f7c8fa49ad3#5YD9yuwXFmHBtpkR73tQLbLggGXgdCNudrKa3SjuCgva\" target=\"_blank\" rel=\"noopener\">Filehoster: MultiUpload</a> (10+ hosters, interchangeable) [Use <a href=\"http://jdownloader.org/jdownloader2\" target=\"_blank\" rel=\"noopener\">JDownloader2</a>]</li><li><a href=\"https://pastefg.hermietkreeft.site/?dc9a96f5aa78316c#8VCJoavVJZBhnWmgLJMjmAbLLVpdNmHKHQXS8RXLvQGn\" target=\"_blank\" rel=\"noopener\">Filehoster: ZippyShare</a></li><li><a href=\"https://pastefg.hermietkreeft.site/?e8abcccf587908e5#8TP1HKTwoZePyBDvcLKRdhdivHQkrLjcjX61q8sYH1jM\" target=\"_blank\" rel=\"noopener\">Filehoster: LetsUpload</a> [Use <a href=\"http://jdownloader.org/jdownloader2\" target=\"_blank\" rel=\"noopener\">JDownloader2</a>]</li><li><a href=\"https://pastefg.hermietkreeft.site/?1f02ef0f24c3b428#CB8FE6LtMRENuYEy2WkeSJUAuezDQn2e6XfoRH5EDJ37\" target=\"_blank\" rel=\"noopener\">Filehoster: OneDrive</a> (Uploaded by DyR0 t(-_-t), NOT compatible with other mirrors)</li></ul><p><a href=\"https://cs.rin.ru/forum/viewtopic.php?f=10&amp;t=79909\" target=\"_blank\" rel=\"noopener\">Discussion and (possible) future updates on CS.RIN.RU thread</a></p><h3>Screenshots (Click to enlarge)</h3><p><a target=\"_blank\" href=\"http://en.riotpixels.com/games/wasteland-3/screenshots/25/?utm_source=emb-gfx-html&amp;utm_medium=image&amp;utm_campaign=rp-mass\" rel=\"noopener\"><img loading=\"lazy\" width=\"178\" height=\"100\" border=\"0\" src=\"https://s01.riotpixels.net/data/7a/32/7a328052-882a-4bcb-86f6-1a818ea89066.jpg.240p.jpg\"></a><a target=\"_blank\" href=\"http://en.riotpixels.com/games/wasteland-3/screenshots/22/?utm_source=emb-gfx-html&amp;utm_medium=image&amp;utm_campaign=rp-mass\" rel=\"noopener\"><img loading=\"lazy\" width=\"178\" height=\"100\" border=\"0\" src=\"https://s01.riotpixels.net/data/d4/7b/d47b7aa9-0459-4773-9340-aa076f882e91.jpg.240p.jpg\"></a><a target=\"_blank\" href=\"http://en.riotpixels.com/games/wasteland-3/screenshots/14/?utm_source=emb-gfx-html&amp;utm_medium=image&amp;utm_campaign=rp-mass\" rel=\"noopener\"><img loading=\"lazy\" width=\"178\" height=\"100\" border=\"0\" src=\"https://s01.riotpixels.net/data/46/9f/469fea26-d6bc-4718-94dc-10c25e30880e.jpg.240p.jpg\"></a><br><a target=\"_blank\" href=\"http://en.riotpixels.com/games/wasteland-3/screenshots/8/?utm_source=emb-gfx-html&amp;utm_medium=image&amp;utm_campaign=rp-mass\" rel=\"noopener\"><img loading=\"lazy\" width=\"178\" height=\"100\" border=\"0\" src=\"https://s01.riotpixels.net/data/b0/e9/b0e9d473-00e4-4658-a459-735085d623ff.jpg.240p.jpg\"></a><a target=\"_blank\" href=\"http://en.riotpixels.com/games/wasteland-3/screenshots/6/?utm_source=emb-gfx-html&amp;utm_medium=image&amp;utm_campaign=rp-mass\" rel=\"noopener\"><img loading=\"lazy\" width=\"178\" height=\"100\" border=\"0\" src=\"https://s01.riotpixels.net/data/a3/88/a3885f23-c59b-462a-9381-57d0ee5eb48d.jpg.240p.jpg\"></a><a target=\"_blank\" href=\"http://en.riotpixels.com/games/wasteland-3/screenshots/5/?utm_source=emb-gfx-html&amp;utm_medium=image&amp;utm_campaign=rp-mass\" rel=\"noopener\"><img loading=\"lazy\" width=\"178\" height=\"100\" border=\"0\" src=\"https://s01.riotpixels.net/data/be/33/be333bee-0908-4138-98d6-a2b1b147353e.jpg.240p.jpg\"></a></p><h3>Repack Features</h3><ul><li>Based on Wasteland.3.Cult.of.the.Holy.Detonation-CODEX ISO release: codex-wasteland.3.cult.of.the.holy.detonation.iso (25,328,287,744 bytes)</li><li>Game version: v1.5.3.305909</li><li>Colorado Survival Gear, The Battle of Steeltown and Cult of the Holy Detonation DLCs are included (available after completing certain tasks in-game)</li><li>100% Lossless &amp; MD5 Perfect: all files are identical to originals after installation</li><li>NOTHING ripped, NOTHING re-encoded</li><li>Selective Download feature: you may skip downloading and installing of Bonus Content and useless Linux files, left in-game by devs mistake</li><li>Significantly smaller archive size (compressed from 23.6 to 12.1~12.7 GB, depending on selected components)</li><li>Installation takes 12-30 minutes (depending on your system)</li><li>After-install integrity check so you could make sure that everything installed properly</li><li>HDD space after installation: up to 29.5 GB</li><li>Language can be changed in game settings</li><li>At least 2 GB of free RAM (inc. virtual) required for installing this repack</li></ul><div ><div><h2>Game Description</h2></div><div >In Wasteland 3 you take command of a squad of Desert Rangers, lawmen and women in a post-nuclear world, trying to rebuild society from the ashes. More than a century after the bombs fell, you\u2019re fighting a losing battle to keep your beloved Arizona alive. Then the self-proclaimed Patriarch of Colorado radios, promising aid if you\u2019ll do a job he can only entrust to an outsider\u2014rescue his land from the ambitions of his three bloodthirsty children.<p>You\u2019re dispatched on a desperate quest from the scorching deserts to the snowy mountains to start from scratch, building a new base, finding a snow-worthy vehicle, training new recruits, and fighting your way through hostile frozen wastes. All the while, you\u2019ll have to decide who to trust in this land torn apart by corruption, intrigue, warring factions, crazed cultists, cutthroat gangs, and bitter sibling rivalries. Build a reputation for yourself by making decisions that will profoundly impact Colorado, its inhabitants and the story you experience. Will you be Colorado\u2019s savior or its worst nightmare?</p><p>Wasteland 3 is a squad-based RPG from inXile entertainment, featuring challenging tactical turn-based combat and a deep, reactive story full of twists, turns, and brutal ethical decisions that will keep you hooked whether you\u2019re a Wasteland veteran or new to the series. Create a squad of up to six Rangers and customize them with perks and abilities geared to your playstyle. You even get your own battle truck, which you can upgrade into a hardened war beast, bristling with weapons, to help mow down your enemies.</p><p><b>Digital Deluxe Edition Bonuses</b></p><p>The Wasteland 3 Digital Deluxe edition bolsters your adventure into post-apocalyptic Colorado with digital guides, novellas, art, and the official soundtrack.</p><ul><li>Wasteland 3 Manual</li><li>Desert Rangers Wasteland Survival Guide</li><li>Digital Soundtrack (MP3)</li><li>The Art of Wasteland 3</li><li>Digital Novellas</li><li>Hi-res Wallpapers</li></ul></div></div><p><b>Backwards Compatibility</b></p><p>This repack is slightly backwards compatible with my previous WL3 repack. You can rehash fg-optional-bonus-content.bin and save 233 MB of traffic.</p>             </div>"
}