{
    "link": "https://fitgirl-repacks.site/we-are-football/",
    "title": "We Are Football",
    "first_img": "https://i114.fastpic.ru/big/2021/0616/84/84ed0d8a3316da53478e49e02cbc0484.jpg",
    "second_img": "https://s01.riotpixels.net/data/7f/94/7f94494c-93b4-46ab-b3ee-2ddeaf2174e7.jpg.240p.jpg",
    "body": "<div ><h2>We Are Football</h2><p ><div><a target=\"_blank\" href=\"https://en.riotpixels.com/games/we-are-football/\" rel=\"noopener\"><img class=\"alignleft\" width=\"150\" src=\"https://i114.fastpic.ru/big/2021/0616/84/84ed0d8a3316da53478e49e02cbc0484.jpg\"></a></div><br>Genres/Tags: <strong>Managerial, Sports, Soccer, Strategy, Isometric, Real-time, 3D</strong><br>Companies: <strong>Winning Streak Games, THQ Nordic</strong><br>Languages: <strong>RUS/ENG/MULTI8</strong><br>Original Size: <strong>1.4 GB</strong><br>Repack Size: <strong>1.1 GB</strong></p>&nbsp;<div>&nbsp;</div><h3>Download Mirrors</h3><ul><li><a href=\"https://1337x.to/torrent/4894461/We-Are-Football-MULTi8-FootGirl-Repack/\" target=\"_blank\" rel=\"noopener\">1337x</a> | [<a href=\"magnet:?xt=urn:btih:5C42F14013BCEFE0840CF71C984BF20681F745C7&amp;dn=We+Are+Football+%28MULTi8%29+%5BFootGirl+Repack%5D&amp;tr=udp%3A%2F%2F46.148.18.250%3A2710&amp;tr=udp%3A%2F%2Fopentor.org%3A2710&amp;tr=udp%3A%2F%2Ftracker.coppersurfer.tk%3A6969%2Fannounce&amp;tr=udp%3A%2F%2Ftracker.opentrackr.org%3A1337%2Fannounce&amp;tr=http%3A%2F%2Ftracker.dler.org%3A6969%2Fannounce&amp;tr=udp%3A%2F%2Ftracker.leechers-paradise.org%3A6969%2Fannounce&amp;tr=udp%3A%2F%2F9.rarbg.me%3A2730%2Fannounce&amp;tr=udp%3A%2F%2F9.rarbg.to%3A2770%2Fannounce&amp;tr=udp%3A%2F%2Ftracker.pirateparty.gr%3A6969%2Fannounce&amp;tr=http%3A%2F%2Fretracker.local%2Fannounce&amp;tr=http%3A%2F%2Fretracker.ip.ncnet.ru%2Fannounce&amp;tr=udp%3A%2F%2Fexodus.desync.com%3A6969%2Fannounce&amp;tr=udp%3A%2F%2Fipv4.tracker.harry.lu%3A80%2Fannounce&amp;tr=udp%3A%2F%2Fopen.stealth.si%3A80%2Fannounce&amp;tr=udp%3A%2F%2Ftracker.zer0day.to%3A1337%2Fannounce&amp;tr=udp%3A%2F%2Ftracker.leechers-paradise.org%3A6969%2Fannounce&amp;tr=udp%3A%2F%2Fcoppersurfer.tk%3A6969%2Fannounce\">magnet</a>] [<a href=\"https://pastefg.hermietkreeft.site/?3bc694b0e2a1c2be#H8u8J7w7k12ayVFzvYv2EGqNteDtpcHiZMEQtyGgD3CB\" target=\"_blank\" rel=\"noopener\">.torrent file only</a>] <br><img src=\"https://torrent-stats.info/f71c/455cf1bac.png\" style=\"display:block;clear:both\"></li><li><a href=\"http://rutor.info/torrent/821451/we-are-football-2021-pc-repack-ot-footgirl\" target=\"_blank\" rel=\"noopener\">RuTor</a> [<a href=\"magnet:?xt=urn:btih:5c42f14013bcefe0840cf71c984bf20681f745c7&amp;dn=rutor.info_We+Are+Football+%282021%29+PC+%7C+RePack+%D0%BE%D1%82+FootGirl&amp;tr=udp://opentor.org:2710&amp;tr=udp://opentor.org:2710&amp;tr=http://retracker.local/announce\">magnet</a>]</li><li><a href=\"https://tapochek.net/viewtopic.php?p=2784484\" target=\"_blank\" rel=\"noopener\">Tapochek.net</a></li><li><a href=\"https://pastefg.hermietkreeft.site/?6c936f39e56e7c9f#FAkw5AVNqKU6zZDagKhadpnfaxm1bTFzYEyt8p1Jdbvv\" target=\"_blank\" rel=\"noopener\">Filehoster: MultiUpload</a> (10+ hosters, interchangeable) [Use <a href=\"http://jdownloader.org/jdownloader2\" target=\"_blank\" rel=\"noopener\">JDownloader2</a>]</li><li><a href=\"https://pastefg.hermietkreeft.site/?c3207cecb980782c#3urhE5xYfzfPh5cFLWt4BGYCkhaHFsF7v8JWRC3FpBGA\" target=\"_blank\" rel=\"noopener\">Filehoster: PixelDrain</a></li><li><a href=\"https://pastefg.hermietkreeft.site/?174c867224d1a9d7#7VAgZajk5KTrHAKzwcLQwcCEj311DMgHUdgSKw95wSZx\" target=\"_blank\" rel=\"noopener\">Filehoster: LetsUpload</a> [Use <a href=\"http://jdownloader.org/jdownloader2\" target=\"_blank\" rel=\"noopener\">JDownloader2</a>]</li><li><a href=\"https://crackhub.site/we-are-football-fitgirl-repack/\" target=\"_blank\" rel=\"noopener\">Filehosters: Google Drive, OneDrive + others</a> (Uploaded by crackhub213)</li><li><a href=\"https://pastefg.hermietkreeft.site/?18abdeb626c47308#Hkdbk9uqQBEStRwTVXgtT6mxN3YD4v57qdYvdf7UiAWH\" target=\"_blank\" rel=\"noopener\">Filehoster: OneDrive</a> (Uploaded by DyR0 t(-_-t), NOT compatible with other mirrors)</li></ul><p><a href=\"https://cs.rin.ru/forum/viewtopic.php?f=10&amp;t=112277\" target=\"_blank\" rel=\"noopener\">Discussion and (possible) future updates on CS.RIN.RU thread</a></p><h3>Screenshots (Click to enlarge)</h3><p><a target=\"_blank\" href=\"https://en.riotpixels.com/games/we-are-football/screenshots/16/?utm_source=emb-gfx-html&amp;utm_medium=image&amp;utm_campaign=rp-mass\" rel=\"noopener\"><img loading=\"lazy\" width=\"178\" height=\"100\" border=\"0\" src=\"https://s01.riotpixels.net/data/7f/94/7f94494c-93b4-46ab-b3ee-2ddeaf2174e7.jpg.240p.jpg\"></a><a target=\"_blank\" href=\"https://en.riotpixels.com/games/we-are-football/screenshots/15/?utm_source=emb-gfx-html&amp;utm_medium=image&amp;utm_campaign=rp-mass\" rel=\"noopener\"><img loading=\"lazy\" width=\"178\" height=\"100\" border=\"0\" src=\"https://s01.riotpixels.net/data/b7/32/b7323c55-9297-4fbd-ba02-9111f1e47570.jpg.240p.jpg\"></a><a target=\"_blank\" href=\"https://en.riotpixels.com/games/we-are-football/screenshots/11/?utm_source=emb-gfx-html&amp;utm_medium=image&amp;utm_campaign=rp-mass\" rel=\"noopener\"><img loading=\"lazy\" width=\"178\" height=\"100\" border=\"0\" src=\"https://s01.riotpixels.net/data/0c/c3/0cc3bf64-499a-4f3d-839c-52e095aa368e.jpg.240p.jpg\"></a><br><a target=\"_blank\" href=\"https://en.riotpixels.com/games/we-are-football/screenshots/5/?utm_source=emb-gfx-html&amp;utm_medium=image&amp;utm_campaign=rp-mass\" rel=\"noopener\"><img loading=\"lazy\" width=\"178\" height=\"100\" border=\"0\" src=\"https://s01.riotpixels.net/data/41/ba/41ba063e-5d7c-44e4-b322-873159fb6d4f.jpg.240p.jpg\"></a><a target=\"_blank\" href=\"https://en.riotpixels.com/games/we-are-football/screenshots/3/?utm_source=emb-gfx-html&amp;utm_medium=image&amp;utm_campaign=rp-mass\" rel=\"noopener\"><img loading=\"lazy\" width=\"178\" height=\"100\" border=\"0\" src=\"https://s01.riotpixels.net/data/50/5a/505a60b7-887a-4b81-a3c4-7e26cf351449.jpg.240p.jpg\"></a><a target=\"_blank\" href=\"https://en.riotpixels.com/games/we-are-football/screenshots/2/?utm_source=emb-gfx-html&amp;utm_medium=image&amp;utm_campaign=rp-mass\" rel=\"noopener\"><img loading=\"lazy\" width=\"178\" height=\"100\" border=\"0\" src=\"https://s01.riotpixels.net/data/b0/7e/b07e3a0a-aecf-4c43-8bec-8655291acbdb.jpg.240p.jpg\"></a></p><h3>Repack Features</h3><ul><li>Based on WE.ARE.FOOTBALL-SKIDROW ISO release: sr-wearefootball.iso (1,516,716,032 bytes)</li><li>100% Lossless &amp; MD5 Perfect: all files are identical to originals after installation</li><li>NOTHING ripped, NOTHING re-encoded</li><li>Slightly smaller archive size (compressed from 1.4 to 1.1 GB)</li><li>Installation takes 4-10 minutes (depending on your system)</li><li>After-install integrity check so you could make sure that everything installed properly</li><li>HDD space after installation: 1.5 GB (3.6 GB during installation)</li><li>Language can be changed in game settings</li><li>At least 2 GB of free RAM (inc. virtual) required for installing this repack</li></ul><div ><div><h2>Game Description</h2></div><div >As a manager and trainer in WE ARE FOOTBALL, you\u2019ll come face to face with the latest trends in the world of football, experiencing all the emotional highs and lows of your favorite club.<p>For the first time ever, this modern football manager game also offers a women\u2019s football game mode, featuring all the same functionality as well as many unique gameplay elements. To maintain and ensure the highest quality across all game modes, WE ARE FOOTBALL has been developed with experienced football management veterans such as Gerald K\u00f6hler, Rolf Langenberg, and Dirk Winter.</p><p>You\u2019ll get immediate feedback for every decision, big and small. You\u2019ll have to plan out your deadlines effectively in the game, and will only be truly successful in the club by working together with your colleagues.</p><p>WE ARE FOOTBALL focuses on real management tasks. The goal of the game is to build up the club over the long haul, including growing the team, colleagues, infrastructure, fans, and more. As a result, the football players in the game are individual personalities who spin their own stories.</p><p>A season can be played through in a few hours: You\u2019re in the middle of the action after just a few minutes. Alone, several seasons can be played through in one afternoon, and two players can even finish a season in an evening.</p><p>There\u2019s always new challenges to face in WE ARE FOOTBALL. The bigger the club, the bigger the challenge!</p><p><b><h3>Game Features</h3></b></p><ul><li>Beginner-friendly and playable without long introductions or tutorials \u2013 easy to learn but hard to master</li><li>Just as complex as traditional manager games</li><li>Club selection and career mode via settings quiz</li><li>Comprehensive manager functionality (finances, sponsors, HR, organization, fan support, followers, IPO, sale of shares to investors, fan shares, and much more)</li><li>Manager skills can be upgraded</li><li>Implementation of the latest developments in football</li><li>Detailed team and player attributes</li><li>Modern training and realistic training planning</li><li>Individual skills tree for each player</li><li>Full psychological profile for each player \u2013 the team\u2019s types need to match each other perfectly to have any chance of success</li><li>Huge youth sector \u2013 manage player development even from a young age</li><li>Comprehensive list of playing styles and basic rules</li><li>New match engine with a focus on the ball and the players involved in the offenses with additional text commentary</li><li>All matches in the game world are calculated equally</li><li>Spectacular half-time speeches</li><li>Expandable 3D stadium and 3D club grounds, as well as a club museum you can walk through</li><li>Weekly progress with exciting negotiations and many small and big decisions to be made</li><li>Comprehensive statistics section \u2013 a real treat for fans</li><li>Critical fan commentary after the match</li><li>Simulation of the ups and downs of major football teams</li><li>Simulation of national team tournaments with changes in the market value of team players</li><li>The game comes with an editor which lets you create your own leagues or clubs</li><li>Any country in the world can be edited</li><li>Men\u2019s and women\u2019s leagues</li><li>Choice of official or personal database at the beginning of the game</li><li>Open league systems with editable promotion and demotion rules</li><li>Expandable names list per language</li><li>Automatic creation of players and teams</li><li>Comprehensive editors for crests and shirts</li><li>Options to integrate your own graphics</li><li>WE ARE FOOTBALL is future-proof: the game\u2019s start year can be adjusted in the editor.</li></ul></div></div>             </div>"
}