{
    "link": "https://fitgirl-repacks.site/weird-west/",
    "title": "Weird West \u2013 v1.72271a + Calamity\u2019s Horse DLC",
    "first_img": "https://i2.imageban.ru/out/2022/04/01/8aee060280b5206eb91d1d32a6c0c622.jpg",
    "second_img": "https://s01.riotpixels.net/data/b9/ba/b9bad755-74ff-4566-b901-a34ba4212429.jpg.240p.jpg",
    "body": "<div ><h2>Weird West \u2013 v1.72271a + Calamity\u2019s Horse DLC</h2><p ><div><a target=\"_blank\" href=\"https://en.riotpixels.com/games/weird-west/\" rel=\"noopener\"><img class=\"alignleft\" width=\"150\" src=\"https://i2.imageban.ru/out/2022/04/01/8aee060280b5206eb91d1d32a6c0c622.jpg\"></a></div><br>Genres/Tags: <strong>Action, RPG, Open world, Isometric, 3D</strong><br>Companies: <strong>WolfEye Studios, Devolver Digital</strong><br>Languages: <strong>RUS/ENG/MULTI10</strong><br>Original Size: <strong>7.7 GB</strong><br>Repack Size: <strong>3.1/4.4 GB</strong></p>&nbsp;<div>&nbsp;</div><h3>Download Mirrors</h3><ul><li><a href=\"https://1337x.to/torrent/5202799/Weird-West-v1-72271a-Calamity-s-Horse-DLC-MULTi10-FitGirl-Repack-Selective-Download-from-3-1-GB/\" target=\"_blank\" rel=\"noopener\">1337x</a> | [<a href=\"magnet:?xt=urn:btih:CB9FEA80DB0371D0D44ADD07ACD82420C0DCD4A6&amp;dn=Weird+West+%28v1.72271a+%2B+Calamity%26%23039%3Bs+Horse+DLC%2C+MULTi10%29+%5BFitGirl+Repack%2C+Selective+Download+-+from+3.1+GB%5D&amp;tr=udp%3A%2F%2F46.148.18.250%3A2710&amp;tr=udp%3A%2F%2Fopentor.org%3A2710&amp;tr=udp%3A%2F%2Ftracker.coppersurfer.tk%3A6969%2Fannounce&amp;tr=udp%3A%2F%2Ftracker.opentrackr.org%3A1337%2Fannounce&amp;tr=http%3A%2F%2Ftracker.dler.org%3A6969%2Fannounce&amp;tr=udp%3A%2F%2Ftracker.leechers-paradise.org%3A6969%2Fannounce&amp;tr=udp%3A%2F%2F9.rarbg.me%3A2730%2Fannounce&amp;tr=udp%3A%2F%2F9.rarbg.to%3A2770%2Fannounce&amp;tr=udp%3A%2F%2Ftracker.pirateparty.gr%3A6969%2Fannounce&amp;tr=http%3A%2F%2Fretracker.local%2Fannounce&amp;tr=http%3A%2F%2Fretracker.ip.ncnet.ru%2Fannounce&amp;tr=udp%3A%2F%2Fexodus.desync.com%3A6969%2Fannounce&amp;tr=udp%3A%2F%2Fipv4.tracker.harry.lu%3A80%2Fannounce&amp;tr=udp%3A%2F%2Fopen.stealth.si%3A80%2Fannounce&amp;tr=udp%3A%2F%2Ftracker.opentrackr.org%3A1337%2Fannounce&amp;tr=http%3A%2F%2Ftracker.openbittorrent.com%3A80%2Fannounce&amp;tr=udp%3A%2F%2Fopentracker.i2p.rocks%3A6969%2Fannounce&amp;tr=udp%3A%2F%2Ftracker.internetwarriors.net%3A1337%2Fannounce&amp;tr=udp%3A%2F%2Ftracker.leechers-paradise.org%3A6969%2Fannounce&amp;tr=udp%3A%2F%2Fcoppersurfer.tk%3A6969%2Fannounce&amp;tr=udp%3A%2F%2Ftracker.zer0day.to%3A1337%2Fannounce\">magnet</a>] [<a href=\"https://pastefg.hermietkreeft.site/?366ded81bf99f221#AvPYAfkffDwRizTE5e82rgZLubWjZ1M7nucJC1SkKnuj\" target=\"_blank\" rel=\"noopener\">.torrent file only</a>] <br><img src=\"https://torrent-stats.info/dd07/427c13a7e.png\" style=\"display:block;clear:both\"></li><li><a href=\"http://rutor.info/torrent/868755/weird-west-v-1.72271a-dlc-2022-pc-repack-ot-fitgirl\" target=\"_blank\" rel=\"noopener\">RuTor</a> [<a href=\"magnet:?xt=urn:btih:cb9fea80db0371d0d44add07acd82420c0dcd4a6&amp;dn=rutor.info_Weird+West+%5Bv+1.72271a+%2B+DLC%5D+%282022%29+PC+%7C+RePack+%D0%BE%D1%82+FitGirl&amp;tr=udp://opentor.net:6969&amp;tr=http://retracker.local/announce\">magnet</a>]</li><li><a href=\"https://tapochek.net/viewtopic.php?p=2843418\" target=\"_blank\" rel=\"noopener\">Tapochek.net</a></li><li><a href=\"https://pastefg.hermietkreeft.site/?9ffb3669935c65ac#HC3WB2UjFdnVoebz5gS3uebWVUieMKTW2WZ94EUqfiMa\" target=\"_blank\" rel=\"noopener\">Filehoster: MultiUpload</a> (10+ hosters, interchangeable) [Use <a href=\"http://jdownloader.org/jdownloader2\" target=\"_blank\" rel=\"noopener\">JDownloader2</a>]</li><li><a href=\"https://pastefg.hermietkreeft.site/?bd47017f9ee7a25c#5Q4oJEVcGe2mncBJAZrKDSh3MyFLAe8cgYeUthTLDkFo\" target=\"_blank\" rel=\"noopener\">Filehoster: ZippyShare</a></li><li><a href=\"https://pastefg.hermietkreeft.site/?04d0c397f2ab9c2e#6YD1XxzbZh4apkZRysceTCG9qD6T31cq36fgghkzLGh8\" target=\"_blank\" rel=\"noopener\">Filehoster: BayFiles</a></li><li><a href=\"https://pastefg.hermietkreeft.site/?3f1dc1cef581c37d#6ZcocwAXrcKQtxFvmAs4vNx94xJiXbcwsrS14bzce4Xz\" target=\"_blank\" rel=\"noopener\">Filehoster: OneDrive</a> (Uploaded by DyR0 t(-_-t), NOT compatible with other mirrors)</li><p><!--  <li><a href=\"\" target=\"_blank\" rel=\"noopener\">Filehosters: Google Drive, OneDrive + others</a> (Uploaded by crackhub213)</li>  --></p></ul><p><a href=\"https://cs.rin.ru/forum/viewtopic.php?f=10&amp;t=102586\" target=\"_blank\" rel=\"noopener\">Discussion and (possible) future updates on CS.RIN.RU thread</a></p><h3>Screenshots (Click to enlarge)</h3><p><a target=\"_blank\" href=\"https://en.riotpixels.com/games/weird-west/screenshots/16/?utm_source=emb-gfx-html&amp;utm_medium=image&amp;utm_campaign=rp-mass\" rel=\"noopener\"><img loading=\"lazy\" width=\"176\" height=\"100\" border=\"0\" src=\"https://s01.riotpixels.net/data/b9/ba/b9bad755-74ff-4566-b901-a34ba4212429.jpg.240p.jpg\"></a><a target=\"_blank\" href=\"https://en.riotpixels.com/games/weird-west/screenshots/14/?utm_source=emb-gfx-html&amp;utm_medium=image&amp;utm_campaign=rp-mass\" rel=\"noopener\"><img loading=\"lazy\" width=\"176\" height=\"100\" border=\"0\" src=\"https://s01.riotpixels.net/data/d7/f6/d7f69a05-a801-4107-9920-ecf5b183f745.jpg.240p.jpg\"></a><a target=\"_blank\" href=\"https://en.riotpixels.com/games/weird-west/screenshots/9/?utm_source=emb-gfx-html&amp;utm_medium=image&amp;utm_campaign=rp-mass\" rel=\"noopener\"><img loading=\"lazy\" width=\"178\" height=\"100\" border=\"0\" src=\"https://s01.riotpixels.net/data/af/3b/af3bd018-5c2f-42a3-81a0-382b95812518.jpg.240p.jpg\"></a><br><a target=\"_blank\" href=\"https://en.riotpixels.com/games/weird-west/screenshots/8/?utm_source=emb-gfx-html&amp;utm_medium=image&amp;utm_campaign=rp-mass\" rel=\"noopener\"><img loading=\"lazy\" width=\"178\" height=\"100\" border=\"0\" src=\"https://s01.riotpixels.net/data/37/0d/370d727c-7298-4e68-9aeb-75fb2a3a0130.jpg.240p.jpg\"></a><a target=\"_blank\" href=\"https://en.riotpixels.com/games/weird-west/screenshots/5/?utm_source=emb-gfx-html&amp;utm_medium=image&amp;utm_campaign=rp-mass\" rel=\"noopener\"><img loading=\"lazy\" width=\"178\" height=\"100\" border=\"0\" src=\"https://s01.riotpixels.net/data/c3/4f/c34f98d9-db42-4d0b-ad03-886258314acc.jpg.240p.jpg\"></a><a target=\"_blank\" href=\"https://en.riotpixels.com/games/weird-west/screenshots/3/?utm_source=emb-gfx-html&amp;utm_medium=image&amp;utm_campaign=rp-mass\" rel=\"noopener\"><img loading=\"lazy\" width=\"178\" height=\"100\" border=\"0\" src=\"https://s01.riotpixels.net/data/72/a4/72a4bbdc-b780-4ff2-9d5c-1650d968f151.jpg.240p.jpg\"></a></p><h3>Repack Features</h3><ul><li>Based on Weird_West-FLT ISO release: flt-weird_west.iso (8,251,715,584 bytes)</li><li>Game version: v1.72271a; Calamity\u2019s Horse DLC is included and activated</li><li>100% Lossless &amp; MD5 Perfect: all files are identical to originals after installation (ONLY when installed with tutorial videos!)</li><li>NOTHING ripped, NOTHING re-encoded</li><li>Selective Download feature: you can skip downloading and installing of tutorial videos</li><li>Significantly smaller archive size (compressed from 7.7 to 3.1/4.4 GB)</li><li>Installation takes two minutes</li><li>After-install integrity check so you could make sure that everything installed properly</li><li>HDD space after installation: 13.2 GB</li><li>Language can be changed in game settings</li><li>Repack uses XTool library by Razor12911</li><li>At least 2 GB of free RAM (inc. virtual) required for installing this repack</li></ul><div ><div><h2>Game Description</h2></div><div >Discover a dark fantasy reimagining of the Wild West where lawmen and gunslingers share the frontier with fantastical creatures. Journey through the story of a group of atypical heroes, written into legend by the decisions you make in an unforgiving land. Each journey is unique and tailored to the actions taken \u2013 a series of high stakes adventures where everything counts and the world reacts to the choices you make. Form a posse or venture forth alone into an otherworldly confines of the Weird West and make each legend your own.<p><b><h3>Game Features</h3></b></p><ul><li><b>Weird West:</b> Dark Fantasy reimagining of the Wild West where lawmen and gunslingers share the frontier with fantastical creatures, each playing with their own rules and their own peculiar motives.</li><li><b>Intertwined Destinies:</b> Discover the world through origin stories of different characters, moving from one character\u2019s journey to the next until all converge in a final chapter.</li><li><b>Bespoke Experience:</b> Each playthrough is unique as the game tailors the story to the player\u2019s actions and past choices for an ideal dramatic arc.</li><li><b>Immersive Sim:</b> Weird West supports different styles of play in a simulated sandbox world where characters, factions, and even places react to a player\u2019s decisions.</li></ul></div></div>             </div>"
}