{
    "link": "https://fitgirl-repacks.site/where-cards-fall/",
    "title": "Where Cards Fall",
    "first_img": "https://i5.imageban.ru/out/2021/11/05/7f3889436a34a8579b2653777afad5bd.jpg",
    "second_img": "https://s01.riotpixels.net/data/76/79/76796d1e-8f7c-4318-b028-00c0bba30ab6.jpg.240p.jpg",
    "body": "<div ><h2>Where Cards Fall</h2><p ><div><a target=\"_blank\" href=\"https://en.riotpixels.com/games/where-cards-fall/\" rel=\"noopener\"><img class=\"alignleft\" width=\"150\" src=\"https://i5.imageban.ru/out/2021/11/05/7f3889436a34a8579b2653777afad5bd.jpg\"></a></div><br>Genres/Tags: <strong>Logic, Puzzle, Isometric, 3D</strong><br>Companies: <strong>The Game Band, Snowman</strong><br>Languages: <strong>RUS/ENG/MULTI12</strong><br>Original Size: <strong>710 MB</strong><br>Repack Size: <strong><span style=\"color: gray\">DIGIT NOT FOUND</span> MB</strong></p>&nbsp;<div>&nbsp;</div><h3>Download Mirrors</h3><ul><li><a href=\"https://1337x.to/torrent/5040906/Where-Cards-Fall-MULTi12-FitGirl-Repack/\" target=\"_blank\" rel=\"noopener\">1337x</a> | [<a href=\"magnet:?xt=urn:btih:9E942243C22F2895DDB2EFCEFCF569C25329E39F&amp;dn=Where+Cards+Fall+%28MULTi12%29+%5BFitGirl+Repack%5D&amp;tr=udp%3A%2F%2F46.148.18.250%3A2710&amp;tr=udp%3A%2F%2Fopentor.org%3A2710&amp;tr=udp%3A%2F%2Ftracker.coppersurfer.tk%3A6969%2Fannounce&amp;tr=udp%3A%2F%2Ftracker.opentrackr.org%3A1337%2Fannounce&amp;tr=http%3A%2F%2Ftracker.dler.org%3A6969%2Fannounce&amp;tr=udp%3A%2F%2Ftracker.leechers-paradise.org%3A6969%2Fannounce&amp;tr=udp%3A%2F%2F9.rarbg.me%3A2730%2Fannounce&amp;tr=udp%3A%2F%2F9.rarbg.to%3A2770%2Fannounce&amp;tr=udp%3A%2F%2Ftracker.pirateparty.gr%3A6969%2Fannounce&amp;tr=http%3A%2F%2Fretracker.local%2Fannounce&amp;tr=http%3A%2F%2Fretracker.ip.ncnet.ru%2Fannounce&amp;tr=udp%3A%2F%2Fexodus.desync.com%3A6969%2Fannounce&amp;tr=udp%3A%2F%2Fipv4.tracker.harry.lu%3A80%2Fannounce&amp;tr=udp%3A%2F%2Fopen.stealth.si%3A80%2Fannounce&amp;tr=udp%3A%2F%2Ftracker.zer0day.to%3A1337%2Fannounce&amp;tr=udp%3A%2F%2Ftracker.leechers-paradise.org%3A6969%2Fannounce&amp;tr=udp%3A%2F%2Fcoppersurfer.tk%3A6969%2Fannounce\">magnet</a>] [<a href=\"https://pastefg.hermietkreeft.site/?66300b5554536143#EW6HuYikYg7UgXFnwBCNVzkQ9PMeTKi1ecqkmyNFxyCG\" target=\"_blank\" rel=\"noopener\">.torrent file only</a>] <br><img src=\"https://torrent-stats.info/efce/4593c331a.png\" style=\"display:block;clear:both\"></li><li><a href=\"http://rutor.info/torrent/843746/where-cards-fall-2021-pc-repack-ot-fitgirl\" target=\"_blank\" rel=\"noopener\">RuTor</a> [<a href=\"magnet:?xt=urn:btih:9e942243c22f2895ddb2efcefcf569c25329e39f&amp;dn=rutor.info_Where+Cards+Fall+%282021%29+PC+%7C+RePack+%D0%BE%D1%82+FitGirl&amp;tr=udp://opentor.net:6969&amp;tr=udp://opentor.org:2710&amp;tr=http://retracker.local/announce\">magnet</a>]</li><li><a href=\"https://tapochek.net/viewtopic.php?p=2809743\" target=\"_blank\" rel=\"noopener\">Tapochek.net</a></li><li><a href=\"https://pastefg.hermietkreeft.site/?7eec8ad075f4e4a4#4pKnsgB7m8B11yBaD6BxnVNzR3PyNDEPiRgGDFBrCUpi\" target=\"_blank\" rel=\"noopener\">Filehoster: MultiUpload</a> (10+ hosters, interchangeable) [Use <a href=\"http://jdownloader.org/jdownloader2\" target=\"_blank\" rel=\"noopener\">JDownloader2</a>]</li><li><a href=\"https://pastefg.hermietkreeft.site/?a944f9c661698549#BT9sPcHQ8BpZhniQFuTnLuCjNL7mGkNRtY2HmwPa7nYy\" target=\"_blank\" rel=\"noopener\">Filehoster: PixelDrain</a></li><li><a href=\"https://pastefg.hermietkreeft.site/?7d3e4b7a6def337d#DGb5XTKbsCnAfgABN4XGPmkJExWLWQCFaxznX4Btm36b\" target=\"_blank\" rel=\"noopener\">Filehoster: ZippyShare</a></li><li><a href=\"https://pastefg.hermietkreeft.site/?dc0fc859d8e5b87c#32rGtqSoxurdQtwGyjYwn8JxAh7DzTPGtZJnsYzF1KDt\" target=\"_blank\" rel=\"noopener\">Filehoster: BayFiles</a></li><li><a href=\"https://pastefg.hermietkreeft.site/?cae88c3d24a9b0c9#7zLXMAsiS5PhdB9wU8YpXkBWuGSFCLppDAYExW2FS7T5\" target=\"_blank\" rel=\"noopener\">Filehoster: LetsUpload</a> [Use <a href=\"http://jdownloader.org/jdownloader2\" target=\"_blank\" rel=\"noopener\">JDownloader2</a>]</li><li><a href=\"https://pastefg.hermietkreeft.site/?994bedd60cbbe5cb#AY1rBYf8DjUSSQjhbQjUqjit5TkX5EfxojxPh6WrMxSH\" target=\"_blank\" rel=\"noopener\">Filehoster: OneDrive</a> (Uploaded by DyR0 t(-_-t), NOT compatible with other mirrors)</li><p><!--  <li><a href=\"\" target=\"_blank\" rel=\"noopener\">Filehosters: Google Drive, OneDrive + others</a> (Uploaded by crackhub213)</li>  --></p></ul><p><a href=\"https://cs.rin.ru/forum/viewtopic.php?f=10&amp;t=77949\" target=\"_blank\" rel=\"noopener\">Discussion and (possible) future updates on CS.RIN.RU thread</a></p><h3>Screenshots (Click to enlarge)</h3><p><a target=\"_blank\" href=\"https://en.riotpixels.com/games/where-cards-fall/screenshots/21/?utm_source=emb-gfx-html&amp;utm_medium=image&amp;utm_campaign=rp-mass\" rel=\"noopener\"><img loading=\"lazy\" width=\"160\" height=\"100\" border=\"0\" src=\"https://s01.riotpixels.net/data/76/79/76796d1e-8f7c-4318-b028-00c0bba30ab6.jpg.240p.jpg\"></a><a target=\"_blank\" href=\"https://en.riotpixels.com/games/where-cards-fall/screenshots/18/?utm_source=emb-gfx-html&amp;utm_medium=image&amp;utm_campaign=rp-mass\" rel=\"noopener\"><img loading=\"lazy\" width=\"160\" height=\"100\" border=\"0\" src=\"https://s01.riotpixels.net/data/7e/20/7e20e885-9e25-40df-91ef-62d7fe4a41b8.jpg.240p.jpg\"></a><a target=\"_blank\" href=\"https://en.riotpixels.com/games/where-cards-fall/screenshots/17/?utm_source=emb-gfx-html&amp;utm_medium=image&amp;utm_campaign=rp-mass\" rel=\"noopener\"><img loading=\"lazy\" width=\"160\" height=\"100\" border=\"0\" src=\"https://s01.riotpixels.net/data/fe/04/fe0469aa-35cc-4c1c-803a-797818567af9.jpg.240p.jpg\"></a><br><a target=\"_blank\" href=\"https://en.riotpixels.com/games/where-cards-fall/screenshots/14/?utm_source=emb-gfx-html&amp;utm_medium=image&amp;utm_campaign=rp-mass\" rel=\"noopener\"><img loading=\"lazy\" width=\"160\" height=\"100\" border=\"0\" src=\"https://s01.riotpixels.net/data/ea/d4/ead49952-d5db-458f-b752-4bcdcef97553.jpg.240p.jpg\"></a><a target=\"_blank\" href=\"https://en.riotpixels.com/games/where-cards-fall/screenshots/13/?utm_source=emb-gfx-html&amp;utm_medium=image&amp;utm_campaign=rp-mass\" rel=\"noopener\"><img loading=\"lazy\" width=\"160\" height=\"100\" border=\"0\" src=\"https://s01.riotpixels.net/data/90/e7/90e71f9e-e7ad-4552-80df-066311de0e03.jpg.240p.jpg\"></a><a target=\"_blank\" href=\"https://en.riotpixels.com/games/where-cards-fall/screenshots/2/?utm_source=emb-gfx-html&amp;utm_medium=image&amp;utm_campaign=rp-mass\" rel=\"noopener\"><img loading=\"lazy\" width=\"160\" height=\"100\" border=\"0\" src=\"https://s01.riotpixels.net/data/dc/3b/dc3bcc6a-5bb7-4d82-9a11-bb111c5f4b78.jpg.240p.jpg\"></a></p><h3>Repack Features</h3><ul><li>Based on Where.Cards.Fall-DARKSiDERS ISO release: ds-wherecardsfall.iso (744,413,184 bytes)</li><li>100% Lossless &amp; MD5 Perfect: all files are identical to originals after installation</li><li>NOTHING ripped, NOTHING re-encoded</li><li>Source code left by devs by mistake, left intact for curious people</li><li>Significantly smaller archive size (compressed from 710 to 404 MB)</li><li>Installation takes less than a minute</li><li>After-install integrity check so you could make sure that everything installed properly</li><li>HDD space after installation: 1.7 GB</li><li>Repack uses XTool library by Razor12911</li><li>At least 2 GB of free RAM (inc. virtual) required for installing this repack</li></ul><div ><div><h2>Game Description</h2></div><div >Spread decks of cards to solve challenging spatial puzzles and progress through dream-like landscapes in this award-winning title. Traverse beautifully crafted, isometric puzzles that give way to a wordless coming-of-age story, that invites you to reflect on the formative moments of your own life.<p><b><h3>Game Features</h3></b></p><ul><li>Spread cards to build houses and solve over fifty tricky spatial puzzles.</li><li>Exercise your imagination and strategic thinking skills.</li><li>Includes innovative gestural controls for mouse and keyboard, plus controller support.</li><li>Bring formative memories to life through your puzzle-solving prowess.</li><li>Explore the nature of memory and pause to reflect on your own past.</li><li>Unique art style inspired by contemporary artistic movements.</li><li>Enchanting visuals complemented by immersive audio and an original soundtrack.</li></ul></div></div>             </div>"
}