{
    "link": "https://fitgirl-repacks.site/whisper-trip-chapter-1/",
    "title": "Whisper Trip: Chapter 1",
    "first_img": "https://i2.imageban.ru/out/2021/10/08/8a377d0d46451faf17e5ee30b9107b41.jpg",
    "second_img": "https://s01.riotpixels.net/data/20/d8/20d8554a-bb58-4c79-9944-6959122332d6.jpg.240p.jpg",
    "body": "<div ><h2>Whisper Trip: Chapter 1</h2><p ><div><a target=\"_blank\" href=\"https://en.riotpixels.com/games/whisper-trip-chapter-1/\" rel=\"noopener\"><img class=\"alignleft\" width=\"150\" src=\"https://i2.imageban.ru/out/2021/10/08/8a377d0d46451faf17e5ee30b9107b41.jpg\"></a></div><br>Genres/Tags: <strong>Action, Cyberpunk, Side, 2D</strong><br>Company: <strong>Walnut LLC</strong><br>Languages: <strong>RUS/ENG/MULTI12</strong><br>Original Size: <strong>2.7 GB</strong><br>Repack Size: <strong>1.7 GB</strong></p>&nbsp;<div>&nbsp;</div><h3>Download Mirrors</h3><ul><li><a href=\"https://1337x.to/torrent/5010228/Whisper-Trip-Chapter-1-MULTi12-FitGirl-Repack/\" target=\"_blank\" rel=\"noopener\">1337x</a> | [<a href=\"magnet:?xt=urn:btih:B0C7428A8D9C1116E88BD6F074D317BD4ACB639D&amp;dn=Whisper+Trip%3A+Chapter+1+%28MULTi12%29+%5BFitGirl+Repack%5D&amp;tr=udp%3A%2F%2F46.148.18.250%3A2710&amp;tr=udp%3A%2F%2Fopentor.org%3A2710&amp;tr=udp%3A%2F%2Ftracker.coppersurfer.tk%3A6969%2Fannounce&amp;tr=udp%3A%2F%2Ftracker.opentrackr.org%3A1337%2Fannounce&amp;tr=http%3A%2F%2Ftracker.dler.org%3A6969%2Fannounce&amp;tr=udp%3A%2F%2Ftracker.leechers-paradise.org%3A6969%2Fannounce&amp;tr=udp%3A%2F%2F9.rarbg.me%3A2730%2Fannounce&amp;tr=udp%3A%2F%2F9.rarbg.to%3A2770%2Fannounce&amp;tr=udp%3A%2F%2Ftracker.pirateparty.gr%3A6969%2Fannounce&amp;tr=http%3A%2F%2Fretracker.local%2Fannounce&amp;tr=http%3A%2F%2Fretracker.ip.ncnet.ru%2Fannounce&amp;tr=udp%3A%2F%2Fexodus.desync.com%3A6969%2Fannounce&amp;tr=udp%3A%2F%2Fipv4.tracker.harry.lu%3A80%2Fannounce&amp;tr=udp%3A%2F%2Fopen.stealth.si%3A80%2Fannounce&amp;tr=udp%3A%2F%2Ftracker.zer0day.to%3A1337%2Fannounce&amp;tr=udp%3A%2F%2Ftracker.leechers-paradise.org%3A6969%2Fannounce&amp;tr=udp%3A%2F%2Fcoppersurfer.tk%3A6969%2Fannounce\">magnet</a>] [<a href=\"https://pastefg.hermietkreeft.site/?6eb029012e9192c0#Fk295cocj1seQijzsgZ6A14Ycfb9sfscqosLMwKiP3mW\" target=\"_blank\" rel=\"noopener\">.torrent file only</a>] <br><img src=\"https://torrent-stats.info/d6f0/3dd712080.png\" style=\"display:block;clear:both\"></li><li><a href=\"http://rutor.info/torrent/838380/whisper-trip-chapter-1-2021-pc-repack-ot-fitgirl\" target=\"_blank\" rel=\"noopener\">RuTor</a> [<a href=\"magnet:?xt=urn:btih:b0c7428a8d9c1116e88bd6f074d317bd4acb639d&amp;dn=rutor.info_Whisper+Trip%3A+Chapter+1+%282021%29+PC+%7C+RePack+%D0%BE%D1%82+FitGirl&amp;tr=udp://opentor.net:6969&amp;tr=udp://opentor.org:2710&amp;tr=http://retracker.local/announce\">magnet</a>]</li><li><a href=\"https://tapochek.net/viewtopic.php?p=2804784\" target=\"_blank\" rel=\"noopener\">Tapochek.net</a></li><li><a href=\"https://pastefg.hermietkreeft.site/?b1c089810f5a60a0#9PJBLRMJyuyT3xA8uji4wE6GTQprryszwhHFuwRpgCgf\" target=\"_blank\" rel=\"noopener\">Filehoster: MultiUpload</a> (10+ hosters, interchangeable) [Use <a href=\"http://jdownloader.org/jdownloader2\" target=\"_blank\" rel=\"noopener\">JDownloader2</a>]</li><li><a href=\"https://pastefg.hermietkreeft.site/?206d9b6e41c73d52#4cycpBdCzVqDCSFqvACiumnA6NkEK6WqEUVrE29CsaFD\" target=\"_blank\" rel=\"noopener\">Filehoster: PixelDrain</a></li><li><a href=\"https://pastefg.hermietkreeft.site/?0a38fc96fb3942e7#BVhnsSEQUPGznvKhiDhGHHh8w3NmnDojtrQ7D6mDanwz\" target=\"_blank\" rel=\"noopener\">Filehoster: ZippyShare</a></li><li><a href=\"https://pastefg.hermietkreeft.site/?b7f46bc47e3a1945#4c5JWUJrdovTEy1TJGNGitXqQzs24AVCWivXJjAn9Znu\" target=\"_blank\" rel=\"noopener\">Filehoster: LetsUpload</a> [Use <a href=\"http://jdownloader.org/jdownloader2\" target=\"_blank\" rel=\"noopener\">JDownloader2</a>]</li><li><a href=\"https://pastefg.hermietkreeft.site/?67875b9fbe5c0322#8Gfm5LJ1Gxk5F6LT8FdBP4ZEbRTjh7PZ25DjX2yuJCQu\" target=\"_blank\" rel=\"noopener\">Filehoster: OneDrive</a> (Uploaded by DyR0 t(-_-t), NOT compatible with other mirrors)</li></ul><p><a href=\"https://cs.rin.ru/forum/viewtopic.php?f=10&amp;t=116327\" target=\"_blank\" rel=\"noopener\">Discussion and (possible) future updates on CS.RIN.RU thread</a></p><h3>Screenshots (Click to enlarge)</h3><p><a target=\"_blank\" href=\"https://en.riotpixels.com/games/whisper-trip-chapter-1/screenshots/6/?utm_source=emb-gfx-html&amp;utm_medium=image&amp;utm_campaign=rp-mass\" rel=\"noopener\"><img loading=\"lazy\" width=\"178\" height=\"100\" border=\"0\" src=\"https://s01.riotpixels.net/data/20/d8/20d8554a-bb58-4c79-9944-6959122332d6.jpg.240p.jpg\"></a><a target=\"_blank\" href=\"https://en.riotpixels.com/games/whisper-trip-chapter-1/screenshots/5/?utm_source=emb-gfx-html&amp;utm_medium=image&amp;utm_campaign=rp-mass\" rel=\"noopener\"><img loading=\"lazy\" width=\"178\" height=\"100\" border=\"0\" src=\"https://s01.riotpixels.net/data/5d/36/5d3676b6-29d1-4dbd-985b-526dc94f722b.jpg.240p.jpg\"></a><a target=\"_blank\" href=\"https://en.riotpixels.com/games/whisper-trip-chapter-1/screenshots/4/?utm_source=emb-gfx-html&amp;utm_medium=image&amp;utm_campaign=rp-mass\" rel=\"noopener\"><img loading=\"lazy\" width=\"178\" height=\"100\" border=\"0\" src=\"https://s01.riotpixels.net/data/df/b0/dfb01ca0-dab5-4f4a-b8a7-2c4f52cd1421.jpg.240p.jpg\"></a><br><a target=\"_blank\" href=\"https://en.riotpixels.com/games/whisper-trip-chapter-1/screenshots/3/?utm_source=emb-gfx-html&amp;utm_medium=image&amp;utm_campaign=rp-mass\" rel=\"noopener\"><img loading=\"lazy\" width=\"178\" height=\"100\" border=\"0\" src=\"https://s01.riotpixels.net/data/32/de/32de8c22-b39e-43b7-992c-2c736de44488.jpg.240p.jpg\"></a><a target=\"_blank\" href=\"https://en.riotpixels.com/games/whisper-trip-chapter-1/screenshots/2/?utm_source=emb-gfx-html&amp;utm_medium=image&amp;utm_campaign=rp-mass\" rel=\"noopener\"><img loading=\"lazy\" width=\"178\" height=\"100\" border=\"0\" src=\"https://s01.riotpixels.net/data/b5/8b/b58baeb1-cfcd-4fa3-9b6b-e7e98a9c1db3.jpg.240p.jpg\"></a><a target=\"_blank\" href=\"https://en.riotpixels.com/games/whisper-trip-chapter-1/screenshots/1/?utm_source=emb-gfx-html&amp;utm_medium=image&amp;utm_campaign=rp-mass\" rel=\"noopener\"><img loading=\"lazy\" width=\"178\" height=\"100\" border=\"0\" src=\"https://s01.riotpixels.net/data/76/96/76961701-e217-4021-9ee2-3ec35437d909.jpg.240p.jpg\"></a></p><h3>Repack Features</h3><ul><li>Based on Whisper.Trip.Chapter.1-DOGE ISO release: wow-whisper.trip.chapter.1.iso (2,922,627,072 bytes)</li><li>100% Lossless &amp; MD5 Perfect: all files are identical to originals after installation</li><li>NOTHING ripped, NOTHING re-encoded</li><li>Significantly smaller archive size (compressed from 2.7 to 1.7 GB)</li><li>Installation takes one minute</li><li>After-install integrity check so you could make sure that everything installed properly</li><li>HDD space after installation: 5.4 GB</li><li>Language can be changed in game settings</li><li>Repack uses XTool library by Razor12911</li><li>At least 2 GB of free RAM (inc. virtual) required for installing this repack</li></ul><div ><div><h2>Game Description</h2></div><div >Whisper Trip is a fast cooperative action side-scroller with a touch of cyberpunk. You\u2019re a newly recruited TPF agent. Who just learned that TPF stands for Tactical Police Force \u2013 an anti-terrorist squad with an obvious mission to eliminate criminal groups\u2026<p>Katanas\u2026 Who does not like those curved blades? Especially the thermal katanas ready to slash anyone or anything in a split second? But beware of your enemies; they aren\u2019t stupid and they are unique in their own pecular way. You will learn to treat them as equals; and invent a special approach to each.</p><p>Cut them as regular chickens, evade their lunges, repel their bullets, adapt yourself, and listen carefully\u2026.</p><p>You will soon find out the benefits of cooperation with your partner. Do not hesitate to ask your trusted fellow agent to help you out of this mess.</p><p>This story is rich with unexpected twists and turns, where each move leads to profound consequences\u2026 Think before you act!</p></div></div>             </div>"
}