{
    "link": "https://fitgirl-repacks.site/whitehaven/",
    "title": "Whitehaven",
    "first_img": "https://i7.imageban.ru/out/2021/10/19/0730e955de9247885b31fb2310a5a103.jpg",
    "second_img": "https://s01.riotpixels.net/data/da/66/da665b94-eb3f-4ccf-bdb8-f8fa8f611164.jpg.240p.jpg",
    "body": "<div ><h2>Whitehaven</h2><p ><div><a target=\"_blank\" href=\"https://en.riotpixels.com/games/whitehaven/\" rel=\"noopener\"><img class=\"alignleft\" width=\"150\" src=\"https://i7.imageban.ru/out/2021/10/19/0730e955de9247885b31fb2310a5a103.jpg\"></a></div><br>Genres/Tags: <strong>Adventure, Puzzle solving, Psychological, Horror, First-Person, 3D</strong><br>Company: <strong>Somnambulist Games</strong><br>Languages: <strong>ENG/ESP</strong><br>Original Size: <strong>1.8 GB</strong><br>Repack Size: <strong>1 GB</strong></p>&nbsp;<div>&nbsp;</div><h3>Download Mirrors</h3><ul><li><a href=\"https://1337x.to/torrent/5023144/Whitehaven-ENG-ESP-FitGirl-Repack/\" target=\"_blank\" rel=\"noopener\">1337x</a> | [<a href=\"magnet:?xt=urn:btih:0AC832F67DA0726B4CDACFBA5D3DCAF4EB369C1A&amp;dn=Whitehaven+%28ENG%2FESP%29+%5BFitGirl+Repack%5D&amp;tr=udp%3A%2F%2F46.148.18.250%3A2710&amp;tr=udp%3A%2F%2Fopentor.org%3A2710&amp;tr=udp%3A%2F%2Ftracker.coppersurfer.tk%3A6969%2Fannounce&amp;tr=udp%3A%2F%2Ftracker.opentrackr.org%3A1337%2Fannounce&amp;tr=http%3A%2F%2Ftracker.dler.org%3A6969%2Fannounce&amp;tr=udp%3A%2F%2Ftracker.leechers-paradise.org%3A6969%2Fannounce&amp;tr=udp%3A%2F%2F9.rarbg.me%3A2730%2Fannounce&amp;tr=udp%3A%2F%2F9.rarbg.to%3A2770%2Fannounce&amp;tr=udp%3A%2F%2Ftracker.pirateparty.gr%3A6969%2Fannounce&amp;tr=http%3A%2F%2Fretracker.local%2Fannounce&amp;tr=http%3A%2F%2Fretracker.ip.ncnet.ru%2Fannounce&amp;tr=udp%3A%2F%2Fexodus.desync.com%3A6969%2Fannounce&amp;tr=udp%3A%2F%2Fipv4.tracker.harry.lu%3A80%2Fannounce&amp;tr=udp%3A%2F%2Fopen.stealth.si%3A80%2Fannounce&amp;tr=udp%3A%2F%2Ftracker.zer0day.to%3A1337%2Fannounce&amp;tr=udp%3A%2F%2Ftracker.leechers-paradise.org%3A6969%2Fannounce&amp;tr=udp%3A%2F%2Fcoppersurfer.tk%3A6969%2Fannounce\">magnet</a>] [<a href=\"https://pastefg.hermietkreeft.site/?fa56aaff19cc6ad7#B6GSqysXWUWr6iNgLny4YnLFH7NRvM4PPJ8g5TRuDnMg\" target=\"_blank\" rel=\"noopener\">.torrent file only</a>] <br><img src=\"https://torrent-stats.info/cfba/3bf8239d2.png\" style=\"display:block;clear:both\"></li><li><a href=\"https://tapochek.net/viewtopic.php?p=2806580\" target=\"_blank\" rel=\"noopener\">Tapochek.net</a></li><li><a href=\"https://pastefg.hermietkreeft.site/?2f6c297e67be055c#4vinr5xbcK9SprXJ8dEWsQbMqRaCrpHLXfmBxbnPPDQh\" target=\"_blank\" rel=\"noopener\">Filehoster: MultiUpload</a> (10+ hosters, interchangeable) [Use <a href=\"http://jdownloader.org/jdownloader2\" target=\"_blank\" rel=\"noopener\">JDownloader2</a>]</li><li><a href=\"https://pastefg.hermietkreeft.site/?e991cb23cee8a161#DeUA5GwcEeeZhLjkYY9zk1Wor1B7jeASHcv11Eoq8wVJ\" target=\"_blank\" rel=\"noopener\">Filehoster: PixelDrain</a></li><li><a href=\"https://pastefg.hermietkreeft.site/?3d52be89b257e197#4K3kXtvYDfZKpbx3nPQdAFmhaoK6SvMUUkNo94Lzi9q9\" target=\"_blank\" rel=\"noopener\">Filehoster: ZippyShare</a></li><li><a href=\"https://pastefg.hermietkreeft.site/?cb37b4431964d131#HVM6DtmiFAVztx17dDiT49NPraLXirkm4ypYpsSnv3iN\" target=\"_blank\" rel=\"noopener\">Filehoster: LetsUpload</a> [Use <a href=\"http://jdownloader.org/jdownloader2\" target=\"_blank\" rel=\"noopener\">JDownloader2</a>]</li><li><a href=\"https://pastefg.hermietkreeft.site/?d41b3b3575d167d7#Gqnxme8vL3fbRqhTV8AjbecgXFBmDH64D3wwB2dPBXYA\" target=\"_blank\" rel=\"noopener\">Filehoster: OneDrive</a> (Uploaded by DyR0 t(-_-t), NOT compatible with other mirrors)</li><li><a href=\"https://crackhub.site/whitehaven-fitgirl-repack/\" target=\"_blank\" rel=\"noopener\">Filehosters: Google Drive, OneDrive + others</a> (Uploaded by crackhub213)</li></ul><p><a href=\"https://cs.rin.ru/forum/viewtopic.php?f=10&amp;t=116633\" target=\"_blank\" rel=\"noopener\">Discussion and (possible) future updates on CS.RIN.RU thread</a></p><h3>Screenshots (Click to enlarge)</h3><p><a target=\"_blank\" href=\"https://en.riotpixels.com/games/whitehaven/screenshots/13/?utm_source=emb-gfx-html&amp;utm_medium=image&amp;utm_campaign=rp-mass\" rel=\"noopener\"><img loading=\"lazy\" width=\"178\" height=\"100\" border=\"0\" src=\"https://s01.riotpixels.net/data/da/66/da665b94-eb3f-4ccf-bdb8-f8fa8f611164.jpg.240p.jpg\"></a><a target=\"_blank\" href=\"https://en.riotpixels.com/games/whitehaven/screenshots/12/?utm_source=emb-gfx-html&amp;utm_medium=image&amp;utm_campaign=rp-mass\" rel=\"noopener\"><img loading=\"lazy\" width=\"160\" height=\"100\" border=\"0\" src=\"https://s01.riotpixels.net/data/7e/93/7e9357d1-4423-4837-8bc2-1b8faf0d1edd.jpg.240p.jpg\"></a><a target=\"_blank\" href=\"https://en.riotpixels.com/games/whitehaven/screenshots/6/?utm_source=emb-gfx-html&amp;utm_medium=image&amp;utm_campaign=rp-mass\" rel=\"noopener\"><img loading=\"lazy\" width=\"160\" height=\"100\" border=\"0\" src=\"https://s01.riotpixels.net/data/e8/d3/e8d33904-92c8-45fd-866c-6bf64afe1f28.jpg.240p.jpg\"></a><br><a target=\"_blank\" href=\"https://en.riotpixels.com/games/whitehaven/screenshots/5/?utm_source=emb-gfx-html&amp;utm_medium=image&amp;utm_campaign=rp-mass\" rel=\"noopener\"><img loading=\"lazy\" width=\"178\" height=\"100\" border=\"0\" src=\"https://s01.riotpixels.net/data/c3/ce/c3ce7a19-7c59-47a8-8bb2-5ac26aed637e.jpg.240p.jpg\"></a><a target=\"_blank\" href=\"https://en.riotpixels.com/games/whitehaven/screenshots/4/?utm_source=emb-gfx-html&amp;utm_medium=image&amp;utm_campaign=rp-mass\" rel=\"noopener\"><img loading=\"lazy\" width=\"160\" height=\"100\" border=\"0\" src=\"https://s01.riotpixels.net/data/eb/45/eb450e5c-7c2b-4fb2-8920-d04d2a3e7d13.jpg.240p.jpg\"></a><a target=\"_blank\" href=\"https://en.riotpixels.com/games/whitehaven/screenshots/1/?utm_source=emb-gfx-html&amp;utm_medium=image&amp;utm_campaign=rp-mass\" rel=\"noopener\"><img loading=\"lazy\" width=\"160\" height=\"100\" border=\"0\" src=\"https://s01.riotpixels.net/data/69/b8/69b8dacf-8e90-4d4b-af6d-39af0188d521.jpg.240p.jpg\"></a></p><h3>Repack Features</h3><ul><li>Based on Whitehaven-DARKSiDERS ISO release: ds-whitehaven.iso (1,964,197,888 bytes)</li><li>100% Lossless &amp; MD5 Perfect: all files are identical to originals after installation</li><li>NOTHING ripped, NOTHING re-encoded</li><li>Significantly smaller archive size (compressed from 1.8 to 1 GB)</li><li>Installation takes 1-2 minutes</li><li>After-install integrity check so you could make sure that everything installed properly</li><li>HDD space after installation: 3.2 GB</li><li>Language can be changed in game settings</li><li>At least 2 GB of free RAM (inc. virtual) required for installing this repack</li></ul><div ><div><h2>Game Description</h2></div><div >Uncover the mysteries of the Whitehaven Orphanage in this first-person psychological horror game.<p><b>STORYLINE</b><br>It\u2019s been several years since the place you used to work in, the Whitehaven Orphanage, was closed down. Without being able to remember the events that led to that, you will enter it\u2019s walls in search for answers. Explore the place, collect clues and put the pieces together to find out what happened years ago as you delve deep into your mind.</p><p><b>WARNING: This game may trigger seizures for people with photosensitive epilepsy. Player discretion is advised.</b></p><p><b><h3>Game Features</h3></b></p><ul><li>Live an experience of psychological horror in first-person.</li><li>Unravel the mysteries that inhabit the place by reading files and finding clues.</li><li>Solve puzzles to unlock new areas of the orphanage.</li></ul></div></div>             </div>"
}