{
    "link": "https://fitgirl-repacks.site/witchtastic/",
    "title": "Witchtastic",
    "first_img": "https://i6.imageban.ru/out/2021/10/29/34552595415a821e73bf12eec9ac9080.jpg",
    "second_img": "https://s01.riotpixels.net/data/50/11/5011214e-a414-4a15-a33d-b304ba704816.jpg.240p.jpg",
    "body": "<div ><h2>Witchtastic</h2><p ><div><a target=\"_blank\" href=\"https://en.riotpixels.com/games/witchtastic/\" rel=\"noopener\"><img class=\"alignleft\" width=\"150\" src=\"https://i6.imageban.ru/out/2021/10/29/34552595415a821e73bf12eec9ac9080.jpg\"></a></div><br>Genres/Tags: <strong>Arcade, Isometric, 3D</strong><br>Companies: <strong>Red Fur Games, Application Systems Heidelberg</strong><br>Languages: <strong>RUS/ENG/MULTI8</strong><br>Original Size: <strong>2.1 GB</strong><br>Repack Size: <strong>846 MB</strong></p>&nbsp;<div>&nbsp;</div><h3>Download Mirrors</h3><ul><li><a href=\"https://1337x.to/torrent/5033267/Witchtastic-MULTi8-FitGirl-Repack/\" target=\"_blank\" rel=\"noopener\">1337x</a> | [<a href=\"magnet:?xt=urn:btih:9EC6986DC3B951B1C0E12629447FC603FD5591FD&amp;dn=Witchtastic+%28MULTi8%29+%5BFitGirl+Repack%5D&amp;tr=udp%3A%2F%2F46.148.18.250%3A2710&amp;tr=udp%3A%2F%2Fopentor.org%3A2710&amp;tr=udp%3A%2F%2Ftracker.coppersurfer.tk%3A6969%2Fannounce&amp;tr=udp%3A%2F%2Ftracker.opentrackr.org%3A1337%2Fannounce&amp;tr=http%3A%2F%2Ftracker.dler.org%3A6969%2Fannounce&amp;tr=udp%3A%2F%2Ftracker.leechers-paradise.org%3A6969%2Fannounce&amp;tr=udp%3A%2F%2F9.rarbg.me%3A2730%2Fannounce&amp;tr=udp%3A%2F%2F9.rarbg.to%3A2770%2Fannounce&amp;tr=udp%3A%2F%2Ftracker.pirateparty.gr%3A6969%2Fannounce&amp;tr=http%3A%2F%2Fretracker.local%2Fannounce&amp;tr=http%3A%2F%2Fretracker.ip.ncnet.ru%2Fannounce&amp;tr=udp%3A%2F%2Fexodus.desync.com%3A6969%2Fannounce&amp;tr=udp%3A%2F%2Fipv4.tracker.harry.lu%3A80%2Fannounce&amp;tr=udp%3A%2F%2Fopen.stealth.si%3A80%2Fannounce&amp;tr=udp%3A%2F%2Ftracker.zer0day.to%3A1337%2Fannounce&amp;tr=udp%3A%2F%2Ftracker.leechers-paradise.org%3A6969%2Fannounce&amp;tr=udp%3A%2F%2Fcoppersurfer.tk%3A6969%2Fannounce\">magnet</a>] [<a href=\"https://pastefg.hermietkreeft.site/?22be939909faf8e1#Dty7MYUL4MnqJKQ8SDkQGvjGkmb6dbH5yPGNH2grqZwC\" target=\"_blank\" rel=\"noopener\">.torrent file only</a>] <br><img src=\"https://torrent-stats.info/2629/b0cf9c16.png\" style=\"display:block;clear:both\"></li><li><a href=\"http://rutor.info/torrent/842125/witchtastic-2021-pc-repack-ot-fitgirl\" target=\"_blank\" rel=\"noopener\">RuTor</a> [<a href=\"magnet:?xt=urn:btih:9ec6986dc3b951b1c0e12629447fc603fd5591fd&amp;dn=rutor.info_Witchtastic+%282021%29+PC+%7C+RePack+%D0%BE%D1%82+FitGirl&amp;tr=udp://opentor.net:6969&amp;tr=udp://opentor.org:2710&amp;tr=http://retracker.local/announce\">magnet</a>]</li><li><a href=\"https://tapochek.net/viewtopic.php?p=2808488\" target=\"_blank\" rel=\"noopener\">Tapochek.net</a></li><li><a href=\"https://pastefg.hermietkreeft.site/?24e3c1aa0e8b754c#6iE2qGd5ftDTL5AXkz6jXEnXhx186rWbXiqAyYiQSTdT\" target=\"_blank\" rel=\"noopener\">Filehoster: MultiUpload</a> (10+ hosters, interchangeable) [Use <a href=\"http://jdownloader.org/jdownloader2\" target=\"_blank\" rel=\"noopener\">JDownloader2</a>]</li><li><a href=\"https://pastefg.hermietkreeft.site/?44e1f7b1aeb064c9#8teqURA5V4APDmpQKUWscDAEKBYouPP8C6p1WZbqvZTx\" target=\"_blank\" rel=\"noopener\">Filehoster: PixelDrain</a></li><li><a href=\"https://pastefg.hermietkreeft.site/?7e470770419a3e61#JBchCAFowTbUKQBEBFJFUrGzgHqvzAmyyC4CZf25mZLj\" target=\"_blank\" rel=\"noopener\">Filehoster: ZippyShare</a></li><li><a href=\"https://pastefg.hermietkreeft.site/?d218c4fa79a61232#9fUsyFFazpzkKMhoR6eydo9uo5cfqYEua4quvRhJ4SQ\" target=\"_blank\" rel=\"noopener\">Filehoster: BayFiles</a></li><li><a href=\"https://pastefg.hermietkreeft.site/?d03d6561e2d95961#3pVyDzm1BH9JF1AFwSjBpS8uq1ncHhV3JMBgXhWLXcmT\" target=\"_blank\" rel=\"noopener\">Filehoster: LetsUpload</a> [Use <a href=\"http://jdownloader.org/jdownloader2\" target=\"_blank\" rel=\"noopener\">JDownloader2</a>]</li><p><!--  <li><a href=\"\" target=\"_blank\" rel=\"noopener\">Filehoster: OneDrive</a> (Uploaded by DyR0 t(-_-t), NOT compatible with other mirrors)</li>  --><br><!--  <li><a href=\"\" target=\"_blank\" rel=\"noopener\">Filehosters: Google Drive, OneDrive + others</a> (Uploaded by crackhub213)</li>  --></p></ul><p><a href=\"https://cs.rin.ru/forum/viewtopic.php?f=10&amp;t=106848\" target=\"_blank\" rel=\"noopener\">Discussion and (possible) future updates on CS.RIN.RU thread</a></p><h3>Screenshots (Click to enlarge)</h3><p><a target=\"_blank\" href=\"https://en.riotpixels.com/games/witchtastic/screenshots/27/?utm_source=emb-gfx-html&amp;utm_medium=image&amp;utm_campaign=rp-mass\" rel=\"noopener\"><img loading=\"lazy\" width=\"178\" height=\"100\" border=\"0\" src=\"https://s01.riotpixels.net/data/50/11/5011214e-a414-4a15-a33d-b304ba704816.jpg.240p.jpg\"></a><a target=\"_blank\" href=\"https://en.riotpixels.com/games/witchtastic/screenshots/25/?utm_source=emb-gfx-html&amp;utm_medium=image&amp;utm_campaign=rp-mass\" rel=\"noopener\"><img loading=\"lazy\" width=\"178\" height=\"100\" border=\"0\" src=\"https://s01.riotpixels.net/data/61/9e/619ed4ea-b505-4dee-8092-12afe36e8d67.jpg.240p.jpg\"></a><a target=\"_blank\" href=\"https://en.riotpixels.com/games/witchtastic/screenshots/15/?utm_source=emb-gfx-html&amp;utm_medium=image&amp;utm_campaign=rp-mass\" rel=\"noopener\"><img loading=\"lazy\" width=\"178\" height=\"100\" border=\"0\" src=\"https://s01.riotpixels.net/data/f7/d7/f7d70900-452d-41e1-bb7d-d446b4d905e9.jpg.240p.jpg\"></a><br><a target=\"_blank\" href=\"https://en.riotpixels.com/games/witchtastic/screenshots/13/?utm_source=emb-gfx-html&amp;utm_medium=image&amp;utm_campaign=rp-mass\" rel=\"noopener\"><img loading=\"lazy\" width=\"178\" height=\"100\" border=\"0\" src=\"https://s01.riotpixels.net/data/5c/05/5c05ebc3-d9f0-4056-b052-e887bc59386a.jpg.240p.jpg\"></a><a target=\"_blank\" href=\"https://en.riotpixels.com/games/witchtastic/screenshots/11/?utm_source=emb-gfx-html&amp;utm_medium=image&amp;utm_campaign=rp-mass\" rel=\"noopener\"><img loading=\"lazy\" width=\"178\" height=\"100\" border=\"0\" src=\"https://s01.riotpixels.net/data/49/8e/498e9113-8dc3-4672-bf7e-dca913f67c8c.jpg.240p.jpg\"></a><a target=\"_blank\" href=\"https://en.riotpixels.com/games/witchtastic/screenshots/2/?utm_source=emb-gfx-html&amp;utm_medium=image&amp;utm_campaign=rp-mass\" rel=\"noopener\"><img loading=\"lazy\" width=\"178\" height=\"100\" border=\"0\" src=\"https://s01.riotpixels.net/data/5e/ee/5eee3f56-e5c3-4071-aafe-98c4da0940c0.jpg.240p.jpg\"></a></p><h3>Repack Features</h3><ul><li>Based on Witchtastic-DARKSiDERS ISO release: ds-witchtastic.iso (2,254,944,256 bytes)</li><li>100% Lossless &amp; MD5 Perfect: all files are identical to originals after installation</li><li>NOTHING ripped, NOTHING re-encoded</li><li>Significantly smaller archive size (compressed from 2.1 GB to 846 MB)</li><li>Installation takes 1-2 minutes</li><li>After-install integrity check so you could make sure that everything installed properly</li><li>HDD space after installation: 6.3 GB</li><li>Language can be changed in game settings</li><li>Repack uses XTool library by Razor12911</li><li>At least 2 GB of free RAM (inc. virtual) required for installing this repack</li></ul><div ><div><h2>Game Description</h2></div><div >Witchtastic is a challenging 2-4 player coop game about brewing and delivering magic potions as fast as possible \u2013 play on the same couch or over the internet. Take on the role of aspiring witches and experience charming adventures. Need a break from all the yelling of your friends? You can train in a single player campaign as well! Gather ingredients such as deadly nightshade, garlic or mushrooms and throw them into the boiling cauldron. Quick and accurate communication is the key to success. Master dozens of recipes and embark on a magical journey. If you are ever in need of assistance, your trusted companion Owly is always eager to give you and your mates useful advice. But be wary of the dangers on your journey: Haunted forests, hungry wolves, deadly swamps and many more are waiting for you.<p><b><h3>Game Features</h3></b></p><ul><li><b>2-4 Player Couch &amp; Online-Coop!:</b> Brewing magical potions all alone can be difficult. Team up with your friends and work as a duo, trio or squad of swift witches. Witchtastic supports couch coop, true online multiplayer and Steam Remote Play Together! Need a break from all the yelling of your friends? You can practice in a single player campaign as well!</li><li><b>Master the art of brewing!:</b> Become a better witch by learning and mastering all kinds of potions.</li><li><b>Explore the world of Witchtastic!:</b> Travel through villages, forests, swamps, cities and snowy ruins. Experience a mysterious journey filled with challenges and dangers along the way.</li><li><b>Discover a huge variety of ingredients!:</b> Deadly nightshade, mandrakes, mushrooms and many more exciting ingredients are waiting for you.</li><li><b>Ride your broom!:</b> Use your broom to overcome obstacles, to move faster, or just because you can!</li><li><b>Collect magic gems and earn rewards!:</b> Unlock a wide variety of new outfits, headdresses and other cosmetics while progressing through the game!</li><li><b>Customize your personal witch!:</b> Use earned rewards to customize your witch in many different ways.</li><li><b>Set new records!:</b> Every second counts! Witchtastic is an exiting challenge for completionists and speedrunners.</li></ul></div></div>             </div>"
}