{
    "link": "https://fitgirl-repacks.site/wolcen-lords-of-mayhem/",
    "title": "Wolcen: Lords of Mayhem \u2013 v1.1.4.6 + 8 DLCs",
    "first_img": "https://i2.imageban.ru/out/2021/11/10/d0bf6ac050cc739d1f731963f51bde53.jpg",
    "second_img": "https://s01.riotpixels.net/data/90/58/9058a0a9-295e-4eea-88dd-bcc60f0a5022.jpg.240p.jpg",
    "body": "<div ><h2>Wolcen: Lords of Mayhem \u2013 v1.1.4.6 + 8 DLCs</h2><p ><div><a target=\"_blank\" href=\"https://en.riotpixels.com/games/wolcen-lords-of-mayhem/\" rel=\"noopener\"><img class=\"alignleft\" width=\"150\" src=\"https://i2.imageban.ru/out/2021/11/10/d0bf6ac050cc739d1f731963f51bde53.jpg\"></a></div><br>Genres/Tags: <strong>RPG, Action RPG, Isometric, 3D</strong><br>Company: <strong>Wolcen Studio</strong><br>Languages: <strong>RUS/ENG/MULTI10</strong><br>Original Size: <strong>21.4 GB</strong><br>Repack Size: <strong>12.1 GB</strong></p>&nbsp;<div>&nbsp;</div><h3>Download Mirrors</h3><ul><li><a href=\"https://1337x.to/torrent/5046140/Wolcen-Lords-of-Mayhem-v1-1-4-6-8-DLCs-MULTi10-FitGirl-Repack/\" target=\"_blank\" rel=\"noopener\">1337x</a> | [<a href=\"magnet:?xt=urn:btih:3ED60FCBC84C0D193C6F31B18A1E6468A2E57B6A&amp;dn=Wolcen%3A+Lords+of+Mayhem+%28v1.1.4.6+%2B+8+DLCs%2C+MULTi10%29+%5BFitGirl+Repack%5D&amp;tr=udp%3A%2F%2F46.148.18.250%3A2710&amp;tr=udp%3A%2F%2Fopentor.org%3A2710&amp;tr=udp%3A%2F%2Ftracker.coppersurfer.tk%3A6969%2Fannounce&amp;tr=udp%3A%2F%2Ftracker.opentrackr.org%3A1337%2Fannounce&amp;tr=http%3A%2F%2Ftracker.dler.org%3A6969%2Fannounce&amp;tr=udp%3A%2F%2Ftracker.leechers-paradise.org%3A6969%2Fannounce&amp;tr=udp%3A%2F%2F9.rarbg.me%3A2730%2Fannounce&amp;tr=udp%3A%2F%2F9.rarbg.to%3A2770%2Fannounce&amp;tr=udp%3A%2F%2Ftracker.pirateparty.gr%3A6969%2Fannounce&amp;tr=http%3A%2F%2Fretracker.local%2Fannounce&amp;tr=http%3A%2F%2Fretracker.ip.ncnet.ru%2Fannounce&amp;tr=udp%3A%2F%2Fexodus.desync.com%3A6969%2Fannounce&amp;tr=udp%3A%2F%2Fipv4.tracker.harry.lu%3A80%2Fannounce&amp;tr=udp%3A%2F%2Fopen.stealth.si%3A80%2Fannounce&amp;tr=udp%3A%2F%2Ftracker.zer0day.to%3A1337%2Fannounce&amp;tr=udp%3A%2F%2Ftracker.leechers-paradise.org%3A6969%2Fannounce&amp;tr=udp%3A%2F%2Fcoppersurfer.tk%3A6969%2Fannounce\">magnet</a>] [<a href=\"https://pastefg.hermietkreeft.site/?75b34d4649c48334#C4aGoXaFZ3omPMbntrpyMKdiaWRy2kfFFz4ukN4A4wr5\" target=\"_blank\" rel=\"noopener\">.torrent file only</a>] <br><img src=\"https://torrent-stats.info/31b1/e711bcac.png\" style=\"display:block;clear:both\"></li><li><a href=\"http://rutor.info/torrent/844711/wolcen-lords-of-mayhem-v-1.1.4.6-dlcs-2020-pc-repack-ot-fitgirl\" target=\"_blank\" rel=\"noopener\">RuTor</a> [<a href=\"magnet:?xt=urn:btih:3ed60fcbc84c0d193c6f31b18a1e6468a2e57b6a&amp;dn=rutor.info_Wolcen%3A+Lords+of+Mayhem+%5Bv+1.1.4.6+%2B+DLCs%5D+%282020%29+PC+%7C+RePack+%D0%BE%D1%82+FitGirl&amp;tr=udp://opentor.net:6969&amp;tr=udp://opentor.org:2710&amp;tr=http://retracker.local/announce\">magnet</a>]</li><li><a href=\"https://tapochek.net/viewtopic.php?p=2658149\" target=\"_blank\" rel=\"noopener\">Tapochek.net</a></li><li><a href=\"https://pastefg.hermietkreeft.site/?f47d691864650141#3T7e3zZCYW7rDsJB6L89om3RucVLjpuvjPum64Sip2aT\" target=\"_blank\" rel=\"noopener\">Filehoster: MultiUpload</a> (10+ hosters, interchangeable) [Use <a href=\"http://jdownloader.org/jdownloader2\" target=\"_blank\" rel=\"noopener\">JDownloader2</a>]</li><li><a href=\"https://pastefg.hermietkreeft.site/?cc5dc5b028cde089#A76WEcaCyaHYbnLEvZrZJFoHXV1p1D9hfVcmewBkBkZ3\" target=\"_blank\" rel=\"noopener\">Filehoster: ZippyShare</a></li><li><a href=\"https://pastefg.hermietkreeft.site/?918090fcfbe1d188#7my5F4tjeCwgVDKiLDrMTnsPB5aEuATTN4pKfUZS4YCw\" target=\"_blank\" rel=\"noopener\">Filehoster: BayFiles</a></li><li><a href=\"https://pastefg.hermietkreeft.site/?73596ae0dc0b2011#GXxfbWBqWZG3mxuswCFjmX4zvcgCTBGKhsuZ5v9DRffz\" target=\"_blank\" rel=\"noopener\">Filehoster: LetsUpload</a> [Use <a href=\"http://jdownloader.org/jdownloader2\" target=\"_blank\" rel=\"noopener\">JDownloader2</a>]</li><li><a href=\"https://pastefg.hermietkreeft.site/?a32d0f48cd104107#4BTrqZH6Mx2aE23WVwUF7JVAWfV5yi5UU5SyLV1FQY2q\" target=\"_blank\" rel=\"noopener\">Filehoster: OneDrive</a> (Uploaded by DyR0 t(-_-t), NOT compatible with other mirrors)</li><p><!--  <li><a href=\"\" target=\"_blank\" rel=\"noopener\">Filehosters: Google Drive, OneDrive + others</a> (Uploaded by crackhub213)</li>  --></p></ul><p><a href=\"https://cs.rin.ru/forum/viewtopic.php?f=10&amp;t=67751\" target=\"_blank\" rel=\"noopener\">Discussion and (possible) future updates on CS.RIN.RU thread</a></p><h3>Screenshots (Click to enlarge)</h3><p><a target=\"_blank\" href=\"https://en.riotpixels.com/games/wolcen-lords-of-mayhem/screenshots/59/?utm_source=emb-gfx-html&amp;utm_medium=image&amp;utm_campaign=rp-mass\" rel=\"noopener\"><img loading=\"lazy\" width=\"178\" height=\"100\" border=\"0\" src=\"https://s01.riotpixels.net/data/90/58/9058a0a9-295e-4eea-88dd-bcc60f0a5022.jpg.240p.jpg\"></a><a target=\"_blank\" href=\"https://en.riotpixels.com/games/wolcen-lords-of-mayhem/screenshots/57/?utm_source=emb-gfx-html&amp;utm_medium=image&amp;utm_campaign=rp-mass\" rel=\"noopener\"><img loading=\"lazy\" width=\"170\" height=\"100\" border=\"0\" src=\"https://s01.riotpixels.net/data/eb/d2/ebd2c1e2-ed78-4563-88c9-3375555d4777.jpg.240p.jpg\"></a><a target=\"_blank\" href=\"https://en.riotpixels.com/games/wolcen-lords-of-mayhem/screenshots/56/?utm_source=emb-gfx-html&amp;utm_medium=image&amp;utm_campaign=rp-mass\" rel=\"noopener\"><img loading=\"lazy\" width=\"178\" height=\"100\" border=\"0\" src=\"https://s01.riotpixels.net/data/02/48/02483cc9-0f28-4393-9966-cbd2b6df7d66.jpg.240p.jpg\"></a><br><a target=\"_blank\" href=\"https://en.riotpixels.com/games/wolcen-lords-of-mayhem/screenshots/49/?utm_source=emb-gfx-html&amp;utm_medium=image&amp;utm_campaign=rp-mass\" rel=\"noopener\"><img loading=\"lazy\" width=\"178\" height=\"100\" border=\"0\" src=\"https://s01.riotpixels.net/data/88/90/88902e4b-4e96-4f78-b56c-687871c696cd.jpg.240p.jpg\"></a><a target=\"_blank\" href=\"https://en.riotpixels.com/games/wolcen-lords-of-mayhem/screenshots/44/?utm_source=emb-gfx-html&amp;utm_medium=image&amp;utm_campaign=rp-mass\" rel=\"noopener\"><img loading=\"lazy\" width=\"178\" height=\"100\" border=\"0\" src=\"https://s01.riotpixels.net/data/a2/b2/a2b2c4cc-d7b5-4a95-85cd-c53552217cc8.jpg.240p.jpg\"></a><a target=\"_blank\" href=\"https://en.riotpixels.com/games/wolcen-lords-of-mayhem/screenshots/43/?utm_source=emb-gfx-html&amp;utm_medium=image&amp;utm_campaign=rp-mass\" rel=\"noopener\"><img loading=\"lazy\" width=\"178\" height=\"100\" border=\"0\" src=\"https://s01.riotpixels.net/data/42/d2/42d2a2da-96b6-4ed8-af44-5bb840f9c043.jpg.240p.jpg\"></a></p><h3>Repack Features</h3><ul><li>Based on Wolcen.Lords.of.Mayhem.Bloodtrail.v1.1.4.6-CODEX ISO release: codex-wolcen.lords.of.mayhem.bloodtrail.v1.1.4.6.iso (22,951,723,008 bytes)</li><li>Game version: v1.1.4.6; 8 DLCs are included and half-activated; step-by-step instructions can be found here: <a target=\"_blank\" href=\"https://cs.rin.ru/forum/viewtopic.php?p=2480922#p2480922\" rel=\"noopener\">https://cs.rin.ru/forum/viewtopic.php?p=2480922#p2480922</a></li><li>100% Lossless, but NOT MD5 Perfect: encryption was removed from some pak-files to increase compression ratio \u2013 it doesn\u2019t affect patches, they will install just fine over this repack</li><li>NOTHING ripped, NOTHING re-encoded</li><li>Significantly smaller archive size (compressed from 21.4 to 12.1 GB)</li><li>Installation takes 7-16 minutes (depending on your system)</li><li>After-install integrity check so you could make sure that everything installed properly</li><li>HDD space after installation: 29.6 GB</li><li>Language can be changed in game settings</li><li>Repack uses XTool library by Razor12911</li><li>At least 2 GB of free RAM (inc. virtual) required for installing this repack</li></ul><div ><div><h2>Game Description</h2></div><div >You are one of the three survivors of the slaughter of Castagath. Rescued by Grand Inquisitor Heimlock, you were drafted into the Republic\u2019s Army of the Purifiers at a very young age to be trained in the military academy and become perfect soldiers against the supernatural. You also had the chance to benefit from Heimlock\u2019s occasional advice and training, which led you and your childhood friends, Valeria and Edric, to be called the \u201cChildren of Heimlock\u201d.<p>Recently, the Brotherhood of Dawn has infiltrated the Crimson Keep, a mysterious republican fortress lost among the northern deserts known as the Red wastes. While the purpose of the attack was unclear, the republican Senate voted a retaliation act against all known locations of the Brotherhood.</p><p>Led by Grand Inquisitor Heimlock himself, troops are soon deployed on the Coast of wrecks, near the city state of Stormfall, to terminate a camp of Brothers. You are, with your two childhood friends, part of operation Dawnbane, under the supervision of Justicar Maelys.</p><p><b>Included DLCs</b></p><ul><li>Sorcerer Kickstarter Rewards</li><li>Wizard Kickstarter Rewards</li><li>Priest Kickstarter Rewards</li><li>Shaman Kickstarter Rewards</li><li>Monk Kickstarter Rewards</li><li>Archbishop Kickstarter Rewards</li><li>Beast Tamer Kickstarter Rewards</li><li>Duke Kickstarter Rewards</li></ul></div></div><p><b>Backwards Compatibility</b></p><p>This repack is NOT backwards compatible with my previous Wolcen repacks.</p>             </div>"
}