{
    "link": "https://fitgirl-repacks.site/wonder-boy-asha-in-monster-world/",
    "title": "Wonder Boy: Asha in Monster World",
    "first_img": "https://i3.imageban.ru/out/2021/07/13/919d0b090f86fa58b51d5c997eb38c68.jpg",
    "second_img": "https://s01.riotpixels.net/data/40/f2/40f27603-f6d6-47f9-8c05-821400c6c76e.jpg.240p.jpg",
    "body": "<div ><h2>Wonder Boy: Asha in Monster World</h2><p ><div><a target=\"_blank\" href=\"https://en.riotpixels.com/games/wonder-boy-asha-in-monster-world/\" rel=\"noopener\"><img class=\"alignleft\" width=\"150\" src=\"https://i3.imageban.ru/out/2021/07/13/919d0b090f86fa58b51d5c997eb38c68.jpg\"></a></div><br>Genres/Tags: <strong>Arcade, Jump and run, Side, Fantasy, 3D</strong><br>Companies: <strong>G CHOICE, Monkey Craft, STUDIOARTDINK</strong><br>Languages: <strong>ENG/MULTI7</strong><br>Original Size: <strong>1.4 GB</strong><br>Repack Size: <strong>655 MB</strong></p>&nbsp;<div>&nbsp;</div><h3>Download Mirrors</h3><ul><li><a href=\"https://1337x.to/torrent/4905807/Wonder-Boy-Asha-in-Monster-World-MULTi7-FitGirl-Repack/\" target=\"_blank\" rel=\"noopener\">1337x</a> | [<a href=\"magnet:?xt=urn:btih:26C222A326CEAB773D134DAB91829D069C97E8BB&amp;dn=Wonder+Boy%3A+Asha+in+Monster+World+%28MULTi7%29+%5BFitGirl+Repack%5D&amp;tr=udp%3A%2F%2F46.148.18.250%3A2710&amp;tr=udp%3A%2F%2Fopentor.org%3A2710&amp;tr=udp%3A%2F%2Ftracker.coppersurfer.tk%3A6969%2Fannounce&amp;tr=udp%3A%2F%2Ftracker.opentrackr.org%3A1337%2Fannounce&amp;tr=http%3A%2F%2Ftracker.dler.org%3A6969%2Fannounce&amp;tr=udp%3A%2F%2Ftracker.leechers-paradise.org%3A6969%2Fannounce&amp;tr=udp%3A%2F%2F9.rarbg.me%3A2730%2Fannounce&amp;tr=udp%3A%2F%2F9.rarbg.to%3A2770%2Fannounce&amp;tr=udp%3A%2F%2Ftracker.pirateparty.gr%3A6969%2Fannounce&amp;tr=http%3A%2F%2Fretracker.local%2Fannounce&amp;tr=http%3A%2F%2Fretracker.ip.ncnet.ru%2Fannounce&amp;tr=udp%3A%2F%2Fexodus.desync.com%3A6969%2Fannounce&amp;tr=udp%3A%2F%2Fipv4.tracker.harry.lu%3A80%2Fannounce&amp;tr=udp%3A%2F%2Fopen.stealth.si%3A80%2Fannounce&amp;tr=udp%3A%2F%2Ftracker.zer0day.to%3A1337%2Fannounce&amp;tr=udp%3A%2F%2Ftracker.leechers-paradise.org%3A6969%2Fannounce&amp;tr=udp%3A%2F%2Fcoppersurfer.tk%3A6969%2Fannounce\">magnet</a>] [<a href=\"https://pastefg.hermietkreeft.site/?3966df8afdcaad1a#3yDGjzbmzGaAJdn9KBKk8VEHk6UULgh7zytH5ecWVHgT\" target=\"_blank\" rel=\"noopener\">.torrent file only</a>] <br><img src=\"https://torrent-stats.info/4dab/15dc30848.png\" style=\"display:block;clear:both\"></li><li><a href=\"https://tapochek.net/viewtopic.php?p=2786532\" target=\"_blank\" rel=\"noopener\">Tapochek.net</a></li><li><a href=\"https://pastefg.hermietkreeft.site/?8ae1da20e3fce087#7eACqpC7SHzuPSitJhC4Knbz42VJGGAC99Zp7TK76cbS\" target=\"_blank\" rel=\"noopener\">Filehoster: MultiUpload</a> (10+ hosters, interchangeable) [Use <a href=\"http://jdownloader.org/jdownloader2\" target=\"_blank\" rel=\"noopener\">JDownloader2</a>]</li><li><a href=\"https://pastefg.hermietkreeft.site/?66380bebb2be3a07#Gv15jyjgNFQhxb6PPcMiwsbSda5YzXbwzr2QLfkUG2dd\" target=\"_blank\" rel=\"noopener\">Filehoster: PixelDrain</a></li><li><a href=\"https://pastefg.hermietkreeft.site/?9ab05788e8c0827c#5a5ra4YYHFALpSyytp6RCcmqSyPcoXWeepdcFG2FfLjb\" target=\"_blank\" rel=\"noopener\">Filehoster: LetsUpload</a> [Use <a href=\"http://jdownloader.org/jdownloader2\" target=\"_blank\" rel=\"noopener\">JDownloader2</a>]</li><li><a href=\"https://crackhub.site/wonder-boy-asha-in-monster-world-fitgirl-repack/\" target=\"_blank\" rel=\"noopener\">Filehosters: Google Drive, OneDrive + others</a> (Uploaded by crackhub213)</li><li><a href=\"https://pastefg.hermietkreeft.site/?aa6f10d3c198f915#5bNvpio2524FtfMwyxm3vbuDftDghsp64ZZBNPNewfTN\" target=\"_blank\" rel=\"noopener\">Filehoster: OneDrive</a> (Uploaded by DyR0 t(-_-t), NOT compatible with other mirrors)</li></ul><p><a href=\"https://cs.rin.ru/forum/viewtopic.php?f=10&amp;t=107440\" target=\"_blank\" rel=\"noopener\">Discussion and (possible) future updates on CS.RIN.RU thread</a></p><h3>Screenshots (Click to enlarge)</h3><p><a target=\"_blank\" href=\"https://en.riotpixels.com/games/wonder-boy-asha-in-monster-world/screenshots/9/?utm_source=emb-gfx-html&amp;utm_medium=image&amp;utm_campaign=rp-mass\" rel=\"noopener\"><img loading=\"lazy\" width=\"178\" height=\"100\" border=\"0\" src=\"https://s01.riotpixels.net/data/40/f2/40f27603-f6d6-47f9-8c05-821400c6c76e.jpg.240p.jpg\"></a><a target=\"_blank\" href=\"https://en.riotpixels.com/games/wonder-boy-asha-in-monster-world/screenshots/8/?utm_source=emb-gfx-html&amp;utm_medium=image&amp;utm_campaign=rp-mass\" rel=\"noopener\"><img loading=\"lazy\" width=\"178\" height=\"100\" border=\"0\" src=\"https://s01.riotpixels.net/data/68/50/68506b31-ed91-4681-b916-9739af985eeb.jpg.240p.jpg\"></a><a target=\"_blank\" href=\"https://en.riotpixels.com/games/wonder-boy-asha-in-monster-world/screenshots/7/?utm_source=emb-gfx-html&amp;utm_medium=image&amp;utm_campaign=rp-mass\" rel=\"noopener\"><img loading=\"lazy\" width=\"178\" height=\"100\" border=\"0\" src=\"https://s01.riotpixels.net/data/ef/85/ef85a6e1-70e0-4e95-932b-1d4d0d55cf67.jpg.240p.jpg\"></a><br><a target=\"_blank\" href=\"https://en.riotpixels.com/games/wonder-boy-asha-in-monster-world/screenshots/6/?utm_source=emb-gfx-html&amp;utm_medium=image&amp;utm_campaign=rp-mass\" rel=\"noopener\"><img loading=\"lazy\" width=\"178\" height=\"100\" border=\"0\" src=\"https://s01.riotpixels.net/data/d2/f9/d2f9a2c1-5ae5-413b-ab69-9769642193f1.jpg.240p.jpg\"></a><a target=\"_blank\" href=\"https://en.riotpixels.com/games/wonder-boy-asha-in-monster-world/screenshots/5/?utm_source=emb-gfx-html&amp;utm_medium=image&amp;utm_campaign=rp-mass\" rel=\"noopener\"><img loading=\"lazy\" width=\"178\" height=\"100\" border=\"0\" src=\"https://s01.riotpixels.net/data/10/ae/10ae20d7-35fa-4ad2-903d-e877fdd80ab4.jpg.240p.jpg\"></a><a target=\"_blank\" href=\"https://en.riotpixels.com/games/wonder-boy-asha-in-monster-world/screenshots/4/?utm_source=emb-gfx-html&amp;utm_medium=image&amp;utm_campaign=rp-mass\" rel=\"noopener\"><img loading=\"lazy\" width=\"178\" height=\"100\" border=\"0\" src=\"https://s01.riotpixels.net/data/f9/40/f940a9e4-08dd-486a-923a-357990e5192e.jpg.240p.jpg\"></a></p><h3>Repack Features</h3><ul><li>Based on Wonder.Boy.Asha.in.Monster.World-CODEX ISO release: codex-wonder.boy.asha.in.monster.world.iso (1,540,915,200 bytes)</li><li>100% Lossless &amp; MD5 Perfect: all files are identical to originals after installation</li><li>NOTHING ripped, NOTHING re-encoded</li><li>Significantly smaller archive size (compressed from 1.4 GB to 655 MB)</li><li>Installation takes 3-5 minutes (depending on your system)</li><li>After-install integrity check so you could make sure that everything installed properly</li><li>HDD space after installation: 2.2 GB (~6 GB during installation)</li><li>At least 2 GB of free RAM (inc. virtual) required for installing this repack</li></ul><div ><div><h2>Game Description</h2></div><div ><b>The adventures of Asha and Pepelogoo begin!</b><p>Asha, the warrior protagonist of the game, is involved in a serious incident that will affect the survival of her world. Our green-haired heroine doesn\u2019t have to save the world all alone, and sets off on an adventure with her cute flying friend, the blue Pepelogoo. Asha and the Pepelogoo have to work together to become the heroes the world needs them to be. The road ahead is long \u2013 but will they be able to save their world?</p><p>A full remake of \u201cMonster World IV,\u201d the action RPG masterpiece released in the 90\u2019s, by the staff of the time!</p><p>This time the devs bring to you \u2013 \u201cWonder Boy: Asha in Monster World\u201d with new visuals and sound adjustments.</p><p><b>Staying true to the series legacy</b></p><p>For Wonder Boy \u2013 Asha in Monster World, the original staff from the former Westone Bit Entertainment gathered together to create a game that stays true to the spirit of the original games. The team is led, and directed, by the creator of the Wonder Boy series, Ryuichi Nishizawa and supported by Shinichi Sakamoto (sound), Maki \u014czora (character design) and Takanori Kurihara (creative management). You can\u2019t get more Wonder Boy than that</p><p><b><h3>Game Features</h3></b></p><ul><li><b>A side-scrolling action game that is light, fun and easy to play:</b> The action is fast and challenging, but the game has been refined, making it easier to try again.</li><li><b>Call it, grab it, throw it, move it \u2013 her blue buddy, Pepelogoo!:</b> Join forces with your partner to overcome puzzles and powerful enemies.</li><li><b>Various action levels \u2013 High mountains, volcanoes, ice worlds, even the sky!:</b> Let\u2019s explore the various areas with Pepelogoo.</li><li><b>Explore the vastness of the world!:</b> The vast world is full of unknown and often surprising encounters, events, and discoveries. Even if you\u2019ve cleared a stage before, you might discover something new if you revisit it!</li><li><b>Power up Asha and you\u2019ll be ready for the difficulties!:</b> By acquiring items and equipment, you can strengthen your attack and defense capabilities and be ready to face powerful enemies.</li></ul></div></div>             </div>"
}