{
    "link": "https://fitgirl-repacks.site/world-war-z-aftermath/",
    "title": "World War Z: Aftermath \u2013 Deluxe Edition \u2013 v2.00 + All DLCs",
    "first_img": "https://i4.imageban.ru/out/2021/09/20/ac78fb452e33b1bb4b49615c79c73f44.jpg",
    "second_img": "https://s01.riotpixels.net/data/10/69/106987ed-8f44-4efb-ba64-2dec000c8f6d.jpg.240p.jpg",
    "body": "<div ><h2>World War Z: Aftermath \u2013 Deluxe Edition \u2013 v2.00 + All DLCs</h2><p ><div><a target=\"_blank\" href=\"https://en.riotpixels.com/games/world-war-z-aftermath/\" rel=\"noopener\"><img class=\"alignleft\" width=\"150\" src=\"https://i4.imageban.ru/out/2021/09/20/ac78fb452e33b1bb4b49615c79c73f44.jpg\"></a></div><br>Genres/Tags: <strong>Action, Shooter, Third-person, 3D, Zombies</strong><br>Companies: <strong>Saber Interactive, Paramount Digital Entertainment</strong><br>Languages: <strong>RUS/ENG/MULTI11</strong><br>Original Size: <strong>39.3 GB</strong><br>Repack Size: <strong>23.5 GB</strong></p>&nbsp;<div>&nbsp;</div><h3>Download Mirrors</h3><ul><li><a href=\"https://1337x.to/torrent/4989129/World-War-Z-Aftermath-Deluxe-Edition-v2-00-All-DLCs-MULTi11-FitGirl-Repack/\" target=\"_blank\" rel=\"noopener\">1337x</a> | [<a href=\"magnet:?xt=urn:btih:AA6B1225101A112A7993F98B5DF2AE44E461EDE9&amp;dn=World+War+Z%3A+Aftermath+-+Deluxe+Edition+%28v2.00+%2B+All+DLCs%2C+MULTi11%29+%5BFitGirl+Repack%5D&amp;tr=http%3A%2F%2Fh4.trakx.nibba.trade%3A80%2Fannounce&amp;tr=http%3A%2F%2Ftracker.grepler.com%3A6969%2Fannounce&amp;tr=udp%3A%2F%2Ftracker.bitsearch.to%3A1337%2Fannounce&amp;tr=udp%3A%2F%2Ftracker.dler.com%3A6969%2Fannounce&amp;tr=udp%3A%2F%2F46.148.18.250%3A2710&amp;tr=udp%3A%2F%2Fopentor.org%3A2710&amp;tr=udp%3A%2F%2Ftracker.coppersurfer.tk%3A6969%2Fannounce&amp;tr=udp%3A%2F%2Ftracker.opentrackr.org%3A1337%2Fannounce&amp;tr=http%3A%2F%2Ftracker.dler.org%3A6969%2Fannounce&amp;tr=udp%3A%2F%2Ftracker.leechers-paradise.org%3A6969%2Fannounce&amp;tr=udp%3A%2F%2F9.rarbg.me%3A2730%2Fannounce&amp;tr=udp%3A%2F%2F9.rarbg.to%3A2770%2Fannounce&amp;tr=udp%3A%2F%2Ftracker.pirateparty.gr%3A6969%2Fannounce&amp;tr=http%3A%2F%2Fretracker.local%2Fannounce&amp;tr=udp%3A%2F%2Ftracker.zer0day.to%3A1337%2Fannounce&amp;tr=udp%3A%2F%2Ftracker.leechers-paradise.org%3A6969%2Fannounce&amp;tr=udp%3A%2F%2Fcoppersurfer.tk%3A6969%2Fannounce\">magnet</a>] [<a href=\"https://pastefg.hermietkreeft.site/?7746ff50ddac7176#2WMRcnTsvse1eJNiGMoD1mRQTcqYsyY4goLRq2KQ1mCB\" target=\"_blank\" rel=\"noopener\">.torrent file only</a>] <br><img src=\"https://torrent-stats.info/f98b/477b5ef5a.png\" style=\"display:block;clear:both\"></li><li><a href=\"http://rutor.info/torrent/835317/world-war-z-aftermath-deluxe-edition-v-2.00-dlcs-2019-2021-pc-repack-ot-fitgirl\" target=\"_blank\" rel=\"noopener\">RuTor</a> [<a href=\"magnet:?xt=urn:btih:aa6b1225101a112a7993f98b5df2ae44e461ede9&amp;dn=rutor.info_World+War+Z%3A+Aftermath+-+Deluxe+Edition+%5Bv+2.00+%2B+DLCs%5D+%282019-2021%29+PC+%7C+RePack+%D0%BE%D1%82+FitGirl&amp;tr=udp://opentor.net:6969&amp;tr=udp://opentor.org:2710&amp;tr=http://retracker.local/announce\">magnet</a>]</li><li><a href=\"https://tapochek.net/viewtopic.php?t=219286\" target=\"_blank\" rel=\"noopener\">Tapochek.net</a></li><li><a href=\"https://pastefg.hermietkreeft.site/?1b449341e45e9e5e#9VSEkwBx8TjY2AxVGnF48TUsZ8U8jdiNbYWKd9vo5T5o\" target=\"_blank\" rel=\"noopener\">Filehoster: MultiUpload</a> (10+ hosters, interchangeable) [Use <a href=\"http://jdownloader.org/jdownloader2\" target=\"_blank\" rel=\"noopener\">JDownloader2</a>]</li><li><a href=\"https://pastefg.hermietkreeft.site/?111937253ca6787f#8QgaWidDVMQZFkHcCQtwFc6dEir3LagqDMUSbsxj464L\" target=\"_blank\" rel=\"noopener\">Filehoster: PixelDrain</a></li><li><a href=\"https://pastefg.hermietkreeft.site/?1422587ce22d8b45#Dw7k5dxqa8uWcmgKLCNrpFwBYjQCKRTfswapRGjBpTvH\" target=\"_blank\" rel=\"noopener\">Filehoster: ZippyShare</a></li><li><a href=\"https://pastefg.hermietkreeft.site/?c45de41025794b8e#Bj5fcDkiGCNkr4v7aLtWkreGH6Csw8AoZ6uUQspk6ZVM\" target=\"_blank\" rel=\"noopener\">Filehoster: LetsUpload</a> [Use <a href=\"http://jdownloader.org/jdownloader2\" target=\"_blank\" rel=\"noopener\">JDownloader2</a>]</li><li><a href=\"https://pastefg.hermietkreeft.site/?60b1c52e8268a528#3xMd6tKvx5Tr1EZCBbFTZkhsS3SG1WKyLsjt5PSmnzQL\" target=\"_blank\" rel=\"noopener\">Filehoster: OneDrive</a> (Uploaded by DyR0 t(-_-t), NOT compatible with other mirrors)</li></ul><p><a href=\"https://cs.rin.ru/forum/viewtopic.php?f=38&amp;t=91823\" target=\"_blank\" rel=\"noopener\">Discussion and (possible) future updates on CS.RIN.RU thread</a></p><h3>Screenshots (Click to enlarge)</h3><p><a target=\"_blank\" href=\"https://en.riotpixels.com/games/world-war-z-aftermath/screenshots/5/?utm_source=emb-gfx-html&amp;utm_medium=image&amp;utm_campaign=rp-mass\" rel=\"noopener\"><img loading=\"lazy\" width=\"178\" height=\"100\" border=\"0\" src=\"https://s01.riotpixels.net/data/10/69/106987ed-8f44-4efb-ba64-2dec000c8f6d.jpg.240p.jpg\"></a><a target=\"_blank\" href=\"https://en.riotpixels.com/games/world-war-z-aftermath/screenshots/4/?utm_source=emb-gfx-html&amp;utm_medium=image&amp;utm_campaign=rp-mass\" rel=\"noopener\"><img loading=\"lazy\" width=\"178\" height=\"100\" border=\"0\" src=\"https://s01.riotpixels.net/data/8f/4f/8f4f0a8c-a0b5-4c96-b7c1-4a7b7ebfdd6e.jpg.240p.jpg\"></a><a target=\"_blank\" href=\"https://en.riotpixels.com/games/world-war-z-aftermath/screenshots/3/?utm_source=emb-gfx-html&amp;utm_medium=image&amp;utm_campaign=rp-mass\" rel=\"noopener\"><img loading=\"lazy\" width=\"178\" height=\"100\" border=\"0\" src=\"https://s01.riotpixels.net/data/63/ff/63ff9f42-9a1d-4ece-8385-0897c309a3b7.jpg.240p.jpg\"></a><br><a target=\"_blank\" href=\"https://en.riotpixels.com/games/world-war-z-aftermath/screenshots/2/?utm_source=emb-gfx-html&amp;utm_medium=image&amp;utm_campaign=rp-mass\" rel=\"noopener\"><img loading=\"lazy\" width=\"178\" height=\"100\" border=\"0\" src=\"https://s01.riotpixels.net/data/98/d8/98d8b723-a3e5-4b35-bdb9-04dbcca0aea8.jpg.240p.jpg\"></a><a target=\"_blank\" href=\"https://en.riotpixels.com/games/world-war-z-aftermath/screenshots/1/?utm_source=emb-gfx-html&amp;utm_medium=image&amp;utm_campaign=rp-mass\" rel=\"noopener\"><img loading=\"lazy\" width=\"178\" height=\"100\" border=\"0\" src=\"https://s01.riotpixels.net/data/5d/6c/5d6c6d9d-9976-4085-abcd-9a3c4c1038fc.jpg.240p.jpg\"></a><a target=\"_blank\" href=\"http://en.riotpixels.com/games/world-war-z-ii-2019/screenshots/54/?utm_source=emb-gfx-html&amp;utm_medium=image&amp;utm_campaign=rp-mass\" rel=\"noopener\"><img loading=\"lazy\" width=\"178\" height=\"100\" border=\"0\" src=\"https://s01.riotpixels.net/data/7f/71/7f7173b6-d912-4ac1-a635-6e170b9082b0.jpg.240p.jpg\"></a></p><h3>Repack Features</h3><ul><li>Based on World.War.Z.Aftermath-CODEX ISO release: codex-world.war.z.aftermath.iso (42,222,813,184 bytes)</li><li>Game version: v2.00; All DLCs and content of GOTY Edition of World War Z is included and activated</li><li>100% Lossless &amp; MD5 Perfect: all files are identical to originals after installation</li><li>NOTHING ripped, NOTHING re-encoded</li><li>Significantly smaller archive size (compressed from 39.3 to 23.5 GB)</li><li>Installation takes from ~22 minutes (on 8-threads PC) to ~40 minutes (on 4-threads PC)</li><li>After-install integrity check so you could make sure that everything installed properly</li><li>HDD space after installation: 49.8 GB</li><li>Language can be changed in game settings</li><li>Repack uses XTool library by Razor12911</li><li>At least 2 GB of free RAM (inc. virtual) required for installing this repack</li></ul><div ><div><h2>Game Description</h2></div><div ><p>World War Z: Aftermath is the ultimate co-op zombie shooter inspired by Paramount Pictures\u2019 blockbuster film, and the next evolution of the original hit World War Z that has now captivated over 15 million players. Turn the tide of the zombie apocalypse on consoles and PC with full cross-play. Join up to three friends or play on your own with AI teammates against hordes of ravenous zombies in intense story episodes across new zombie-ravaged locations around the world. Take back Vatican City in an epic confrontation in Rome, and join forces with survivors in Russia\u2019s snowbound Kamchatka peninsula.</p><p><b>New Stories From a World at War</b><br>Take back Vatican City in an epic confrontation in Rome, and join forces with survivors in Russia\u2019s snowbound Kamchatka peninsula in all-new story missions. Play as both new and returning characters as you take the fight to the undead with a brutal new melee system, decimating zekes with unique moves, perks and dual-wield weapon options like the sickle and cleaver. Fend off new undead monstrosities, including swarms of flesh-hungry rats that will unleash total chaos on your team.</p><p><b>The Next Generation of the Zombie Swarm</b><br>Endure endless waves of increasingly difficult zombies in the new Horde Mode XL game mode, featuring hundreds more zombies on screen than ever before possible. Horde Mode XL will arrive in a free post-launch update on PC.</p><p><b>Deep Progression and a New Perspective</b><br>Experience a heart-pounding new perspective with Aftermath\u2019s immersive new First-Person Mode option. Level up eight unique classes \u2014 the Gunslinger, Hellraiser, Slasher, Medic, Fixer, Exterminator, Dronemaster, and all-new Vanguard class \u2014 each with their own perks and playstyles. Customize your weapons to survive any challenge, and conquer new daily missions with special modifiers for bonus rewards.</p><p><b>Included Content:</b></p><ul><li>The Zeke Hunter Weapons Pack</li><li>The Explorer Weapon Skin Pack</li><li>New First-Person Mode option</li><li>All content from the GOTY Edition of World War Z</li></ul></div></div><p><b>Backwards Compatibility</b></p><p>This repack is NOT backwards compatible with my previous repacks of WWZ.</p>             </div>"
}