{
    "link": "https://fitgirl-repacks.site/wrc-10-fia-world-rally-championship/",
    "title": "WRC 10: FIA World Rally Championship \u2013 Deluxe Edition + 4 DLCs + Update 2",
    "first_img": "https://i2.imageban.ru/out/2021/09/04/4d4699273edf63f51dd58ffbde08e481.jpg",
    "second_img": "https://s01.riotpixels.net/data/c6/f8/c6f84b55-8ef0-4e0e-919b-87ec24573119.jpg.240p.jpg",
    "body": "<div ><h2>WRC 10: FIA World Rally Championship \u2013 Deluxe Edition + 4 DLCs + Update 2</h2><p ><div><a target=\"_blank\" href=\"https://en.riotpixels.com/games/wrc-10-fia-world-rally-championship/\" rel=\"noopener\"><img class=\"alignleft\" width=\"150\" src=\"https://i2.imageban.ru/out/2021/09/04/4d4699273edf63f51dd58ffbde08e481.jpg\"></a></div><br>Genres/Tags: <strong>Racing, Simulation, First-person, Third-person, Cars, 3D</strong><br>Companies: <strong>KT Racing, Nacon</strong><br>Languages: <strong>RUS/ENG/MULTI13</strong><br>Original Size: <strong>32.9 GB</strong><br>Repack Size: <strong>from 19.2 GB</strong> [Selective Download]</p>&nbsp;<div>&nbsp;</div><h3>Download Mirrors</h3><ul><li><a href=\"https://1337x.to/torrent/4973456/WRC-10-FIA-World-Rally-Championship-Deluxe-Edition-4-DLCs-Update-2-MULTi13-FitGirl-Repack-Selective-Download-from-19-2-GB/\" target=\"_blank\" rel=\"noopener\">1337x</a> | [<a href=\"magnet:?xt=urn:btih:E0626D5EFF042925BD6072701D66DBC18093D74E&amp;dn=WRC+10%3A+FIA+World+Rally+Championship+-+Deluxe+Edition+%28%2B+4+DLCs+%2B+Update+2%2C+MULTi13%29+%5BFitGirl+Repack%2C+Selective+Download+-+from+19.2+GB%5D&amp;tr=udp%3A%2F%2F46.148.18.250%3A2710&amp;tr=udp%3A%2F%2Fopentor.org%3A2710&amp;tr=udp%3A%2F%2Ftracker.coppersurfer.tk%3A6969%2Fannounce&amp;tr=udp%3A%2F%2Ftracker.opentrackr.org%3A1337%2Fannounce&amp;tr=http%3A%2F%2Ftracker.dler.org%3A6969%2Fannounce&amp;tr=udp%3A%2F%2Ftracker.leechers-paradise.org%3A6969%2Fannounce&amp;tr=udp%3A%2F%2F9.rarbg.me%3A2730%2Fannounce&amp;tr=udp%3A%2F%2F9.rarbg.to%3A2770%2Fannounce&amp;tr=udp%3A%2F%2Ftracker.pirateparty.gr%3A6969%2Fannounce&amp;tr=http%3A%2F%2Fretracker.local%2Fannounce&amp;tr=http%3A%2F%2Fretracker.ip.ncnet.ru%2Fannounce&amp;tr=udp%3A%2F%2Fexodus.desync.com%3A6969%2Fannounce&amp;tr=udp%3A%2F%2Fipv4.tracker.harry.lu%3A80%2Fannounce&amp;tr=udp%3A%2F%2Fopen.stealth.si%3A80%2Fannounce&amp;tr=udp%3A%2F%2Ftracker.zer0day.to%3A1337%2Fannounce&amp;tr=udp%3A%2F%2Ftracker.leechers-paradise.org%3A6969%2Fannounce&amp;tr=udp%3A%2F%2Fcoppersurfer.tk%3A6969%2Fannounce\">magnet</a>] [<a href=\"https://pastefg.hermietkreeft.site/?0af9dcca1780a81c#E8hu8VQsCbkYshcXmfwADbZEpiN9ftsAZxqMhbsmuWd3\" target=\"_blank\" rel=\"noopener\">.torrent file only</a>] <br><img src=\"https://torrent-stats.info/7270/20ab12d10.png\" style=\"display:block;clear:both\"></li><li><a href=\"http://rutor.info/torrent/832664/wrc-10-fia-world-rally-championship-deluxe-edition-update-2-dlcs-2021-pc-repack-ot-fitgirl\" target=\"_blank\" rel=\"noopener\">RuTor</a> [<a href=\"magnet:?xt=urn:btih:e0626d5eff042925bd6072701d66dbc18093d74e&amp;dn=rutor.info_WRC+10+FIA+World+Rally+Championship+-+Deluxe+Edition+%5BUpdate+2+%2B+DLCs%5D+%282021%29+PC+%7C+RePack+%D0%BE%D1%82+FitGirl&amp;tr=udp://opentor.net:6969&amp;tr=udp://opentor.org:2710&amp;tr=http://retracker.local/announce\">magnet</a>]</li><li><a href=\"https://tapochek.net/viewtopic.php?p=2798493\" target=\"_blank\" rel=\"noopener\">Tapochek.net</a></li><li><a href=\"https://pastefg.hermietkreeft.site/?32b608c5ba846b8f#CAmtojorfjLzfbTiPv3np7X1omz7gpD17ek19JmNigDu\" target=\"_blank\" rel=\"noopener\">Filehoster: MultiUpload</a> (10+ hosters, interchangeable) [Use <a href=\"http://jdownloader.org/jdownloader2\" target=\"_blank\" rel=\"noopener\">JDownloader2</a>]</li><li><a href=\"https://pastefg.hermietkreeft.site/?8d28515706149217#2ADUmK16nnyDb4cQ3JeWPE4a5zTHbNaUBXwtc6d1uN38\" target=\"_blank\" rel=\"noopener\">Filehoster: PixelDrain</a></li><li><a href=\"https://pastefg.hermietkreeft.site/?f6b8a421a1583266#2Wq4yS4ojuyspcQnLps5GRFkyerEKupa3WM2bhqCiM8i\" target=\"_blank\" rel=\"noopener\">Filehoster: ZippyShare</a></li><li><a href=\"https://pastefg.hermietkreeft.site/?69086adeeae8ef39#BAc3JoRnLT7FRPyzWT3fC5nTZrFjHvf3aP44PBij6KB3\" target=\"_blank\" rel=\"noopener\">Filehoster: LetsUpload</a> [Use <a href=\"http://jdownloader.org/jdownloader2\" target=\"_blank\" rel=\"noopener\">JDownloader2</a>]</li><li><a href=\"https://pastefg.hermietkreeft.site/?0b6113432f361719#GWCKWGhWVrJHKoW4rnqjDXbrVim16hauordpa4Y1i9rt\" target=\"_blank\" rel=\"noopener\">Filehoster: OneDrive</a> (Uploaded by DyR0 t(-_-t), NOT compatible with other mirrors)</li></ul><p><a href=\"https://cs.rin.ru/forum/viewtopic.php?f=10&amp;t=112688\" target=\"_blank\" rel=\"noopener\">Discussion and (possible) future updates on CS.RIN.RU thread</a></p><h3>Screenshots (Click to enlarge)</h3><p><a target=\"_blank\" href=\"https://en.riotpixels.com/games/wrc-10-fia-world-rally-championship/screenshots/11/?utm_source=emb-gfx-html&amp;utm_medium=image&amp;utm_campaign=rp-mass\" rel=\"noopener\"><img loading=\"lazy\" width=\"178\" height=\"100\" border=\"0\" src=\"https://s01.riotpixels.net/data/c6/f8/c6f84b55-8ef0-4e0e-919b-87ec24573119.jpg.240p.jpg\"></a><a target=\"_blank\" href=\"https://en.riotpixels.com/games/wrc-10-fia-world-rally-championship/screenshots/9/?utm_source=emb-gfx-html&amp;utm_medium=image&amp;utm_campaign=rp-mass\" rel=\"noopener\"><img loading=\"lazy\" width=\"178\" height=\"100\" border=\"0\" src=\"https://s01.riotpixels.net/data/cf/3d/cf3dfc6c-d726-4b9f-aef6-054ca630e9e9.jpg.240p.jpg\"></a><a target=\"_blank\" href=\"https://en.riotpixels.com/games/wrc-10-fia-world-rally-championship/screenshots/8/?utm_source=emb-gfx-html&amp;utm_medium=image&amp;utm_campaign=rp-mass\" rel=\"noopener\"><img loading=\"lazy\" width=\"178\" height=\"100\" border=\"0\" src=\"https://s01.riotpixels.net/data/ca/8f/ca8f52e4-df30-4fad-872b-298da8542a10.jpg.240p.jpg\"></a><br><a target=\"_blank\" href=\"https://en.riotpixels.com/games/wrc-10-fia-world-rally-championship/screenshots/6/?utm_source=emb-gfx-html&amp;utm_medium=image&amp;utm_campaign=rp-mass\" rel=\"noopener\"><img loading=\"lazy\" width=\"178\" height=\"100\" border=\"0\" src=\"https://s01.riotpixels.net/data/44/57/44577b98-5182-4281-a6cc-279ce7a28e53.jpg.240p.jpg\"></a><a target=\"_blank\" href=\"https://en.riotpixels.com/games/wrc-10-fia-world-rally-championship/screenshots/5/?utm_source=emb-gfx-html&amp;utm_medium=image&amp;utm_campaign=rp-mass\" rel=\"noopener\"><img loading=\"lazy\" width=\"178\" height=\"100\" border=\"0\" src=\"https://s01.riotpixels.net/data/c2/10/c2104cc6-06c4-47df-b675-ec680c60c762.jpg.240p.jpg\"></a><a target=\"_blank\" href=\"https://en.riotpixels.com/games/wrc-10-fia-world-rally-championship/screenshots/2/?utm_source=emb-gfx-html&amp;utm_medium=image&amp;utm_campaign=rp-mass\" rel=\"noopener\"><img loading=\"lazy\" width=\"178\" height=\"100\" border=\"0\" src=\"https://s01.riotpixels.net/data/93/0d/930dc809-5571-42d7-9aae-d4cf516510d7.jpg.240p.jpg\"></a></p><h3>Repack Features</h3><ul><li>Based on WRC.10.FIA.World.Rally.Championship-CODEX ISO release: codex-wrc.10.fia.world.rally.championship.iso (35,322,396,672 bytes)</li><li>4 DLCs are included and activated</li><li>Update 2 patch is available as an option, thanks to Christsnatcher!</li><li>By default the repack installs initial game build, similar to CODEX one; but you can patch the game to Update 2 by running \u201cPatch.bat\u201d in game root. This will break compatibility with future scene patches though</li><li>100% Lossless &amp; MD5 Perfect: all files are identical to originals after installation</li><li>NOTHING ripped, NOTHING re-encoded</li><li>Selective Download feature: you may skip downloading and installing of voiceover files you don\u2019t need</li><li>Significantly smaller archive size (compressed from 32.9 to 19.2~21.6 GB, depending on selected components)</li><li>Installation takes from 25 minutes to one hour (depending on your system)</li><li>After-install integrity check so you could make sure that everything installed properly</li><li>HDD space after installation: up to 36.6 GB (44.7 GB during installation)</li><li>Language can be changed in game settings</li><li>Repack uses XTool library by Razor12911</li><li>At least 2 GB of free RAM (inc. virtual) required for installing this repack</li></ul><div ><div><h2>Game Description</h2></div><div >To celebrate the 50th anniversary of the championship, WRC 10 is offering a brand-new Anniversary edition, packed with new content and sensations. Relive the most intense moments from 1973 to today! WRC 10 History Mode puts your driving talents to the test through 19 historical events that require you to adapt to racing conditions of each time period.<p>Career Mode, unanimously hailed as one of the best-developed and most complete in a racing game, has also been comprehensively upgraded and now includes a livery editor, so you can create your own team and add your colours to contemporary cars!</p><p>With a hyper-realistic and ultra-precise physics engine, WRC 10 has made the feeling of driving even better, with better aerodynamic force, turbo and braking management, on all surfaces. The sound design has also been revamped to reinforce the immersion.</p><p>A particularly competitive eSport, with daily and weekly challenges, and clubs so you can create your own competitions, drivers can measure themselves against the community at their own levels.</p><p><b><h3>Game Features</h3></b></p><ul><li>The 4 new 2021 rallies: Estonia, Croatia, Belgium and Spain</li><li>6 historic rallies including Acropolis, San Remo, Germany and Argentina</li><li>120 special stages</li><li>52 official teams from the 2021 season (WRC, WRC2, WRC3, Junior WRC),</li><li>20 legendary cars from Alpine, Audi, Lancia, Subaru, Ford, Mitsubishi, Toyota, and more\u2026</li></ul><p><b>Included DLCs</b></p><ul><li>Career Starter Pack</li><li>Mitsubishi Lancer Evo V 1998</li><li>Arena Panzerplatte SSS</li><li>Subaru Impreza WRC</li></ul></div></div>             </div>"
}