{
    "link": "https://fitgirl-repacks.site/xuan-yuan-sword-7/",
    "title": "Xuan-Yuan Sword 7 \u2013 v1.25 + 2 DLCs",
    "first_img": "https://i7.imageban.ru/out/2021/09/16/96a4887e28d13d6c982d09480b96330e.jpg",
    "second_img": "https://s01.riotpixels.net/data/11/04/11047daa-af79-4010-a1ff-90de60619959.jpg.240p.jpg",
    "body": "<div ><h2>Xuan-Yuan Sword 7 \u2013 v1.25 + 2 DLCs</h2><p ><div><a target=\"_blank\" href=\"http://en.riotpixels.com/games/xuan-yuan-sword-7/\" rel=\"noopener\"><img class=\"alignleft\" width=\"150\" src=\"https://i7.imageban.ru/out/2021/09/16/96a4887e28d13d6c982d09480b96330e.jpg\"></a></div><br>Genres/Tags: <strong>RPG, Action RPG, Third-person, 3D</strong><br>Companies: <strong>DOMO Studio, Softstar Entertainment, Yooreka Studio</strong><br>Languages: <strong>RUS/ENG/MULTI8</strong><br>Original Size: <strong>20.3 GB</strong><br>Repack Size: <strong>from 9.7 GB</strong> [Selective Download]</p>&nbsp;<div>&nbsp;</div><h3>Download Mirrors</h3><ul><li><a href=\"https://1337x.to/torrent/4985903/Xuan-Yuan-Sword-7-v1-25-2-DLCs-MULTi8-FitGirl-Repack-Selective-Download-from-9-7-GB/\" target=\"_blank\" rel=\"noopener\">1337x</a> | [<a href=\"magnet:?xt=urn:btih:259FC9DC6E7CBCC9E2C93096732895D736A80E6D&amp;dn=Xuan-Yuan+Sword+7+%28v1.25+%2B+2+DLCs%2C+MULTi8%29+%5BFitGirl+Repack%2C+Selective+Download+-+from+9.7+GB%5D&amp;tr=udp%3A%2F%2F46.148.18.250%3A2710&amp;tr=udp%3A%2F%2Fopentor.org%3A2710&amp;tr=udp%3A%2F%2Ftracker.coppersurfer.tk%3A6969%2Fannounce&amp;tr=udp%3A%2F%2Ftracker.opentrackr.org%3A1337%2Fannounce&amp;tr=http%3A%2F%2Ftracker.dler.org%3A6969%2Fannounce&amp;tr=udp%3A%2F%2Ftracker.leechers-paradise.org%3A6969%2Fannounce&amp;tr=udp%3A%2F%2F9.rarbg.me%3A2730%2Fannounce&amp;tr=udp%3A%2F%2F9.rarbg.to%3A2770%2Fannounce&amp;tr=udp%3A%2F%2Ftracker.pirateparty.gr%3A6969%2Fannounce&amp;tr=http%3A%2F%2Fretracker.local%2Fannounce&amp;tr=http%3A%2F%2Fretracker.ip.ncnet.ru%2Fannounce&amp;tr=udp%3A%2F%2Fexodus.desync.com%3A6969%2Fannounce&amp;tr=udp%3A%2F%2Fipv4.tracker.harry.lu%3A80%2Fannounce&amp;tr=udp%3A%2F%2Fopen.stealth.si%3A80%2Fannounce&amp;tr=udp%3A%2F%2Ftracker.zer0day.to%3A1337%2Fannounce&amp;tr=udp%3A%2F%2Ftracker.leechers-paradise.org%3A6969%2Fannounce&amp;tr=udp%3A%2F%2Fcoppersurfer.tk%3A6969%2Fannounce\">magnet</a>] [<a href=\"https://pastefg.hermietkreeft.site/?8d9b6d63eed99384#ET12DQQNW5kQNi4a2gG8SbAKCPNsGEx6FbT32vM6diuw\" target=\"_blank\" rel=\"noopener\">.torrent file only</a>] <br><img src=\"https://torrent-stats.info/3096/de8ce52a.png\" style=\"display:block;clear:both\"></li><li><a href=\"http://rutor.info/torrent/834715/xuan-yuan-sword-7-v-1.25-dlcs-2020-pc-repack-ot-fitgirl\" target=\"_blank\" rel=\"noopener\">RuTor</a> [<a href=\"magnet:?xt=urn:btih:259fc9dc6e7cbcc9e2c93096732895d736a80e6d&amp;dn=rutor.info_Xuan-Yuan+Sword+7+%5Bv+1.25+%2B+DLCs%5D+%282020%29+PC+%7C+RePack+%D0%BE%D1%82+FitGirl&amp;tr=udp://opentor.net:6969&amp;tr=udp://opentor.org:2710&amp;tr=http://retracker.local/announce\">magnet</a>]</li><li><a href=\"https://tapochek.net/viewtopic.php?p=2800651\" target=\"_blank\" rel=\"noopener\">Tapochek.net</a></li><li><a href=\"https://pastefg.hermietkreeft.site/?03163d7e2ee16083#8hqduc2ntNwTSbDKMeQke5frs4g3EncsgMtQmwJfAjMA\" target=\"_blank\" rel=\"noopener\">Filehoster: MultiUpload</a> (10+ hosters, interchangeable) [Use <a href=\"http://jdownloader.org/jdownloader2\" target=\"_blank\" rel=\"noopener\">JDownloader2</a>]</li><li><a href=\"https://pastefg.hermietkreeft.site/?8a93eba22688ae61#7fDq3UgCz8YxjoPEnnm5QTe1cDndq74bHe3f5iU8PrGy\" target=\"_blank\" rel=\"noopener\">Filehoster: PixelDrain</a></li><li><a href=\"https://pastefg.hermietkreeft.site/?15a0e3a0ff5789d1#3e6j5P1Ls8mef86utH3u2EmrQxcNmXP95iw9M35Enm67\" target=\"_blank\" rel=\"noopener\">Filehoster: ZippyShare</a></li><li><a href=\"https://pastefg.hermietkreeft.site/?75063c7d7ab23ab5#4qDPjacci7pj4tvA24aM35LYQeDa5iZUQrUF2mBfkkrt\" target=\"_blank\" rel=\"noopener\">Filehoster: LetsUpload</a> [Use <a href=\"http://jdownloader.org/jdownloader2\" target=\"_blank\" rel=\"noopener\">JDownloader2</a>]</li><li><a href=\"https://pastefg.hermietkreeft.site/?9b1dacb7a53d3327#9BfqrHS8bdmGiTHMZTSC9LL3KDYVYAcsxUudNQpeNF5x\" target=\"_blank\" rel=\"noopener\">Filehoster: OneDrive</a> (Uploaded by DyR0 t(-_-t), NOT compatible with other mirrors)</li></ul><p><a href=\"https://cs.rin.ru/forum/viewtopic.php?f=10&amp;t=104269\" target=\"_blank\" rel=\"noopener\">Discussion and (possible) future updates on CS.RIN.RU thread</a></p><h3>Screenshots (Click to enlarge)</h3><p><a target=\"_blank\" href=\"http://en.riotpixels.com/games/xuan-yuan-sword-7/screenshots/23/?utm_source=emb-gfx-html&amp;utm_medium=image&amp;utm_campaign=rp-mass\" rel=\"noopener\"><img loading=\"lazy\" width=\"171\" height=\"100\" border=\"0\" src=\"https://s01.riotpixels.net/data/11/04/11047daa-af79-4010-a1ff-90de60619959.jpg.240p.jpg\"></a><a target=\"_blank\" href=\"http://en.riotpixels.com/games/xuan-yuan-sword-7/screenshots/22/?utm_source=emb-gfx-html&amp;utm_medium=image&amp;utm_campaign=rp-mass\" rel=\"noopener\"><img loading=\"lazy\" width=\"185\" height=\"100\" border=\"0\" src=\"https://s01.riotpixels.net/data/09/d6/09d67b6a-01cc-493d-a3e3-4ebc5b87bbc7.jpg.240p.jpg\"></a><a target=\"_blank\" href=\"http://en.riotpixels.com/games/xuan-yuan-sword-7/screenshots/18/?utm_source=emb-gfx-html&amp;utm_medium=image&amp;utm_campaign=rp-mass\" rel=\"noopener\"><img loading=\"lazy\" width=\"178\" height=\"100\" border=\"0\" src=\"https://s01.riotpixels.net/data/5d/16/5d164275-4454-458a-9000-9debad6729b1.jpg.240p.jpg\"></a><br><a target=\"_blank\" href=\"http://en.riotpixels.com/games/xuan-yuan-sword-7/screenshots/15/?utm_source=emb-gfx-html&amp;utm_medium=image&amp;utm_campaign=rp-mass\" rel=\"noopener\"><img loading=\"lazy\" width=\"185\" height=\"100\" border=\"0\" src=\"https://s01.riotpixels.net/data/bf/c0/bfc07baa-c74f-4b98-a33f-09f173d00356.jpg.240p.jpg\"></a><a target=\"_blank\" href=\"http://en.riotpixels.com/games/xuan-yuan-sword-7/screenshots/11/?utm_source=emb-gfx-html&amp;utm_medium=image&amp;utm_campaign=rp-mass\" rel=\"noopener\"><img loading=\"lazy\" width=\"185\" height=\"100\" border=\"0\" src=\"https://s01.riotpixels.net/data/47/9f/479fc454-08c6-4853-9785-bae9d7fdc06a.jpg.240p.jpg\"></a><a target=\"_blank\" href=\"http://en.riotpixels.com/games/xuan-yuan-sword-7/screenshots/9/?utm_source=emb-gfx-html&amp;utm_medium=image&amp;utm_campaign=rp-mass\" rel=\"noopener\"><img loading=\"lazy\" width=\"178\" height=\"100\" border=\"0\" src=\"https://s01.riotpixels.net/data/f5/1e/f51e0f75-4ae0-4afc-9306-48b19565afad.jpg.240p.jpg\"></a></p><h3>Repack Features</h3><ul><li>Based on Xuan-Yuan.Sword.VII.v1.25-CODEX ISO release: codex-xuan.yuan.sword.vii.v1.25.iso (21,778,235,392 bytes)</li><li>Game version: v1.25; 2 DLCs (30th Anniversary Special Pack &amp; Outfit DLC \u2013 Afterglow of Mohists) are included and activated</li><li>100% Lossless &amp; MD5 Perfect: all files are identical to originals after installation</li><li>NOTHING ripped, NOTHING re-encoded</li><li>Selective Download feature: you may skip downloading and installing of optional videos (Chinese credits and censored non-blood copies of some in-game videos) and Japanese voiceovers (can\u2019t be used atm anyway)</li><li>Significantly smaller archive size (compressed from 20.3 to 9.7~12.7 GB, depending on selected components)</li><li>Installation takes 7-15 minutes (depending on your system and selected components)</li><li>After-install integrity check so you could make sure that everything installed properly</li><li>HDD space after installation: up to 39.9 GB</li><li>Language can be changed in game settings</li><li>Repack uses XTool library by Razor12911</li><li>At least 2 GB of free RAM (inc. virtual) required for installing this repack</li></ul><div ><div><h2>Game Description</h2></div><div >Xuan-Yuan Sword VII is an ARPG presented in a third-person perspective. The plot is rooted in Chinese history and mythology. Players take on the role of Taishi Zhao, a calm and reliable swordsman who was involved in a tragic fate. To protect his beloved family, Taishi Zhao starts a journey in this chaotic realm to find the truth.<br></div></div><p><b>Backwards Compatibility</b></p><p>This repack is NOT backwards compatible with my previous XYS7 repack.</p>             </div>"
}