{
    "link": "https://fitgirl-repacks.site/yaga/",
    "title": "Yaga \u2013 v1.3.21s + Roots of Evil DLC",
    "first_img": "https://i1.imageban.ru/out/2021/10/31/d8ba6a87df231ef8860093b621cf4653.jpg",
    "second_img": "https://s01.riotpixels.net/data/89/a6/89a6cc2d-e45c-4515-9dea-8a742deb0924.jpg.240p.jpg",
    "body": "<div ><h2>Yaga \u2013 v1.3.21s + Roots of Evil DLC</h2><p ><div><a target=\"_blank\" href=\"https://en.riotpixels.com/games/yaga/\" rel=\"noopener\"><img class=\"alignleft\" width=\"150\" src=\"https://i1.imageban.ru/out/2021/10/31/d8ba6a87df231ef8860093b621cf4653.jpg\"></a></div><br>Genres/Tags: <strong>RPG, Action RPG, Side, 2D</strong><br>Companies: <strong>Breadcrumbs Interactive, Versus Evil</strong><br>Languages: <strong>RUS/ENG/MULTI17</strong><br>Original Size: <strong>1.6 GB</strong><br>Repack Size: <strong>1.2 GB</strong></p>&nbsp;<div>&nbsp;</div><h3>Download Mirrors</h3><ul><li><a href=\"https://1337x.to/torrent/5035207/Yaga-v1-3-21s-Roots-of-Evil-DLC-MULTi17-FitGirl-Repack/\" target=\"_blank\" rel=\"noopener\">1337x</a> | [<a href=\"magnet:?xt=urn:btih:93DBE23CB21B9FE491570DEA0B81000BF5E5C1D4&amp;dn=Yaga+%28v1.3.21s+%2B+Roots+of+Evil+DLC%2C+MULTi17%29+%5BFitGirl+Repack%5D&amp;tr=udp%3A%2F%2F46.148.18.250%3A2710&amp;tr=udp%3A%2F%2Fopentor.org%3A2710&amp;tr=udp%3A%2F%2Ftracker.coppersurfer.tk%3A6969%2Fannounce&amp;tr=udp%3A%2F%2Ftracker.opentrackr.org%3A1337%2Fannounce&amp;tr=http%3A%2F%2Ftracker.dler.org%3A6969%2Fannounce&amp;tr=udp%3A%2F%2Ftracker.leechers-paradise.org%3A6969%2Fannounce&amp;tr=udp%3A%2F%2F9.rarbg.me%3A2730%2Fannounce&amp;tr=udp%3A%2F%2F9.rarbg.to%3A2770%2Fannounce&amp;tr=udp%3A%2F%2Ftracker.pirateparty.gr%3A6969%2Fannounce&amp;tr=http%3A%2F%2Fretracker.local%2Fannounce&amp;tr=http%3A%2F%2Fretracker.ip.ncnet.ru%2Fannounce&amp;tr=udp%3A%2F%2Fexodus.desync.com%3A6969%2Fannounce&amp;tr=udp%3A%2F%2Fipv4.tracker.harry.lu%3A80%2Fannounce&amp;tr=udp%3A%2F%2Fopen.stealth.si%3A80%2Fannounce&amp;tr=udp%3A%2F%2Ftracker.zer0day.to%3A1337%2Fannounce&amp;tr=udp%3A%2F%2Ftracker.leechers-paradise.org%3A6969%2Fannounce&amp;tr=udp%3A%2F%2Fcoppersurfer.tk%3A6969%2Fannounce\">magnet</a>] [<a href=\"https://pastefg.hermietkreeft.site/?461f98b6d93e072e#8w2KjhspYHwEWw9qU6hY3FyLeHXyhh3aimFZo8Ne4vL4\" target=\"_blank\" rel=\"noopener\">.torrent file only</a>] <br><img src=\"https://torrent-stats.info/0dea/408059c2.png\" style=\"display:block;clear:both\"></li><li><a href=\"http://rutor.info/torrent/842585/yaga-v-1.3.21s-dlc-2019-pc-repack-ot-fitgirl\" target=\"_blank\" rel=\"noopener\">RuTor</a> [<a href=\"magnet:?xt=urn:btih:93dbe23cb21b9fe491570dea0b81000bf5e5c1d4&amp;dn=rutor.info_Yaga+%5Bv+1.3.21s+%2B+DLC%5D+%282019%29+PC+%7C+RePack+%D0%BE%D1%82+FitGirl&amp;tr=udp://opentor.net:6969&amp;tr=udp://opentor.org:2710&amp;tr=http://retracker.local/announce\">magnet</a>]</li><li><a href=\"https://tapochek.net/viewtopic.php?p=2635018\" target=\"_blank\" rel=\"noopener\">Tapochek.net</a></li><li><a href=\"https://pastefg.hermietkreeft.site/?675d60d465d6bb0a#4nq5NCLbKLCbgLdBHWLDkEAgKfM5Jaa82HUbJ3Up2EfA\" target=\"_blank\" rel=\"noopener\">Filehoster: MultiUpload</a> (10+ hosters, interchangeable) [Use <a href=\"http://jdownloader.org/jdownloader2\" target=\"_blank\" rel=\"noopener\">JDownloader2</a>]</li><li><a href=\"https://pastefg.hermietkreeft.site/?8d43cfdb08c08ab5#2gW8GYJ1bBjVFs14GKXgVMUsmASHTkpAtmrPTrmBookq\" target=\"_blank\" rel=\"noopener\">Filehoster: PixelDrain</a></li><li><a href=\"https://pastefg.hermietkreeft.site/?a3c65a4695513bcf#HsJVRSpej8cstHn4S1ox8upJGfMrPGgK3jErDXzRHihy\" target=\"_blank\" rel=\"noopener\">Filehoster: ZippyShare</a></li><li><a href=\"https://pastefg.hermietkreeft.site/?d7eae6b0af36690a#PdSnb12iBVW8P41GyNcG2NupRVZHaMFoxszy2NxBVUR\" target=\"_blank\" rel=\"noopener\">Filehoster: BayFiles</a></li><li><a href=\"https://pastefg.hermietkreeft.site/?be0777e02f2618dd#EKUYfpMvED88wx4BJS7Udez8PbPQNjsL2kg48cnPWgzc\" target=\"_blank\" rel=\"noopener\">Filehoster: LetsUpload</a> [Use <a href=\"http://jdownloader.org/jdownloader2\" target=\"_blank\" rel=\"noopener\">JDownloader2</a>]</li><li><a href=\"https://pastefg.hermietkreeft.site/?341eb13c832a684b#3QmEYENV2ZD67D8friBipaMtJWut5zXFmLwPzBS6GzeE\" target=\"_blank\" rel=\"noopener\">Filehoster: OneDrive</a> (Uploaded by DyR0 t(-_-t), NOT compatible with other mirrors)</li><p><!--  <li><a href=\"\" target=\"_blank\" rel=\"noopener\">Filehosters: Google Drive, OneDrive + others</a> (Uploaded by crackhub213)</li>  --></p></ul><p><a href=\"https://cs.rin.ru/forum/viewtopic.php?f=10&amp;t=90785\" target=\"_blank\" rel=\"noopener\">Discussion and (possible) future updates on CS.RIN.RU thread</a></p><h3>Screenshots (Click to enlarge)</h3><p><a target=\"_blank\" href=\"https://en.riotpixels.com/games/yaga/screenshots/46/?utm_source=emb-gfx-html&amp;utm_medium=image&amp;utm_campaign=rp-mass\" rel=\"noopener\"><img loading=\"lazy\" width=\"178\" height=\"100\" border=\"0\" src=\"https://s01.riotpixels.net/data/89/a6/89a6cc2d-e45c-4515-9dea-8a742deb0924.jpg.240p.jpg\"></a><a target=\"_blank\" href=\"https://en.riotpixels.com/games/yaga/screenshots/45/?utm_source=emb-gfx-html&amp;utm_medium=image&amp;utm_campaign=rp-mass\" rel=\"noopener\"><img loading=\"lazy\" width=\"178\" height=\"100\" border=\"0\" src=\"https://s01.riotpixels.net/data/0e/53/0e53511d-bf92-4552-9c48-1bc938cc1473.png.240p.jpg\"></a><a target=\"_blank\" href=\"https://en.riotpixels.com/games/yaga/screenshots/44/?utm_source=emb-gfx-html&amp;utm_medium=image&amp;utm_campaign=rp-mass\" rel=\"noopener\"><img loading=\"lazy\" width=\"178\" height=\"100\" border=\"0\" src=\"https://s01.riotpixels.net/data/ae/00/ae00821b-a0a2-44f0-af17-28123b57e643.jpg.240p.jpg\"></a><br><a target=\"_blank\" href=\"https://en.riotpixels.com/games/yaga/screenshots/43/?utm_source=emb-gfx-html&amp;utm_medium=image&amp;utm_campaign=rp-mass\" rel=\"noopener\"><img loading=\"lazy\" width=\"178\" height=\"100\" border=\"0\" src=\"https://s01.riotpixels.net/data/43/3e/433e58d0-2561-4fbb-82e4-d61c9111f16b.jpg.240p.jpg\"></a><a target=\"_blank\" href=\"https://en.riotpixels.com/games/yaga/screenshots/42/?utm_source=emb-gfx-html&amp;utm_medium=image&amp;utm_campaign=rp-mass\" rel=\"noopener\"><img loading=\"lazy\" width=\"178\" height=\"100\" border=\"0\" src=\"https://s01.riotpixels.net/data/d5/fc/d5fcf5a2-74e1-47b3-a0b8-e457cd67a970.jpg.240p.jpg\"></a><a target=\"_blank\" href=\"https://en.riotpixels.com/games/yaga/screenshots/25/?utm_source=emb-gfx-html&amp;utm_medium=image&amp;utm_campaign=rp-mass\" rel=\"noopener\"><img loading=\"lazy\" width=\"178\" height=\"100\" border=\"0\" src=\"https://s01.riotpixels.net/data/5d/91/5d91321b-dd8a-4233-bbd1-a9c77cd948b8.jpg.240p.jpg\"></a></p><h3>Repack Features</h3><ul><li>Based on Yaga.Roots.of.Evil-CODEX ISO release: codex-yaga.roots.of.evil.iso (1,747,419,136 bytes)</li><li>Game version: v1.3.21s; Roots of Evil DLC is included and activated</li><li>100% Lossless &amp; MD5 Perfect: all files are identical to originals after installation</li><li>NOTHING ripped, NOTHING re-encoded</li><li>Smaller archive size (compressed from 1.6 to 1.2 GB)</li><li>Installation takes 3-7 minutes (depending on your system)</li><li>After-install integrity check so you could make sure that everything installed properly</li><li>HDD space after installation: 1.9 GB</li><li>Language can be changed in game settings</li><li>Repack uses XTool library by Razor12911</li><li>At least 2 GB of free RAM (inc. virtual) required for installing this repack</li></ul><div ><div><h2>Game Description</h2></div><div >Play as Ivan, a one-handed blacksmith cursed with incredible bad luck.<p>Ivan is caught between a Tzar giving him impossible tasks, a mysterious witch who wants to manipulate him, and his grandma who wants him to find a wife.</p><p>Start your journey in an action RPG where the story and characters react to the way you roleplay your character.</p><p><b><h3>Game Features</h3></b></p><ul><li>Building a reputation through roleplaying results in different interactions with villagers and NPCs, unlocking secrets, trading options, or bestowing game-changing curses or blessings upon the player character</li><li>Pagan beliefs and superstitions are key to unlocking hidden secrets, getting house spirits on your side, or avoiding the powerful curses of unclean creatures</li><li>Fateful Crossroads between levels allow the player to influence the difficulty, challenge and level generation of the game</li><li>Discover and combine lots of talismans and artifacts that change the player\u2019s abilities and the gameplay</li><li>Craft and upgrade an arsenal of weapons and tools to aid you in your journeys</li><li>Unique Soundtrack featuring underground folklore band Subcarpai</li></ul></div></div><h3>Backwards Compatibility</h3><p>This repack IS NOT backwards compatible with my previous Yaga repack.</p>             </div>"
}