{
    "link": "https://fitgirl-repacks.site/yokus-island-express/",
    "title": "Yoku\u2019s Island Express + Randomize Mode Update",
    "first_img": "https://i2.imageban.ru/out/2021/09/10/d8b7750e063e4e406ed385398668c936.jpg",
    "second_img": "https://s01.riotpixels.net/data/a0/94/a09406e5-de6b-474e-8045-1fde91548a79.jpg.240p.jpg",
    "body": "<div ><h2>Yoku\u2019s Island Express + Randomize Mode Update</h2><p ><div><a target=\"_blank\" href=\"https://en.riotpixels.com/games/yokus-island-express/\" rel=\"noopener\"><img class=\"alignleft\" width=\"150\" src=\"https://i2.imageban.ru/out/2021/09/10/d8b7750e063e4e406ed385398668c936.jpg\"></a></div><br>Genres/Tags: <strong>Arcade, Pinball, Side, 2D</strong><br>Companies: <strong>Villa Gorilla</strong><br>Languages: <strong>RUS/ENG/MULTI9</strong><br>Original Size: <strong>1.2 GB</strong><br>Repack Size: <strong>788 MB</strong></p>&nbsp;<div>&nbsp;</div><h3>Download Mirrors</h3><ul><li><a href=\"https://1337x.to/torrent/4979976/Yoku-s-Island-Express-Randomize-Mode-Update-MULTi9-FitGirl-Repack/\" target=\"_blank\" rel=\"noopener\">1337x</a> | [<a href=\"magnet:?xt=urn:btih:6A7470820728FD6D19748CA9EF5B42E38B3F7773&amp;dn=Yoku%26%23039%3Bs+Island+Express+%28%2B+Randomize+Mode+Update%2C+MULTi9%29+%5BFitGirl+Repack%5D&amp;tr=udp%3A%2F%2F46.148.18.250%3A2710&amp;tr=udp%3A%2F%2Fopentor.org%3A2710&amp;tr=udp%3A%2F%2Ftracker.coppersurfer.tk%3A6969%2Fannounce&amp;tr=udp%3A%2F%2Ftracker.opentrackr.org%3A1337%2Fannounce&amp;tr=http%3A%2F%2Ftracker.dler.org%3A6969%2Fannounce&amp;tr=udp%3A%2F%2Ftracker.leechers-paradise.org%3A6969%2Fannounce&amp;tr=udp%3A%2F%2F9.rarbg.me%3A2730%2Fannounce&amp;tr=udp%3A%2F%2F9.rarbg.to%3A2770%2Fannounce&amp;tr=udp%3A%2F%2Ftracker.pirateparty.gr%3A6969%2Fannounce&amp;tr=http%3A%2F%2Fretracker.local%2Fannounce&amp;tr=http%3A%2F%2Fretracker.ip.ncnet.ru%2Fannounce&amp;tr=udp%3A%2F%2Fexodus.desync.com%3A6969%2Fannounce&amp;tr=udp%3A%2F%2Fipv4.tracker.harry.lu%3A80%2Fannounce&amp;tr=udp%3A%2F%2Fopen.stealth.si%3A80%2Fannounce&amp;tr=udp%3A%2F%2Ftracker.zer0day.to%3A1337%2Fannounce&amp;tr=udp%3A%2F%2Ftracker.leechers-paradise.org%3A6969%2Fannounce&amp;tr=udp%3A%2F%2Fcoppersurfer.tk%3A6969%2Fannounce\">magnet</a>] [<a href=\"https://pastefg.hermietkreeft.site/?c372f2f7f64376c6#5LzS1pBpbpjf5vS1Ts3MbYs6NfdE2LrBjKLEgHxD39hG\" target=\"_blank\" rel=\"noopener\">.torrent file only</a>] <br><img src=\"https://torrent-stats.info/8ca9/2837c461b.png\" style=\"display:block;clear:both\"></li><li><a href=\"http://rutor.info/torrent/833763/yokus-island-express-randomize-mode-update-2018-pc-repack-ot-fitgirl\" target=\"_blank\" rel=\"noopener\">RuTor</a> [<a href=\"magnet:?xt=urn:btih:6a7470820728fd6d19748ca9ef5b42e38b3f7773&amp;dn=rutor.info_Yoku%27s+Island+Express+%5B%2B+Randomize+Mode+Update%5D+%282018%29+PC+%7C+RePack+%D0%BE%D1%82+FitGirl&amp;tr=udp://opentor.net:6969&amp;tr=udp://opentor.org:2710&amp;tr=http://retracker.local/announce\">magnet</a>]</li><li><a href=\"https://tapochek.net/viewtopic.php?p=2799567\" target=\"_blank\" rel=\"noopener\">Tapochek.net</a></li><li><a href=\"https://pastefg.hermietkreeft.site/?5a45b465063679e1#HqmCYt3NDEeUyBdJQqyD6m2qP6mzVnNfDJQfuTwrnenB\" target=\"_blank\" rel=\"noopener\">Filehoster: MultiUpload</a> (10+ hosters, interchangeable) [Use <a href=\"http://jdownloader.org/jdownloader2\" target=\"_blank\" rel=\"noopener\">JDownloader2</a>]</li><li><a href=\"https://pastefg.hermietkreeft.site/?77134a8c96de7c70#Et2nDPjgoLdqu9JyjdKfCEr7JxehEHU2gUCCZMCbdU3\" target=\"_blank\" rel=\"noopener\">Filehoster: PixelDrain</a></li><li><a href=\"https://pastefg.hermietkreeft.site/?f9fbf569f437bf3b#7Kr96XyzvNzgv6gLxMhMWcX7GXzwSMrkACTAVMDLZJfH\" target=\"_blank\" rel=\"noopener\">Filehoster: ZippyShare</a></li><li><a href=\"https://pastefg.hermietkreeft.site/?855a472cd182d0da#Gw1KVXwMgfSWCDDUvAucfjqUbwNjFAnP84XDtMGkkTTs\" target=\"_blank\" rel=\"noopener\">Filehoster: LetsUpload</a> [Use <a href=\"http://jdownloader.org/jdownloader2\" target=\"_blank\" rel=\"noopener\">JDownloader2</a>]</li><li><a href=\"https://pastefg.hermietkreeft.site/?b293eab7ad5951be#9cN5TbYRCfeJdQewVRH989oWeU4SD4DXbgsZp3eVj1oE\" target=\"_blank\" rel=\"noopener\">Filehoster: OneDrive</a> (Uploaded by DyR0 t(-_-t), NOT compatible with other mirrors)</li></ul><p><a href=\"https://cs.rin.ru/forum/viewtopic.php?f=10&amp;t=78107\" target=\"_blank\" rel=\"noopener\">Discussion and (possible) future updates on CS.RIN.RU thread</a></p><h3>Screenshots (Click to enlarge)</h3><p><a target=\"_blank\" href=\"https://en.riotpixels.com/games/yokus-island-express/screenshots/9/?utm_source=emb-gfx-html&amp;utm_medium=image&amp;utm_campaign=rp-mass\" rel=\"noopener\"><img loading=\"lazy\" width=\"178\" height=\"100\" border=\"0\" src=\"https://s01.riotpixels.net/data/a0/94/a09406e5-de6b-474e-8045-1fde91548a79.jpg.240p.jpg\"></a><a target=\"_blank\" href=\"https://en.riotpixels.com/games/yokus-island-express/screenshots/8/?utm_source=emb-gfx-html&amp;utm_medium=image&amp;utm_campaign=rp-mass\" rel=\"noopener\"><img loading=\"lazy\" width=\"178\" height=\"100\" border=\"0\" src=\"https://s01.riotpixels.net/data/98/75/987543bf-78a6-4d38-8d7b-1ba090a689e0.jpg.240p.jpg\"></a><a target=\"_blank\" href=\"https://en.riotpixels.com/games/yokus-island-express/screenshots/4/?utm_source=emb-gfx-html&amp;utm_medium=image&amp;utm_campaign=rp-mass\" rel=\"noopener\"><img loading=\"lazy\" width=\"178\" height=\"100\" border=\"0\" src=\"https://s01.riotpixels.net/data/18/24/18244fa6-09f9-4b52-8ba2-ca9b667577f9.jpg.240p.jpg\"></a><br><a target=\"_blank\" href=\"https://en.riotpixels.com/games/yokus-island-express/screenshots/3/?utm_source=emb-gfx-html&amp;utm_medium=image&amp;utm_campaign=rp-mass\" rel=\"noopener\"><img loading=\"lazy\" width=\"178\" height=\"100\" border=\"0\" src=\"https://s01.riotpixels.net/data/e1/b6/e1b6afcc-c62f-4605-afeb-4e773a395429.jpg.240p.jpg\"></a><a target=\"_blank\" href=\"https://en.riotpixels.com/games/yokus-island-express/screenshots/2/?utm_source=emb-gfx-html&amp;utm_medium=image&amp;utm_campaign=rp-mass\" rel=\"noopener\"><img loading=\"lazy\" width=\"178\" height=\"100\" border=\"0\" src=\"https://s01.riotpixels.net/data/4f/2d/4f2d89cf-c362-4b36-9b56-4c87b83317da.jpg.240p.jpg\"></a><a target=\"_blank\" href=\"https://en.riotpixels.com/games/yokus-island-express/screenshots/1/?utm_source=emb-gfx-html&amp;utm_medium=image&amp;utm_campaign=rp-mass\" rel=\"noopener\"><img loading=\"lazy\" width=\"178\" height=\"100\" border=\"0\" src=\"https://s01.riotpixels.net/data/59/9d/599d2846-8b4c-4db0-98b5-e05269c0da01.jpg.240p.jpg\"></a></p><h3>Repack Features</h3><ul><li>Based on Yokus.Island.Express.Randomize-PLAZA ISO release: plaza-yokus.island.express.randomize.iso (1,271,562,240 bytes)</li><li>100% Lossless &amp; MD5 Perfect: all files are identical to originals after installation</li><li>NOTHING ripped, NOTHING re-encoded</li><li>Significantly smaller archive size (compressed from 1.2 GB to 788 MB)</li><li>Installation takes 2-4 minutes (depending on your system)</li><li>After-install integrity check so you could make sure that everything installed properly</li><li>HDD space after installation: 1.3 GB</li><li>Language can be changed in game settings</li><li>Repack uses XTool library by Razor12911</li><li>At least 2 GB of free RAM (inc. virtual) required for installing this repack</li></ul><div ><div><h2>Game Description</h2></div><div ><b>Yoku has arrived on Mokumana and he\u2019s ready for the easy life, soaking up the sun and delivering parcels on a tropical paradise!</b><p>However, an ancient Island deity is trapped in a restless sleep \u2013 and it\u2019s all down to Yoku to traverse the island using a unique blend of pinball mechanics, platforming and open world exploration, in an amazing adventure to help those in need!</p><p>Flip and bump our pint-sized protagonist around the stunning hand-painted island on your quest to rebuild the post-office, and wake an old god from its deep slumber.</p><p><b><h3>Game Features</h3></b></p><ul><li><b>OPEN-WORLD PINBALL ADVENTURE:</b> Coupled with its unique pinball platforming play style, Yoku\u2019s Island Express offers non-linear gameplay that gives you the freedom to choose your own path across multiple questlines.</li><li><b>WELCOME TO MOKUMANA ISLAND:</b> Seamlessly Explore multiple regions of the island, including tropical beaches, lush jungles, snowy mountains, mysterious caves, and steamy hot springs!</li><li><b>UNLOCK THE AMAZING NEW ABILITIES:</b> Help the friendly locals and earn a range of fantastic new power-ups! Vacuum explosive slugs and wake up sleepy villagers with the Noisemaker!</li><li><b>CAPTIVATING STORY:</b> Meet a cast of unforgettable characters across multiple storylines \u2013 whilst uncovering the islands deepest secrets. And maybe rebuild the post office too!</li><li><b>EPIC BOSS BATTLES:</b> Get ready to take on giant bosses using Yoku\u2019s trusty ball to \u2018deliver\u2019 the final blow.</li><li><b>BEAUTIFUL ARTWORK:</b> Feast your eyes on the breathtaking, hand-painted artwork created by games industry veteran artists.</li></ul></div></div>             </div>"
}