{
    "link": "https://fitgirl-repacks.site/youtubers-life-2/",
    "title": "Youtubers Life 2 \u2013 v1.2.1.3 + CrackFix",
    "first_img": "https://i4.imageban.ru/out/2021/10/20/e7199303be6aeb04504a6fbe44eb0fdb.jpg",
    "second_img": "https://s01.riotpixels.net/data/c9/9c/c99ce876-0680-4699-a813-7c1825b99c09.jpg.240p.jpg",
    "body": "<div ><h2>Youtubers Life 2 \u2013 v1.2.1.3 + CrackFix</h2><p ><div><a target=\"_blank\" href=\"https://en.riotpixels.com/games/youtubers-life-2/\" rel=\"noopener\"><img class=\"alignleft\" width=\"150\" src=\"https://i4.imageban.ru/out/2021/10/20/e7199303be6aeb04504a6fbe44eb0fdb.jpg\"></a></div><br>Genres/Tags: <strong>Lifestyle, Isometric, Top-down, 3D</strong><br>Companies: <strong>UPLAY Online, Raiser Games</strong><br>Languages: <strong>RUS/ENG/MULTI12</strong><br>Original Size: <strong>2.5 GB</strong><br>Repack Size: <strong>1 GB</strong></p>&nbsp;<div>&nbsp;</div><h3>Download Mirrors</h3><ul><li><a href=\"https://1337x.to/torrent/5024507/Youtubers-Life-2-v1-2-1-3-CrackFix-MULTi12-FitGirl-Repack/\" target=\"_blank\" rel=\"noopener\">1337x</a> | [<a href=\"magnet:?xt=urn:btih:F25C1141EA2E7FA1E6D7E9DBB1A93DC619679684&amp;dn=Youtubers+Life+2+%28v1.2.1.3+%2B+CrackFix%2C+MULTi12%29+%5BFitGirl+Repack%5D&amp;tr=udp%3A%2F%2F46.148.18.250%3A2710&amp;tr=udp%3A%2F%2Fopentor.org%3A2710&amp;tr=udp%3A%2F%2Ftracker.coppersurfer.tk%3A6969%2Fannounce&amp;tr=udp%3A%2F%2Ftracker.opentrackr.org%3A1337%2Fannounce&amp;tr=http%3A%2F%2Ftracker.dler.org%3A6969%2Fannounce&amp;tr=udp%3A%2F%2Ftracker.leechers-paradise.org%3A6969%2Fannounce&amp;tr=udp%3A%2F%2F9.rarbg.me%3A2730%2Fannounce&amp;tr=udp%3A%2F%2F9.rarbg.to%3A2770%2Fannounce&amp;tr=udp%3A%2F%2Ftracker.pirateparty.gr%3A6969%2Fannounce&amp;tr=http%3A%2F%2Fretracker.local%2Fannounce&amp;tr=http%3A%2F%2Fretracker.ip.ncnet.ru%2Fannounce&amp;tr=udp%3A%2F%2Fexodus.desync.com%3A6969%2Fannounce&amp;tr=udp%3A%2F%2Fipv4.tracker.harry.lu%3A80%2Fannounce&amp;tr=udp%3A%2F%2Fopen.stealth.si%3A80%2Fannounce&amp;tr=udp%3A%2F%2Ftracker.zer0day.to%3A1337%2Fannounce&amp;tr=udp%3A%2F%2Ftracker.leechers-paradise.org%3A6969%2Fannounce&amp;tr=udp%3A%2F%2Fcoppersurfer.tk%3A6969%2Fannounce\">magnet</a>] [<a href=\"https://pastefg.hermietkreeft.site/?d338867410e66932#6yJcEoCW7e9FW6V88HrBFHZTd39WxiwtaXmUf9KEwV9f\" target=\"_blank\" rel=\"noopener\">.torrent file only</a>] <br><img src=\"https://torrent-stats.info/e9db/438b5fb44.png\" style=\"display:block;clear:both\"></li><li><a href=\"http://rutor.info/torrent/840616/youtubers-life-2-v-1.2.1.3-2021-pc-repack-ot-fitgirl\" target=\"_blank\" rel=\"noopener\">RuTor</a> [<a href=\"magnet:?xt=urn:btih:f25c1141ea2e7fa1e6d7e9dbb1a93dc619679684&amp;dn=rutor.info_Youtubers+Life++2+%5Bv+1.2.1.3%5D+%282021%29+PC+%7C+RePack+%D0%BE%D1%82+FitGirl&amp;tr=udp://opentor.net:6969&amp;tr=udp://opentor.org:2710&amp;tr=http://retracker.local/announce\">magnet</a>]</li><li><a href=\"https://tapochek.net/viewtopic.php?p=2806852\" target=\"_blank\" rel=\"noopener\">Tapochek.net</a></li><li><a href=\"https://pastefg.hermietkreeft.site/?bc71679c208f4b5e#BHjk63DDKwr34AEx9guDMzE3o47WPbWDWATBT26DMShd\" target=\"_blank\" rel=\"noopener\">Filehoster: MultiUpload</a> (10+ hosters, interchangeable) [Use <a href=\"http://jdownloader.org/jdownloader2\" target=\"_blank\" rel=\"noopener\">JDownloader2</a>]</li><li><a href=\"https://pastefg.hermietkreeft.site/?db794a61e8e67f72#GLBFPE4k9dSHq1o4YNmNvM2YfLyZgcfs6UCRUNSYzouQ\" target=\"_blank\" rel=\"noopener\">Filehoster: PixelDrain</a></li><li><a href=\"https://pastefg.hermietkreeft.site/?6f8a0a75d85bf95b#2Eibf1Ko2daGsHaa8LLjY76UAa7yYcSpJex533MZAcQi\" target=\"_blank\" rel=\"noopener\">Filehoster: ZippyShare</a></li><li><a href=\"https://pastefg.hermietkreeft.site/?b60696873b8ee8a8#HDGjMFjGDoKA5rDTBzYNAbbHaQenZbf9KBCodjmgPKuk\" target=\"_blank\" rel=\"noopener\">Filehoster: LetsUpload</a> [Use <a href=\"http://jdownloader.org/jdownloader2\" target=\"_blank\" rel=\"noopener\">JDownloader2</a>]</li><li><a href=\"https://pastefg.hermietkreeft.site/?6629e5c31422fad0#2XxQT1PymyEgxHP7m48Mw3JPs9WYedpaQV11CWDH6uSQ\" target=\"_blank\" rel=\"noopener\">Filehoster: OneDrive</a> (Uploaded by DyR0 t(-_-t), NOT compatible with other mirrors)</li><li><a href=\"https://crackhub.site/youtubers-life-2-v1-2-1-3-crackfix-fitgirl-repack/\" target=\"_blank\" rel=\"noopener\">Filehosters: Google Drive, OneDrive + others</a> (Uploaded by crackhub213)</li></ul><p><a href=\"https://cs.rin.ru/forum/viewtopic.php?f=10&amp;t=112692\" target=\"_blank\" rel=\"noopener\">Discussion and (possible) future updates on CS.RIN.RU thread</a></p><h3>Screenshots (Click to enlarge)</h3><p><a target=\"_blank\" href=\"https://en.riotpixels.com/games/youtubers-life-2/screenshots/7/?utm_source=emb-gfx-html&amp;utm_medium=image&amp;utm_campaign=rp-mass\" rel=\"noopener\"><img loading=\"lazy\" width=\"178\" height=\"100\" border=\"0\" src=\"https://s01.riotpixels.net/data/c9/9c/c99ce876-0680-4699-a813-7c1825b99c09.jpg.240p.jpg\"></a><a target=\"_blank\" href=\"https://en.riotpixels.com/games/youtubers-life-2/screenshots/5/?utm_source=emb-gfx-html&amp;utm_medium=image&amp;utm_campaign=rp-mass\" rel=\"noopener\"><img loading=\"lazy\" width=\"178\" height=\"100\" border=\"0\" src=\"https://s01.riotpixels.net/data/41/e8/41e8cfb3-1ae3-442a-b440-cad290d6ce58.jpg.240p.jpg\"></a><a target=\"_blank\" href=\"https://en.riotpixels.com/games/youtubers-life-2/screenshots/4/?utm_source=emb-gfx-html&amp;utm_medium=image&amp;utm_campaign=rp-mass\" rel=\"noopener\"><img loading=\"lazy\" width=\"178\" height=\"100\" border=\"0\" src=\"https://s01.riotpixels.net/data/6f/3a/6f3a965f-082f-49b5-938e-f0dd42c78a24.jpg.240p.jpg\"></a><br><a target=\"_blank\" href=\"https://en.riotpixels.com/games/youtubers-life-2/screenshots/3/?utm_source=emb-gfx-html&amp;utm_medium=image&amp;utm_campaign=rp-mass\" rel=\"noopener\"><img loading=\"lazy\" width=\"178\" height=\"100\" border=\"0\" src=\"https://s01.riotpixels.net/data/1b/1b/1b1bf598-0282-4dc6-a4f4-56061eaa9b7f.jpg.240p.jpg\"></a><a target=\"_blank\" href=\"https://en.riotpixels.com/games/youtubers-life-2/screenshots/2/?utm_source=emb-gfx-html&amp;utm_medium=image&amp;utm_campaign=rp-mass\" rel=\"noopener\"><img loading=\"lazy\" width=\"178\" height=\"100\" border=\"0\" src=\"https://s01.riotpixels.net/data/0b/f9/0bf91887-1556-48fc-80c6-980f131461a0.jpg.240p.jpg\"></a><a target=\"_blank\" href=\"https://en.riotpixels.com/games/youtubers-life-2/screenshots/1/?utm_source=emb-gfx-html&amp;utm_medium=image&amp;utm_campaign=rp-mass\" rel=\"noopener\"><img loading=\"lazy\" width=\"178\" height=\"100\" border=\"0\" src=\"https://s01.riotpixels.net/data/bf/ea/bfea172c-2e34-4824-ba3e-3e513bb49bc5.jpg.240p.jpg\"></a></p><h3>Repack Features</h3><ul><li>Based on Youtubers.Life.2-DOGE ISO release: wow-youtubers.life.2.iso (2,642,616,320 bytes)</li><li>DOGE crack has been replaced with Christsnatcher\u2019s crackfix (includes Goldberg/SSE emulators), which removes hidden in-game piracy checks. DOGE crack has been moved to NoDVD folder if you still need it</li><li>100% Lossless &amp; MD5 Perfect: all files are identical to originals after installation</li><li>NOTHING ripped, NOTHING re-encoded</li><li>Significantly smaller archive size (compressed from 2.5 to 1 GB)</li><li>Installation takes 2-5 minutes (depending on your system)</li><li>After-install integrity check so you could make sure that everything installed properly</li><li>HDD space after installation: 3.1 GB (3.8 GB during installation)</li><li>Language can be changed in game settings</li><li>Repack uses XTool library by Razor12911</li><li>At least 2 GB of free RAM (inc. virtual) required for installing this repack</li></ul><div ><div><h2>Game Description</h2></div><div >Create your own channel and decide which is the best content to cover: trending video games, improvised streamings, professional reviews\u2026 Or all of them!<p>Collect cards to make the best content and choose the most suitable reaction for each video and situation.</p><p>Record, edit, and publish high-quality videos to get your first subscribers and views, and make money in no time.</p><p><b>PEWDIEPIE, RUBIUS, AND MANY MORE ARE IN YOUTUBERS LIFE 2!</b></p><p>An entire team of superstar youtubers arrives at NewTube City!</p><p>Meet PewDiePie, Rubius, InoxTag, GermanLetsPlay, Crainer, WillyRex, LaurenzSide, and more to live new adventures along the way, and get their exclusive rewards to boost your channel. Collaborate with top experienced content creators to make your way to fame!</p><p><b>EXPLORE NEWTUBE CITY!</b><br>Discover every corner of the city! Record videos on the way or post photos on Instalife, capture popular trends. Investigate each location to discover secret areas, iconic characters, and new missions to win exclusive prizes for your videos.</p><p>With three main neighborhoods: Downtown, City Hall, and Port, you\u2019ll have lots of places to explore, shops, cinema, gym, and even a disco. Find new trending topics in each place to create amazing content!</p><p><b>CREATE VIRAL CONTENT FOR YOUR FANS!</b><br>Improve your setup and identify trending topics to produce viral videos. Join forces with powerful allies, gain access to unique VIP events, unveil worldwide exclusives, and expand your social media presence to keep climbing up!</p><p><b>LIVE FUN ADVENTURES!</b><br>Interact with the community to make new friends and develop relationships with them. Find your soulmate on your way to fame. Meet popular youtubers and help them to receive new items, cards, and skills!</p><p><b>CUSTOMIZE EVERYTHING!</b><br>Design every aspect of your character and your place by buying all sorts of clothes, items, furniture, accessories, and much more. Expand your flat and express yourself to the fullest with more personalization than ever!</p><p>A whole new way of playing is waiting for you! New social media channels, new locations, new content, new customizable options, new features, new quests\u2026</p><p>Stay tuned to know which content works best on each social network!</p></div></div>             </div>"
}