{
    "link": "https://fitgirl-repacks.site/ys-ix-monstrum-nox/",
    "title": "Ys IX: Monstrum Nox \u2013 Ultimate Edition \u2013 v1.0.4 + All DLCs & Bonus Content",
    "first_img": "https://i3.imageban.ru/out/2021/07/07/93d8c3e5fb3a4cbc719a341b17cedb5b.jpg",
    "second_img": "https://s01.riotpixels.net/data/33/5e/335ea891-8582-4a77-a86b-84c35ae63d37.jpg.240p.jpg",
    "body": "<div ><h2>Ys IX: Monstrum Nox \u2013 Ultimate Edition \u2013 v1.0.4 + All DLCs & Bonus Content</h2><p ><div><a target=\"_blank\" href=\"https://en.riotpixels.com/games/ys-9-monstrum-nox/\" rel=\"noopener\"><img class=\"alignleft\" width=\"150\" src=\"https://i3.imageban.ru/out/2021/07/07/93d8c3e5fb3a4cbc719a341b17cedb5b.jpg\"></a></div><br>Genres/Tags: <strong>Action, RPG, Fantasy, Third-person, 3D</strong><br>Companies: <strong>Nihon Falcom, Engine Software BV, PH3 GmbH, NIS America, Inc.</strong><br>Languages: <strong>ENG/MULTI3</strong><br>Original Size: <strong>6.4 GB</strong><br>Repack Size: <strong>from 3.6 GB</strong> [Selective Download]</p>&nbsp;<div>&nbsp;</div><h3>Download Mirrors</h3><ul><li><a href=\"https://1337x.to/torrent/4912116/Ys-IX-Monstrum-Nox-Ultimate-Edition-v1-0-4-All-DLCs-Bonus-Content-MULTi3-FitGirl-Repack-Selective-Download-from-3-6-GB/\" target=\"_blank\" rel=\"noopener\">1337x</a> | [<a href=\"magnet:?xt=urn:btih:FA2CEF679A5A875C27F3A82CA706264F67F37E9E&amp;dn=Ys+IX%3A+Monstrum+Nox+-+Ultimate+Edition+%28v1.0.4+%2B+All+DLCs+%26amp%3B+Bonus+Content%2C+MULTi3%29+%5BFitGirl+Repack%2C+Selective+Download+-+from+3.6+GB%5D&amp;tr=udp%3A%2F%2F46.148.18.250%3A2710&amp;tr=udp%3A%2F%2Fopentor.org%3A2710&amp;tr=udp%3A%2F%2Ftracker.coppersurfer.tk%3A6969%2Fannounce&amp;tr=udp%3A%2F%2Ftracker.opentrackr.org%3A1337%2Fannounce&amp;tr=http%3A%2F%2Ftracker.dler.org%3A6969%2Fannounce&amp;tr=udp%3A%2F%2Ftracker.leechers-paradise.org%3A6969%2Fannounce&amp;tr=udp%3A%2F%2F9.rarbg.me%3A2730%2Fannounce&amp;tr=udp%3A%2F%2F9.rarbg.to%3A2770%2Fannounce&amp;tr=udp%3A%2F%2Ftracker.pirateparty.gr%3A6969%2Fannounce&amp;tr=http%3A%2F%2Fretracker.local%2Fannounce&amp;tr=http%3A%2F%2Fretracker.ip.ncnet.ru%2Fannounce&amp;tr=udp%3A%2F%2Fexodus.desync.com%3A6969%2Fannounce&amp;tr=udp%3A%2F%2Fipv4.tracker.harry.lu%3A80%2Fannounce&amp;tr=udp%3A%2F%2Fopen.stealth.si%3A80%2Fannounce&amp;tr=udp%3A%2F%2Ftracker.zer0day.to%3A1337%2Fannounce&amp;tr=udp%3A%2F%2Ftracker.leechers-paradise.org%3A6969%2Fannounce&amp;tr=udp%3A%2F%2Fcoppersurfer.tk%3A6969%2Fannounce\">magnet</a>] [<a href=\"https://pastefg.hermietkreeft.site/?5dcb7457ce294d56#7h77zxBxoSPfUcmqvCFnG5fH5Tmw4Pcjhytitw9T2VrX\" target=\"_blank\" rel=\"noopener\">.torrent file only</a>] <br><img src=\"https://torrent-stats.info/a82c/2f68b4698.png\" style=\"display:block;clear:both\"></li><li><a href=\"https://tapochek.net/viewtopic.php?p=2787764\" target=\"_blank\" rel=\"noopener\">Tapochek.net</a></li><li><a href=\"https://pastefg.hermietkreeft.site/?e2c24cbe8df530af#2dHL5xrfzM9QqWcxAoorseBiw286zkviXHNpbv6zxWUv\" target=\"_blank\" rel=\"noopener\">Filehoster: MultiUpload</a> (10+ hosters, interchangeable) [Use <a href=\"http://jdownloader.org/jdownloader2\" target=\"_blank\" rel=\"noopener\">JDownloader2</a>]</li><li><a href=\"https://pastefg.hermietkreeft.site/?ee02eb950736edc1#B7XS2VnJaa8Kyuso8kPWN5ukNdXDjGMqcnJY1jKUYCcX\" target=\"_blank\" rel=\"noopener\">Filehoster: PixelDrain</a></li><li><a href=\"https://crackhub.site/ys-ix-monstrum-nox-ultimate-edition-v1-0-4-all-dlcs-bonus-content-fitgirl-repack/\" target=\"_blank\" rel=\"noopener\">Filehosters: Google Drive, OneDrive + others</a> (Uploaded by crackhub213)</li><li><a href=\"https://pastefg.hermietkreeft.site/?0f8b95ce87c02ec9#FGyD126Gb7NEt91fwJMCH4CUEHQoqDVT23Q1psdoJSTH\" target=\"_blank\" rel=\"noopener\">Filehoster: OneDrive</a> (Uploaded by DyR0 t(-_-t), NOT compatible with other mirrors)</li></ul><p><a href=\"https://cs.rin.ru/forum/viewtopic.php?f=10&amp;t=106268\" target=\"_blank\" rel=\"noopener\">Discussion and (possible) future updates on CS.RIN.RU thread</a></p><h3>Screenshots (Click to enlarge)</h3><p><a target=\"_blank\" href=\"https://en.riotpixels.com/games/ys-9-monstrum-nox/screenshots/115/?utm_source=emb-gfx-html&amp;utm_medium=image&amp;utm_campaign=rp-mass\" rel=\"noopener\"><img loading=\"lazy\" width=\"178\" height=\"100\" border=\"0\" src=\"https://s01.riotpixels.net/data/33/5e/335ea891-8582-4a77-a86b-84c35ae63d37.jpg.240p.jpg\"></a><a target=\"_blank\" href=\"https://en.riotpixels.com/games/ys-9-monstrum-nox/screenshots/109/?utm_source=emb-gfx-html&amp;utm_medium=image&amp;utm_campaign=rp-mass\" rel=\"noopener\"><img loading=\"lazy\" width=\"178\" height=\"100\" border=\"0\" src=\"https://s01.riotpixels.net/data/95/0a/950af0da-93a6-4995-80f9-49c3ab877ccc.jpg.240p.jpg\"></a><a target=\"_blank\" href=\"https://en.riotpixels.com/games/ys-9-monstrum-nox/screenshots/108/?utm_source=emb-gfx-html&amp;utm_medium=image&amp;utm_campaign=rp-mass\" rel=\"noopener\"><img loading=\"lazy\" width=\"178\" height=\"100\" border=\"0\" src=\"https://s01.riotpixels.net/data/3d/23/3d232c43-ac25-4c2b-ac1c-55dfd4940a97.jpg.240p.jpg\"></a><br><a target=\"_blank\" href=\"https://en.riotpixels.com/games/ys-9-monstrum-nox/screenshots/106/?utm_source=emb-gfx-html&amp;utm_medium=image&amp;utm_campaign=rp-mass\" rel=\"noopener\"><img loading=\"lazy\" width=\"178\" height=\"100\" border=\"0\" src=\"https://s01.riotpixels.net/data/c7/0c/c70c841e-9d04-42a7-99cc-384ae5502208.jpg.240p.jpg\"></a><a target=\"_blank\" href=\"https://en.riotpixels.com/games/ys-9-monstrum-nox/screenshots/90/?utm_source=emb-gfx-html&amp;utm_medium=image&amp;utm_campaign=rp-mass\" rel=\"noopener\"><img loading=\"lazy\" width=\"178\" height=\"100\" border=\"0\" src=\"https://s01.riotpixels.net/data/3a/d4/3ad438e8-2657-4c3e-aa50-e223f7fc136c.jpg.240p.jpg\"></a><a target=\"_blank\" href=\"https://en.riotpixels.com/games/ys-9-monstrum-nox/screenshots/62/?utm_source=emb-gfx-html&amp;utm_medium=image&amp;utm_campaign=rp-mass\" rel=\"noopener\"><img loading=\"lazy\" width=\"178\" height=\"100\" border=\"0\" src=\"https://s01.riotpixels.net/data/76/10/76109617-ab28-45eb-8c33-bb38e4c96515.jpg.240p.jpg\"></a></p><h3>Repack Features</h3><ul><li>Based on Ys_IX_Monstrum_Nox-FLT ISO release: flt-ys_ix_monstrum_nox.iso (6,671,163,392 bytes)</li><li>All missing DLCs (238 MB) added, thanks to chronos and metabee!</li><li>100% Lossless &amp; MD5 Perfect: all files are identical to originals after installation</li><li>NOTHING ripped, NOTHING re-encoded</li><li>Selective Download feature: you can skip downloading of Japanese (voiceovers, texts, videos) and French (texts, videos) localization packs, credits video and bonus content (MP3s + PDFs)</li><li>Significantly smaller archive size (compressed from cumulative 6.4 to 3.6~4.7 GB, depending on selected components)</li><li>Installation takes 3-5 minutes (depending on your system, depending on selected components)</li><li>After-install integrity check so you could make sure that everything installed properly</li><li>HDD space after installation: up to 9.4 GB</li><li>Language can be changed in game settings</li><li>At least 2 GB of free RAM (inc. virtual) required for installing this repack</li></ul><div ><div><h2>Game Description</h2></div><div ><b>Story</b><br>\u201cWhat is real is defined by what is not.Who one is defined by who one isn\u2019t.\u201d<br>To move forward, one must accept these truths.<br>\u201cYes, in this prison\u2014this cradle\u2014<br>my dreams and reality became one.\u201d<p>Renowned adventurer Adol \u201cthe Red\u201d Christin and his companion Dogi arrive at Balduq, a city annexed by the Romun Empire, only for Adol to be detained before setting foot inside. While imprisoned, he meets a mysterious woman named Aprilis who turns him into a Monstrum, a being with supernatural Gifts and the power to exorcise monsters. Now, Adol must ally with his fellow Monstrum to fend off the fearsome threats emerging from a shadowy dimension called the Grimwald Nox, as well as unravel the mysteries of the Monstrum curse, and the truth behind the unrest within Balduq.</p><p><b>Feared Protectors:</b> Play as any of the six notorious Monstrum, each with their own unique Gifts that grant abilities such as scaling sheer walls or detecting hidden objects to protect the city from shadowy creatures.</p><p><b>The World Within the Walls:</b> Explore the massive city, accept quests to aid the townsfolk, and enter the Grimwald Nox to vanquish the threats to Balduq.</p><p><b>Strength of the Night:</b> Familiar mechanics such as Flash Dodge and Flash Guard allow you to outmaneuver your foes, while new additions such as Gifts and Boost Mode further augment your ability to fight.</p><p><b>Included DLCs</b></p><ul><li>Consumable Bundle (in-game DLC)</li><li>Attachments Bundle (in-game DLC)</li><li>Monstrum Troupe Bundle (in-game DLC)</li><li>Bonus Costumes and Items (in-game DLC)</li><li>Melodies of the Macabre (MP3)</li><li>Chains and Chansons Official Digital Soundtrack (MP3)</li><li>Monstrum Memoirs (PDF)</li><li>Nails in the Coffin Digital Art Book &amp; Ys IX Prequel: The Lost Sword Short Novel (PDF)</li></ul></div></div>             </div>"
}