{
    "link": "https://fitgirl-repacks.site/ziggurat-2/",
    "title": "Ziggurat 2 + Supporter Pack DLC",
    "first_img": "https://i5.imageban.ru/out/2021/10/30/e2b1d1f765e5c6ec0d20cf994f734fee.jpg",
    "second_img": "https://s01.riotpixels.net/data/9d/10/9d102815-d11f-4e06-97dc-c1a41b2cc590.jpg.240p.jpg",
    "body": "<div ><h2>Ziggurat 2 + Supporter Pack DLC</h2><p ><div><a target=\"_blank\" href=\"https://en.riotpixels.com/games/ziggurat-2/\" rel=\"noopener\"><img class=\"alignleft\" width=\"150\" src=\"https://i5.imageban.ru/out/2021/10/30/e2b1d1f765e5c6ec0d20cf994f734fee.jpg\"></a></div><br>Genres/Tags: <strong>Action, Shooter, Roguelike, First-person, 3D</strong><br>Companies: <strong>Milkstone Studios</strong><br>Languages: <strong>RUS/ENG/MULTI11</strong><br>Original Size: <strong>936 MB</strong><br>Repack Size: <strong>750 MB</strong></p>&nbsp;<div>&nbsp;</div><h3>Download Mirrors</h3><ul><li><a href=\"https://1337x.to/torrent/5034488/Ziggurat-2-Supporter-Pack-DLC-MULTi11-FitGirl-Repack/\" target=\"_blank\" rel=\"noopener\">1337x</a> | [<a href=\"magnet:?xt=urn:btih:BE44F49687FF85107C04D6E1AA20CD4683A3AC40&amp;dn=Ziggurat+2+%28%2B+Supporter+Pack+DLC%2C+MULTi11%29+%5BFitGirl+Repack%5D&amp;tr=udp%3A%2F%2F46.148.18.250%3A2710&amp;tr=udp%3A%2F%2Fopentor.org%3A2710&amp;tr=udp%3A%2F%2Ftracker.coppersurfer.tk%3A6969%2Fannounce&amp;tr=udp%3A%2F%2Ftracker.opentrackr.org%3A1337%2Fannounce&amp;tr=http%3A%2F%2Ftracker.dler.org%3A6969%2Fannounce&amp;tr=udp%3A%2F%2Ftracker.leechers-paradise.org%3A6969%2Fannounce&amp;tr=udp%3A%2F%2F9.rarbg.me%3A2730%2Fannounce&amp;tr=udp%3A%2F%2F9.rarbg.to%3A2770%2Fannounce&amp;tr=udp%3A%2F%2Ftracker.pirateparty.gr%3A6969%2Fannounce&amp;tr=http%3A%2F%2Fretracker.local%2Fannounce&amp;tr=http%3A%2F%2Fretracker.ip.ncnet.ru%2Fannounce&amp;tr=udp%3A%2F%2Fexodus.desync.com%3A6969%2Fannounce&amp;tr=udp%3A%2F%2Fipv4.tracker.harry.lu%3A80%2Fannounce&amp;tr=udp%3A%2F%2Fopen.stealth.si%3A80%2Fannounce&amp;tr=udp%3A%2F%2Ftracker.zer0day.to%3A1337%2Fannounce&amp;tr=udp%3A%2F%2Ftracker.leechers-paradise.org%3A6969%2Fannounce&amp;tr=udp%3A%2F%2Fcoppersurfer.tk%3A6969%2Fannounce\">magnet</a>] [<a href=\"https://pastefg.hermietkreeft.site/?b4644c2b0ecb39c6#5o3qRw7XDcLX7PoyKdFCKRCr5KyrADYvPhZP51TnTsEW\" target=\"_blank\" rel=\"noopener\">.torrent file only</a>] <br><img src=\"https://torrent-stats.info/d6e1/3e3eaa961.png\" style=\"display:block;clear:both\"></li><li><a href=\"http://rutor.info/torrent/842366/ziggurat-2-2021-pc-repack-ot-fitgirl\" target=\"_blank\" rel=\"noopener\">RuTor</a> [<a href=\"magnet:?xt=urn:btih:be44f49687ff85107c04d6e1aa20cd4683a3ac40&amp;dn=rutor.info_Ziggurat+2+%282021%29+PC+%7C+RePack+%D0%BE%D1%82+FitGirl&amp;tr=udp://opentor.net:6969&amp;tr=udp://opentor.org:2710&amp;tr=http://retracker.local/announce\">magnet</a>]</li><li><a href=\"https://tapochek.net/viewtopic.php?p=2808667\" target=\"_blank\" rel=\"noopener\">Tapochek.net</a></li><li><a href=\"https://pastefg.hermietkreeft.site/?40bbb721908f349b#DuvkoURtgL3g8tXaxoW288iZL8GHVadb9QWeaRjdmnC3\" target=\"_blank\" rel=\"noopener\">Filehoster: MultiUpload</a> (10+ hosters, interchangeable) [Use <a href=\"http://jdownloader.org/jdownloader2\" target=\"_blank\" rel=\"noopener\">JDownloader2</a>]</li><li><a href=\"https://pastefg.hermietkreeft.site/?0843a4c7b0316cc9#62xhxAASB7p8T36ar4KcnWo59dxJ5CnvX6QxmT84gj5C\" target=\"_blank\" rel=\"noopener\">Filehoster: PixelDrain</a></li><li><a href=\"https://pastefg.hermietkreeft.site/?6a726a098caa7cc2#AVgDY5SxzLnM2t67jyS9AFaSNN113mWJpnV93QCb9L6c\" target=\"_blank\" rel=\"noopener\">Filehoster: ZippyShare</a></li><li><a href=\"https://pastefg.hermietkreeft.site/?ff017261ccc67b62#DKPxppZ1hRRwJE6ie2kU99UtgJ2GugPCr6gFqRdbcG4Z\" target=\"_blank\" rel=\"noopener\">Filehoster: BayFiles</a></li><li><a href=\"https://pastefg.hermietkreeft.site/?3580f0577d82dce0#H73VKEEMcdygqD3Uvkq6e2qFwsr7aR2KwShgmXYwbnhE\" target=\"_blank\" rel=\"noopener\">Filehoster: LetsUpload</a> [Use <a href=\"http://jdownloader.org/jdownloader2\" target=\"_blank\" rel=\"noopener\">JDownloader2</a>]</li><li><a href=\"https://pastefg.hermietkreeft.site/?27ad5bd05a1450b4#HE4LAHp5xC3nVTWic8dBiA1yZSNvZDyd2YE8Rwja4gXp\" target=\"_blank\" rel=\"noopener\">Filehoster: OneDrive</a> (Uploaded by DyR0 t(-_-t), NOT compatible with other mirrors)</li><p><!--  <li><a href=\"\" target=\"_blank\" rel=\"noopener\">Filehosters: Google Drive, OneDrive + others</a> (Uploaded by crackhub213)</li>  --></p></ul><p><a href=\"https://cs.rin.ru/forum/viewtopic.php?f=10&amp;t=108984\" target=\"_blank\" rel=\"noopener\">Discussion and (possible) future updates on CS.RIN.RU thread</a></p><h3>Screenshots (Click to enlarge)</h3><p><a target=\"_blank\" href=\"https://en.riotpixels.com/games/ziggurat-2/screenshots/19/?utm_source=emb-gfx-html&amp;utm_medium=image&amp;utm_campaign=rp-mass\" rel=\"noopener\"><img loading=\"lazy\" width=\"178\" height=\"100\" border=\"0\" src=\"https://s01.riotpixels.net/data/9d/10/9d102815-d11f-4e06-97dc-c1a41b2cc590.jpg.240p.jpg\"></a><a target=\"_blank\" href=\"https://en.riotpixels.com/games/ziggurat-2/screenshots/18/?utm_source=emb-gfx-html&amp;utm_medium=image&amp;utm_campaign=rp-mass\" rel=\"noopener\"><img loading=\"lazy\" width=\"178\" height=\"100\" border=\"0\" src=\"https://s01.riotpixels.net/data/d9/1f/d91f3cf1-e935-4e48-b143-1c929e6c449c.jpg.240p.jpg\"></a><a target=\"_blank\" href=\"https://en.riotpixels.com/games/ziggurat-2/screenshots/17/?utm_source=emb-gfx-html&amp;utm_medium=image&amp;utm_campaign=rp-mass\" rel=\"noopener\"><img loading=\"lazy\" width=\"178\" height=\"100\" border=\"0\" src=\"https://s01.riotpixels.net/data/3c/76/3c769ecc-706c-4079-8e7c-26b648481d7e.jpg.240p.jpg\"></a><br><a target=\"_blank\" href=\"https://en.riotpixels.com/games/ziggurat-2/screenshots/7/?utm_source=emb-gfx-html&amp;utm_medium=image&amp;utm_campaign=rp-mass\" rel=\"noopener\"><img loading=\"lazy\" width=\"178\" height=\"100\" border=\"0\" src=\"https://s01.riotpixels.net/data/26/b3/26b3b8a9-7a48-4687-844c-5466d4f80cef.jpg.240p.jpg\"></a><a target=\"_blank\" href=\"https://en.riotpixels.com/games/ziggurat-2/screenshots/6/?utm_source=emb-gfx-html&amp;utm_medium=image&amp;utm_campaign=rp-mass\" rel=\"noopener\"><img loading=\"lazy\" width=\"178\" height=\"100\" border=\"0\" src=\"https://s01.riotpixels.net/data/c2/ed/c2ed7462-f5b2-49f9-93ff-41a654fc1177.jpg.240p.jpg\"></a><a target=\"_blank\" href=\"https://en.riotpixels.com/games/ziggurat-2/screenshots/2/?utm_source=emb-gfx-html&amp;utm_medium=image&amp;utm_campaign=rp-mass\" rel=\"noopener\"><img loading=\"lazy\" width=\"178\" height=\"100\" border=\"0\" src=\"https://s01.riotpixels.net/data/a7/f9/a7f96acf-10b6-4e29-89ed-691ead10cbf7.jpg.240p.jpg\"></a></p><h3>Repack Features</h3><ul><li>Based on Ziggurat.2-PLAZA ISO release: plaza-ziggurat.2.iso (981,762,048 bytes)</li><li>Supporter Pack DLC is included and activated</li><li>100% Lossless &amp; MD5 Perfect: all files are identical to originals after installation</li><li>NOTHING ripped, NOTHING re-encoded</li><li>Smaller archive size (compressed from 936 to 750 MB)</li><li>Installation takes one minute</li><li>After-install integrity check so you could make sure that everything installed properly</li><li>HDD space after installation: 1.3 GB</li><li>Language can be changed in game settings</li><li>At least 2 GB of free RAM (inc. virtual) required for installing this repack</li></ul><p><strong style=\"color: #ff00bf\">PS: Very nice game, and I\u2019m even not a FPS fan!</strong></p><div ><div><h2>Game Description</h2></div><div >Ziggurat is back, and now it\u2019s even better! Use powerful weapons and spells to break through hordes of enemies and explore labyrinthine dungeons in this hectic roguelite FPS, while you improve your skills and discover new equipment. Will you be up to the task?<p><b>Evil lurks in the depths</b><br>As a member of the most powerful magic order, your task is to protect humanity from the forces of evil. Face hordes of enemies and fearsome Guardians in epic and dynamic combats. Keep an eye on elemental resistances and vulnerabilities to maximize your efficiency, and earn experience to level up and learn useful perks that will help you reach the end of the dungeon in one piece.</p><p><b>First Person Shooting at its finest</b><br>Ziggurat 2 focuses on fast paced combat and constant movement, in which mistakes are paid dearly. You\u2019ll need dexterity, reflexes and resource management skills to have a chance of survival against the dangers hiding in the shadows, and manage to come back safe and sound.</p><p><b>No two plays are the same</b><br>Following the line of its predecessor, in Ziggurat 2 dungeons are randomly generated, full of dangers and treasure for the bold wizards daring to enter them. Going a step further, dungeons now have more verticality and variety, and more compact rooms, for quicker fights and easier exploration.</p><p><b>Back to the Citadel</b><br>In the Citadel, home of the Brotherhood, you\u2019ll be able to recruit new and old allies, as well as improve your equipment and skills, before deciding which mission to perform next. With dozens of unlockable weapons with different natures and behaviors, preparation before a mission is crucial and may be the difference between an overwhelming victory and the bitter taste of defeat.</p><p><b>Improved formula</b><br>Ziggurat 2 has been redesigned from the ground up with the goal of improving over the original in all areas, and offer an even smoother and faster experience, with quicker, more intense sessions, and more interactive and fulfilling progression.</p></div></div>             </div>"
}